protocol,town,weather,episode,route_point_index,route_s_m,x,y,z,yaw_deg
cross_town,Town02,mixed,1,0,0.0,-7.447046756744385,219.40994262695312,0.0,89.98706817626953
cross_town,Town02,mixed,1,1,2.000000050977689,-7.446595191955566,221.40994262695312,0.0,89.98706817626953
cross_town,Town02,mixed,1,2,4.000000101955378,-7.446143627166748,223.40994262695312,0.0,89.98706817626953
cross_town,Town02,mixed,1,3,6.000000152933067,-7.44569206237793,225.40994262695312,0.0,89.98706817626953
cross_town,Town02,mixed,1,4,8.000000203910757,-7.445240497589111,227.40994262695312,0.0,89.98706817626953
cross_town,Town02,mixed,1,5,10.000000254888446,-7.444788932800293,229.40994262695312,0.0,89.98706817626953
cross_town,Town02,mixed,1,6,12.000000305866136,-7.444337368011475,231.40994262695312,0.0,89.98706817626953
cross_town,Town02,mixed,1,7,14.000000356843826,-7.443885803222656,233.40994262695312,0.0,89.98706817626953
cross_town,Town02,mixed,1,8,16.000000407821513,-7.443434238433838,235.40994262695312,0.0,89.98706817626953
cross_town,Town02,mixed,1,9,18.000000458799203,-7.4429826736450195,237.40994262695312,0.0,89.98706817626953
cross_town,Town02,mixed,1,10,20.000000509776893,-7.442531108856201,239.40994262695312,0.0,89.98706817626953
cross_town,Town02,mixed,1,11,22.000000560754582,-7.442079544067383,241.40994262695312,0.0,89.98706817626953
cross_town,Town02,mixed,1,12,24.000000611732272,-7.4416279792785645,243.40994262695312,0.0,89.98706817626953
cross_town,Town02,mixed,1,13,26.00000066270996,-7.441176414489746,245.40994262695312,0.0,89.98706817626953
cross_town,Town02,mixed,1,14,28.00000071368765,-7.440724849700928,247.40994262695312,0.0,89.98706817626953
cross_town,Town02,mixed,1,15,30.00000076466534,-7.440273284912109,249.40994262695312,0.0,89.98706817626953
cross_town,Town02,mixed,1,16,32.0027174129515,-7.438744068145752,251.41265869140625,0.0,89.90901947021484
cross_town,Town02,mixed,1,17,34.00271993503107,-7.435567855834961,253.41265869140625,0.0,89.90901947021484
cross_town,Town02,mixed,1,18,36.002722457110636,-7.43239164352417,255.41265869140625,0.0,89.90901947021484
cross_town,Town02,mixed,1,19,38.002724978432994,-7.429215908050537,257.41265869140625,0.0,89.90901947021484
cross_town,Town02,mixed,1,20,40.00272750051256,-7.426039695739746,259.41265869140625,0.0,89.90901947021484
cross_town,Town02,mixed,1,21,42.00273002259213,-7.422863483428955,261.41265869140625,0.0,89.90901947021484
cross_town,Town02,mixed,1,22,44.00270202637484,-7.419687747955322,263.4126281738281,0.0,89.90901947021484
cross_town,Town02,mixed,1,23,46.00270454845441,-7.416511535644531,265.4126281738281,0.0,89.90901947021484
cross_town,Town02,mixed,1,24,48.00270707053398,-7.41333532333374,267.4126281738281,0.0,89.90901947021484
cross_town,Town02,mixed,1,25,50.00270959185634,-7.410159587860107,269.4126281738281,0.0,89.90901947021484
cross_town,Town02,mixed,1,26,52.00271211393591,-7.406983375549316,271.4126281738281,0.0,89.90901947021484
cross_town,Town02,mixed,1,27,54.002714635258265,-7.403807640075684,273.4126281738281,0.0,89.90901947021484
cross_town,Town02,mixed,1,28,56.002717157337834,-7.400631427764893,275.4126281738281,0.0,89.90901947021484
cross_town,Town02,mixed,1,29,58.0027196794174,-7.397455215454102,277.4126281738281,0.0,89.90901947021484
cross_town,Town02,mixed,1,30,60.00272220073976,-7.394279479980469,279.4126281738281,0.0,89.90901947021484
cross_town,Town02,mixed,1,31,62.00272472281933,-7.391103267669678,281.4126281738281,0.0,89.90901947021484
cross_town,Town02,mixed,1,32,64.0027272448989,-7.387927055358887,283.4126281738281,0.0,89.90901947021484
cross_town,Town02,mixed,1,33,66.00269924868161,-7.384751319885254,285.41259765625,0.0,89.90901947021484
cross_town,Town02,mixed,1,34,68.00270177076118,-7.381575107574463,287.41259765625,0.0,89.90901947021484
cross_town,Town02,mixed,1,35,70.00270429284075,-7.378398895263672,289.41259765625,0.0,89.90901947021484
cross_town,Town02,mixed,1,36,72.0027068141631,-7.375223159790039,291.41259765625,0.0,89.90901947021484
cross_town,Town02,mixed,1,37,74.00270933624267,-7.372046947479248,293.41259765625,0.0,89.90901947021484
cross_town,Town02,mixed,1,38,76.00304755201556,-7.368870258331299,295.4129333496094,0.0,89.90901947021484
cross_town,Town02,mixed,1,39,78.2309551927088,-7.30283260345459,297.6398620605469,0.0,443.3362121582031
cross_town,Town02,mixed,1,40,80.75618246512757,-6.6793670654296875,300.0869140625,0.0,428.07586669921875
cross_town,Town02,mixed,1,41,83.28139467554436,-5.43381404876709,302.2835693359375,0.0,412.8155517578125
cross_town,Town02,mixed,1,42,85.78985155841684,-3.668187141418457,304.0653991699219,0.0,398.04254150390625
cross_town,Town02,mixed,1,43,88.19607062982868,-1.6312412023544312,305.3463134765625,0.0,386.28411865234375
cross_town,Town02,mixed,1,44,90.60229758166292,0.6239919066429138,306.1852722167969,0.0,374.52569580078125
cross_town,Town02,mixed,1,45,93.00851750006196,3.0028629302978516,306.5470275878906,0.0,362.76727294921875
cross_town,Town02,mixed,1,46,95.10629476628613,5.100602149963379,306.5596618652344,0.0,-0.039054833352565765
cross_town,Town02,mixed,1,47,97.10629474020915,7.100601673126221,306.5583190917969,0.0,-0.039054833352565765
cross_town,Town02,mixed,1,48,99.10629378118001,9.100600242614746,306.55694580078125,0.0,-0.039054833352565765
cross_town,Town02,mixed,1,49,101.10629425266201,11.100600242614746,306.5555725097656,0.0,-0.039054833352565765
cross_town,Town02,mixed,1,50,103.10629374974799,13.10059928894043,306.5542297363281,0.0,-0.039054833352565765
cross_town,Town02,mixed,1,51,105.10629422122999,15.10059928894043,306.5528564453125,0.0,-0.039054833352565765
cross_town,Town02,mixed,1,52,107.10629469271198,17.10059928894043,306.5514831542969,0.0,-0.039054833352565765
cross_town,Town02,mixed,1,53,109.10629514347205,19.10059928894043,306.5501403808594,0.0,-0.039054833352565765
cross_town,Town02,mixed,1,54,111.10629561495405,21.10059928894043,306.54876708984375,0.0,-0.039054833352565765
cross_town,Town02,mixed,1,55,113.10629608643605,23.10059928894043,306.5473937988281,0.0,-0.039054833352565765
cross_town,Town02,mixed,1,56,115.10629653719612,25.10059928894043,306.5460510253906,0.0,-0.039054833352565765
cross_town,Town02,mixed,1,57,117.10629700867811,27.10059928894043,306.544677734375,0.0,-0.039054833352565765
cross_town,Town02,mixed,1,58,119.10629366546374,29.100595474243164,306.5433044433594,0.0,-0.039054833352565765
cross_town,Town02,mixed,1,59,121.10629411622381,31.100595474243164,306.5419616699219,0.0,-0.039054833352565765
cross_town,Town02,mixed,1,60,123.10629268035763,33.10059356689453,306.54058837890625,0.0,-0.039054833352565765
cross_town,Town02,mixed,1,61,125.10629315183962,35.10059356689453,306.5392150878906,0.0,-360.0390319824219
cross_town,Town02,mixed,1,62,127.10629362332162,37.10059356689453,306.537841796875,0.0,-360.0390319824219
cross_town,Town02,mixed,1,63,129.10629409480362,39.10059356689453,306.5364685058594,0.0,-360.0390319824219
cross_town,Town02,mixed,1,64,131.10629454556369,41.10059356689453,306.5351257324219,0.0,-360.0390319824219
cross_town,Town02,mixed,1,65,133.10629501704568,43.10059356689453,306.53375244140625,0.0,-360.0390319824219
cross_town,Town02,mixed,1,66,135.10629165310934,45.100589752197266,306.53240966796875,0.0,-360.0390319824219
cross_town,Town02,mixed,1,67,137.10629212459133,47.100589752197266,306.5310363769531,0.0,-360.0390319824219
cross_town,Town02,mixed,1,68,139.1042514575648,49.098548889160156,306.5301513671875,0.0,-359.9805603027344
cross_town,Town02,mixed,1,69,141.1042515807322,51.098548889160156,306.5308532714844,0.0,-359.9805603027344
cross_town,Town02,mixed,1,70,143.10425169342224,53.098548889160156,306.5315246582031,0.0,0.01941712014377117
cross_town,Town02,mixed,1,71,145.10425180611227,55.098548889160156,306.5321960449219,0.0,0.01941712014377117
cross_town,Town02,mixed,1,72,147.1042519188023,57.098548889160156,306.5328674316406,0.0,0.01941712014377117
cross_town,Town02,mixed,1,73,149.10425204196972,59.098548889160156,306.5335693359375,0.0,0.01941712014377117
cross_town,Town02,mixed,1,74,151.10425215465975,61.098548889160156,306.53424072265625,0.0,0.01941712014377117
cross_town,Town02,mixed,1,75,153.10425226734978,63.098548889160156,306.534912109375,0.0,0.01941712014377117
cross_town,Town02,mixed,1,76,155.1042523800398,65.09854888916016,306.53558349609375,0.0,0.01941712014377117
cross_town,Town02,mixed,1,77,157.10425249272984,67.09854888916016,306.5362548828125,0.0,0.01941712014377117
cross_town,Town02,mixed,1,78,159.10425261589725,69.09854888916016,306.5369567871094,0.0,0.01941712014377117
cross_town,Town02,mixed,1,79,161.10425272858728,71.09854888916016,306.5376281738281,0.0,0.01941712014377117
cross_town,Town02,mixed,1,80,163.10425284127732,73.09854888916016,306.5382995605469,0.0,0.01941712014377117
cross_town,Town02,mixed,1,81,165.10425295396735,75.09854888916016,306.5389709472656,0.0,0.01941712014377117
cross_town,Town02,mixed,1,82,167.10425306665738,77.09854888916016,306.5396423339844,0.0,0.01941712014377117
cross_town,Town02,mixed,1,83,169.1042531898248,79.09854888916016,306.54034423828125,0.0,0.01941712014377117
cross_town,Town02,mixed,1,84,171.10425330251482,81.09854888916016,306.541015625,0.0,0.01941712014377117
cross_town,Town02,mixed,1,85,173.10425341520485,83.09854888916016,306.54168701171875,0.0,0.01941712014377117
cross_town,Town02,mixed,1,86,175.10425352789488,85.09854888916016,306.5423583984375,0.0,0.01941712014377117
cross_town,Town02,mixed,1,87,177.10425364058491,87.09854888916016,306.54302978515625,0.0,0.01941712014377117
cross_town,Town02,mixed,1,88,179.10425376375233,89.09854888916016,306.5437316894531,0.0,0.01941712014377117
cross_town,Town02,mixed,1,89,181.10425387644236,91.09854888916016,306.5444030761719,0.0,0.01941712014377117
cross_town,Town02,mixed,1,90,183.1042539891324,93.09854888916016,306.5450744628906,0.0,0.01941712014377117
cross_town,Town02,mixed,1,91,185.10425410182242,95.09854888916016,306.5457458496094,0.0,0.01941712014377117
cross_town,Town02,mixed,1,92,187.10425421451245,97.09854888916016,306.5464172363281,0.0,0.01941712014377117
cross_town,Town02,mixed,1,93,189.10425433767986,99.09854888916016,306.547119140625,0.0,0.01941712014377117
cross_town,Town02,mixed,1,94,191.1042544503699,101.09854888916016,306.54779052734375,0.0,0.01941712014377117
cross_town,Town02,mixed,1,95,193.10425456305992,103.09854888916016,306.5484619140625,0.0,0.01941712014377117
cross_town,Town02,mixed,1,96,195.10425467574996,105.09854888916016,306.54913330078125,0.0,0.01941712014377117
cross_town,Town02,mixed,1,97,197.10425479891737,107.09854888916016,306.5498352050781,0.0,0.01941712014377117
cross_town,Town02,mixed,1,98,199.1042549116074,109.09854888916016,306.5505065917969,0.0,0.01941712014377117
cross_town,Town02,mixed,1,99,201.10425502429743,111.09854888916016,306.5511779785156,0.0,0.01941712014377117
cross_town,Town02,mixed,1,100,203.10425513698746,113.09854888916016,306.5518493652344,0.0,0.01941712014377117
cross_town,Town02,mixed,1,101,205.1042552496775,115.09854888916016,306.5525207519531,0.0,0.01941712014377117
cross_town,Town02,mixed,1,102,207.10424774345083,117.09854125976562,306.55322265625,0.0,0.01941712014377117
cross_town,Town02,mixed,1,103,209.10424785614086,119.09854125976562,306.55389404296875,0.0,0.01941712014377117
cross_town,Town02,mixed,1,104,211.1042479688309,121.09854125976562,306.5545654296875,0.0,0.01941712014377117
cross_town,Town02,mixed,1,105,213.10424808152092,123.09854125976562,306.55523681640625,0.0,0.01941712014377117
cross_town,Town02,mixed,1,106,215.10424819421095,125.09854125976562,306.555908203125,0.0,0.01941712014377117
cross_town,Town02,mixed,1,107,217.10424831737836,127.09854125976562,306.5566101074219,0.0,0.01941712014377117
cross_town,Town02,mixed,1,108,219.1042484300684,129.09854125976562,306.5572814941406,0.0,0.01941712014377117
cross_town,Town02,mixed,1,109,221.10424854275843,131.09854125976562,306.5579528808594,0.0,0.01941712014377117
cross_town,Town02,mixed,1,110,223.10424865544846,133.09854125976562,306.5586242675781,0.0,0.01941712014377117
cross_town,Town02,mixed,1,111,225.1042487681385,135.09854125976562,306.5592956542969,0.0,0.01941712014377117
cross_town,Town02,mixed,1,112,227.10577472242437,137.10006713867188,306.5598449707031,0.0,-0.02383248694241047
cross_town,Town02,mixed,1,113,229.10766837634108,139.10195922851562,306.5573425292969,0.0,-0.07871776074171066
cross_town,Town02,mixed,1,114,231.1076703044107,141.10195922851562,306.5545654296875,0.0,-0.07871776074171066
cross_town,Town02,mixed,1,115,233.10767219033804,143.10195922851562,306.55181884765625,0.0,-0.07871776074171066
cross_town,Town02,mixed,1,116,235.10767407626537,145.10195922851562,306.549072265625,0.0,-0.07871776074171066
cross_town,Town02,mixed,1,117,237.1076759621927,147.10195922851562,306.54632568359375,0.0,-0.07871776074171066
cross_town,Town02,mixed,1,118,239.10767784812003,149.10195922851562,306.5435791015625,0.0,-0.07871776074171066
cross_town,Town02,mixed,1,119,241.10767973404737,151.10195922851562,306.54083251953125,0.0,-0.07871776074171066
cross_town,Town02,mixed,1,120,243.1076816199747,153.10195922851562,306.5380859375,0.0,-0.07871776074171066
cross_town,Town02,mixed,1,121,245.10768350590203,155.10195922851562,306.53533935546875,0.0,-0.07871776074171066
cross_town,Town02,mixed,1,122,247.10767013305468,157.10194396972656,306.5325927734375,0.0,-0.07871776074171066
cross_town,Town02,mixed,1,123,249.10767201898202,159.10194396972656,306.52984619140625,0.0,-0.07871776074171066
cross_town,Town02,mixed,1,124,251.10767390490935,161.10194396972656,306.527099609375,0.0,-0.07871776074171066
cross_town,Town02,mixed,1,125,253.10767579083668,163.10194396972656,306.52435302734375,0.0,-0.07871776074171066
cross_town,Town02,mixed,1,126,255.107677676764,165.10194396972656,306.5216064453125,0.0,-0.07871776074171066
cross_town,Town02,mixed,1,127,257.1076795626913,167.10194396972656,306.51885986328125,0.0,-0.07871776074171066
cross_town,Town02,mixed,1,128,259.1076814486186,169.10194396972656,306.51611328125,0.0,-0.07871776074171066
cross_town,Town02,mixed,1,129,261.10766807577124,171.1019287109375,306.51336669921875,0.0,-0.07871776074171066
cross_town,Town02,mixed,1,130,263.10766996169855,173.1019287109375,306.5106201171875,0.0,-0.07871776074171066
cross_town,Town02,mixed,1,131,265.10767184762585,175.1019287109375,306.50787353515625,0.0,-0.07871776074171066
cross_town,Town02,mixed,1,132,267.10767373355316,177.1019287109375,306.505126953125,0.0,-0.07871776074171066
cross_town,Town02,mixed,1,133,269.10767561948046,179.1019287109375,306.50238037109375,0.0,-0.07871776074171066
cross_town,Town02,mixed,1,134,271.15633184133713,181.15057373046875,306.49560546875,0.0,358.53857421875
cross_town,Town02,mixed,1,135,273.49865930261126,183.478271484375,306.2342224121094,0.0,348.6480712890625
cross_town,Town02,mixed,1,136,275.84098644048294,185.7264862060547,305.5769348144531,0.0,338.757568359375
cross_town,Town02,mixed,1,137,278.18332674105363,187.82839965820312,304.5432434082031,0.0,328.8670654296875
cross_town,Town02,mixed,1,138,280.4528360525399,189.68112182617188,303.23248291015625,0.0,321.10357666015625
cross_town,Town02,mixed,1,139,282.9061905753032,191.40170288085938,301.4836120605469,0.0,307.9619445800781
cross_town,Town02,mixed,1,140,285.359550004925,192.67959594726562,299.38934326171875,0.0,294.8203125
cross_town,Town02,mixed,1,141,287.81287575009026,193.4478759765625,297.0594177246094,0.0,281.67864990234375
cross_town,Town02,mixed,1,142,290.2143693927258,193.66993713378906,294.668212890625,0.0,270.0391845703125
cross_town,Town02,mixed,1,143,292.2143698642078,193.6713104248047,292.668212890625,0.0,-89.96080780029297
cross_town,Town02,mixed,1,144,294.21437032527064,193.67266845703125,290.668212890625,0.0,-89.96080780029297
cross_town,Town02,mixed,1,145,296.21437079675263,193.67404174804688,288.668212890625,0.0,-89.96080780029297
cross_town,Town02,mixed,1,146,298.21437126823463,193.6754150390625,286.668212890625,0.0,-89.96080780029297
cross_town,Town02,mixed,1,147,300.21437172929745,193.67677307128906,284.668212890625,0.0,-89.96080780029297
cross_town,Town02,mixed,1,148,302.21437220077945,193.6781463623047,282.668212890625,0.0,-89.96080780029297
cross_town,Town02,mixed,1,149,304.21437267226145,193.6795196533203,280.668212890625,0.0,-89.96080780029297
cross_town,Town02,mixed,1,150,306.2143731333243,193.68087768554688,278.668212890625,0.0,-89.96080780029297
cross_town,Town02,mixed,1,151,308.21437360480627,193.6822509765625,276.668212890625,0.0,-89.96080780029297
cross_town,Town02,mixed,1,152,310.21437407628827,193.68362426757812,274.668212890625,0.0,-89.96080780029297
cross_town,Town02,mixed,1,153,312.2143745373511,193.6849822998047,272.668212890625,0.0,-89.96080780029297
cross_town,Town02,mixed,1,154,314.2143750088331,193.6863555908203,270.668212890625,0.0,-89.96080780029297
cross_town,Town02,mixed,1,155,316.2143754803151,193.68772888183594,268.668212890625,0.0,-89.96080780029297
cross_town,Town02,mixed,1,156,318.2143759413779,193.6890869140625,266.668212890625,0.0,-89.96080780029297
cross_town,Town02,mixed,1,157,320.2143764128599,193.69046020507812,264.668212890625,0.0,-89.96080780029297
cross_town,Town02,mixed,1,158,322.21437687392273,193.6918182373047,262.668212890625,0.0,-89.96080780029297
cross_town,Town02,mixed,1,159,324.2143773454047,193.6931915283203,260.668212890625,0.0,-89.96080780029297
cross_town,Town02,mixed,1,160,326.2143778168867,193.69456481933594,258.668212890625,0.0,-89.96080780029297
cross_town,Town02,mixed,1,161,328.21437827794955,193.6959228515625,256.668212890625,0.0,-89.96080780029297
cross_town,Town02,mixed,1,162,330.21436349064606,193.69729614257812,254.66822814941406,0.0,-89.96080780029297
cross_town,Town02,mixed,1,163,332.21436396212806,193.69866943359375,252.66822814941406,0.0,-89.96080780029297
cross_town,Town02,mixed,1,164,334.21549352300013,193.699951171875,250.66709899902344,0.0,-89.99296569824219
cross_town,Town02,mixed,1,165,336.2161954697155,193.6995391845703,248.66639709472656,0.0,-90.01294708251953
cross_town,Town02,mixed,1,166,338.2161955221024,193.69908142089844,246.66639709472656,0.0,-90.01294708251953
cross_town,Town02,mixed,1,167,340.60809655930797,193.51133728027344,244.28187561035156,0.0,-101.38542175292969
cross_town,Town02,mixed,1,168,343.1315761205066,192.690185546875,241.89573669433594,0.0,-116.59471130371094
cross_town,Town02,mixed,1,169,345.65505974162414,191.2718048095703,239.80859375,0.0,-131.8040008544922
cross_town,Town02,mixed,1,170,348.2544841729094,189.26556396484375,238.1557159423828,0.0,-149.26629638671875
cross_town,Town02,mixed,1,171,350.8556280714762,186.8534393310547,237.18226623535156,0.0,-166.77903747558594
cross_town,Town02,mixed,1,172,353.3089679848794,184.4105987548828,236.95553588867188,0.0,-179.96519470214844
cross_town,Town02,mixed,1,173,355.30924300630664,182.4103240966797,236.95433044433594,0.0,-179.96519470214844
cross_town,Town02,mixed,1,174,357.3092433788356,180.4103240966797,236.95310974121094,0.0,-179.96519470214844
cross_town,Town02,mixed,1,175,359.3092437513646,178.4103240966797,236.95188903808594,0.0,-179.96519470214844
cross_town,Town02,mixed,1,176,361.30924411463855,176.4103240966797,236.95068359375,0.0,-179.96519470214844
cross_town,Town02,mixed,1,177,363.3092444871675,174.4103240966797,236.949462890625,0.0,-179.96519470214844
cross_town,Town02,mixed,1,178,365.3092448504415,172.4103240966797,236.94825744628906,0.0,-179.96519470214844
cross_town,Town02,mixed,1,179,367.30924522297045,170.4103240966797,236.94703674316406,0.0,-179.96519470214844
cross_town,Town02,mixed,1,180,369.3092455954994,168.4103240966797,236.94581604003906,0.0,-179.96519470214844
cross_town,Town02,mixed,1,181,371.3092459587734,166.4103240966797,236.94461059570312,0.0,-179.96519470214844
cross_town,Town02,mixed,1,182,373.30924633130235,164.4103240966797,236.94338989257812,0.0,-179.96519470214844
cross_town,Town02,mixed,1,183,375.3092466945763,162.4103240966797,236.9421844482422,0.0,-179.96519470214844
cross_town,Town02,mixed,1,184,377.3092470671053,160.4103240966797,236.9409637451172,0.0,-179.96519470214844
cross_town,Town02,mixed,1,185,379.30924743037923,158.4103240966797,236.93975830078125,0.0,-179.96519470214844
cross_town,Town02,mixed,1,186,381.309232544122,156.41033935546875,236.93853759765625,0.0,-179.96519470214844
cross_town,Town02,mixed,1,187,383.30923291665096,154.41033935546875,236.93731689453125,0.0,-179.96519470214844
cross_town,Town02,mixed,1,188,385.3092332799249,152.41033935546875,236.9361114501953,0.0,-179.96519470214844
cross_town,Town02,mixed,1,189,387.3092336524539,150.41033935546875,236.9348907470703,0.0,-179.96519470214844
cross_town,Town02,mixed,1,190,389.30923401572784,148.41033935546875,236.93368530273438,0.0,-179.96519470214844
cross_town,Town02,mixed,1,191,391.3092343882568,146.41033935546875,236.93246459960938,0.0,-179.96519470214844
cross_town,Town02,mixed,1,192,393.3092347607858,144.41033935546875,236.93124389648438,0.0,-179.96519470214844
cross_town,Town02,mixed,1,193,395.30923513331476,142.41033935546875,236.93002319335938,0.0,-539.9651489257812
cross_town,Town02,mixed,1,194,397.21430557383184,140.50527954101562,236.9236602783203,0.0,-177.24754333496094
cross_town,Town02,mixed,1,195,398.60538935488427,139.14163208007812,236.64874267578125,0.0,-159.95518493652344
cross_town,Town02,mixed,1,196,399.9964860551907,137.9213409423828,235.9808807373047,0.0,-142.662841796875
cross_town,Town02,mixed,1,197,401.38473446256245,136.95693969726562,234.9822998046875,0.0,-125.29011535644531
cross_town,Town02,mixed,1,198,402.77076497658516,136.33692932128906,233.74267578125,0.0,-107.85523223876953
cross_town,Town02,mixed,1,199,404.15682739842345,136.11679077148438,232.37420654296875,0.0,-90.42034912109375
cross_town,Town02,mixed,1,200,406.14036403857887,136.11865234375,230.3906707763672,0.0,-449.9419250488281
cross_town,Town02,mixed,1,201,408.1403650682139,136.1206817626953,228.3906707763672,0.0,-89.9419174194336
cross_town,Town02,mixed,1,202,410.1403660978489,136.12271118164062,226.3906707763672,0.0,-89.9419174194336
cross_town,Town02,mixed,1,203,412.14036712748396,136.12474060058594,224.3906707763672,0.0,-89.9419174194336
cross_town,Town02,mixed,1,204,414.140368157119,136.12677001953125,222.3906707763672,0.0,-89.9419174194336
cross_town,Town02,mixed,1,205,416.140369171329,136.1287841796875,220.3906707763672,0.0,-89.9419174194336
cross_town,Town02,mixed,1,206,418.140370200964,136.1308135986328,218.3906707763672,0.0,-89.9419174194336
cross_town,Town02,mixed,1,207,420.14037123059904,136.13284301757812,216.3906707763672,0.0,-89.9419174194336
cross_town,Town02,mixed,1,208,422.1403722602341,136.13487243652344,214.3906707763672,0.0,-89.9419174194336
cross_town,Town02,mixed,1,209,424.1403732898691,136.13690185546875,212.3906707763672,0.0,-89.9419174194336
cross_town,Town02,mixed,1,210,426.14037431950413,136.13893127441406,210.3906707763672,0.0,-89.9419174194336
cross_town,Town02,mixed,1,211,428.14037534913916,136.14096069335938,208.3906707763672,0.0,-89.9419174194336
cross_town,Town02,mixed,1,212,430.14037636334916,136.14297485351562,206.3906707763672,0.0,-89.9419174194336
cross_town,Town02,mixed,1,213,432.1403773929842,136.14500427246094,204.3906707763672,0.0,-89.9419174194336
cross_town,Town02,mixed,1,214,434.1403784226192,136.14703369140625,202.3906707763672,0.0,-89.9419174194336
cross_town,Town02,mixed,1,215,436.14037945225425,136.14906311035156,200.3906707763672,0.0,-89.9419174194336
cross_town,Town02,mixed,1,216,438.1403652231081,136.15109252929688,198.39068603515625,0.0,-89.9419174194336
cross_town,Town02,mixed,1,217,440.26807237866706,136.13233947753906,196.2630615234375,0.0,-93.61039733886719
cross_town,Town02,mixed,1,218,442.7493680638442,135.67620849609375,193.8240509033203,0.0,-107.57488250732422
cross_town,Town02,mixed,1,219,445.2306764460364,134.6449737548828,191.5671844482422,0.0,-121.53936767578125
cross_town,Town02,mixed,1,220,447.81419478998845,133.00209045410156,189.5733184814453,0.0,-138.53208923339844
cross_town,Town02,mixed,1,221,450.48726518604497,130.72630310058594,188.171142578125,0.0,-158.1910858154297
cross_town,Town02,mixed,1,222,453.1603320215739,128.1114501953125,187.61631774902344,0.0,-177.85011291503906
cross_town,Town02,mixed,1,223,455.23468241446915,126.037109375,187.61001586914062,0.0,-179.97372436523438
cross_town,Town02,mixed,1,224,457.234674994623,124.03711700439453,187.60910034179688,0.0,-179.97372436523438
cross_town,Town02,mixed,1,225,459.2346828335643,122.037109375,187.60818481445312,0.0,180.02626037597656
cross_town,Town02,mixed,1,226,461.2346830431119,120.037109375,187.60726928710938,0.0,180.02626037597656
cross_town,Town02,mixed,1,227,463.23468325265947,118.037109375,187.60635375976562,0.0,180.02626037597656
cross_town,Town02,mixed,1,228,465.23468346220704,116.037109375,187.60543823242188,0.0,180.02626037597656
cross_town,Town02,mixed,1,229,467.2346836717546,114.037109375,187.60452270507812,0.0,180.02626037597656
cross_town,Town02,mixed,1,230,469.23468388834533,112.037109375,187.6035919189453,0.0,180.02626037597656
cross_town,Town02,mixed,1,231,471.2346840978929,110.037109375,187.60267639160156,0.0,180.02626037597656
cross_town,Town02,mixed,1,232,473.2346843074405,108.037109375,187.6017608642578,0.0,180.02626037597656
cross_town,Town02,mixed,1,233,475.23468451698807,106.037109375,187.60084533691406,0.0,180.02626037597656
cross_town,Town02,mixed,1,234,477.23468472653565,104.037109375,187.5999298095703,0.0,180.02626037597656
cross_town,Town02,mixed,1,235,479.2346849360832,102.037109375,187.59901428222656,0.0,180.02626037597656
cross_town,Town02,mixed,1,236,481.2346851456308,100.037109375,187.5980987548828,0.0,180.02626037597656
cross_town,Town02,mixed,1,237,483.2346853551784,98.037109375,187.59718322753906,0.0,180.02626037597656
cross_town,Town02,mixed,1,238,485.23468556472596,96.037109375,187.5962677001953,0.0,180.02626037597656
cross_town,Town02,mixed,1,239,487.2346781448798,94.03711700439453,187.59535217285156,0.0,180.02626037597656
cross_town,Town02,mixed,1,240,489.2346783544274,92.03711700439453,187.5944366455078,0.0,180.02626037597656
cross_town,Town02,mixed,1,241,491.23467856397497,90.03711700439453,187.59352111816406,0.0,180.02626037597656
cross_town,Town02,mixed,1,242,493.2346787805657,88.03711700439453,187.59259033203125,0.0,180.02626037597656
cross_town,Town02,mixed,1,243,495.23467899011325,86.03711700439453,187.5916748046875,0.0,180.02626037597656
cross_town,Town02,mixed,1,244,497.23467919966083,84.03711700439453,187.59075927734375,0.0,180.02626037597656
cross_town,Town02,mixed,1,245,499.2346794092084,82.03711700439453,187.58984375,0.0,180.02626037597656
cross_town,Town02,mixed,2,0,0.0,27.720184326171875,187.56495666503906,0.0,180.02626037597656
cross_town,Town02,mixed,2,1,2.0000002165906947,25.720184326171875,187.56402587890625,0.0,180.02626037597656
cross_town,Town02,mixed,2,2,4.0000004261382625,23.720184326171875,187.5631103515625,0.0,180.02626037597656
cross_town,Town02,mixed,2,3,6.000000635685831,21.720184326171875,187.56219482421875,0.0,180.02626037597656
cross_town,Town02,mixed,2,4,8.0000008452334,19.720184326171875,187.561279296875,0.0,180.02626037597656
cross_town,Town02,mixed,2,5,10.000001054780968,17.720184326171875,187.56036376953125,0.0,180.02626037597656
cross_town,Town02,mixed,2,6,12.000003171676969,15.720182418823242,187.5594482421875,0.0,180.02626037597656
cross_town,Town02,mixed,2,7,14.00000242755032,13.720183372497559,187.55853271484375,0.0,180.02626037597656
cross_town,Town02,mixed,2,8,16.00000263709789,11.720183372497559,187.5576171875,0.0,180.02626037597656
cross_town,Town02,mixed,2,9,18.000002846645458,9.720183372497559,187.55670166015625,0.0,180.02626037597656
cross_town,Town02,mixed,2,10,20.0000016256817,7.720184803009033,187.5557861328125,0.0,180.02626037597656
cross_town,Town02,mixed,2,11,22.00000183522927,5.720184803009033,187.55487060546875,0.0,180.02626037597656
cross_town,Town02,mixed,2,12,24.000002283195393,3.720184564590454,187.553955078125,0.0,180.02626037597656
cross_town,Town02,mixed,2,13,26.0000017774873,1.7201852798461914,187.55303955078125,0.0,-179.97369384765625
cross_town,Town02,mixed,2,14,27.673439994786058,0.04799345135688782,187.48846435546875,0.0,-170.682373046875
cross_town,Town02,mixed,2,15,29.08543577096656,-1.2973997592926025,187.05992126464844,0.0,-153.98092651367188
cross_town,Town02,mixed,2,16,30.466042914526703,-2.438109874725342,186.28219604492188,0.0,-136.380615234375
cross_town,Town02,mixed,2,17,31.700917006952317,-3.15568208694458,185.27720642089844,0.0,-114.67379760742188
cross_town,Town02,mixed,2,18,32.93577954325156,-3.450666904449463,184.07809448242188,0.0,-92.96697998046875
cross_town,Town02,mixed,2,19,34.83284978822953,-3.4554524421691895,182.1810302734375,0.0,-90.01290893554688
cross_town,Town02,mixed,2,20,36.83284983920722,-3.455904006958008,180.1810302734375,0.0,-90.01293182373047
cross_town,Town02,mixed,2,21,38.83284989018491,-3.456355571746826,178.1810302734375,0.0,-90.01293182373047
cross_town,Town02,mixed,2,22,40.8328499411626,-3.4568071365356445,176.1810302734375,0.0,-90.01293182373047
cross_town,Town02,mixed,2,23,42.83284999214029,-3.457258701324463,174.1810302734375,0.0,-90.01293182373047
cross_town,Town02,mixed,2,24,44.83285004311798,-3.4577102661132812,172.1810302734375,0.0,-90.01293182373047
cross_town,Town02,mixed,2,25,46.83285009409567,-3.4581618309020996,170.1810302734375,0.0,-90.01293182373047
cross_town,Town02,mixed,2,26,48.83285014507336,-3.458613395690918,168.1810302734375,0.0,-90.01293182373047
cross_town,Town02,mixed,2,27,50.83285019605105,-3.4590649604797363,166.1810302734375,0.0,-90.01293182373047
cross_town,Town02,mixed,2,28,52.83285024702874,-3.4595165252685547,164.1810302734375,0.0,-90.01293182373047
cross_town,Town02,mixed,2,29,54.83095817056864,-3.459747791290283,162.18292236328125,0.0,270.0417175292969
cross_town,Town02,mixed,2,30,56.82789500302142,-3.455826997756958,160.1859893798828,0.0,-89.87117767333984
cross_town,Town02,mixed,2,31,58.82790005781037,-3.4513304233551025,158.1859893798828,0.0,-89.87117767333984
cross_town,Town02,mixed,2,32,60.82788985384882,-3.446833848953247,156.18600463867188,0.0,-89.87117767333984
cross_town,Town02,mixed,2,33,62.827894907565764,-3.44233775138855,154.18600463867188,0.0,-89.87117767333984
cross_town,Town02,mixed,2,34,64.8278999623547,-3.4378411769866943,152.18600463867188,0.0,-89.87117767333984
cross_town,Town02,mixed,2,35,66.82788975839316,-3.433344602584839,150.18601989746094,0.0,-89.87117767333984
cross_town,Town02,mixed,2,36,68.8278948121101,-3.4288485050201416,148.18601989746094,0.0,-89.87117767333984
cross_town,Town02,mixed,2,37,70.82789986689906,-3.424351930618286,146.18601989746094,0.0,-89.87117767333984
cross_town,Town02,mixed,2,38,72.827904921688,-3.4198553562164307,144.18601989746094,0.0,-89.87117767333984
cross_town,Town02,mixed,2,39,74.82789471665444,-3.4153592586517334,142.18603515625,0.0,-89.87117767333984
cross_town,Town02,mixed,2,40,76.82789977144338,-3.410862684249878,140.18603515625,0.0,-89.87117767333984
cross_town,Town02,mixed,2,41,78.82788956748183,-3.4063661098480225,138.18605041503906,0.0,-89.87117767333984
cross_town,Town02,mixed,2,42,80.82789462119878,-3.401870012283325,136.18605041503906,0.0,-89.87117767333984
cross_town,Town02,mixed,2,43,82.82789967598774,-3.3973734378814697,134.18605041503906,0.0,-89.87117767333984
cross_town,Town02,mixed,2,44,84.82790473077668,-3.3928768634796143,132.18605041503906,0.0,-89.87117767333984
cross_town,Town02,mixed,2,45,86.82789452574312,-3.388380765914917,130.18606567382812,0.0,-89.87117767333984
cross_town,Town02,mixed,2,46,88.82789958053206,-3.3838841915130615,128.18606567382812,0.0,-89.87117767333984
cross_town,Town02,mixed,2,47,90.827904635321,-3.379387617111206,126.18606567382812,0.0,-89.87117767333984
cross_town,Town02,mixed,2,48,92.82790205966269,-3.374891519546509,124.18607330322266,0.0,-89.87117767333984
cross_town,Town02,mixed,2,49,94.82790711445165,-3.3703949451446533,122.18607330322266,0.0,-89.87117767333984
cross_town,Town02,mixed,2,50,96.82790453986534,-3.365898370742798,120.18608093261719,0.0,-89.87117767333984
cross_town,Town02,mixed,2,51,98.82790196420703,-3.3614022731781006,118.18608856201172,0.0,-89.87117767333984
cross_town,Town02,mixed,2,52,100.73653209732191,-3.350651264190674,116.2774887084961,0.0,-87.2560806274414
cross_town,Town02,mixed,2,53,102.24515866402737,-3.0957183837890625,114.79055786132812,0.0,-73.2865219116211
cross_town,Town02,mixed,2,54,103.7537828876669,-2.4893710613250732,113.40914916992188,0.0,-59.316959381103516
cross_town,Town02,mixed,2,55,105.26241319777361,-1.567475438117981,112.2149658203125,0.0,-45.34739685058594
cross_town,Town02,mixed,2,56,106.9061782307729,-0.292171835899353,111.17787170410156,0.0,-35.20270538330078
cross_town,Town02,mixed,2,57,108.53696985326418,1.1208900213241577,110.36378479003906,0.0,-24.691280364990234
cross_town,Town02,mixed,2,58,110.1677625655406,2.6587541103363037,109.8211441040039,0.0,-14.17986011505127
cross_town,Town02,mixed,2,59,111.79855587079656,4.269805431365967,109.56816101074219,0.0,-3.66843843460083
cross_town,Town02,mixed,2,60,113.67784684686274,6.148955345153809,109.54513549804688,0.0,359.79315185546875
cross_town,Town02,mixed,2,61,115.67784845309158,8.148943901062012,109.53791046142578,0.0,359.79315185546875
cross_town,Town02,mixed,2,62,117.67784621710125,10.14892864227295,109.53069305419922,0.0,359.79315185546875
cross_town,Town02,mixed,2,63,119.67784779578334,12.148917198181152,109.52347564697266,0.0,359.79315185546875
cross_town,Town02,mixed,2,64,121.67784940201219,14.148905754089355,109.51625061035156,0.0,359.79315185546875
cross_town,Town02,mixed,2,65,123.67784621235374,16.148889541625977,109.509033203125,0.0,359.79315185546875
cross_town,Town02,mixed,2,66,125.67784779103583,18.14887809753418,109.50181579589844,0.0,359.79315185546875
cross_town,Town02,mixed,2,67,127.67784748992848,20.14886474609375,109.49459075927734,0.0,359.79315185546875
cross_town,Town02,mixed,2,68,129.67784716127437,22.14885139465332,109.48737335205078,0.0,359.79315185546875
cross_town,Town02,mixed,2,69,131.67784683262025,24.14883804321289,109.48015594482422,0.0,359.79315185546875
cross_town,Town02,mixed,2,70,133.6778465315129,26.14882469177246,109.47293090820312,0.0,359.79315185546875
cross_town,Town02,mixed,2,71,135.67784620285877,28.14881134033203,109.46571350097656,0.0,359.79315185546875
cross_town,Town02,mixed,2,72,137.67784778154086,30.148799896240234,109.45849609375,0.0,359.79315185546875
cross_town,Town02,mixed,2,73,139.6778493877697,32.14878845214844,109.4512710571289,0.0,359.79315185546875
cross_town,Town02,mixed,2,74,141.67785096645179,34.14877700805664,109.44405364990234,0.0,359.79315185546875
cross_town,Town02,mixed,2,75,143.67784873046145,36.14876174926758,109.43683624267578,0.0,359.79315185546875
cross_town,Town02,mixed,2,76,145.67785033669028,38.14875030517578,109.42961120605469,0.0,359.79315185546875
cross_town,Town02,mixed,2,77,147.67784810069995,40.14873504638672,109.42239379882812,0.0,359.79315185546875
cross_town,Town02,mixed,2,78,149.67784967938204,42.14872360229492,109.41517639160156,0.0,359.79315185546875
cross_town,Town02,mixed,2,79,151.6778474709385,44.14870834350586,109.40795135498047,0.0,359.79315185546875
cross_town,Town02,mixed,2,80,153.6778490496206,46.14869689941406,109.4007339477539,0.0,359.79315185546875
cross_town,Town02,mixed,2,81,155.67746907857912,48.1483039855957,109.39353942871094,0.0,-0.1960601806640625
cross_town,Town02,mixed,2,82,157.6694678438759,50.14030075073242,109.39071655273438,0.0,0.0331268310546875
cross_town,Town02,mixed,2,83,159.66926993042287,52.14010238647461,109.39205932617188,0.0,0.038970947265625
cross_town,Town02,mixed,2,84,161.6692703914857,54.14010238647461,109.39341735839844,0.0,0.038970947265625
cross_town,Town02,mixed,2,85,163.66927085254852,56.14010238647461,109.394775390625,0.0,0.038970947265625
cross_town,Town02,mixed,2,86,165.66927131880638,58.14010238647461,109.3961410522461,0.0,0.038970947265625
cross_town,Town02,mixed,2,87,167.6692717798692,60.14010238647461,109.39749908447266,0.0,0.038970947265625
cross_town,Town02,mixed,2,88,169.66927224093203,62.14010238647461,109.39885711669922,0.0,0.038970947265625
cross_town,Town02,mixed,2,89,171.66926888729847,64.14009857177734,109.40021514892578,0.0,0.038970947265625
cross_town,Town02,mixed,2,90,173.66926935355633,66.14009857177734,109.40158081054688,0.0,0.038970947265625
cross_town,Town02,mixed,2,91,175.66926981461916,68.14009857177734,109.40293884277344,0.0,0.038970947265625
cross_town,Town02,mixed,2,92,177.66927027568198,70.14009857177734,109.404296875,0.0,0.038970947265625
cross_town,Town02,mixed,2,93,179.66927074193984,72.14009857177734,109.4056625366211,0.0,0.038970947265625
cross_town,Town02,mixed,2,94,181.66927120300267,74.14009857177734,109.40702056884766,0.0,0.038970947265625
cross_town,Town02,mixed,2,95,183.6692716640655,76.14009857177734,109.40837860107422,0.0,0.038970947265625
cross_town,Town02,mixed,2,96,185.66927213032335,78.14009857177734,109.40974426269531,0.0,0.038970947265625
cross_town,Town02,mixed,2,97,187.66927259138618,80.14009857177734,109.41110229492188,0.0,0.038970947265625
cross_town,Town02,mixed,2,98,189.669273052449,82.14009857177734,109.41246032714844,0.0,0.038970947265625
cross_town,Town02,mixed,2,99,191.66927351351183,84.14009857177734,109.413818359375,0.0,0.038970947265625
cross_town,Town02,mixed,2,100,193.66927397976968,86.14009857177734,109.4151840209961,0.0,0.038970947265625
cross_town,Town02,mixed,2,101,195.66926681143974,88.14009094238281,109.41654205322266,0.0,0.038970947265625
cross_town,Town02,mixed,2,102,197.66926727250257,90.14009094238281,109.41790008544922,0.0,0.038970947265625
cross_town,Town02,mixed,2,103,199.66926773876042,92.14009094238281,109.41926574707031,0.0,0.038970947265625
cross_town,Town02,mixed,2,104,201.66926819982325,94.14009094238281,109.42062377929688,0.0,0.038970947265625
cross_town,Town02,mixed,2,105,203.66926866088608,96.14009094238281,109.42198181152344,0.0,0.038970947265625
cross_town,Town02,mixed,2,106,205.66926912714393,98.14009094238281,109.42334747314453,0.0,0.038970947265625
cross_town,Town02,mixed,2,107,207.66926958820676,100.14009094238281,109.4247055053711,0.0,0.038970947265625
cross_town,Town02,mixed,2,108,209.66927004926958,102.14009094238281,109.42606353759766,0.0,0.038970947265625
cross_town,Town02,mixed,2,109,211.66927051552744,104.14009094238281,109.42742919921875,0.0,0.038970947265625
cross_town,Town02,mixed,2,110,213.66927097659027,106.14009094238281,109.42878723144531,0.0,0.038970947265625
cross_town,Town02,mixed,2,111,215.6692714376531,108.14009094238281,109.43014526367188,0.0,0.038970947265625
cross_town,Town02,mixed,2,112,217.66927189871592,110.14009094238281,109.43150329589844,0.0,0.038970947265625
cross_town,Town02,mixed,2,113,219.66927236497378,112.14009094238281,109.43286895751953,0.0,0.038970947265625
cross_town,Town02,mixed,2,114,221.6692728260366,114.14009094238281,109.4342269897461,0.0,0.038970947265625
cross_town,Town02,mixed,2,115,223.66927328709943,116.14009094238281,109.43558502197266,0.0,0.038970947265625
cross_town,Town02,mixed,2,116,225.6692737533573,118.14009094238281,109.43695068359375,0.0,0.038970947265625
cross_town,Town02,mixed,2,117,227.6692742144201,120.14009094238281,109.43830871582031,0.0,0.038970947265625
cross_town,Town02,mixed,2,118,229.66927467548294,122.14009094238281,109.43966674804688,0.0,0.038970947265625
cross_town,Town02,mixed,2,119,231.6692751417408,124.14009094238281,109.44103240966797,0.0,0.038970947265625
cross_town,Town02,mixed,2,120,233.66927560280362,126.14009094238281,109.44239044189453,0.0,0.038970947265625
cross_town,Town02,mixed,2,121,235.66927606386645,128.1400909423828,109.4437484741211,0.0,0.038970947265625
cross_town,Town02,mixed,2,122,237.66927652492927,130.1400909423828,109.44510650634766,0.0,0.038970947265625
cross_town,Town02,mixed,2,123,239.66927699118713,132.1400909423828,109.44647216796875,0.0,0.038970947265625
cross_town,Town02,mixed,2,124,241.66927745224996,134.1400909423828,109.44783020019531,0.0,0.038970947265625
cross_town,Town02,mixed,2,125,243.66927791331278,136.1400909423828,109.44918823242188,0.0,0.038970947265625
cross_town,Town02,mixed,2,126,245.67197873577618,138.14279174804688,109.44944763183594,0.0,359.9610595703125
cross_town,Town02,mixed,2,127,247.671979196839,140.14279174804688,109.44808959960938,0.0,359.9610595703125
cross_town,Town02,mixed,2,128,249.67197965790183,142.14279174804688,109.44673156738281,0.0,359.9610595703125
cross_town,Town02,mixed,2,129,251.67198011896465,144.14279174804688,109.44537353515625,0.0,359.9610595703125
cross_town,Town02,mixed,2,130,253.67198058002748,146.14279174804688,109.44401550292969,0.0,359.9610595703125
cross_town,Town02,mixed,2,131,255.6719810410903,148.14279174804688,109.44265747070312,0.0,359.9610595703125
cross_town,Town02,mixed,2,132,257.67198150215313,150.14279174804688,109.44129943847656,0.0,359.9610595703125
cross_town,Town02,mixed,2,133,259.671981968411,152.14279174804688,109.43993377685547,0.0,359.9610595703125
cross_town,Town02,mixed,2,134,261.6719824294738,154.14279174804688,109.4385757446289,0.0,359.9610595703125
cross_town,Town02,mixed,2,135,263.67198289053664,156.14279174804688,109.43721771240234,0.0,359.9610595703125
cross_town,Town02,mixed,2,136,265.67198335159947,158.14279174804688,109.43585968017578,0.0,359.9610595703125
cross_town,Town02,mixed,2,137,267.6719838126623,160.14279174804688,109.43450164794922,0.0,359.9610595703125
cross_town,Town02,mixed,2,138,269.6719842737251,162.14279174804688,109.43314361572266,0.0,359.9610595703125
cross_town,Town02,mixed,2,139,271.67198473478794,164.14279174804688,109.4317855834961,0.0,359.9610595703125
cross_town,Town02,mixed,2,140,273.67198519585077,166.14279174804688,109.43042755126953,0.0,359.9610595703125
cross_town,Town02,mixed,2,141,275.6719856569136,168.14279174804688,109.42906951904297,0.0,359.9610595703125
cross_town,Town02,mixed,2,142,277.6719861179764,170.14279174804688,109.4277114868164,0.0,359.9610595703125
cross_town,Town02,mixed,2,143,279.67198657903924,172.14279174804688,109.42635345458984,0.0,359.9610595703125
cross_town,Town02,mixed,2,144,281.67198704010207,174.14279174804688,109.42499542236328,0.0,359.9610595703125
cross_town,Town02,mixed,2,145,283.6719875011649,176.14279174804688,109.42363739013672,0.0,359.9610595703125
cross_town,Town02,mixed,2,146,285.6719879622277,178.14279174804688,109.42227935791016,0.0,359.9610595703125
cross_town,Town02,mixed,2,147,287.67198842329054,180.14279174804688,109.4209213256836,0.0,359.9610595703125
cross_town,Town02,mixed,2,148,289.55740441268836,182.02816772460938,109.4332046508789,0.0,3.237574815750122
cross_town,Town02,mixed,2,149,291.1664685854101,183.6182861328125,109.67939758300781,0.0,14.36435317993164
cross_town,Town02,mixed,2,150,292.7755391448619,185.13101196289062,110.22782135009766,0.0,25.491132736206055
cross_town,Town02,mixed,2,151,294.38460696818294,186.50946044921875,111.05786895751953,0.0,36.61791229248047
cross_town,Town02,mixed,2,152,295.98886489958386,187.6980743408203,112.13529205322266,0.0,47.8819580078125
cross_town,Town02,mixed,2,153,297.58253733234955,188.6423797607422,113.4190673828125,0.0,59.44458770751953
cross_town,Town02,mixed,2,154,299.17622789284655,189.31019592285156,114.8660888671875,0.0,71.00721740722656
cross_town,Town02,mixed,2,155,300.7699056671078,189.67442321777344,116.41758728027344,0.0,82.5698471069336
cross_town,Town02,mixed,2,156,302.5065975824926,189.7398681640625,118.15304565429688,0.0,90.07783508300781
cross_town,Town02,mixed,2,157,304.50659942674326,189.73715209960938,120.15304565429688,0.0,90.07783508300781
cross_town,Town02,mixed,2,158,306.50659364160646,189.73443603515625,122.15303802490234,0.0,90.07783508300781
cross_town,Town02,mixed,2,159,308.50659548585713,189.73171997070312,124.15303802490234,0.0,90.07783508300781
cross_town,Town02,mixed,2,160,310.5065897007203,189.72900390625,126.15303039550781,0.0,90.07783508300781
cross_town,Town02,mixed,2,161,312.506591544971,189.72628784179688,128.1530303955078,0.0,90.07783508300781
cross_town,Town02,mixed,2,162,314.5065933892217,189.72357177734375,130.1530303955078,0.0,90.07783508300781
cross_town,Town02,mixed,2,163,316.50659523347235,189.72085571289062,132.1530303955078,0.0,90.07783508300781
cross_town,Town02,mixed,2,164,318.50659707772303,189.7181396484375,134.1530303955078,0.0,90.07783508300781
cross_town,Town02,mixed,2,165,320.5065989219737,189.71542358398438,136.1530303955078,0.0,90.07783508300781
cross_town,Town02,mixed,2,166,322.5066007662244,189.71270751953125,138.1530303955078,0.0,90.07783508300781
cross_town,Town02,mixed,2,167,324.5065873517001,189.70999145507812,140.15301513671875,0.0,90.07783508300781
cross_town,Town02,mixed,2,168,326.50658919595077,189.707275390625,142.15301513671875,0.0,90.07783508300781
cross_town,Town02,mixed,2,169,328.50659104020144,189.70455932617188,144.15301513671875,0.0,90.07783508300781
cross_town,Town02,mixed,2,170,330.5065928844521,189.70184326171875,146.15301513671875,0.0,90.07783508300781
cross_town,Town02,mixed,2,171,332.5065947287028,189.69912719726562,148.15301513671875,0.0,90.07783508300781
cross_town,Town02,mixed,2,172,334.5065965937336,189.69639587402344,150.15301513671875,0.0,90.07783508300781
cross_town,Town02,mixed,2,173,336.5065984379843,189.6936798095703,152.15301513671875,0.0,90.07783508300781
cross_town,Town02,mixed,2,174,338.50660028223496,189.6909637451172,154.15301513671875,0.0,90.07783508300781
cross_town,Town02,mixed,2,175,340.50660212648563,189.68824768066406,156.15301513671875,0.0,90.07783508300781
cross_town,Town02,mixed,2,176,342.50658871196134,189.68553161621094,158.1529998779297,0.0,90.07783508300781
cross_town,Town02,mixed,2,177,344.506590556212,189.6828155517578,160.1529998779297,0.0,90.07783508300781
cross_town,Town02,mixed,2,178,346.50784351792225,189.68017578125,162.1542510986328,0.0,450.0420837402344
cross_town,Town02,mixed,2,179,348.50976614023097,189.680419921875,164.1561737060547,0.0,89.98705291748047
cross_town,Town02,mixed,2,180,350.50976619261786,189.68087768554688,166.1561737060547,0.0,89.98705291748047
cross_town,Town02,mixed,2,181,352.5097662415705,189.6813201904297,168.1561737060547,0.0,89.98705291748047
cross_town,Town02,mixed,2,182,354.5097662939574,189.68177795410156,170.1561737060547,0.0,89.98705291748047
cross_town,Town02,mixed,2,183,356.5097663463443,189.68223571777344,172.1561737060547,0.0,89.98705291748047
cross_town,Town02,mixed,2,184,358.50976639529694,189.68267822265625,174.1561737060547,0.0,89.98705291748047
cross_town,Town02,mixed,2,185,360.50976644768383,189.68313598632812,176.1561737060547,0.0,89.98705291748047
cross_town,Town02,mixed,2,186,362.5097665000707,189.68359375,178.1561737060547,0.0,89.98705291748047
cross_town,Town02,mixed,2,187,364.50976654902337,189.6840362548828,180.1561737060547,0.0,89.98705291748047
cross_town,Town02,mixed,2,188,366.50976660141026,189.6844940185547,182.1561737060547,0.0,-270.0129089355469
cross_town,Town02,mixed,2,189,368.50976665379716,189.68495178222656,184.1561737060547,0.0,-270.0129089355469
cross_town,Town02,mixed,2,190,370.50976670618405,189.68540954589844,186.1561737060547,0.0,-270.0129089355469
cross_town,Town02,mixed,2,191,372.5097667551367,189.68585205078125,188.1561737060547,0.0,-270.0129089355469
cross_town,Town02,mixed,2,192,374.5097668075236,189.68630981445312,190.1561737060547,0.0,-270.0129089355469
cross_town,Town02,mixed,2,193,376.5097668599105,189.686767578125,192.1561737060547,0.0,-270.0129089355469
cross_town,Town02,mixed,2,194,378.5097669088631,189.6872100830078,194.1561737060547,0.0,-270.0129089355469
cross_town,Town02,mixed,2,195,380.50976696125,189.6876678466797,196.1561737060547,0.0,-270.0129089355469
cross_town,Town02,mixed,2,196,382.50976701020267,189.6881103515625,198.1561737060547,0.0,-270.0129089355469
cross_town,Town02,mixed,2,197,384.50976706258956,189.68856811523438,200.1561737060547,0.0,89.98705291748047
cross_town,Town02,mixed,2,198,386.5097671115422,189.6890106201172,202.1561737060547,0.0,89.98705291748047
cross_town,Town02,mixed,2,199,388.50975190514043,189.68946838378906,204.15615844726562,0.0,89.98705291748047
cross_town,Town02,mixed,2,200,390.5097519575273,189.68992614746094,206.15615844726562,0.0,89.98705291748047
cross_town,Town02,mixed,2,201,392.50975200647997,189.69036865234375,208.15615844726562,0.0,89.98705291748047
cross_town,Town02,mixed,2,202,394.50975205886687,189.69082641601562,210.15615844726562,0.0,89.98705291748047
cross_town,Town02,mixed,2,203,396.5097521078195,189.69126892089844,212.15615844726562,0.0,89.98705291748047
cross_town,Town02,mixed,2,204,398.5097521602064,189.6917266845703,214.15615844726562,0.0,89.98705291748047
cross_town,Town02,mixed,2,205,400.50976747138196,189.6921844482422,216.1561737060547,0.0,89.98705291748047
cross_town,Town02,mixed,2,206,402.5097675203346,189.692626953125,218.1561737060547,0.0,89.98705291748047
cross_town,Town02,mixed,2,207,404.5097675727215,189.69308471679688,220.1561737060547,0.0,89.98705291748047
cross_town,Town02,mixed,2,208,406.50975236631973,189.69354248046875,222.15615844726562,0.0,89.98705291748047
cross_town,Town02,mixed,2,209,408.50976767406104,189.69398498535156,224.1561737060547,0.0,89.98705291748047
cross_town,Town02,mixed,2,210,410.50976772644793,189.69444274902344,226.1561737060547,0.0,89.98705291748047
cross_town,Town02,mixed,2,211,412.5097677754006,189.69488525390625,228.1561737060547,0.0,89.98705291748047
cross_town,Town02,mixed,2,212,414.50976782778747,189.69534301757812,230.1561737060547,0.0,89.98705291748047
cross_town,Town02,mixed,2,213,416.5097526213857,189.69580078125,232.15615844726562,0.0,89.98705291748047
cross_town,Town02,mixed,2,214,418.50976793256126,189.69625854492188,234.1561737060547,0.0,89.98705291748047
cross_town,Town02,mixed,2,215,420.5097679815139,189.6967010498047,236.1561737060547,0.0,89.98705291748047
cross_town,Town02,mixed,2,216,422.5097680339008,189.69715881347656,238.1561737060547,0.0,89.98705291748047
cross_town,Town02,mixed,2,217,424.509752827499,189.69761657714844,240.15615844726562,0.0,89.98705291748047
cross_town,Town02,mixed,2,218,426.50976813524034,189.69805908203125,242.1561737060547,0.0,89.98705291748047
cross_town,Town02,mixed,2,219,428.50976818762723,189.69851684570312,244.1561737060547,0.0,89.98705291748047
cross_town,Town02,mixed,2,220,430.5097682365799,189.69895935058594,246.1561737060547,0.0,89.98705291748047
cross_town,Town02,mixed,2,221,432.50976828896677,189.6994171142578,248.1561737060547,0.0,89.98705291748047
cross_town,Town02,mixed,2,222,434.50976834135366,189.6998748779297,250.1561737060547,0.0,89.98705291748047
cross_town,Town02,mixed,2,223,436.5079374693727,189.6990203857422,252.1543426513672,0.0,90.03919219970703
cross_town,Town02,mixed,2,224,438.5079379408547,189.69764709472656,254.1543426513672,0.0,90.03919219970703
cross_town,Town02,mixed,2,225,440.5079231535512,189.69627380371094,256.1543273925781,0.0,90.03919219970703
cross_town,Town02,mixed,2,226,442.507923614614,189.69491577148438,258.1543273925781,0.0,90.03919219970703
cross_town,Town02,mixed,2,227,444.507924086096,189.69354248046875,260.1543273925781,0.0,90.03919219970703
cross_town,Town02,mixed,2,228,446.507924557578,189.69216918945312,262.1543273925781,0.0,90.03919219970703
cross_town,Town02,mixed,2,229,448.50792501864083,189.69081115722656,264.1543273925781,0.0,90.03919219970703
cross_town,Town02,mixed,2,230,450.50792549012283,189.68943786621094,266.1543273925781,0.0,90.03919219970703
cross_town,Town02,mixed,2,231,452.5079259616048,189.6880645751953,268.1543273925781,0.0,90.03919219970703
cross_town,Town02,mixed,2,232,454.50792642266765,189.68670654296875,270.1543273925781,0.0,90.03919219970703
cross_town,Town02,mixed,2,233,456.50792689414965,189.68533325195312,272.1543273925781,0.0,90.03919219970703
cross_town,Town02,mixed,2,234,458.5079273552125,189.68397521972656,274.1543273925781,0.0,90.03919219970703
cross_town,Town02,mixed,2,235,460.50792782669447,189.68260192871094,276.1543273925781,0.0,90.03919219970703
cross_town,Town02,mixed,2,236,462.50792829817647,189.6812286376953,278.1543273925781,0.0,90.03919219970703
cross_town,Town02,mixed,2,237,464.5079287592393,189.67987060546875,280.1543273925781,0.0,90.03919219970703
cross_town,Town02,mixed,2,238,466.5079292307213,189.67849731445312,282.1543273925781,0.0,90.03919219970703
cross_town,Town02,mixed,2,239,468.5079297022033,189.6771240234375,284.1543273925781,0.0,90.03919219970703
cross_town,Town02,mixed,2,240,470.5079301632661,189.67576599121094,286.1543273925781,0.0,90.03919219970703
cross_town,Town02,mixed,2,241,472.5079306347481,189.6743927001953,288.1543273925781,0.0,90.03919219970703
cross_town,Town02,mixed,2,242,474.5079311062301,189.6730194091797,290.1543273925781,0.0,90.03919219970703
cross_town,Town02,mixed,2,243,476.5079315672929,189.67166137695312,292.1543273925781,0.0,90.03919219970703
cross_town,Town02,mixed,2,244,478.5079320387749,189.6702880859375,294.1543273925781,0.0,90.03919219970703
cross_town,Town02,mixed,2,245,480.2169663940932,189.5990753173828,295.86187744140625,0.0,98.32007598876953
cross_town,Town02,mixed,2,246,481.7548533644748,189.203857421875,297.3481140136719,0.0,111.46171569824219
cross_town,Town02,mixed,2,247,483.2927637492762,188.4810791015625,298.7055969238281,0.0,124.60336303710938
cross_town,Town02,mixed,2,248,484.83063196515553,187.46861267089844,299.8631591796875,0.0,137.74501037597656
cross_town,Town02,mixed,2,249,486.52947887391895,186.11734008789062,300.8927917480469,0.0,146.33937072753906
cross_town,Town02,mixed,2,250,488.1821715195086,184.6678924560547,301.68682861328125,0.0,156.22988891601562
cross_town,Town02,mixed,2,251,489.8348880512695,183.1035919189453,302.22015380859375,0.0,166.12037658691406
cross_town,Town02,mixed,2,252,491.4875825905613,181.470947265625,302.476806640625,0.0,176.01089477539062
cross_town,Town02,mixed,2,253,493.35112137730744,179.60757446289062,302.5016784667969,0.0,179.92127990722656
cross_town,Town02,mixed,2,254,495.35112326323474,177.60757446289062,302.5044250488281,0.0,179.92127990722656
cross_town,Town02,mixed,2,255,497.35112514916204,175.60757446289062,302.5071716308594,0.0,179.92127990722656
cross_town,Town02,mixed,2,256,499.35112703508935,173.60757446289062,302.5099182128906,0.0,179.92127990722656
cross_town,Town02,mixed,3,0,0.0,-7.447046756744385,219.40994262695312,0.0,89.98706817626953
cross_town,Town02,mixed,3,1,2.000000050977689,-7.446595191955566,221.40994262695312,0.0,89.98706817626953
cross_town,Town02,mixed,3,2,4.000000101955378,-7.446143627166748,223.40994262695312,0.0,89.98706817626953
cross_town,Town02,mixed,3,3,6.000000152933067,-7.44569206237793,225.40994262695312,0.0,89.98706817626953
cross_town,Town02,mixed,3,4,8.000000203910757,-7.445240497589111,227.40994262695312,0.0,89.98706817626953
cross_town,Town02,mixed,3,5,10.000000254888446,-7.444788932800293,229.40994262695312,0.0,89.98706817626953
cross_town,Town02,mixed,3,6,12.000000305866136,-7.444337368011475,231.40994262695312,0.0,89.98706817626953
cross_town,Town02,mixed,3,7,14.000000356843826,-7.443885803222656,233.40994262695312,0.0,89.98706817626953
cross_town,Town02,mixed,3,8,16.000000407821513,-7.443434238433838,235.40994262695312,0.0,89.98706817626953
cross_town,Town02,mixed,3,9,18.000000458799203,-7.4429826736450195,237.40994262695312,0.0,89.98706817626953
cross_town,Town02,mixed,3,10,20.000000509776893,-7.442531108856201,239.40994262695312,0.0,89.98706817626953
cross_town,Town02,mixed,3,11,22.000000560754582,-7.442079544067383,241.40994262695312,0.0,89.98706817626953
cross_town,Town02,mixed,3,12,24.000000611732272,-7.4416279792785645,243.40994262695312,0.0,89.98706817626953
cross_town,Town02,mixed,3,13,26.00000066270996,-7.441176414489746,245.40994262695312,0.0,89.98706817626953
cross_town,Town02,mixed,3,14,28.00000071368765,-7.440724849700928,247.40994262695312,0.0,89.98706817626953
cross_town,Town02,mixed,3,15,30.00000076466534,-7.440273284912109,249.40994262695312,0.0,89.98706817626953
cross_town,Town02,mixed,3,16,32.0027174129515,-7.438744068145752,251.41265869140625,0.0,89.90901947021484
cross_town,Town02,mixed,3,17,34.00271993503107,-7.435567855834961,253.41265869140625,0.0,89.90901947021484
cross_town,Town02,mixed,3,18,36.002722457110636,-7.43239164352417,255.41265869140625,0.0,89.90901947021484
cross_town,Town02,mixed,3,19,38.002724978432994,-7.429215908050537,257.41265869140625,0.0,89.90901947021484
cross_town,Town02,mixed,3,20,40.00272750051256,-7.426039695739746,259.41265869140625,0.0,89.90901947021484
cross_town,Town02,mixed,3,21,42.00273002259213,-7.422863483428955,261.41265869140625,0.0,89.90901947021484
cross_town,Town02,mixed,3,22,44.00270202637484,-7.419687747955322,263.4126281738281,0.0,89.90901947021484
cross_town,Town02,mixed,3,23,46.00270454845441,-7.416511535644531,265.4126281738281,0.0,89.90901947021484
cross_town,Town02,mixed,3,24,48.00270707053398,-7.41333532333374,267.4126281738281,0.0,89.90901947021484
cross_town,Town02,mixed,3,25,50.00270959185634,-7.410159587860107,269.4126281738281,0.0,89.90901947021484
cross_town,Town02,mixed,3,26,52.00271211393591,-7.406983375549316,271.4126281738281,0.0,89.90901947021484
cross_town,Town02,mixed,3,27,54.002714635258265,-7.403807640075684,273.4126281738281,0.0,89.90901947021484
cross_town,Town02,mixed,3,28,56.002717157337834,-7.400631427764893,275.4126281738281,0.0,89.90901947021484
cross_town,Town02,mixed,3,29,58.0027196794174,-7.397455215454102,277.4126281738281,0.0,89.90901947021484
cross_town,Town02,mixed,3,30,60.00272220073976,-7.394279479980469,279.4126281738281,0.0,89.90901947021484
cross_town,Town02,mixed,3,31,62.00272472281933,-7.391103267669678,281.4126281738281,0.0,89.90901947021484
cross_town,Town02,mixed,3,32,64.0027272448989,-7.387927055358887,283.4126281738281,0.0,89.90901947021484
cross_town,Town02,mixed,3,33,66.00269924868161,-7.384751319885254,285.41259765625,0.0,89.90901947021484
cross_town,Town02,mixed,3,34,68.00270177076118,-7.381575107574463,287.41259765625,0.0,89.90901947021484
cross_town,Town02,mixed,3,35,70.00270429284075,-7.378398895263672,289.41259765625,0.0,89.90901947021484
cross_town,Town02,mixed,3,36,72.0027068141631,-7.375223159790039,291.41259765625,0.0,89.90901947021484
cross_town,Town02,mixed,3,37,74.00270933624267,-7.372046947479248,293.41259765625,0.0,89.90901947021484
cross_town,Town02,mixed,3,38,76.00304755201556,-7.368870258331299,295.4129333496094,0.0,89.90901947021484
cross_town,Town02,mixed,3,39,78.2309551927088,-7.30283260345459,297.6398620605469,0.0,443.3362121582031
cross_town,Town02,mixed,3,40,80.75618246512757,-6.6793670654296875,300.0869140625,0.0,428.07586669921875
cross_town,Town02,mixed,3,41,83.28139467554436,-5.43381404876709,302.2835693359375,0.0,412.8155517578125
cross_town,Town02,mixed,3,42,85.78985155841684,-3.668187141418457,304.0653991699219,0.0,398.04254150390625
cross_town,Town02,mixed,3,43,88.19607062982868,-1.6312412023544312,305.3463134765625,0.0,386.28411865234375
cross_town,Town02,mixed,3,44,90.60229758166292,0.6239919066429138,306.1852722167969,0.0,374.52569580078125
cross_town,Town02,mixed,3,45,93.00851750006196,3.0028629302978516,306.5470275878906,0.0,362.76727294921875
cross_town,Town02,mixed,3,46,95.10629476628613,5.100602149963379,306.5596618652344,0.0,-0.039054833352565765
cross_town,Town02,mixed,3,47,97.10629474020915,7.100601673126221,306.5583190917969,0.0,-0.039054833352565765
cross_town,Town02,mixed,3,48,99.10629378118001,9.100600242614746,306.55694580078125,0.0,-0.039054833352565765
cross_town,Town02,mixed,3,49,101.10629425266201,11.100600242614746,306.5555725097656,0.0,-0.039054833352565765
cross_town,Town02,mixed,3,50,103.10629374974799,13.10059928894043,306.5542297363281,0.0,-0.039054833352565765
cross_town,Town02,mixed,3,51,105.10629422122999,15.10059928894043,306.5528564453125,0.0,-0.039054833352565765
cross_town,Town02,mixed,3,52,107.10629469271198,17.10059928894043,306.5514831542969,0.0,-0.039054833352565765
cross_town,Town02,mixed,3,53,109.10629514347205,19.10059928894043,306.5501403808594,0.0,-0.039054833352565765
cross_town,Town02,mixed,3,54,111.10629561495405,21.10059928894043,306.54876708984375,0.0,-0.039054833352565765
cross_town,Town02,mixed,3,55,113.10629608643605,23.10059928894043,306.5473937988281,0.0,-0.039054833352565765
cross_town,Town02,mixed,3,56,115.10629653719612,25.10059928894043,306.5460510253906,0.0,-0.039054833352565765
cross_town,Town02,mixed,3,57,117.10629700867811,27.10059928894043,306.544677734375,0.0,-0.039054833352565765
cross_town,Town02,mixed,3,58,119.10629366546374,29.100595474243164,306.5433044433594,0.0,-0.039054833352565765
cross_town,Town02,mixed,3,59,121.10629411622381,31.100595474243164,306.5419616699219,0.0,-0.039054833352565765
cross_town,Town02,mixed,3,60,123.10629268035763,33.10059356689453,306.54058837890625,0.0,-0.039054833352565765
cross_town,Town02,mixed,3,61,125.10629315183962,35.10059356689453,306.5392150878906,0.0,-360.0390319824219
cross_town,Town02,mixed,3,62,127.10629362332162,37.10059356689453,306.537841796875,0.0,-360.0390319824219
cross_town,Town02,mixed,3,63,129.10629409480362,39.10059356689453,306.5364685058594,0.0,-360.0390319824219
cross_town,Town02,mixed,3,64,131.10629454556369,41.10059356689453,306.5351257324219,0.0,-360.0390319824219
cross_town,Town02,mixed,3,65,133.10629501704568,43.10059356689453,306.53375244140625,0.0,-360.0390319824219
cross_town,Town02,mixed,3,66,135.10629165310934,45.100589752197266,306.53240966796875,0.0,-360.0390319824219
cross_town,Town02,mixed,3,67,137.10629212459133,47.100589752197266,306.5310363769531,0.0,-360.0390319824219
cross_town,Town02,mixed,3,68,139.1042514575648,49.098548889160156,306.5301513671875,0.0,-359.9805603027344
cross_town,Town02,mixed,3,69,141.1042515807322,51.098548889160156,306.5308532714844,0.0,-359.9805603027344
cross_town,Town02,mixed,3,70,143.10425169342224,53.098548889160156,306.5315246582031,0.0,0.01941712014377117
cross_town,Town02,mixed,3,71,145.10425180611227,55.098548889160156,306.5321960449219,0.0,0.01941712014377117
cross_town,Town02,mixed,3,72,147.1042519188023,57.098548889160156,306.5328674316406,0.0,0.01941712014377117
cross_town,Town02,mixed,3,73,149.10425204196972,59.098548889160156,306.5335693359375,0.0,0.01941712014377117
cross_town,Town02,mixed,3,74,151.10425215465975,61.098548889160156,306.53424072265625,0.0,0.01941712014377117
cross_town,Town02,mixed,3,75,153.10425226734978,63.098548889160156,306.534912109375,0.0,0.01941712014377117
cross_town,Town02,mixed,3,76,155.1042523800398,65.09854888916016,306.53558349609375,0.0,0.01941712014377117
cross_town,Town02,mixed,3,77,157.10425249272984,67.09854888916016,306.5362548828125,0.0,0.01941712014377117
cross_town,Town02,mixed,3,78,159.10425261589725,69.09854888916016,306.5369567871094,0.0,0.01941712014377117
cross_town,Town02,mixed,3,79,161.10425272858728,71.09854888916016,306.5376281738281,0.0,0.01941712014377117
cross_town,Town02,mixed,3,80,163.10425284127732,73.09854888916016,306.5382995605469,0.0,0.01941712014377117
cross_town,Town02,mixed,3,81,165.10425295396735,75.09854888916016,306.5389709472656,0.0,0.01941712014377117
cross_town,Town02,mixed,3,82,167.10425306665738,77.09854888916016,306.5396423339844,0.0,0.01941712014377117
cross_town,Town02,mixed,3,83,169.1042531898248,79.09854888916016,306.54034423828125,0.0,0.01941712014377117
cross_town,Town02,mixed,3,84,171.10425330251482,81.09854888916016,306.541015625,0.0,0.01941712014377117
cross_town,Town02,mixed,3,85,173.10425341520485,83.09854888916016,306.54168701171875,0.0,0.01941712014377117
cross_town,Town02,mixed,3,86,175.10425352789488,85.09854888916016,306.5423583984375,0.0,0.01941712014377117
cross_town,Town02,mixed,3,87,177.10425364058491,87.09854888916016,306.54302978515625,0.0,0.01941712014377117
cross_town,Town02,mixed,3,88,179.10425376375233,89.09854888916016,306.5437316894531,0.0,0.01941712014377117
cross_town,Town02,mixed,3,89,181.10425387644236,91.09854888916016,306.5444030761719,0.0,0.01941712014377117
cross_town,Town02,mixed,3,90,183.1042539891324,93.09854888916016,306.5450744628906,0.0,0.01941712014377117
cross_town,Town02,mixed,3,91,185.10425410182242,95.09854888916016,306.5457458496094,0.0,0.01941712014377117
cross_town,Town02,mixed,3,92,187.10425421451245,97.09854888916016,306.5464172363281,0.0,0.01941712014377117
cross_town,Town02,mixed,3,93,189.10425433767986,99.09854888916016,306.547119140625,0.0,0.01941712014377117
cross_town,Town02,mixed,3,94,191.1042544503699,101.09854888916016,306.54779052734375,0.0,0.01941712014377117
cross_town,Town02,mixed,3,95,193.10425456305992,103.09854888916016,306.5484619140625,0.0,0.01941712014377117
cross_town,Town02,mixed,3,96,195.10425467574996,105.09854888916016,306.54913330078125,0.0,0.01941712014377117
cross_town,Town02,mixed,3,97,197.10425479891737,107.09854888916016,306.5498352050781,0.0,0.01941712014377117
cross_town,Town02,mixed,3,98,199.1042549116074,109.09854888916016,306.5505065917969,0.0,0.01941712014377117
cross_town,Town02,mixed,3,99,201.10425502429743,111.09854888916016,306.5511779785156,0.0,0.01941712014377117
cross_town,Town02,mixed,3,100,203.10425513698746,113.09854888916016,306.5518493652344,0.0,0.01941712014377117
cross_town,Town02,mixed,3,101,205.1042552496775,115.09854888916016,306.5525207519531,0.0,0.01941712014377117
cross_town,Town02,mixed,3,102,207.10424774345083,117.09854125976562,306.55322265625,0.0,0.01941712014377117
cross_town,Town02,mixed,3,103,209.10424785614086,119.09854125976562,306.55389404296875,0.0,0.01941712014377117
cross_town,Town02,mixed,3,104,211.1042479688309,121.09854125976562,306.5545654296875,0.0,0.01941712014377117
cross_town,Town02,mixed,3,105,213.10424808152092,123.09854125976562,306.55523681640625,0.0,0.01941712014377117
cross_town,Town02,mixed,3,106,215.10424819421095,125.09854125976562,306.555908203125,0.0,0.01941712014377117
cross_town,Town02,mixed,3,107,217.10424831737836,127.09854125976562,306.5566101074219,0.0,0.01941712014377117
cross_town,Town02,mixed,3,108,219.1042484300684,129.09854125976562,306.5572814941406,0.0,0.01941712014377117
cross_town,Town02,mixed,3,109,221.10424854275843,131.09854125976562,306.5579528808594,0.0,0.01941712014377117
cross_town,Town02,mixed,3,110,223.10424865544846,133.09854125976562,306.5586242675781,0.0,0.01941712014377117
cross_town,Town02,mixed,3,111,225.1042487681385,135.09854125976562,306.5592956542969,0.0,0.01941712014377117
cross_town,Town02,mixed,3,112,227.10577472242437,137.10006713867188,306.5598449707031,0.0,-0.02383248694241047
cross_town,Town02,mixed,3,113,229.10766837634108,139.10195922851562,306.5573425292969,0.0,-0.07871776074171066
cross_town,Town02,mixed,3,114,231.1076703044107,141.10195922851562,306.5545654296875,0.0,-0.07871776074171066
cross_town,Town02,mixed,3,115,233.10767219033804,143.10195922851562,306.55181884765625,0.0,-0.07871776074171066
cross_town,Town02,mixed,3,116,235.10767407626537,145.10195922851562,306.549072265625,0.0,-0.07871776074171066
cross_town,Town02,mixed,3,117,237.1076759621927,147.10195922851562,306.54632568359375,0.0,-0.07871776074171066
cross_town,Town02,mixed,3,118,239.10767784812003,149.10195922851562,306.5435791015625,0.0,-0.07871776074171066
cross_town,Town02,mixed,3,119,241.10767973404737,151.10195922851562,306.54083251953125,0.0,-0.07871776074171066
cross_town,Town02,mixed,3,120,243.1076816199747,153.10195922851562,306.5380859375,0.0,-0.07871776074171066
cross_town,Town02,mixed,3,121,245.10768350590203,155.10195922851562,306.53533935546875,0.0,-0.07871776074171066
cross_town,Town02,mixed,3,122,247.10767013305468,157.10194396972656,306.5325927734375,0.0,-0.07871776074171066
cross_town,Town02,mixed,3,123,249.10767201898202,159.10194396972656,306.52984619140625,0.0,-0.07871776074171066
cross_town,Town02,mixed,3,124,251.10767390490935,161.10194396972656,306.527099609375,0.0,-0.07871776074171066
cross_town,Town02,mixed,3,125,253.10767579083668,163.10194396972656,306.52435302734375,0.0,-0.07871776074171066
cross_town,Town02,mixed,3,126,255.107677676764,165.10194396972656,306.5216064453125,0.0,-0.07871776074171066
cross_town,Town02,mixed,3,127,257.1076795626913,167.10194396972656,306.51885986328125,0.0,-0.07871776074171066
cross_town,Town02,mixed,3,128,259.1076814486186,169.10194396972656,306.51611328125,0.0,-0.07871776074171066
cross_town,Town02,mixed,3,129,261.10766807577124,171.1019287109375,306.51336669921875,0.0,-0.07871776074171066
cross_town,Town02,mixed,3,130,263.10766996169855,173.1019287109375,306.5106201171875,0.0,-0.07871776074171066
cross_town,Town02,mixed,3,131,265.10767184762585,175.1019287109375,306.50787353515625,0.0,-0.07871776074171066
cross_town,Town02,mixed,3,132,267.10767373355316,177.1019287109375,306.505126953125,0.0,-0.07871776074171066
cross_town,Town02,mixed,3,133,269.10767561948046,179.1019287109375,306.50238037109375,0.0,-0.07871776074171066
cross_town,Town02,mixed,3,134,271.15633184133713,181.15057373046875,306.49560546875,0.0,358.53857421875
cross_town,Town02,mixed,3,135,273.49865930261126,183.478271484375,306.2342224121094,0.0,348.6480712890625
cross_town,Town02,mixed,3,136,275.84098644048294,185.7264862060547,305.5769348144531,0.0,338.757568359375
cross_town,Town02,mixed,3,137,278.18332674105363,187.82839965820312,304.5432434082031,0.0,328.8670654296875
cross_town,Town02,mixed,3,138,280.4528360525399,189.68112182617188,303.23248291015625,0.0,321.10357666015625
cross_town,Town02,mixed,3,139,282.9061905753032,191.40170288085938,301.4836120605469,0.0,307.9619445800781
cross_town,Town02,mixed,3,140,285.359550004925,192.67959594726562,299.38934326171875,0.0,294.8203125
cross_town,Town02,mixed,3,141,287.81287575009026,193.4478759765625,297.0594177246094,0.0,281.67864990234375
cross_town,Town02,mixed,3,142,290.2143693927258,193.66993713378906,294.668212890625,0.0,270.0391845703125
cross_town,Town02,mixed,3,143,292.2143698642078,193.6713104248047,292.668212890625,0.0,-89.96080780029297
cross_town,Town02,mixed,3,144,294.21437032527064,193.67266845703125,290.668212890625,0.0,-89.96080780029297
cross_town,Town02,mixed,3,145,296.21437079675263,193.67404174804688,288.668212890625,0.0,-89.96080780029297
cross_town,Town02,mixed,3,146,298.21437126823463,193.6754150390625,286.668212890625,0.0,-89.96080780029297
cross_town,Town02,mixed,3,147,300.21437172929745,193.67677307128906,284.668212890625,0.0,-89.96080780029297
cross_town,Town02,mixed,3,148,302.21437220077945,193.6781463623047,282.668212890625,0.0,-89.96080780029297
cross_town,Town02,mixed,3,149,304.21437267226145,193.6795196533203,280.668212890625,0.0,-89.96080780029297
cross_town,Town02,mixed,3,150,306.2143731333243,193.68087768554688,278.668212890625,0.0,-89.96080780029297
cross_town,Town02,mixed,3,151,308.21437360480627,193.6822509765625,276.668212890625,0.0,-89.96080780029297
cross_town,Town02,mixed,3,152,310.21437407628827,193.68362426757812,274.668212890625,0.0,-89.96080780029297
cross_town,Town02,mixed,3,153,312.2143745373511,193.6849822998047,272.668212890625,0.0,-89.96080780029297
cross_town,Town02,mixed,3,154,314.2143750088331,193.6863555908203,270.668212890625,0.0,-89.96080780029297
cross_town,Town02,mixed,3,155,316.2143754803151,193.68772888183594,268.668212890625,0.0,-89.96080780029297
cross_town,Town02,mixed,3,156,318.2143759413779,193.6890869140625,266.668212890625,0.0,-89.96080780029297
cross_town,Town02,mixed,3,157,320.2143764128599,193.69046020507812,264.668212890625,0.0,-89.96080780029297
cross_town,Town02,mixed,3,158,322.21437687392273,193.6918182373047,262.668212890625,0.0,-89.96080780029297
cross_town,Town02,mixed,3,159,324.2143773454047,193.6931915283203,260.668212890625,0.0,-89.96080780029297
cross_town,Town02,mixed,3,160,326.2143778168867,193.69456481933594,258.668212890625,0.0,-89.96080780029297
cross_town,Town02,mixed,3,161,328.21437827794955,193.6959228515625,256.668212890625,0.0,-89.96080780029297
cross_town,Town02,mixed,3,162,330.21436349064606,193.69729614257812,254.66822814941406,0.0,-89.96080780029297
cross_town,Town02,mixed,3,163,332.21436396212806,193.69866943359375,252.66822814941406,0.0,-89.96080780029297
cross_town,Town02,mixed,3,164,334.21549352300013,193.699951171875,250.66709899902344,0.0,-89.99296569824219
cross_town,Town02,mixed,3,165,336.2161954697155,193.6995391845703,248.66639709472656,0.0,-90.01294708251953
cross_town,Town02,mixed,3,166,338.2161955221024,193.69908142089844,246.66639709472656,0.0,-90.01294708251953
cross_town,Town02,mixed,3,167,340.60809655930797,193.51133728027344,244.28187561035156,0.0,-101.38542175292969
cross_town,Town02,mixed,3,168,343.1315761205066,192.690185546875,241.89573669433594,0.0,-116.59471130371094
cross_town,Town02,mixed,3,169,345.65505974162414,191.2718048095703,239.80859375,0.0,-131.8040008544922
cross_town,Town02,mixed,3,170,348.2544841729094,189.26556396484375,238.1557159423828,0.0,-149.26629638671875
cross_town,Town02,mixed,3,171,350.8556280714762,186.8534393310547,237.18226623535156,0.0,-166.77903747558594
cross_town,Town02,mixed,3,172,353.3089679848794,184.4105987548828,236.95553588867188,0.0,-179.96519470214844
cross_town,Town02,mixed,3,173,355.30924300630664,182.4103240966797,236.95433044433594,0.0,-179.96519470214844
cross_town,Town02,mixed,3,174,357.3092433788356,180.4103240966797,236.95310974121094,0.0,-179.96519470214844
cross_town,Town02,mixed,3,175,359.3092437513646,178.4103240966797,236.95188903808594,0.0,-179.96519470214844
cross_town,Town02,mixed,3,176,361.30924411463855,176.4103240966797,236.95068359375,0.0,-179.96519470214844
cross_town,Town02,mixed,3,177,363.3092444871675,174.4103240966797,236.949462890625,0.0,-179.96519470214844
cross_town,Town02,mixed,3,178,365.3092448504415,172.4103240966797,236.94825744628906,0.0,-179.96519470214844
cross_town,Town02,mixed,3,179,367.30924522297045,170.4103240966797,236.94703674316406,0.0,-179.96519470214844
cross_town,Town02,mixed,3,180,369.3092455954994,168.4103240966797,236.94581604003906,0.0,-179.96519470214844
cross_town,Town02,mixed,3,181,371.3092459587734,166.4103240966797,236.94461059570312,0.0,-179.96519470214844
cross_town,Town02,mixed,3,182,373.30924633130235,164.4103240966797,236.94338989257812,0.0,-179.96519470214844
cross_town,Town02,mixed,3,183,375.3092466945763,162.4103240966797,236.9421844482422,0.0,-179.96519470214844
cross_town,Town02,mixed,3,184,377.3092470671053,160.4103240966797,236.9409637451172,0.0,-179.96519470214844
cross_town,Town02,mixed,3,185,379.30924743037923,158.4103240966797,236.93975830078125,0.0,-179.96519470214844
cross_town,Town02,mixed,3,186,381.309232544122,156.41033935546875,236.93853759765625,0.0,-179.96519470214844
cross_town,Town02,mixed,3,187,383.30923291665096,154.41033935546875,236.93731689453125,0.0,-179.96519470214844
cross_town,Town02,mixed,3,188,385.3092332799249,152.41033935546875,236.9361114501953,0.0,-179.96519470214844
cross_town,Town02,mixed,3,189,387.3092336524539,150.41033935546875,236.9348907470703,0.0,-179.96519470214844
cross_town,Town02,mixed,3,190,389.30923401572784,148.41033935546875,236.93368530273438,0.0,-179.96519470214844
cross_town,Town02,mixed,3,191,391.3092343882568,146.41033935546875,236.93246459960938,0.0,-179.96519470214844
cross_town,Town02,mixed,3,192,393.3092347607858,144.41033935546875,236.93124389648438,0.0,-179.96519470214844
cross_town,Town02,mixed,3,193,395.30923513331476,142.41033935546875,236.93002319335938,0.0,-539.9651489257812
cross_town,Town02,mixed,3,194,397.21430557383184,140.50527954101562,236.9236602783203,0.0,-177.24754333496094
cross_town,Town02,mixed,3,195,398.60538935488427,139.14163208007812,236.64874267578125,0.0,-159.95518493652344
cross_town,Town02,mixed,3,196,399.9964860551907,137.9213409423828,235.9808807373047,0.0,-142.662841796875
cross_town,Town02,mixed,3,197,401.38473446256245,136.95693969726562,234.9822998046875,0.0,-125.29011535644531
cross_town,Town02,mixed,3,198,402.77076497658516,136.33692932128906,233.74267578125,0.0,-107.85523223876953
cross_town,Town02,mixed,3,199,404.15682739842345,136.11679077148438,232.37420654296875,0.0,-90.42034912109375
cross_town,Town02,mixed,3,200,406.14036403857887,136.11865234375,230.3906707763672,0.0,-449.9419250488281
cross_town,Town02,mixed,3,201,408.1403650682139,136.1206817626953,228.3906707763672,0.0,-89.9419174194336
cross_town,Town02,mixed,3,202,410.1403660978489,136.12271118164062,226.3906707763672,0.0,-89.9419174194336
cross_town,Town02,mixed,3,203,412.14036712748396,136.12474060058594,224.3906707763672,0.0,-89.9419174194336
cross_town,Town02,mixed,3,204,414.140368157119,136.12677001953125,222.3906707763672,0.0,-89.9419174194336
cross_town,Town02,mixed,3,205,416.140369171329,136.1287841796875,220.3906707763672,0.0,-89.9419174194336
cross_town,Town02,mixed,3,206,418.140370200964,136.1308135986328,218.3906707763672,0.0,-89.9419174194336
cross_town,Town02,mixed,3,207,420.14037123059904,136.13284301757812,216.3906707763672,0.0,-89.9419174194336
cross_town,Town02,mixed,3,208,422.1403722602341,136.13487243652344,214.3906707763672,0.0,-89.9419174194336
cross_town,Town02,mixed,3,209,424.1403732898691,136.13690185546875,212.3906707763672,0.0,-89.9419174194336
cross_town,Town02,mixed,3,210,426.14037431950413,136.13893127441406,210.3906707763672,0.0,-89.9419174194336
cross_town,Town02,mixed,3,211,428.14037534913916,136.14096069335938,208.3906707763672,0.0,-89.9419174194336
cross_town,Town02,mixed,3,212,430.14037636334916,136.14297485351562,206.3906707763672,0.0,-89.9419174194336
cross_town,Town02,mixed,3,213,432.1403773929842,136.14500427246094,204.3906707763672,0.0,-89.9419174194336
cross_town,Town02,mixed,3,214,434.1403784226192,136.14703369140625,202.3906707763672,0.0,-89.9419174194336
cross_town,Town02,mixed,3,215,436.14037945225425,136.14906311035156,200.3906707763672,0.0,-89.9419174194336
cross_town,Town02,mixed,3,216,438.1403652231081,136.15109252929688,198.39068603515625,0.0,-89.9419174194336
cross_town,Town02,mixed,3,217,439.9738578567695,136.17324829101562,196.5573272705078,0.0,-85.18437194824219
cross_town,Town02,mixed,3,218,441.4631484459915,136.48477172851562,195.10098266601562,0.0,-70.66797637939453
cross_town,Town02,mixed,3,219,442.95243891835196,137.15138244628906,193.7692108154297,0.0,-56.15157699584961
cross_town,Town02,mixed,3,220,444.48047725925534,138.13739013671875,192.60186767578125,0.0,-42.704795837402344
cross_town,Town02,mixed,3,221,445.77400667934455,139.2261505126953,191.90342712402344,0.0,-22.655750274658203
cross_town,Town02,mixed,3,222,447.0675363826581,140.48837280273438,191.6205596923828,0.0,-2.6067020893096924
cross_town,Town02,mixed,3,223,448.9758487593564,142.3966827392578,191.6175079345703,0.0,0.02626265585422516
cross_town,Town02,mixed,3,224,450.97584896890396,144.3966827392578,191.61842346191406,0.0,0.02626265585422516
cross_town,Town02,mixed,3,225,452.97584917845154,146.3966827392578,191.6193389892578,0.0,0.02626265585422516
cross_town,Town02,mixed,3,226,454.9758493879991,148.3966827392578,191.62025451660156,0.0,0.02626265585422516
cross_town,Town02,mixed,3,227,456.9758495975467,150.3966827392578,191.6211700439453,0.0,0.02626265585422516
cross_town,Town02,mixed,3,228,458.9758498070943,152.3966827392578,191.62208557128906,0.0,0.02626265585422516
cross_town,Town02,mixed,3,229,460.97585001664186,154.3966827392578,191.6230010986328,0.0,0.02626265585422516
cross_town,Town02,mixed,3,230,462.97585022618944,156.3966827392578,191.62391662597656,0.0,0.02626265585422516
cross_town,Town02,mixed,3,231,464.975850435737,158.3966827392578,191.6248321533203,0.0,0.02626265585422516
cross_town,Town02,mixed,3,232,466.9758506523277,160.3966827392578,191.62576293945312,0.0,0.02626265585422516
cross_town,Town02,mixed,3,233,468.9758508618753,162.3966827392578,191.62667846679688,0.0,0.02626265585422516
cross_town,Town02,mixed,3,234,470.9758510714229,164.3966827392578,191.62759399414062,0.0,0.02626265585422516
cross_town,Town02,mixed,3,235,472.97585128097046,166.3966827392578,191.62850952148438,0.0,0.02626265585422516
cross_town,Town02,mixed,3,236,474.97585149051804,168.3966827392578,191.62942504882812,0.0,0.02626265585422516
cross_town,Town02,mixed,3,237,476.9758517000656,170.3966827392578,191.63034057617188,0.0,0.02626265585422516
cross_town,Town02,mixed,3,238,478.9758519096132,172.3966827392578,191.63125610351562,0.0,0.02626265585422516
cross_town,Town02,mixed,3,239,480.9758521191608,174.3966827392578,191.63217163085938,0.0,0.02626265585422516
cross_town,Town02,mixed,3,240,482.97585232870836,176.3966827392578,191.63308715820312,0.0,0.02626265585422516
cross_town,Town02,mixed,3,241,484.97585253825594,178.3966827392578,191.63400268554688,0.0,0.02626265585422516
cross_town,Town02,mixed,3,242,486.9758527478035,180.3966827392578,191.63491821289062,0.0,0.02626265585422516
cross_town,Town02,mixed,3,243,488.9758529573511,182.3966827392578,191.63583374023438,0.0,0.02626265585422516
cross_town,Town02,mixed,3,244,490.9758531739418,184.3966827392578,191.6367645263672,0.0,-359.97369384765625
cross_town,Town02,mixed,3,245,493.1817226990585,186.6018829345703,191.58242797851562,0.0,-365.9063415527344
cross_town,Town02,mixed,3,246,495.6557639208718,189.01461791992188,191.0350799560547,0.0,-379.6573181152344
cross_town,Town02,mixed,3,247,498.250322929283,191.32118225097656,189.84701538085938,0.0,-36.94488525390625
cross_town,Town02,mixed,3,248,501.23677125825446,193.17861938476562,187.5084686279297,0.0,-66.13677215576172
cross_town,Town02,mixed,4,0,0.0,104.60017395019531,187.60018920898438,0.0,180.02626037597656
cross_town,Town02,mixed,4,1,2.000000209547568,102.60017395019531,187.59927368164062,0.0,180.02626037597656
cross_town,Town02,mixed,4,2,4.000000419095136,100.60017395019531,187.59835815429688,0.0,180.02626037597656
cross_town,Town02,mixed,4,3,6.000000628642704,98.60017395019531,187.59744262695312,0.0,180.02626037597656
cross_town,Town02,mixed,4,4,8.000000838190273,96.60017395019531,187.59652709960938,0.0,180.02626037597656
cross_town,Town02,mixed,4,5,10.000001047737841,94.60017395019531,187.59561157226562,0.0,180.02626037597656
cross_town,Town02,mixed,4,6,12.00000125728541,92.60017395019531,187.59469604492188,0.0,180.02626037597656
cross_town,Town02,mixed,4,7,14.000001473876104,90.60017395019531,187.59376525878906,0.0,180.02626037597656
cross_town,Town02,mixed,4,8,16.000001683423672,88.60017395019531,187.5928497314453,0.0,180.02626037597656
cross_town,Town02,mixed,4,9,18.00000189297124,86.60017395019531,187.59193420410156,0.0,180.02626037597656
cross_town,Town02,mixed,4,10,20.00000210251881,84.60017395019531,187.5910186767578,0.0,180.02626037597656
cross_town,Town02,mixed,4,11,22.00000231206638,82.60017395019531,187.59010314941406,0.0,180.02626037597656
cross_town,Town02,mixed,4,12,24.000002521613947,80.60017395019531,187.5891876220703,0.0,180.02626037597656
cross_town,Town02,mixed,4,13,26.000002731161516,78.60017395019531,187.58827209472656,0.0,180.02626037597656
cross_town,Town02,mixed,4,14,28.000002940709084,76.60017395019531,187.5873565673828,0.0,180.02626037597656
cross_town,Town02,mixed,4,15,30.000003150256653,74.60017395019531,187.58644104003906,0.0,180.02626037597656
cross_town,Town02,mixed,4,16,32.00000335980422,72.60017395019531,187.5855255126953,0.0,180.02626037597656
cross_town,Town02,mixed,4,17,34.00000356935178,70.60017395019531,187.58460998535156,0.0,180.02626037597656
cross_town,Town02,mixed,4,18,36.00000377889935,68.60017395019531,187.5836944580078,0.0,180.02626037597656
cross_town,Town02,mixed,4,19,38.00000398844691,66.60017395019531,187.58277893066406,0.0,180.02626037597656
cross_town,Town02,mixed,4,20,40.000004205037605,64.60017395019531,187.58184814453125,0.0,180.02626037597656
cross_town,Town02,mixed,4,21,42.00000059988831,62.60017776489258,187.5809326171875,0.0,180.02626037597656
cross_town,Town02,mixed,4,22,44.000000809435875,60.60017776489258,187.58001708984375,0.0,180.02626037597656
cross_town,Town02,mixed,4,23,46.00000101898344,58.60017776489258,187.5791015625,0.0,180.02626037597656
cross_town,Town02,mixed,4,24,48.000001228531005,56.60017776489258,187.57818603515625,0.0,180.02626037597656
cross_town,Town02,mixed,4,25,50.00000143807857,54.60017776489258,187.5772705078125,0.0,180.02626037597656
cross_town,Town02,mixed,4,26,51.999997832929274,52.600181579589844,187.57635498046875,0.0,-179.97369384765625
cross_town,Town02,mixed,4,27,53.99999804247684,50.600181579589844,187.575439453125,0.0,-179.97369384765625
cross_town,Town02,mixed,4,28,56.624912984926986,48.00685119628906,187.98141479492188,0.0,161.7923583984375
cross_town,Town02,mixed,4,29,59.267848599306646,45.664390563964844,189.20533752441406,0.0,143.03453063964844
cross_town,Town02,mixed,4,30,61.877456667443425,43.85708999633789,191.0878143310547,0.0,125.25459289550781
cross_town,Town02,mixed,4,31,64.31978980126956,42.67878723144531,193.22711181640625,0.0,112.43640899658203
cross_town,Town02,mixed,4,32,66.7621206008377,42.00446701049805,195.5745086669922,0.0,99.61821746826172
cross_town,Town02,mixed,4,33,69.09479833696756,41.850730895996094,197.90211486816406,0.0,-270.00494384765625
cross_town,Town02,mixed,4,34,71.09479834500385,41.85091018676758,199.90211486816406,0.0,89.99503326416016
cross_town,Town02,mixed,4,35,73.09479835237076,41.85108184814453,201.90211486816406,0.0,89.99503326416016
cross_town,Town02,mixed,4,36,75.09479836006872,41.85125732421875,203.90211486816406,0.0,89.99503326416016
cross_town,Town02,mixed,4,37,77.09479836743563,41.8514289855957,205.90211486816406,0.0,89.99503326416016
cross_town,Town02,mixed,4,38,79.09479837513359,41.85160446166992,207.90211486816406,0.0,89.99503326416016
cross_town,Town02,mixed,4,39,81.0947983825005,41.851776123046875,209.90211486816406,0.0,89.99503326416016
cross_town,Town02,mixed,4,40,83.09479839019846,41.851951599121094,211.90211486816406,0.0,89.99503326416016
cross_town,Town02,mixed,4,41,85.09479839756537,41.85212326049805,213.90211486816406,0.0,89.99503326416016
cross_town,Town02,mixed,4,42,87.09479840526333,41.852298736572266,215.90211486816406,0.0,89.99503326416016
cross_town,Town02,mixed,4,43,89.09479841263024,41.85247039794922,217.90211486816406,0.0,89.99503326416016
cross_town,Town02,mixed,4,44,91.0947984203282,41.85264587402344,219.90211486816406,0.0,89.99503326416016
cross_town,Town02,mixed,4,45,93.09479842769511,41.85281753540039,221.90211486816406,0.0,89.99503326416016
cross_town,Town02,mixed,4,46,95.09479843539307,41.85299301147461,223.90211486816406,0.0,89.99503326416016
cross_town,Town02,mixed,4,47,97.09479844309104,41.85316848754883,225.90211486816406,0.0,89.99503326416016
cross_town,Town02,mixed,4,48,99.11613044450536,41.85409927368164,227.92344665527344,0.0,89.38407897949219
cross_town,Town02,mixed,4,49,101.46353528906099,42.08460998535156,230.25950622558594,0.0,79.34518432617188
cross_town,Town02,mixed,4,50,103.8109608762504,42.71881103515625,232.51963806152344,0.0,69.30628204345703
cross_town,Town02,mixed,4,51,106.15838207923707,43.737274169921875,234.63461303710938,0.0,59.26737976074219
cross_town,Town02,mixed,4,52,108.50580534469363,45.108821868896484,236.5396728515625,0.0,49.22850036621094
cross_town,Town02,mixed,4,53,110.87850889707465,46.81814193725586,238.1852569580078,0.0,38.44923400878906
cross_town,Town02,mixed,4,54,113.25902642907901,48.815818786621094,239.47991943359375,0.0,27.44342041015625
cross_town,Town02,mixed,4,55,115.63953566861979,51.02391815185547,240.36936950683594,0.0,16.437591552734375
cross_town,Town02,mixed,4,56,118.02004674735157,53.361209869384766,240.8209228515625,0.0,5.4317626953125
cross_town,Town02,mixed,4,57,120.20783428161998,55.54827117919922,240.87728881835938,0.0,0.0348052978515625
cross_town,Town02,mixed,4,58,122.20783465414898,57.54827117919922,240.87850952148438,0.0,0.0348052978515625
cross_town,Town02,mixed,4,59,124.20782738802981,59.54826354980469,240.8797149658203,0.0,0.0348052978515625
cross_town,Town02,mixed,4,60,126.20783157525537,61.54826736450195,240.8809356689453,0.0,0.0348052978515625
cross_town,Town02,mixed,4,61,128.20783193852935,63.54826736450195,240.88214111328125,0.0,0.0348052978515625
cross_town,Town02,mixed,4,62,130.2078361257549,65.54827117919922,240.88336181640625,0.0,0.0348052978515625
cross_town,Town02,mixed,4,63,132.2078364982839,67.54827117919922,240.88458251953125,0.0,0.0348052978515625
cross_town,Town02,mixed,4,64,134.20782923216476,69.54826354980469,240.8857879638672,0.0,0.0348052978515625
cross_town,Town02,mixed,4,65,136.20782960469376,71.54826354980469,240.8870086669922,0.0,0.0348052978515625
cross_town,Town02,mixed,4,66,138.20782996796774,73.54826354980469,240.88821411132812,0.0,0.0348052978515625
cross_town,Town02,mixed,4,67,140.20783034049674,75.54826354980469,240.88943481445312,0.0,0.0348052978515625
cross_town,Town02,mixed,4,68,142.20783071302574,77.54826354980469,240.89065551757812,0.0,0.0348052978515625
cross_town,Town02,mixed,4,69,144.20783107629973,79.54826354980469,240.89186096191406,0.0,0.0348052978515625
cross_town,Town02,mixed,4,70,146.20783144882873,81.54826354980469,240.89308166503906,0.0,0.0348052978515625
cross_town,Town02,mixed,4,71,148.2078318121027,83.54826354980469,240.894287109375,0.0,0.0348052978515625
cross_town,Town02,mixed,4,72,150.2078321846317,85.54826354980469,240.8955078125,0.0,0.0348052978515625
cross_town,Town02,mixed,4,73,152.2078325479057,87.54826354980469,240.89671325683594,0.0,0.0348052978515625
cross_town,Town02,mixed,4,74,154.2078329204347,89.54826354980469,240.89793395996094,0.0,0.0348052978515625
cross_town,Town02,mixed,4,75,156.2078256635706,91.54825592041016,240.89915466308594,0.0,0.0348052978515625
cross_town,Town02,mixed,4,76,158.2078336562377,93.54826354980469,240.90036010742188,0.0,0.0348052978515625
cross_town,Town02,mixed,4,77,160.2078263993736,95.54825592041016,240.90158081054688,0.0,0.0348052978515625
cross_town,Town02,mixed,4,78,162.20782676264758,97.54825592041016,240.9027862548828,0.0,0.0348052978515625
cross_town,Town02,mixed,4,79,164.2078271351766,99.54825592041016,240.9040069580078,0.0,0.0348052978515625
cross_town,Town02,mixed,4,80,166.2078275077056,101.54825592041016,240.9052276611328,0.0,0.0348052978515625
cross_town,Town02,mixed,4,81,168.20782787097957,103.54825592041016,240.90643310546875,0.0,0.0348052978515625
cross_town,Town02,mixed,4,82,170.20782824350857,105.54825592041016,240.90765380859375,0.0,0.0348052978515625
cross_town,Town02,mixed,4,83,172.20782860678256,107.54825592041016,240.9088592529297,0.0,0.0348052978515625
cross_town,Town02,mixed,4,84,174.20782897931156,109.54825592041016,240.9100799560547,0.0,0.0348052978515625
cross_town,Town02,mixed,4,85,176.20782935184056,111.54825592041016,240.9113006591797,0.0,0.0348052978515625
cross_town,Town02,mixed,4,86,178.20782971511454,113.54825592041016,240.91250610351562,0.0,0.0348052978515625
cross_town,Town02,mixed,4,87,180.20783008764354,115.54825592041016,240.91372680664062,0.0,0.0348052978515625
cross_town,Town02,mixed,4,88,182.20783045091753,117.54825592041016,240.91493225097656,0.0,0.0348052978515625
cross_town,Town02,mixed,4,89,184.20783082344653,119.54825592041016,240.91615295410156,0.0,0.0348052978515625
cross_town,Town02,mixed,4,90,186.2078311867205,121.54825592041016,240.9173583984375,0.0,0.0348052978515625
cross_town,Town02,mixed,4,91,188.2078315592495,123.54825592041016,240.9185791015625,0.0,0.0348052978515625
cross_town,Town02,mixed,4,92,190.2078319225235,125.54825592041016,240.91978454589844,0.0,-359.96514892578125
cross_town,Town02,mixed,4,93,192.2078246656594,127.54824829101562,240.92100524902344,0.0,-359.96514892578125
cross_town,Town02,mixed,4,94,194.2078250381884,129.54824829101562,240.92222595214844,0.0,-359.96514892578125
cross_town,Town02,mixed,4,95,196.20781014267607,131.54823303222656,240.92343139648438,0.0,-359.96514892578125
cross_town,Town02,mixed,4,96,198.20781051520507,133.54823303222656,240.92465209960938,0.0,-359.96514892578125
cross_town,Town02,mixed,4,97,200.2078261465203,135.54824829101562,240.92587280273438,0.0,-359.96514892578125
cross_town,Town02,mixed,4,98,202.20782650979427,137.54824829101562,240.9270782470703,0.0,-359.96514892578125
cross_town,Town02,mixed,4,99,204.20782688232327,139.54824829101562,240.9282989501953,0.0,-359.96514892578125
cross_town,Town02,mixed,4,100,206.20782725485228,141.54824829101562,240.9295196533203,0.0,-359.96514892578125
cross_town,Town02,mixed,4,101,208.20782761812626,143.54824829101562,240.93072509765625,0.0,0.0348052978515625
cross_town,Town02,mixed,4,102,210.20782799065526,145.54824829101562,240.93194580078125,0.0,0.0348052978515625
cross_town,Town02,mixed,4,103,212.20782835392924,147.54824829101562,240.9331512451172,0.0,0.0348052978515625
cross_town,Town02,mixed,4,104,214.20782872645825,149.54824829101562,240.9343719482422,0.0,0.0348052978515625
cross_town,Town02,mixed,4,105,216.20782909898725,151.54824829101562,240.9355926513672,0.0,0.0348052978515625
cross_town,Town02,mixed,4,106,218.20782946226123,153.54824829101562,240.93679809570312,0.0,0.0348052978515625
cross_town,Town02,mixed,4,107,220.20782983479023,155.54824829101562,240.93801879882812,0.0,0.0348052978515625
cross_town,Town02,mixed,4,108,222.20783019806422,157.54824829101562,240.93922424316406,0.0,0.0348052978515625
cross_town,Town02,mixed,4,109,224.20783057059322,159.54824829101562,240.94044494628906,0.0,0.0348052978515625
cross_town,Town02,mixed,4,110,226.2078309338672,161.54824829101562,240.941650390625,0.0,0.0348052978515625
cross_town,Town02,mixed,4,111,228.2078313063962,163.54824829101562,240.94287109375,0.0,0.0348052978515625
cross_town,Town02,mixed,4,112,230.2078316789252,165.54824829101562,240.944091796875,0.0,0.0348052978515625
cross_town,Town02,mixed,4,113,232.2078320421992,167.54824829101562,240.94529724121094,0.0,0.0348052978515625
cross_town,Town02,mixed,4,114,234.2078324147282,169.54824829101562,240.94651794433594,0.0,0.0348052978515625
cross_town,Town02,mixed,4,115,236.20783277800217,171.54824829101562,240.94772338867188,0.0,0.0348052978515625
cross_town,Town02,mixed,4,116,238.20783315053117,173.54824829101562,240.94894409179688,0.0,0.0348052978515625
cross_town,Town02,mixed,4,117,240.20783352306017,175.54824829101562,240.95016479492188,0.0,0.0348052978515625
cross_town,Town02,mixed,4,118,242.20783388633416,177.54824829101562,240.9513702392578,0.0,0.0348052978515625
cross_town,Town02,mixed,4,119,244.20783425886316,179.54824829101562,240.9525909423828,0.0,0.0348052978515625
cross_town,Town02,mixed,4,120,246.20783462213714,181.54824829101562,240.95379638671875,0.0,0.0348052978515625
cross_town,Town02,mixed,4,121,248.20781973587992,183.54823303222656,240.95501708984375,0.0,0.0348052978515625
cross_town,Town02,mixed,4,122,250.38919886566148,185.72930908203125,240.9186553955078,0.0,-5.18414306640625
cross_town,Town02,mixed,4,123,252.94476688147736,188.21670532226562,240.3323211669922,0.0,-21.343307495117188
cross_town,Town02,mixed,4,124,255.50034368474968,190.44265747070312,239.07688903808594,0.0,-37.50248718261719
cross_town,Town02,mixed,4,125,258.1055854372377,192.2515411376953,237.20199584960938,0.0,-55.14064025878906
cross_town,Town02,mixed,4,126,260.75472674578447,193.3873291015625,234.80868530273438,0.0,-74.08392333984375
cross_town,Town02,mixed,4,127,263.30113258494697,193.69583129882812,232.28103637695312,0.0,-90.012939453125
cross_town,Town02,mixed,4,128,265.30113263733386,193.69537353515625,230.28103637695312,0.0,-90.01294708251953
cross_town,Town02,mixed,4,129,267.30113268972076,193.69491577148438,228.28103637695312,0.0,-90.01294708251953
cross_town,Town02,mixed,4,130,269.3011327386734,193.69447326660156,226.28103637695312,0.0,-90.01294708251953
cross_town,Town02,mixed,4,131,271.3011327910603,193.6940155029297,224.28103637695312,0.0,-90.01294708251953
cross_town,Town02,mixed,4,132,273.3011328434472,193.6935577392578,222.28103637695312,0.0,-90.01294708251953
cross_town,Town02,mixed,4,133,275.30113289239983,193.693115234375,220.28103637695312,0.0,-90.01294708251953
cross_town,Town02,mixed,4,134,277.30113294478673,193.69265747070312,218.28103637695312,0.0,-90.01294708251953
cross_town,Town02,mixed,4,135,279.3011329937394,193.6922149658203,216.28103637695312,0.0,-90.01294708251953
cross_town,Town02,mixed,4,136,281.30113304612627,193.69175720214844,214.28103637695312,0.0,-90.01294708251953
cross_town,Town02,mixed,4,137,283.30113309851316,193.69129943847656,212.28103637695312,0.0,-90.01294708251953
cross_town,Town02,mixed,4,138,285.3011331474658,193.69085693359375,210.28103637695312,0.0,-90.01294708251953
cross_town,Town02,mixed,4,139,287.3011331998527,193.69039916992188,208.28103637695312,0.0,-90.01294708251953
cross_town,Town02,mixed,4,140,289.3011332522396,193.68994140625,206.28103637695312,0.0,-90.01294708251953
cross_town,Town02,mixed,4,141,291.30113330119224,193.6894989013672,204.28103637695312,0.0,-90.01294708251953
cross_town,Town02,mixed,4,142,293.30113335357913,193.6890411376953,202.28103637695312,0.0,-90.01294708251953
cross_town,Town02,mixed,4,143,295.301133405966,193.68858337402344,200.28103637695312,0.0,-90.01294708251953
cross_town,Town02,mixed,4,144,297.30113345491867,193.68814086914062,198.28103637695312,0.0,-450.0129089355469
cross_town,Town02,mixed,4,145,299.47679999826715,193.6521759033203,196.1056671142578,0.0,-95.06787109375
cross_town,Town02,mixed,4,146,302.02990785231884,193.0730438232422,193.61911010742188,0.0,-111.15352630615234
cross_town,Town02,mixed,4,147,304.5829853877323,191.82763671875,191.39039611816406,0.0,-127.23916625976562
cross_town,Town02,mixed,4,148,307.0875536232289,190.07058715820312,189.60556030273438,0.0,-141.87582397460938
cross_town,Town02,mixed,4,149,309.63273778362094,187.87081909179688,188.32533264160156,0.0,-157.7271270751953
cross_town,Town02,mixed,4,150,312.17791894021,185.40501403808594,187.6946563720703,0.0,-173.5784454345703
cross_town,Town02,mixed,4,151,314.40003156330846,183.1836700439453,187.63621520996094,0.0,-179.97372436523438
cross_town,Town02,mixed,4,152,316.40003177989917,181.1836700439453,187.63528442382812,0.0,180.02626037597656
cross_town,Town02,mixed,4,153,318.40003198944675,179.1836700439453,187.63436889648438,0.0,180.02626037597656
cross_town,Town02,mixed,4,154,320.4000321989943,177.1836700439453,187.63345336914062,0.0,180.02626037597656
cross_town,Town02,mixed,4,155,322.4000324085419,175.1836700439453,187.63253784179688,0.0,180.02626037597656
cross_town,Town02,mixed,4,156,324.4000326180895,173.1836700439453,187.63162231445312,0.0,180.02626037597656
cross_town,Town02,mixed,4,157,326.40003282763706,171.1836700439453,187.63070678710938,0.0,180.02626037597656
cross_town,Town02,mixed,4,158,328.40003304422777,169.1836700439453,187.62977600097656,0.0,180.02626037597656
cross_town,Town02,mixed,4,159,330.40003325377535,167.1836700439453,187.6288604736328,0.0,180.02626037597656
cross_town,Town02,mixed,4,160,332.4000334633229,165.1836700439453,187.62794494628906,0.0,180.02626037597656
cross_town,Town02,mixed,4,161,334.4000336728705,163.1836700439453,187.6270294189453,0.0,180.02626037597656
cross_town,Town02,mixed,4,162,336.4000338824181,161.1836700439453,187.62611389160156,0.0,180.02626037597656
cross_town,Town02,mixed,4,163,338.40003409196567,159.1836700439453,187.6251983642578,0.0,180.02626037597656
cross_town,Town02,mixed,4,164,340.40003430151324,157.1836700439453,187.62428283691406,0.0,180.02626037597656
cross_town,Town02,mixed,4,165,342.4000345110608,155.1836700439453,187.6233673095703,0.0,180.02626037597656
cross_town,Town02,mixed,4,166,344.4000347206084,153.1836700439453,187.62245178222656,0.0,180.02626037597656
cross_town,Town02,mixed,4,167,346.400034930156,151.1836700439453,187.6215362548828,0.0,180.02626037597656
cross_town,Town02,mixed,4,168,348.40003513970356,149.1836700439453,187.62062072753906,0.0,180.02626037597656
cross_town,Town02,mixed,4,169,350.40003534925114,147.1836700439453,187.6197052001953,0.0,180.02626037597656
cross_town,Town02,mixed,4,170,352.40003556584185,145.1836700439453,187.6187744140625,0.0,180.02626037597656
cross_town,Town02,mixed,4,171,354.4000357684627,143.1836700439453,187.6178741455078,0.0,180.02626037597656
cross_town,Town02,mixed,4,172,356.4000359780103,141.1836700439453,187.61695861816406,0.0,180.02626037597656
cross_town,Town02,mixed,4,173,358.4000361875579,139.1836700439453,187.6160430908203,0.0,180.02626037597656
cross_town,Town02,mixed,4,174,360.40003639710545,137.1836700439453,187.61512756347656,0.0,180.02626037597656
cross_town,Town02,mixed,4,175,362.40003660665303,135.1836700439453,187.6142120361328,0.0,180.02626037597656
cross_town,Town02,mixed,4,176,364.40003682324374,133.1836700439453,187.61328125,0.0,180.02626037597656
cross_town,Town02,mixed,4,177,366.4000370327913,131.1836700439453,187.61236572265625,0.0,180.02626037597656
cross_town,Town02,mixed,4,178,368.4000372423389,129.1836700439453,187.6114501953125,0.0,180.02626037597656
cross_town,Town02,mixed,4,179,370.4000374518865,127.18367004394531,187.61053466796875,0.0,180.02626037597656
cross_town,Town02,mixed,4,180,372.40003766143406,125.18367004394531,187.609619140625,0.0,180.02626037597656
cross_town,Town02,mixed,4,181,374.40003787098163,123.18367004394531,187.60870361328125,0.0,180.02626037597656
cross_town,Town02,mixed,4,182,376.4000380805292,121.18367004394531,187.6077880859375,0.0,180.02626037597656
cross_town,Town02,mixed,4,183,378.4000382900768,119.18367004394531,187.60687255859375,0.0,180.02626037597656
cross_town,Town02,mixed,4,184,380.4000384996244,117.18367004394531,187.60595703125,0.0,180.02626037597656
cross_town,Town02,mixed,4,185,382.40003870917195,115.18367004394531,187.60504150390625,0.0,180.02626037597656
cross_town,Town02,mixed,4,186,384.40003891871953,113.18367004394531,187.6041259765625,0.0,180.02626037597656
cross_town,Town02,mixed,4,187,386.4000391282671,111.18367004394531,187.60321044921875,0.0,180.02626037597656
cross_town,Town02,mixed,4,188,388.4000393378147,109.18367004394531,187.602294921875,0.0,180.02626037597656
cross_town,Town02,mixed,4,189,390.40003954736227,107.18367004394531,187.60137939453125,0.0,180.02626037597656
cross_town,Town02,mixed,4,190,392.40003975690985,105.18367004394531,187.6004638671875,0.0,180.02626037597656
cross_town,Town02,mixed,4,191,394.40003997350055,103.18367004394531,187.5995330810547,0.0,180.02626037597656
cross_town,Town02,mixed,4,192,396.40004018304813,101.18367004394531,187.59861755371094,0.0,180.02626037597656
cross_town,Town02,mixed,4,193,398.4000403925957,99.18367004394531,187.5977020263672,0.0,180.02626037597656
cross_town,Town02,mixed,4,194,400.4000406021433,97.18367004394531,187.59678649902344,0.0,180.02626037597656
cross_town,Town02,mixed,4,195,402.4000408116909,95.18367004394531,187.5958709716797,0.0,180.02626037597656
cross_town,Town02,mixed,4,196,404.40004102123845,93.18367004394531,187.59495544433594,0.0,180.02626037597656
cross_town,Town02,mixed,4,197,406.40004123078603,91.18367004394531,187.5940399169922,0.0,180.02626037597656
cross_town,Town02,mixed,4,198,408.4000338109399,89.18367767333984,187.59312438964844,0.0,180.02626037597656
cross_town,Town02,mixed,4,199,410.40003402048745,87.18367767333984,187.5922088623047,0.0,180.02626037597656
cross_town,Town02,mixed,4,200,412.40003423003503,85.18367767333984,187.59129333496094,0.0,180.02626037597656
cross_town,Town02,mixed,4,201,414.4000344395826,83.18367767333984,187.5903778076172,0.0,180.02626037597656
cross_town,Town02,mixed,4,202,416.4000346491302,81.18367767333984,187.58946228027344,0.0,180.02626037597656
cross_town,Town02,mixed,4,203,418.40003485867777,79.18367767333984,187.5885467529297,0.0,180.02626037597656
cross_town,Town02,mixed,4,204,420.4000350752685,77.18367767333984,187.58761596679688,0.0,180.02626037597656
cross_town,Town02,mixed,4,205,422.40003528481606,75.18367767333984,187.58670043945312,0.0,180.02626037597656
cross_town,Town02,mixed,4,206,424.40003549436364,73.18367767333984,187.58578491210938,0.0,180.02626037597656
cross_town,Town02,mixed,4,207,426.4000357039112,71.18367767333984,187.58486938476562,0.0,180.02626037597656
cross_town,Town02,mixed,4,208,428.4000359134588,69.18367767333984,187.58395385742188,0.0,180.02626037597656
cross_town,Town02,mixed,4,209,430.4000361230064,67.18367767333984,187.58303833007812,0.0,180.02626037597656
cross_town,Town02,mixed,4,210,432.40003633255395,65.18367767333984,187.58212280273438,0.0,180.02626037597656
cross_town,Town02,mixed,4,211,434.40003654210153,63.183677673339844,187.58120727539062,0.0,180.02626037597656
cross_town,Town02,mixed,4,212,436.4000367516491,61.183677673339844,187.58029174804688,0.0,180.02626037597656
cross_town,Town02,mixed,4,213,438.4000369611967,59.183677673339844,187.57937622070312,0.0,180.02626037597656
cross_town,Town02,mixed,4,214,440.40003717074427,57.183677673339844,187.57846069335938,0.0,180.02626037597656
cross_town,Town02,mixed,4,215,442.40003738029185,55.183677673339844,187.57754516601562,0.0,180.02626037597656
cross_town,Town02,mixed,4,216,444.40003377514256,53.18368148803711,187.57662963867188,0.0,180.02626037597656
cross_town,Town02,mixed,4,217,446.40003398469014,51.18368148803711,187.57571411132812,0.0,-179.97369384765625
cross_town,Town02,mixed,4,218,448.4000380159777,49.183677673339844,187.5747833251953,0.0,-179.97369384765625
cross_town,Town02,mixed,4,219,450.4000344108284,47.18368148803711,187.57386779785156,0.0,-179.97369384765625
cross_town,Town02,mixed,4,220,452.400034620376,45.18368148803711,187.5729522705078,0.0,-179.97369384765625
cross_town,Town02,mixed,4,221,454.4000348369667,43.18368148803711,187.572021484375,0.0,-179.97369384765625
cross_town,Town02,mixed,4,222,456.4000350465143,41.18368148803711,187.57110595703125,0.0,-179.97369384765625
cross_town,Town02,mixed,4,223,458.40003525606187,39.18368148803711,187.5701904296875,0.0,-179.97369384765625
cross_town,Town02,mixed,4,224,460.40003546560945,37.18368148803711,187.56927490234375,0.0,-179.97369384765625
cross_town,Town02,mixed,4,225,462.40003185353345,35.183685302734375,187.56837463378906,0.0,-179.97369384765625
cross_town,Town02,mixed,4,226,464.4000358777779,33.18368148803711,187.5674591064453,0.0,180.02626037597656
cross_town,Town02,mixed,4,227,466.4000322726286,31.183685302734375,187.56654357910156,0.0,180.02626037597656
cross_town,Town02,mixed,4,228,468.4000324821762,29.183685302734375,187.5656280517578,0.0,180.02626037597656
cross_town,Town02,mixed,4,229,470.4000326987669,27.183685302734375,187.564697265625,0.0,180.02626037597656
cross_town,Town02,mixed,4,230,472.4000329083145,25.183685302734375,187.56378173828125,0.0,180.02626037597656
cross_town,Town02,mixed,4,231,474.40003311786205,23.183685302734375,187.5628662109375,0.0,180.02626037597656
cross_town,Town02,mixed,4,232,476.40003332740963,21.183685302734375,187.56195068359375,0.0,180.02626037597656
cross_town,Town02,mixed,4,233,478.4000335369572,19.183685302734375,187.56103515625,0.0,180.02626037597656
cross_town,Town02,mixed,4,234,480.4000337465048,17.183685302734375,187.56011962890625,0.0,180.02626037597656
cross_town,Town02,mixed,4,235,482.40003395605237,15.183685302734375,187.5592041015625,0.0,180.02626037597656
cross_town,Town02,mixed,4,236,484.40003416559995,13.183685302734375,187.55828857421875,0.0,180.02626037597656
cross_town,Town02,mixed,4,237,486.4000343751475,11.183685302734375,187.557373046875,0.0,180.02626037597656
cross_town,Town02,mixed,4,238,488.4000336310209,9.183686256408691,187.55645751953125,0.0,180.02626037597656
cross_town,Town02,mixed,4,239,490.4000333637314,7.18368673324585,187.5555419921875,0.0,180.02626037597656
cross_town,Town02,mixed,4,240,492.40003357327896,5.18368673324585,187.55462646484375,0.0,180.02626037597656
cross_town,Town02,mixed,4,241,494.40003331303257,3.183687210083008,187.55369567871094,0.0,-179.97369384765625
cross_town,Town02,mixed,4,242,496.56762311556116,1.0163156986236572,187.58445739746094,0.0,175.20632934570312
cross_town,Town02,mixed,4,243,499.13186526005495,-1.4821841716766357,188.161376953125,0.0,158.7902069091797
cross_town,Town02,mixed,5,0,0.0,70.8802719116211,240.8865966796875,0.0,0.0348052978515625
cross_town,Town02,mixed,5,1,2.000000372528995,72.8802719116211,240.8878173828125,0.0,0.0348052978515625
cross_town,Town02,mixed,5,2,4.000000735802974,74.8802719116211,240.88902282714844,0.0,0.0348052978515625
cross_town,Town02,mixed,5,3,6.000001108331969,76.8802719116211,240.89024353027344,0.0,0.0348052978515625
cross_town,Town02,mixed,5,4,8.000001480860965,78.8802719116211,240.89146423339844,0.0,0.0348052978515625
cross_town,Town02,mixed,5,5,10.000001844134943,80.8802719116211,240.89266967773438,0.0,0.0348052978515625
cross_town,Town02,mixed,5,6,12.000002216663937,82.8802719116211,240.89389038085938,0.0,0.0348052978515625
cross_town,Town02,mixed,5,7,14.000002579937917,84.8802719116211,240.8950958251953,0.0,0.0348052978515625
cross_town,Town02,mixed,5,8,16.00000295246691,86.8802719116211,240.8963165283203,0.0,0.0348052978515625
cross_town,Town02,mixed,5,9,18.00000331574089,88.8802719116211,240.89752197265625,0.0,0.0348052978515625
cross_town,Town02,mixed,5,10,20.000003688269885,90.8802719116211,240.89874267578125,0.0,0.0348052978515625
cross_town,Town02,mixed,5,11,22.00000406079888,92.8802719116211,240.89996337890625,0.0,0.0348052978515625
cross_town,Town02,mixed,5,12,23.999996794679713,94.88026428222656,240.9011688232422,0.0,0.0348052978515625
cross_town,Town02,mixed,5,13,25.999997167208708,96.88026428222656,240.9023895263672,0.0,0.0348052978515625
cross_town,Town02,mixed,5,14,27.999997530482688,98.88026428222656,240.90359497070312,0.0,0.0348052978515625
cross_town,Town02,mixed,5,15,29.999997903011682,100.88026428222656,240.90481567382812,0.0,0.0348052978515625
cross_town,Town02,mixed,5,16,31.999998275540676,102.88026428222656,240.90603637695312,0.0,0.0348052978515625
cross_town,Town02,mixed,5,17,33.99999863881465,104.88026428222656,240.90724182128906,0.0,0.0348052978515625
cross_town,Town02,mixed,5,18,35.99999901134365,106.88026428222656,240.90846252441406,0.0,0.0348052978515625
cross_town,Town02,mixed,5,19,37.99999937461762,108.88026428222656,240.90966796875,0.0,0.0348052978515625
cross_town,Town02,mixed,5,20,39.99999974714662,110.88026428222656,240.910888671875,0.0,0.0348052978515625
cross_town,Town02,mixed,5,21,42.00000011967561,112.88026428222656,240.912109375,0.0,0.0348052978515625
cross_town,Town02,mixed,5,22,44.00000048294959,114.88026428222656,240.91331481933594,0.0,0.0348052978515625
cross_town,Town02,mixed,5,23,46.00000085547858,116.88026428222656,240.91453552246094,0.0,0.0348052978515625
cross_town,Town02,mixed,5,24,48.00000121875256,118.88026428222656,240.91574096679688,0.0,0.0348052978515625
cross_town,Town02,mixed,5,25,50.00000159128155,120.88026428222656,240.91696166992188,0.0,0.0348052978515625
cross_town,Town02,mixed,5,26,52.00000195455553,122.88026428222656,240.9181671142578,0.0,0.0348052978515625
cross_town,Town02,mixed,5,27,54.00000232708452,124.88026428222656,240.9193878173828,0.0,0.0348052978515625
cross_town,Town02,mixed,5,28,55.999995060965354,126.88025665283203,240.92059326171875,0.0,0.0348052978515625
cross_town,Town02,mixed,5,29,58.43758486160088,129.3074493408203,240.69569396972656,0.0,-12.680130004882812
cross_town,Town02,mixed,5,30,60.982594888285306,131.68968200683594,239.8001251220703,0.0,-28.526260375976562
cross_town,Town02,mixed,5,31,63.54725744887249,133.74981689453125,238.27259826660156,0.0,-44.94773864746094
cross_town,Town02,mixed,5,32,66.19501299242,135.29119873046875,236.1197509765625,0.0,-63.849761962890625
cross_town,Town02,mixed,5,33,68.84277801447479,136.05201721191406,233.58364868164062,0.0,-82.75177001953125
cross_town,Town02,mixed,5,34,71.09224198757339,136.11770629882812,231.33514404296875,0.0,-89.94189453125
cross_town,Town02,mixed,5,35,73.09225826056473,136.11972045898438,229.3351287841797,0.0,-89.9419174194336
cross_town,Town02,mixed,5,36,75.09225929019978,136.1217498779297,227.3351287841797,0.0,-89.9419174194336
cross_town,Town02,mixed,5,37,77.09226031983482,136.123779296875,225.3351287841797,0.0,-89.9419174194336
cross_town,Town02,mixed,5,38,79.09224609068866,136.1258087158203,223.33514404296875,0.0,-89.9419174194336
cross_town,Town02,mixed,5,39,81.0922471203237,136.12783813476562,221.33514404296875,0.0,-89.9419174194336
cross_town,Town02,mixed,5,40,83.09224814995875,136.12986755371094,219.33514404296875,0.0,-89.9419174194336
cross_town,Town02,mixed,5,41,85.09224916416878,136.1318817138672,217.33514404296875,0.0,-89.9419174194336
cross_town,Town02,mixed,5,42,87.09225019380382,136.1339111328125,215.33514404296875,0.0,-89.9419174194336
cross_town,Town02,mixed,5,43,89.09225122343886,136.1359405517578,213.33514404296875,0.0,-89.9419174194336
cross_town,Town02,mixed,5,44,91.09225225307391,136.13796997070312,211.33514404296875,0.0,-89.9419174194336
cross_town,Town02,mixed,5,45,93.09225328270895,136.13999938964844,209.33514404296875,0.0,-89.9419174194336
cross_town,Town02,mixed,5,46,95.092254312344,136.14202880859375,207.33514404296875,0.0,-89.9419174194336
cross_town,Town02,mixed,5,47,97.09225534197904,136.14405822753906,205.33514404296875,0.0,-89.9419174194336
cross_town,Town02,mixed,5,48,99.09225635618907,136.1460723876953,203.33514404296875,0.0,-89.9419174194336
cross_town,Town02,mixed,5,49,101.09225738582411,136.14810180664062,201.33514404296875,0.0,-89.9419174194336
cross_town,Town02,mixed,5,50,103.09225841545916,136.15013122558594,199.33514404296875,0.0,-89.9419174194336
cross_town,Town02,mixed,5,51,105.092244186313,136.15216064453125,197.3351593017578,0.0,-89.9419174194336
cross_town,Town02,mixed,5,52,106.65487949521687,136.29165649414062,195.7787628173828,0.0,-77.52313995361328
cross_town,Town02,mixed,5,53,108.14416208819063,136.79454040527344,194.376953125,0.0,-63.006744384765625
cross_town,Town02,mixed,5,54,109.64206418560474,137.638427734375,193.13938903808594,0.0,-48.73885726928711
cross_town,Town02,mixed,5,55,111.05559740811795,138.68162536621094,192.185546875,0.0,-32.12363052368164
cross_town,Town02,mixed,5,56,112.34912669779978,139.880126953125,191.69891357421875,0.0,-12.074583053588867
cross_town,Town02,mixed,5,57,113.92333763328607,141.45220947265625,191.61708068847656,0.0,0.02626265585422516
cross_town,Town02,mixed,5,58,115.92333784283363,143.45220947265625,191.6179962158203,0.0,0.02626265585422516
cross_town,Town02,mixed,5,59,117.9233380523812,145.45220947265625,191.61891174316406,0.0,0.02626265585422516
cross_town,Town02,mixed,5,60,119.92333826192876,147.45220947265625,191.6198272705078,0.0,0.02626265585422516
cross_town,Town02,mixed,5,61,121.92333847147633,149.45220947265625,191.62074279785156,0.0,0.02626265585422516
cross_town,Town02,mixed,5,62,123.92333868102389,151.45220947265625,191.6216583251953,0.0,0.02626265585422516
cross_town,Town02,mixed,5,63,125.92333889057146,153.45220947265625,191.62257385253906,0.0,0.02626265585422516
cross_town,Town02,mixed,5,64,127.92333910011902,155.45220947265625,191.6234893798828,0.0,0.02626265585422516
cross_town,Town02,mixed,5,65,129.9233393096666,157.45220947265625,191.62440490722656,0.0,0.02626265585422516
cross_town,Town02,mixed,5,66,131.92333951921418,159.45220947265625,191.6253204345703,0.0,0.02626265585422516
cross_town,Town02,mixed,5,67,133.92333972876176,161.45220947265625,191.62623596191406,0.0,0.02626265585422516
cross_town,Town02,mixed,5,68,135.92333993830934,163.45220947265625,191.6271514892578,0.0,0.02626265585422516
cross_town,Town02,mixed,5,69,137.92334014785692,165.45220947265625,191.62806701660156,0.0,0.02626265585422516
cross_town,Town02,mixed,5,70,139.9233403574045,167.45220947265625,191.6289825439453,0.0,0.02626265585422516
cross_town,Town02,mixed,5,71,141.9233405739952,169.45220947265625,191.62991333007812,0.0,0.02626265585422516
cross_town,Town02,mixed,5,72,143.92334078354278,171.45220947265625,191.63082885742188,0.0,0.02626265585422516
cross_town,Town02,mixed,5,73,145.92334099309036,173.45220947265625,191.63174438476562,0.0,0.02626265585422516
cross_town,Town02,mixed,5,74,147.92334120263794,175.45220947265625,191.63265991210938,0.0,0.02626265585422516
cross_town,Town02,mixed,5,75,149.92334141218552,177.45220947265625,191.63357543945312,0.0,0.02626265585422516
cross_town,Town02,mixed,5,76,151.9233416217331,179.45220947265625,191.63449096679688,0.0,0.02626265585422516
cross_town,Town02,mixed,5,77,153.92334183128068,181.45220947265625,191.63540649414062,0.0,0.02626265585422516
cross_town,Town02,mixed,5,78,155.92334204082826,183.45220947265625,191.63632202148438,0.0,-359.97369384765625
cross_town,Town02,mixed,5,79,157.92334225741897,185.45220947265625,191.6372528076172,0.0,-359.97369384765625
cross_town,Town02,mixed,5,80,160.37797683296236,187.89178466796875,191.3657684326172,0.0,-373.16363525390625
cross_town,Town02,mixed,5,81,162.85202367912603,190.21604919433594,190.51800537109375,0.0,-386.9145812988281
cross_town,Town02,mixed,5,82,165.71400993968123,192.45130920410156,188.7306671142578,0.0,-52.351314544677734
cross_town,Town02,mixed,5,83,168.7004515318372,193.62074279785156,185.9827117919922,0.0,-81.54320526123047
cross_town,Town02,mixed,5,84,170.9940716544791,193.68482971191406,183.6899871826172,0.0,-450.0129089355469
cross_town,Town02,mixed,5,85,172.99407170343173,193.68438720703125,181.6899871826172,0.0,-450.0129089355469
cross_town,Town02,mixed,5,86,174.99407175581862,193.68392944335938,179.6899871826172,0.0,-90.01294708251953
cross_town,Town02,mixed,5,87,176.99407180477127,193.68348693847656,177.6899871826172,0.0,-90.01294708251953
cross_town,Town02,mixed,5,88,178.99407185715816,193.6830291748047,175.6899871826172,0.0,-90.01294708251953
cross_town,Town02,mixed,5,89,180.99407190954506,193.6825714111328,173.6899871826172,0.0,-90.01294708251953
cross_town,Town02,mixed,5,90,182.9940719584977,193.68212890625,171.6899871826172,0.0,-90.01294708251953
cross_town,Town02,mixed,5,91,184.9940720108846,193.68167114257812,169.6899871826172,0.0,-90.01294708251953
cross_town,Town02,mixed,5,92,186.9940720632715,193.68121337890625,167.6899871826172,0.0,-90.01294708251953
cross_town,Town02,mixed,5,93,188.99407211222413,193.68077087402344,165.6899871826172,0.0,-90.01294708251953
cross_town,Town02,mixed,5,94,190.99407216461103,193.68031311035156,163.6899871826172,0.0,-90.01294708251953
cross_town,Town02,mixed,5,95,192.99089838219336,193.6807403564453,161.6931610107422,0.0,-89.92216491699219
cross_town,Town02,mixed,5,96,194.99088496766905,193.68345642089844,159.69317626953125,0.0,-89.92216491699219
cross_town,Town02,mixed,5,97,196.99088681191972,193.68617248535156,157.69317626953125,0.0,-89.92216491699219
cross_town,Town02,mixed,5,98,198.9908886561704,193.6888885498047,155.69317626953125,0.0,-89.92216491699219
cross_town,Town02,mixed,5,99,200.99089050042107,193.6916046142578,153.69317626953125,0.0,-89.92216491699219
cross_town,Town02,mixed,5,100,202.99089234467175,193.69432067871094,151.69317626953125,0.0,-89.92216491699219
cross_town,Town02,mixed,5,101,204.99089418892243,193.69703674316406,149.69317626953125,0.0,-89.92216491699219
cross_town,Town02,mixed,5,102,206.9908960331731,193.6997528076172,147.69317626953125,0.0,-89.92216491699219
cross_town,Town02,mixed,5,103,208.99089787742378,193.7024688720703,145.69317626953125,0.0,-89.92216491699219
cross_town,Town02,mixed,5,104,210.99089972167445,193.70518493652344,143.69317626953125,0.0,-89.92216491699219
cross_town,Town02,mixed,5,105,212.99088630715013,193.70790100097656,141.6931915283203,0.0,-89.92216491699219
cross_town,Town02,mixed,5,106,214.9908881514008,193.7106170654297,139.6931915283203,0.0,-89.92216491699219
cross_town,Town02,mixed,5,107,216.9908899956515,193.7133331298828,137.6931915283203,0.0,-89.92216491699219
cross_town,Town02,mixed,5,108,218.99089183990216,193.71604919433594,135.6931915283203,0.0,-89.92216491699219
cross_town,Town02,mixed,5,109,220.99089368415284,193.71876525878906,133.6931915283203,0.0,-89.92216491699219
cross_town,Town02,mixed,5,110,222.9908955284035,193.7214813232422,131.6931915283203,0.0,-89.92216491699219
cross_town,Town02,mixed,5,111,224.9908973726542,193.7241973876953,129.6931915283203,0.0,-89.92216491699219
cross_town,Town02,mixed,5,112,226.99089158751738,193.72691345214844,127.69319915771484,0.0,-89.92216491699219
cross_town,Town02,mixed,5,113,228.99089343176806,193.72962951660156,125.69319915771484,0.0,-89.92216491699219
cross_town,Town02,mixed,5,114,230.99088764663125,193.7323455810547,123.69320678710938,0.0,-89.92216491699219
cross_town,Town02,mixed,5,115,232.99088949088193,193.7350616455078,121.69320678710938,0.0,-89.92216491699219
cross_town,Town02,mixed,5,116,234.9908913351326,193.73777770996094,119.69320678710938,0.0,-89.92216491699219
cross_town,Town02,mixed,5,117,236.99129755769656,193.74050903320312,117.69280242919922,0.0,270.07781982421875
cross_town,Town02,mixed,5,118,239.34362793940966,193.5555419921875,115.3477554321289,0.0,259.8800048828125
cross_town,Town02,mixed,5,119,241.74316906012237,192.8981170654297,113.04003143310547,0.0,248.31735229492188
cross_town,Town02,mixed,5,120,244.14270634330393,191.79147338867188,110.91091918945312,0.0,236.75473022460938
cross_town,Town02,mixed,5,121,246.5422363614368,190.28053283691406,109.04683685302734,0.0,225.19210815429688
cross_town,Town02,mixed,5,122,248.92815138874096,188.4420623779297,107.52610778808594,0.0,214.02944946289062
cross_town,Town02,mixed,5,123,251.31278207756566,186.34573364257812,106.3895034790039,0.0,202.9026641845703
cross_town,Town02,mixed,5,124,253.69742600504532,184.0694580078125,105.67880249023438,0.0,191.77589416503906
cross_town,Town02,mixed,5,125,256.08208123290245,181.6988067626953,105.42074584960938,0.0,180.64910888671875
cross_town,Town02,mixed,5,126,258.10608336699556,179.6748046875,105.42123413085938,0.0,179.96107482910156
cross_town,Town02,mixed,5,127,260.1060838280584,177.6748046875,105.42259216308594,0.0,179.96107482910156
cross_town,Town02,mixed,5,128,262.1060842891212,175.6748046875,105.4239501953125,0.0,179.96107482910156
cross_town,Town02,mixed,5,129,264.10608475018404,173.6748046875,105.42530822753906,0.0,179.96107482910156
cross_town,Town02,mixed,5,130,266.1060852164419,171.6748046875,105.42667388916016,0.0,179.96107482910156
cross_town,Town02,mixed,5,131,268.1060856775047,169.6748046875,105.42803192138672,0.0,179.96107482910156
cross_town,Town02,mixed,5,132,270.10608613856755,167.6748046875,105.42938995361328,0.0,179.96107482910156
cross_town,Town02,mixed,5,133,272.1060865996304,165.6748046875,105.43074798583984,0.0,179.96107482910156
cross_town,Town02,mixed,5,134,274.1060870606932,163.6748046875,105.4321060180664,0.0,179.96107482910156
cross_town,Town02,mixed,5,135,276.106087521756,161.6748046875,105.43346405029297,0.0,179.96107482910156
cross_town,Town02,mixed,5,136,278.10608798281885,159.6748046875,105.43482208251953,0.0,179.96107482910156
cross_town,Town02,mixed,5,137,280.1060884438817,157.6748046875,105.4361801147461,0.0,179.96107482910156
cross_town,Town02,mixed,5,138,282.1060889049445,155.6748046875,105.43753814697266,0.0,179.96107482910156
cross_town,Town02,mixed,5,139,284.1060893660073,153.6748046875,105.43889617919922,0.0,179.96107482910156
cross_town,Town02,mixed,5,140,286.10608982707015,151.6748046875,105.44025421142578,0.0,179.96107482910156
cross_town,Town02,mixed,5,141,288.106090288133,149.6748046875,105.44161224365234,0.0,179.96107482910156
cross_town,Town02,mixed,5,142,290.10607549041026,147.67481994628906,105.4429702758789,0.0,179.96107482910156
cross_town,Town02,mixed,5,143,292.1060759514731,145.67481994628906,105.44432830810547,0.0,179.96107482910156
cross_town,Town02,mixed,5,144,294.1060764125359,143.67481994628906,105.44568634033203,0.0,179.96107482910156
cross_town,Town02,mixed,5,145,296.10607687359874,141.67481994628906,105.4470443725586,0.0,179.96107482910156
cross_town,Town02,mixed,5,146,298.10607733466156,139.67481994628906,105.44840240478516,0.0,179.96107482910156
cross_town,Town02,mixed,5,147,300.1060777957244,137.67481994628906,105.44976043701172,0.0,179.96107482910156
cross_town,Town02,mixed,5,148,302.1033619273481,135.6775360107422,105.4488754272461,0.0,-179.96102905273438
cross_town,Town02,mixed,5,149,304.1033623884109,133.6775360107422,105.44751739501953,0.0,-179.96102905273438
cross_town,Town02,mixed,5,150,306.1033628546688,131.6775360107422,105.44615173339844,0.0,-179.96102905273438
cross_town,Town02,mixed,5,151,308.1033633157316,129.6775360107422,105.44479370117188,0.0,-179.96102905273438
cross_town,Town02,mixed,5,152,310.1033637767944,127.67753601074219,105.44343566894531,0.0,-179.96102905273438
cross_town,Town02,mixed,5,153,312.1033642430523,125.67753601074219,105.44207000732422,0.0,-179.96102905273438
cross_town,Town02,mixed,5,154,314.1033647041151,123.67753601074219,105.44071197509766,0.0,-179.96102905273438
cross_town,Town02,mixed,5,155,316.10336516517793,121.67753601074219,105.4393539428711,0.0,-179.96102905273438
cross_town,Town02,mixed,5,156,318.1033656314358,119.67753601074219,105.43798828125,0.0,-179.96102905273438
cross_town,Town02,mixed,5,157,320.1033660924986,117.67753601074219,105.43663024902344,0.0,-179.96102905273438
cross_town,Town02,mixed,5,158,322.10336655356144,115.67753601074219,105.43527221679688,0.0,-179.96102905273438
cross_town,Town02,mixed,5,159,324.10336701462427,113.67753601074219,105.43391418457031,0.0,-179.96102905273438
cross_town,Town02,mixed,5,160,326.1033674808821,111.67753601074219,105.43254852294922,0.0,-179.96102905273438
cross_town,Town02,mixed,5,161,328.10336794194495,109.67753601074219,105.43119049072266,0.0,-179.96102905273438
cross_town,Town02,mixed,5,162,330.1033684030078,107.67753601074219,105.4298324584961,0.0,-179.96102905273438
cross_town,Town02,mixed,5,163,332.10336123987287,105.67754364013672,105.428466796875,0.0,-179.96102905273438
cross_town,Town02,mixed,5,164,334.10336933032846,103.67753601074219,105.42710876464844,0.0,-179.96102905273438
cross_town,Town02,mixed,5,165,336.1033621619985,101.67754364013672,105.42575073242188,0.0,-179.96102905273438
cross_town,Town02,mixed,5,166,338.1033626282564,99.67754364013672,105.42438507080078,0.0,-179.96102905273438
cross_town,Town02,mixed,5,167,340.1033630893192,97.67754364013672,105.42302703857422,0.0,-179.96102905273438
cross_town,Town02,mixed,5,168,342.103363550382,95.67754364013672,105.42166900634766,0.0,-179.96102905273438
cross_town,Town02,mixed,5,169,344.10336401144485,93.67754364013672,105.4203109741211,0.0,-179.96102905273438
cross_town,Town02,mixed,5,170,346.1033644777027,91.67754364013672,105.4189453125,0.0,-179.96102905273438
cross_town,Town02,mixed,5,171,348.10336493876554,89.67754364013672,105.41758728027344,0.0,-179.96102905273438
cross_town,Town02,mixed,5,172,350.10336539982836,87.67754364013672,105.41622924804688,0.0,-179.96102905273438
cross_town,Town02,mixed,5,173,352.10335823669345,85.67755126953125,105.41486358642578,0.0,-179.96102905273438
cross_town,Town02,mixed,5,174,354.1033586977563,83.67755126953125,105.41350555419922,0.0,-179.96102905273438
cross_town,Town02,mixed,5,175,356.1033591588191,81.67755126953125,105.41214752197266,0.0,-179.96102905273438
cross_town,Town02,mixed,5,176,358.10335962507696,79.67755126953125,105.41078186035156,0.0,-179.96102905273438
cross_town,Town02,mixed,5,177,360.1033600861398,77.67755126953125,105.409423828125,0.0,-179.96102905273438
cross_town,Town02,mixed,5,178,362.1033605472026,75.67755126953125,105.40806579589844,0.0,-179.96102905273438
cross_town,Town02,mixed,5,179,364.10336100826544,73.67755126953125,105.40670776367188,0.0,-179.96102905273438
cross_town,Town02,mixed,5,180,366.1033614745233,71.67755126953125,105.40534210205078,0.0,-179.96102905273438
cross_town,Town02,mixed,5,181,368.1033619355861,69.67755126953125,105.40398406982422,0.0,-179.96102905273438
cross_town,Town02,mixed,5,182,370.10336239664895,67.67755126953125,105.40262603759766,0.0,-179.96102905273438
cross_town,Town02,mixed,5,183,372.1033628629068,65.67755126953125,105.40126037597656,0.0,-179.96102905273438
cross_town,Town02,mixed,5,184,374.1033595092733,63.677555084228516,105.39990234375,0.0,-179.96102905273438
cross_town,Town02,mixed,5,185,376.1033599703361,61.677555084228516,105.39854431152344,0.0,-179.96102905273438
cross_town,Town02,mixed,5,186,378.10336043659396,59.677555084228516,105.39717864990234,0.0,-179.96102905273438
cross_town,Town02,mixed,5,187,380.1033608976568,57.677555084228516,105.39582061767578,0.0,-179.96102905273438
cross_town,Town02,mixed,5,188,382.1033613587196,55.677555084228516,105.39446258544922,0.0,-179.96102905273438
cross_town,Town02,mixed,5,189,384.10336182497747,53.677555084228516,105.39309692382812,0.0,-179.96102905273438
cross_town,Town02,mixed,5,190,386.1033622860403,51.677555084228516,105.39173889160156,0.0,-179.96102905273438
cross_town,Town02,mixed,5,191,388.10543395977675,49.67548370361328,105.39065551757812,0.0,-180.0201873779297
cross_town,Town02,mixed,5,192,390.1119470376124,47.668975830078125,105.39522552490234,0.0,179.79315185546875
cross_town,Town02,mixed,5,193,392.1119448016221,45.66899108886719,105.4024429321289,0.0,179.79315185546875
cross_town,Town02,mixed,5,194,394.1119463803042,43.669002532958984,105.40966033935547,0.0,179.79315185546875
cross_town,Town02,mixed,5,195,396.11194417186067,41.66901779174805,105.41688537597656,0.0,179.79315185546875
cross_town,Town02,mixed,5,196,398.11194575054276,39.669029235839844,105.42410278320312,0.0,179.79315185546875
cross_town,Town02,mixed,5,197,400.11194732922485,37.66904067993164,105.43132019042969,0.0,179.79315185546875
cross_town,Town02,mixed,5,198,402.11194512078134,35.6690559387207,105.43854522705078,0.0,179.79315185546875
cross_town,Town02,mixed,5,199,404.11194669946343,33.6690673828125,105.44576263427734,0.0,179.79315185546875
cross_town,Town02,mixed,5,200,406.1119444634731,31.669082641601562,105.4529800415039,0.0,179.79315185546875
cross_town,Town02,mixed,5,201,408.1119441623658,29.669095993041992,105.460205078125,0.0,179.79315185546875
cross_town,Town02,mixed,5,202,410.1119438337117,27.669109344482422,105.46742248535156,0.0,179.79315185546875
cross_town,Town02,mixed,5,203,412.1119435050576,25.66912269592285,105.47463989257812,0.0,179.79315185546875
cross_town,Town02,mixed,5,204,414.11194320395026,23.66913604736328,105.48186492919922,0.0,179.79315185546875
cross_town,Town02,mixed,5,205,416.11194478263235,21.669147491455078,105.48908233642578,0.0,179.79315185546875
cross_town,Town02,mixed,5,206,418.11194445397825,19.669160842895508,105.49629974365234,0.0,179.79315185546875
cross_town,Town02,mixed,5,207,420.11194415287093,17.669174194335938,105.50352478027344,0.0,179.79315185546875
cross_town,Town02,mixed,5,208,422.1119447778849,15.66918659210205,105.5107421875,0.0,179.79315185546875
cross_town,Town02,mixed,5,209,424.111946356567,13.669198036193848,105.51795959472656,0.0,179.79315185546875
cross_town,Town02,mixed,5,210,426.1119441481235,11.66921329498291,105.52518463134766,0.0,179.79315185546875
cross_town,Town02,mixed,5,211,428.1119457268056,9.669224739074707,105.53240203857422,0.0,179.79315185546875
cross_town,Town02,mixed,5,212,430.11194349081524,7.6692399978637695,105.53961944580078,0.0,179.79315185546875
cross_town,Town02,mixed,5,213,432.1119450970441,5.669251441955566,105.54684448242188,0.0,179.79315185546875
cross_town,Town02,mixed,5,214,434.3172252363824,3.465296983718872,105.62329864501953,0.0,173.88624572753906
cross_town,Town02,mixed,5,215,436.68082561842255,1.1480793952941895,106.08924865722656,0.0,163.3748321533203
cross_town,Town02,mixed,5,216,439.04442434982616,-1.0452481508255005,106.97010803222656,0.0,152.8634033203125
cross_town,Town02,mixed,5,217,441.38311984229085,-3.0216434001922607,108.22045135498047,0.0,143.07020568847656
cross_town,Town02,mixed,5,218,443.7853242358325,-4.807828903198242,109.82672882080078,0.0,131.40280151367188
cross_town,Town02,mixed,5,219,446.26679901247,-6.210422992706299,111.87378692626953,0.0,117.4332504272461
cross_town,Town02,mixed,5,220,448.7482756533737,-7.077362060546875,114.19889831542969,0.0,103.46369171142578
cross_town,Town02,mixed,5,221,451.2078059301684,-7.357941627502441,116.64237213134766,0.0,90.12882232666016
cross_town,Town02,mixed,5,222,453.2078033555821,-7.362438201904297,118.64236450195312,0.0,90.12882232666016
cross_town,Town02,mixed,5,223,455.2078007809958,-7.366934776306152,120.6423568725586,0.0,90.12882232666016
cross_town,Town02,mixed,5,224,457.20780583578477,-7.371431350708008,122.6423568725586,0.0,90.12882232666016
cross_town,Town02,mixed,5,225,459.2078032590546,-7.375926971435547,124.64234924316406,0.0,90.12882232666016
cross_town,Town02,mixed,5,226,461.2078006844683,-7.380423545837402,126.64234161376953,0.0,90.12882232666016
cross_town,Town02,mixed,5,227,463.207798109882,-7.384920120239258,128.642333984375,0.0,90.12882232666016
cross_town,Town02,mixed,5,228,465.20778790592044,-7.389416694641113,130.64231872558594,0.0,90.12882232666016
cross_town,Town02,mixed,5,229,467.2077929607094,-7.393913269042969,132.64231872558594,0.0,90.12882232666016
cross_town,Town02,mixed,5,230,469.2077980154984,-7.398409843444824,134.64231872558594,0.0,90.12882232666016
cross_town,Town02,mixed,5,231,471.20780306814345,-7.402905464172363,136.64231872558594,0.0,90.12882232666016
cross_town,Town02,mixed,5,232,473.2077928641819,-7.407402038574219,138.64230346679688,0.0,90.12882232666016
cross_town,Town02,mixed,5,233,475.20779791897087,-7.411898612976074,140.64230346679688,0.0,90.12882232666016
cross_town,Town02,mixed,5,234,477.2077877150093,-7.41639518737793,142.6422882080078,0.0,90.12882232666016
cross_town,Town02,mixed,5,235,479.2077927697983,-7.420891761779785,144.6422882080078,0.0,90.12882232666016
cross_town,Town02,mixed,5,236,481.20779782458726,-7.425388336181641,146.6422882080078,0.0,90.12882232666016
cross_town,Town02,mixed,5,237,483.2078028772323,-7.42988395690918,148.6422882080078,0.0,90.12882232666016
cross_town,Town02,mixed,5,238,485.2077926732708,-7.434380531311035,150.64227294921875,0.0,90.12882232666016
cross_town,Town02,mixed,5,239,487.20779772805975,-7.438877105712891,152.64227294921875,0.0,90.12882232666016
cross_town,Town02,mixed,5,240,489.2078027828487,-7.443373680114746,154.64227294921875,0.0,90.12882232666016
cross_town,Town02,mixed,5,241,491.20779257888717,-7.447870254516602,156.6422576904297,0.0,90.12882232666016
cross_town,Town02,mixed,5,242,493.20779763367614,-7.452366828918457,158.6422576904297,0.0,90.12882232666016
cross_town,Town02,mixed,5,243,495.2078026863212,-7.456862449645996,160.6422576904297,0.0,90.12882232666016
cross_town,Town02,mixed,5,244,497.2126877537295,-7.459869384765625,162.6471405029297,0.0,449.9884033203125
cross_town,Town02,mixed,5,245,499.21274884127104,-7.45941162109375,164.64720153808594,0.0,89.98706817626953
cross_town,Town02,mixed,6,0,0.0,174.33030700683594,236.9494171142578,0.0,-179.96519470214844
cross_town,Town02,mixed,6,1,2.000000372528995,172.33030700683594,236.9481964111328,0.0,-179.96519470214844
cross_town,Town02,mixed,6,2,4.000000735802974,170.33030700683594,236.94699096679688,0.0,-179.96519470214844
cross_town,Town02,mixed,6,3,6.000001108331969,168.33030700683594,236.94577026367188,0.0,-179.96519470214844
cross_town,Town02,mixed,6,4,8.000001471605948,166.33030700683594,236.94456481933594,0.0,-179.96519470214844
cross_town,Town02,mixed,6,5,10.000001844134943,164.33030700683594,236.94334411621094,0.0,-179.96519470214844
cross_town,Town02,mixed,6,6,12.000002207408922,162.33030700683594,236.942138671875,0.0,-179.96519470214844
cross_town,Town02,mixed,6,7,14.000002579937917,160.33030700683594,236.94091796875,0.0,-179.96519470214844
cross_town,Town02,mixed,6,8,16.00000295246691,158.33030700683594,236.939697265625,0.0,-179.96519470214844
cross_town,Town02,mixed,6,9,18.00000331574089,156.33030700683594,236.93849182128906,0.0,-179.96519470214844
cross_town,Town02,mixed,6,10,20.000003688269885,154.33030700683594,236.93727111816406,0.0,-179.96519470214844
cross_town,Town02,mixed,6,11,22.000004051543865,152.33030700683594,236.93606567382812,0.0,-179.96519470214844
cross_town,Town02,mixed,6,12,24.00000442407286,150.33030700683594,236.93484497070312,0.0,-179.96519470214844
cross_town,Town02,mixed,6,13,26.000004796601853,148.33030700683594,236.93362426757812,0.0,-179.96519470214844
cross_town,Town02,mixed,6,14,28.000005159875833,146.33030700683594,236.9324188232422,0.0,-179.96519470214844
cross_town,Town02,mixed,6,15,30.000005532404828,144.33030700683594,236.9311981201172,0.0,-179.96519470214844
cross_town,Town02,mixed,6,16,32.00000590493382,142.33030700683594,236.9299774169922,0.0,-539.9651489257812
cross_town,Town02,mixed,6,17,34.0000062682078,140.33030700683594,236.92877197265625,0.0,-539.9651489257812
cross_town,Town02,mixed,6,18,36.00000664073679,138.33030700683594,236.92755126953125,0.0,-539.9651489257812
cross_town,Town02,mixed,6,19,38.00000700401077,136.33030700683594,236.9263458251953,0.0,-539.9651489257812
cross_town,Town02,mixed,6,20,40.00000737653976,134.33030700683594,236.9251251220703,0.0,-539.9651489257812
cross_town,Town02,mixed,6,21,42.00000773981374,132.33030700683594,236.92391967773438,0.0,-539.9651489257812
cross_town,Town02,mixed,6,22,44.000008112342734,130.33030700683594,236.92269897460938,0.0,-539.9651489257812
cross_town,Town02,mixed,6,23,46.00000848487173,128.33030700683594,236.92147827148438,0.0,-539.9651489257812
cross_town,Town02,mixed,6,24,48.00001647753885,126.3302993774414,236.92027282714844,0.0,-539.9651489257812
cross_town,Town02,mixed,6,25,50.000009220674734,124.33030700683594,236.91905212402344,0.0,-179.96519470214844
cross_town,Town02,mixed,6,26,52.00000958394871,122.33030700683594,236.9178466796875,0.0,-179.96519470214844
cross_town,Town02,mixed,6,27,54.000009956477705,120.33030700683594,236.9166259765625,0.0,-179.96519470214844
cross_town,Town02,mixed,6,28,56.0000103290067,118.33030700683594,236.9154052734375,0.0,-179.96519470214844
cross_town,Town02,mixed,6,29,58.000010692280675,116.33030700683594,236.91419982910156,0.0,-179.96519470214844
cross_town,Town02,mixed,6,30,60.00001106480967,114.33030700683594,236.91297912597656,0.0,-179.96519470214844
cross_town,Town02,mixed,6,31,62.000011428083646,112.33030700683594,236.91177368164062,0.0,-179.96519470214844
cross_town,Town02,mixed,6,32,64.00001180061264,110.33030700683594,236.91055297851562,0.0,-179.96519470214844
cross_town,Town02,mixed,6,33,66.00001217314164,108.33030700683594,236.90933227539062,0.0,-179.96519470214844
cross_town,Town02,mixed,6,34,68.00001253641562,106.33030700683594,236.9081268310547,0.0,-179.96519470214844
cross_town,Town02,mixed,6,35,70.00001290894463,104.33030700683594,236.9069061279297,0.0,-179.96519470214844
cross_town,Town02,mixed,6,36,72.00001327221861,102.33030700683594,236.90570068359375,0.0,-179.96519470214844
cross_town,Town02,mixed,6,37,74.00001364474761,100.33030700683594,236.90447998046875,0.0,-179.96519470214844
cross_town,Town02,mixed,6,38,76.00001401727661,98.33030700683594,236.90325927734375,0.0,-179.96519470214844
cross_town,Town02,mixed,6,39,78.0000143805506,96.33030700683594,236.9020538330078,0.0,-179.96519470214844
cross_town,Town02,mixed,6,40,80.0000147530796,94.33030700683594,236.9008331298828,0.0,-179.96519470214844
cross_town,Town02,mixed,6,41,82.00000748696043,92.33031463623047,236.89962768554688,0.0,-179.96519470214844
cross_town,Town02,mixed,6,42,84.00000785948943,90.33031463623047,236.89840698242188,0.0,-179.96519470214844
cross_town,Town02,mixed,6,43,86.00000823201843,88.33031463623047,236.89718627929688,0.0,-179.96519470214844
cross_town,Town02,mixed,6,44,88.00000859529241,86.33031463623047,236.89598083496094,0.0,-179.96519470214844
cross_town,Town02,mixed,6,45,90.00000896782142,84.33031463623047,236.89476013183594,0.0,-179.96519470214844
cross_town,Town02,mixed,6,46,92.0000093310954,82.33031463623047,236.8935546875,0.0,-179.96519470214844
cross_town,Town02,mixed,6,47,94.0000097036244,80.33031463623047,236.892333984375,0.0,-179.96519470214844
cross_town,Town02,mixed,6,48,96.00001006689838,78.33031463623047,236.89112854003906,0.0,-179.96519470214844
cross_town,Town02,mixed,6,49,98.00001043942738,76.33031463623047,236.88990783691406,0.0,-179.96519470214844
cross_town,Town02,mixed,6,50,100.00001081195639,74.33031463623047,236.88868713378906,0.0,-179.96519470214844
cross_town,Town02,mixed,6,51,102.00001117523037,72.33031463623047,236.88748168945312,0.0,-179.96519470214844
cross_town,Town02,mixed,6,52,104.00001154775937,70.33031463623047,236.88626098632812,0.0,-179.96519470214844
cross_town,Town02,mixed,6,53,106.00001191103335,68.33031463623047,236.8850555419922,0.0,-179.96519470214844
cross_town,Town02,mixed,6,54,108.00001228356236,66.33031463623047,236.8838348388672,0.0,-179.96519470214844
cross_town,Town02,mixed,6,55,110.00001265609136,64.33031463623047,236.8826141357422,0.0,-179.96519470214844
cross_town,Town02,mixed,6,56,112.00001301936534,62.33031463623047,236.88140869140625,0.0,-179.96519470214844
cross_town,Town02,mixed,6,57,114.00001339189434,60.33031463623047,236.88018798828125,0.0,-179.96519470214844
cross_town,Town02,mixed,6,58,116.00001375516833,58.33031463623047,236.8789825439453,0.0,-179.96519470214844
cross_town,Town02,mixed,6,59,118.00001412769733,56.33031463623047,236.8777618408203,0.0,-179.96519470214844
cross_town,Town02,mixed,6,60,120.00001068552977,54.330318450927734,236.8765411376953,0.0,-539.9651489257812
cross_town,Town02,mixed,6,61,122.00001104880376,52.330318450927734,236.87533569335938,0.0,-539.9651489257812
cross_town,Town02,mixed,6,62,124.07355628298417,50.256778717041016,236.88011169433594,0.0,-182.0740509033203
cross_town,Town02,mixed,6,63,126.64131472615698,47.730674743652344,237.3407440185547,0.0,-198.59457397460938
cross_town,Town02,mixed,6,64,129.2090726061692,45.439842224121094,238.5006866455078,0.0,-215.11508178710938
cross_town,Town02,mixed,6,65,131.8076673145695,43.56010437011719,240.294921875,0.0,-232.55197143554688
cross_town,Town02,mixed,6,66,134.43405891161126,42.31432342529297,242.6070556640625,0.0,-250.81614685058594
cross_town,Town02,mixed,6,67,137.06043194815692,41.85592269897461,245.193115234375,0.0,-269.0802917480469
cross_town,Town02,mixed,6,68,139.09296388920959,41.85501480102539,247.22564697265625,0.0,-270.00494384765625
cross_town,Town02,mixed,6,69,141.09294863811854,41.85519027709961,249.2256317138672,0.0,89.99503326416016
cross_town,Town02,mixed,6,70,143.09294864548545,41.85536193847656,251.2256317138672,0.0,89.99503326416016
cross_town,Town02,mixed,6,71,145.0929486531834,41.85553741455078,253.2256317138672,0.0,89.99503326416016
cross_town,Town02,mixed,6,72,147.09294866088138,41.855712890625,255.2256317138672,0.0,89.99503326416016
cross_town,Town02,mixed,6,73,149.0929639270373,41.85588455200195,257.22564697265625,0.0,89.99503326416016
cross_town,Town02,mixed,6,74,151.09296393473525,41.85606002807617,259.22564697265625,0.0,89.99503326416016
cross_town,Town02,mixed,6,75,153.09296394210216,41.856231689453125,261.22564697265625,0.0,89.99503326416016
cross_town,Town02,mixed,6,76,155.09296394980012,41.856407165527344,263.22564697265625,0.0,89.99503326416016
cross_town,Town02,mixed,6,77,157.09296395716703,41.8565788269043,265.22564697265625,0.0,89.99503326416016
cross_town,Town02,mixed,6,78,159.092963964865,41.856754302978516,267.22564697265625,0.0,89.99503326416016
cross_town,Town02,mixed,6,79,161.0929639722319,41.85692596435547,269.22564697265625,0.0,89.99503326416016
cross_town,Town02,mixed,6,80,163.09296397992986,41.85710144042969,271.22564697265625,0.0,89.99503326416016
cross_town,Town02,mixed,6,81,165.09296398729677,41.85727310180664,273.22564697265625,0.0,89.99503326416016
cross_town,Town02,mixed,6,82,167.09296399499473,41.85744857788086,275.22564697265625,0.0,89.99503326416016
cross_town,Town02,mixed,6,83,169.09296400236164,41.85762023925781,277.22564697265625,0.0,89.99503326416016
cross_town,Town02,mixed,6,84,171.0929640100596,41.85779571533203,279.22564697265625,0.0,89.99503326416016
cross_town,Town02,mixed,6,85,173.09296401775757,41.85797119140625,281.22564697265625,0.0,89.99503326416016
cross_town,Town02,mixed,6,86,175.09296402512447,41.8581428527832,283.22564697265625,0.0,89.99503326416016
cross_town,Town02,mixed,6,87,177.09296403282244,41.85831832885742,285.22564697265625,0.0,89.99503326416016
cross_town,Town02,mixed,6,88,179.09296404018934,41.858489990234375,287.22564697265625,0.0,89.99503326416016
cross_town,Town02,mixed,6,89,181.0929640478873,41.858665466308594,289.22564697265625,0.0,89.99503326416016
cross_town,Town02,mixed,6,90,183.0929640552542,41.85883712768555,291.22564697265625,0.0,89.99503326416016
cross_town,Town02,mixed,6,91,185.09296406295218,41.859012603759766,293.22564697265625,0.0,89.99503326416016
cross_town,Town02,mixed,6,92,187.09296407031908,41.85918426513672,295.22564697265625,0.0,89.99503326416016
cross_town,Town02,mixed,6,93,189.09296407801705,41.85935974121094,297.22564697265625,0.0,-270.00494384765625
cross_town,Town02,mixed,6,94,190.97423085192216,41.853023529052734,299.1069030761719,0.0,93.39360046386719
cross_town,Town02,mixed,6,95,192.26495153379193,41.552635192871094,300.3621826171875,0.0,113.5226821899414
cross_town,Town02,mixed,6,96,193.5556391982654,40.8386116027832,301.4373779296875,0.0,133.65176391601562
cross_town,Town02,mixed,6,97,194.8281567413131,39.809669494628906,302.18609619140625,0.0,154.2933349609375
cross_town,Town02,mixed,6,98,196.0999850852331,38.583370208740234,302.5233459472656,0.0,174.95602416992188
cross_town,Town02,mixed,6,99,197.924934996599,36.758480072021484,302.5381164550781,0.0,179.96095275878906
cross_town,Town02,mixed,6,100,199.92515669975063,34.75825881958008,302.5394592285156,0.0,-180.03903198242188
cross_town,Town02,mixed,6,101,201.9251571505107,32.75825881958008,302.5408020019531,0.0,179.96095275878906
cross_town,Town02,mixed,6,102,203.92515952934087,30.758256912231445,302.54217529296875,0.0,179.96095275878906
cross_town,Town02,mixed,6,103,205.92516000082287,28.758256912231445,302.5435485839844,0.0,179.96095275878906
cross_town,Town02,mixed,6,104,207.92515663688653,26.75826072692871,302.5448913574219,0.0,179.96095275878906
cross_town,Town02,mixed,6,105,209.92515710836852,24.75826072692871,302.5462646484375,0.0,179.96095275878906
cross_town,Town02,mixed,6,106,211.92515757985052,22.75826072692871,302.5476379394531,0.0,179.96095275878906
cross_town,Town02,mixed,6,107,213.92515805133252,20.75826072692871,302.54901123046875,0.0,179.96095275878906
cross_town,Town02,mixed,6,108,215.9251585020926,18.75826072692871,302.55035400390625,0.0,179.96095275878906
cross_town,Town02,mixed,6,109,217.92515897357458,16.75826072692871,302.5517272949219,0.0,179.96095275878906
cross_town,Town02,mixed,6,110,219.9251575377084,14.758262634277344,302.5531005859375,0.0,179.96095275878906
cross_town,Town02,mixed,6,111,221.92515703479438,12.75826358795166,302.554443359375,0.0,179.96095275878906
cross_town,Town02,mixed,6,112,223.92515750627638,10.75826358795166,302.5558166503906,0.0,179.96095275878906
cross_town,Town02,mixed,6,113,225.92515797775837,8.75826358795166,302.55718994140625,0.0,179.96095275878906
cross_town,Town02,mixed,6,114,227.9251579516814,6.758264064788818,302.55853271484375,0.0,179.96095275878906
cross_town,Town02,mixed,6,115,229.92515794632635,4.758264541625977,302.5599060058594,0.0,179.96095275878906
cross_town,Town02,mixed,6,116,231.756943675636,2.9266629219055176,302.533935546875,0.0,184.76393127441406
cross_town,Town02,mixed,6,117,233.34370909898124,1.3671950101852417,302.2408752441406,0.0,196.5223388671875
cross_town,Town02,mixed,6,118,234.93046148681208,-0.09982609748840332,301.6361999511719,0.0,208.28077697753906
cross_town,Town02,mixed,6,119,236.5135143280067,-1.4099302291870117,300.74755859375,0.0,220.14649963378906
cross_town,Town02,mixed,6,120,237.97648837170567,-2.393085241317749,299.6641845703125,0.0,235.40682983398438
cross_town,Town02,mixed,6,121,239.4394705004065,-3.0564236640930176,298.3602294921875,0.0,250.6671600341797
cross_town,Town02,mixed,6,122,240.90243737388752,-3.3531641960144043,296.92767333984375,0.0,265.9274597167969
cross_town,Town02,mixed,6,123,242.76319558788435,-3.3694143295288086,295.0669860839844,0.0,-90.09098052978516
cross_town,Town02,mixed,6,124,244.76353380365725,-3.372591018676758,293.066650390625,0.0,-90.09098052978516
cross_town,Town02,mixed,6,125,246.76353632573682,-3.375767230987549,291.066650390625,0.0,-90.09098052978516
cross_town,Town02,mixed,6,126,248.76353884705918,-3.3789429664611816,289.066650390625,0.0,-90.09098052978516
cross_town,Town02,mixed,6,127,250.76354136913875,-3.3821191787719727,287.066650390625,0.0,-90.09098052978516
cross_town,Town02,mixed,6,128,252.76354389121832,-3.3852953910827637,285.066650390625,0.0,-90.09098052978516
cross_town,Town02,mixed,6,129,254.76354641254068,-3.3884711265563965,283.066650390625,0.0,-90.09098052978516
cross_town,Town02,mixed,6,130,256.76354893462025,-3.3916473388671875,281.066650390625,0.0,-90.09098052978516
cross_town,Town02,mixed,6,131,258.7635514566998,-3.3948235511779785,279.066650390625,0.0,-90.09098052978516
cross_town,Town02,mixed,6,132,260.7635539780222,-3.3979992866516113,277.066650390625,0.0,-90.09098052978516
cross_town,Town02,mixed,6,133,262.7635259825621,-3.4011754989624023,275.0666809082031,0.0,-90.09098052978516
cross_town,Town02,mixed,6,134,264.76352850464167,-3.4043517112731934,273.0666809082031,0.0,-90.09098052978516
cross_town,Town02,mixed,6,135,266.763531025964,-3.407527446746826,271.0666809082031,0.0,-90.09098052978516
cross_town,Town02,mixed,6,136,268.7635335480436,-3.410703659057617,269.0666809082031,0.0,-90.09098052978516
cross_town,Town02,mixed,6,137,270.76353607012317,-3.413879871368408,267.0666809082031,0.0,-90.09098052978516
cross_town,Town02,mixed,6,138,272.7635385914455,-3.417055606842041,265.0666809082031,0.0,-90.09098052978516
cross_town,Town02,mixed,6,139,274.7635411135251,-3.420231819152832,263.0666809082031,0.0,-90.09098052978516
cross_town,Town02,mixed,6,140,276.76354363484745,-3.423407554626465,261.0666809082031,0.0,-90.09098052978516
cross_town,Town02,mixed,6,141,278.763546156927,-3.426583766937256,259.0666809082031,0.0,-90.09098052978516
cross_town,Town02,mixed,6,142,280.7635486790066,-3.429759979248047,257.0666809082031,0.0,-90.09098052978516
cross_town,Town02,mixed,6,143,282.7635359415591,-3.4329357147216797,255.0666961669922,0.0,-90.09098052978516
cross_town,Town02,mixed,6,144,284.76353846363867,-3.4361119270324707,253.0666961669922,0.0,-90.09098052978516
cross_town,Town02,mixed,6,145,286.76354098571824,-3.4392881393432617,251.0666961669922,0.0,-90.09098052978516
cross_town,Town02,mixed,6,146,288.76082520356505,-3.44035005569458,249.0694122314453,0.0,-90.01293182373047
cross_town,Town02,mixed,6,147,290.76082525454274,-3.4408016204833984,247.0694122314453,0.0,-90.01293182373047
cross_town,Town02,mixed,6,148,292.7608253055204,-3.441253185272217,245.0694122314453,0.0,-90.01293182373047
cross_town,Town02,mixed,6,149,294.7608253564981,-3.441704750061035,243.0694122314453,0.0,-90.01293182373047
cross_town,Town02,mixed,6,150,296.7608254074758,-3.4421563148498535,241.0694122314453,0.0,-90.01293182373047
cross_town,Town02,mixed,6,151,298.7608254584535,-3.442607879638672,239.0694122314453,0.0,-90.01293182373047
cross_town,Town02,mixed,6,152,300.7608255094312,-3.4430594444274902,237.0694122314453,0.0,-90.01293182373047
cross_town,Town02,mixed,6,153,302.7608255604089,-3.4435110092163086,235.0694122314453,0.0,-90.01293182373047
cross_town,Town02,mixed,6,154,304.76082561138657,-3.443962574005127,233.0694122314453,0.0,-90.01293182373047
cross_town,Town02,mixed,6,155,306.76082566236425,-3.4444141387939453,231.0694122314453,0.0,-90.01293182373047
cross_town,Town02,mixed,6,156,308.76082571334194,-3.4448657035827637,229.0694122314453,0.0,-90.01293182373047
cross_town,Town02,mixed,6,157,310.76082576431963,-3.445317268371582,227.0694122314453,0.0,-90.01293182373047
cross_town,Town02,mixed,6,158,312.7608258152973,-3.4457688331604004,225.0694122314453,0.0,-90.01293182373047
cross_town,Town02,mixed,6,159,314.760825866275,-3.4462203979492188,223.0694122314453,0.0,-90.01293182373047
cross_town,Town02,mixed,6,160,316.7608259172527,-3.446671962738037,221.0694122314453,0.0,-90.01293182373047
cross_town,Town02,mixed,6,161,318.7608259682304,-3.4471235275268555,219.0694122314453,0.0,-90.01293182373047
cross_town,Town02,mixed,6,162,320.7608260192081,-3.447575092315674,217.0694122314453,0.0,-90.01293182373047
cross_town,Town02,mixed,6,163,322.7608260701858,-3.448026657104492,215.0694122314453,0.0,-90.01293182373047
cross_town,Town02,mixed,6,164,324.76082612116346,-3.4484782218933105,213.0694122314453,0.0,-90.01293182373047
cross_town,Town02,mixed,6,165,326.76082617214115,-3.448929786682129,211.0694122314453,0.0,-90.01293182373047
cross_town,Town02,mixed,6,166,328.76082622311884,-3.4493813514709473,209.0694122314453,0.0,-90.01293182373047
cross_town,Town02,mixed,6,167,330.76082627409653,-3.4498329162597656,207.0694122314453,0.0,-90.01293182373047
cross_town,Town02,mixed,6,168,332.7608263250742,-3.450284481048584,205.0694122314453,0.0,-90.01293182373047
cross_town,Town02,mixed,6,169,334.7608263760519,-3.4507360458374023,203.0694122314453,0.0,-90.01293182373047
cross_town,Town02,mixed,6,170,336.7608264270296,-3.4511876106262207,201.0694122314453,0.0,-90.01293182373047
cross_town,Town02,mixed,6,171,338.760826478115,-3.4516396522521973,199.0694122314453,0.0,-90.01293182373047
cross_town,Town02,mixed,6,172,340.7608265290927,-3.4520912170410156,197.0694122314453,0.0,-90.01293182373047
cross_town,Town02,mixed,6,173,342.7608265800704,-3.452542781829834,195.0694122314453,0.0,-90.01293182373047
cross_town,Town02,mixed,6,174,344.7608266310481,-3.4529943466186523,193.0694122314453,0.0,-90.01293182373047
cross_town,Town02,mixed,6,175,346.76082668202577,-3.4534459114074707,191.0694122314453,0.0,-90.01293182373047
cross_town,Town02,mixed,6,176,348.76082673300346,-3.453897476196289,189.0694122314453,0.0,-90.01293182373047
cross_town,Town02,mixed,6,177,350.76082678398114,-3.4543490409851074,187.0694122314453,0.0,-90.01293182373047
cross_town,Town02,mixed,6,178,352.76082683495883,-3.454800605773926,185.0694122314453,0.0,-90.01293182373047
cross_town,Town02,mixed,6,179,354.7608268859365,-3.455252170562744,183.0694122314453,0.0,-90.01293182373047
cross_town,Town02,mixed,6,180,356.7608269369142,-3.4557037353515625,181.0694122314453,0.0,-90.01293182373047
cross_town,Town02,mixed,6,181,358.7608269878919,-3.456155300140381,179.0694122314453,0.0,-90.01293182373047
cross_town,Town02,mixed,6,182,360.7608270388696,-3.456606864929199,177.0694122314453,0.0,-90.01293182373047
cross_town,Town02,mixed,6,183,362.7608270898473,-3.4570584297180176,175.0694122314453,0.0,-90.01293182373047
cross_town,Town02,mixed,6,184,364.760827140825,-3.457509994506836,173.0694122314453,0.0,-90.01293182373047
cross_town,Town02,mixed,6,185,366.76082719180266,-3.4579615592956543,171.0694122314453,0.0,-90.01293182373047
cross_town,Town02,mixed,6,186,368.76082724278035,-3.4584131240844727,169.0694122314453,0.0,-90.01293182373047
cross_town,Town02,mixed,6,187,370.76082729375804,-3.458864688873291,167.0694122314453,0.0,-90.01293182373047
cross_town,Town02,mixed,6,188,372.76082734473573,-3.4593162536621094,165.0694122314453,0.0,-90.01293182373047
cross_town,Town02,mixed,6,189,374.7608273957134,-3.4597678184509277,163.0694122314453,0.0,-90.01293182373047
cross_town,Town02,mixed,6,190,376.7558692362315,-3.4578239917755127,161.07437133789062,0.0,-89.87117767333984
cross_town,Town02,mixed,6,191,378.75587428994845,-3.4533278942108154,159.07437133789062,0.0,-89.87117767333984
cross_town,Town02,mixed,6,192,380.7558640859869,-3.44883131980896,157.0743865966797,0.0,-89.87117767333984
cross_town,Town02,mixed,6,193,382.75586914077587,-3.4443347454071045,155.0743865966797,0.0,-89.87117767333984
cross_town,Town02,mixed,6,194,384.75587419449283,-3.4398386478424072,153.0743865966797,0.0,-89.87117767333984
cross_town,Town02,mixed,6,195,386.7558639905313,-3.4353420734405518,151.07440185546875,0.0,-89.87117767333984
cross_town,Town02,mixed,6,196,388.75586904532025,-3.4308454990386963,149.07440185546875,0.0,-89.87117767333984
cross_town,Town02,mixed,6,197,390.7558740990372,-3.426349401473999,147.07440185546875,0.0,-89.87117767333984
cross_town,Town02,mixed,6,198,392.75586389507566,-3.4218528270721436,145.0744171142578,0.0,-89.87117767333984
cross_town,Town02,mixed,6,199,394.75586894986463,-3.417356252670288,143.0744171142578,0.0,-89.87117767333984
cross_town,Town02,mixed,6,200,396.7558740035816,-3.412860155105591,141.0744171142578,0.0,-89.87117767333984
cross_town,Town02,mixed,6,201,398.75586379962004,-3.4083635807037354,139.07443237304688,0.0,-89.87117767333984
cross_town,Town02,mixed,6,202,400.755868854409,-3.40386700630188,137.07443237304688,0.0,-89.87117767333984
cross_town,Town02,mixed,6,203,402.75585864937545,-3.3993709087371826,135.07444763183594,0.0,-89.87117767333984
cross_town,Town02,mixed,6,204,404.7558637041644,-3.394874334335327,133.07444763183594,0.0,-89.87117767333984
cross_town,Town02,mixed,6,205,406.7558687589534,-3.3903777599334717,131.07444763183594,0.0,-89.87117767333984
cross_town,Town02,mixed,6,206,408.75587381267036,-3.3858816623687744,129.07444763183594,0.0,-89.87117767333984
cross_town,Town02,mixed,6,207,410.75587123808407,-3.381385087966919,127.07445526123047,0.0,-89.87117767333984
cross_town,Town02,mixed,6,208,412.75587629287304,-3.3768885135650635,125.07445526123047,0.0,-89.87117767333984
cross_town,Town02,mixed,6,209,414.75587371721474,-3.372392416000366,123.074462890625,0.0,-89.87117767333984
cross_town,Town02,mixed,6,210,416.75587114262845,-3.3678958415985107,121.07447052001953,0.0,-89.87117767333984
cross_town,Town02,mixed,6,211,418.7558761974174,-3.3633992671966553,119.07447052001953,0.0,-89.87117767333984
cross_town,Town02,mixed,6,212,420.7558736217591,-3.358903169631958,117.07447814941406,0.0,-89.87117767333984
cross_town,Town02,mixed,6,213,422.3905775674918,-3.253730058670044,115.44316101074219,0.0,-79.49171447753906
cross_town,Town02,mixed,6,214,423.89920451099465,-2.8002514839172363,114.00430297851562,0.0,-65.52215576171875
cross_town,Town02,mixed,6,215,425.4078290104867,-2.0128355026245117,112.71747589111328,0.0,-51.55259323120117
cross_town,Town02,mixed,6,216,426.9164570785481,-0.9380592107772827,111.6587905883789,0.0,-37.58303451538086
cross_town,Town02,mixed,6,217,428.6277567079868,0.4748759865760803,110.69330596923828,0.0,-29.360393524169922
cross_town,Town02,mixed,6,218,430.258549417907,1.9634652137756348,110.02728271484375,0.0,-18.84897232055664
cross_town,Town02,mixed,6,219,431.8893413410675,3.548577308654785,109.64400482177734,0.0,-8.33755111694336
cross_town,Town02,mixed,6,220,433.6040081777417,5.260573387145996,109.54833984375,0.0,359.79315185546875
cross_town,Town02,mixed,6,221,435.6040097564238,7.260561943054199,109.54112243652344,0.0,359.79315185546875
cross_town,Town02,mixed,6,222,437.6040075479803,9.260546684265137,109.53389739990234,0.0,359.79315185546875
cross_town,Town02,mixed,6,223,439.6040091266624,11.26053524017334,109.52667999267578,0.0,359.79315185546875
cross_town,Town02,mixed,6,224,441.60400689067205,13.260519981384277,109.51946258544922,0.0,359.79315185546875
cross_town,Town02,mixed,6,225,443.6040084969009,15.26050853729248,109.51223754882812,0.0,359.79315185546875
cross_town,Town02,mixed,6,226,445.6040072145787,17.260494232177734,109.50502014160156,0.0,359.79315185546875
cross_town,Town02,mixed,6,227,447.6040068859246,19.260480880737305,109.497802734375,0.0,359.79315185546875
cross_town,Town02,mixed,6,228,449.60400849215347,21.260469436645508,109.4905776977539,0.0,359.79315185546875
cross_town,Town02,mixed,6,229,451.6040081634994,23.260456085205078,109.48336029052734,0.0,359.79315185546875
cross_town,Town02,mixed,6,230,453.6040078348453,25.26044273376465,109.47614288330078,0.0,359.79315185546875
cross_town,Town02,mixed,6,231,455.60400753373796,27.26042938232422,109.46891784667969,0.0,359.79315185546875
cross_town,Town02,mixed,6,232,457.60400720508386,29.26041603088379,109.46170043945312,0.0,359.79315185546875
cross_town,Town02,mixed,6,233,459.60400687642976,31.26040267944336,109.45448303222656,0.0,359.79315185546875
cross_town,Town02,mixed,6,234,461.6040084826586,33.26039123535156,109.44725799560547,0.0,359.79315185546875
cross_town,Town02,mixed,6,235,463.6040100613407,35.260379791259766,109.4400405883789,0.0,359.79315185546875
cross_town,Town02,mixed,6,236,465.6040078253504,37.2603645324707,109.43282318115234,0.0,359.79315185546875
cross_town,Town02,mixed,6,237,467.60400943157924,39.260353088378906,109.42559814453125,0.0,359.79315185546875
cross_town,Town02,mixed,6,238,469.60401101026133,41.26034164428711,109.41838073730469,0.0,359.79315185546875
cross_town,Town02,mixed,6,239,471.604008774271,43.26032638549805,109.41116333007812,0.0,359.79315185546875
cross_town,Town02,mixed,6,240,473.60401038049986,45.26031494140625,109.40393829345703,0.0,359.79315185546875
cross_town,Town02,mixed,6,241,475.6040081445095,47.26029968261719,109.39672088623047,0.0,359.79315185546875
cross_town,Town02,mixed,6,242,477.5991869649152,49.255470275878906,109.3909912109375,0.0,-0.0686798095703125
cross_town,Town02,mixed,6,243,479.59542954059407,51.251712799072266,109.39144897460938,0.0,0.038970947265625
cross_town,Town02,mixed,6,244,481.5954300068519,53.251712799072266,109.39281463623047,0.0,0.038970947265625
cross_town,Town02,mixed,6,245,483.59543046791475,55.251712799072266,109.39417266845703,0.0,0.038970947265625
cross_town,Town02,mixed,6,246,485.5954309289776,57.251712799072266,109.3955307006836,0.0,0.038970947265625
cross_town,Town02,mixed,6,247,487.59543139523544,59.251712799072266,109.39689636230469,0.0,0.038970947265625
cross_town,Town02,mixed,6,248,489.59543185629826,61.251712799072266,109.39825439453125,0.0,0.038970947265625
cross_town,Town02,mixed,6,249,491.5954323173611,63.251712799072266,109.39961242675781,0.0,0.038970947265625
cross_town,Town02,mixed,6,250,493.5954365983153,65.25171661376953,109.4009780883789,0.0,0.038970947265625
cross_town,Town02,mixed,6,251,495.5954370593781,67.25171661376953,109.40233612060547,0.0,0.038970947265625
cross_town,Town02,mixed,6,252,497.5954298910482,69.251708984375,109.40369415283203,0.0,0.038970947265625
cross_town,Town02,mixed,6,253,499.595430352111,71.251708984375,109.4050521850586,0.0,0.038970947265625
cross_town,Town02,mixed,7,0,0.0,189.6988983154297,252.32620239257812,0.0,90.03919219970703
cross_town,Town02,mixed,7,1,2.000000471481998,189.69752502441406,254.32620239257812,0.0,90.03919219970703
cross_town,Town02,mixed,7,2,4.000000932544827,189.6961669921875,256.3262023925781,0.0,90.03919219970703
cross_town,Town02,mixed,7,3,6.0000014040268255,189.69479370117188,258.3262023925781,0.0,90.03919219970703
cross_town,Town02,mixed,7,4,8.000001875508824,189.69342041015625,260.3262023925781,0.0,90.03919219970703
cross_town,Town02,mixed,7,5,10.000002336571653,189.6920623779297,262.3262023925781,0.0,90.03919219970703
cross_town,Town02,mixed,7,6,12.000002808053651,189.69068908691406,264.3262023925781,0.0,90.03919219970703
cross_town,Town02,mixed,7,7,14.00000327953565,189.68931579589844,266.3262023925781,0.0,90.03919219970703
cross_town,Town02,mixed,7,8,16.00000374059848,189.68795776367188,268.3262023925781,0.0,90.03919219970703
cross_town,Town02,mixed,7,9,18.000004212080476,189.68658447265625,270.3262023925781,0.0,90.03919219970703
cross_town,Town02,mixed,7,10,20.000004683562473,189.68521118164062,272.3262023925781,0.0,90.03919219970703
cross_town,Town02,mixed,7,11,22.0000051446253,189.68385314941406,274.3262023925781,0.0,90.03919219970703
cross_town,Town02,mixed,7,12,24.0000056161073,189.68247985839844,276.3262023925781,0.0,90.03919219970703
cross_town,Town02,mixed,7,13,26.000006077170127,189.68112182617188,278.3262023925781,0.0,90.03919219970703
cross_town,Town02,mixed,7,14,28.000006548652124,189.67974853515625,280.3262023925781,0.0,90.03919219970703
cross_town,Town02,mixed,7,15,30.00000702013412,189.67837524414062,282.3262023925781,0.0,90.03919219970703
cross_town,Town02,mixed,7,16,32.000007481196945,189.67701721191406,284.3262023925781,0.0,90.03919219970703
cross_town,Town02,mixed,7,17,34.00000795267894,189.67564392089844,286.3262023925781,0.0,90.03919219970703
cross_town,Town02,mixed,7,18,36.00000842416094,189.6742706298828,288.3262023925781,0.0,90.03919219970703
cross_town,Town02,mixed,7,19,38.000008885223764,189.67291259765625,290.3262023925781,0.0,90.03919219970703
cross_town,Town02,mixed,7,20,40.00000935670576,189.67153930664062,292.3262023925781,0.0,90.03919219970703
cross_town,Town02,mixed,7,21,42.00000982818776,189.670166015625,294.3262023925781,0.0,90.03919219970703
cross_town,Town02,mixed,7,22,43.669057127989554,189.57861328125,295.99273681640625,0.0,99.44937896728516
cross_town,Town02,mixed,7,23,45.20693674313503,189.1541748046875,297.47088623046875,0.0,112.59102630615234
cross_town,Town02,mixed,7,24,46.74482303677431,188.40480041503906,298.8138427734375,0.0,125.732666015625
cross_town,Town02,mixed,7,25,48.28272675567662,187.3697052001953,299.9512634277344,0.0,138.8743133544922
cross_town,Town02,mixed,7,26,49.99143953405299,185.9984130859375,300.970703125,0.0,147.18930053710938
cross_town,Town02,mixed,7,27,51.644159324096925,184.53733825683594,301.7431945800781,0.0,157.07980346679688
cross_town,Town02,mixed,7,28,53.29685696216952,182.96530151367188,302.2532043457031,0.0,166.97032165527344
cross_town,Town02,mixed,7,29,54.94955774522534,181.3290252685547,302.4856262207031,0.0,176.86080932617188
cross_town,Town02,mixed,7,30,56.84295342096044,179.43569946289062,302.50189208984375,0.0,179.92127990722656
cross_town,Town02,mixed,7,31,58.84295534903007,177.43569946289062,302.5046691894531,0.0,179.92127990722656
cross_town,Town02,mixed,7,32,60.842957234957396,175.43569946289062,302.5074157714844,0.0,179.92127990722656
cross_town,Town02,mixed,7,33,62.84294386211005,173.4357147216797,302.5101623535156,0.0,179.92127990722656
cross_town,Town02,mixed,7,34,64.84294574803737,171.4357147216797,302.5129089355469,0.0,179.92127990722656
cross_town,Town02,mixed,7,35,66.84294763396468,169.4357147216797,302.5156555175781,0.0,179.92127990722656
cross_town,Town02,mixed,7,36,68.842949519892,167.4357147216797,302.5184020996094,0.0,179.92127990722656
cross_town,Town02,mixed,7,37,70.84295140581932,165.4357147216797,302.5211486816406,0.0,179.92127990722656
cross_town,Town02,mixed,7,38,72.84295329174664,163.4357147216797,302.5238952636719,0.0,179.92127990722656
cross_town,Town02,mixed,7,39,74.84293991889929,161.43572998046875,302.5266418457031,0.0,179.92127990722656
cross_town,Town02,mixed,7,40,76.84294180482661,159.43572998046875,302.5293884277344,0.0,179.92127990722656
cross_town,Town02,mixed,7,41,78.84294369075393,157.43572998046875,302.5321350097656,0.0,179.92127990722656
cross_town,Town02,mixed,7,42,80.84294557668125,155.43572998046875,302.5348815917969,0.0,179.92127990722656
cross_town,Town02,mixed,7,43,82.84294746260856,153.43572998046875,302.5376281738281,0.0,179.92127990722656
cross_town,Town02,mixed,7,44,84.84294934853588,151.43572998046875,302.5403747558594,0.0,179.92127990722656
cross_town,Town02,mixed,7,45,86.8429512344632,149.43572998046875,302.5431213378906,0.0,179.92127990722656
cross_town,Town02,mixed,7,46,88.84295312039052,147.43572998046875,302.5458679199219,0.0,179.92127990722656
cross_town,Town02,mixed,7,47,90.84295500631784,145.43572998046875,302.5486145019531,0.0,179.92127990722656
cross_town,Town02,mixed,7,48,92.84294163347049,143.4357452392578,302.5513610839844,0.0,179.92127990722656
cross_town,Town02,mixed,7,49,94.8429435193978,141.4357452392578,302.5541076660156,0.0,179.92127990722656
cross_town,Town02,mixed,7,50,96.84294540532512,139.4357452392578,302.5568542480469,0.0,179.92127990722656
cross_town,Town02,mixed,7,51,98.84238267490124,137.43630981445312,302.5595703125,0.0,179.93728637695312
cross_town,Town02,mixed,7,52,100.83952928717564,135.4391632080078,302.5594177246094,0.0,180.01942443847656
cross_town,Town02,mixed,7,53,102.83952939986567,133.4391632080078,302.5587463378906,0.0,180.01942443847656
cross_town,Town02,mixed,7,54,104.8395295125557,131.4391632080078,302.5580749511719,0.0,180.01942443847656
cross_town,Town02,mixed,7,55,106.83952962524573,129.4391632080078,302.5574035644531,0.0,180.01942443847656
cross_town,Town02,mixed,7,56,108.83952211901908,127.43917083740234,302.55670166015625,0.0,180.01942443847656
cross_town,Town02,mixed,7,57,110.83952223170911,125.43917083740234,302.5560302734375,0.0,180.01942443847656
cross_town,Town02,mixed,7,58,112.83952234439914,123.43917083740234,302.55535888671875,0.0,180.01942443847656
cross_town,Town02,mixed,7,59,114.83952245708917,121.43917083740234,302.5546875,0.0,180.01942443847656
cross_town,Town02,mixed,7,60,116.8395225697792,119.43917083740234,302.55401611328125,0.0,180.01942443847656
cross_town,Town02,mixed,7,61,118.83952269294662,117.43917083740234,302.5533142089844,0.0,180.01942443847656
cross_town,Town02,mixed,7,62,120.83952280563665,115.43917083740234,302.5526428222656,0.0,180.01942443847656
cross_town,Town02,mixed,7,63,122.83952291832668,113.43917083740234,302.5519714355469,0.0,180.01942443847656
cross_town,Town02,mixed,7,64,124.83952303101671,111.43917083740234,302.5513000488281,0.0,180.01942443847656
cross_town,Town02,mixed,7,65,126.83952314370674,109.43917083740234,302.5506286621094,0.0,180.01942443847656
cross_town,Town02,mixed,7,66,128.83952326687415,107.43917083740234,302.5499267578125,0.0,180.01942443847656
cross_town,Town02,mixed,7,67,130.83952337956418,105.43917083740234,302.54925537109375,0.0,180.01942443847656
cross_town,Town02,mixed,7,68,132.83952349225422,103.43917083740234,302.548583984375,0.0,180.01942443847656
cross_town,Town02,mixed,7,69,134.83952360494425,101.43917083740234,302.54791259765625,0.0,180.01942443847656
cross_town,Town02,mixed,7,70,136.83952372811166,99.43917083740234,302.5472106933594,0.0,180.01942443847656
cross_town,Town02,mixed,7,71,138.8395238408017,97.43917083740234,302.5465393066406,0.0,180.01942443847656
cross_town,Town02,mixed,7,72,140.83952395349172,95.43917083740234,302.5458679199219,0.0,180.01942443847656
cross_town,Town02,mixed,7,73,142.83952406618175,93.43917083740234,302.5451965332031,0.0,180.01942443847656
cross_town,Town02,mixed,7,74,144.83952417887178,91.43917083740234,302.5445251464844,0.0,180.01942443847656
cross_town,Town02,mixed,7,75,146.8395243020392,89.43917083740234,302.5438232421875,0.0,180.01942443847656
cross_town,Town02,mixed,7,76,148.83952441472923,87.43917083740234,302.54315185546875,0.0,180.01942443847656
cross_town,Town02,mixed,7,77,150.83952452741926,85.43917083740234,302.54248046875,0.0,180.01942443847656
cross_town,Town02,mixed,7,78,152.8395246401093,83.43917083740234,302.54180908203125,0.0,180.01942443847656
cross_town,Town02,mixed,7,79,154.83952475279932,81.43917083740234,302.5411376953125,0.0,180.01942443847656
cross_town,Town02,mixed,7,80,156.83952487596673,79.43917083740234,302.5404357910156,0.0,180.01942443847656
cross_town,Town02,mixed,7,81,158.83952498865676,77.43917083740234,302.5397644042969,0.0,180.01942443847656
cross_town,Town02,mixed,7,82,160.8395251013468,75.43917083740234,302.5390930175781,0.0,180.01942443847656
cross_town,Town02,mixed,7,83,162.83952521403683,73.43917083740234,302.5384216308594,0.0,180.01942443847656
cross_town,Town02,mixed,7,84,164.83952532672686,71.43917083740234,302.5377502441406,0.0,180.01942443847656
cross_town,Town02,mixed,7,85,166.83952544989427,69.43917083740234,302.53704833984375,0.0,180.01942443847656
cross_town,Town02,mixed,7,86,168.8395255625843,67.43917083740234,302.536376953125,0.0,180.01942443847656
cross_town,Town02,mixed,7,87,170.83952567527433,65.43917083740234,302.53570556640625,0.0,180.01942443847656
cross_town,Town02,mixed,7,88,172.8395219732673,63.43917465209961,302.5350341796875,0.0,180.01942443847656
cross_town,Town02,mixed,7,89,174.8395220964347,61.43917465209961,302.5343322753906,0.0,180.01942443847656
cross_town,Town02,mixed,7,90,176.83952220912474,59.43917465209961,302.5336608886719,0.0,180.01942443847656
cross_town,Town02,mixed,7,91,178.83952232181477,57.43917465209961,302.5329895019531,0.0,180.01942443847656
cross_town,Town02,mixed,7,92,180.8395224345048,55.43917465209961,302.5323181152344,0.0,180.01942443847656
cross_town,Town02,mixed,7,93,182.83952254719483,53.43917465209961,302.5316467285156,0.0,180.01942443847656
cross_town,Town02,mixed,7,94,184.8395188556652,51.439178466796875,302.53094482421875,0.0,-179.98056030273438
cross_town,Town02,mixed,7,95,186.5381411237535,49.74139404296875,302.47760009765625,0.0,-171.39874267578125
cross_town,Town02,mixed,7,96,187.93708895106394,48.4045524597168,302.0653991699219,0.0,-154.32833862304688
cross_town,Town02,mixed,7,97,189.33603281668837,47.24761199951172,301.2789306640625,0.0,-137.25796508789062
cross_town,Town02,mixed,7,98,190.6980345573546,46.40445327758789,300.20928955078125,0.0,-119.14590454101562
cross_town,Town02,mixed,7,99,192.05785223937187,45.938087463378906,298.93194580078125,0.0,-100.96945190429688
cross_town,Town02,mixed,7,100,193.672016557999,45.85936737060547,297.3197021484375,0.0,-90.00494384765625
cross_town,Town02,mixed,7,101,195.67229122389904,45.85919189453125,295.3194274902344,0.0,-90.00496673583984
cross_town,Town02,mixed,7,102,197.67229123126594,45.8590202331543,293.3194274902344,0.0,-90.00496673583984
cross_town,Town02,mixed,7,103,199.6722912389639,45.85884475708008,291.3194274902344,0.0,-90.00496673583984
cross_town,Town02,mixed,7,104,201.67229124633081,45.858673095703125,289.3194274902344,0.0,-90.00496673583984
cross_town,Town02,mixed,7,105,203.67229125402878,45.858497619628906,287.3194274902344,0.0,-90.00496673583984
cross_town,Town02,mixed,7,106,205.67229126139569,45.85832595825195,285.3194274902344,0.0,-90.00496673583984
cross_town,Town02,mixed,7,107,207.67229126909365,45.858150482177734,283.3194274902344,0.0,-90.00496673583984
cross_town,Town02,mixed,7,108,209.67229127646056,45.85797882080078,281.3194274902344,0.0,-90.00496673583984
cross_town,Town02,mixed,7,109,211.67229128415852,45.85780334472656,279.3194274902344,0.0,-90.00496673583984
cross_town,Town02,mixed,7,110,213.67229129152543,45.85763168334961,277.3194274902344,0.0,-90.00496673583984
cross_town,Town02,mixed,7,111,215.6722912992234,45.85745620727539,275.3194274902344,0.0,-90.00496673583984
cross_town,Town02,mixed,7,112,217.6722913065903,45.85728454589844,273.3194274902344,0.0,-90.00496673583984
cross_town,Town02,mixed,7,113,219.67229131428826,45.85710906982422,271.3194274902344,0.0,-90.00496673583984
cross_town,Town02,mixed,7,114,221.67229132198622,45.85693359375,269.3194274902344,0.0,-90.00496673583984
cross_town,Town02,mixed,7,115,223.67229132935313,45.85676193237305,267.3194274902344,0.0,-90.00496673583984
cross_town,Town02,mixed,7,116,225.6722913370511,45.85658645629883,265.3194274902344,0.0,-90.00496673583984
cross_town,Town02,mixed,7,117,227.672291344418,45.856414794921875,263.3194274902344,0.0,-90.00496673583984
cross_town,Town02,mixed,7,118,229.67229135211596,45.856239318847656,261.3194274902344,0.0,-90.00496673583984
cross_town,Town02,mixed,7,119,231.67229135948287,45.8560676574707,259.3194274902344,0.0,-90.00496673583984
cross_town,Town02,mixed,7,120,233.67229136718083,45.855892181396484,257.3194274902344,0.0,-90.00496673583984
cross_town,Town02,mixed,7,121,235.67227611575873,45.85572052001953,255.31944274902344,0.0,-90.00496673583984
cross_town,Town02,mixed,7,122,237.6722761234567,45.85554504394531,253.31944274902344,0.0,-90.00496673583984
cross_town,Town02,mixed,7,123,239.6722761308236,45.85537338256836,251.31944274902344,0.0,-90.00496673583984
cross_town,Town02,mixed,7,124,241.67227613852157,45.85519790649414,249.31944274902344,0.0,-90.00496673583984
cross_town,Town02,mixed,7,125,243.67226088709947,45.85502624511719,247.3194580078125,0.0,-90.00496673583984
cross_town,Town02,mixed,7,126,245.67226089479743,45.85485076904297,245.3194580078125,0.0,-90.00496673583984
cross_town,Town02,mixed,7,127,247.67226090216434,45.854679107666016,243.3194580078125,0.0,-90.00496673583984
cross_town,Town02,mixed,7,128,249.6722609098623,45.8545036315918,241.3194580078125,0.0,-90.00496673583984
cross_town,Town02,mixed,7,129,251.6722609172292,45.854331970214844,239.3194580078125,0.0,-90.00496673583984
cross_town,Town02,mixed,7,130,253.67226092492717,45.854156494140625,237.3194580078125,0.0,-90.00496673583984
cross_town,Town02,mixed,7,131,255.67226093229408,45.85398483276367,235.3194580078125,0.0,-90.00496673583984
cross_town,Town02,mixed,7,132,257.67226093999204,45.85380935668945,233.3194580078125,0.0,-90.00496673583984
cross_town,Town02,mixed,7,133,259.67226094769,45.853633880615234,231.3194580078125,0.0,-90.00496673583984
cross_town,Town02,mixed,7,134,261.6722609550569,45.85346221923828,229.3194580078125,0.0,-90.00496673583984
cross_town,Town02,mixed,7,135,263.6722609624238,45.85329055786133,227.3194580078125,0.0,-90.00496673583984
cross_town,Town02,mixed,7,136,265.6722609701218,45.85311508178711,225.3194580078125,0.0,-90.00496673583984
cross_town,Town02,mixed,7,137,267.6722609774887,45.852943420410156,223.3194580078125,0.0,-90.00496673583984
cross_town,Town02,mixed,7,138,269.67226098518665,45.85276794433594,221.3194580078125,0.0,-90.00496673583984
cross_town,Town02,mixed,7,139,271.67226099255356,45.852596282958984,219.3194580078125,0.0,-90.00496673583984
cross_town,Town02,mixed,7,140,273.6722610002515,45.852420806884766,217.3194580078125,0.0,-90.00496673583984
cross_town,Town02,mixed,7,141,275.67226100761843,45.85224914550781,215.3194580078125,0.0,-90.00496673583984
cross_town,Town02,mixed,7,142,277.6722610153164,45.852073669433594,213.3194580078125,0.0,-90.00496673583984
cross_town,Town02,mixed,7,143,279.6722610226833,45.85190200805664,211.3194580078125,0.0,-90.00496673583984
cross_town,Town02,mixed,7,144,281.67226103038126,45.85172653198242,209.3194580078125,0.0,-90.00496673583984
cross_town,Town02,mixed,7,145,283.6722610380792,45.8515510559082,207.3194580078125,0.0,-90.00496673583984
cross_town,Town02,mixed,7,146,285.67226104544613,45.85137939453125,205.3194580078125,0.0,-90.00496673583984
cross_town,Town02,mixed,7,147,287.6722610531441,45.85120391845703,203.3194580078125,0.0,-90.00496673583984
cross_town,Town02,mixed,7,148,289.672261060511,45.85103225708008,201.3194580078125,0.0,-90.00496673583984
cross_town,Town02,mixed,7,149,291.67226106820897,45.85085678100586,199.3194580078125,0.0,-90.00496673583984
cross_town,Town02,mixed,7,150,293.67226107590693,45.85068130493164,197.3194580078125,0.0,-450.00494384765625
cross_town,Town02,mixed,7,151,295.2672978787708,45.977577209472656,195.72947692871094,0.0,-78.50187683105469
cross_town,Town02,mixed,7,152,296.7831275808633,46.45557403564453,194.29098510742188,0.0,-64.7363052368164
cross_town,Town02,mixed,7,153,298.2876335058976,47.25520324707031,193.01657104492188,0.0,-50.64484405517578
cross_town,Town02,mixed,7,154,299.607892443739,48.251644134521484,192.1504364013672,0.0,-31.350805282592773
cross_town,Town02,mixed,7,155,300.92814370825096,49.478302001953125,191.66220092773438,0.0,-12.056767463684082
cross_town,Town02,mixed,7,156,302.50291911692693,51.050697326660156,191.57565307617188,0.0,-359.97369384765625
cross_town,Town02,mixed,7,157,304.5029193264745,53.050697326660156,191.57656860351562,0.0,0.02626265585422516
cross_town,Town02,mixed,7,158,306.5029195360221,55.050697326660156,191.57748413085938,0.0,0.02626265585422516
cross_town,Town02,mixed,7,159,308.50291974556967,57.050697326660156,191.57839965820312,0.0,0.02626265585422516
cross_town,Town02,mixed,7,160,310.50291995511725,59.050697326660156,191.57931518554688,0.0,0.02626265585422516
cross_town,Town02,mixed,7,161,312.50292016466483,61.050697326660156,191.58023071289062,0.0,0.02626265585422516
cross_town,Town02,mixed,7,162,314.5029203742124,63.050697326660156,191.58114624023438,0.0,0.02626265585422516
cross_town,Town02,mixed,7,163,316.50292058376,65.05069732666016,191.58206176757812,0.0,0.02626265585422516
cross_town,Town02,mixed,7,164,318.50292079330757,67.05069732666016,191.58297729492188,0.0,0.02626265585422516
cross_town,Town02,mixed,7,165,320.50292100285515,69.05069732666016,191.58389282226562,0.0,0.02626265585422516
cross_town,Town02,mixed,7,166,322.5029212124027,71.05069732666016,191.58480834960938,0.0,0.02626265585422516
cross_town,Town02,mixed,7,167,324.50291379255657,73.05068969726562,191.58572387695312,0.0,0.02626265585422516
cross_town,Town02,mixed,7,168,326.50291400210415,75.05068969726562,191.58663940429688,0.0,0.02626265585422516
cross_town,Town02,mixed,7,169,328.50291421869485,77.05068969726562,191.5875701904297,0.0,0.02626265585422516
cross_town,Town02,mixed,7,170,330.50291442824243,79.05068969726562,191.58848571777344,0.0,0.02626265585422516
cross_town,Town02,mixed,7,171,332.50291463779,81.05068969726562,191.5894012451172,0.0,0.02626265585422516
cross_town,Town02,mixed,7,172,334.5029148473376,83.05068969726562,191.59031677246094,0.0,0.02626265585422516
cross_town,Town02,mixed,7,173,336.5029150568852,85.05068969726562,191.5912322998047,0.0,0.02626265585422516
cross_town,Town02,mixed,7,174,338.50291526643275,87.05068969726562,191.59214782714844,0.0,0.02626265585422516
cross_town,Town02,mixed,7,175,340.50291547598033,89.05068969726562,191.5930633544922,0.0,0.02626265585422516
cross_town,Town02,mixed,7,176,342.5029156855279,91.05068969726562,191.59397888183594,0.0,0.02626265585422516
cross_town,Town02,mixed,7,177,344.5029158950755,93.05068969726562,191.5948944091797,0.0,0.02626265585422516
cross_town,Town02,mixed,7,178,346.50291610462307,95.05068969726562,191.59580993652344,0.0,0.02626265585422516
cross_town,Town02,mixed,7,179,348.50291631417065,97.05068969726562,191.5967254638672,0.0,0.02626265585422516
cross_town,Town02,mixed,7,180,350.5029165237182,99.05068969726562,191.59764099121094,0.0,0.02626265585422516
cross_town,Town02,mixed,7,181,352.5029167332658,101.05068969726562,191.5985565185547,0.0,0.02626265585422516
cross_town,Town02,mixed,7,182,354.5029169498565,103.05068969726562,191.5994873046875,0.0,0.02626265585422516
cross_town,Town02,mixed,7,183,356.5029171594041,105.05068969726562,191.60040283203125,0.0,0.02626265585422516
cross_town,Town02,mixed,7,184,358.50291736895167,107.05068969726562,191.601318359375,0.0,0.02626265585422516
cross_town,Town02,mixed,7,185,360.50291757849925,109.05068969726562,191.60223388671875,0.0,0.02626265585422516
cross_town,Town02,mixed,7,186,362.50291778804683,111.05068969726562,191.6031494140625,0.0,0.02626265585422516
cross_town,Town02,mixed,7,187,364.5029179975944,113.05068969726562,191.60406494140625,0.0,0.02626265585422516
cross_town,Town02,mixed,7,188,366.502918207142,115.05068969726562,191.60498046875,0.0,0.02626265585422516
cross_town,Town02,mixed,7,189,368.50291841668957,117.05068969726562,191.60589599609375,0.0,0.02626265585422516
cross_town,Town02,mixed,7,190,370.50291862623715,119.05068969726562,191.6068115234375,0.0,0.02626265585422516
cross_town,Town02,mixed,7,191,372.5029188357847,121.05068969726562,191.60772705078125,0.0,0.02626265585422516
cross_town,Town02,mixed,7,192,374.5029190453323,123.05068969726562,191.608642578125,0.0,0.02626265585422516
cross_town,Town02,mixed,7,193,376.5029192548799,125.05068969726562,191.60955810546875,0.0,0.02626265585422516
cross_town,Town02,mixed,7,194,378.50291946442746,127.05068969726562,191.6104736328125,0.0,0.02626265585422516
cross_town,Town02,mixed,7,195,380.50291967397504,129.05068969726562,191.61138916015625,0.0,0.02626265585422516
cross_town,Town02,mixed,7,196,382.5029198835226,131.05068969726562,191.6123046875,0.0,0.02626265585422516
cross_town,Town02,mixed,7,197,384.50292010011333,133.05068969726562,191.6132354736328,0.0,0.02626265585422516
cross_town,Town02,mixed,7,198,386.5029203096609,135.05068969726562,191.61415100097656,0.0,0.02626265585422516
cross_town,Town02,mixed,7,199,388.5029205192085,137.05068969726562,191.6150665283203,0.0,0.02626265585422516
cross_town,Town02,mixed,7,200,390.50292072875607,139.05068969726562,191.61598205566406,0.0,0.02626265585422516
cross_town,Town02,mixed,7,201,392.50292093830365,141.05068969726562,191.6168975830078,0.0,0.02626265585422516
cross_town,Town02,mixed,7,202,394.5029211478512,143.05068969726562,191.61781311035156,0.0,0.02626265585422516
cross_town,Town02,mixed,7,203,396.5029213573988,145.05068969726562,191.6187286376953,0.0,0.02626265585422516
cross_town,Town02,mixed,7,204,398.5029215669464,147.05068969726562,191.61964416503906,0.0,0.02626265585422516
cross_town,Town02,mixed,7,205,400.50292177649396,149.05068969726562,191.6205596923828,0.0,0.02626265585422516
cross_town,Town02,mixed,7,206,402.50292198604154,151.05068969726562,191.62147521972656,0.0,0.02626265585422516
cross_town,Town02,mixed,7,207,404.5029221955891,153.05068969726562,191.6223907470703,0.0,0.02626265585422516
cross_town,Town02,mixed,7,208,406.5029224051367,155.05068969726562,191.62330627441406,0.0,0.02626265585422516
cross_town,Town02,mixed,7,209,408.5029226146843,157.05068969726562,191.6242218017578,0.0,0.02626265585422516
cross_town,Town02,mixed,7,210,410.50292282423186,159.05068969726562,191.62513732910156,0.0,0.02626265585422516
cross_town,Town02,mixed,7,211,412.50292303377944,161.05068969726562,191.6260528564453,0.0,0.02626265585422516
cross_town,Town02,mixed,7,212,414.502923243327,163.05068969726562,191.62696838378906,0.0,0.02626265585422516
cross_town,Town02,mixed,7,213,416.5029234528746,165.05068969726562,191.6278839111328,0.0,0.02626265585422516
cross_town,Town02,mixed,7,214,418.5029236624222,167.05068969726562,191.62879943847656,0.0,0.02626265585422516
cross_town,Town02,mixed,7,215,420.5029238790129,169.05068969726562,191.62973022460938,0.0,0.02626265585422516
cross_town,Town02,mixed,7,216,422.50292408856046,171.05068969726562,191.63064575195312,0.0,0.02626265585422516
cross_town,Town02,mixed,7,217,424.50292429810804,173.05068969726562,191.63156127929688,0.0,0.02626265585422516
cross_town,Town02,mixed,7,218,426.5029245076556,175.05068969726562,191.63247680664062,0.0,0.02626265585422516
cross_town,Town02,mixed,7,219,428.5029247172032,177.05068969726562,191.63339233398438,0.0,0.02626265585422516
cross_town,Town02,mixed,7,220,430.5029249267508,179.05068969726562,191.63430786132812,0.0,0.02626265585422516
cross_town,Town02,mixed,7,221,432.50292513629836,181.05068969726562,191.63522338867188,0.0,0.02626265585422516
cross_town,Town02,mixed,7,222,434.50291008705847,183.05067443847656,191.63613891601562,0.0,0.02626265585422516
cross_town,Town02,mixed,7,223,436.31442352463876,184.86199951171875,191.66226196289062,0.0,5.408821105957031
cross_town,Town02,mixed,7,224,437.79310191190996,186.3038330078125,191.99029541015625,0.0,20.225635528564453
cross_town,Town02,mixed,7,225,439.27177216209145,187.61383056640625,192.67613220214844,0.0,35.04244613647461
cross_town,Town02,mixed,7,226,440.70331369407074,188.6660919189453,193.646728515625,0.0,51.19008255004883
cross_town,Town02,mixed,7,227,442.0944909946338,189.36514282226562,194.84951782226562,0.0,68.4798583984375
cross_town,Town02,mixed,7,228,443.4856703881447,189.67514038085938,196.20571899414062,0.0,85.76963806152344
cross_town,Town02,mixed,7,229,445.3384683637378,189.68809509277344,198.0584716796875,0.0,-270.012939453125
cross_town,Town02,mixed,7,230,447.3384684126904,189.68853759765625,200.0584716796875,0.0,89.98705291748047
cross_town,Town02,mixed,7,231,449.3384684650773,189.68899536132812,202.0584716796875,0.0,89.98705291748047
cross_town,Town02,mixed,7,232,451.33846851402996,189.68943786621094,204.0584716796875,0.0,89.98705291748047
cross_town,Town02,mixed,7,233,453.33846856641685,189.6898956298828,206.0584716796875,0.0,89.98705291748047
cross_town,Town02,mixed,7,234,455.33846861880374,189.6903533935547,208.0584716796875,0.0,89.98705291748047
cross_town,Town02,mixed,7,235,457.3384686677564,189.6907958984375,210.0584716796875,0.0,89.98705291748047
cross_town,Town02,mixed,7,236,459.3384687201433,189.69125366210938,212.0584716796875,0.0,89.98705291748047
cross_town,Town02,mixed,7,237,461.3384687725302,189.69171142578125,214.0584716796875,0.0,89.98705291748047
cross_town,Town02,mixed,7,238,463.3384688214828,189.69215393066406,216.0584716796875,0.0,89.98705291748047
cross_town,Town02,mixed,7,239,465.3384688738697,189.69261169433594,218.0584716796875,0.0,89.98705291748047
cross_town,Town02,mixed,7,240,467.3384689262566,189.6930694580078,220.0584716796875,0.0,89.98705291748047
cross_town,Town02,mixed,7,241,469.33846897520925,189.69351196289062,222.0584716796875,0.0,89.98705291748047
cross_town,Town02,mixed,7,242,471.33846902759615,189.6939697265625,224.0584716796875,0.0,89.98705291748047
cross_town,Town02,mixed,7,243,473.3384690765488,189.6944122314453,226.0584716796875,0.0,89.98705291748047
cross_town,Town02,mixed,7,244,475.3384691289357,189.6948699951172,228.0584716796875,0.0,89.98705291748047
cross_town,Town02,mixed,7,245,477.3384691813226,189.69532775878906,230.0584716796875,0.0,89.98705291748047
cross_town,Town02,mixed,7,246,479.3384692302752,189.69577026367188,232.0584716796875,0.0,89.98705291748047
cross_town,Town02,mixed,7,247,480.8485123429864,189.5780487060547,233.5639190673828,0.0,103.88198852539062
cross_town,Town02,mixed,7,248,482.1795972018145,189.0499267578125,234.78575134277344,0.0,122.87005615234375
cross_town,Town02,mixed,7,249,483.52844480130136,188.13987731933594,235.78134155273438,0.0,-218.65185546875
cross_town,Town02,mixed,7,250,484.9806056410039,186.89341735839844,236.52639770507812,0.0,-203.0858154296875
cross_town,Town02,mixed,7,251,486.43275839961376,185.4927520751953,236.90965270996094,0.0,-187.51974487304688
cross_town,Town02,mixed,7,252,488.1679128130302,183.75819396972656,236.95513916015625,0.0,-179.96517944335938
cross_town,Town02,mixed,7,253,490.1678979175179,181.75820922851562,236.9539337158203,0.0,-179.96519470214844
cross_town,Town02,mixed,7,254,492.1678982900469,179.75820922851562,236.9527130126953,0.0,-179.96519470214844
cross_town,Town02,mixed,7,255,494.16789866257585,177.75820922851562,236.9514923095703,0.0,-179.96519470214844
cross_town,Town02,mixed,7,256,496.1678990258498,175.75820922851562,236.95028686523438,0.0,-179.96519470214844
cross_town,Town02,mixed,7,257,498.1678993983788,173.75820922851562,236.94906616210938,0.0,-179.96519470214844
cross_town,Town02,mixed,7,258,500.16789976165273,171.75820922851562,236.94786071777344,0.0,-179.96519470214844
cross_town,Town02,mixed,8,0,0.0,-3.4437265396118164,234.11524963378906,0.0,-90.01293182373047
cross_town,Town02,mixed,8,1,2.000000050977689,-3.4441781044006348,232.11524963378906,0.0,-90.01293182373047
cross_town,Town02,mixed,8,2,4.000000101955378,-3.444629669189453,230.11524963378906,0.0,-90.01293182373047
cross_town,Town02,mixed,8,3,6.000000152933067,-3.4450812339782715,228.11524963378906,0.0,-90.01293182373047
cross_town,Town02,mixed,8,4,8.000000203910757,-3.44553279876709,226.11524963378906,0.0,-90.01293182373047
cross_town,Town02,mixed,8,5,10.000000254888446,-3.445984363555908,224.11524963378906,0.0,-90.01293182373047
cross_town,Town02,mixed,8,6,12.000000305866136,-3.4464359283447266,222.11524963378906,0.0,-90.01293182373047
cross_town,Town02,mixed,8,7,14.000000356843826,-3.446887493133545,220.11524963378906,0.0,-90.01293182373047
cross_town,Town02,mixed,8,8,16.000000407821513,-3.4473390579223633,218.11524963378906,0.0,-90.01293182373047
cross_town,Town02,mixed,8,9,18.000000458799203,-3.4477906227111816,216.11524963378906,0.0,-90.01293182373047
cross_town,Town02,mixed,8,10,20.000000509776893,-3.4482421875,214.11524963378906,0.0,-90.01293182373047
cross_town,Town02,mixed,8,11,22.000000560754582,-3.4486937522888184,212.11524963378906,0.0,-90.01293182373047
cross_town,Town02,mixed,8,12,24.000000611732272,-3.4491453170776367,210.11524963378906,0.0,-90.01293182373047
cross_town,Town02,mixed,8,13,26.00000066270996,-3.449596881866455,208.11524963378906,0.0,-90.01293182373047
cross_town,Town02,mixed,8,14,28.00000071368765,-3.4500484466552734,206.11524963378906,0.0,-90.01293182373047
cross_town,Town02,mixed,8,15,30.00000076466534,-3.450500011444092,204.11524963378906,0.0,-90.01293182373047
cross_town,Town02,mixed,8,16,32.00000081564303,-3.45095157623291,202.11524963378906,0.0,-90.01293182373047
cross_town,Town02,mixed,8,17,34.00000086662072,-3.4514031410217285,200.11524963378906,0.0,-90.01293182373047
cross_town,Town02,mixed,8,18,36.000000917598406,-3.451854705810547,198.11524963378906,0.0,-90.01293182373047
cross_town,Town02,mixed,8,19,38.000000968576096,-3.4523062705993652,196.11524963378906,0.0,-90.01293182373047
cross_town,Town02,mixed,8,20,40.000001019553785,-3.4527578353881836,194.11524963378906,0.0,-90.01293182373047
cross_town,Town02,mixed,8,21,42.000001070531475,-3.453209400177002,192.11524963378906,0.0,-90.01293182373047
cross_town,Town02,mixed,8,22,44.000001121509165,-3.4536609649658203,190.11524963378906,0.0,-90.01293182373047
cross_town,Town02,mixed,8,23,46.000001172486854,-3.4541125297546387,188.11524963378906,0.0,-90.01293182373047
cross_town,Town02,mixed,8,24,48.000001223464544,-3.454564094543457,186.11524963378906,0.0,-90.01293182373047
cross_town,Town02,mixed,8,25,50.00000127444223,-3.4550156593322754,184.11524963378906,0.0,-90.01293182373047
cross_town,Town02,mixed,8,26,52.00000132541992,-3.4554672241210938,182.11524963378906,0.0,-90.01293182373047
cross_town,Town02,mixed,8,27,54.00000137639761,-3.455918788909912,180.11524963378906,0.0,-90.01293182373047
cross_town,Town02,mixed,8,28,56.0000014273753,-3.4563703536987305,178.11524963378906,0.0,-90.01293182373047
cross_town,Town02,mixed,8,29,58.00000147835299,-3.456821918487549,176.11524963378906,0.0,-90.01293182373047
cross_town,Town02,mixed,8,30,60.00000152933068,-3.457273483276367,174.11524963378906,0.0,-90.01293182373047
cross_town,Town02,mixed,8,31,62.00000158030837,-3.4577250480651855,172.11524963378906,0.0,-90.01293182373047
cross_town,Town02,mixed,8,32,64.00000163128605,-3.458176612854004,170.11524963378906,0.0,-90.01293182373047
cross_town,Town02,mixed,8,33,66.00000168226374,-3.4586281776428223,168.11524963378906,0.0,-90.01293182373047
cross_town,Town02,mixed,8,34,68.00000173324143,-3.4590797424316406,166.11524963378906,0.0,-90.01293182373047
cross_town,Town02,mixed,8,35,70.00000178421912,-3.459531307220459,164.11524963378906,0.0,-90.01293182373047
cross_town,Town02,mixed,8,36,71.99781978344944,-3.4596869945526123,162.117431640625,0.0,270.04925537109375
cross_town,Town02,mixed,8,37,73.99504670602452,-3.455678701400757,160.12020874023438,0.0,-89.87117767333984
cross_town,Town02,mixed,8,38,75.99503650099096,-3.4511826038360596,158.12022399902344,0.0,-89.87117767333984
cross_town,Town02,mixed,8,39,77.99504155577992,-3.446686029434204,156.12022399902344,0.0,-89.87117767333984
cross_town,Town02,mixed,8,40,79.99504661056886,-3.4421894550323486,154.12022399902344,0.0,-89.87117767333984
cross_town,Town02,mixed,8,41,81.9950364055353,-3.4376933574676514,152.1202392578125,0.0,-89.87117767333984
cross_town,Town02,mixed,8,42,83.99504146032425,-3.433196783065796,150.1202392578125,0.0,-89.87117767333984
cross_town,Town02,mixed,8,43,85.99504651404119,-3.4287006855010986,148.1202392578125,0.0,-89.87117767333984
cross_town,Town02,mixed,8,44,87.99503631007964,-3.424204111099243,146.12025451660156,0.0,-89.87117767333984
cross_town,Town02,mixed,8,45,89.9950413648686,-3.4197075366973877,144.12025451660156,0.0,-89.87117767333984
cross_town,Town02,mixed,8,46,91.99504641858555,-3.4152114391326904,142.12025451660156,0.0,-89.87117767333984
cross_town,Town02,mixed,8,47,93.995036214624,-3.410714864730835,140.12026977539062,0.0,-89.87117767333984
cross_town,Town02,mixed,8,48,95.99504126941295,-3.4062182903289795,138.12026977539062,0.0,-89.87117767333984
cross_town,Town02,mixed,8,49,97.9950463231299,-3.4017221927642822,136.12026977539062,0.0,-89.87117767333984
cross_town,Town02,mixed,8,50,99.99503611916835,-3.3972256183624268,134.1202850341797,0.0,-89.87117767333984
cross_town,Town02,mixed,8,51,101.9950411739573,-3.3927290439605713,132.1202850341797,0.0,-89.87117767333984
cross_town,Town02,mixed,8,52,103.99504622767425,-3.388232946395874,130.1202850341797,0.0,-89.87117767333984
cross_town,Town02,mixed,8,53,105.9950360237127,-3.3837363719940186,128.12030029296875,0.0,-89.87117767333984
cross_town,Town02,mixed,8,54,107.9950487078769,-3.379239797592163,126.12029266357422,0.0,-89.87117767333984
cross_town,Town02,mixed,8,55,109.99505376159385,-3.374743700027466,124.12029266357422,0.0,-89.87117767333984
cross_town,Town02,mixed,8,56,111.9950435576323,-3.3702471256256104,122.12030792236328,0.0,-89.87117767333984
cross_town,Town02,mixed,8,57,113.99504861242124,-3.365750551223755,120.12030792236328,0.0,-89.87117767333984
cross_town,Town02,mixed,8,58,115.99505366613819,-3.3612544536590576,118.12030792236328,0.0,-89.87117767333984
cross_town,Town02,mixed,8,59,117.88758615815777,-3.3480708599090576,116.22782135009766,0.0,-86.79666900634766
cross_town,Town02,mixed,8,60,119.3962065880741,-3.081223964691162,114.74298858642578,0.0,-72.82711029052734
cross_town,Town02,mixed,8,61,120.9048451036848,-2.463819980621338,113.36647033691406,0.0,-58.857547760009766
cross_town,Town02,mixed,8,62,122.41346293447819,-1.5323786735534668,112.17973327636719,0.0,-44.88798522949219
cross_town,Town02,mixed,8,63,124.06136554207995,-0.24819397926330566,111.14704132080078,0.0,-34.857017517089844
cross_town,Town02,mixed,8,64,125.6921546458967,1.1697535514831543,110.34149932861328,0.0,-24.34559440612793
cross_town,Town02,mixed,8,65,127.32294868650705,2.7108638286590576,109.80814361572266,0.0,-13.834174156188965
cross_town,Town02,mixed,8,66,128.95374182130595,4.3234124183654785,109.56488800048828,0.0,-3.3227522373199463
cross_town,Town02,mixed,8,67,130.84516338573243,6.214728355407715,109.5448989868164,0.0,359.79315185546875
cross_town,Town02,mixed,8,68,132.84516499196127,8.214716911315918,109.53767395019531,0.0,359.79315185546875
cross_town,Town02,mixed,8,69,134.84516275597093,10.214701652526855,109.53045654296875,0.0,359.79315185546875
cross_town,Town02,mixed,8,70,136.84516436219977,12.214690208435059,109.52323150634766,0.0,359.79315185546875
cross_town,Town02,mixed,8,71,138.84516594088186,14.214678764343262,109.5160140991211,0.0,359.79315185546875
cross_town,Town02,mixed,8,72,140.84516275122343,16.214662551879883,109.50879669189453,0.0,359.79315185546875
cross_town,Town02,mixed,8,73,142.84516435745226,18.214651107788086,109.50157165527344,0.0,359.79315185546875
cross_town,Town02,mixed,8,74,144.84516402879814,20.214637756347656,109.49435424804688,0.0,359.79315185546875
cross_town,Town02,mixed,8,75,146.845163700144,22.214624404907227,109.48713684082031,0.0,359.79315185546875
cross_town,Town02,mixed,8,76,148.84516339903666,24.214611053466797,109.47991180419922,0.0,359.79315185546875
cross_town,Town02,mixed,8,77,150.84516307038254,26.214597702026367,109.47269439697266,0.0,359.79315185546875
cross_town,Town02,mixed,8,78,152.84516274172842,28.214584350585938,109.4654769897461,0.0,359.79315185546875
cross_town,Town02,mixed,8,79,154.84516434795725,30.21457290649414,109.458251953125,0.0,359.79315185546875
cross_town,Town02,mixed,8,80,156.84516592663934,32.214561462402344,109.45103454589844,0.0,359.79315185546875
cross_town,Town02,mixed,8,81,158.84516750532143,34.21455001831055,109.44381713867188,0.0,359.79315185546875
cross_town,Town02,mixed,8,82,160.8451652968779,36.214534759521484,109.43659210205078,0.0,359.79315185546875
cross_town,Town02,mixed,8,83,162.84516687555998,38.21452331542969,109.42937469482422,0.0,359.79315185546875
cross_town,Town02,mixed,8,84,164.84516463956965,40.214508056640625,109.42215728759766,0.0,359.79315185546875
cross_town,Town02,mixed,8,85,166.84516624579848,42.21449661254883,109.41493225097656,0.0,359.79315185546875
cross_town,Town02,mixed,8,86,168.84516400980814,44.214481353759766,109.40771484375,0.0,359.79315185546875
cross_town,Town02,mixed,8,87,170.84516558849023,46.21446990966797,109.40049743652344,0.0,359.79315185546875
cross_town,Town02,mixed,8,88,172.84452229545929,48.21381378173828,109.3933334350586,0.0,-0.1885223388671875
cross_town,Town02,mixed,8,89,174.83658559935378,50.205875396728516,109.39073944091797,0.0,0.038970947265625
cross_town,Town02,mixed,8,90,176.83658606561164,52.205875396728516,109.39210510253906,0.0,0.038970947265625
cross_town,Town02,mixed,8,91,178.83658652667447,54.205875396728516,109.39346313476562,0.0,0.038970947265625
cross_town,Town02,mixed,8,92,180.8365869877373,56.205875396728516,109.39482116699219,0.0,0.038970947265625
cross_town,Town02,mixed,8,93,182.83658744880012,58.205875396728516,109.39617919921875,0.0,0.038970947265625
cross_town,Town02,mixed,8,94,184.83658791505798,60.205875396728516,109.39754486083984,0.0,0.038970947265625
cross_town,Town02,mixed,8,95,186.8365883761208,62.205875396728516,109.3989028930664,0.0,0.038970947265625
cross_town,Town02,mixed,8,96,188.83659265188,64.20587921142578,109.40026092529297,0.0,0.038970947265625
cross_town,Town02,mixed,8,97,190.83658548874513,66.20587158203125,109.40162658691406,0.0,0.038970947265625
cross_town,Town02,mixed,8,98,192.83658594980795,68.20587158203125,109.40298461914062,0.0,0.038970947265625
cross_town,Town02,mixed,8,99,194.83658641087078,70.20587158203125,109.40434265136719,0.0,0.038970947265625
cross_town,Town02,mixed,8,100,196.83658687712864,72.20587158203125,109.40570831298828,0.0,0.038970947265625
cross_town,Town02,mixed,8,101,198.83658733819146,74.20587158203125,109.40706634521484,0.0,0.038970947265625
cross_town,Town02,mixed,8,102,200.8365877992543,76.20587158203125,109.4084243774414,0.0,0.038970947265625
cross_town,Town02,mixed,8,103,202.83658826031711,78.20587158203125,109.40978240966797,0.0,0.038970947265625
cross_town,Town02,mixed,8,104,204.83658872657497,80.20587158203125,109.41114807128906,0.0,0.038970947265625
cross_town,Town02,mixed,8,105,206.8365891876378,82.20587158203125,109.41250610351562,0.0,0.038970947265625
cross_town,Town02,mixed,8,106,208.83658964870062,84.20587158203125,109.41386413574219,0.0,0.038970947265625
cross_town,Town02,mixed,8,107,210.83659011495848,86.20587158203125,109.41522979736328,0.0,0.038970947265625
cross_town,Town02,mixed,8,108,212.8365905760213,88.20587158203125,109.41658782958984,0.0,0.038970947265625
cross_town,Town02,mixed,8,109,214.83659103708413,90.20587158203125,109.4179458618164,0.0,0.038970947265625
cross_town,Town02,mixed,8,110,216.836591503342,92.20587158203125,109.4193115234375,0.0,0.038970947265625
cross_town,Town02,mixed,8,111,218.83659196440482,94.20587158203125,109.42066955566406,0.0,0.038970947265625
cross_town,Town02,mixed,8,112,220.83659242546764,96.20587158203125,109.42202758789062,0.0,0.038970947265625
cross_town,Town02,mixed,8,113,222.83659288653047,98.20587158203125,109.42338562011719,0.0,0.038970947265625
cross_town,Town02,mixed,8,114,224.83659335278833,100.20587158203125,109.42475128173828,0.0,0.038970947265625
cross_town,Town02,mixed,8,115,226.83659381385115,102.20587158203125,109.42610931396484,0.0,0.038970947265625
cross_town,Town02,mixed,8,116,228.83659427491398,104.20587158203125,109.4274673461914,0.0,0.038970947265625
cross_town,Town02,mixed,8,117,230.8365871117791,106.20586395263672,109.4288330078125,0.0,0.038970947265625
cross_town,Town02,mixed,8,118,232.83658757284192,108.20586395263672,109.43019104003906,0.0,0.038970947265625
cross_town,Town02,mixed,8,119,234.83658803390475,110.20586395263672,109.43154907226562,0.0,0.038970947265625
cross_town,Town02,mixed,8,120,236.8365885001626,112.20586395263672,109.43291473388672,0.0,0.038970947265625
cross_town,Town02,mixed,8,121,238.83658896122543,114.20586395263672,109.43427276611328,0.0,0.038970947265625
cross_town,Town02,mixed,8,122,240.83658942228826,116.20586395263672,109.43563079833984,0.0,0.038970947265625
cross_town,Town02,mixed,8,123,242.83658988335108,118.20586395263672,109.4369888305664,0.0,0.038970947265625
cross_town,Town02,mixed,8,124,244.83659034960894,120.20586395263672,109.4383544921875,0.0,0.038970947265625
cross_town,Town02,mixed,8,125,246.83659081067177,122.20586395263672,109.43971252441406,0.0,0.038970947265625
cross_town,Town02,mixed,8,126,248.8365912717346,124.20586395263672,109.44107055664062,0.0,0.038970947265625
cross_town,Town02,mixed,8,127,250.83659173799245,126.20586395263672,109.44243621826172,0.0,0.038970947265625
cross_town,Town02,mixed,8,128,252.8365845696625,128.2058563232422,109.44379425048828,0.0,0.038970947265625
cross_town,Town02,mixed,8,129,254.83658503072533,130.2058563232422,109.44515228271484,0.0,0.038970947265625
cross_town,Town02,mixed,8,130,256.8365854969832,132.2058563232422,109.44651794433594,0.0,0.038970947265625
cross_town,Town02,mixed,8,131,258.83658595804604,134.2058563232422,109.4478759765625,0.0,0.038970947265625
cross_town,Town02,mixed,8,132,260.83658641910887,136.2058563232422,109.44923400878906,0.0,0.038970947265625
cross_town,Town02,mixed,8,133,262.83930249059557,138.2085723876953,109.44940185546875,0.0,359.9610595703125
cross_town,Town02,mixed,8,134,264.8393029516584,140.2085723876953,109.44804382324219,0.0,359.9610595703125
cross_town,Town02,mixed,8,135,266.8393034127212,142.2085723876953,109.44668579101562,0.0,359.9610595703125
cross_town,Town02,mixed,8,136,268.83930387378405,144.2085723876953,109.44532775878906,0.0,359.9610595703125
cross_town,Town02,mixed,8,137,270.8393043348469,146.2085723876953,109.4439697265625,0.0,359.9610595703125
cross_town,Town02,mixed,8,138,272.8393047959097,148.2085723876953,109.44261169433594,0.0,359.9610595703125
cross_town,Town02,mixed,8,139,274.8393052569725,150.2085723876953,109.44125366210938,0.0,359.9610595703125
cross_town,Town02,mixed,8,140,276.83930571803535,152.2085723876953,109.43989562988281,0.0,359.9610595703125
cross_town,Town02,mixed,8,141,278.8393061790982,154.2085723876953,109.43853759765625,0.0,359.9610595703125
cross_town,Town02,mixed,8,142,280.839306640161,156.2085723876953,109.43717956542969,0.0,359.9610595703125
cross_town,Town02,mixed,8,143,282.8393071012238,158.2085723876953,109.43582153320312,0.0,359.9610595703125
cross_town,Town02,mixed,8,144,284.8393075674817,160.2085723876953,109.43445587158203,0.0,359.9610595703125
cross_town,Town02,mixed,8,145,286.8393080285445,162.2085723876953,109.43309783935547,0.0,359.9610595703125
cross_town,Town02,mixed,8,146,288.8392932308218,164.20855712890625,109.4317398071289,0.0,359.9610595703125
cross_town,Town02,mixed,8,147,290.8392936918846,166.20855712890625,109.43038177490234,0.0,359.9610595703125
cross_town,Town02,mixed,8,148,292.83929415294745,168.20855712890625,109.42902374267578,0.0,359.9610595703125
cross_town,Town02,mixed,8,149,294.83929461401027,170.20855712890625,109.42766571044922,0.0,359.9610595703125
cross_town,Town02,mixed,8,150,296.8392950750731,172.20855712890625,109.42630767822266,0.0,359.9610595703125
cross_town,Town02,mixed,8,151,298.8392955361359,174.20855712890625,109.4249496459961,0.0,359.9610595703125
cross_town,Town02,mixed,8,152,300.83929599719875,176.20855712890625,109.42359161376953,0.0,359.9610595703125
cross_town,Town02,mixed,8,153,302.8392964582616,178.20855712890625,109.42223358154297,0.0,359.9610595703125
cross_town,Town02,mixed,8,154,304.8392969193244,180.20855712890625,109.4208755493164,0.0,359.9610595703125
cross_town,Town02,mixed,8,155,306.7118737853603,182.08106994628906,109.43636322021484,0.0,3.6034979820251465
cross_town,Town02,mixed,8,156,308.32093998640477,183.66958618164062,109.69270324707031,0.0,14.730277061462402
cross_town,Town02,mixed,8,157,309.9300047467326,185.17877197265625,110.25077819824219,0.0,25.8570556640625
cross_town,Town02,mixed,8,158,311.53907721119776,186.55189514160156,111.08961486816406,0.0,36.98383712768555
cross_town,Town02,mixed,8,159,313.14282807230506,187.733154296875,112.17434692382812,0.0,48.26221466064453
cross_town,Town02,mixed,8,160,314.7365059330554,188.66891479492188,113.46437072753906,0.0,59.82484436035156
cross_town,Town02,mixed,8,161,316.3301934194129,189.32711791992188,114.91578674316406,0.0,71.3874740600586
cross_town,Town02,mixed,8,162,317.92386968223275,189.68104553222656,116.46966552734375,0.0,82.95010375976562
cross_town,Town02,mixed,8,163,319.6740009193556,189.73977661132812,118.21881103515625,0.0,90.07783508300781
cross_town,Town02,mixed,8,164,321.67400276360627,189.737060546875,120.21881103515625,0.0,90.07783508300781
cross_town,Town02,mixed,8,165,323.67400460785694,189.73434448242188,122.21881103515625,0.0,90.07783508300781
cross_town,Town02,mixed,8,166,325.6740064521076,189.73162841796875,124.21881103515625,0.0,90.07783508300781
cross_town,Town02,mixed,8,167,327.6740082963583,189.72891235351562,126.21881103515625,0.0,90.07783508300781
cross_town,Town02,mixed,8,168,329.67401014060897,189.7261962890625,128.21881103515625,0.0,90.07783508300781
cross_town,Town02,mixed,8,169,331.67401198485965,189.72348022460938,130.21881103515625,0.0,90.07783508300781
cross_town,Town02,mixed,8,170,333.6740138291103,189.72076416015625,132.21881103515625,0.0,90.07783508300781
cross_town,Town02,mixed,8,171,335.67400041458603,189.71804809570312,134.2187957763672,0.0,90.07783508300781
cross_town,Town02,mixed,8,172,337.6740022588367,189.71533203125,136.2187957763672,0.0,90.07783508300781
cross_town,Town02,mixed,8,173,339.6740041030874,189.71261596679688,138.2187957763672,0.0,90.07783508300781
cross_town,Town02,mixed,8,174,341.67400594733806,189.70989990234375,140.2187957763672,0.0,90.07783508300781
cross_town,Town02,mixed,8,175,343.67400779158874,189.70718383789062,142.2187957763672,0.0,90.07783508300781
cross_town,Town02,mixed,8,176,345.6740096358394,189.7044677734375,144.2187957763672,0.0,90.07783508300781
cross_town,Town02,mixed,8,177,347.6740114800901,189.70175170898438,146.2187957763672,0.0,90.07783508300781
cross_town,Town02,mixed,8,178,349.67401332434076,189.69903564453125,148.2187957763672,0.0,90.07783508300781
cross_town,Town02,mixed,8,179,351.6739999098165,189.69631958007812,150.21878051757812,0.0,90.07783508300781
cross_town,Town02,mixed,8,180,353.67400175406715,189.693603515625,152.21878051757812,0.0,90.07783508300781
cross_town,Town02,mixed,8,181,355.6740035983178,189.69088745117188,154.21878051757812,0.0,90.07783508300781
cross_town,Town02,mixed,8,182,357.6740054425685,189.68817138671875,156.21878051757812,0.0,90.07783508300781
cross_town,Town02,mixed,8,183,359.6740073075993,189.68544006347656,158.21878051757812,0.0,90.07783508300781
cross_town,Town02,mixed,8,184,361.67400915185,189.68272399902344,160.21878051757812,0.0,90.07783508300781
cross_town,Town02,mixed,8,185,363.67552143318073,189.68014526367188,162.2202911376953,0.0,450.0345458984375
cross_town,Town02,mixed,8,186,365.67716940339517,189.68043518066406,164.22193908691406,0.0,89.98705291748047
cross_town,Town02,mixed,8,187,367.67716945578206,189.68089294433594,166.22193908691406,0.0,89.98705291748047
cross_town,Town02,mixed,8,188,369.6771695047347,189.68133544921875,168.22193908691406,0.0,89.98705291748047
cross_town,Town02,mixed,8,189,371.6771695571216,189.68179321289062,170.22193908691406,0.0,89.98705291748047
cross_town,Town02,mixed,8,190,373.6771696095085,189.6822509765625,172.22193908691406,0.0,89.98705291748047
cross_town,Town02,mixed,8,191,375.67716965846114,189.6826934814453,174.22193908691406,0.0,89.98705291748047
cross_town,Town02,mixed,8,192,377.67716971084803,189.6831512451172,176.22193908691406,0.0,89.98705291748047
cross_town,Town02,mixed,8,193,379.6771697598007,189.68359375,178.22193908691406,0.0,89.98705291748047
cross_town,Town02,mixed,8,194,381.67716981218757,189.68405151367188,180.22193908691406,0.0,89.98705291748047
cross_town,Town02,mixed,8,195,383.67716986457447,189.68450927734375,182.22193908691406,0.0,-270.0129089355469
cross_town,Town02,mixed,8,196,385.67718517575,189.68496704101562,184.22195434570312,0.0,-270.0129089355469
cross_town,Town02,mixed,8,197,387.6771852281369,189.6854248046875,186.22195434570312,0.0,-270.0129089355469
cross_town,Town02,mixed,8,198,389.67718527708956,189.6858673095703,188.22195434570312,0.0,-270.0129089355469
cross_town,Town02,mixed,8,199,391.67718532947646,189.6863250732422,190.22195434570312,0.0,-270.0129089355469
cross_town,Town02,mixed,8,200,393.67718538186335,189.68678283691406,192.22195434570312,0.0,-270.0129089355469
cross_town,Town02,mixed,8,201,395.677185430816,189.68722534179688,194.22195434570312,0.0,-270.0129089355469
cross_town,Town02,mixed,8,202,397.6771854832029,189.68768310546875,196.22195434570312,0.0,-270.0129089355469
cross_town,Town02,mixed,8,203,399.67717027336687,189.68812561035156,198.22193908691406,0.0,-270.0129089355469
cross_town,Town02,mixed,8,204,401.67717032575376,189.68858337402344,200.22193908691406,0.0,89.98705291748047
cross_town,Town02,mixed,8,205,403.6771703747064,189.68902587890625,202.22193908691406,0.0,89.98705291748047
cross_town,Town02,mixed,8,206,405.6771704270933,189.68948364257812,204.22193908691406,0.0,89.98705291748047
cross_town,Town02,mixed,8,207,407.67717047604594,189.68992614746094,206.22193908691406,0.0,89.98705291748047
cross_town,Town02,mixed,8,208,409.67717052843284,189.6903839111328,208.22193908691406,0.0,89.98705291748047
cross_town,Town02,mixed,8,209,411.67717058081973,189.6908416748047,210.22193908691406,0.0,89.98705291748047
cross_town,Town02,mixed,8,210,413.6771706297724,189.6912841796875,212.22193908691406,0.0,89.98705291748047
cross_town,Town02,mixed,8,211,415.67717068215927,189.69174194335938,214.22193908691406,0.0,89.98705291748047
cross_town,Town02,mixed,8,212,417.67717073454617,189.69219970703125,216.22193908691406,0.0,89.98705291748047
cross_town,Town02,mixed,8,213,419.6771707834988,189.69264221191406,218.22193908691406,0.0,89.98705291748047
cross_town,Town02,mixed,8,214,421.6771708358857,189.69309997558594,220.22193908691406,0.0,89.98705291748047
cross_town,Town02,mixed,8,215,423.6771708882726,189.6935577392578,222.22193908691406,0.0,89.98705291748047
cross_town,Town02,mixed,8,216,425.67717093722524,189.69400024414062,224.22193908691406,0.0,89.98705291748047
cross_town,Town02,mixed,8,217,427.67717098961214,189.6944580078125,226.22193908691406,0.0,89.98705291748047
cross_town,Town02,mixed,8,218,429.6771710385648,189.6949005126953,228.22193908691406,0.0,89.98705291748047
cross_town,Town02,mixed,8,219,431.6771710909517,189.6953582763672,230.22193908691406,0.0,89.98705291748047
cross_town,Town02,mixed,8,220,433.67717114333857,189.69581604003906,232.22193908691406,0.0,89.98705291748047
cross_town,Town02,mixed,8,221,435.67717119572546,189.69627380371094,234.22193908691406,0.0,89.98705291748047
cross_town,Town02,mixed,8,222,437.6771712446781,189.69671630859375,236.22193908691406,0.0,89.98705291748047
cross_town,Town02,mixed,8,223,439.677171297065,189.69717407226562,238.22193908691406,0.0,89.98705291748047
cross_town,Town02,mixed,8,224,441.6771713494519,189.6976318359375,240.22193908691406,0.0,89.98705291748047
cross_town,Town02,mixed,8,225,443.67717139840454,189.6980743408203,242.22193908691406,0.0,89.98705291748047
cross_town,Town02,mixed,8,226,445.67717145079143,189.6985321044922,244.22193908691406,0.0,89.98705291748047
cross_town,Town02,mixed,8,227,447.6771714997441,189.698974609375,246.22193908691406,0.0,89.98705291748047
cross_town,Town02,mixed,8,228,449.67717155213097,189.69943237304688,248.22193908691406,0.0,89.98705291748047
cross_town,Town02,mixed,8,229,451.67718686330653,189.69989013671875,250.22195434570312,0.0,89.98705291748047
cross_town,Town02,mixed,8,230,453.6753560183586,189.698974609375,252.22012329101562,0.0,90.03919219970703
cross_town,Town02,mixed,8,231,455.6753564898406,189.69760131835938,254.22012329101562,0.0,90.03919219970703
cross_town,Town02,mixed,8,232,457.6753569613226,189.69622802734375,256.2201232910156,0.0,90.03919219970703
cross_town,Town02,mixed,8,233,459.67535742238545,189.6948699951172,258.2201232910156,0.0,90.03919219970703
cross_town,Town02,mixed,8,234,461.67535789386744,189.69349670410156,260.2201232910156,0.0,90.03919219970703
cross_town,Town02,mixed,8,235,463.67535836534944,189.69212341308594,262.2201232910156,0.0,90.03919219970703
cross_town,Town02,mixed,8,236,465.67535882641226,189.69076538085938,264.2201232910156,0.0,90.03919219970703
cross_town,Town02,mixed,8,237,467.67535929789426,189.68939208984375,266.2201232910156,0.0,90.03919219970703
cross_town,Town02,mixed,8,238,469.6753597589571,189.6880340576172,268.2201232910156,0.0,90.03919219970703
cross_town,Town02,mixed,8,239,471.6753602304391,189.68666076660156,270.2201232910156,0.0,90.03919219970703
cross_town,Town02,mixed,8,240,473.6753607019211,189.68528747558594,272.2201232910156,0.0,90.03919219970703
cross_town,Town02,mixed,8,241,475.6753611629839,189.68392944335938,274.2201232910156,0.0,90.03919219970703
cross_town,Town02,mixed,8,242,477.6753616344659,189.68255615234375,276.2201232910156,0.0,90.03919219970703
cross_town,Town02,mixed,8,243,479.6753621059479,189.68118286132812,278.2201232910156,0.0,90.03919219970703
cross_town,Town02,mixed,8,244,481.6753625670107,189.67982482910156,280.2201232910156,0.0,90.03919219970703
cross_town,Town02,mixed,8,245,483.6753325209218,189.67845153808594,282.2200927734375,0.0,90.03919219970703
cross_town,Town02,mixed,8,246,485.6753329924038,189.6770782470703,284.2200927734375,0.0,90.03919219970703
cross_town,Town02,mixed,8,247,487.67533345346664,189.67572021484375,286.2200927734375,0.0,90.03919219970703
cross_town,Town02,mixed,8,248,489.67533392494863,189.67434692382812,288.2200927734375,0.0,90.03919219970703
cross_town,Town02,mixed,8,249,491.6753343964306,189.6729736328125,290.2200927734375,0.0,90.03919219970703
cross_town,Town02,mixed,8,250,493.67533485749345,189.67161560058594,292.2200927734375,0.0,90.03919219970703
cross_town,Town02,mixed,8,251,495.67533532897545,189.6702423095703,294.2200927734375,0.0,90.03919219970703
cross_town,Town02,mixed,8,252,497.3690594965323,189.59153747558594,295.9119873046875,0.0,98.75225830078125
cross_town,Town02,mixed,8,253,498.9069486951654,189.18511962890625,297.39520263671875,0.0,111.8938980102539
cross_town,Town02,mixed,8,254,500.4448443486394,188.4521484375,298.7471923828125,0.0,125.03555297851562
cross_town,Town02,mixed,9,0,0.0,-7.36821174621582,121.21024322509766,0.0,90.12882232666016
cross_town,Town02,mixed,9,1,1.9999974232697924,-7.372707366943359,123.21023559570312,0.0,90.12882232666016
cross_town,Town02,mixed,9,2,3.9999948486834938,-7.377203941345215,125.2102279663086,0.0,90.12882232666016
cross_town,Town02,mixed,9,3,5.999999903472444,-7.38170051574707,127.2102279663086,0.0,90.12882232666016
cross_town,Town02,mixed,9,4,7.9999973288861455,-7.386197090148926,129.21022033691406,0.0,90.12882232666016
cross_town,Town02,mixed,9,5,9.999987124924598,-7.390693664550781,131.210205078125,0.0,90.12882232666016
cross_town,Town02,mixed,9,6,11.999992179713548,-7.395190238952637,133.210205078125,0.0,90.12882232666016
cross_town,Town02,mixed,9,7,13.999981973608083,-7.399685859680176,135.21018981933594,0.0,90.12882232666016
cross_town,Town02,mixed,9,8,15.999987028397033,-7.404182434082031,137.21018981933594,0.0,90.12882232666016
cross_town,Town02,mixed,9,9,17.999992083185983,-7.408679008483887,139.21018981933594,0.0,90.12882232666016
cross_town,Town02,mixed,9,10,19.999981879224435,-7.413175582885742,141.21017456054688,0.0,90.12882232666016
cross_town,Town02,mixed,9,11,21.999986934013386,-7.417672157287598,143.21017456054688,0.0,90.12882232666016
cross_town,Town02,mixed,9,12,23.999991986658436,-7.422167778015137,145.21017456054688,0.0,90.12882232666016
cross_town,Town02,mixed,9,13,25.99998178269689,-7.426664352416992,147.2101593017578,0.0,90.12882232666016
cross_town,Town02,mixed,9,14,27.99998683748584,-7.431160926818848,149.2101593017578,0.0,90.12882232666016
cross_town,Town02,mixed,9,15,29.99999189227479,-7.435657501220703,151.2101593017578,0.0,90.12882232666016
cross_town,Town02,mixed,9,16,31.99998168831324,-7.440154075622559,153.21014404296875,0.0,90.12882232666016
cross_town,Town02,mixed,9,17,33.99998674310219,-7.444650650024414,155.21014404296875,0.0,90.12882232666016
cross_town,Town02,mixed,9,18,35.99999179574724,-7.449146270751953,157.21014404296875,0.0,90.12882232666016
cross_town,Town02,mixed,9,19,37.9999815917857,-7.453642845153809,159.2101287841797,0.0,90.12882232666016
cross_town,Town02,mixed,9,20,39.99998664657465,-7.458139419555664,161.2101287841797,0.0,90.12882232666016
cross_town,Town02,mixed,9,21,42.00494638784854,-7.459734916687012,163.215087890625,0.0,89.98706817626953
cross_town,Town02,mixed,9,22,44.00494643882623,-7.459283351898193,165.215087890625,0.0,89.98706817626953
cross_town,Town02,mixed,9,23,46.00494648980392,-7.458831787109375,167.215087890625,0.0,89.98706817626953
cross_town,Town02,mixed,9,24,48.00494654078161,-7.458380222320557,169.215087890625,0.0,89.98706817626953
cross_town,Town02,mixed,9,25,50.0049465917593,-7.457928657531738,171.215087890625,0.0,89.98706817626953
cross_town,Town02,mixed,9,26,52.00494664273699,-7.45747709274292,173.215087890625,0.0,89.98706817626953
cross_town,Town02,mixed,9,27,54.00494669371468,-7.457025527954102,175.215087890625,0.0,89.98706817626953
cross_town,Town02,mixed,9,28,56.00494674469237,-7.456573963165283,177.215087890625,0.0,89.98706817626953
cross_town,Town02,mixed,9,29,58.00494679567006,-7.456122398376465,179.215087890625,0.0,89.98706817626953
cross_town,Town02,mixed,9,30,60.00494684664775,-7.4556708335876465,181.215087890625,0.0,89.98706817626953
cross_town,Town02,mixed,9,31,62.004946897733156,-7.45521879196167,183.215087890625,0.0,89.98706817626953
cross_town,Town02,mixed,9,32,64.32565866301876,-7.369755268096924,185.5342254638672,0.0,80.71268463134766
cross_town,Town02,mixed,9,33,67.19123585299289,-6.2950944900512695,188.19065856933594,0.0,55.23565673828125
cross_town,Town02,mixed,9,34,69.99625055954847,-4.23915958404541,190.09886169433594,0.0,31.561355590820312
cross_town,Town02,mixed,9,35,72.50038744313156,-1.9558415412902832,191.12704467773438,0.0,16.923294067382812
cross_town,Town02,mixed,9,36,75.00452997790947,0.5132012367248535,191.5448455810547,0.0,2.2852325439453125
cross_town,Town02,mixed,9,37,77.08329613050422,2.591949701309204,191.5534210205078,0.0,0.026275634765625
cross_town,Town02,mixed,9,38,79.08353309671833,4.592186450958252,191.55435180664062,0.0,0.02626265585422516
cross_town,Town02,mixed,9,39,81.08353330626589,6.592186450958252,191.55526733398438,0.0,0.02626265585422516
cross_town,Town02,mixed,9,40,83.08353399265057,8.59218692779541,191.55618286132812,0.0,0.02626265585422516
cross_town,Town02,mixed,9,41,85.08353324852392,10.592185974121094,191.55709838867188,0.0,0.02626265585422516
cross_town,Town02,mixed,9,42,87.08353345807149,12.592185974121094,191.55801391601562,0.0,0.02626265585422516
cross_town,Town02,mixed,9,43,89.08353366761905,14.592185974121094,191.55892944335938,0.0,0.02626265585422516
cross_town,Town02,mixed,9,44,91.08353196981818,16.59218406677246,191.55984497070312,0.0,0.02626265585422516
cross_town,Town02,mixed,9,45,93.08353217936575,18.59218406677246,191.56076049804688,0.0,0.02626265585422516
cross_town,Town02,mixed,9,46,95.08353238891331,20.59218406677246,191.56167602539062,0.0,0.02626265585422516
cross_town,Town02,mixed,9,47,97.083532605504,22.59218406677246,191.56260681152344,0.0,0.02626265585422516
cross_town,Town02,mixed,9,48,99.08353281505157,24.59218406677246,191.5635223388672,0.0,0.02626265585422516
cross_town,Town02,mixed,9,49,101.08353302459913,26.59218406677246,191.56443786621094,0.0,0.02626265585422516
cross_town,Town02,mixed,9,50,103.0835332341467,28.59218406677246,191.5653533935547,0.0,0.02626265585422516
cross_town,Town02,mixed,9,51,105.08353344369426,30.59218406677246,191.56626892089844,0.0,0.02626265585422516
cross_town,Town02,mixed,9,52,107.08353556059026,32.592185974121094,191.5671844482422,0.0,0.02626265585422516
cross_town,Town02,mixed,9,53,109.08353577013783,34.592185974121094,191.56809997558594,0.0,0.02626265585422516
cross_town,Town02,mixed,9,54,111.0835359796854,36.592185974121094,191.5690155029297,0.0,0.02626265585422516
cross_town,Town02,mixed,9,55,112.54914828605104,38.0482063293457,191.73641967773438,0.0,15.18566608428955
cross_town,Town02,mixed,9,56,113.95511328666599,39.33636474609375,192.29978942871094,0.0,32.057735443115234
cross_town,Town02,mixed,9,57,115.36594769922655,40.40890121459961,193.21636962890625,0.0,48.78950119018555
cross_town,Town02,mixed,9,58,116.8504051656135,41.23651123046875,194.44871520996094,0.0,63.442298889160156
cross_town,Town02,mixed,9,59,118.33488554792362,41.72547149658203,195.85035705566406,0.0,78.0950927734375
cross_town,Town02,mixed,9,60,119.91576520582626,41.85069274902344,197.42626953125,0.0,89.9950180053711
cross_town,Town02,mixed,9,61,121.9160551305153,41.850868225097656,199.4265594482422,0.0,89.99503326416016
cross_town,Town02,mixed,9,62,123.91605513788221,41.85103988647461,201.4265594482422,0.0,89.99503326416016
cross_town,Town02,mixed,9,63,125.91605514558017,41.85121536254883,203.4265594482422,0.0,89.99503326416016
cross_town,Town02,mixed,9,64,127.91605515294708,41.85138702392578,205.4265594482422,0.0,89.99503326416016
cross_town,Town02,mixed,9,65,129.91605516064504,41.8515625,207.4265594482422,0.0,89.99503326416016
cross_town,Town02,mixed,9,66,131.91605516801195,41.85173416137695,209.4265594482422,0.0,89.99503326416016
cross_town,Town02,mixed,9,67,133.91605517570991,41.85190963745117,211.4265594482422,0.0,89.99503326416016
cross_town,Town02,mixed,9,68,135.91605518340788,41.85208511352539,213.4265594482422,0.0,89.99503326416016
cross_town,Town02,mixed,9,69,137.91605519077478,41.852256774902344,215.4265594482422,0.0,89.99503326416016
cross_town,Town02,mixed,9,70,139.91605519847275,41.85243225097656,217.4265594482422,0.0,89.99503326416016
cross_town,Town02,mixed,9,71,141.91605520583965,41.852603912353516,219.4265594482422,0.0,89.99503326416016
cross_town,Town02,mixed,9,72,143.91605521353762,41.852779388427734,221.4265594482422,0.0,89.99503326416016
cross_town,Town02,mixed,9,73,145.91605522090452,41.85295104980469,223.4265594482422,0.0,89.99503326416016
cross_town,Town02,mixed,9,74,147.9160552286025,41.853126525878906,225.4265594482422,0.0,89.99503326416016
cross_town,Town02,mixed,9,75,149.9160552359694,41.85329818725586,227.4265594482422,0.0,89.99503326416016
cross_town,Town02,mixed,9,76,151.9160552433363,41.85346984863281,229.4265594482422,0.0,89.99503326416016
cross_town,Town02,mixed,9,77,153.91605525103427,41.85364532470703,231.4265594482422,0.0,89.99503326416016
cross_town,Town02,mixed,9,78,155.91605525840117,41.853816986083984,233.4265594482422,0.0,89.99503326416016
cross_town,Town02,mixed,9,79,157.91605526609914,41.8539924621582,235.4265594482422,0.0,89.99503326416016
cross_town,Town02,mixed,9,80,159.9160552737971,41.85416793823242,237.4265594482422,0.0,89.99503326416016
cross_town,Town02,mixed,9,81,161.916055281164,41.854339599609375,239.4265594482422,0.0,89.99503326416016
cross_town,Town02,mixed,9,82,163.91605528886197,41.854515075683594,241.4265594482422,0.0,89.99503326416016
cross_town,Town02,mixed,9,83,165.91605529622888,41.85468673706055,243.4265594482422,0.0,89.99503326416016
cross_town,Town02,mixed,9,84,167.91605530392684,41.854862213134766,245.4265594482422,0.0,89.99503326416016
cross_town,Town02,mixed,9,85,169.91605531129375,41.85503387451172,247.4265594482422,0.0,89.99503326416016
cross_town,Town02,mixed,9,86,171.9160400602027,41.85520935058594,249.42654418945312,0.0,89.99503326416016
cross_town,Town02,mixed,9,87,173.9160400675696,41.85538101196289,251.42654418945312,0.0,89.99503326416016
cross_town,Town02,mixed,9,88,175.91604007526757,41.85555648803711,253.42654418945312,0.0,89.99503326416016
cross_town,Town02,mixed,9,89,177.91604008263448,41.85572814941406,255.42654418945312,0.0,89.99503326416016
cross_town,Town02,mixed,9,90,179.91604009033244,41.85590362548828,257.4265441894531,0.0,89.99503326416016
cross_town,Town02,mixed,9,91,181.91604009769935,41.856075286865234,259.4265441894531,0.0,89.99503326416016
cross_town,Town02,mixed,9,92,183.91604010539731,41.85625076293945,261.4265441894531,0.0,89.99503326416016
cross_town,Town02,mixed,9,93,185.91604011276422,41.856422424316406,263.4265441894531,0.0,89.99503326416016
cross_town,Town02,mixed,9,94,187.91604012046218,41.856597900390625,265.4265441894531,0.0,89.99503326416016
cross_town,Town02,mixed,9,95,189.9160401278291,41.85676956176758,267.4265441894531,0.0,89.99503326416016
cross_town,Town02,mixed,9,96,191.91604013552706,41.8569450378418,269.4265441894531,0.0,89.99503326416016
cross_town,Town02,mixed,9,97,193.91604014289396,41.85711669921875,271.4265441894531,0.0,89.99503326416016
cross_town,Town02,mixed,9,98,195.91604015059193,41.85729217529297,273.4265441894531,0.0,89.99503326416016
cross_town,Town02,mixed,9,99,197.91604015795883,41.85746383666992,275.4265441894531,0.0,89.99503326416016
cross_town,Town02,mixed,9,100,199.9160401656568,41.85763931274414,277.4265441894531,0.0,89.99503326416016
cross_town,Town02,mixed,9,101,201.91604017335476,41.85781478881836,279.4265441894531,0.0,89.99503326416016
cross_town,Town02,mixed,9,102,203.91604018072167,41.85798645019531,281.4265441894531,0.0,89.99503326416016
cross_town,Town02,mixed,9,103,205.91604018841963,41.85816192626953,283.4265441894531,0.0,89.99503326416016
cross_town,Town02,mixed,9,104,207.91604019578654,41.858333587646484,285.4265441894531,0.0,89.99503326416016
cross_town,Town02,mixed,9,105,209.9160402034845,41.8585090637207,287.4265441894531,0.0,89.99503326416016
cross_town,Town02,mixed,9,106,211.9160402108514,41.858680725097656,289.4265441894531,0.0,89.99503326416016
cross_town,Town02,mixed,9,107,213.91604021854937,41.858856201171875,291.4265441894531,0.0,89.99503326416016
cross_town,Town02,mixed,9,108,215.91604022591628,41.85902786254883,293.4265441894531,0.0,89.99503326416016
cross_town,Town02,mixed,9,109,217.91604023361424,41.85920333862305,295.4265441894531,0.0,89.99503326416016
cross_town,Town02,mixed,9,110,219.9160707588902,41.859378814697266,297.42657470703125,0.0,89.99503326416016
cross_town,Town02,mixed,9,111,222.04629962719378,41.8768196105957,299.5567321777344,0.0,86.25426483154297
cross_town,Town02,mixed,9,112,224.69014666334053,42.47775650024414,302.1313781738281,0.0,67.46974182128906
cross_town,Town02,mixed,9,113,227.3639123990195,43.897701263427734,304.3969421386719,0.0,47.80574035644531
cross_town,Town02,mixed,9,114,230.22977562391026,46.24347686767578,306.0433044433594,0.0,22.319793701171875
cross_town,Town02,mixed,9,115,232.98797960602772,48.9583854675293,306.53009033203125,0.0,0.0194244384765625
cross_town,Town02,mixed,9,116,234.98797972919513,50.9583854675293,306.5307922363281,0.0,0.0194244384765625
cross_town,Town02,mixed,9,117,236.98818965022295,52.958595275878906,306.5314636230469,0.0,0.01941712014377117
cross_town,Town02,mixed,9,118,238.98818977339036,54.958595275878906,306.53216552734375,0.0,0.01941712014377117
cross_town,Town02,mixed,9,119,240.9881898860804,56.958595275878906,306.5328369140625,0.0,0.01941712014377117
cross_town,Town02,mixed,9,120,242.98818999877042,58.958595275878906,306.53350830078125,0.0,0.01941712014377117
cross_town,Town02,mixed,9,121,244.98819011146045,60.958595275878906,306.5341796875,0.0,0.01941712014377117
cross_town,Town02,mixed,9,122,246.9881902241505,62.958595275878906,306.53485107421875,0.0,0.01941712014377117
cross_town,Town02,mixed,9,123,248.9881903473179,64.9585952758789,306.5355529785156,0.0,0.01941712014377117
cross_town,Town02,mixed,9,124,250.98819046000793,66.9585952758789,306.5362243652344,0.0,0.01941712014377117
cross_town,Town02,mixed,9,125,252.98819057269796,68.9585952758789,306.5368957519531,0.0,0.01941712014377117
cross_town,Town02,mixed,9,126,254.988190685388,70.9585952758789,306.5375671386719,0.0,0.01941712014377117
cross_town,Town02,mixed,9,127,256.988190798078,72.9585952758789,306.5382385253906,0.0,0.01941712014377117
cross_town,Town02,mixed,9,128,258.9881909212454,74.9585952758789,306.5389404296875,0.0,0.01941712014377117
cross_town,Town02,mixed,9,129,260.98819103393544,76.9585952758789,306.53961181640625,0.0,0.01941712014377117
cross_town,Town02,mixed,9,130,262.98819114662547,78.9585952758789,306.540283203125,0.0,0.01941712014377117
cross_town,Town02,mixed,9,131,264.9881912593155,80.9585952758789,306.54095458984375,0.0,0.01941712014377117
cross_town,Town02,mixed,9,132,266.98819137200553,82.9585952758789,306.5416259765625,0.0,0.01941712014377117
cross_town,Town02,mixed,9,133,268.98819149517294,84.9585952758789,306.5423278808594,0.0,0.01941712014377117
cross_town,Town02,mixed,9,134,270.988191607863,86.9585952758789,306.5429992675781,0.0,0.01941712014377117
cross_town,Town02,mixed,9,135,272.988191720553,88.9585952758789,306.5436706542969,0.0,0.01941712014377117
cross_town,Town02,mixed,9,136,274.98819183324304,90.9585952758789,306.5443420410156,0.0,0.01941712014377117
cross_town,Town02,mixed,9,137,276.98819195641045,92.9585952758789,306.5450439453125,0.0,0.01941712014377117
cross_town,Town02,mixed,9,138,278.9881920691005,94.9585952758789,306.54571533203125,0.0,0.01941712014377117
cross_town,Town02,mixed,9,139,280.9881921817905,96.9585952758789,306.54638671875,0.0,0.01941712014377117
cross_town,Town02,mixed,9,140,282.98819229448054,98.9585952758789,306.54705810546875,0.0,0.01941712014377117
cross_town,Town02,mixed,9,141,284.9881924071706,100.9585952758789,306.5477294921875,0.0,0.01941712014377117
cross_town,Town02,mixed,9,142,286.988192530338,102.9585952758789,306.5484313964844,0.0,0.01941712014377117
cross_town,Town02,mixed,9,143,288.988192643028,104.9585952758789,306.5491027832031,0.0,0.01941712014377117
cross_town,Town02,mixed,9,144,290.98819275571805,106.9585952758789,306.5497741699219,0.0,0.01941712014377117
cross_town,Town02,mixed,9,145,292.9881928684081,108.9585952758789,306.5504455566406,0.0,0.01941712014377117
cross_town,Town02,mixed,9,146,294.9881929810981,110.9585952758789,306.5511169433594,0.0,0.01941712014377117
cross_town,Town02,mixed,9,147,296.9881931042655,112.9585952758789,306.55181884765625,0.0,0.01941712014377117
cross_town,Town02,mixed,9,148,298.98819321695555,114.9585952758789,306.552490234375,0.0,0.01941712014377117
cross_town,Town02,mixed,9,149,300.9881857002515,116.95858764648438,306.55316162109375,0.0,0.01941712014377117
cross_town,Town02,mixed,9,150,302.98818581294154,118.95858764648438,306.5538330078125,0.0,0.01941712014377117
cross_town,Town02,mixed,9,151,304.98818592563157,120.95858764648438,306.55450439453125,0.0,0.01941712014377117
cross_town,Town02,mixed,9,152,306.988186048799,122.95858764648438,306.5552062988281,0.0,0.01941712014377117
cross_town,Town02,mixed,9,153,308.988186161489,124.95858764648438,306.5558776855469,0.0,0.01941712014377117
cross_town,Town02,mixed,9,154,310.98818627417904,126.95858764648438,306.5565490722656,0.0,0.01941712014377117
cross_town,Town02,mixed,9,155,312.9881863868691,128.95858764648438,306.5572204589844,0.0,0.01941712014377117
cross_town,Town02,mixed,9,156,314.9881865100365,130.95858764648438,306.55792236328125,0.0,0.01941712014377117
cross_town,Town02,mixed,9,157,316.9881866227265,132.95858764648438,306.55859375,0.0,0.01941712014377117
cross_town,Town02,mixed,9,158,318.98818673541655,134.95858764648438,306.55926513671875,0.0,0.01941712014377117
cross_town,Town02,mixed,9,159,320.989148132215,136.9595489501953,306.55987548828125,0.0,-0.007794965524226427
cross_town,Town02,mixed,9,160,322.9916061760129,138.96200561523438,306.5575256347656,0.0,-0.07871776074171066
cross_town,Town02,mixed,9,161,324.9916080619402,140.96200561523438,306.5547790527344,0.0,-0.07871776074171066
cross_town,Town02,mixed,9,162,326.9916099478675,142.96200561523438,306.5520324707031,0.0,-0.07871776074171066
cross_town,Town02,mixed,9,163,328.9916118337948,144.96200561523438,306.5492858886719,0.0,-0.07871776074171066
cross_town,Town02,mixed,9,164,330.9916137197221,146.96200561523438,306.5465393066406,0.0,-0.07871776074171066
cross_town,Town02,mixed,9,165,332.99161560564943,148.96200561523438,306.5437927246094,0.0,-0.07871776074171066
cross_town,Town02,mixed,9,166,334.99161749157673,150.96200561523438,306.5410461425781,0.0,-0.07871776074171066
cross_town,Town02,mixed,9,167,336.99161937750404,152.96200561523438,306.5382995605469,0.0,-0.07871776074171066
cross_town,Town02,mixed,9,168,338.99162126343134,154.96200561523438,306.5355529785156,0.0,-0.07871776074171066
cross_town,Town02,mixed,9,169,340.9916079327266,156.9619903564453,306.53277587890625,0.0,-0.07871776074171066
cross_town,Town02,mixed,9,170,342.9916098186539,158.9619903564453,306.530029296875,0.0,-0.07871776074171066
cross_town,Town02,mixed,9,171,344.9916117045812,160.9619903564453,306.52728271484375,0.0,-0.07871776074171066
cross_town,Town02,mixed,9,172,346.9916135905085,162.9619903564453,306.5245361328125,0.0,-0.07871776074171066
cross_town,Town02,mixed,9,173,348.9916154764358,164.9619903564453,306.52178955078125,0.0,-0.07871776074171066
cross_town,Town02,mixed,9,174,350.9916173623631,166.9619903564453,306.51904296875,0.0,-0.07871776074171066
cross_town,Town02,mixed,9,175,352.9916192482904,168.9619903564453,306.51629638671875,0.0,-0.07871776074171066
cross_town,Town02,mixed,9,176,354.99160587544304,170.96197509765625,306.5135498046875,0.0,-0.07871776074171066
cross_town,Town02,mixed,9,177,356.99160776137035,172.96197509765625,306.51080322265625,0.0,-0.07871776074171066
cross_town,Town02,mixed,9,178,358.99160964729765,174.96197509765625,306.508056640625,0.0,-0.07871776074171066
cross_town,Town02,mixed,9,179,360.99161153322495,176.96197509765625,306.50531005859375,0.0,-0.07871776074171066
cross_town,Town02,mixed,9,180,362.99161341915226,178.96197509765625,306.5025634765625,0.0,-0.07871776074171066
cross_town,Town02,mixed,9,181,365.0161378298158,180.9864959716797,306.498779296875,0.0,359.230712890625
cross_town,Town02,mixed,9,182,367.3584501572267,183.31716918945312,306.26556396484375,0.0,349.3402099609375
cross_town,Town02,mixed,9,183,369.7007871626565,185.5731658935547,305.6354675292969,0.0,339.44970703125
cross_town,Town02,mixed,9,184,372.0431160123691,187.68739318847656,304.6272277832031,0.0,329.5592041015625
cross_town,Town02,mixed,9,185,374.304576021667,189.54635620117188,303.33941650390625,0.0,322.023193359375
cross_town,Town02,mixed,9,186,376.75790394317187,191.29476928710938,301.618408203125,0.0,308.88153076171875
cross_town,Town02,mixed,9,187,379.21126062725455,192.60610961914062,299.544921875,0.0,295.73992919921875
cross_town,Town02,mixed,9,188,381.66461084445586,193.41168212890625,297.22760009765625,0.0,282.5982666015625
cross_town,Town02,mixed,9,189,384.0977790019393,193.6698455810547,294.80816650390625,0.0,270.0391845703125
cross_town,Town02,mixed,9,190,386.0977794630021,193.67120361328125,292.80816650390625,0.0,-89.96080780029297
cross_town,Town02,mixed,9,191,388.0977799344841,193.67257690429688,290.80816650390625,0.0,-89.96080780029297
cross_town,Town02,mixed,9,192,390.0977804059661,193.6739501953125,288.80816650390625,0.0,-89.96080780029297
cross_town,Town02,mixed,9,193,392.0977808670289,193.67530822753906,286.80816650390625,0.0,-89.96080780029297
cross_town,Town02,mixed,9,194,394.0977813385109,193.6766815185547,284.80816650390625,0.0,-89.96080780029297
cross_town,Town02,mixed,9,195,396.0977818099929,193.6780548095703,282.80816650390625,0.0,-89.96080780029297
cross_town,Town02,mixed,9,196,398.09778227105573,193.67941284179688,280.80816650390625,0.0,-89.96080780029297
cross_town,Town02,mixed,9,197,400.09778274253773,193.6807861328125,278.80816650390625,0.0,-89.96080780029297
cross_town,Town02,mixed,9,198,402.0977832140197,193.68215942382812,276.80816650390625,0.0,-89.96080780029297
cross_town,Town02,mixed,9,199,404.09778367508255,193.6835174560547,274.80816650390625,0.0,-89.96080780029297
cross_town,Town02,mixed,9,200,406.09778414656455,193.6848907470703,272.80816650390625,0.0,-89.96080780029297
cross_town,Town02,mixed,9,201,408.09778461804655,193.68626403808594,270.80816650390625,0.0,-89.96080780029297
cross_town,Town02,mixed,9,202,410.09778507910937,193.6876220703125,268.80816650390625,0.0,-89.96080780029297
cross_town,Town02,mixed,9,203,412.09778555059137,193.68899536132812,266.80816650390625,0.0,-89.96080780029297
cross_town,Town02,mixed,9,204,414.09778602207336,193.69036865234375,264.80816650390625,0.0,-89.96080780029297
cross_town,Town02,mixed,9,205,416.0977864831362,193.6917266845703,262.80816650390625,0.0,-89.96080780029297
cross_town,Town02,mixed,9,206,418.0977869546182,193.69309997558594,260.80816650390625,0.0,-89.96080780029297
cross_town,Town02,mixed,9,207,420.0977874261002,193.69447326660156,258.80816650390625,0.0,-89.96080780029297
cross_town,Town02,mixed,9,208,422.097787887163,193.69583129882812,256.80816650390625,0.0,-89.96080780029297
cross_town,Town02,mixed,9,209,424.0977730998595,193.69720458984375,254.8081817626953,0.0,-89.96080780029297
cross_town,Town02,mixed,9,210,426.09777356092235,193.6985626220703,252.8081817626953,0.0,-89.96080780029297
cross_town,Town02,mixed,9,211,428.0983385970504,193.69992065429688,250.8076171875,0.0,-89.9769287109375
cross_town,Town02,mixed,9,212,430.0996051073149,193.69956970214844,248.8063507080078,0.0,-90.01294708251953
cross_town,Town02,mixed,9,213,432.0996204184905,193.69911193847656,246.80633544921875,0.0,-90.01294708251953
cross_town,Town02,mixed,9,214,434.0996204674431,193.69866943359375,244.80633544921875,0.0,-90.01294708251953
cross_town,Town02,mixed,9,215,436.09962051983,193.69821166992188,242.80633544921875,0.0,-90.01294708251953
cross_town,Town02,mixed,9,216,438.0996205722169,193.69775390625,240.80633544921875,0.0,-90.01294708251953
cross_town,Town02,mixed,9,217,440.09962062116955,193.6973114013672,238.80633544921875,0.0,-90.01294708251953
cross_town,Town02,mixed,9,218,442.09962067355644,193.6968536376953,236.80633544921875,0.0,-90.01294708251953
cross_town,Town02,mixed,9,219,444.09962072594334,193.69639587402344,234.80633544921875,0.0,-90.01294708251953
cross_town,Town02,mixed,9,220,446.099620774896,193.69595336914062,232.80633544921875,0.0,-90.01294708251953
cross_town,Town02,mixed,9,221,448.0996208272829,193.69549560546875,230.80633544921875,0.0,-90.01294708251953
cross_town,Town02,mixed,9,222,450.09962087966977,193.69503784179688,228.80633544921875,0.0,-90.01294708251953
cross_town,Town02,mixed,9,223,452.0996209286224,193.69459533691406,226.80633544921875,0.0,-90.01294708251953
cross_town,Town02,mixed,9,224,454.0996209810093,193.6941375732422,224.80633544921875,0.0,-90.01294708251953
cross_town,Town02,mixed,9,225,456.0996210333962,193.6936798095703,222.80633544921875,0.0,-90.01294708251953
cross_town,Town02,mixed,9,226,458.09962108234885,193.6932373046875,220.80633544921875,0.0,-90.01294708251953
cross_town,Town02,mixed,9,227,460.09962113473574,193.69277954101562,218.80633544921875,0.0,-90.01294708251953
cross_town,Town02,mixed,9,228,462.09962118712264,193.69232177734375,216.80633544921875,0.0,-90.01294708251953
cross_town,Town02,mixed,9,229,464.0996212360753,193.69187927246094,214.80633544921875,0.0,-90.01294708251953
cross_town,Town02,mixed,9,230,466.0996212884622,193.69142150878906,212.80633544921875,0.0,-90.01294708251953
cross_town,Town02,mixed,9,231,468.09962134084907,193.6909637451172,210.80633544921875,0.0,-90.01294708251953
cross_town,Town02,mixed,9,232,470.0996213898017,193.69052124023438,208.80633544921875,0.0,-90.01294708251953
cross_town,Town02,mixed,9,233,472.0996214421886,193.6900634765625,206.80633544921875,0.0,-90.01294708251953
cross_town,Town02,mixed,9,234,474.09962149114125,193.6896209716797,204.80633544921875,0.0,-90.01294708251953
cross_town,Town02,mixed,9,235,476.09962154352814,193.6891632080078,202.80633544921875,0.0,-90.01294708251953
cross_town,Town02,mixed,9,236,478.09962159591504,193.68870544433594,200.80633544921875,0.0,-90.01294708251953
cross_town,Town02,mixed,9,237,480.099606386079,193.68826293945312,198.8063507080078,0.0,-450.0129089355469
cross_town,Town02,mixed,9,238,482.0996064384659,193.68780517578125,196.8063507080078,0.0,-450.0129089355469
cross_town,Town02,mixed,9,239,484.09960648741855,193.68736267089844,194.8063507080078,0.0,-450.0129089355469
cross_town,Town02,mixed,9,240,486.09960653980545,193.68690490722656,192.8063507080078,0.0,-450.0129089355469
cross_town,Town02,mixed,9,241,488.0996065887581,193.68646240234375,190.8063507080078,0.0,-450.0129089355469
cross_town,Town02,mixed,9,242,490.099606641145,193.68600463867188,188.8063507080078,0.0,-450.0129089355469
cross_town,Town02,mixed,9,243,492.0996066935319,193.685546875,186.8063507080078,0.0,-450.0129089355469
cross_town,Town02,mixed,9,244,494.0996067424845,193.6851043701172,184.8063507080078,0.0,-450.0129089355469
cross_town,Town02,mixed,9,245,496.0996067948714,193.6846466064453,182.8063507080078,0.0,-450.0129089355469
cross_town,Town02,mixed,9,246,498.0996068472583,193.68418884277344,180.8063507080078,0.0,-90.01294708251953
cross_town,Town02,mixed,9,247,500.0996068996452,193.68373107910156,178.8063507080078,0.0,-90.01294708251953
cross_town,Town02,mixed,10,0,0.0,9.530012130737305,302.556640625,0.0,179.96095275878906
cross_town,Town02,mixed,10,1,2.0000009483190437,7.5300116539001465,302.5580139160156,0.0,179.96095275878906
cross_town,Town02,mixed,10,2,4.00000046612695,5.530012607574463,302.55938720703125,0.0,179.96095275878906
cross_town,Town02,mixed,10,3,5.990724727096854,3.5392887592315674,302.5606689453125,0.0,180.22666931152344
cross_town,Town02,mixed,10,4,7.577492222370655,1.961524486541748,302.3918762207031,0.0,191.98507690429688
cross_town,Town02,mixed,10,5,9.164265409438418,0.4512633681297302,301.90509033203125,0.0,203.74349975585938
cross_town,Town02,mixed,10,6,10.751023259413715,-0.9281101226806641,301.12078857421875,0.0,215.50192260742188
cross_town,Town02,mixed,10,7,12.257818491679188,-2.048264503479004,300.11297607421875,0.0,229.51824951171875
cross_town,Town02,mixed,10,8,13.720812184863101,-2.8418796062469482,298.8839416503906,0.0,244.77857971191406
cross_town,Town02,mixed,10,9,15.183787697693797,-3.284027576446533,297.4893798828125,0.0,260.0389099121094
cross_town,Town02,mixed,10,10,16.836597123638057,-3.3681888580322266,295.8387145996094,0.0,-90.09098052978516
cross_town,Town02,mixed,10,11,18.83693533941095,-3.371365547180176,293.83837890625,0.0,-90.09098052978516
cross_town,Town02,mixed,10,12,20.83693786073331,-3.3745412826538086,291.83837890625,0.0,-90.09098052978516
cross_town,Town02,mixed,10,13,22.836909865273242,-3.3777174949645996,289.8384094238281,0.0,-90.09098052978516
cross_town,Town02,mixed,10,14,24.83691238735281,-3.3808937072753906,287.8384094238281,0.0,-90.09098052978516
cross_town,Town02,mixed,10,15,26.836914908675173,-3.3840694427490234,285.8384094238281,0.0,-90.09098052978516
cross_town,Town02,mixed,10,16,28.836917430754742,-3.3872456550598145,283.8384094238281,0.0,-90.09098052978516
cross_town,Town02,mixed,10,17,30.83691995283431,-3.3904218673706055,281.8384094238281,0.0,-90.09098052978516
cross_town,Town02,mixed,10,18,32.83692247415667,-3.3935976028442383,279.8384094238281,0.0,-90.09098052978516
cross_town,Town02,mixed,10,19,34.83692499623624,-3.3967738151550293,277.8384094238281,0.0,-90.09098052978516
cross_town,Town02,mixed,10,20,36.83692751831581,-3.3999500274658203,275.8384094238281,0.0,-90.09098052978516
cross_town,Town02,mixed,10,21,38.83693003963817,-3.403125762939453,273.8384094238281,0.0,-90.09098052978516
cross_town,Town02,mixed,10,22,40.83693256171774,-3.406301975250244,271.8384094238281,0.0,-90.09098052978516
cross_town,Town02,mixed,10,23,42.83693508379731,-3.409478187561035,269.8384094238281,0.0,-90.09098052978516
cross_town,Town02,mixed,10,24,44.836907087580016,-3.412653923034668,267.83843994140625,0.0,-90.09098052978516
cross_town,Town02,mixed,10,25,46.836909609659585,-3.415830135345459,265.83843994140625,0.0,-90.09098052978516
cross_town,Town02,mixed,10,26,48.836912131739155,-3.41900634765625,263.83843994140625,0.0,-90.09098052978516
cross_town,Town02,mixed,10,27,50.83691465306151,-3.422182083129883,261.83843994140625,0.0,-90.09098052978516
cross_town,Town02,mixed,10,28,52.83691717514108,-3.425358295440674,259.83843994140625,0.0,-90.09098052978516
cross_town,Town02,mixed,10,29,54.83691969722065,-3.428534507751465,257.83843994140625,0.0,-90.09098052978516
cross_town,Town02,mixed,10,30,56.83692221854301,-3.4317102432250977,255.83843994140625,0.0,-90.09098052978516
cross_town,Town02,mixed,10,31,58.83692474062258,-3.4348864555358887,253.83843994140625,0.0,-90.09098052978516
cross_town,Town02,mixed,10,32,60.83692726270215,-3.4380626678466797,251.83843994140625,0.0,-90.09098052978516
cross_town,Town02,mixed,10,33,62.8342123158165,-3.4401755332946777,249.84115600585938,0.0,-90.01293182373047
cross_town,Town02,mixed,10,34,64.83421236679419,-3.440627098083496,247.84115600585938,0.0,-90.01293182373047
cross_town,Town02,mixed,10,35,66.83421241777188,-3.4410786628723145,245.84115600585938,0.0,-90.01293182373047
cross_town,Town02,mixed,10,36,68.83421246874957,-3.441530227661133,243.84115600585938,0.0,-90.01293182373047
cross_town,Town02,mixed,10,37,70.83421251972726,-3.441981792449951,241.84115600585938,0.0,-90.01293182373047
cross_town,Town02,mixed,10,38,72.83421257070495,-3.4424333572387695,239.84115600585938,0.0,-90.01293182373047
cross_town,Town02,mixed,10,39,74.83421262168264,-3.442884922027588,237.84115600585938,0.0,-90.01293182373047
cross_town,Town02,mixed,10,40,76.83421267266033,-3.4433364868164062,235.84115600585938,0.0,-90.01293182373047
cross_town,Town02,mixed,10,41,78.83421272363802,-3.4437880516052246,233.84115600585938,0.0,-90.01293182373047
cross_town,Town02,mixed,10,42,80.83421277461571,-3.444239616394043,231.84115600585938,0.0,-90.01293182373047
cross_town,Town02,mixed,10,43,82.8342128255934,-3.4446911811828613,229.84115600585938,0.0,-90.01293182373047
cross_town,Town02,mixed,10,44,84.83421287657109,-3.4451427459716797,227.84115600585938,0.0,-90.01293182373047
cross_town,Town02,mixed,10,45,86.83421292754878,-3.445594310760498,225.84115600585938,0.0,-90.01293182373047
cross_town,Town02,mixed,10,46,88.83421297852647,-3.4460458755493164,223.84115600585938,0.0,-90.01293182373047
cross_town,Town02,mixed,10,47,90.83421302950416,-3.4464974403381348,221.84115600585938,0.0,-90.01293182373047
cross_town,Town02,mixed,10,48,92.83421308048185,-3.446949005126953,219.84115600585938,0.0,-90.01293182373047
cross_town,Town02,mixed,10,49,94.83421313145953,-3.4474005699157715,217.84115600585938,0.0,-90.01293182373047
cross_town,Town02,mixed,10,50,96.83421318243722,-3.44785213470459,215.84115600585938,0.0,-90.01293182373047
cross_town,Town02,mixed,10,51,98.83421323341491,-3.448303699493408,213.84115600585938,0.0,-90.01293182373047
cross_town,Town02,mixed,10,52,100.8342132843926,-3.4487552642822266,211.84115600585938,0.0,-90.01293182373047
cross_town,Town02,mixed,10,53,102.8342133353703,-3.449206829071045,209.84115600585938,0.0,-90.01293182373047
cross_town,Town02,mixed,10,54,104.83421338634798,-3.4496583938598633,207.84115600585938,0.0,-90.01293182373047
cross_town,Town02,mixed,10,55,106.83421343732567,-3.4501099586486816,205.84115600585938,0.0,-90.01293182373047
cross_town,Town02,mixed,10,56,108.83421348830336,-3.4505615234375,203.84115600585938,0.0,-90.01293182373047
cross_town,Town02,mixed,10,57,110.83421353938877,-3.4510135650634766,201.84115600585938,0.0,-90.01293182373047
cross_town,Town02,mixed,10,58,112.83421359036646,-3.451465129852295,199.84115600585938,0.0,-90.01293182373047
cross_town,Town02,mixed,10,59,114.83421364134415,-3.4519166946411133,197.84115600585938,0.0,-90.01293182373047
cross_town,Town02,mixed,10,60,116.4275322750312,-3.309030532836914,196.25425720214844,0.0,281.5456237792969
cross_town,Town02,mixed,10,61,117.98303836374575,-2.8317818641662598,194.77377319335938,0.0,294.1888732910156
cross_town,Town02,mixed,10,62,119.61081687993234,-2.0046911239624023,193.3717803955078,0.0,-55.23268127441406
cross_town,Town02,mixed,10,63,120.9689873046264,-1.0689386129379272,192.3874053955078,0.0,-37.02118682861328
cross_town,Town02,mixed,10,64,122.31153396957353,0.1198573112487793,191.7635498046875,0.0,-18.356945037841797
cross_town,Town02,mixed,10,65,123.66377242193134,1.4555879831314087,191.5529022216797,0.0,0.02626265585422516
cross_town,Town02,mixed,10,66,125.66407888715374,3.4558942317962646,191.5538330078125,0.0,0.02626265585422516
cross_town,Town02,mixed,10,67,127.66407885828275,5.4558939933776855,191.55474853515625,0.0,0.02626265585422516
cross_town,Town02,mixed,10,68,129.66407906783033,7.4558939933776855,191.5556640625,0.0,0.02626265585422516
cross_town,Town02,mixed,10,69,131.66407880054078,9.455893516540527,191.55657958984375,0.0,0.02626265585422516
cross_town,Town02,mixed,10,70,133.66407901008836,11.455893516540527,191.5574951171875,0.0,0.02626265585422516
cross_town,Town02,mixed,10,71,135.66407921963594,13.455893516540527,191.55841064453125,0.0,0.02626265585422516
cross_town,Town02,mixed,10,72,137.66407847550929,15.455892562866211,191.559326171875,0.0,0.02626265585422516
cross_town,Town02,mixed,10,73,139.66407868505686,17.45589256286621,191.56024169921875,0.0,0.02626265585422516
cross_town,Town02,mixed,10,74,141.66407889460444,19.45589256286621,191.5611572265625,0.0,0.02626265585422516
cross_town,Town02,mixed,10,75,143.66407910415202,21.45589256286621,191.56207275390625,0.0,0.02626265585422516
cross_town,Town02,mixed,10,76,145.66407932074273,23.45589256286621,191.56300354003906,0.0,0.02626265585422516
cross_town,Town02,mixed,10,77,147.6640795302903,25.45589256286621,191.5639190673828,0.0,0.02626265585422516
cross_town,Town02,mixed,10,78,149.6640797398379,27.45589256286621,191.56483459472656,0.0,0.02626265585422516
cross_town,Town02,mixed,10,79,151.66407804203703,29.455890655517578,191.5657501220703,0.0,0.02626265585422516
cross_town,Town02,mixed,10,80,153.6640782515846,31.455890655517578,191.56666564941406,0.0,0.02626265585422516
cross_town,Town02,mixed,10,81,155.6640784611322,33.45589065551758,191.5675811767578,0.0,0.02626265585422516
cross_town,Town02,mixed,10,82,157.66408248537664,35.455894470214844,191.56849670410156,0.0,0.02626265585422516
cross_town,Town02,mixed,10,83,159.4689340101994,37.26059341430664,191.5919647216797,0.0,5.599864482879639
cross_town,Town02,mixed,10,84,160.87489751480115,38.624576568603516,191.93296813964844,0.0,22.471933364868164
cross_town,Town02,mixed,10,85,162.280854370547,39.83087921142578,192.6551513671875,0.0,39.34400177001953
cross_town,Town02,mixed,10,86,163.72568719210102,40.80487060546875,193.7223358154297,0.0,55.11736297607422
cross_town,Town02,mixed,10,87,165.21016015555273,41.491615295410156,195.0384063720703,0.0,69.77015686035156
cross_town,Town02,mixed,10,88,166.69462186237243,41.8231086730957,196.48538208007812,0.0,84.42295837402344
cross_town,Town02,mixed,10,89,168.49942972414934,41.850765228271484,198.28997802734375,0.0,89.9950180053711
cross_town,Town02,mixed,10,90,170.49971964883838,41.8509407043457,200.29026794433594,0.0,89.99503326416016
cross_town,Town02,mixed,10,91,172.49971965653634,41.85111618041992,202.29026794433594,0.0,89.99503326416016
cross_town,Town02,mixed,10,92,174.4997196642343,41.85129165649414,204.29026794433594,0.0,89.99503326416016
cross_town,Town02,mixed,10,93,176.4997196716012,41.851463317871094,206.29026794433594,0.0,89.99503326416016
cross_town,Town02,mixed,10,94,178.49971967929918,41.85163879394531,208.29026794433594,0.0,89.99503326416016
cross_town,Town02,mixed,10,95,180.49971968666608,41.851810455322266,210.29026794433594,0.0,89.99503326416016
cross_town,Town02,mixed,10,96,182.49971969436405,41.851985931396484,212.29026794433594,0.0,89.99503326416016
cross_town,Town02,mixed,10,97,184.49971970173095,41.85215759277344,214.29026794433594,0.0,89.99503326416016
cross_town,Town02,mixed,10,98,186.49971970942892,41.852333068847656,216.29026794433594,0.0,89.99503326416016
cross_town,Town02,mixed,10,99,188.49971971679582,41.85250473022461,218.29026794433594,0.0,89.99503326416016
cross_town,Town02,mixed,10,100,190.4997197244938,41.85268020629883,220.29026794433594,0.0,89.99503326416016
cross_town,Town02,mixed,10,101,192.4997197318607,41.85285186767578,222.29026794433594,0.0,89.99503326416016
cross_town,Town02,mixed,10,102,194.49971973955866,41.85302734375,224.29026794433594,0.0,89.99503326416016
cross_town,Town02,mixed,10,103,196.49971974692556,41.85319900512695,226.29026794433594,0.0,89.99503326416016
cross_town,Town02,mixed,10,104,198.49971975462353,41.85337448120117,228.29026794433594,0.0,89.99503326416016
cross_town,Town02,mixed,10,105,200.49971976199043,41.853546142578125,230.29026794433594,0.0,89.99503326416016
cross_town,Town02,mixed,10,106,202.4997197696884,41.853721618652344,232.29026794433594,0.0,89.99503326416016
cross_town,Town02,mixed,10,107,204.4997197770553,41.8538932800293,234.29026794433594,0.0,89.99503326416016
cross_town,Town02,mixed,10,108,206.49971978475327,41.854068756103516,236.29026794433594,0.0,89.99503326416016
cross_town,Town02,mixed,10,109,208.49971979212017,41.85424041748047,238.29026794433594,0.0,89.99503326416016
cross_town,Town02,mixed,10,110,210.49971979981814,41.85441589355469,240.29026794433594,0.0,89.99503326416016
cross_town,Town02,mixed,10,111,212.49971980718504,41.85458755493164,242.29026794433594,0.0,89.99503326416016
cross_town,Town02,mixed,10,112,214.499719814883,41.85476303100586,244.29026794433594,0.0,89.99503326416016
cross_town,Town02,mixed,10,113,216.49971982224992,41.85493469238281,246.29026794433594,0.0,89.99503326416016
cross_town,Town02,mixed,10,114,218.49968931236987,41.85511016845703,248.2902374267578,0.0,89.99503326416016
cross_town,Town02,mixed,10,115,220.49968931973677,41.855281829833984,250.2902374267578,0.0,89.99503326416016
cross_town,Town02,mixed,10,116,222.49968932743474,41.8554573059082,252.2902374267578,0.0,89.99503326416016
cross_town,Town02,mixed,10,117,224.49968933480164,41.855628967285156,254.2902374267578,0.0,89.99503326416016
cross_town,Town02,mixed,10,118,226.4997046012886,41.855804443359375,256.2902526855469,0.0,89.99503326416016
cross_town,Town02,mixed,10,119,228.49970460865552,41.85597610473633,258.2902526855469,0.0,89.99503326416016
cross_town,Town02,mixed,10,120,230.49970461635348,41.85615158081055,260.2902526855469,0.0,89.99503326416016
cross_town,Town02,mixed,10,121,232.4997046237204,41.8563232421875,262.2902526855469,0.0,89.99503326416016
cross_town,Town02,mixed,10,122,234.49970463141835,41.85649871826172,264.2902526855469,0.0,89.99503326416016
cross_town,Town02,mixed,10,123,236.49970463878526,41.85667037963867,266.2902526855469,0.0,89.99503326416016
cross_town,Town02,mixed,10,124,238.49970464648322,41.85684585571289,268.2902526855469,0.0,89.99503326416016
cross_town,Town02,mixed,10,125,240.4997046541812,41.85702133178711,270.2902526855469,0.0,89.99503326416016
cross_town,Town02,mixed,10,126,242.4997046615481,41.85719299316406,272.2902526855469,0.0,89.99503326416016
cross_town,Town02,mixed,10,127,244.49970466924606,41.85736846923828,274.2902526855469,0.0,89.99503326416016
cross_town,Town02,mixed,10,128,246.49970467661296,41.857540130615234,276.2902526855469,0.0,89.99503326416016
cross_town,Town02,mixed,10,129,248.49970468431093,41.85771560668945,278.2902526855469,0.0,89.99503326416016
cross_town,Town02,mixed,10,130,250.49970469167783,41.857887268066406,280.2902526855469,0.0,89.99503326416016
cross_town,Town02,mixed,10,131,252.4997046993758,41.858062744140625,282.2902526855469,0.0,89.99503326416016
cross_town,Town02,mixed,10,132,254.4997047067427,41.85823440551758,284.2902526855469,0.0,89.99503326416016
cross_town,Town02,mixed,10,133,256.49970471444067,41.8584098815918,286.2902526855469,0.0,89.99503326416016
cross_town,Town02,mixed,10,134,258.4997047218076,41.85858154296875,288.2902526855469,0.0,89.99503326416016
cross_town,Town02,mixed,10,135,260.49970472950554,41.85875701904297,290.2902526855469,0.0,89.99503326416016
cross_town,Town02,mixed,10,136,262.49970473687245,41.85892868041992,292.2902526855469,0.0,89.99503326416016
cross_town,Town02,mixed,10,137,264.4997047445704,41.85910415649414,294.2902526855469,0.0,89.99503326416016
cross_town,Town02,mixed,10,138,266.49970475226837,41.85927963256836,296.2902526855469,0.0,-270.00494384765625
cross_town,Town02,mixed,10,139,268.4997352772133,41.85945129394531,298.290283203125,0.0,89.99503326416016
cross_town,Town02,mixed,10,140,270.0020661762669,41.748111724853516,299.7884826660156,0.0,104.10852813720703
cross_town,Town02,mixed,10,141,271.2927664802544,41.219573974609375,300.96600341796875,0.0,124.23760986328125
cross_town,Town02,mixed,10,142,272.57414243803646,40.324153900146484,301.8825988769531,0.0,144.62962341308594
cross_town,Town02,mixed,10,143,273.84595476697626,39.1718635559082,302.4208679199219,0.0,165.2923126220703
cross_town,Town02,mixed,10,144,275.3285519875482,37.6938591003418,302.5374755859375,0.0,179.96095275878906
cross_town,Town02,mixed,10,145,277.32877369069985,35.69363784790039,302.538818359375,0.0,-180.03903198242188
cross_town,Town02,mixed,10,146,279.32877416218184,33.69363784790039,302.5401916503906,0.0,179.96095275878906
cross_town,Town02,mixed,10,147,281.32877652029015,31.693635940551758,302.5415344238281,0.0,179.96095275878906
cross_town,Town02,mixed,10,148,283.32877699177214,29.693635940551758,302.54290771484375,0.0,179.96095275878906
cross_town,Town02,mixed,10,149,285.32877746325414,27.693635940551758,302.5442810058594,0.0,179.96095275878906
cross_town,Town02,mixed,10,150,287.3287779140142,25.693635940551758,302.5456237792969,0.0,179.96095275878906
cross_town,Town02,mixed,10,151,289.3287783854962,23.693635940551758,302.5469970703125,0.0,179.96095275878906
cross_town,Town02,mixed,10,152,291.32877504228185,21.693639755249023,302.5483703613281,0.0,179.96095275878906
cross_town,Town02,mixed,10,153,293.3287754930419,19.693639755249023,302.5497131347656,0.0,179.96095275878906
cross_town,Town02,mixed,10,154,295.3287759645239,17.693639755249023,302.55108642578125,0.0,179.96095275878906
cross_town,Town02,mixed,10,155,297.3287754823318,15.69364070892334,302.5524597167969,0.0,179.96095275878906
cross_town,Town02,mixed,10,156,299.3287759330919,13.69364070892334,302.5538024902344,0.0,179.96095275878906
cross_town,Town02,mixed,10,157,301.3287754508998,11.693641662597656,302.55517578125,0.0,179.96095275878906
cross_town,Town02,mixed,10,158,303.3287749687077,9.693642616271973,302.5565490722656,0.0,179.96095275878906
cross_town,Town02,mixed,10,159,305.3287758963048,7.6936421394348145,302.5578918457031,0.0,179.96095275878906
cross_town,Town02,mixed,10,160,307.32877589094977,5.693642616271973,302.55926513671875,0.0,179.96095275878906
cross_town,Town02,mixed,10,161,309.3287758855947,3.693643093109131,302.5606384277344,0.0,179.9609375
cross_town,Town02,mixed,10,162,310.9398052861143,2.0889596939086914,302.41778564453125,0.0,191.02305603027344
cross_town,Town02,mixed,10,163,312.5265611559851,0.5707393288612366,301.95648193359375,0.0,202.781494140625
cross_town,Town02,mixed,10,164,314.1133267412602,-0.821608304977417,301.1954345703125,0.0,214.53990173339844
cross_town,Town02,mixed,10,165,315.6303501883363,-1.9693397283554077,300.20343017578125,0.0,228.2697296142578
cross_town,Town02,mixed,10,166,317.09334872324376,-2.789546012878418,298.9919738769531,0.0,243.53005981445312
cross_town,Town02,mixed,10,167,318.5563398059803,-3.2619755268096924,297.60736083984375,0.0,258.7903747558594
cross_town,Town02,mixed,10,168,320.1648442047478,-3.367928981781006,296.0023498535156,0.0,-90.09098052978516
cross_town,Town02,mixed,10,169,322.1651824205207,-3.371105670928955,294.00201416015625,0.0,-90.09098052978516
cross_town,Town02,mixed,10,170,324.16518494260026,-3.374281883239746,292.00201416015625,0.0,-90.09098052978516
cross_town,Town02,mixed,10,171,326.1651874639226,-3.377457618713379,290.00201416015625,0.0,-90.09098052978516
cross_town,Town02,mixed,10,172,328.1651899860022,-3.38063383102417,288.00201416015625,0.0,-90.09098052978516
cross_town,Town02,mixed,10,173,330.1651619897849,-3.3838095664978027,286.0020446777344,0.0,-90.09098052978516
cross_town,Town02,mixed,10,174,332.1651645118645,-3.3869857788085938,284.0020446777344,0.0,-90.09098052978516
cross_town,Town02,mixed,10,175,334.16516703394404,-3.3901619911193848,282.0020446777344,0.0,-90.09098052978516
cross_town,Town02,mixed,10,176,336.1651695552664,-3.3933377265930176,280.0020446777344,0.0,-90.09098052978516
cross_town,Town02,mixed,10,177,338.16517207734597,-3.3965139389038086,278.0020446777344,0.0,-90.09098052978516
cross_town,Town02,mixed,10,178,340.16517459942554,-3.3996901512145996,276.0020446777344,0.0,-90.09098052978516
cross_town,Town02,mixed,10,179,342.1651771207479,-3.4028658866882324,274.0020446777344,0.0,-90.09098052978516
cross_town,Town02,mixed,10,180,344.16517964282747,-3.4060420989990234,272.0020446777344,0.0,-90.09098052978516
cross_town,Town02,mixed,10,181,346.16518216490704,-3.4092183113098145,270.0020446777344,0.0,-90.09098052978516
cross_town,Town02,mixed,10,182,348.1651846862294,-3.4123940467834473,268.0020446777344,0.0,-90.09098052978516
cross_town,Town02,mixed,10,183,350.16518720830896,-3.4155702590942383,266.0020446777344,0.0,-90.09098052978516
cross_town,Town02,mixed,10,184,352.16518973038853,-3.4187464714050293,264.0020446777344,0.0,-90.09098052978516
cross_town,Town02,mixed,10,185,354.16516173417125,-3.421922206878662,262.0020751953125,0.0,-90.09098052978516
cross_town,Town02,mixed,10,186,356.1651642562508,-3.425098419189453,260.0020751953125,0.0,-90.09098052978516
cross_town,Town02,mixed,10,187,358.1651667783304,-3.428274631500244,258.0020751953125,0.0,-90.09098052978516
cross_town,Town02,mixed,10,188,360.16516929965275,-3.431450366973877,256.0020751953125,0.0,-90.09098052978516
cross_town,Town02,mixed,10,189,362.1651718217323,-3.434626579284668,254.0020751953125,0.0,-90.09098052978516
cross_town,Town02,mixed,10,190,364.1651743438119,-3.437802791595459,252.0020751953125,0.0,-90.09098052978516
cross_town,Town02,mixed,10,191,366.162459645467,-3.440138816833496,250.00479125976562,0.0,-90.01293182373047
cross_town,Town02,mixed,10,192,368.16245969644467,-3.4405903816223145,248.00479125976562,0.0,-90.01293182373047
cross_town,Town02,mixed,10,193,370.16245974742236,-3.441041946411133,246.00479125976562,0.0,-90.01293182373047
cross_town,Town02,mixed,10,194,372.16245979840005,-3.441493511199951,244.00479125976562,0.0,-90.01293182373047
cross_town,Town02,mixed,10,195,374.16245984937774,-3.4419450759887695,242.00479125976562,0.0,-90.01293182373047
cross_town,Town02,mixed,10,196,376.16245990035543,-3.442396640777588,240.00479125976562,0.0,-90.01293182373047
cross_town,Town02,mixed,10,197,378.1624599513331,-3.4428482055664062,238.00479125976562,0.0,-90.01293182373047
cross_town,Town02,mixed,10,198,380.1624600023108,-3.4432997703552246,236.00479125976562,0.0,-90.01293182373047
cross_town,Town02,mixed,10,199,382.1624600532885,-3.443751335144043,234.00479125976562,0.0,-90.01293182373047
cross_town,Town02,mixed,10,200,384.1624601042662,-3.4442028999328613,232.00479125976562,0.0,-90.01293182373047
cross_town,Town02,mixed,10,201,386.1624601552439,-3.4446544647216797,230.00479125976562,0.0,-90.01293182373047
cross_town,Town02,mixed,10,202,388.16246020622157,-3.445106029510498,228.00479125976562,0.0,-90.01293182373047
cross_town,Town02,mixed,10,203,390.16246025719926,-3.4455575942993164,226.00479125976562,0.0,-90.01293182373047
cross_town,Town02,mixed,10,204,392.16246030817695,-3.4460091590881348,224.00479125976562,0.0,-90.01293182373047
cross_town,Town02,mixed,10,205,394.16246035915464,-3.446460723876953,222.00479125976562,0.0,-90.01293182373047
cross_town,Town02,mixed,10,206,396.1624604101323,-3.4469122886657715,220.00479125976562,0.0,-90.01293182373047
cross_town,Town02,mixed,10,207,398.16246046111,-3.44736385345459,218.00479125976562,0.0,-90.01293182373047
cross_town,Town02,mixed,10,208,400.1624605120877,-3.447815418243408,216.00479125976562,0.0,-90.01293182373047
cross_town,Town02,mixed,10,209,402.1624605630654,-3.4482669830322266,214.00479125976562,0.0,-90.01293182373047
cross_town,Town02,mixed,10,210,404.1624606140431,-3.448718547821045,212.00479125976562,0.0,-90.01293182373047
cross_town,Town02,mixed,10,211,406.1624606650208,-3.4491701126098633,210.00479125976562,0.0,-90.01293182373047
cross_town,Town02,mixed,10,212,408.16246071599846,-3.4496216773986816,208.00479125976562,0.0,-90.01293182373047
cross_town,Town02,mixed,10,213,410.16246076697615,-3.4500732421875,206.00479125976562,0.0,-90.01293182373047
cross_town,Town02,mixed,10,214,412.16246081795384,-3.4505248069763184,204.00479125976562,0.0,-90.01293182373047
cross_town,Town02,mixed,10,215,414.16246086893153,-3.4509763717651367,202.00479125976562,0.0,-90.01293182373047
cross_town,Town02,mixed,10,216,416.1624609199092,-3.451427936553955,200.00479125976562,0.0,-90.01293182373047
cross_town,Town02,mixed,10,217,418.16246097099463,-3.4518799781799316,198.00479125976562,0.0,-90.01293182373047
cross_town,Town02,mixed,10,218,420.1624610219723,-3.45233154296875,196.00479125976562,0.0,-90.01293182373047
cross_town,Town02,mixed,10,219,422.16246107295,-3.4527831077575684,194.00479125976562,0.0,-90.01293182373047
cross_town,Town02,mixed,10,220,424.1624611239277,-3.4532346725463867,192.00479125976562,0.0,-90.01293182373047
cross_town,Town02,mixed,10,221,426.1624611749054,-3.453686237335205,190.00479125976562,0.0,-90.01293182373047
cross_town,Town02,mixed,10,222,428.1624612258831,-3.4541378021240234,188.00479125976562,0.0,-90.01293182373047
cross_town,Town02,mixed,10,223,430.16246127686077,-3.454589366912842,186.00479125976562,0.0,-90.01293182373047
cross_town,Town02,mixed,10,224,432.16246132783846,-3.45504093170166,184.00479125976562,0.0,-90.01293182373047
cross_town,Town02,mixed,10,225,434.16246137881615,-3.4554924964904785,182.00479125976562,0.0,-90.01293182373047
cross_town,Town02,mixed,10,226,436.16246142979384,-3.455944061279297,180.00479125976562,0.0,-90.01293182373047
cross_town,Town02,mixed,10,227,438.1624614807715,-3.4563956260681152,178.00479125976562,0.0,-90.01293182373047
cross_town,Town02,mixed,10,228,440.1624615317492,-3.4568471908569336,176.00479125976562,0.0,-90.01293182373047
cross_town,Town02,mixed,10,229,442.1624615827269,-3.457298755645752,174.00479125976562,0.0,-90.01293182373047
cross_town,Town02,mixed,10,230,444.1624616337046,-3.4577503204345703,172.00479125976562,0.0,-90.01293182373047
cross_town,Town02,mixed,10,231,446.1624616846823,-3.4582018852233887,170.00479125976562,0.0,-90.01293182373047
cross_town,Town02,mixed,10,232,448.16246173566,-3.458653450012207,168.00479125976562,0.0,-90.01293182373047
cross_town,Town02,mixed,10,233,450.16246178663766,-3.4591050148010254,166.00479125976562,0.0,-90.01293182373047
cross_town,Town02,mixed,10,234,452.16246183761535,-3.4595565795898438,164.00479125976562,0.0,-90.01293182373047
cross_town,Town02,mixed,10,235,454.1598373259161,-3.4595654010772705,162.00741577148438,0.0,270.0618896484375
cross_town,Town02,mixed,10,236,456.15750701002264,-3.455430746078491,160.00975036621094,0.0,-89.87117767333984
cross_town,Town02,mixed,10,237,458.1574968060611,-3.4509341716766357,158.009765625,0.0,-89.87117767333984
cross_town,Town02,mixed,10,238,460.15750186085006,-3.4464375972747803,156.009765625,0.0,-89.87117767333984
cross_town,Town02,mixed,10,239,462.157506914567,-3.441941499710083,154.009765625,0.0,-89.87117767333984
cross_town,Town02,mixed,10,240,464.15749671060547,-3.4374449253082275,152.00978088378906,0.0,-89.87117767333984
cross_town,Town02,mixed,10,241,466.15750176539444,-3.432948350906372,150.00978088378906,0.0,-89.87117767333984
cross_town,Town02,mixed,10,242,468.1575068191114,-3.428452253341675,148.00978088378906,0.0,-89.87117767333984
cross_town,Town02,mixed,10,243,470.15749661514985,-3.4239556789398193,146.00979614257812,0.0,-89.87117767333984
cross_town,Town02,mixed,10,244,472.1575016699388,-3.419459104537964,144.00979614257812,0.0,-89.87117767333984
cross_town,Town02,mixed,10,245,474.1575067236558,-3.4149630069732666,142.00979614257812,0.0,-89.87117767333984
cross_town,Town02,mixed,10,246,476.15749651969423,-3.410466432571411,140.0098114013672,0.0,-89.87117767333984
cross_town,Town02,mixed,10,247,478.1575015744832,-3.4059698581695557,138.0098114013672,0.0,-89.87117767333984
cross_town,Town02,mixed,10,248,480.15750662820017,-3.4014737606048584,136.0098114013672,0.0,-89.87117767333984
cross_town,Town02,mixed,10,249,482.15751168298914,-3.396977186203003,134.0098114013672,0.0,-89.87117767333984
cross_town,Town02,mixed,10,250,484.1575014779556,-3.3924810886383057,132.00982666015625,0.0,-89.87117767333984
cross_town,Town02,mixed,10,251,486.15750653274455,-3.38798451423645,130.00982666015625,0.0,-89.87117767333984
cross_town,Town02,mixed,10,252,488.157496328783,-3.3834879398345947,128.0098419189453,0.0,-89.87117767333984
cross_town,Town02,mixed,10,253,490.1575090118752,-3.3789918422698975,126.00983428955078,0.0,-89.87117767333984
cross_town,Town02,mixed,10,254,492.1575140666642,-3.374495267868042,124.00983428955078,0.0,-89.87117767333984
cross_town,Town02,mixed,10,255,494.1575114920779,-3.3699986934661865,122.00984191894531,0.0,-89.87117767333984
cross_town,Town02,mixed,10,256,496.1575089164196,-3.3655025959014893,120.00984954833984,0.0,-89.87117767333984
cross_town,Town02,mixed,10,257,498.1575139712086,-3.361006021499634,118.00984954833984,0.0,-89.87117767333984
cross_town,Town02,mixed,10,258,500.0229893708359,-3.342841625213623,116.14446258544922,0.0,-86.02513122558594
cross_town,Town02,mixed,11,0,0.0,189.7357177734375,121.2098159790039,0.0,90.07783508300781
cross_town,Town02,mixed,11,1,2.000001844250678,189.73300170898438,123.2098159790039,0.0,90.07783508300781
cross_town,Town02,mixed,11,2,3.99999605911386,189.73028564453125,125.20980834960938,0.0,90.07783508300781
cross_town,Town02,mixed,11,3,5.999997903364537,189.72756958007812,127.20980834960938,0.0,90.07783508300781
cross_town,Town02,mixed,11,4,7.999999747615215,189.724853515625,129.20980834960938,0.0,90.07783508300781
cross_town,Town02,mixed,11,5,10.000001591865892,189.72213745117188,131.20980834960938,0.0,90.07783508300781
cross_town,Town02,mixed,11,6,12.00000343611657,189.71942138671875,133.20980834960938,0.0,90.07783508300781
cross_town,Town02,mixed,11,7,14.000005280367247,189.71670532226562,135.20980834960938,0.0,90.07783508300781
cross_town,Town02,mixed,11,8,16.000007124617927,189.7139892578125,137.20980834960938,0.0,90.07783508300781
cross_town,Town02,mixed,11,9,18.000008968868606,189.71127319335938,139.20980834960938,0.0,90.07783508300781
cross_town,Town02,mixed,11,10,19.99999555434429,189.70855712890625,141.2097930908203,0.0,90.07783508300781
cross_town,Town02,mixed,11,11,21.99999739859497,189.70584106445312,143.2097930908203,0.0,90.07783508300781
cross_town,Town02,mixed,11,12,23.99999924284565,189.703125,145.2097930908203,0.0,90.07783508300781
cross_town,Town02,mixed,11,13,26.000001107876443,189.7003936767578,147.2097930908203,0.0,90.07783508300781
cross_town,Town02,mixed,11,14,28.000002952127122,189.6976776123047,149.2097930908203,0.0,90.07783508300781
cross_town,Town02,mixed,11,15,30.0000047963778,189.69496154785156,151.2097930908203,0.0,90.07783508300781
cross_town,Town02,mixed,11,16,32.00000664062848,189.69224548339844,153.2097930908203,0.0,90.07783508300781
cross_town,Town02,mixed,11,17,34.00000848487915,189.6895294189453,155.2097930908203,0.0,90.07783508300781
cross_town,Town02,mixed,11,18,35.99999507035484,189.6868133544922,157.20977783203125,0.0,90.07783508300781
cross_town,Town02,mixed,11,19,37.99999691460552,189.68409729003906,159.20977783203125,0.0,90.07783508300781
cross_town,Town02,mixed,11,20,39.999998758856194,189.68138122558594,161.20977783203125,0.0,90.07783508300781
cross_town,Town02,mixed,11,21,42.00317293154759,189.68020629882812,163.21295166015625,0.0,89.98705291748047
cross_town,Town02,mixed,11,22,44.00317298393448,189.6806640625,165.21295166015625,0.0,89.98705291748047
cross_town,Town02,mixed,11,23,46.003173032887126,189.6811065673828,167.21295166015625,0.0,89.98705291748047
cross_town,Town02,mixed,11,24,48.00317308527402,189.6815643310547,169.21295166015625,0.0,89.98705291748047
cross_town,Town02,mixed,11,25,50.003173137660916,189.68202209472656,171.21295166015625,0.0,89.98705291748047
cross_town,Town02,mixed,11,26,52.00317318661356,189.68246459960938,173.21295166015625,0.0,89.98705291748047
cross_town,Town02,mixed,11,27,54.00317323900045,189.68292236328125,175.21295166015625,0.0,89.98705291748047
cross_town,Town02,mixed,11,28,56.00317329138735,189.68338012695312,177.21295166015625,0.0,89.98705291748047
cross_town,Town02,mixed,11,29,58.00317334033999,189.68382263183594,179.21295166015625,0.0,89.98705291748047
cross_town,Town02,mixed,11,30,60.003173392726886,189.6842803955078,181.21295166015625,0.0,-270.0129089355469
cross_town,Town02,mixed,11,31,62.00317344511378,189.6847381591797,183.21295166015625,0.0,-270.0129089355469
cross_town,Town02,mixed,11,32,64.00317349750067,189.68519592285156,185.21295166015625,0.0,-270.0129089355469
cross_town,Town02,mixed,11,33,66.00317354645331,189.68563842773438,187.21295166015625,0.0,-270.0129089355469
cross_town,Town02,mixed,11,34,68.0031735988402,189.68609619140625,189.21295166015625,0.0,-270.0129089355469
cross_town,Town02,mixed,11,35,70.0031736512271,189.68655395507812,191.21295166015625,0.0,-270.0129089355469
cross_town,Town02,mixed,11,36,72.00317370017974,189.68699645996094,193.21295166015625,0.0,-270.0129089355469
cross_town,Town02,mixed,11,37,74.00317375256664,189.6874542236328,195.21295166015625,0.0,-270.0129089355469
cross_town,Town02,mixed,11,38,76.00317380495353,189.6879119873047,197.21295166015625,0.0,-270.0129089355469
cross_town,Town02,mixed,11,39,78.00317385390618,189.6883544921875,199.21295166015625,0.0,89.98705291748047
cross_town,Town02,mixed,11,40,80.00317390285882,189.6887969970703,201.21295166015625,0.0,89.98705291748047
cross_town,Town02,mixed,11,41,82.00317395524571,189.6892547607422,203.21295166015625,0.0,89.98705291748047
cross_town,Town02,mixed,11,42,84.00317400763261,189.68971252441406,205.21295166015625,0.0,89.98705291748047
cross_town,Town02,mixed,11,43,86.00317405658525,189.69015502929688,207.21295166015625,0.0,89.98705291748047
cross_town,Town02,mixed,11,44,88.00317410897215,189.69061279296875,209.21295166015625,0.0,89.98705291748047
cross_town,Town02,mixed,11,45,90.00317415792479,189.69105529785156,211.21295166015625,0.0,89.98705291748047
cross_town,Town02,mixed,11,46,92.00317421031168,189.69151306152344,213.21295166015625,0.0,89.98705291748047
cross_town,Town02,mixed,11,47,94.00317426269858,189.6919708251953,215.21295166015625,0.0,89.98705291748047
cross_town,Town02,mixed,11,48,96.00317431165122,189.69241333007812,217.21295166015625,0.0,89.98705291748047
cross_town,Town02,mixed,11,49,98.00317436403812,189.69287109375,219.21295166015625,0.0,89.98705291748047
cross_town,Town02,mixed,11,50,100.00317441642501,189.69332885742188,221.21295166015625,0.0,89.98705291748047
cross_town,Town02,mixed,11,51,102.00317446537765,189.6937713623047,223.21295166015625,0.0,89.98705291748047
cross_town,Town02,mixed,11,52,104.00317451776455,189.69422912597656,225.21295166015625,0.0,89.98705291748047
cross_town,Town02,mixed,11,53,106.00315931136278,189.69468688964844,227.2129364013672,0.0,89.98705291748047
cross_town,Town02,mixed,11,54,108.00315936031542,189.69512939453125,229.2129364013672,0.0,89.98705291748047
cross_town,Town02,mixed,11,55,110.00317467149098,189.69558715820312,231.21295166015625,0.0,-270.0129089355469
cross_town,Town02,mixed,11,56,111.79775841841831,189.67486572265625,233.00741577148438,0.0,95.85453033447266
cross_town,Town02,mixed,11,57,113.12883384799815,189.32254028320312,234.291015625,0.0,114.84259796142578
cross_town,Town02,mixed,11,58,114.45992905466994,188.5717315673828,235.39015197753906,0.0,133.83065795898438
cross_town,Town02,mixed,11,59,115.87921920857156,187.44482421875,236.2529754638672,0.0,-209.66659545898438
cross_town,Town02,mixed,11,60,117.33137376589642,186.09730529785156,236.79421997070312,0.0,-194.10049438476562
cross_town,Town02,mixed,11,61,118.83339135647057,184.60398864746094,236.95565795898438,0.0,-179.96517944335938
cross_town,Town02,mixed,11,62,120.83365112836532,182.60372924804688,236.95443725585938,0.0,-179.96517944335938
cross_town,Town02,mixed,11,63,122.8336514916393,180.60372924804688,236.95323181152344,0.0,-179.96519470214844
cross_town,Town02,mixed,11,64,124.8336518641683,178.60372924804688,236.95201110839844,0.0,-179.96519470214844
cross_town,Town02,mixed,11,65,126.83365222744229,176.60372924804688,236.9508056640625,0.0,-179.96519470214844
cross_town,Town02,mixed,11,66,128.8336525999713,174.60372924804688,236.9495849609375,0.0,-179.96519470214844
cross_town,Town02,mixed,11,67,130.8336529725003,172.60372924804688,236.9483642578125,0.0,-179.96519470214844
cross_town,Town02,mixed,11,68,132.83365333577427,170.60372924804688,236.94715881347656,0.0,-179.96519470214844
cross_town,Town02,mixed,11,69,134.83365370830327,168.60372924804688,236.94593811035156,0.0,-179.96519470214844
cross_town,Town02,mixed,11,70,136.83365407157726,166.60372924804688,236.94473266601562,0.0,-179.96519470214844
cross_town,Town02,mixed,11,71,138.83365444410626,164.60372924804688,236.94351196289062,0.0,-179.96519470214844
cross_town,Town02,mixed,11,72,140.83365481663526,162.60372924804688,236.94229125976562,0.0,-179.96519470214844
cross_town,Town02,mixed,11,73,142.83365517990924,160.60372924804688,236.9410858154297,0.0,-179.96519470214844
cross_town,Town02,mixed,11,74,144.83365555243824,158.60372924804688,236.9398651123047,0.0,-179.96519470214844
cross_town,Town02,mixed,11,75,146.83365591571223,156.60372924804688,236.93865966796875,0.0,-179.96519470214844
cross_town,Town02,mixed,11,76,148.83365628824123,154.60372924804688,236.93743896484375,0.0,-179.96519470214844
cross_town,Town02,mixed,11,77,150.833641401984,152.60374450683594,236.93621826171875,0.0,-179.96519470214844
cross_town,Town02,mixed,11,78,152.833641765258,150.60374450683594,236.9350128173828,0.0,-179.96519470214844
cross_town,Town02,mixed,11,79,154.833642137787,148.60374450683594,236.9337921142578,0.0,-179.96519470214844
cross_town,Town02,mixed,11,80,156.83364250106098,146.60374450683594,236.93258666992188,0.0,-179.96519470214844
cross_town,Town02,mixed,11,81,158.83364287358998,144.60374450683594,236.93136596679688,0.0,-179.96519470214844
cross_town,Town02,mixed,11,82,160.83364324611898,142.60374450683594,236.93014526367188,0.0,-539.9651489257812
cross_town,Town02,mixed,11,83,162.83365886817924,140.60372924804688,236.92893981933594,0.0,-539.9651489257812
cross_town,Town02,mixed,11,84,164.83365924070824,138.60372924804688,236.92771911621094,0.0,-539.9651489257812
cross_town,Town02,mixed,11,85,166.83365960398223,136.60372924804688,236.926513671875,0.0,-539.9651489257812
cross_town,Town02,mixed,11,86,168.83365997651123,134.60372924804688,236.92529296875,0.0,-539.9651489257812
cross_town,Town02,mixed,11,87,170.83366034904023,132.60372924804688,236.924072265625,0.0,-539.9651489257812
cross_town,Town02,mixed,11,88,172.8336607123142,130.60372924804688,236.92286682128906,0.0,-539.9651489257812
cross_town,Town02,mixed,11,89,174.83366108484321,128.60372924804688,236.92164611816406,0.0,-539.9651489257812
cross_town,Town02,mixed,11,90,176.83366907751034,126.60372161865234,236.92044067382812,0.0,-539.9651489257812
cross_town,Town02,mixed,11,91,178.83366182064623,124.60372924804688,236.91921997070312,0.0,-179.96519470214844
cross_town,Town02,mixed,11,92,180.83366219317523,122.60372924804688,236.91799926757812,0.0,-179.96519470214844
cross_town,Town02,mixed,11,93,182.8336625564492,120.60372924804688,236.9167938232422,0.0,-179.96519470214844
cross_town,Town02,mixed,11,94,184.8336629289782,118.60372924804688,236.9155731201172,0.0,-179.96519470214844
cross_town,Town02,mixed,11,95,186.83365566285906,116.6037368774414,236.91436767578125,0.0,-179.96519470214844
cross_town,Town02,mixed,11,96,188.83365603538806,114.6037368774414,236.91314697265625,0.0,-179.96519470214844
cross_town,Town02,mixed,11,97,190.83365640791706,112.6037368774414,236.91192626953125,0.0,-179.96519470214844
cross_town,Town02,mixed,11,98,192.83365677119104,110.6037368774414,236.9107208251953,0.0,-179.96519470214844
cross_town,Town02,mixed,11,99,194.83365714372005,108.6037368774414,236.9095001220703,0.0,-179.96519470214844
cross_town,Town02,mixed,11,100,196.83365750699403,106.6037368774414,236.90829467773438,0.0,-179.96519470214844
cross_town,Town02,mixed,11,101,198.83365787952303,104.6037368774414,236.90707397460938,0.0,-179.96519470214844
cross_town,Town02,mixed,11,102,200.83365825205203,102.6037368774414,236.90585327148438,0.0,-179.96519470214844
cross_town,Town02,mixed,11,103,202.83365861532602,100.6037368774414,236.90464782714844,0.0,-179.96519470214844
cross_town,Town02,mixed,11,104,204.83365898785502,98.6037368774414,236.90342712402344,0.0,-179.96519470214844
cross_town,Town02,mixed,11,105,206.833659351129,96.6037368774414,236.9022216796875,0.0,-179.96519470214844
cross_town,Town02,mixed,11,106,208.833659723658,94.6037368774414,236.9010009765625,0.0,-179.96519470214844
cross_town,Town02,mixed,11,107,210.83366008693199,92.6037368774414,236.89979553222656,0.0,-179.96519470214844
cross_town,Town02,mixed,11,108,212.833660459461,90.6037368774414,236.89857482910156,0.0,-179.96519470214844
cross_town,Town02,mixed,11,109,214.83366083199,88.6037368774414,236.89735412597656,0.0,-179.96519470214844
cross_town,Town02,mixed,11,110,216.83366119526397,86.6037368774414,236.89614868164062,0.0,-179.96519470214844
cross_town,Town02,mixed,11,111,218.83366156779297,84.6037368774414,236.89492797851562,0.0,-179.96519470214844
cross_town,Town02,mixed,11,112,220.83366193106696,82.6037368774414,236.8937225341797,0.0,-179.96519470214844
cross_town,Town02,mixed,11,113,222.83366230359596,80.6037368774414,236.8925018310547,0.0,-179.96519470214844
cross_town,Town02,mixed,11,114,224.83366267612496,78.6037368774414,236.8912811279297,0.0,-179.96519470214844
cross_town,Town02,mixed,11,115,226.83366303939894,76.6037368774414,236.89007568359375,0.0,-179.96519470214844
cross_town,Town02,mixed,11,116,228.83366341192794,74.6037368774414,236.88885498046875,0.0,-179.96519470214844
cross_town,Town02,mixed,11,117,230.83366377520193,72.6037368774414,236.8876495361328,0.0,-179.96519470214844
cross_town,Town02,mixed,11,118,232.83366414773093,70.6037368774414,236.8864288330078,0.0,-179.96519470214844
cross_town,Town02,mixed,11,119,234.83366452025993,68.6037368774414,236.8852081298828,0.0,-179.96519470214844
cross_town,Town02,mixed,11,120,236.8336648835339,66.6037368774414,236.88400268554688,0.0,-179.96519470214844
cross_town,Town02,mixed,11,121,238.8336576266698,64.60374450683594,236.88278198242188,0.0,-179.96519470214844
cross_town,Town02,mixed,11,122,240.8336579899438,62.60374450683594,236.88157653808594,0.0,-179.96519470214844
cross_town,Town02,mixed,11,123,242.8336583624728,60.60374450683594,236.88035583496094,0.0,-179.96519470214844
cross_town,Town02,mixed,11,124,244.83365872574677,58.60374450683594,236.879150390625,0.0,-179.96519470214844
cross_town,Town02,mixed,11,125,246.83365909827577,56.60374450683594,236.8779296875,0.0,-179.96519470214844
cross_town,Town02,mixed,11,126,248.83365947080478,54.60374450683594,236.876708984375,0.0,-539.9651489257812
cross_town,Town02,mixed,11,127,250.83365601938218,52.6037483215332,236.87550354003906,0.0,-539.9651489257812
cross_town,Town02,mixed,11,128,252.83366020660773,50.60374450683594,236.87428283691406,0.0,-539.9651489257812
cross_town,Town02,mixed,11,129,254.33543902813855,49.1069450378418,236.75209045410156,0.0,-165.83790588378906
cross_town,Town02,mixed,11,130,255.66374642554896,47.890621185302734,236.21827697753906,0.0,-146.77146911621094
cross_town,Town02,mixed,11,131,257.01213064764875,46.9012336730957,235.3021697998047,0.0,-128.27821350097656
cross_town,Town02,mixed,11,132,258.42510266978377,46.196006774902344,234.07777404785156,0.0,-111.6041030883789
cross_town,Town02,mixed,11,133,259.83805753652797,45.87174606323242,232.70252990722656,0.0,-94.93000030517578
cross_town,Town02,mixed,11,134,261.66595221726584,45.85359573364258,230.87472534179688,0.0,-450.00494384765625
cross_town,Town02,mixed,11,135,263.66595222463275,45.853424072265625,228.87472534179688,0.0,-450.00494384765625
cross_town,Town02,mixed,11,136,265.66595223199965,45.85325241088867,226.87472534179688,0.0,-90.00496673583984
cross_town,Town02,mixed,11,137,267.6659522396976,45.85307693481445,224.87472534179688,0.0,-90.00496673583984
cross_town,Town02,mixed,11,138,269.6659522470645,45.8529052734375,222.87472534179688,0.0,-90.00496673583984
cross_town,Town02,mixed,11,139,271.6659522547625,45.85272979736328,220.87472534179688,0.0,-90.00496673583984
cross_town,Town02,mixed,11,140,273.6659522621294,45.85255813598633,218.87472534179688,0.0,-90.00496673583984
cross_town,Town02,mixed,11,141,275.66595226982736,45.85238265991211,216.87472534179688,0.0,-90.00496673583984
cross_town,Town02,mixed,11,142,277.6659522775253,45.85220718383789,214.87472534179688,0.0,-90.00496673583984
cross_town,Town02,mixed,11,143,279.6659522848922,45.85203552246094,212.87472534179688,0.0,-90.00496673583984
cross_town,Town02,mixed,11,144,281.6659522925902,45.85186004638672,210.87472534179688,0.0,-90.00496673583984
cross_town,Town02,mixed,11,145,283.6659522999571,45.851688385009766,208.87472534179688,0.0,-90.00496673583984
cross_town,Town02,mixed,11,146,285.66595230765506,45.85151290893555,206.87472534179688,0.0,-90.00496673583984
cross_town,Town02,mixed,11,147,287.66595231502197,45.851341247558594,204.87472534179688,0.0,-90.00496673583984
cross_town,Town02,mixed,11,148,289.66595232271993,45.851165771484375,202.87472534179688,0.0,-90.00496673583984
cross_town,Town02,mixed,11,149,291.66595233008684,45.85099411010742,200.87472534179688,0.0,-90.00496673583984
cross_town,Town02,mixed,11,150,293.6659523377848,45.8508186340332,198.87472534179688,0.0,-450.00494384765625
cross_town,Town02,mixed,11,151,295.87193926592676,45.79133987426758,196.66954040527344,0.0,-95.94182586669922
cross_town,Town02,mixed,11,152,298.308751796399,45.273475646972656,194.28839111328125,0.0,-108.5977783203125
cross_town,Town02,mixed,11,153,300.7455674818113,44.246498107910156,192.07855224609375,0.0,-121.25371551513672
cross_town,Town02,mixed,11,154,303.23267619051654,42.717315673828125,190.11709594726562,0.0,-135.3848876953125
cross_town,Town02,mixed,11,155,305.80805365637315,40.640201568603516,188.59454345703125,0.0,-152.13133239746094
cross_town,Town02,mixed,11,156,308.3834233563494,38.21248245239258,187.7350616455078,0.0,-168.87777709960938
cross_town,Town02,mixed,11,157,310.7661137116036,35.835609436035156,187.56866455078125,0.0,-179.97372436523438
cross_town,Town02,mixed,11,158,312.7661139211512,33.835609436035156,187.5677490234375,0.0,180.02626037597656
cross_town,Town02,mixed,11,159,314.7661122233503,31.83561134338379,187.56683349609375,0.0,180.02626037597656
cross_town,Town02,mixed,11,160,316.7661124328979,29.83561134338379,187.56591796875,0.0,180.02626037597656
cross_town,Town02,mixed,11,161,318.7661126424455,27.83561134338379,187.56500244140625,0.0,180.02626037597656
cross_town,Town02,mixed,11,162,320.76611285199306,25.83561134338379,187.5640869140625,0.0,180.02626037597656
cross_town,Town02,mixed,11,163,322.76611306154064,23.83561134338379,187.56317138671875,0.0,180.02626037597656
cross_town,Town02,mixed,11,164,324.7661132710882,21.83561134338379,187.562255859375,0.0,180.02626037597656
cross_town,Town02,mixed,11,165,326.76611157328733,19.835613250732422,187.56134033203125,0.0,180.02626037597656
cross_town,Town02,mixed,11,166,328.7661136901833,17.83561134338379,187.5604248046875,0.0,180.02626037597656
cross_town,Town02,mixed,11,167,330.7661138997309,15.835611343383789,187.55950927734375,0.0,180.02626037597656
cross_town,Town02,mixed,11,168,332.7661141163216,13.835611343383789,187.55857849121094,0.0,180.02626037597656
cross_town,Town02,mixed,11,169,334.7661143258692,11.835611343383789,187.5576629638672,0.0,180.02626037597656
cross_town,Town02,mixed,11,170,336.76611453541676,9.835611343383789,187.55674743652344,0.0,180.02626037597656
cross_town,Town02,mixed,11,171,338.766113314453,7.835612773895264,187.5558319091797,0.0,180.02626037597656
cross_town,Town02,mixed,11,172,340.76611352400056,5.835612773895264,187.55491638183594,0.0,180.02626037597656
cross_town,Town02,mixed,11,173,342.76611397196666,3.8356125354766846,187.5540008544922,0.0,180.02626037597656
cross_town,Town02,mixed,11,174,344.76611334704927,1.8356133699417114,187.55308532714844,0.0,-179.97369384765625
cross_town,Town02,mixed,11,175,346.473716616833,0.12880349159240723,187.50103759765625,0.0,-171.64630126953125
cross_town,Town02,mixed,11,176,347.88571344976884,-1.2236084938049316,187.09518432617188,0.0,-154.94482421875
cross_town,Town02,mixed,11,177,349.2764799709806,-2.3856687545776367,186.33108520507812,0.0,-137.63339233398438
cross_town,Town02,mixed,11,178,350.5113528304129,-3.1250417232513428,185.34202575683594,0.0,-115.92660522460938
cross_town,Town02,mixed,11,179,351.74623698947096,-3.446173667907715,184.14962768554688,0.0,-94.21975708007812
cross_town,Town02,mixed,11,180,353.59944002138843,-3.4554266929626465,182.29644775390625,0.0,-90.01290893554688
cross_town,Town02,mixed,11,181,355.5994400723661,-3.455878257751465,180.29644775390625,0.0,-90.01293182373047
cross_town,Town02,mixed,11,182,357.5994401233438,-3.456329822540283,178.29644775390625,0.0,-90.01293182373047
cross_town,Town02,mixed,11,183,359.5994401743215,-3.4567813873291016,176.29644775390625,0.0,-90.01293182373047
cross_town,Town02,mixed,11,184,361.5994402252992,-3.45723295211792,174.29644775390625,0.0,-90.01293182373047
cross_town,Town02,mixed,11,185,363.5994402762769,-3.4576845169067383,172.29644775390625,0.0,-90.01293182373047
cross_town,Town02,mixed,11,186,365.59944032725457,-3.4581360816955566,170.29644775390625,0.0,-90.01293182373047
cross_town,Town02,mixed,11,187,367.59944037823226,-3.458587646484375,168.29644775390625,0.0,-90.01293182373047
cross_town,Town02,mixed,11,188,369.59944042920995,-3.4590392112731934,166.29644775390625,0.0,-90.01293182373047
cross_town,Town02,mixed,11,189,371.59944048018764,-3.4594907760620117,164.29644775390625,0.0,-90.01293182373047
cross_town,Town02,mixed,11,190,373.5979909204961,-3.459808588027954,162.2978973388672,0.0,270.0284729003906
cross_town,Town02,mixed,11,191,375.59446961001095,-3.4560863971710205,160.30142211914062,0.0,-89.87117767333984
cross_town,Town02,mixed,11,192,377.5944746647999,-3.451589822769165,158.30142211914062,0.0,-89.87117767333984
cross_town,Town02,mixed,11,193,379.5944797195889,-3.4470932483673096,156.30142211914062,0.0,-89.87117767333984
cross_town,Town02,mixed,11,194,381.5944695145553,-3.4425971508026123,154.3014373779297,0.0,-89.87117767333984
cross_town,Town02,mixed,11,195,383.5944745693443,-3.438100576400757,152.3014373779297,0.0,-89.87117767333984
cross_town,Town02,mixed,11,196,385.59447962306126,-3.4336044788360596,150.3014373779297,0.0,-89.87117767333984
cross_town,Town02,mixed,11,197,387.59448467785023,-3.429107904434204,148.3014373779297,0.0,-89.87117767333984
cross_town,Town02,mixed,11,198,389.5944744738887,-3.4246113300323486,146.30145263671875,0.0,-89.87117767333984
cross_town,Town02,mixed,11,199,391.59447952760564,-3.4201152324676514,144.30145263671875,0.0,-89.87117767333984
cross_town,Town02,mixed,11,200,393.5944693236441,-3.415618658065796,142.3014678955078,0.0,-89.87117767333984
cross_town,Town02,mixed,11,201,395.59447437843306,-3.4111220836639404,140.3014678955078,0.0,-89.87117767333984
cross_town,Town02,mixed,11,202,397.59447943215,-3.406625986099243,138.3014678955078,0.0,-89.87117767333984
cross_town,Town02,mixed,11,203,399.594484486939,-3.4021294116973877,136.3014678955078,0.0,-89.87117767333984
cross_town,Town02,mixed,11,204,401.59447428297744,-3.3976328372955322,134.30148315429688,0.0,-89.87117767333984
cross_town,Town02,mixed,11,205,403.5944793366944,-3.393136739730835,132.30148315429688,0.0,-89.87117767333984
cross_town,Town02,mixed,11,206,405.59446913273285,-3.3886401653289795,130.30149841308594,0.0,-89.87117767333984
cross_town,Town02,mixed,11,207,407.5944741875218,-3.384143590927124,128.30149841308594,0.0,-89.87117767333984
cross_town,Town02,mixed,11,208,409.59448687061405,-3.3796474933624268,126.3014907836914,0.0,-89.87117767333984
cross_town,Town02,mixed,11,209,411.59448429602776,-3.3751509189605713,124.30149841308594,0.0,-89.87117767333984
cross_town,Town02,mixed,11,210,413.59448172144147,-3.370654344558716,122.30150604248047,0.0,-89.87117767333984
cross_town,Town02,mixed,11,211,415.59448677515843,-3.3661582469940186,120.30150604248047,0.0,-89.87117767333984
cross_town,Town02,mixed,11,212,417.59448420057214,-3.361661672592163,118.301513671875,0.0,-89.87117767333984
cross_town,Town02,mixed,11,213,419.53130423878974,-3.354215621948242,116.36470794677734,0.0,-88.06232452392578
cross_town,Town02,mixed,11,214,421.03993153723525,-3.1202316284179688,114.87433624267578,0.0,-74.09275817871094
cross_town,Town02,mixed,11,215,422.54856027054336,-2.533381938934326,113.48452758789062,0.0,-60.12319564819336
cross_town,Town02,mixed,11,216,424.05719208854106,-1.6283807754516602,112.2774887084961,0.0,-46.15363693237305
cross_town,Town02,mixed,11,217,425.69367630251156,-0.36889731884002686,111.23260498046875,0.0,-35.80936050415039
cross_town,Town02,mixed,11,218,427.3244635862536,1.0354654788970947,110.40361022949219,0.0,-25.29793930053711
cross_town,Town02,mixed,11,219,428.9552559585187,2.567498207092285,109.84471893310547,0.0,-14.786517143249512
cross_town,Town02,mixed,11,220,430.58604900057975,4.175780296325684,109.57469177246094,0.0,-4.275094509124756
cross_town,Town02,mixed,11,221,432.4440275325319,6.033530235290527,109.54554748535156,0.0,359.79315185546875
cross_town,Town02,mixed,11,222,434.44402529654155,8.033514976501465,109.538330078125,0.0,359.79315185546875
cross_town,Town02,mixed,11,223,436.44402687522364,10.033503532409668,109.53111267089844,0.0,359.79315185546875
cross_town,Town02,mixed,11,224,438.4440284814525,12.033492088317871,109.52388763427734,0.0,359.79315185546875
cross_town,Town02,mixed,11,225,440.44402624546217,14.033476829528809,109.51667022705078,0.0,359.79315185546875
cross_town,Town02,mixed,11,226,442.44402687047614,16.033464431762695,109.50945281982422,0.0,359.79315185546875
cross_town,Town02,mixed,11,227,444.4440265693688,18.033451080322266,109.50222778320312,0.0,359.79315185546875
cross_town,Town02,mixed,11,228,446.4440262407147,20.033437728881836,109.49501037597656,0.0,359.79315185546875
cross_town,Town02,mixed,11,229,448.4440259120606,22.033424377441406,109.48779296875,0.0,359.79315185546875
cross_town,Town02,mixed,11,230,450.4440256109533,24.033411026000977,109.4805679321289,0.0,359.79315185546875
cross_town,Town02,mixed,11,231,452.4440252822992,26.033397674560547,109.47335052490234,0.0,359.79315185546875
cross_town,Town02,mixed,11,232,454.4440249536451,28.033384323120117,109.46613311767578,0.0,359.79315185546875
cross_town,Town02,mixed,11,233,456.444026559874,30.03337287902832,109.45890808105469,0.0,359.79315185546875
cross_town,Town02,mixed,11,234,458.4440262312199,32.03335952758789,109.45169067382812,0.0,359.79315185546875
cross_town,Town02,mixed,11,235,460.44402780990197,34.033348083496094,109.44447326660156,0.0,359.79315185546875
cross_town,Town02,mixed,11,236,462.44402941613083,36.0333366394043,109.43724822998047,0.0,359.79315185546875
cross_town,Town02,mixed,11,237,464.4440271801405,38.033321380615234,109.4300308227539,0.0,359.79315185546875
cross_town,Town02,mixed,11,238,466.44402878636936,40.03330993652344,109.42280578613281,0.0,359.79315185546875
cross_town,Town02,mixed,11,239,468.444026550379,42.033294677734375,109.41558837890625,0.0,359.79315185546875
cross_town,Town02,mixed,11,240,470.4440281290611,44.03328323364258,109.40837097167969,0.0,359.79315185546875
cross_town,Town02,mixed,11,241,472.4440259206176,46.033267974853516,109.4011459350586,0.0,359.79315185546875
cross_town,Town02,mixed,11,242,474.4440274992997,48.03325653076172,109.39392852783203,0.0,359.79315185546875
cross_town,Town02,mixed,11,243,476.4361108765702,50.02533721923828,109.39065551757812,0.0,0.0198974609375
cross_town,Town02,mixed,11,244,478.4354437402183,52.0246696472168,109.39197540283203,0.0,0.038970947265625
cross_town,Town02,mixed,11,245,480.4354442064762,54.0246696472168,109.39334106445312,0.0,0.038970947265625
cross_town,Town02,mixed,11,246,482.435444667539,56.0246696472168,109.39469909667969,0.0,0.038970947265625
cross_town,Town02,mixed,11,247,484.4354451286018,58.0246696472168,109.39605712890625,0.0,0.038970947265625
cross_town,Town02,mixed,11,248,486.4354455948597,60.0246696472168,109.39742279052734,0.0,0.038970947265625
cross_town,Town02,mixed,11,249,488.4354460559225,62.0246696472168,109.3987808227539,0.0,0.038970947265625
cross_town,Town02,mixed,11,250,490.43545033168175,64.02467346191406,109.40013885498047,0.0,0.038970947265625
cross_town,Town02,mixed,11,251,492.4354507927446,66.02467346191406,109.40149688720703,0.0,0.038970947265625
cross_town,Town02,mixed,11,252,494.43545125900243,68.02467346191406,109.40286254882812,0.0,0.038970947265625
cross_town,Town02,mixed,11,253,496.43545172006526,70.02467346191406,109.40422058105469,0.0,0.038970947265625
cross_town,Town02,mixed,11,254,498.4354521811281,72.02467346191406,109.40557861328125,0.0,0.038970947265625
cross_town,Town02,mixed,11,255,500.43545264738594,74.02467346191406,109.40694427490234,0.0,0.038970947265625
cross_town,Town02,mixed,12,0,0.0,-7.443727970123291,234.1099395751953,0.0,89.98706817626953
cross_town,Town02,mixed,12,1,2.000000050977689,-7.443276405334473,236.1099395751953,0.0,89.98706817626953
cross_town,Town02,mixed,12,2,4.000000101955378,-7.442824840545654,238.1099395751953,0.0,89.98706817626953
cross_town,Town02,mixed,12,3,6.000000152933067,-7.442373275756836,240.1099395751953,0.0,89.98706817626953
cross_town,Town02,mixed,12,4,8.000000203910757,-7.441921710968018,242.1099395751953,0.0,89.98706817626953
cross_town,Town02,mixed,12,5,10.000000254996165,-7.441469669342041,244.1099395751953,0.0,89.98706817626953
cross_town,Town02,mixed,12,6,12.000000305973854,-7.441018104553223,246.1099395751953,0.0,89.98706817626953
cross_town,Town02,mixed,12,7,14.000000356951544,-7.440566539764404,248.1099395751953,0.0,89.98706817626953
cross_town,Town02,mixed,12,8,16.00000040792923,-7.440114974975586,250.1099395751953,0.0,89.98706817626953
cross_town,Town02,mixed,12,9,18.00271801088755,-7.4376325607299805,252.11265563964844,0.0,89.90901947021484
cross_town,Town02,mixed,12,10,20.0027052741973,-7.4344563484191895,254.11264038085938,0.0,89.90901947021484
cross_town,Town02,mixed,12,11,22.00270779627687,-7.431280136108398,256.1126403808594,0.0,89.90901947021484
cross_town,Town02,mixed,12,12,24.00271031759923,-7.428104400634766,258.1126403808594,0.0,89.90901947021484
cross_town,Town02,mixed,12,13,26.0027128396788,-7.424928188323975,260.1126403808594,0.0,89.90901947021484
cross_town,Town02,mixed,12,14,28.00271536175837,-7.421751976013184,262.1126403808594,0.0,89.90901947021484
cross_town,Town02,mixed,12,15,30.00271788308073,-7.418576240539551,264.1126403808594,0.0,89.90901947021484
cross_town,Town02,mixed,12,16,32.002720405160304,-7.41540002822876,266.1126403808594,0.0,89.90901947021484
cross_town,Town02,mixed,12,17,34.00272292723987,-7.412223815917969,268.1126403808594,0.0,89.90901947021484
cross_town,Town02,mixed,12,18,36.00272544856223,-7.409048080444336,270.1126403808594,0.0,89.90901947021484
cross_town,Town02,mixed,12,19,38.00269745310216,-7.405871868133545,272.11260986328125,0.0,89.90901947021484
cross_town,Town02,mixed,12,20,40.00269997518173,-7.402695655822754,274.11260986328125,0.0,89.90901947021484
cross_town,Town02,mixed,12,21,42.002702496504085,-7.399519920349121,276.11260986328125,0.0,89.90901947021484
cross_town,Town02,mixed,12,22,44.002705018583654,-7.39634370803833,278.11260986328125,0.0,89.90901947021484
cross_town,Town02,mixed,12,23,46.00270754066322,-7.393167495727539,280.11260986328125,0.0,89.90901947021484
cross_town,Town02,mixed,12,24,48.00271006198558,-7.389991760253906,282.11260986328125,0.0,89.90901947021484
cross_town,Town02,mixed,12,25,50.00271258406515,-7.386815547943115,284.11260986328125,0.0,89.90901947021484
cross_town,Town02,mixed,12,26,52.00271510614472,-7.383639335632324,286.11260986328125,0.0,89.90901947021484
cross_town,Town02,mixed,12,27,54.00271762746708,-7.380463600158691,288.11260986328125,0.0,89.90901947021484
cross_town,Town02,mixed,12,28,56.00272014954665,-7.3772873878479,290.11260986328125,0.0,89.90901947021484
cross_town,Town02,mixed,12,29,58.002722671626216,-7.374111175537109,292.11260986328125,0.0,89.90901947021484
cross_town,Town02,mixed,12,30,60.002725192948574,-7.370935440063477,294.11260986328125,0.0,89.90901947021484
cross_town,Town02,mixed,12,31,62.00306340872147,-7.367758750915527,296.1129455566406,0.0,89.90901947021484
cross_town,Town02,mixed,12,32,64.41341730547626,-7.159109115600586,298.5142517089844,0.0,437.9951171875
cross_town,Town02,mixed,12,33,66.93863925621487,-6.310569763183594,300.89263916015625,0.0,422.7347717285156
cross_town,Town02,mixed,12,34,69.463844205639,-4.865949630737305,302.96380615234375,0.0,407.47442626953125
cross_town,Town02,mixed,12,35,71.93092395738344,-2.985673189163208,304.5610046386719,0.0,393.9271240234375
cross_town,Town02,mixed,12,36,74.33714790611427,-0.8620538711547852,305.69244384765625,0.0,382.168701171875
cross_town,Town02,mixed,12,37,76.74336797229991,1.4475713968276978,306.36737060546875,0.0,370.4102783203125
cross_town,Town02,mixed,12,38,79.10431194337623,3.8005990982055664,306.560546875,0.0,359.9609375
cross_town,Town02,mixed,12,39,81.10431191729926,5.800598621368408,306.5592041015625,0.0,-0.039054833352565765
cross_town,Town02,mixed,12,40,83.10431238878125,7.800598621368408,306.5578308105469,0.0,-0.039054833352565765
cross_town,Town02,mixed,12,41,85.10431142975212,9.800597190856934,306.55645751953125,0.0,-0.039054833352565765
cross_town,Town02,mixed,12,42,87.10431188051218,11.800597190856934,306.55511474609375,0.0,-0.039054833352565765
cross_town,Town02,mixed,12,43,89.10431139832009,13.800596237182617,306.5537414550781,0.0,-0.039054833352565765
cross_town,Town02,mixed,12,44,91.10431186980209,15.800596237182617,306.5523681640625,0.0,-0.039054833352565765
cross_town,Town02,mixed,12,45,93.10431232056216,17.800596237182617,306.551025390625,0.0,-0.039054833352565765
cross_town,Town02,mixed,12,46,95.10431279204415,19.800596237182617,306.5496520996094,0.0,-0.039054833352565765
cross_town,Town02,mixed,12,47,97.10431326352615,21.800596237182617,306.54827880859375,0.0,-0.039054833352565765
cross_town,Town02,mixed,12,48,99.10431371428622,23.800596237182617,306.54693603515625,0.0,-0.039054833352565765
cross_town,Town02,mixed,12,49,101.10431418576822,25.800596237182617,306.5455627441406,0.0,-0.039054833352565765
cross_town,Town02,mixed,12,50,103.10431084255384,27.80059242248535,306.544189453125,0.0,-0.039054833352565765
cross_town,Town02,mixed,12,51,105.10431129331391,29.80059242248535,306.5428466796875,0.0,-0.039054833352565765
cross_town,Town02,mixed,12,52,107.10431176479591,31.80059242248535,306.5414733886719,0.0,-0.039054833352565765
cross_town,Town02,mixed,12,53,109.10431032892973,33.80059051513672,306.54010009765625,0.0,-0.039054833352565765
cross_town,Town02,mixed,12,54,111.1043107796898,35.80059051513672,306.53875732421875,0.0,-360.0390319824219
cross_town,Town02,mixed,12,55,113.10431127235938,37.80059051513672,306.537353515625,0.0,-360.0390319824219
cross_town,Town02,mixed,12,56,115.69660179174197,40.37151336669922,306.2052001953125,0.0,-17.35794448852539
cross_town,Town02,mixed,12,57,118.43662790349406,42.78647232055664,304.91070556640625,0.0,-39.02809524536133
cross_town,Town02,mixed,12,58,121.05467229954547,44.521705627441406,302.9503173828125,0.0,-57.024658203125
cross_town,Town02,mixed,12,59,123.6781505484424,45.58402633666992,300.5515441894531,0.0,-75.20183563232422
cross_town,Town02,mixed,12,60,126.18651051386827,45.85943603515625,298.058349609375,0.0,-450.00494384765625
cross_town,Town02,mixed,12,61,128.18651052156622,45.85926055908203,296.058349609375,0.0,-450.00494384765625
cross_town,Town02,mixed,12,62,130.18651052926418,45.85908508300781,294.058349609375,0.0,-90.00496673583984
cross_town,Town02,mixed,12,63,132.18651053696215,45.858909606933594,292.058349609375,0.0,-90.00496673583984
cross_town,Town02,mixed,12,64,134.18651054432905,45.85873794555664,290.058349609375,0.0,-90.00496673583984
cross_town,Town02,mixed,12,65,136.18651055202702,45.85856246948242,288.058349609375,0.0,-90.00496673583984
cross_town,Town02,mixed,12,66,138.18651055939392,45.85839080810547,286.058349609375,0.0,-90.00496673583984
cross_town,Town02,mixed,12,67,140.1865105670919,45.85821533203125,284.058349609375,0.0,-90.00496673583984
cross_town,Town02,mixed,12,68,142.18651057478985,45.85803985595703,282.058349609375,0.0,-90.00496673583984
cross_town,Town02,mixed,12,69,144.18651058215676,45.85786819458008,280.058349609375,0.0,-90.00496673583984
cross_town,Town02,mixed,12,70,146.18651058985472,45.85769271850586,278.058349609375,0.0,-90.00496673583984
cross_town,Town02,mixed,12,71,148.18651059722163,45.857521057128906,276.058349609375,0.0,-90.00496673583984
cross_town,Town02,mixed,12,72,150.1865106049196,45.85734558105469,274.058349609375,0.0,-90.00496673583984
cross_town,Town02,mixed,12,73,152.1865106122865,45.857173919677734,272.058349609375,0.0,-90.00496673583984
cross_town,Town02,mixed,12,74,154.18651061998446,45.856998443603516,270.058349609375,0.0,-90.00496673583984
cross_town,Town02,mixed,12,75,156.18651062735137,45.85682678222656,268.058349609375,0.0,-90.00496673583984
cross_town,Town02,mixed,12,76,158.18651063504933,45.856651306152344,266.058349609375,0.0,-90.00496673583984
cross_town,Town02,mixed,12,77,160.18651064241624,45.85647964477539,264.058349609375,0.0,-90.00496673583984
cross_town,Town02,mixed,12,78,162.1865106501142,45.85630416870117,262.058349609375,0.0,-90.00496673583984
cross_town,Town02,mixed,12,79,164.1865106574811,45.85613250732422,260.058349609375,0.0,-90.00496673583984
cross_town,Town02,mixed,12,80,166.18651066517907,45.85595703125,258.058349609375,0.0,-90.00496673583984
cross_town,Town02,mixed,12,81,168.18651067254598,45.85578536987305,256.058349609375,0.0,-90.00496673583984
cross_town,Town02,mixed,12,82,170.18651068024394,45.85560989379883,254.058349609375,0.0,-90.00496673583984
cross_town,Town02,mixed,12,83,172.1865106879419,45.85543441772461,252.058349609375,0.0,-90.00496673583984
cross_town,Town02,mixed,12,84,174.1865106953088,45.855262756347656,250.058349609375,0.0,-90.00496673583984
cross_town,Town02,mixed,12,85,176.18651070300677,45.85508728027344,248.058349609375,0.0,-90.00496673583984
cross_town,Town02,mixed,12,86,178.18649545158468,45.854915618896484,246.05836486816406,0.0,-90.00496673583984
cross_town,Town02,mixed,12,87,180.18649545895158,45.85474395751953,244.05836486816406,0.0,-90.00496673583984
cross_town,Town02,mixed,12,88,182.18649546664955,45.85456848144531,242.05836486816406,0.0,-90.00496673583984
cross_town,Town02,mixed,12,89,184.1864954743475,45.854393005371094,240.05836486816406,0.0,-90.00496673583984
cross_town,Town02,mixed,12,90,186.18649548171442,45.85422134399414,238.05836486816406,0.0,-90.00496673583984
cross_town,Town02,mixed,12,91,188.18649548941238,45.85404586791992,236.05836486816406,0.0,-90.00496673583984
cross_town,Town02,mixed,12,92,190.1864954967793,45.85387420654297,234.05836486816406,0.0,-90.00496673583984
cross_town,Town02,mixed,12,93,192.18649550447725,45.85369873046875,232.05836486816406,0.0,-90.00496673583984
cross_town,Town02,mixed,12,94,194.18649551184416,45.8535270690918,230.05836486816406,0.0,-90.00496673583984
cross_town,Town02,mixed,12,95,196.18649551954212,45.85335159301758,228.05836486816406,0.0,-90.00496673583984
cross_town,Town02,mixed,12,96,198.18648026812002,45.853179931640625,226.05838012695312,0.0,-90.00496673583984
cross_town,Town02,mixed,12,97,200.18648027548693,45.85300827026367,224.05838012695312,0.0,-90.00496673583984
cross_town,Town02,mixed,12,98,202.1864802831849,45.85283279418945,222.05838012695312,0.0,-90.00496673583984
cross_town,Town02,mixed,12,99,204.1864802905518,45.8526611328125,220.05838012695312,0.0,-90.00496673583984
cross_town,Town02,mixed,12,100,206.18648029824976,45.85248565673828,218.05838012695312,0.0,-90.00496673583984
cross_town,Town02,mixed,12,101,208.18648030594773,45.85231018066406,216.05838012695312,0.0,-90.00496673583984
cross_town,Town02,mixed,12,102,210.18648031331463,45.85213851928711,214.05838012695312,0.0,-90.00496673583984
cross_town,Town02,mixed,12,103,212.1864803210126,45.85196304321289,212.05838012695312,0.0,-90.00496673583984
cross_town,Town02,mixed,12,104,214.1864803283795,45.85179138183594,210.05838012695312,0.0,-90.00496673583984
cross_town,Town02,mixed,12,105,216.18648033607747,45.85161590576172,208.05838012695312,0.0,-90.00496673583984
cross_town,Town02,mixed,12,106,218.18648034344437,45.851444244384766,206.05838012695312,0.0,-90.00496673583984
cross_town,Town02,mixed,12,107,220.18648035114234,45.85126876831055,204.05838012695312,0.0,-90.00496673583984
cross_town,Town02,mixed,12,108,222.18648035850924,45.851097106933594,202.05838012695312,0.0,-90.00496673583984
cross_town,Town02,mixed,12,109,224.1864803662072,45.850921630859375,200.05838012695312,0.0,-90.00496673583984
cross_town,Town02,mixed,12,110,226.18649563269418,45.850746154785156,198.05836486816406,0.0,-450.00494384765625
cross_town,Town02,mixed,12,111,228.56967235722354,45.64364242553711,195.6842041015625,0.0,-101.1076889038086
cross_town,Town02,mixed,12,112,231.00647720422776,44.91349411010742,193.35935974121094,0.0,-113.76364135742188
cross_town,Town02,mixed,12,113,233.44329826843656,43.69171142578125,191.25096130371094,0.0,-126.4195785522461
cross_town,Town02,mixed,12,114,235.98643981288882,41.92398452758789,189.4226531982422,0.0,-142.22039794921875
cross_town,Town02,mixed,12,115,238.56181090250868,39.68042755126953,188.15814208984375,0.0,-158.9668426513672
cross_town,Town02,mixed,12,116,241.13718204338912,37.167667388916016,187.59371948242188,0.0,-175.71328735351562
cross_town,Town02,mixed,12,117,243.28574341409572,35.019256591796875,187.5682830810547,0.0,-179.97372436523438
cross_town,Town02,mixed,12,118,245.2857436167166,33.019256591796875,187.5673828125,0.0,180.02626037597656
cross_town,Town02,mixed,12,119,247.28574191891573,31.019258499145508,187.56646728515625,0.0,180.02626037597656
cross_town,Town02,mixed,12,120,249.2857421284633,29.019258499145508,187.5655517578125,0.0,180.02626037597656
cross_town,Town02,mixed,12,121,251.28574234505402,27.019258499145508,187.5646209716797,0.0,180.02626037597656
cross_town,Town02,mixed,12,122,253.2857425546016,25.019258499145508,187.56370544433594,0.0,180.02626037597656
cross_town,Town02,mixed,12,123,255.28574276414918,23.019258499145508,187.5627899169922,0.0,180.02626037597656
cross_town,Town02,mixed,12,124,257.28574297369676,21.019258499145508,187.56187438964844,0.0,180.02626037597656
cross_town,Town02,mixed,12,125,259.28574318324434,19.019258499145508,187.5609588623047,0.0,180.02626037597656
cross_town,Town02,mixed,12,126,261.2857433927919,17.019258499145508,187.56004333496094,0.0,180.02626037597656
cross_town,Town02,mixed,12,127,263.2857445560137,15.019257545471191,187.5591278076172,0.0,180.02626037597656
cross_town,Town02,mixed,12,128,265.2857447655613,13.019257545471191,187.55821228027344,0.0,180.02626037597656
cross_town,Town02,mixed,12,129,267.28574402143465,11.019258499145508,187.5572967529297,0.0,180.02626037597656
cross_town,Town02,mixed,12,130,269.28574423098223,9.019258499145508,187.55638122558594,0.0,180.02626037597656
cross_town,Town02,mixed,12,131,271.2857439636927,7.019258975982666,187.5554656982422,0.0,180.02626037597656
cross_town,Town02,mixed,12,132,273.2857436964032,5.019259452819824,187.55455017089844,0.0,180.02626037597656
cross_town,Town02,mixed,12,133,275.28574342911367,3.0192599296569824,187.5536346435547,0.0,-179.97369384765625
cross_town,Town02,mixed,12,134,277.28574351945196,1.019260048866272,187.55271911621094,0.0,-179.97369384765625
cross_town,Town02,mixed,12,135,278.7519432962517,-0.4371080994606018,187.38320922851562,0.0,-164.82916259765625
cross_town,Town02,mixed,12,136,280.1639420952699,-1.7317830324172974,186.81968688964844,0.0,-148.12771606445312
cross_town,Town02,mixed,12,137,281.4819935176305,-2.7324600219726562,185.9618377685547,0.0,-128.773193359375
cross_town,Town02,mixed,12,138,282.7168682557842,-3.3106706142425537,184.87069702148438,0.0,-107.06634521484375
cross_town,Town02,mixed,12,139,284.11470618733745,-3.4551587104797363,183.4803466796875,0.0,-90.01290893554688
cross_town,Town02,mixed,12,140,286.1149503790416,-3.455610752105713,181.4801025390625,0.0,-90.01290893554688
cross_town,Town02,mixed,12,141,288.1149504300193,-3.4560623168945312,179.4801025390625,0.0,-90.01293182373047
cross_town,Town02,mixed,12,142,290.114950480997,-3.4565138816833496,177.4801025390625,0.0,-90.01293182373047
cross_town,Town02,mixed,12,143,292.11495053197467,-3.456965446472168,175.4801025390625,0.0,-90.01293182373047
cross_town,Town02,mixed,12,144,294.11495058295236,-3.4574170112609863,173.4801025390625,0.0,-90.01293182373047
cross_town,Town02,mixed,12,145,296.11495063393005,-3.4578685760498047,171.4801025390625,0.0,-90.01293182373047
cross_town,Town02,mixed,12,146,298.11495068490774,-3.458320140838623,169.4801025390625,0.0,-90.01293182373047
cross_town,Town02,mixed,12,147,300.11495073588543,-3.4587717056274414,167.4801025390625,0.0,-90.01293182373047
cross_town,Town02,mixed,12,148,302.1149507868631,-3.4592232704162598,165.4801025390625,0.0,-90.01293182373047
cross_town,Town02,mixed,12,149,304.1149508378408,-3.459674835205078,163.4801025390625,0.0,-90.01293182373047
cross_town,Town02,mixed,12,150,306.11023608878946,-3.458744764328003,161.4848175048828,0.0,270.1220397949219
cross_town,Town02,mixed,12,151,308.1099969971394,-3.4542510509490967,159.4850616455078,0.0,-89.87117767333984
cross_town,Town02,mixed,12,152,310.11000205192835,-3.449754476547241,157.4850616455078,0.0,-89.87117767333984
cross_town,Town02,mixed,12,153,312.1099918468948,-3.445258378982544,155.48507690429688,0.0,-89.87117767333984
cross_town,Town02,mixed,12,154,314.10999690168376,-3.4407618045806885,153.48507690429688,0.0,-89.87117767333984
cross_town,Town02,mixed,12,155,316.11000195647273,-3.436265230178833,151.48507690429688,0.0,-89.87117767333984
cross_town,Town02,mixed,12,156,318.10999175143917,-3.4317691326141357,149.48509216308594,0.0,-89.87117767333984
cross_town,Town02,mixed,12,157,320.10999680622814,-3.4272725582122803,147.48509216308594,0.0,-89.87117767333984
cross_town,Town02,mixed,12,158,322.1100018610171,-3.422775983810425,145.48509216308594,0.0,-89.87117767333984
cross_town,Town02,mixed,12,159,324.10999165598355,-3.4182798862457275,143.485107421875,0.0,-89.87117767333984
cross_town,Town02,mixed,12,160,326.1099967107725,-3.413783311843872,141.485107421875,0.0,-89.87117767333984
cross_town,Town02,mixed,12,161,328.10998650681097,-3.4092867374420166,139.48512268066406,0.0,-89.87117767333984
cross_town,Town02,mixed,12,162,330.10999156052793,-3.4047906398773193,137.48512268066406,0.0,-89.87117767333984
cross_town,Town02,mixed,12,163,332.1099966153169,-3.400294065475464,135.48512268066406,0.0,-89.87117767333984
cross_town,Town02,mixed,12,164,334.1100016701059,-3.3957974910736084,133.48512268066406,0.0,-89.87117767333984
cross_town,Town02,mixed,12,165,336.1099914650723,-3.391301393508911,131.48513793945312,0.0,-89.87117767333984
cross_town,Town02,mixed,12,166,338.1099965198613,-3.3868048191070557,129.48513793945312,0.0,-89.87117767333984
cross_town,Town02,mixed,12,167,340.11000157465025,-3.3823082447052,127.48513793945312,0.0,-89.87117767333984
cross_town,Town02,mixed,12,168,342.10999899899195,-3.377812147140503,125.48514556884766,0.0,-89.87117767333984
cross_town,Town02,mixed,12,169,344.1100040537809,-3.3733155727386475,123.48514556884766,0.0,-89.87117767333984
cross_town,Town02,mixed,12,170,346.11000147919464,-3.368818998336792,121.48515319824219,0.0,-89.87117767333984
cross_town,Town02,mixed,12,171,348.10999890353634,-3.3643229007720947,119.48516082763672,0.0,-89.87117767333984
cross_town,Town02,mixed,12,172,350.10999632895005,-3.3598263263702393,117.48516845703125,0.0,-89.87117767333984
cross_town,Town02,mixed,12,173,351.84631069262315,-3.3027029037475586,115.74979400634766,0.0,-82.36026763916016
cross_town,Town02,mixed,12,174,353.35493572998564,-2.921799659729004,114.29004669189453,0.0,-68.39070892333984
cross_town,Town02,mixed,12,175,354.8635622357911,-2.1997694969177246,112.96542358398438,0.0,-54.421146392822266
cross_town,Town02,mixed,12,176,356.37218432279,-1.1793214082717896,111.85428619384766,0.0,-40.45158767700195
cross_town,Town02,mixed,12,177,358.0591211031625,0.18577325344085693,110.86318969726562,0.0,-31.518842697143555
cross_town,Town02,mixed,12,178,359.68991171464535,1.648221731185913,110.1415786743164,0.0,-21.00741958618164
cross_town,Town02,mixed,12,179,361.32070461349355,3.2177734375,109.69886779785156,0.0,-10.495999336242676
cross_town,Town02,mixed,12,180,362.9596134119731,4.84989070892334,109.54981994628906,0.0,359.79315185546875
cross_town,Town02,mixed,12,181,364.9596111759828,6.849875450134277,109.5426025390625,0.0,359.79315185546875
cross_town,Town02,mixed,12,182,366.9596127546649,8.84986400604248,109.53538513183594,0.0,359.79315185546875
cross_town,Town02,mixed,12,183,368.95961436089374,10.849852561950684,109.52816009521484,0.0,359.79315185546875
cross_town,Town02,mixed,12,184,370.9596121249034,12.849837303161621,109.52094268798828,0.0,359.79315185546875
cross_town,Town02,mixed,12,185,372.9596137035855,14.849825859069824,109.51372528076172,0.0,359.79315185546875
cross_town,Town02,mixed,12,186,374.95961244881005,16.849811553955078,109.50650024414062,0.0,359.79315185546875
cross_town,Town02,mixed,12,187,376.95961212015595,18.84979820251465,109.49928283691406,0.0,359.79315185546875
cross_town,Town02,mixed,12,188,378.95961179150186,20.84978485107422,109.4920654296875,0.0,359.79315185546875
cross_town,Town02,mixed,12,189,380.95961149039454,22.84977149963379,109.4848403930664,0.0,359.79315185546875
cross_town,Town02,mixed,12,190,382.95961116174044,24.84975814819336,109.47762298583984,0.0,359.79315185546875
cross_town,Town02,mixed,12,191,384.95961274042253,26.849746704101562,109.47040557861328,0.0,359.79315185546875
cross_town,Town02,mixed,12,192,386.9596124393152,28.849733352661133,109.46318054199219,0.0,359.79315185546875
cross_town,Town02,mixed,12,193,388.9596121106611,30.849720001220703,109.45596313476562,0.0,359.79315185546875
cross_town,Town02,mixed,12,194,390.9596136893432,32.849708557128906,109.44874572753906,0.0,359.79315185546875
cross_town,Town02,mixed,12,195,392.95961529557206,34.84969711303711,109.44152069091797,0.0,359.79315185546875
cross_town,Town02,mixed,12,196,394.9596130595817,36.84968185424805,109.4343032836914,0.0,359.79315185546875
cross_town,Town02,mixed,12,197,396.9596146382638,38.84967041015625,109.42708587646484,0.0,359.79315185546875
cross_town,Town02,mixed,12,198,398.9596124298203,40.84965515136719,109.41986083984375,0.0,359.79315185546875
cross_town,Town02,mixed,12,199,400.9596140085024,42.84964370727539,109.41264343261719,0.0,359.79315185546875
cross_town,Town02,mixed,12,200,402.9596155871845,44.849632263183594,109.40542602539062,0.0,359.79315185546875
cross_town,Town02,mixed,12,201,404.959613378741,46.84961700439453,109.39820098876953,0.0,359.79315185546875
cross_town,Town02,mixed,12,202,406.9564313071032,48.8464241027832,109.3916244506836,0.0,-0.1157379150390625
cross_town,Town02,mixed,12,203,408.9510373759618,50.84103012084961,109.39117431640625,0.0,0.038970947265625
cross_town,Town02,mixed,12,204,410.95103020763185,52.84102249145508,109.39253234863281,0.0,0.038970947265625
cross_town,Town02,mixed,12,205,412.95103066869467,54.84102249145508,109.39389038085938,0.0,0.038970947265625
cross_town,Town02,mixed,12,206,414.95103113495253,56.84102249145508,109.39525604248047,0.0,0.038970947265625
cross_town,Town02,mixed,12,207,416.95103159601535,58.84102249145508,109.39661407470703,0.0,0.038970947265625
cross_town,Town02,mixed,12,208,418.9510320570782,60.84102249145508,109.3979721069336,0.0,0.038970947265625
cross_town,Town02,mixed,12,209,420.95103252333604,62.84102249145508,109.39933776855469,0.0,0.038970947265625
cross_town,Town02,mixed,12,210,422.9510367990953,64.84102630615234,109.40069580078125,0.0,0.038970947265625
cross_town,Town02,mixed,12,211,424.9510372601581,66.84102630615234,109.40205383300781,0.0,0.038970947265625
cross_town,Town02,mixed,12,212,426.95103772641596,68.84102630615234,109.4034194946289,0.0,0.038970947265625
cross_town,Town02,mixed,12,213,428.9510381874788,70.84102630615234,109.40477752685547,0.0,0.038970947265625
cross_town,Town02,mixed,12,214,430.9510386485416,72.84102630615234,109.40613555908203,0.0,0.038970947265625
cross_town,Town02,mixed,12,215,432.95103910960444,74.84102630615234,109.4074935913086,0.0,0.038970947265625
cross_town,Town02,mixed,12,216,434.9510395758623,76.84102630615234,109.40885925292969,0.0,0.038970947265625
cross_town,Town02,mixed,12,217,436.95103240753235,78.84101867675781,109.41021728515625,0.0,0.038970947265625
cross_town,Town02,mixed,12,218,438.9510328685952,80.84101867675781,109.41157531738281,0.0,0.038970947265625
cross_town,Town02,mixed,12,219,440.95103333485304,82.84101867675781,109.4129409790039,0.0,0.038970947265625
cross_town,Town02,mixed,12,220,442.95103379591586,84.84101867675781,109.41429901123047,0.0,0.038970947265625
cross_town,Town02,mixed,12,221,444.9510342569787,86.84101867675781,109.41565704345703,0.0,0.038970947265625
cross_town,Town02,mixed,12,222,446.95103472323655,88.84101867675781,109.41702270507812,0.0,0.038970947265625
cross_town,Town02,mixed,12,223,448.95103518429937,90.84101867675781,109.41838073730469,0.0,0.038970947265625
cross_town,Town02,mixed,12,224,450.9510356453622,92.84101867675781,109.41973876953125,0.0,0.038970947265625
cross_town,Town02,mixed,12,225,452.951036106425,94.84101867675781,109.42109680175781,0.0,0.038970947265625
cross_town,Town02,mixed,12,226,454.9510365726829,96.84101867675781,109.4224624633789,0.0,0.038970947265625
cross_town,Town02,mixed,12,227,456.9510370337457,98.84101867675781,109.42382049560547,0.0,0.038970947265625
cross_town,Town02,mixed,12,228,458.95103749480853,100.84101867675781,109.42517852783203,0.0,0.038970947265625
cross_town,Town02,mixed,12,229,460.9510379610664,102.84101867675781,109.42654418945312,0.0,0.038970947265625
cross_town,Town02,mixed,12,230,462.9510384221292,104.84101867675781,109.42790222167969,0.0,0.038970947265625
cross_town,Town02,mixed,12,231,464.95103888319204,106.84101867675781,109.42926025390625,0.0,0.038970947265625
cross_town,Town02,mixed,12,232,466.9510393494499,108.84101867675781,109.43062591552734,0.0,0.038970947265625
cross_town,Town02,mixed,12,233,468.9510398105127,110.84101867675781,109.4319839477539,0.0,0.038970947265625
cross_town,Town02,mixed,12,234,470.95104027157555,112.84101867675781,109.43334197998047,0.0,0.038970947265625
cross_town,Town02,mixed,12,235,472.9510407378334,114.84101867675781,109.43470764160156,0.0,0.038970947265625
cross_town,Town02,mixed,12,236,474.95104119889623,116.84101867675781,109.43606567382812,0.0,0.038970947265625
cross_town,Town02,mixed,12,237,476.95104165995906,118.84101867675781,109.43742370605469,0.0,0.038970947265625
cross_town,Town02,mixed,12,238,478.9510421210219,120.84101867675781,109.43878173828125,0.0,0.038970947265625
cross_town,Town02,mixed,12,239,480.951034957887,122.84101104736328,109.44014739990234,0.0,0.038970947265625
cross_town,Town02,mixed,12,240,482.9510354189498,124.84101104736328,109.4415054321289,0.0,0.038970947265625
cross_town,Town02,mixed,12,241,484.9510358800126,126.84101104736328,109.44286346435547,0.0,0.038970947265625
cross_town,Town02,mixed,12,242,486.95104397566325,128.8410186767578,109.44422912597656,0.0,0.038970947265625
cross_town,Town02,mixed,12,243,488.9510444367261,130.8410186767578,109.44558715820312,0.0,0.038970947265625
cross_town,Town02,mixed,12,244,490.9510448977889,132.8410186767578,109.44694519042969,0.0,0.038970947265625
cross_town,Town02,mixed,12,245,492.95104536404676,134.8410186767578,109.44831085205078,0.0,0.038970947265625
cross_town,Town02,mixed,12,246,494.95103056632405,136.84100341796875,109.44966888427734,0.0,0.038970947265625
cross_town,Town02,mixed,12,247,496.9537467537775,138.84371948242188,109.44896697998047,0.0,359.9610595703125
cross_town,Town02,mixed,12,248,498.95374721484035,140.84371948242188,109.4476089477539,0.0,359.9610595703125
cross_town,Town02,mixed,12,249,500.9537476759032,142.84371948242188,109.44625091552734,0.0,359.9610595703125
cross_town,Town02,mixed,13,0,0.0,104.59010314941406,191.60018920898438,0.0,0.02626265585422516
cross_town,Town02,mixed,13,1,2.000000209547568,106.59010314941406,191.60110473632812,0.0,0.02626265585422516
cross_town,Town02,mixed,13,2,4.000000419095136,108.59010314941406,191.60202026367188,0.0,0.02626265585422516
cross_town,Town02,mixed,13,3,6.000000628642704,110.59010314941406,191.60293579101562,0.0,0.02626265585422516
cross_town,Town02,mixed,13,4,8.000000838190273,112.59010314941406,191.60385131835938,0.0,0.02626265585422516
cross_town,Town02,mixed,13,5,10.000001047737841,114.59010314941406,191.60476684570312,0.0,0.02626265585422516
cross_town,Town02,mixed,13,6,12.00000125728541,116.59010314941406,191.60568237304688,0.0,0.02626265585422516
cross_town,Town02,mixed,13,7,14.000001466832979,118.59010314941406,191.60659790039062,0.0,0.02626265585422516
cross_town,Town02,mixed,13,8,16.000001676380545,120.59010314941406,191.60751342773438,0.0,0.02626265585422516
cross_town,Town02,mixed,13,9,18.00000189297124,122.59010314941406,191.6084442138672,0.0,0.02626265585422516
cross_town,Town02,mixed,13,10,20.000002095592098,124.59010314941406,191.60934448242188,0.0,-359.97369384765625
cross_town,Town02,mixed,13,11,22.000002305139667,126.59010314941406,191.61026000976562,0.0,-359.97369384765625
cross_town,Town02,mixed,13,12,23.730446744952168,128.3201904296875,191.64541625976562,0.0,-352.28570556640625
cross_town,Town02,mixed,13,13,25.036950845018463,129.5658416748047,192.0395050048828,0.0,-332.6031188964844
cross_town,Town02,mixed,13,14,26.34344455288119,130.60597229003906,192.83010864257812,0.0,-312.9205017089844
cross_town,Town02,mixed,13,15,27.804827603368796,131.43338012695312,194.03469848632812,0.0,-297.60333251953125
cross_town,Town02,mixed,13,16,29.320298067837328,131.9694366455078,195.4521942138672,0.0,-283.8272705078125
cross_town,Town02,mixed,13,17,30.835764563117614,132.1525421142578,196.95655822753906,0.0,-270.0511779785156
cross_town,Town02,mixed,13,18,32.83222555551587,132.1505126953125,198.95301818847656,0.0,-269.94189453125
cross_town,Town02,mixed,13,19,34.83222658515092,132.1484832763672,200.95301818847656,0.0,90.0580825805664
cross_town,Town02,mixed,13,20,36.83222759936095,132.14646911621094,202.95301818847656,0.0,90.0580825805664
cross_town,Town02,mixed,13,21,38.832228628996,132.14443969726562,204.95301818847656,0.0,90.0580825805664
cross_town,Town02,mixed,13,22,40.83222965863105,132.1424102783203,206.95301818847656,0.0,90.0580825805664
cross_town,Town02,mixed,13,23,42.8322306882661,132.140380859375,208.95301818847656,0.0,90.0580825805664
cross_town,Town02,mixed,13,24,44.83223171790115,132.1383514404297,210.95301818847656,0.0,90.0580825805664
cross_town,Town02,mixed,13,25,46.8322327475362,132.13632202148438,212.95301818847656,0.0,90.0580825805664
cross_town,Town02,mixed,13,26,48.832233777171254,132.13429260253906,214.95301818847656,0.0,90.0580825805664
cross_town,Town02,mixed,13,27,50.83221953259996,132.1322784423828,216.9530029296875,0.0,90.0580825805664
cross_town,Town02,mixed,13,28,52.83222056223501,132.1302490234375,218.9530029296875,0.0,90.0580825805664
cross_town,Town02,mixed,13,29,54.83222159187006,132.1282196044922,220.9530029296875,0.0,90.0580825805664
cross_town,Town02,mixed,13,30,56.83222262150511,132.12619018554688,222.9530029296875,0.0,90.0580825805664
cross_town,Town02,mixed,13,31,58.83222365114016,132.12416076660156,224.9530029296875,0.0,90.0580825805664
cross_town,Town02,mixed,13,32,60.83222468077521,132.12213134765625,226.9530029296875,0.0,90.0580825805664
cross_town,Town02,mixed,13,33,62.83222571041026,132.12010192871094,228.9530029296875,0.0,90.0580825805664
cross_town,Town02,mixed,13,34,64.83222674004531,132.11807250976562,230.9530029296875,0.0,-269.9419250488281
cross_town,Town02,mixed,13,35,66.68152541021729,132.10374450683594,232.80224609375,0.0,94.36782836914062
cross_town,Town02,mixed,13,36,68.05154155022605,131.78829956054688,234.1354522705078,0.0,112.2555160522461
cross_town,Town02,mixed,13,37,69.42157915985807,131.07859802246094,235.30734252929688,0.0,130.14321899414062
cross_town,Town02,mixed,13,38,70.80293118104053,130.0361328125,236.21365356445312,0.0,-212.28851318359375
cross_town,Town02,mixed,13,39,72.18917181752043,128.7655792236328,236.76805114746094,0.0,-194.85943603515625
cross_town,Town02,mixed,13,40,73.66395927636023,127.2987289428711,236.9208526611328,0.0,-179.96517944335938
cross_town,Town02,mixed,13,41,75.66421903900117,125.29846954345703,236.91964721679688,0.0,-179.96517944335938
cross_town,Town02,mixed,13,42,77.66421941153017,123.29846954345703,236.91842651367188,0.0,-179.96519470214844
cross_town,Town02,mixed,13,43,79.66421978405917,121.29846954345703,236.91720581054688,0.0,-179.96519470214844
cross_town,Town02,mixed,13,44,81.66422014733315,119.29846954345703,236.91600036621094,0.0,-179.96519470214844
cross_town,Town02,mixed,13,45,83.66421289046905,117.29847717285156,236.91477966308594,0.0,-179.96519470214844
cross_town,Town02,mixed,13,46,85.66421325374303,115.29847717285156,236.91357421875,0.0,-179.96519470214844
cross_town,Town02,mixed,13,47,87.66421362627203,113.29847717285156,236.912353515625,0.0,-179.96519470214844
cross_town,Town02,mixed,13,48,89.66421399880103,111.29847717285156,236.9111328125,0.0,-179.96519470214844
cross_town,Town02,mixed,13,49,91.66421436207501,109.29847717285156,236.90992736816406,0.0,-179.96519470214844
cross_town,Town02,mixed,13,50,93.66421473460402,107.29847717285156,236.90870666503906,0.0,-179.96519470214844
cross_town,Town02,mixed,13,51,95.664215097878,105.29847717285156,236.90750122070312,0.0,-179.96519470214844
cross_town,Town02,mixed,13,52,97.664215470407,103.29847717285156,236.90628051757812,0.0,-179.96519470214844
cross_town,Town02,mixed,13,53,99.66421583368098,101.29847717285156,236.9050750732422,0.0,-179.96519470214844
cross_town,Town02,mixed,13,54,101.66421620620999,99.29847717285156,236.9038543701172,0.0,-179.96519470214844
cross_town,Town02,mixed,13,55,103.66421657873899,97.29847717285156,236.9026336669922,0.0,-179.96519470214844
cross_town,Town02,mixed,13,56,105.66421694201297,95.29847717285156,236.90142822265625,0.0,-179.96519470214844
cross_town,Town02,mixed,13,57,107.66421731454197,93.29847717285156,236.90020751953125,0.0,-179.96519470214844
cross_town,Town02,mixed,13,58,109.66421767781596,91.29847717285156,236.8990020751953,0.0,-179.96519470214844
cross_town,Town02,mixed,13,59,111.66421805034496,89.29847717285156,236.8977813720703,0.0,-179.96519470214844
cross_town,Town02,mixed,13,60,113.66421079348085,87.2984848022461,236.8965606689453,0.0,-179.96519470214844
cross_town,Town02,mixed,13,61,115.66421115675483,85.2984848022461,236.89535522460938,0.0,-179.96519470214844
cross_town,Town02,mixed,13,62,117.66421152928383,83.2984848022461,236.89413452148438,0.0,-179.96519470214844
cross_town,Town02,mixed,13,63,119.66421189255782,81.2984848022461,236.89292907714844,0.0,-179.96519470214844
cross_town,Town02,mixed,13,64,121.66421226508682,79.2984848022461,236.89170837402344,0.0,-179.96519470214844
cross_town,Town02,mixed,13,65,123.66421263761582,77.2984848022461,236.89048767089844,0.0,-179.96519470214844
cross_town,Town02,mixed,13,66,125.6642130008898,75.2984848022461,236.8892822265625,0.0,-179.96519470214844
cross_town,Town02,mixed,13,67,127.6642133734188,73.2984848022461,236.8880615234375,0.0,-179.96519470214844
cross_town,Town02,mixed,13,68,129.66421373669277,71.2984848022461,236.88685607910156,0.0,-179.96519470214844
cross_town,Town02,mixed,13,69,131.66421410922177,69.2984848022461,236.88563537597656,0.0,-179.96519470214844
cross_town,Town02,mixed,13,70,133.66421447249576,67.2984848022461,236.88442993164062,0.0,-179.96519470214844
cross_town,Town02,mixed,13,71,135.66421484502476,65.2984848022461,236.88320922851562,0.0,-179.96519470214844
cross_town,Town02,mixed,13,72,137.66421521755376,63.298484802246094,236.88198852539062,0.0,-179.96519470214844
cross_town,Town02,mixed,13,73,139.66421558082774,61.298484802246094,236.8807830810547,0.0,-179.96519470214844
cross_town,Town02,mixed,13,74,141.66421595335675,59.298484802246094,236.8795623779297,0.0,-179.96519470214844
cross_town,Town02,mixed,13,75,143.66421631663073,57.298484802246094,236.87835693359375,0.0,-179.96519470214844
cross_town,Town02,mixed,13,76,145.66421668915973,55.298484802246094,236.87713623046875,0.0,-179.96519470214844
cross_town,Town02,mixed,13,77,147.66421706168873,53.298484802246094,236.87591552734375,0.0,-539.9651489257812
cross_town,Town02,mixed,13,78,149.66421361026613,51.29848861694336,236.8747100830078,0.0,-539.9651489257812
cross_town,Town02,mixed,13,79,152.0308195000536,48.936767578125,237.0266876220703,0.0,-190.5972442626953
cross_town,Town02,mixed,13,80,154.5985788426963,46.506832122802734,237.85662841796875,0.0,-207.11776733398438
cross_town,Town02,mixed,13,81,157.16882704381462,44.41142272949219,239.34506225585938,0.0,-223.71060180664062
cross_town,Town02,mixed,13,82,159.7952059273289,42.8250732421875,241.438232421875,0.0,-241.9747314453125
cross_town,Town02,mixed,13,83,162.42159899804173,41.97463607788086,243.92312622070312,0.0,-260.2388916015625
cross_town,Town02,mixed,13,84,164.7587425048429,41.85493087768555,246.2572021484375,0.0,-270.00494384765625
cross_town,Town02,mixed,13,85,166.75900191195393,41.855106353759766,248.25746154785156,0.0,89.99503326416016
cross_town,Town02,mixed,13,86,168.75900191932084,41.85527801513672,250.25746154785156,0.0,89.99503326416016
cross_town,Town02,mixed,13,87,170.7590019270188,41.85545349121094,252.25746154785156,0.0,89.99503326416016
cross_town,Town02,mixed,13,88,172.7590019343857,41.85562515258789,254.25746154785156,0.0,89.99503326416016
cross_town,Town02,mixed,13,89,174.75901720087268,41.85580062866211,256.2574768066406,0.0,89.99503326416016
cross_town,Town02,mixed,13,90,176.75901720857064,41.85597610473633,258.2574768066406,0.0,89.99503326416016
cross_town,Town02,mixed,13,91,178.75901721593755,41.85614776611328,260.2574768066406,0.0,89.99503326416016
cross_town,Town02,mixed,13,92,180.7590172236355,41.8563232421875,262.2574768066406,0.0,89.99503326416016
cross_town,Town02,mixed,13,93,182.75901723100242,41.85649490356445,264.2574768066406,0.0,89.99503326416016
cross_town,Town02,mixed,13,94,184.75901723870038,41.85667037963867,266.2574768066406,0.0,89.99503326416016
cross_town,Town02,mixed,13,95,186.7590172460673,41.856842041015625,268.2574768066406,0.0,89.99503326416016
cross_town,Town02,mixed,13,96,188.75901725376525,41.857017517089844,270.2574768066406,0.0,89.99503326416016
cross_town,Town02,mixed,13,97,190.75901726113216,41.8571891784668,272.2574768066406,0.0,89.99503326416016
cross_town,Town02,mixed,13,98,192.75901726883012,41.857364654541016,274.2574768066406,0.0,89.99503326416016
cross_town,Town02,mixed,13,99,194.75901727619703,41.85753631591797,276.2574768066406,0.0,89.99503326416016
cross_town,Town02,mixed,13,100,196.759017283895,41.85771179199219,278.2574768066406,0.0,89.99503326416016
cross_town,Town02,mixed,13,101,198.7590172912619,41.85788345336914,280.2574768066406,0.0,89.99503326416016
cross_town,Town02,mixed,13,102,200.75901729895986,41.85805892944336,282.2574768066406,0.0,89.99503326416016
cross_town,Town02,mixed,13,103,202.75901730665782,41.85823440551758,284.2574768066406,0.0,89.99503326416016
cross_town,Town02,mixed,13,104,204.75901731402473,41.85840606689453,286.2574768066406,0.0,89.99503326416016
cross_town,Town02,mixed,13,105,206.7590173217227,41.85858154296875,288.2574768066406,0.0,89.99503326416016
cross_town,Town02,mixed,13,106,208.7590173290896,41.8587532043457,290.2574768066406,0.0,89.99503326416016
cross_town,Town02,mixed,13,107,210.75901733678757,41.85892868041992,292.2574768066406,0.0,89.99503326416016
cross_town,Town02,mixed,13,108,212.75901734415447,41.859100341796875,294.2574768066406,0.0,89.99503326416016
cross_town,Town02,mixed,13,109,214.75901735185244,41.859275817871094,296.2574768066406,0.0,89.99503326416016
cross_town,Town02,mixed,13,110,216.75901735921934,41.85944747924805,298.2574768066406,0.0,89.99503326416016
cross_town,Town02,mixed,13,111,219.15657686970724,42.02354431152344,300.6494140625,0.0,78.45008087158203
cross_town,Town02,mixed,13,112,221.80040043011596,42.96851348876953,303.11859130859375,0.0,59.665557861328125
cross_town,Town02,mixed,13,113,224.5659239993771,44.781394958496094,305.20703125,0.0,37.217376708984375
cross_town,Town02,mixed,13,114,227.4317872979144,47.38975143432617,306.3943176269531,0.0,11.7314453125
cross_town,Town02,mixed,13,115,229.8351940613642,49.789302825927734,306.5303955078125,0.0,0.0194244384765625
cross_town,Town02,mixed,13,116,231.83540398239202,51.789512634277344,306.53106689453125,0.0,0.0194244384765625
cross_town,Town02,mixed,13,117,233.83540410555943,53.789512634277344,306.5317687988281,0.0,0.01941712014377117
cross_town,Town02,mixed,13,118,235.83540421824947,55.789512634277344,306.5324401855469,0.0,0.01941712014377117
cross_town,Town02,mixed,13,119,237.8354043309395,57.789512634277344,306.5331115722656,0.0,0.01941712014377117
cross_town,Town02,mixed,13,120,239.83540444362953,59.789512634277344,306.5337829589844,0.0,0.01941712014377117
cross_town,Town02,mixed,13,121,241.83540455631956,61.789512634277344,306.5344543457031,0.0,0.01941712014377117
cross_town,Town02,mixed,13,122,243.83540467948697,63.789512634277344,306.53515625,0.0,0.01941712014377117
cross_town,Town02,mixed,13,123,245.835404792177,65.78951263427734,306.53582763671875,0.0,0.01941712014377117
cross_town,Town02,mixed,13,124,247.83540490486703,67.78951263427734,306.5364990234375,0.0,0.01941712014377117
cross_town,Town02,mixed,13,125,249.83540501755706,69.78951263427734,306.53717041015625,0.0,0.01941712014377117
cross_town,Town02,mixed,13,126,251.8354051302471,71.78951263427734,306.537841796875,0.0,0.01941712014377117
cross_town,Town02,mixed,13,127,253.8354052534145,73.78951263427734,306.5385437011719,0.0,0.01941712014377117
cross_town,Town02,mixed,13,128,255.83540536610454,75.78951263427734,306.5392150878906,0.0,0.01941712014377117
cross_town,Town02,mixed,13,129,257.83540547879454,77.78951263427734,306.5398864746094,0.0,0.01941712014377117
cross_town,Town02,mixed,13,130,259.8354055914846,79.78951263427734,306.5405578613281,0.0,0.01941712014377117
cross_town,Town02,mixed,13,131,261.8354057041746,81.78951263427734,306.5412292480469,0.0,0.01941712014377117
cross_town,Town02,mixed,13,132,263.835405827342,83.78951263427734,306.54193115234375,0.0,0.01941712014377117
cross_town,Town02,mixed,13,133,265.83540594003205,85.78951263427734,306.5426025390625,0.0,0.01941712014377117
cross_town,Town02,mixed,13,134,267.8354060527221,87.78951263427734,306.54327392578125,0.0,0.01941712014377117
cross_town,Town02,mixed,13,135,269.8354061654121,89.78951263427734,306.5439453125,0.0,0.01941712014377117
cross_town,Town02,mixed,13,136,271.8354062885795,91.78951263427734,306.5446472167969,0.0,0.01941712014377117
cross_town,Town02,mixed,13,137,273.83540640126955,93.78951263427734,306.5453186035156,0.0,0.01941712014377117
cross_town,Town02,mixed,13,138,275.8354065139596,95.78951263427734,306.5459899902344,0.0,0.01941712014377117
cross_town,Town02,mixed,13,139,277.8354066266496,97.78951263427734,306.5466613769531,0.0,0.01941712014377117
cross_town,Town02,mixed,13,140,279.83540673933965,99.78951263427734,306.5473327636719,0.0,0.01941712014377117
cross_town,Town02,mixed,13,141,281.83540686250706,101.78951263427734,306.54803466796875,0.0,0.01941712014377117
cross_town,Town02,mixed,13,142,283.8354069751971,103.78951263427734,306.5487060546875,0.0,0.01941712014377117
cross_town,Town02,mixed,13,143,285.8354070878871,105.78951263427734,306.54937744140625,0.0,0.01941712014377117
cross_town,Town02,mixed,13,144,287.83540720057715,107.78951263427734,306.550048828125,0.0,0.01941712014377117
cross_town,Town02,mixed,13,145,289.8354073132672,109.78951263427734,306.55072021484375,0.0,0.01941712014377117
cross_town,Town02,mixed,13,146,291.8354074364346,111.78951263427734,306.5514221191406,0.0,0.01941712014377117
cross_town,Town02,mixed,13,147,293.8354075491246,113.78951263427734,306.5520935058594,0.0,0.01941712014377117
cross_town,Town02,mixed,13,148,295.83540766181466,115.78951263427734,306.5527648925781,0.0,0.01941712014377117
cross_town,Town02,mixed,13,149,297.8354001451106,117.78950500488281,306.5534362792969,0.0,0.01941712014377117
cross_town,Town02,mixed,13,150,299.83540025780064,119.78950500488281,306.5541076660156,0.0,0.01941712014377117
cross_town,Town02,mixed,13,151,301.83540038096805,121.78950500488281,306.5548095703125,0.0,0.01941712014377117
cross_town,Town02,mixed,13,152,303.8354004936581,123.78950500488281,306.55548095703125,0.0,0.01941712014377117
cross_town,Town02,mixed,13,153,305.8354006063481,125.78950500488281,306.55615234375,0.0,0.01941712014377117
cross_town,Town02,mixed,13,154,307.83540071903815,127.78950500488281,306.55682373046875,0.0,0.01941712014377117
cross_town,Town02,mixed,13,155,309.83541610099365,129.78952026367188,306.5575256347656,0.0,0.01941712014377117
cross_town,Town02,mixed,13,156,311.8354162136837,131.78952026367188,306.5581970214844,0.0,0.01941712014377117
cross_town,Town02,mixed,13,157,313.8354163263737,133.78952026367188,306.5588684082031,0.0,0.01941712014377117
cross_town,Town02,mixed,13,158,315.83541643906375,135.78952026367188,306.5595397949219,0.0,0.01941712014377117
cross_town,Town02,mixed,13,159,317.8388344533707,137.79293823242188,306.5591125488281,0.0,-0.07871776074171066
cross_town,Town02,mixed,13,160,319.8388210805233,139.7929229736328,306.5563659667969,0.0,-0.07871776074171066
cross_town,Town02,mixed,13,161,321.8388229664506,141.7929229736328,306.5536193847656,0.0,-0.07871776074171066
cross_town,Town02,mixed,13,162,323.8388248523779,143.7929229736328,306.5508728027344,0.0,-0.07871776074171066
cross_town,Town02,mixed,13,163,325.8388267383052,145.7929229736328,306.5481262207031,0.0,-0.07871776074171066
cross_town,Town02,mixed,13,164,327.8388286242325,147.7929229736328,306.5453796386719,0.0,-0.07871776074171066
cross_town,Town02,mixed,13,165,329.8388305101598,149.7929229736328,306.5426330566406,0.0,-0.07871776074171066
cross_town,Town02,mixed,13,166,331.8388323960871,151.7929229736328,306.5398864746094,0.0,-0.07871776074171066
cross_town,Town02,mixed,13,167,333.83883428201443,153.7929229736328,306.5371398925781,0.0,-0.07871776074171066
cross_town,Town02,mixed,13,168,335.83882090916705,155.79290771484375,306.5343933105469,0.0,-0.07871776074171066
cross_town,Town02,mixed,13,169,337.83882279509436,157.79290771484375,306.5316467285156,0.0,-0.07871776074171066
cross_town,Town02,mixed,13,170,339.83882468102166,159.79290771484375,306.5289001464844,0.0,-0.07871776074171066
cross_town,Town02,mixed,13,171,341.83882656694897,161.79290771484375,306.5261535644531,0.0,-0.07871776074171066
cross_town,Town02,mixed,13,172,343.83882845287627,163.79290771484375,306.5234069824219,0.0,-0.07871776074171066
cross_town,Town02,mixed,13,173,345.8388303388036,165.79290771484375,306.5206604003906,0.0,-0.07871776074171066
cross_town,Town02,mixed,13,174,347.8388322247309,167.79290771484375,306.5179138183594,0.0,-0.07871776074171066
cross_town,Town02,mixed,13,175,349.8388341106582,169.79290771484375,306.5151672363281,0.0,-0.07871776074171066
cross_town,Town02,mixed,13,176,351.8388359965855,171.79290771484375,306.5124206542969,0.0,-0.07871776074171066
cross_town,Town02,mixed,13,177,353.8388226237381,173.7928924560547,306.5096740722656,0.0,-0.07871776074171066
cross_town,Town02,mixed,13,178,355.8388245096654,175.7928924560547,306.5069274902344,0.0,-0.07871776074171066
cross_town,Town02,mixed,13,179,357.8388263955927,177.7928924560547,306.5041809082031,0.0,-0.07871776074171066
cross_town,Town02,mixed,13,180,359.83882828152,179.7928924560547,306.5014343261719,0.0,-0.07871776074171066
cross_town,Town02,mixed,13,181,362.00598469183234,181.95945739746094,306.4508056640625,0.0,355.12158203125
cross_town,Town02,mixed,13,182,364.3483103853512,184.26744079589844,306.0511779785156,0.0,345.2310791015625
cross_town,Town02,mixed,13,183,366.6906430419832,186.47247314453125,305.2610168457031,0.0,335.340576171875
cross_town,Town02,mixed,13,184,369.0329640443439,188.509033203125,304.1039123535156,0.0,325.4500732421875
cross_town,Town02,mixed,13,185,371.34106024975443,190.32041931152344,302.6734619140625,0.0,316.56341552734375
cross_town,Town02,mixed,13,186,373.7944069284421,191.89715576171875,300.79388427734375,0.0,303.4217529296875
cross_town,Town02,mixed,13,187,376.2477591616225,193.00526428222656,298.60504150390625,0.0,290.28009033203125
cross_town,Town02,mixed,13,188,378.7010778311558,193.58670043945312,296.22161865234375,0.0,277.1384582519531
cross_town,Town02,mixed,13,189,380.9469926352863,193.67041015625,293.9772644042969,0.0,-89.96080780029297
cross_town,Town02,mixed,13,190,382.9469931067683,193.67178344726562,291.9772644042969,0.0,-89.96080780029297
cross_town,Town02,mixed,13,191,384.9469935678311,193.6731414794922,289.9772644042969,0.0,-89.96080780029297
cross_town,Town02,mixed,13,192,386.9469940393131,193.6745147705078,287.9772644042969,0.0,-89.96080780029297
cross_town,Town02,mixed,13,193,388.9469945107951,193.67588806152344,285.9772644042969,0.0,-89.96080780029297
cross_town,Town02,mixed,13,194,390.9469949718579,193.67724609375,283.9772644042969,0.0,-89.96080780029297
cross_town,Town02,mixed,13,195,392.9469954433399,193.67861938476562,281.9772644042969,0.0,-89.96080780029297
cross_town,Town02,mixed,13,196,394.9469959148219,193.67999267578125,279.9772644042969,0.0,-89.96080780029297
cross_town,Town02,mixed,13,197,396.94699637588474,193.6813507080078,277.9772644042969,0.0,-89.96080780029297
cross_town,Town02,mixed,13,198,398.94699684736673,193.68272399902344,275.9772644042969,0.0,-89.96080780029297
cross_town,Town02,mixed,13,199,400.94699731884873,193.68409729003906,273.9772644042969,0.0,-89.96080780029297
cross_town,Town02,mixed,13,200,402.94699777991156,193.68545532226562,271.9772644042969,0.0,-89.96080780029297
cross_town,Town02,mixed,13,201,404.94699825139355,193.68682861328125,269.9772644042969,0.0,-89.96080780029297
cross_town,Town02,mixed,13,202,406.94699872287555,193.68820190429688,267.9772644042969,0.0,-89.96080780029297
cross_town,Town02,mixed,13,203,408.9469991839384,193.68955993652344,265.9772644042969,0.0,-89.96080780029297
cross_town,Town02,mixed,13,204,410.94699965542037,193.69093322753906,263.9772644042969,0.0,-89.96080780029297
cross_town,Town02,mixed,13,205,412.9470001164832,193.69229125976562,261.9772644042969,0.0,-89.96080780029297
cross_town,Town02,mixed,13,206,414.9470005879652,193.69366455078125,259.9772644042969,0.0,-89.96080780029297
cross_town,Town02,mixed,13,207,416.9470010594472,193.69503784179688,257.9772644042969,0.0,-89.96080780029297
cross_town,Town02,mixed,13,208,418.94700152051,193.69639587402344,255.97726440429688,0.0,-89.96080780029297
cross_town,Town02,mixed,13,209,420.947001991992,193.69776916503906,253.97726440429688,0.0,-89.96080780029297
cross_town,Town02,mixed,13,210,422.947002463474,193.6991424560547,251.97726440429688,0.0,-89.96080780029297
cross_town,Town02,mixed,13,211,424.9488336359242,193.6998291015625,249.97543334960938,0.0,-90.01294708251953
cross_town,Town02,mixed,13,212,426.94884894709975,193.69937133789062,247.9754180908203,0.0,-90.01294708251953
cross_town,Town02,mixed,13,213,428.9982902231651,193.69598388671875,245.9259796142578,0.0,-91.43067169189453
cross_town,Town02,mixed,13,214,431.52176027871684,193.2996826171875,243.43382263183594,0.0,-106.63995361328125
cross_town,Town02,mixed,13,215,434.04524113260396,192.2634735107422,241.13290405273438,0.0,-121.8492431640625
cross_town,Town02,mixed,13,216,436.5940597267806,190.6378173828125,239.16981506347656,0.0,-137.8038787841797
cross_town,Town02,mixed,13,217,439.195210905614,188.4672393798828,237.73643493652344,0.0,-155.31663513183594
cross_town,Town02,mixed,13,218,441.79636144091074,185.9659423828125,237.02264404296875,0.0,-172.82937622070312
cross_town,Town02,mixed,13,219,444.04368335459526,183.71963500976562,236.9551239013672,0.0,-179.96519470214844
cross_town,Town02,mixed,13,220,446.04395838527626,181.7193603515625,236.9539031982422,0.0,-179.96519470214844
cross_town,Town02,mixed,13,221,448.0439587485502,179.7193603515625,236.95269775390625,0.0,-179.96519470214844
cross_town,Town02,mixed,13,222,450.0439591210792,177.7193603515625,236.95147705078125,0.0,-179.96519470214844
cross_town,Town02,mixed,13,223,452.04395949360816,175.7193603515625,236.95025634765625,0.0,-179.96519470214844
cross_town,Town02,mixed,13,224,454.0439598568821,173.7193603515625,236.9490509033203,0.0,-179.96519470214844
cross_town,Town02,mixed,13,225,456.0439602294111,171.7193603515625,236.9478302001953,0.0,-179.96519470214844
cross_town,Town02,mixed,13,226,458.04396059268504,169.7193603515625,236.94662475585938,0.0,-179.96519470214844
cross_town,Town02,mixed,13,227,460.043960965214,167.7193603515625,236.94540405273438,0.0,-179.96519470214844
cross_town,Town02,mixed,13,228,462.043961337743,165.7193603515625,236.94418334960938,0.0,-179.96519470214844
cross_town,Town02,mixed,13,229,464.04396170101694,163.7193603515625,236.94297790527344,0.0,-179.96519470214844
cross_town,Town02,mixed,13,230,466.0439620735459,161.7193603515625,236.94175720214844,0.0,-179.96519470214844
cross_town,Town02,mixed,13,231,468.04396243681987,159.7193603515625,236.9405517578125,0.0,-179.96519470214844
cross_town,Town02,mixed,13,232,470.04396280934884,157.7193603515625,236.9393310546875,0.0,-179.96519470214844
cross_town,Town02,mixed,13,233,472.0439631818778,155.7193603515625,236.9381103515625,0.0,-179.96519470214844
cross_town,Town02,mixed,13,234,474.04396354515177,153.7193603515625,236.93690490722656,0.0,-179.96519470214844
cross_town,Town02,mixed,13,235,476.04396391768074,151.7193603515625,236.93568420410156,0.0,-179.96519470214844
cross_town,Town02,mixed,13,236,478.0439642809547,149.7193603515625,236.93447875976562,0.0,-179.96519470214844
cross_town,Town02,mixed,13,237,480.04396465348367,147.7193603515625,236.93325805664062,0.0,-179.96519470214844
cross_town,Town02,mixed,13,238,482.04396502601264,145.7193603515625,236.93203735351562,0.0,-179.96519470214844
cross_town,Town02,mixed,13,239,484.0439501305003,143.71937561035156,236.9308319091797,0.0,-179.96519470214844
cross_town,Town02,mixed,13,240,486.0439657618155,141.7193603515625,236.9296112060547,0.0,-539.9651489257812
cross_town,Town02,mixed,13,241,487.7387103352803,140.02548217773438,236.87542724609375,0.0,-171.27333068847656
cross_town,Town02,mixed,13,242,489.12978986311305,138.69786071777344,236.46006774902344,0.0,-153.98098754882812
cross_town,Town02,mixed,13,243,490.5208891980197,137.55369567871094,235.66883850097656,0.0,-136.68862915039062
cross_town,Town02,mixed,13,244,491.9073798097693,136.70034790039062,234.57606506347656,0.0,-119.26667785644531
cross_town,Town02,mixed,13,245,493.2934269601337,136.2138214111328,233.27821350097656,0.0,-101.83179473876953
cross_town,Town02,mixed,13,246,494.87489540361895,136.11732482910156,231.69969177246094,0.0,-449.9419250488281
cross_town,Town02,mixed,13,247,496.874896433254,136.11935424804688,229.69969177246094,0.0,-89.9419174194336
cross_town,Town02,mixed,13,248,498.87488220410785,136.1213836669922,227.69970703125,0.0,-89.9419174194336
cross_town,Town02,mixed,13,249,500.8748832337429,136.1234130859375,225.69970703125,0.0,-89.9419174194336
cross_town,Town02,mixed,14,0,0.0,41.85125732421875,203.8999786376953,0.0,89.99503326416016
cross_town,Town02,mixed,14,1,2.000000007366907,41.8514289855957,205.8999786376953,0.0,89.99503326416016
cross_town,Town02,mixed,14,2,4.00000001506487,41.85160446166992,207.8999786376953,0.0,89.99503326416016
cross_town,Town02,mixed,14,3,6.000000022431777,41.851776123046875,209.8999786376953,0.0,89.99503326416016
cross_town,Town02,mixed,14,4,8.00000003012974,41.851951599121094,211.8999786376953,0.0,89.99503326416016
cross_town,Town02,mixed,14,5,10.000000037496648,41.85212326049805,213.8999786376953,0.0,89.99503326416016
cross_town,Town02,mixed,14,6,12.00000004519461,41.852298736572266,215.8999786376953,0.0,89.99503326416016
cross_town,Town02,mixed,14,7,14.000000052561518,41.85247039794922,217.8999786376953,0.0,89.99503326416016
cross_town,Town02,mixed,14,8,16.00000006025948,41.85264587402344,219.8999786376953,0.0,89.99503326416016
cross_town,Town02,mixed,14,9,18.000000067626388,41.85281753540039,221.8999786376953,0.0,89.99503326416016
cross_town,Town02,mixed,14,10,20.00000007532435,41.85299301147461,223.8999786376953,0.0,89.99503326416016
cross_town,Town02,mixed,14,11,22.000000083022314,41.85316848754883,225.8999786376953,0.0,89.99503326416016
cross_town,Town02,mixed,14,12,24.00000009038922,41.85334014892578,227.8999786376953,0.0,89.99503326416016
cross_town,Town02,mixed,14,13,26.00000009775613,41.853511810302734,229.8999786376953,0.0,89.99503326416016
cross_town,Town02,mixed,14,14,28.00000010545409,41.85368728637695,231.8999786376953,0.0,89.99503326416016
cross_town,Town02,mixed,14,15,30.000000112821,41.853858947753906,233.8999786376953,0.0,89.99503326416016
cross_town,Town02,mixed,14,16,32.00000012051896,41.854034423828125,235.8999786376953,0.0,89.99503326416016
cross_town,Town02,mixed,14,17,34.00000012788587,41.85420608520508,237.8999786376953,0.0,89.99503326416016
cross_town,Town02,mixed,14,18,36.00000013558383,41.8543815612793,239.8999786376953,0.0,89.99503326416016
cross_town,Town02,mixed,14,19,38.00000014295074,41.85455322265625,241.8999786376953,0.0,89.99503326416016
cross_town,Town02,mixed,14,20,40.0000001506487,41.85472869873047,243.8999786376953,0.0,89.99503326416016
cross_town,Town02,mixed,14,21,42.00000015801561,41.85490036010742,245.8999786376953,0.0,89.99503326416016
cross_town,Town02,mixed,14,22,44.00000016571357,41.85507583618164,247.8999786376953,0.0,89.99503326416016
cross_town,Town02,mixed,14,23,45.999984914291474,41.855247497558594,249.89996337890625,0.0,89.99503326416016
cross_town,Town02,mixed,14,24,47.99998492198944,41.85542297363281,251.89996337890625,0.0,89.99503326416016
cross_town,Town02,mixed,14,25,49.999984929356344,41.855594635009766,253.89996337890625,0.0,89.99503326416016
cross_town,Town02,mixed,14,26,51.99998493705431,41.855770111083984,255.89996337890625,0.0,89.99503326416016
cross_town,Town02,mixed,14,27,53.999984944421215,41.85594177246094,257.89996337890625,0.0,89.99503326416016
cross_town,Town02,mixed,14,28,55.99998495211918,41.856117248535156,259.89996337890625,0.0,89.99503326416016
cross_town,Town02,mixed,14,29,57.99998495981714,41.856292724609375,261.89996337890625,0.0,89.99503326416016
cross_town,Town02,mixed,14,30,59.99998496718405,41.85646438598633,263.89996337890625,0.0,89.99503326416016
cross_town,Town02,mixed,14,31,61.99998497488201,41.85663986206055,265.89996337890625,0.0,89.99503326416016
cross_town,Town02,mixed,14,32,63.99998498224892,41.8568115234375,267.89996337890625,0.0,89.99503326416016
cross_town,Town02,mixed,14,33,65.99998498994688,41.85698699951172,269.89996337890625,0.0,89.99503326416016
cross_town,Town02,mixed,14,34,67.99998499731379,41.85715866088867,271.89996337890625,0.0,89.99503326416016
cross_town,Town02,mixed,14,35,69.99998500501175,41.85733413696289,273.89996337890625,0.0,89.99503326416016
cross_town,Town02,mixed,14,36,71.99998501237866,41.857505798339844,275.89996337890625,0.0,89.99503326416016
cross_town,Town02,mixed,14,37,73.99998502007662,41.85768127441406,277.89996337890625,0.0,89.99503326416016
cross_town,Town02,mixed,14,38,75.99998502744353,41.857852935791016,279.89996337890625,0.0,89.99503326416016
cross_town,Town02,mixed,14,39,77.99998503514149,41.858028411865234,281.89996337890625,0.0,89.99503326416016
cross_town,Town02,mixed,14,40,79.9999850425084,41.85820007324219,283.89996337890625,0.0,89.99503326416016
cross_town,Town02,mixed,14,41,81.99998505020636,41.858375549316406,285.89996337890625,0.0,89.99503326416016
cross_town,Town02,mixed,14,42,83.99998505757327,41.85854721069336,287.89996337890625,0.0,89.99503326416016
cross_town,Town02,mixed,14,43,85.99998506527123,41.85872268676758,289.89996337890625,0.0,89.99503326416016
cross_town,Town02,mixed,14,44,87.9999850729692,41.8588981628418,291.89996337890625,0.0,89.99503326416016
cross_town,Town02,mixed,14,45,89.9999850803361,41.85906982421875,293.89996337890625,0.0,89.99503326416016
cross_town,Town02,mixed,14,46,91.99998508803407,41.85924530029297,295.89996337890625,0.0,89.99503326416016
cross_town,Town02,mixed,14,47,94.00001561297898,41.85941696166992,297.8999938964844,0.0,89.99503326416016
cross_town,Town02,mixed,14,48,96.28334576545831,41.942176818847656,300.18182373046875,0.0,81.80774688720703
cross_town,Town02,mixed,14,49,98.92715040910836,42.740909576416016,302.70208740234375,0.0,63.023223876953125
cross_town,Town02,mixed,14,50,101.6535780597249,44.38291931152344,304.87860107421875,0.0,41.77290344238281
cross_town,Town02,mixed,14,51,104.51944517477794,46.88873291015625,306.2693176269531,0.0,16.286972045898438
cross_town,Town02,mixed,14,52,107.07587836358168,49.43181228637695,306.5302734375,0.0,0.0194244384765625
cross_town,Town02,mixed,14,53,109.07608446991244,51.4320182800293,306.53094482421875,0.0,0.0194244384765625
cross_town,Town02,mixed,14,54,111.07608459307986,53.4320182800293,306.5316467285156,0.0,0.01941712014377117
cross_town,Town02,mixed,14,55,113.07608470576989,55.4320182800293,306.5323181152344,0.0,0.01941712014377117
cross_town,Town02,mixed,14,56,115.07608481845992,57.4320182800293,306.5329895019531,0.0,0.01941712014377117
cross_town,Town02,mixed,14,57,117.07608493114995,59.4320182800293,306.5336608886719,0.0,0.01941712014377117
cross_town,Town02,mixed,14,58,119.07608504383998,61.4320182800293,306.5343322753906,0.0,0.01941712014377117
cross_town,Town02,mixed,14,59,121.07608516700739,63.4320182800293,306.5350341796875,0.0,0.01941712014377117
cross_town,Town02,mixed,14,60,123.07608146500037,65.43201446533203,306.53570556640625,0.0,0.01941712014377117
cross_town,Town02,mixed,14,61,125.0760815776904,67.43201446533203,306.536376953125,0.0,0.01941712014377117
cross_town,Town02,mixed,14,62,127.07608169038043,69.43201446533203,306.53704833984375,0.0,0.01941712014377117
cross_town,Town02,mixed,14,63,129.07608180307045,71.43201446533203,306.5377197265625,0.0,0.01941712014377117
cross_town,Town02,mixed,14,64,131.07608192623786,73.43201446533203,306.5384216308594,0.0,0.01941712014377117
cross_town,Town02,mixed,14,65,133.0760820389279,75.43201446533203,306.5390930175781,0.0,0.01941712014377117
cross_town,Town02,mixed,14,66,135.07608215161792,77.43201446533203,306.5397644042969,0.0,0.01941712014377117
cross_town,Town02,mixed,14,67,137.07608226430796,79.43201446533203,306.5404357910156,0.0,0.01941712014377117
cross_town,Town02,mixed,14,68,139.07608238747537,81.43201446533203,306.5411376953125,0.0,0.01941712014377117
cross_town,Town02,mixed,14,69,141.0760825001654,83.43201446533203,306.54180908203125,0.0,0.01941712014377117
cross_town,Town02,mixed,14,70,143.07608261285543,85.43201446533203,306.54248046875,0.0,0.01941712014377117
cross_town,Town02,mixed,14,71,145.07608272554546,87.43201446533203,306.54315185546875,0.0,0.01941712014377117
cross_town,Town02,mixed,14,72,147.0760828382355,89.43201446533203,306.5438232421875,0.0,0.01941712014377117
cross_town,Town02,mixed,14,73,149.0760829614029,91.43201446533203,306.5445251464844,0.0,0.01941712014377117
cross_town,Town02,mixed,14,74,151.07608307409294,93.43201446533203,306.5451965332031,0.0,0.01941712014377117
cross_town,Town02,mixed,14,75,153.07608318678297,95.43201446533203,306.5458679199219,0.0,0.01941712014377117
cross_town,Town02,mixed,14,76,155.076083299473,97.43201446533203,306.5465393066406,0.0,0.01941712014377117
cross_town,Town02,mixed,14,77,157.07608341216303,99.43201446533203,306.5472106933594,0.0,0.01941712014377117
cross_town,Town02,mixed,14,78,159.07608353533044,101.43201446533203,306.54791259765625,0.0,0.01941712014377117
cross_town,Town02,mixed,14,79,161.07608364802047,103.43201446533203,306.548583984375,0.0,0.01941712014377117
cross_town,Town02,mixed,14,80,163.0760837607105,105.43201446533203,306.54925537109375,0.0,0.01941712014377117
cross_town,Town02,mixed,14,81,165.07608387340053,107.43201446533203,306.5499267578125,0.0,0.01941712014377117
cross_town,Town02,mixed,14,82,167.07608398609057,109.43201446533203,306.55059814453125,0.0,0.01941712014377117
cross_town,Town02,mixed,14,83,169.07608410925798,111.43201446533203,306.5513000488281,0.0,0.01941712014377117
cross_town,Town02,mixed,14,84,171.076084221948,113.43201446533203,306.5519714355469,0.0,0.01941712014377117
cross_town,Town02,mixed,14,85,173.07608433463804,115.43201446533203,306.5526428222656,0.0,0.01941712014377117
cross_town,Town02,mixed,14,86,175.07608444732807,117.43201446533203,306.5533142089844,0.0,0.01941712014377117
cross_town,Town02,mixed,14,87,177.0760845600181,119.43201446533203,306.5539855957031,0.0,0.01941712014377117
cross_town,Town02,mixed,14,88,179.0760846831855,121.43201446533203,306.5546875,0.0,0.01941712014377117
cross_town,Town02,mixed,14,89,181.07608479587554,123.43201446533203,306.55535888671875,0.0,0.01941712014377117
cross_town,Town02,mixed,14,90,183.07608490856558,125.43201446533203,306.5560302734375,0.0,0.01941712014377117
cross_town,Town02,mixed,14,91,185.0760850212556,127.43201446533203,306.55670166015625,0.0,0.01941712014377117
cross_town,Town02,mixed,14,92,187.07609277381707,129.43202209472656,306.5574035644531,0.0,0.01941712014377117
cross_town,Town02,mixed,14,93,189.0760928865071,131.43202209472656,306.5580749511719,0.0,0.01941712014377117
cross_town,Town02,mixed,14,94,191.07609299919713,133.43202209472656,306.5587463378906,0.0,0.01941712014377117
cross_town,Town02,mixed,14,95,193.07609311188716,135.43202209472656,306.5594177246094,0.0,0.01941712014377117
cross_town,Town02,mixed,14,96,195.0789312524653,137.4348602294922,306.5595703125,0.0,-0.0620453767478466
cross_town,Town02,mixed,14,97,197.0795128889668,139.43544006347656,306.556884765625,0.0,-0.07871776074171066
cross_town,Town02,mixed,14,98,199.07951481703643,141.43544006347656,306.5541076660156,0.0,-0.07871776074171066
cross_town,Town02,mixed,14,99,201.07951670296376,143.43544006347656,306.5513610839844,0.0,-0.07871776074171066
cross_town,Town02,mixed,14,100,203.0795033301164,145.4354248046875,306.5486145019531,0.0,-0.07871776074171066
cross_town,Town02,mixed,14,101,205.07950521604374,147.4354248046875,306.5458679199219,0.0,-0.07871776074171066
cross_town,Town02,mixed,14,102,207.07950710197107,149.4354248046875,306.5431213378906,0.0,-0.07871776074171066
cross_town,Town02,mixed,14,103,209.0795089878984,151.4354248046875,306.5403747558594,0.0,-0.07871776074171066
cross_town,Town02,mixed,14,104,211.07951087382574,153.4354248046875,306.5376281738281,0.0,-0.07871776074171066
cross_town,Town02,mixed,14,105,213.07951275975307,155.4354248046875,306.5348815917969,0.0,-0.07871776074171066
cross_town,Town02,mixed,14,106,215.0795146456804,157.4354248046875,306.5321350097656,0.0,-0.07871776074171066
cross_town,Town02,mixed,14,107,217.07951653160774,159.4354248046875,306.5293884277344,0.0,-0.07871776074171066
cross_town,Town02,mixed,14,108,219.0795031587604,161.43540954589844,306.5266418457031,0.0,-0.07871776074171066
cross_town,Town02,mixed,14,109,221.07950504468772,163.43540954589844,306.5238952636719,0.0,-0.07871776074171066
cross_town,Town02,mixed,14,110,223.07950693061505,165.43540954589844,306.5211486816406,0.0,-0.07871776074171066
cross_town,Town02,mixed,14,111,225.0795088165424,167.43540954589844,306.5184020996094,0.0,-0.07871776074171066
cross_town,Town02,mixed,14,112,227.07951070246972,169.43540954589844,306.5156555175781,0.0,-0.07871776074171066
cross_town,Town02,mixed,14,113,229.07951258839705,171.43540954589844,306.5129089355469,0.0,-0.07871776074171066
cross_town,Town02,mixed,14,114,231.07951447432438,173.43540954589844,306.5101623535156,0.0,-0.07871776074171066
cross_town,Town02,mixed,14,115,233.07950110147704,175.43539428710938,306.5074157714844,0.0,-0.07871776074171066
cross_town,Town02,mixed,14,116,235.07950298740437,177.43539428710938,306.5046691894531,0.0,-0.07871776074171066
cross_town,Town02,mixed,14,117,237.0795048733317,179.43539428710938,306.5019226074219,0.0,-0.07871776074171066
cross_town,Town02,mixed,14,118,239.1854999201446,181.54127502441406,306.47998046875,0.0,356.88946533203125
cross_town,Town02,mixed,14,119,241.5278384619158,183.86050415039062,306.1517639160156,0.0,346.9989929199219
cross_town,Town02,mixed,14,120,243.87015941457562,186.0888671875,305.4300537109375,0.0,337.10845947265625
cross_town,Town02,mixed,14,121,246.21249393179826,188.16014099121094,304.3362731933594,0.0,327.2179870605469
cross_town,Town02,mixed,14,122,248.50089647479683,189.9951934814453,302.9690246582031,0.0,318.91241455078125
cross_town,Town02,mixed,14,123,250.95423040490414,191.64764404296875,301.1556701660156,0.0,305.770751953125
cross_town,Town02,mixed,14,124,253.40758574155518,192.84451293945312,299.0140686035156,0.0,292.6291198730469
cross_town,Town02,mixed,14,125,255.86094876424124,193.5231475830078,296.65643310546875,0.0,279.48748779296875
cross_town,Town02,mixed,14,126,258.18728479580096,193.670166015625,294.3347473144531,0.0,-89.96080780029297
cross_town,Town02,mixed,14,127,260.18728526728296,193.67153930664062,292.3347473144531,0.0,-89.96080780029297
cross_town,Town02,mixed,14,128,262.1872857283458,193.6728973388672,290.3347473144531,0.0,-89.96080780029297
cross_town,Town02,mixed,14,129,264.1872861998278,193.6742706298828,288.3347473144531,0.0,-89.96080780029297
cross_town,Town02,mixed,14,130,266.1872866713098,193.67564392089844,286.3347473144531,0.0,-89.96080780029297
cross_town,Town02,mixed,14,131,268.1872871323726,193.677001953125,284.3347473144531,0.0,-89.96080780029297
cross_town,Town02,mixed,14,132,270.1872876038546,193.67837524414062,282.3347473144531,0.0,-89.96080780029297
cross_town,Town02,mixed,14,133,272.1872880753366,193.67974853515625,280.3347473144531,0.0,-89.96080780029297
cross_town,Town02,mixed,14,134,274.1872885363994,193.6811065673828,278.3347473144531,0.0,-89.96080780029297
cross_town,Town02,mixed,14,135,276.1872890078814,193.68247985839844,276.3347473144531,0.0,-89.96080780029297
cross_town,Town02,mixed,14,136,278.1872894793634,193.68385314941406,274.3347473144531,0.0,-89.96080780029297
cross_town,Town02,mixed,14,137,280.18728994042624,193.68521118164062,272.3347473144531,0.0,-89.96080780029297
cross_town,Town02,mixed,14,138,282.18729041190824,193.68658447265625,270.3347473144531,0.0,-89.96080780029297
cross_town,Town02,mixed,14,139,284.18729087297106,193.6879425048828,268.3347473144531,0.0,-89.96080780029297
cross_town,Town02,mixed,14,140,286.18729134445306,193.68931579589844,266.3347473144531,0.0,-89.96080780029297
cross_town,Town02,mixed,14,141,288.18729181593505,193.69068908691406,264.3347473144531,0.0,-89.96080780029297
cross_town,Town02,mixed,14,142,290.1872922769979,193.69204711914062,262.3347473144531,0.0,-89.96080780029297
cross_town,Town02,mixed,14,143,292.1872927484799,193.69342041015625,260.3347473144531,0.0,-89.96080780029297
cross_town,Town02,mixed,14,144,294.1872932199619,193.69479370117188,258.3347473144531,0.0,-89.96080780029297
cross_town,Town02,mixed,14,145,296.1872936810247,193.69615173339844,256.3347473144531,0.0,-89.96080780029297
cross_town,Town02,mixed,14,146,298.1872941525067,193.69752502441406,254.33474731445312,0.0,-89.96080780029297
cross_town,Town02,mixed,14,147,300.1872946239887,193.6988983154297,252.33474731445312,0.0,-89.96080780029297
cross_town,Town02,mixed,14,148,302.1891106809443,193.69992065429688,250.3329315185547,0.0,-90.01294708251953
cross_town,Town02,mixed,14,149,304.18912599211984,193.699462890625,248.33291625976562,0.0,-90.01294708251953
cross_town,Town02,mixed,14,150,306.18911078571807,193.69900512695312,246.3329315185547,0.0,-90.01294708251953
cross_town,Town02,mixed,14,151,308.66775720987107,193.4188995361328,243.8701629638672,0.0,-103.92134857177734
cross_town,Town02,mixed,14,152,311.1912238215897,192.49298095703125,241.522705078125,0.0,-119.1306381225586
cross_town,Town02,mixed,14,153,313.7261445448344,190.97488403320312,239.4926300048828,0.0,-134.6735382080078
cross_town,Town02,mixed,14,154,316.3273062377873,188.8858184814453,237.94284057617188,0.0,-152.18629455566406
cross_town,Town02,mixed,14,155,318.92845422247717,186.42723083496094,237.09353637695312,0.0,-169.69903564453125
cross_town,Town02,mixed,14,156,321.2826118035993,184.07713317871094,236.95533752441406,0.0,-179.96519470214844
cross_town,Town02,mixed,14,157,323.2828868342803,182.0768585205078,236.95411682128906,0.0,-179.96519470214844
cross_town,Town02,mixed,14,158,325.28288719755426,180.0768585205078,236.95291137695312,0.0,-179.96519470214844
cross_town,Town02,mixed,14,159,327.28288757008323,178.0768585205078,236.95169067382812,0.0,-179.96519470214844
cross_town,Town02,mixed,14,160,329.2828879333572,176.0768585205078,236.9504852294922,0.0,-179.96519470214844
cross_town,Town02,mixed,14,161,331.28288830588616,174.0768585205078,236.9492645263672,0.0,-179.96519470214844
cross_town,Town02,mixed,14,162,333.28288867841513,172.0768585205078,236.9480438232422,0.0,-179.96519470214844
cross_town,Town02,mixed,14,163,335.2828890416891,170.0768585205078,236.94683837890625,0.0,-179.96519470214844
cross_town,Town02,mixed,14,164,337.28288941421806,168.0768585205078,236.94561767578125,0.0,-179.96519470214844
cross_town,Town02,mixed,14,165,339.282889777492,166.0768585205078,236.9444122314453,0.0,-179.96519470214844
cross_town,Town02,mixed,14,166,341.282890150021,164.0768585205078,236.9431915283203,0.0,-179.96519470214844
cross_town,Town02,mixed,14,167,343.28289052254996,162.0768585205078,236.9419708251953,0.0,-179.96519470214844
cross_town,Town02,mixed,14,168,345.2828908858239,160.0768585205078,236.94076538085938,0.0,-179.96519470214844
cross_town,Town02,mixed,14,169,347.2828912583529,158.0768585205078,236.93954467773438,0.0,-179.96519470214844
cross_town,Town02,mixed,14,170,349.28289162162685,156.0768585205078,236.93833923339844,0.0,-179.96519470214844
cross_town,Town02,mixed,14,171,351.2828919941558,154.0768585205078,236.93711853027344,0.0,-179.96519470214844
cross_town,Town02,mixed,14,172,353.2828923666848,152.0768585205078,236.93589782714844,0.0,-179.96519470214844
cross_town,Town02,mixed,14,173,355.28289272995875,150.0768585205078,236.9346923828125,0.0,-179.96519470214844
cross_town,Town02,mixed,14,174,357.2828931024877,148.0768585205078,236.9334716796875,0.0,-179.96519470214844
cross_town,Town02,mixed,14,175,359.2828934657617,146.0768585205078,236.93226623535156,0.0,-179.96519470214844
cross_town,Town02,mixed,14,176,361.28289383829065,144.0768585205078,236.93104553222656,0.0,-179.96519470214844
cross_town,Town02,mixed,14,177,363.2828942108196,142.0768585205078,236.92982482910156,0.0,-539.9651489257812
cross_town,Town02,mixed,14,178,365.2828945740936,140.0768585205078,236.92861938476562,0.0,-539.9651489257812
cross_town,Town02,mixed,14,179,367.28289494662255,138.0768585205078,236.92739868164062,0.0,-539.9651489257812
cross_town,Town02,mixed,14,180,369.2828953098965,136.0768585205078,236.9261932373047,0.0,-539.9651489257812
cross_town,Town02,mixed,14,181,371.2828956824255,134.0768585205078,236.9249725341797,0.0,-539.9651489257812
cross_town,Town02,mixed,14,182,373.28289605495445,132.0768585205078,236.9237518310547,0.0,-539.9651489257812
cross_town,Town02,mixed,14,183,375.2828964182284,130.0768585205078,236.92254638671875,0.0,-539.9651489257812
cross_town,Town02,mixed,14,184,377.2828967907574,128.0768585205078,236.92132568359375,0.0,-539.9651489257812
cross_town,Town02,mixed,14,185,379.28289715403133,126.07685852050781,236.9201202392578,0.0,-539.9651489257812
cross_town,Town02,mixed,14,186,381.2828975265603,124.07685852050781,236.9188995361328,0.0,-179.96519470214844
cross_town,Town02,mixed,14,187,383.2828978990893,122.07685852050781,236.9176788330078,0.0,-179.96519470214844
cross_town,Town02,mixed,14,188,385.28289826236323,120.07685852050781,236.91647338867188,0.0,-179.96519470214844
cross_town,Town02,mixed,14,189,387.2828986348922,118.07685852050781,236.91525268554688,0.0,-179.96519470214844
cross_town,Town02,mixed,14,190,389.28289899816616,116.07685852050781,236.91404724121094,0.0,-179.96519470214844
cross_town,Town02,mixed,14,191,391.28289937069513,114.07685852050781,236.91282653808594,0.0,-179.96519470214844
cross_town,Town02,mixed,14,192,393.2828997432241,112.07685852050781,236.91160583496094,0.0,-179.96519470214844
cross_town,Town02,mixed,14,193,395.28290010649806,110.07685852050781,236.910400390625,0.0,-179.96519470214844
cross_town,Town02,mixed,14,194,397.28290047902703,108.07685852050781,236.9091796875,0.0,-179.96519470214844
cross_town,Town02,mixed,14,195,399.282900842301,106.07685852050781,236.90797424316406,0.0,-179.96519470214844
cross_town,Town02,mixed,14,196,401.28290121482996,104.07685852050781,236.90675354003906,0.0,-179.96519470214844
cross_town,Town02,mixed,14,197,403.2829015781039,102.07685852050781,236.90554809570312,0.0,-179.96519470214844
cross_town,Town02,mixed,14,198,405.2829019506329,100.07685852050781,236.90432739257812,0.0,-179.96519470214844
cross_town,Town02,mixed,14,199,407.28290232316186,98.07685852050781,236.90310668945312,0.0,-179.96519470214844
cross_town,Town02,mixed,14,200,409.2829026864358,96.07685852050781,236.9019012451172,0.0,-179.96519470214844
cross_town,Town02,mixed,14,201,411.2829030589648,94.07685852050781,236.9006805419922,0.0,-179.96519470214844
cross_town,Town02,mixed,14,202,413.28289579284564,92.07686614990234,236.89947509765625,0.0,-179.96519470214844
cross_town,Town02,mixed,14,203,415.2828961653746,90.07686614990234,236.89825439453125,0.0,-179.96519470214844
cross_town,Town02,mixed,14,204,417.2828965379036,88.07686614990234,236.89703369140625,0.0,-179.96519470214844
cross_town,Town02,mixed,14,205,419.28289690117754,86.07686614990234,236.8958282470703,0.0,-179.96519470214844
cross_town,Town02,mixed,14,206,421.2828972737065,84.07686614990234,236.8946075439453,0.0,-179.96519470214844
cross_town,Town02,mixed,14,207,423.28289763698046,82.07686614990234,236.89340209960938,0.0,-179.96519470214844
cross_town,Town02,mixed,14,208,425.28289800950944,80.07686614990234,236.89218139648438,0.0,-179.96519470214844
cross_town,Town02,mixed,14,209,427.2828983820384,78.07686614990234,236.89096069335938,0.0,-179.96519470214844
cross_town,Town02,mixed,14,210,429.28289874531237,76.07686614990234,236.88975524902344,0.0,-179.96519470214844
cross_town,Town02,mixed,14,211,431.28289911784134,74.07686614990234,236.88853454589844,0.0,-179.96519470214844
cross_town,Town02,mixed,14,212,433.2828994811153,72.07686614990234,236.8873291015625,0.0,-179.96519470214844
cross_town,Town02,mixed,14,213,435.28289985364427,70.07686614990234,236.8861083984375,0.0,-179.96519470214844
cross_town,Town02,mixed,14,214,437.28290022617324,68.07686614990234,236.8848876953125,0.0,-179.96519470214844
cross_town,Town02,mixed,14,215,439.2829005894472,66.07686614990234,236.88368225097656,0.0,-179.96519470214844
cross_town,Town02,mixed,14,216,441.28290096197617,64.07686614990234,236.88246154785156,0.0,-179.96519470214844
cross_town,Town02,mixed,14,217,443.2829013252501,62.076866149902344,236.88125610351562,0.0,-179.96519470214844
cross_town,Town02,mixed,14,218,445.2829016977791,60.076866149902344,236.88003540039062,0.0,-179.96519470214844
cross_town,Town02,mixed,14,219,447.28290206105305,58.076866149902344,236.8788299560547,0.0,-179.96519470214844
cross_town,Town02,mixed,14,220,449.282902433582,56.076866149902344,236.8776092529297,0.0,-179.96519470214844
cross_town,Town02,mixed,14,221,451.28289899141447,54.07686996459961,236.8763885498047,0.0,-539.9651489257812
cross_town,Town02,mixed,14,222,453.2828993546884,52.07686996459961,236.87518310546875,0.0,-539.9651489257812
cross_town,Town02,mixed,14,223,455.42913396774003,49.930755615234375,236.8979034423828,0.0,-184.16761779785156
cross_town,Town02,mixed,14,224,457.9968912304049,47.42316436767578,237.45050048828125,0.0,-200.6881103515625
cross_town,Town02,mixed,14,225,460.56464669293814,45.176231384277344,238.69334411621094,0.0,-217.20863342285156
cross_town,Town02,mixed,14,226,463.1705778482756,43.36228561401367,240.56430053710938,0.0,-234.8665008544922
cross_town,Town02,mixed,14,227,465.7969605847983,42.210899353027344,242.9248504638672,0.0,-253.13064575195312
cross_town,Town02,mixed,14,228,468.3756282498571,41.854862213134766,245.47882080078125,0.0,-270.00494384765625
cross_town,Town02,mixed,14,229,470.3759029157571,41.855037689208984,247.47909545898438,0.0,-270.00494384765625
cross_town,Town02,mixed,14,230,472.37588766466604,41.8552131652832,249.4790802001953,0.0,89.99503326416016
cross_town,Town02,mixed,14,231,474.37588767203295,41.855384826660156,251.4790802001953,0.0,89.99503326416016
cross_town,Town02,mixed,14,232,476.3758876797309,41.855560302734375,253.4790802001953,0.0,89.99503326416016
cross_town,Town02,mixed,14,233,478.3758876870978,41.85573196411133,255.4790802001953,0.0,89.99503326416016
cross_town,Town02,mixed,14,234,480.3759029535848,41.85590744018555,257.4790954589844,0.0,89.99503326416016
cross_town,Town02,mixed,14,235,482.3759029609517,41.8560791015625,259.4790954589844,0.0,89.99503326416016
cross_town,Town02,mixed,14,236,484.37590296864965,41.85625457763672,261.4790954589844,0.0,89.99503326416016
cross_town,Town02,mixed,14,237,486.37590297601656,41.85642623901367,263.4790954589844,0.0,89.99503326416016
cross_town,Town02,mixed,14,238,488.3759029837145,41.85660171508789,265.4790954589844,0.0,89.99503326416016
cross_town,Town02,mixed,14,239,490.3759029914125,41.85677719116211,267.4790954589844,0.0,89.99503326416016
cross_town,Town02,mixed,14,240,492.3759029987794,41.85694885253906,269.4790954589844,0.0,89.99503326416016
cross_town,Town02,mixed,14,241,494.37590300647736,41.85712432861328,271.4790954589844,0.0,89.99503326416016
cross_town,Town02,mixed,14,242,496.37590301384427,41.857295989990234,273.4790954589844,0.0,89.99503326416016
cross_town,Town02,mixed,14,243,498.37590302154223,41.85747146606445,275.4790954589844,0.0,89.99503326416016
cross_town,Town02,mixed,14,244,500.37590302890914,41.857643127441406,277.4790954589844,0.0,89.99503326416016
cross_town,Town02,mixed,15,0,0.0,193.68223571777344,160.58628845214844,0.0,-89.92216491699219
cross_town,Town02,mixed,15,1,2.000001844250678,193.68495178222656,158.58628845214844,0.0,-89.92216491699219
cross_town,Town02,mixed,15,2,4.000003688501356,193.6876678466797,156.58628845214844,0.0,-89.92216491699219
cross_town,Town02,mixed,15,3,5.999990273977042,193.6903839111328,154.5863037109375,0.0,-89.92216491699219
cross_town,Town02,mixed,15,4,7.99999211822772,193.69309997558594,152.5863037109375,0.0,-89.92216491699219
cross_town,Town02,mixed,15,5,9.999993962478397,193.69581604003906,150.5863037109375,0.0,-89.92216491699219
cross_town,Town02,mixed,15,6,11.999995806729075,193.6985321044922,148.5863037109375,0.0,-89.92216491699219
cross_town,Town02,mixed,15,7,13.999997650979752,193.7012481689453,146.5863037109375,0.0,-89.92216491699219
cross_town,Town02,mixed,15,8,15.999999516010547,193.7039794921875,144.5863037109375,0.0,-89.92216491699219
cross_town,Town02,mixed,15,9,18.000001360261226,193.70669555664062,142.5863037109375,0.0,-89.92216491699219
cross_town,Town02,mixed,15,10,20.000003204511906,193.70941162109375,140.5863037109375,0.0,-89.92216491699219
cross_town,Town02,mixed,15,11,22.000005048762585,193.71212768554688,138.5863037109375,0.0,-89.92216491699219
cross_town,Town02,mixed,15,12,23.99999163423827,193.71484375,136.58631896972656,0.0,-89.92216491699219
cross_town,Town02,mixed,15,13,25.99999347848895,193.71755981445312,134.58631896972656,0.0,-89.92216491699219
cross_town,Town02,mixed,15,14,27.99999532273963,193.72027587890625,132.58631896972656,0.0,-89.92216491699219
cross_town,Town02,mixed,15,15,29.99999716699031,193.72299194335938,130.58631896972656,0.0,-89.92216491699219
cross_town,Town02,mixed,15,16,31.999999011240988,193.7257080078125,128.58631896972656,0.0,-89.92216491699219
cross_town,Town02,mixed,15,17,34.00000085549166,193.72842407226562,126.58631896972656,0.0,-89.92216491699219
cross_town,Town02,mixed,15,18,36.00000269974234,193.73114013671875,124.58631896972656,0.0,-89.92216491699219
cross_town,Town02,mixed,15,19,37.99999691460552,193.73385620117188,122.5863265991211,0.0,-89.92216491699219
cross_town,Town02,mixed,15,20,39.999998758856194,193.736572265625,120.5863265991211,0.0,-89.92216491699219
cross_town,Town02,mixed,15,21,41.99999297371937,193.73928833007812,118.58633422851562,0.0,-89.92216491699219
cross_town,Town02,mixed,15,22,44.17527579460441,193.69630432128906,116.4114761352539,0.0,265.04339599609375
cross_town,Town02,mixed,15,23,46.57481213949142,193.24923706054688,114.053955078125,0.0,253.48077392578125
cross_town,Town02,mixed,15,24,48.97435151913413,192.3386993408203,111.8338851928711,0.0,241.91815185546875
cross_town,Town02,mixed,15,25,51.373885617643516,191.00164794921875,109.84138488769531,0.0,230.35552978515625
cross_town,Town02,mixed,15,26,53.76641962954478,189.29901123046875,108.16053771972656,0.0,218.99822998046875
cross_town,Town02,mixed,15,27,56.15105484896505,187.3090057373047,106.84662628173828,0.0,207.8714599609375
cross_town,Town02,mixed,15,28,58.535707891069904,185.1028289794922,105.94144439697266,0.0,196.7446746826172
cross_town,Town02,mixed,15,29,60.920358144705936,182.76344299316406,105.4790267944336,0.0,185.61788940429688
cross_town,Town02,mixed,15,30,63.11664546109923,180.56793212890625,105.4206314086914,0.0,179.96107482910156
cross_town,Town02,mixed,15,31,65.11664592216206,178.56793212890625,105.42198944091797,0.0,179.96107482910156
cross_town,Town02,mixed,15,32,67.11664638322489,176.56793212890625,105.42334747314453,0.0,179.96107482910156
cross_town,Town02,mixed,15,33,69.11664684428771,174.56793212890625,105.4247055053711,0.0,179.96107482910156
cross_town,Town02,mixed,15,34,71.11664730535054,172.56793212890625,105.42606353759766,0.0,179.96107482910156
cross_town,Town02,mixed,15,35,73.11664776641337,170.56793212890625,105.42742156982422,0.0,179.96107482910156
cross_town,Town02,mixed,15,36,75.11664822747619,168.56793212890625,105.42877960205078,0.0,179.96107482910156
cross_town,Town02,mixed,15,37,77.11664868853902,166.56793212890625,105.43013763427734,0.0,179.96107482910156
cross_town,Town02,mixed,15,38,79.11664914960184,164.56793212890625,105.4314956665039,0.0,179.96107482910156
cross_town,Town02,mixed,15,39,81.11664961066467,162.56793212890625,105.43285369873047,0.0,179.96107482910156
cross_town,Town02,mixed,15,40,83.11665007172749,160.56793212890625,105.43421173095703,0.0,179.96107482910156
cross_town,Town02,mixed,15,41,85.11665053279032,158.56793212890625,105.4355697631836,0.0,179.96107482910156
cross_town,Town02,mixed,15,42,87.11665099385314,156.56793212890625,105.43692779541016,0.0,179.96107482910156
cross_town,Town02,mixed,15,43,89.11665145491597,154.56793212890625,105.43828582763672,0.0,179.96107482910156
cross_town,Town02,mixed,15,44,91.11665191597879,152.56793212890625,105.43964385986328,0.0,179.96107482910156
cross_town,Town02,mixed,15,45,93.11665237704162,150.56793212890625,105.44100189208984,0.0,179.96107482910156
cross_town,Town02,mixed,15,46,95.11665283810444,148.56793212890625,105.4423599243164,0.0,179.96107482910156
cross_town,Town02,mixed,15,47,97.1166533043623,146.56793212890625,105.4437255859375,0.0,179.96107482910156
cross_town,Town02,mixed,15,48,99.11665376542513,144.56793212890625,105.44508361816406,0.0,179.96107482910156
cross_town,Town02,mixed,15,49,101.11665422648795,142.56793212890625,105.44644165039062,0.0,179.96107482910156
cross_town,Town02,mixed,15,50,103.11665468755078,140.56793212890625,105.44779968261719,0.0,179.96107482910156
cross_town,Town02,mixed,15,51,105.1166551486136,138.56793212890625,105.44915771484375,0.0,179.96107482910156
cross_town,Town02,mixed,15,52,107.1139238510761,136.57066345214844,105.44947814941406,0.0,-179.96102905273438
cross_town,Town02,mixed,15,53,109.11392431213892,134.57066345214844,105.4481201171875,0.0,-179.96102905273438
cross_town,Town02,mixed,15,54,111.11392477320175,132.57066345214844,105.44676208496094,0.0,-179.96102905273438
cross_town,Town02,mixed,15,55,113.11392523426457,130.57066345214844,105.44540405273438,0.0,-179.96102905273438
cross_town,Town02,mixed,15,56,115.11392570052243,128.57066345214844,105.44403839111328,0.0,-179.96102905273438
cross_town,Town02,mixed,15,57,117.11393379097802,126.5706558227539,105.44268035888672,0.0,-179.96102905273438
cross_town,Town02,mixed,15,58,119.11393425204085,124.5706558227539,105.44132232666016,0.0,-179.96102905273438
cross_town,Town02,mixed,15,59,121.11392708890595,122.57066345214844,105.43995666503906,0.0,-179.96102905273438
cross_town,Town02,mixed,15,60,123.11392754996878,120.57066345214844,105.4385986328125,0.0,-179.96102905273438
cross_town,Town02,mixed,15,61,125.1139280110316,118.57066345214844,105.43724060058594,0.0,-179.96102905273438
cross_town,Town02,mixed,15,62,127.11392847728946,116.57066345214844,105.43587493896484,0.0,-179.96102905273438
cross_town,Town02,mixed,15,63,129.1139289383523,114.57066345214844,105.43451690673828,0.0,-179.96102905273438
cross_town,Town02,mixed,15,64,131.11392939941513,112.57066345214844,105.43315887451172,0.0,-179.96102905273438
cross_town,Town02,mixed,15,65,133.11392986047795,110.57066345214844,105.43180084228516,0.0,-179.96102905273438
cross_town,Town02,mixed,15,66,135.1139303267358,108.57066345214844,105.43043518066406,0.0,-179.96102905273438
cross_town,Town02,mixed,15,67,137.11393078779864,106.57066345214844,105.4290771484375,0.0,-179.96102905273438
cross_town,Town02,mixed,15,68,139.11393124886146,104.57066345214844,105.42771911621094,0.0,-179.96102905273438
cross_town,Town02,mixed,15,69,141.11393171511932,102.57066345214844,105.42635345458984,0.0,-179.96102905273438
cross_town,Town02,mixed,15,70,143.11393217618215,100.57066345214844,105.42499542236328,0.0,-179.96102905273438
cross_town,Town02,mixed,15,71,145.11393263724497,98.57066345214844,105.42363739013672,0.0,-179.96102905273438
cross_town,Town02,mixed,15,72,147.11393310350283,96.57066345214844,105.42227172851562,0.0,-179.96102905273438
cross_town,Town02,mixed,15,73,149.11393356456566,94.57066345214844,105.42091369628906,0.0,-179.96102905273438
cross_town,Town02,mixed,15,74,151.11393402562848,92.57066345214844,105.4195556640625,0.0,-179.96102905273438
cross_town,Town02,mixed,15,75,153.1139344866913,90.57066345214844,105.41819763183594,0.0,-179.96102905273438
cross_town,Town02,mixed,15,76,155.11393495294917,88.57066345214844,105.41683197021484,0.0,-179.96102905273438
cross_town,Town02,mixed,15,77,157.113935414012,86.57066345214844,105.41547393798828,0.0,-179.96102905273438
cross_town,Town02,mixed,15,78,159.11393587507482,84.57066345214844,105.41411590576172,0.0,-179.96102905273438
cross_town,Town02,mixed,15,79,161.11393634133267,82.57066345214844,105.41275024414062,0.0,-179.96102905273438
cross_town,Town02,mixed,15,80,163.1139368023955,80.57066345214844,105.41139221191406,0.0,-179.96102905273438
cross_town,Town02,mixed,15,81,165.11392963406556,78.57067108154297,105.4100341796875,0.0,-179.96102905273438
cross_town,Town02,mixed,15,82,167.11393010032342,76.57067108154297,105.4086685180664,0.0,-179.96102905273438
cross_town,Town02,mixed,15,83,169.11393056138624,74.57067108154297,105.40731048583984,0.0,-179.96102905273438
cross_town,Town02,mixed,15,84,171.11393102244907,72.57067108154297,105.40595245361328,0.0,-179.96102905273438
cross_town,Town02,mixed,15,85,173.1139314835119,70.57067108154297,105.40459442138672,0.0,-179.96102905273438
cross_town,Town02,mixed,15,86,175.11393194976975,68.57067108154297,105.40322875976562,0.0,-179.96102905273438
cross_town,Town02,mixed,15,87,177.11393241083258,66.57067108154297,105.40187072753906,0.0,-179.96102905273438
cross_town,Town02,mixed,15,88,179.1139328718954,64.57067108154297,105.4005126953125,0.0,-179.96102905273438
cross_town,Town02,mixed,15,89,181.11392952345687,62.570674896240234,105.3991470336914,0.0,-179.96102905273438
cross_town,Town02,mixed,15,90,183.1139299845197,60.570674896240234,105.39778900146484,0.0,-179.96102905273438
cross_town,Town02,mixed,15,91,185.11393044558253,58.570674896240234,105.39643096923828,0.0,-179.96102905273438
cross_town,Town02,mixed,15,92,187.11393091184038,56.570674896240234,105.39506530761719,0.0,-179.96102905273438
cross_town,Town02,mixed,15,93,189.11392374351044,54.570682525634766,105.39370727539062,0.0,-179.96102905273438
cross_town,Town02,mixed,15,94,191.11392420457327,52.570682525634766,105.39234924316406,0.0,-179.96102905273438
cross_town,Town02,mixed,15,95,193.1139246656361,50.570682525634766,105.3909912109375,0.0,-179.96102905273438
cross_town,Town02,mixed,15,96,195.1204253240475,48.56418228149414,105.39228057861328,0.0,-180.1470184326172
cross_town,Town02,mixed,15,97,197.1225125308319,46.56210708618164,105.39921569824219,0.0,179.79315185546875
cross_town,Town02,mixed,15,98,199.12251413706073,44.56211853027344,105.40644073486328,0.0,179.79315185546875
cross_town,Town02,mixed,15,99,201.1225119010704,42.5621337890625,105.41365814208984,0.0,179.79315185546875
cross_town,Town02,mixed,15,100,203.12251347975248,40.5621452331543,105.4208755493164,0.0,179.79315185546875
cross_town,Town02,mixed,15,101,205.12251127130895,38.56216049194336,105.4281005859375,0.0,179.79315185546875
cross_town,Town02,mixed,15,102,207.12251284999104,36.562171936035156,105.43531799316406,0.0,179.79315185546875
cross_town,Town02,mixed,15,103,209.12251442867313,34.56218338012695,105.44253540039062,0.0,179.79315185546875
cross_town,Town02,mixed,15,104,211.1225122202296,32.562198638916016,105.44976043701172,0.0,179.79315185546875
cross_town,Town02,mixed,15,105,213.12251189157547,30.562211990356445,105.45697784423828,0.0,179.79315185546875
cross_town,Town02,mixed,15,106,215.12251156292135,28.562225341796875,105.46419525146484,0.0,179.79315185546875
cross_town,Town02,mixed,15,107,217.122511261814,26.562238693237305,105.47142028808594,0.0,179.79315185546875
cross_town,Town02,mixed,15,108,219.12251093315987,24.562252044677734,105.4786376953125,0.0,179.79315185546875
cross_town,Town02,mixed,15,109,221.12251060450575,22.562265396118164,105.48585510253906,0.0,179.79315185546875
cross_town,Town02,mixed,15,110,223.12251221073458,20.56227684020996,105.49308013916016,0.0,179.79315185546875
cross_town,Town02,mixed,15,111,225.12251188208046,18.56229019165039,105.50029754638672,0.0,179.79315185546875
cross_town,Town02,mixed,15,112,227.12251155342634,16.56230354309082,105.50751495361328,0.0,179.79315185546875
cross_town,Town02,mixed,15,113,229.12251411332326,14.5623140335083,105.51473999023438,0.0,179.79315185546875
cross_town,Town02,mixed,15,114,231.12251187733293,12.562329292297363,105.52195739746094,0.0,179.79315185546875
cross_town,Town02,mixed,15,115,233.12251348356176,10.56234073638916,105.52918243408203,0.0,179.79315185546875
cross_town,Town02,mixed,15,116,235.12251124757142,8.562355995178223,105.5363998413086,0.0,179.79315185546875
cross_town,Town02,mixed,15,117,237.1225128262535,6.5623674392700195,105.54361724853516,0.0,179.79315185546875
cross_town,Town02,mixed,15,118,239.1652140960408,4.5196919441223145,105.55387878417969,0.0,178.5802459716797
cross_town,Town02,mixed,15,119,241.52881394390226,2.1721160411834717,105.8286361694336,0.0,168.06881713867188
cross_town,Town02,mixed,15,120,243.89241595184558,-0.08593988418579102,106.52706146240234,0.0,157.55740356445312
cross_town,Town02,mixed,15,121,246.25601632016588,-2.1786882877349854,107.62570190429688,0.0,147.0459747314453
cross_town,Town02,mixed,15,122,248.58219290960798,-4.029284954071045,109.03509521484375,0.0,137.6410675048828
cross_town,Town02,mixed,15,123,251.0636591107155,-5.6460137367248535,110.91761016845703,0.0,123.6715087890625
cross_town,Town02,mixed,15,124,253.5451366274822,-6.760473251342773,113.13475036621094,0.0,109.70195007324219
cross_town,Town02,mixed,15,125,256.02660392135704,-7.306740760803223,115.55534362792969,0.0,95.73239135742188
cross_town,Town02,mixed,15,126,258.22116184525487,-7.360430717468262,117.7492446899414,0.0,90.12882232666016
cross_town,Town02,mixed,15,127,260.22116689789993,-7.364926338195801,119.7492446899414,0.0,90.12882232666016
cross_town,Town02,mixed,15,128,262.2211566939384,-7.369422912597656,121.74922943115234,0.0,90.12882232666016
cross_town,Town02,mixed,15,129,264.22116174872735,-7.373919486999512,123.74922943115234,0.0,90.12882232666016
cross_town,Town02,mixed,15,130,266.2211668035163,-7.378416061401367,125.74922943115234,0.0,90.12882232666016
cross_town,Town02,mixed,15,131,268.2211565995548,-7.382912635803223,127.74921417236328,0.0,90.12882232666016
cross_town,Town02,mixed,15,132,270.2211540249685,-7.387409210205078,129.74920654296875,0.0,90.12882232666016
cross_town,Town02,mixed,15,133,272.22115907761355,-7.391904830932617,131.74920654296875,0.0,90.12882232666016
cross_town,Town02,mixed,15,134,274.221148873652,-7.396401405334473,133.7491912841797,0.0,90.12882232666016
cross_town,Town02,mixed,15,135,276.22115392844097,-7.400897979736328,135.7491912841797,0.0,90.12882232666016
cross_town,Town02,mixed,15,136,278.22115898322994,-7.405394554138184,137.7491912841797,0.0,90.12882232666016
cross_town,Town02,mixed,15,137,280.2211487792684,-7.409891128540039,139.74917602539062,0.0,90.12882232666016
cross_town,Town02,mixed,15,138,282.22115383191345,-7.414386749267578,141.74917602539062,0.0,90.12882232666016
cross_town,Town02,mixed,15,139,284.2211588867024,-7.418883323669434,143.74917602539062,0.0,90.12882232666016
cross_town,Town02,mixed,15,140,286.2211486827409,-7.423379898071289,145.74916076660156,0.0,90.12882232666016
cross_town,Town02,mixed,15,141,288.22115373752985,-7.4278764724731445,147.74916076660156,0.0,90.12882232666016
cross_town,Town02,mixed,15,142,290.2211587923188,-7.432373046875,149.74916076660156,0.0,90.12882232666016
cross_town,Town02,mixed,15,143,292.22114858835727,-7.4368696212768555,151.7491455078125,0.0,90.12882232666016
cross_town,Town02,mixed,15,144,294.22115364100233,-7.4413652420043945,153.7491455078125,0.0,90.12882232666016
cross_town,Town02,mixed,15,145,296.2211586957913,-7.44586181640625,155.7491455078125,0.0,90.12882232666016
cross_town,Town02,mixed,15,146,298.22114849182975,-7.4503583908081055,157.74913024902344,0.0,90.12882232666016
cross_town,Town02,mixed,15,147,300.2211535466187,-7.454854965209961,159.74913024902344,0.0,90.12882232666016
cross_town,Town02,mixed,15,148,302.2224858348665,-7.459226131439209,161.75045776367188,0.0,450.09075927734375
cross_town,Town02,mixed,15,149,304.22611746407483,-7.45961332321167,163.75408935546875,0.0,89.98706817626953
cross_town,Town02,mixed,15,150,306.2261175150525,-7.459161758422852,165.75408935546875,0.0,89.98706817626953
cross_town,Town02,mixed,15,151,308.2261175660302,-7.458710193634033,167.75408935546875,0.0,89.98706817626953
cross_town,Town02,mixed,15,152,310.2261176170079,-7.458258628845215,169.75408935546875,0.0,89.98706817626953
cross_town,Town02,mixed,15,153,312.2261176679856,-7.4578070640563965,171.75408935546875,0.0,89.98706817626953
cross_town,Town02,mixed,15,154,314.2261177189633,-7.457355499267578,173.75408935546875,0.0,89.98706817626953
cross_town,Town02,mixed,15,155,316.22611776994097,-7.45690393447876,175.75408935546875,0.0,89.98706817626953
cross_town,Town02,mixed,15,156,318.22611782091866,-7.456452369689941,177.75408935546875,0.0,89.98706817626953
cross_town,Town02,mixed,15,157,320.22611787189635,-7.456000804901123,179.75408935546875,0.0,89.98706817626953
cross_town,Town02,mixed,15,158,322.22611792298176,-7.4555487632751465,181.75408935546875,0.0,-270.0129089355469
cross_town,Town02,mixed,15,159,324.22611797395945,-7.455097198486328,183.75408935546875,0.0,89.98706817626953
cross_town,Town02,mixed,15,160,326.7782903241396,-7.198400974273682,186.29331970214844,0.0,73.84666442871094
cross_town,Town02,mixed,15,161,329.64386881627354,-5.813877582550049,188.80223083496094,0.0,48.36964416503906
cross_town,Town02,mixed,15,162,332.35273507177885,-3.6508238315582275,190.43292236328125,0.0,27.616424560546875
cross_town,Town02,mixed,15,163,334.8568818240282,-1.3021771907806396,191.30160522460938,0.0,12.978363037109375
cross_town,Town02,mixed,15,164,337.30293273757906,1.1309466361999512,191.55274963378906,0.0,0.026275634765625
cross_town,Town02,mixed,15,165,339.3031699422117,3.131183624267578,191.55368041992188,0.0,0.026275634765625
cross_town,Town02,mixed,15,166,341.3031696749222,5.13118314743042,191.55459594726562,0.0,0.02626265585422516
cross_town,Town02,mixed,15,167,343.30316988446975,7.13118314743042,191.55551147460938,0.0,0.02626265585422516
cross_town,Town02,mixed,15,168,345.30317057085443,9.131183624267578,191.55642700195312,0.0,0.02626265585422516
cross_town,Town02,mixed,15,169,347.3031698267278,11.131182670593262,191.55734252929688,0.0,0.02626265585422516
cross_town,Town02,mixed,15,170,349.3031700362754,13.131182670593262,191.55825805664062,0.0,0.02626265585422516
cross_town,Town02,mixed,15,171,351.30317024582297,15.131182670593262,191.55917358398438,0.0,0.02626265585422516
cross_town,Town02,mixed,15,172,353.3031695087395,17.131181716918945,191.5601043701172,0.0,0.02626265585422516
cross_town,Town02,mixed,15,173,355.30316971828705,19.131181716918945,191.56101989746094,0.0,0.02626265585422516
cross_town,Town02,mixed,15,174,357.30316992783463,21.131181716918945,191.5619354248047,0.0,0.02626265585422516
cross_town,Town02,mixed,15,175,359.3031701373822,23.131181716918945,191.56285095214844,0.0,0.02626265585422516
cross_town,Town02,mixed,15,176,361.3031703469298,25.131181716918945,191.5637664794922,0.0,0.02626265585422516
cross_town,Town02,mixed,15,177,363.30317055647737,27.131181716918945,191.56468200683594,0.0,0.02626265585422516
cross_town,Town02,mixed,15,178,365.30317076602495,29.131181716918945,191.5655975341797,0.0,0.02626265585422516
cross_town,Town02,mixed,15,179,367.30316906822407,31.131179809570312,191.56651306152344,0.0,0.02626265585422516
cross_town,Town02,mixed,15,180,369.30316927777164,33.13117980957031,191.5674285888672,0.0,0.02626265585422516
cross_town,Town02,mixed,15,181,371.3031733020161,35.13118362426758,191.56834411621094,0.0,-359.97369384765625
cross_town,Town02,mixed,15,182,373.3031696968668,37.13117980957031,191.5692596435547,0.0,-359.97369384765625
cross_town,Town02,mixed,15,183,375.3031699064144,39.13117980957031,191.57017517089844,0.0,-359.97369384765625
cross_town,Town02,mixed,15,184,377.30317011596196,41.13117980957031,191.5710906982422,0.0,-359.97369384765625
cross_town,Town02,mixed,15,185,379.30317032550954,43.13117980957031,191.57200622558594,0.0,-359.97369384765625
cross_town,Town02,mixed,15,186,381.3031705350571,45.13117980957031,191.5729217529297,0.0,-359.97369384765625
cross_town,Town02,mixed,15,187,383.3031707446047,47.13117980957031,191.57383728027344,0.0,-359.97369384765625
cross_town,Town02,mixed,15,188,385.3031709541523,49.13117980957031,191.5747528076172,0.0,-359.97369384765625
cross_town,Town02,mixed,15,189,387.303171170743,51.13117980957031,191.57568359375,0.0,-359.97369384765625
cross_town,Town02,mixed,15,190,389.30317138029056,53.13117980957031,191.57659912109375,0.0,0.02626265585422516
cross_town,Town02,mixed,15,191,391.30317158983814,55.13117980957031,191.5775146484375,0.0,0.02626265585422516
cross_town,Town02,mixed,15,192,393.3031717993857,57.13117980957031,191.57843017578125,0.0,0.02626265585422516
cross_town,Town02,mixed,15,193,395.3031720089333,59.13117980957031,191.579345703125,0.0,0.02626265585422516
cross_town,Town02,mixed,15,194,397.3031722184809,61.13117980957031,191.58026123046875,0.0,0.02626265585422516
cross_town,Town02,mixed,15,195,399.30317242802846,63.13117980957031,191.5811767578125,0.0,0.02626265585422516
cross_town,Town02,mixed,15,196,401.30317263757604,65.13117980957031,191.58209228515625,0.0,0.02626265585422516
cross_town,Town02,mixed,15,197,403.30317285416675,67.13117980957031,191.58302307128906,0.0,0.02626265585422516
cross_town,Town02,mixed,15,198,405.3031730637143,69.13117980957031,191.5839385986328,0.0,0.02626265585422516
cross_town,Town02,mixed,15,199,407.3031732732619,71.13117980957031,191.58485412597656,0.0,0.02626265585422516
cross_town,Town02,mixed,15,200,409.3031734828095,73.13117980957031,191.5857696533203,0.0,0.02626265585422516
cross_town,Town02,mixed,15,201,411.30317369235706,75.13117980957031,191.58668518066406,0.0,0.02626265585422516
cross_town,Town02,mixed,15,202,413.30317390190464,77.13117980957031,191.5876007080078,0.0,0.02626265585422516
cross_town,Town02,mixed,15,203,415.3031741114522,79.13117980957031,191.58851623535156,0.0,0.02626265585422516
cross_town,Town02,mixed,15,204,417.3031743209998,81.13117980957031,191.5894317626953,0.0,0.02626265585422516
cross_town,Town02,mixed,15,205,419.3031745305474,83.13117980957031,191.59034729003906,0.0,0.02626265585422516
cross_town,Town02,mixed,15,206,421.30317474009496,85.13117980957031,191.5912628173828,0.0,0.02626265585422516
cross_town,Town02,mixed,15,207,423.30317494964254,87.13117980957031,191.59217834472656,0.0,0.02626265585422516
cross_town,Town02,mixed,15,208,425.3031751591901,89.13117980957031,191.5930938720703,0.0,0.02626265585422516
cross_town,Town02,mixed,15,209,427.3031753687377,91.13117980957031,191.59400939941406,0.0,0.02626265585422516
cross_town,Town02,mixed,15,210,429.3031755853284,93.13117980957031,191.59494018554688,0.0,0.02626265585422516
cross_town,Town02,mixed,15,211,431.303175794876,95.13117980957031,191.59585571289062,0.0,0.02626265585422516
cross_town,Town02,mixed,15,212,433.30317600442356,97.13117980957031,191.59677124023438,0.0,0.02626265585422516
cross_town,Town02,mixed,15,213,435.30317621397114,99.13117980957031,191.59768676757812,0.0,0.02626265585422516
cross_town,Town02,mixed,15,214,437.303168794125,101.13117218017578,191.59860229492188,0.0,0.02626265585422516
cross_town,Town02,mixed,15,215,439.30316900367256,103.13117218017578,191.59951782226562,0.0,0.02626265585422516
cross_town,Town02,mixed,15,216,441.30316921322014,105.13117218017578,191.60043334960938,0.0,0.02626265585422516
cross_town,Town02,mixed,15,217,443.3031694227677,107.13117218017578,191.60134887695312,0.0,0.02626265585422516
cross_town,Town02,mixed,15,218,445.3031696323153,109.13117218017578,191.60226440429688,0.0,0.02626265585422516
cross_town,Town02,mixed,15,219,447.3031698418629,111.13117218017578,191.60317993164062,0.0,0.02626265585422516
cross_town,Town02,mixed,15,220,449.30317005141046,113.13117218017578,191.60409545898438,0.0,0.02626265585422516
cross_town,Town02,mixed,15,221,451.30317026095804,115.13117218017578,191.60501098632812,0.0,0.02626265585422516
cross_town,Town02,mixed,15,222,453.3031781069424,117.13117980957031,191.60594177246094,0.0,0.02626265585422516
cross_town,Town02,mixed,15,223,455.30316305770253,119.13116455078125,191.6068572998047,0.0,0.02626265585422516
cross_town,Town02,mixed,15,224,457.3031632672501,121.13116455078125,191.60777282714844,0.0,0.02626265585422516
cross_town,Town02,mixed,15,225,459.3031634767977,123.13116455078125,191.6086883544922,0.0,0.02626265585422516
cross_town,Town02,mixed,15,226,461.303171315739,125.13117218017578,191.60960388183594,0.0,0.02626265585422516
cross_town,Town02,mixed,15,227,463.3031715252866,127.13117218017578,191.6105194091797,0.0,0.02626265585422516
cross_town,Town02,mixed,15,228,465.30316410544043,129.13116455078125,191.61143493652344,0.0,0.02626265585422516
cross_town,Town02,mixed,15,229,467.303164314988,131.13116455078125,191.6123504638672,0.0,0.02626265585422516
cross_town,Town02,mixed,15,230,469.3031645245356,133.13116455078125,191.61326599121094,0.0,0.02626265585422516
cross_town,Town02,mixed,15,231,471.30316473408317,135.13116455078125,191.6141815185547,0.0,0.02626265585422516
cross_town,Town02,mixed,15,232,473.30316494363075,137.13116455078125,191.61509704589844,0.0,0.02626265585422516
cross_town,Town02,mixed,15,233,475.3031651531783,139.13116455078125,191.6160125732422,0.0,0.02626265585422516
cross_town,Town02,mixed,15,234,477.3031653627259,141.13116455078125,191.61692810058594,0.0,0.02626265585422516
cross_town,Town02,mixed,15,235,479.3031655722735,143.13116455078125,191.6178436279297,0.0,0.02626265585422516
cross_town,Town02,mixed,15,236,481.30318104060854,145.1311798095703,191.61875915527344,0.0,0.02626265585422516
cross_town,Town02,mixed,15,237,483.3031812501561,147.1311798095703,191.6196746826172,0.0,0.02626265585422516
cross_town,Town02,mixed,15,238,485.3031814597037,149.1311798095703,191.62059020996094,0.0,0.02626265585422516
cross_town,Town02,mixed,15,239,487.3031816692513,151.1311798095703,191.6215057373047,0.0,0.02626265585422516
cross_town,Town02,mixed,15,240,489.30318187879885,153.1311798095703,191.62242126464844,0.0,0.02626265585422516
cross_town,Town02,mixed,15,241,491.30318208834643,155.1311798095703,191.6233367919922,0.0,0.02626265585422516
cross_town,Town02,mixed,15,242,493.303182297894,157.1311798095703,191.62425231933594,0.0,0.02626265585422516
cross_town,Town02,mixed,15,243,495.3031825144847,159.1311798095703,191.62518310546875,0.0,0.02626265585422516
cross_town,Town02,mixed,15,244,497.3031827240323,161.1311798095703,191.6260986328125,0.0,0.02626265585422516
cross_town,Town02,mixed,15,245,499.3031829335799,163.1311798095703,191.62701416015625,0.0,0.02626265585422516
cross_town,Town02,mixed,16,0,0.0,37.452880859375,105.4321060180664,0.0,179.79315185546875
cross_town,Town02,mixed,16,1,1.9999977640096638,35.45289611816406,105.43932342529297,0.0,179.79315185546875
cross_town,Town02,mixed,16,2,3.999999342691754,33.45290756225586,105.44654083251953,0.0,179.79315185546875
cross_town,Town02,mixed,16,3,5.999997134248224,31.452922821044922,105.45376586914062,0.0,179.79315185546875
cross_town,Town02,mixed,16,4,7.999996805594101,29.45293617248535,105.46098327636719,0.0,179.79315185546875
cross_town,Town02,mixed,16,5,9.999996476939979,27.45294952392578,105.46820068359375,0.0,179.79315185546875
cross_town,Town02,mixed,16,6,11.999998083168823,25.452960968017578,105.47542572021484,0.0,179.79315185546875
cross_town,Town02,mixed,16,7,13.9999977545147,23.452974319458008,105.4826431274414,0.0,179.79315185546875
cross_town,Town02,mixed,16,8,15.999997425860577,21.452987670898438,105.48986053466797,0.0,179.79315185546875
cross_town,Town02,mixed,16,9,17.999997124753236,19.453001022338867,105.49708557128906,0.0,179.79315185546875
cross_town,Town02,mixed,16,10,19.99999679609911,17.453014373779297,105.50430297851562,0.0,179.79315185546875
cross_town,Town02,mixed,16,11,21.999997421113093,15.45302677154541,105.51152038574219,0.0,179.79315185546875
cross_town,Town02,mixed,16,12,23.999999027341936,13.453038215637207,105.51874542236328,0.0,179.79315185546875
cross_town,Town02,mixed,16,13,25.9999967913516,11.45305347442627,105.52596282958984,0.0,179.79315185546875
cross_town,Town02,mixed,16,14,27.99999837003369,9.453064918518066,105.5331802368164,0.0,179.79315185546875
cross_town,Town02,mixed,16,15,29.999999976262536,7.453076362609863,105.5404052734375,0.0,179.79315185546875
cross_town,Town02,mixed,16,16,31.9999977402722,5.453091621398926,105.54762268066406,0.0,179.79315185546875
cross_town,Town02,mixed,16,17,34.244347537195644,3.2112202644348145,105.65306854248047,0.0,172.7501678466797
cross_town,Town02,mixed,16,18,36.60794806477046,0.903696596622467,106.16487121582031,0.0,162.23873901367188
cross_town,Town02,mixed,16,19,38.97154623894132,-1.2717351913452148,107.08904266357422,0.0,151.72732543945312
cross_town,Town02,mixed,16,20,41.271032835242764,-3.194437026977539,108.35033416748047,0.0,143.07020568847656
cross_town,Town02,mixed,16,21,43.72512426970579,-4.982964515686035,110.03073120117188,0.0,129.89297485351562
cross_town,Town02,mixed,16,22,46.206594103254766,-6.331134796142578,112.11402893066406,0.0,115.92340850830078
cross_town,Town02,mixed,16,23,48.688069285401404,-7.136509895324707,114.46117401123047,0.0,101.95384979248047
cross_town,Town02,mixed,16,24,51.09568034865928,-7.358428001403809,116.85853576660156,0.0,90.12882232666016
cross_town,Town02,mixed,16,25,53.09567777407298,-7.362924575805664,118.85852813720703,0.0,90.12882232666016
cross_town,Town02,mixed,16,26,55.09567519734277,-7.367420196533203,120.8585205078125,0.0,90.12882232666016
cross_town,Town02,mixed,16,27,57.095672622756474,-7.371916770935059,122.85851287841797,0.0,90.12882232666016
cross_town,Town02,mixed,16,28,59.095677677545424,-7.376413345336914,124.85851287841797,0.0,90.12882232666016
cross_town,Town02,mixed,16,29,61.09567510295913,-7.3809099197387695,126.85850524902344,0.0,90.12882232666016
cross_town,Town02,mixed,16,30,63.09566489899758,-7.385406494140625,128.85848999023438,0.0,90.12882232666016
cross_town,Town02,mixed,16,31,65.09566995378654,-7.3899030685424805,130.85848999023438,0.0,90.12882232666016
cross_town,Town02,mixed,16,32,67.09565974768108,-7.3943986892700195,132.8584747314453,0.0,90.12882232666016
cross_town,Town02,mixed,16,33,69.09566480247003,-7.398895263671875,134.8584747314453,0.0,90.12882232666016
cross_town,Town02,mixed,16,34,71.09566985725897,-7.4033918380737305,136.8584747314453,0.0,90.12882232666016
cross_town,Town02,mixed,16,35,73.09567491204791,-7.407888412475586,138.8584747314453,0.0,90.12882232666016
cross_town,Town02,mixed,16,36,75.09566470808636,-7.412384986877441,140.85845947265625,0.0,90.12882232666016
cross_town,Town02,mixed,16,37,77.0956697628753,-7.416881561279297,142.85845947265625,0.0,90.12882232666016
cross_town,Town02,mixed,16,38,79.09565955676985,-7.421377182006836,144.8584442138672,0.0,90.12882232666016
cross_town,Town02,mixed,16,39,81.09566461155879,-7.425873756408691,146.8584442138672,0.0,90.12882232666016
cross_town,Town02,mixed,16,40,83.09566966634773,-7.430370330810547,148.8584442138672,0.0,90.12882232666016
cross_town,Town02,mixed,16,41,85.09567472113667,-7.434866905212402,150.8584442138672,0.0,90.12882232666016
cross_town,Town02,mixed,16,42,87.09566451717512,-7.439363479614258,152.85842895507812,0.0,90.12882232666016
cross_town,Town02,mixed,16,43,89.09566956982017,-7.443859100341797,154.85842895507812,0.0,90.12882232666016
cross_town,Town02,mixed,16,44,91.09567462460913,-7.448355674743652,156.85842895507812,0.0,90.12882232666016
cross_town,Town02,mixed,16,45,93.09566442064758,-7.452852249145508,158.85841369628906,0.0,90.12882232666016
cross_town,Town02,mixed,16,46,95.09566947543652,-7.457348823547363,160.85841369628906,0.0,90.12882232666016
cross_town,Town02,mixed,16,47,97.10063009807166,-7.459814548492432,162.86337280273438,0.0,89.98706817626953
cross_town,Town02,mixed,16,48,99.10063014904935,-7.459362983703613,164.86337280273438,0.0,89.98706817626953
cross_town,Town02,mixed,16,49,101.10063020002704,-7.458911418914795,166.86337280273438,0.0,89.98706817626953
cross_town,Town02,mixed,16,50,103.10063025100473,-7.458459854125977,168.86337280273438,0.0,89.98706817626953
cross_town,Town02,mixed,16,51,105.10063030198242,-7.458008289337158,170.86337280273438,0.0,89.98706817626953
cross_town,Town02,mixed,16,52,107.10063035296011,-7.45755672454834,172.86337280273438,0.0,89.98706817626953
cross_town,Town02,mixed,16,53,109.1006304039378,-7.4571051597595215,174.86337280273438,0.0,89.98706817626953
cross_town,Town02,mixed,16,54,111.10063045491549,-7.456653594970703,176.86337280273438,0.0,89.98706817626953
cross_town,Town02,mixed,16,55,113.10063050589318,-7.456202030181885,178.86337280273438,0.0,89.98706817626953
cross_town,Town02,mixed,16,56,115.10063055687087,-7.455750465393066,180.86337280273438,0.0,89.98706817626953
cross_town,Town02,mixed,16,57,117.10063060795628,-7.45529842376709,182.86337280273438,0.0,-270.0129089355469
cross_town,Town02,mixed,16,58,119.26745730721133,-7.432077407836914,185.0300750732422,0.0,85.19306945800781
cross_town,Town02,mixed,16,59,122.1330380646476,-6.568215370178223,187.76234436035156,0.0,59.716033935546875
cross_town,Town02,mixed,16,60,124.99860326618605,-4.6130781173706055,189.85731506347656,0.0,34.23899841308594
cross_town,Town02,mixed,16,61,127.5063267939695,-2.375267267227173,190.98907470703125,0.0,19.497543334960938
cross_town,Town02,mixed,16,62,130.01046620348765,0.0725187361240387,191.517333984375,0.0,4.8594818115234375
cross_town,Town02,mixed,16,63,132.17847561389368,2.2402303218841553,191.5532684326172,0.0,0.026275634765625
cross_town,Town02,mixed,16,64,134.1787125730655,4.240467071533203,191.55418395996094,0.0,0.02626265585422516
cross_town,Town02,mixed,16,65,136.17871230577595,6.240466594696045,191.5550994873047,0.0,0.02626265585422516
cross_town,Town02,mixed,16,66,138.17871299216063,8.240467071533203,191.55601501464844,0.0,0.02626265585422516
cross_town,Town02,mixed,16,67,140.17871320875133,10.240467071533203,191.55694580078125,0.0,0.02626265585422516
cross_town,Town02,mixed,16,68,142.17871246462468,12.240466117858887,191.557861328125,0.0,0.02626265585422516
cross_town,Town02,mixed,16,69,144.17871267417226,14.240466117858887,191.55877685546875,0.0,0.02626265585422516
cross_town,Town02,mixed,16,70,146.1787119300456,16.24046516418457,191.5596923828125,0.0,0.02626265585422516
cross_town,Town02,mixed,16,71,148.1787121395932,18.24046516418457,191.56060791015625,0.0,0.02626265585422516
cross_town,Town02,mixed,16,72,150.17871234914077,20.24046516418457,191.5615234375,0.0,0.02626265585422516
cross_town,Town02,mixed,16,73,152.17871255868835,22.24046516418457,191.56243896484375,0.0,0.02626265585422516
cross_town,Town02,mixed,16,74,154.17871276823593,24.24046516418457,191.5633544921875,0.0,0.02626265585422516
cross_town,Town02,mixed,16,75,156.1787129777835,26.24046516418457,191.56427001953125,0.0,0.02626265585422516
cross_town,Town02,mixed,16,76,158.17871318733108,28.24046516418457,191.565185546875,0.0,0.02626265585422516
cross_town,Town02,mixed,16,77,160.17871339687866,30.24046516418457,191.56610107421875,0.0,0.02626265585422516
cross_town,Town02,mixed,16,78,162.17871551377468,32.2404670715332,191.5670166015625,0.0,0.02626265585422516
cross_town,Town02,mixed,16,79,164.1787119086254,34.24046325683594,191.56793212890625,0.0,0.02626265585422516
cross_town,Town02,mixed,16,80,166.17871593286984,36.2404670715332,191.56884765625,0.0,-359.97369384765625
cross_town,Town02,mixed,16,81,168.17871232772055,38.24046325683594,191.56976318359375,0.0,-359.97369384765625
cross_town,Town02,mixed,16,82,170.17871253726813,40.24046325683594,191.5706787109375,0.0,-359.97369384765625
cross_town,Town02,mixed,16,83,172.1787127468157,42.24046325683594,191.57159423828125,0.0,-359.97369384765625
cross_town,Town02,mixed,16,84,174.17871295636328,44.24046325683594,191.572509765625,0.0,-359.97369384765625
cross_town,Town02,mixed,16,85,176.17871316591086,46.24046325683594,191.57342529296875,0.0,-359.97369384765625
cross_town,Town02,mixed,16,86,178.17871338250157,48.24046325683594,191.57435607910156,0.0,-359.97369384765625
cross_town,Town02,mixed,16,87,180.17871359204915,50.24046325683594,191.5752716064453,0.0,-359.97369384765625
cross_town,Town02,mixed,16,88,182.17871380159673,52.24046325683594,191.57618713378906,0.0,-359.97369384765625
cross_town,Town02,mixed,16,89,184.1787140111443,54.24046325683594,191.5771026611328,0.0,0.02626265585422516
cross_town,Town02,mixed,16,90,186.1787142206919,56.24046325683594,191.57801818847656,0.0,0.02626265585422516
cross_town,Town02,mixed,16,91,188.17871443023947,58.24046325683594,191.5789337158203,0.0,0.02626265585422516
cross_town,Town02,mixed,16,92,190.17871464683017,60.24046325683594,191.57986450195312,0.0,0.02626265585422516
cross_town,Town02,mixed,16,93,192.17871485637775,62.24046325683594,191.58078002929688,0.0,0.02626265585422516
cross_town,Town02,mixed,16,94,194.17871506592533,64.24046325683594,191.58169555664062,0.0,0.02626265585422516
cross_town,Town02,mixed,16,95,196.1787152754729,66.24046325683594,191.58261108398438,0.0,0.02626265585422516
cross_town,Town02,mixed,16,96,198.1787154850205,68.24046325683594,191.58352661132812,0.0,0.02626265585422516
cross_town,Town02,mixed,16,97,200.17871569456807,70.24046325683594,191.58444213867188,0.0,0.02626265585422516
cross_town,Town02,mixed,16,98,202.17871590411565,72.24046325683594,191.58535766601562,0.0,0.02626265585422516
cross_town,Town02,mixed,16,99,204.17871611366323,74.24046325683594,191.58627319335938,0.0,0.02626265585422516
cross_town,Town02,mixed,16,100,206.1787163232108,76.24046325683594,191.58718872070312,0.0,0.02626265585422516
cross_town,Town02,mixed,16,101,208.1787165327584,78.24046325683594,191.58810424804688,0.0,0.02626265585422516
cross_town,Town02,mixed,16,102,210.17871674230597,80.24046325683594,191.58901977539062,0.0,0.02626265585422516
cross_town,Town02,mixed,16,103,212.17871695185354,82.24046325683594,191.58993530273438,0.0,0.02626265585422516
cross_town,Town02,mixed,16,104,214.17871716140112,84.24046325683594,191.59085083007812,0.0,0.02626265585422516
cross_town,Town02,mixed,16,105,216.17871737799183,86.24046325683594,191.59178161621094,0.0,0.02626265585422516
cross_town,Town02,mixed,16,106,218.1787175875394,88.24046325683594,191.5926971435547,0.0,0.02626265585422516
cross_town,Town02,mixed,16,107,220.178717797087,90.24046325683594,191.59361267089844,0.0,0.02626265585422516
cross_town,Town02,mixed,16,108,222.17871800663457,92.24046325683594,191.5945281982422,0.0,0.02626265585422516
cross_town,Town02,mixed,16,109,224.17871821618215,94.24046325683594,191.59544372558594,0.0,0.02626265585422516
cross_town,Town02,mixed,16,110,226.17871842572973,96.24046325683594,191.5963592529297,0.0,0.02626265585422516
cross_town,Town02,mixed,16,111,228.1787186352773,98.24046325683594,191.59727478027344,0.0,0.02626265585422516
cross_town,Town02,mixed,16,112,230.17871884482489,100.24046325683594,191.5981903076172,0.0,0.02626265585422516
cross_town,Town02,mixed,16,113,232.17871142497873,102.2404556274414,191.59910583496094,0.0,0.02626265585422516
cross_town,Town02,mixed,16,114,234.1787116345263,104.2404556274414,191.6000213623047,0.0,0.02626265585422516
cross_town,Town02,mixed,16,115,236.1787118440739,106.2404556274414,191.60093688964844,0.0,0.02626265585422516
cross_town,Town02,mixed,16,116,238.17871205362147,108.2404556274414,191.6018524169922,0.0,0.02626265585422516
cross_town,Town02,mixed,16,117,240.17871227021217,110.2404556274414,191.602783203125,0.0,0.02626265585422516
cross_town,Town02,mixed,16,118,242.17871247975975,112.2404556274414,191.60369873046875,0.0,0.02626265585422516
cross_town,Town02,mixed,16,119,244.17871268930733,114.2404556274414,191.6046142578125,0.0,0.02626265585422516
cross_town,Town02,mixed,16,120,246.1787128988549,116.2404556274414,191.60552978515625,0.0,0.02626265585422516
cross_town,Town02,mixed,16,121,248.1787207377962,118.24046325683594,191.6064453125,0.0,0.02626265585422516
cross_town,Town02,mixed,16,122,250.17872094734378,120.24046325683594,191.60736083984375,0.0,0.02626265585422516
cross_town,Town02,mixed,16,123,252.17870589810389,122.24044799804688,191.6082763671875,0.0,0.02626265585422516
cross_town,Town02,mixed,16,124,254.17871373704517,124.2404556274414,191.60919189453125,0.0,-359.97369384765625
cross_town,Town02,mixed,16,125,256.1787139465927,126.2404556274414,191.610107421875,0.0,-359.97369384765625
cross_town,Town02,mixed,16,126,258.03022732757995,128.09193420410156,191.6214599609375,0.0,-355.7266845703125
cross_town,Town02,mixed,16,127,259.33672935062,129.35899353027344,191.9400634765625,0.0,-336.0440979003906
cross_town,Town02,mixed,16,128,260.64322174578496,130.4447021484375,192.66680908203125,0.0,-316.36151123046875
cross_town,Town02,mixed,16,129,262.06782623128026,131.305419921875,193.802001953125,0.0,-300.01171875
cross_town,Town02,mixed,16,130,263.5832892052128,131.90057373046875,195.19570922851562,0.0,-286.23565673828125
cross_town,Town02,mixed,16,131,265.0987751602474,132.146728515625,196.69107055664062,0.0,-272.4595642089844
cross_town,Town02,mixed,16,132,267.01107211160524,132.15086364746094,198.60336303710938,0.0,-269.94189453125
cross_town,Town02,mixed,16,133,269.0110883845966,132.1488494873047,200.60337829589844,0.0,90.0580825805664
cross_town,Town02,mixed,16,134,271.01107415545044,132.14682006835938,202.60336303710938,0.0,90.0580825805664
cross_town,Town02,mixed,16,135,273.0110751850855,132.14479064941406,204.60336303710938,0.0,90.0580825805664
cross_town,Town02,mixed,16,136,275.0110762147205,132.14276123046875,206.60336303710938,0.0,90.0580825805664
cross_town,Town02,mixed,16,137,277.01107724435553,132.14073181152344,208.60336303710938,0.0,90.0580825805664
cross_town,Town02,mixed,16,138,279.01107827399056,132.13870239257812,210.60336303710938,0.0,90.0580825805664
cross_town,Town02,mixed,16,139,281.0110793036256,132.1366729736328,212.60336303710938,0.0,90.0580825805664
cross_town,Town02,mixed,16,140,283.0110803178356,132.13465881347656,214.60336303710938,0.0,90.0580825805664
cross_town,Town02,mixed,16,141,285.0110813474706,132.13262939453125,216.60336303710938,0.0,90.0580825805664
cross_town,Town02,mixed,16,142,287.01108237710565,132.13059997558594,218.60336303710938,0.0,90.0580825805664
cross_town,Town02,mixed,16,143,289.0110834067407,132.12857055664062,220.60336303710938,0.0,90.0580825805664
cross_town,Town02,mixed,16,144,291.0110844363757,132.1265411376953,222.60336303710938,0.0,90.0580825805664
cross_town,Town02,mixed,16,145,293.01108546601074,132.12451171875,224.60336303710938,0.0,90.0580825805664
cross_town,Town02,mixed,16,146,295.01108649564577,132.1224822998047,226.60336303710938,0.0,90.0580825805664
cross_town,Town02,mixed,16,147,297.0110722510745,132.12046813964844,228.6033477783203,0.0,90.0580825805664
cross_town,Town02,mixed,16,148,299.01108853949074,132.11843872070312,230.60336303710938,0.0,-269.9419250488281
cross_town,Town02,mixed,16,149,301.0110895691258,132.1164093017578,232.60336303710938,0.0,90.0580825805664
cross_town,Town02,mixed,16,150,303.5758240455272,132.44866943359375,235.146484375,0.0,73.58683013916016
cross_town,Town02,mixed,16,151,306.21361374334987,133.5932159423828,237.5230255126953,0.0,54.98236846923828
cross_town,Town02,mixed,16,152,308.86405339787774,135.44891357421875,239.41543579101562,0.0,36.00042724609375
cross_town,Town02,mixed,16,153,311.526681472938,137.8353729248047,240.59628295898438,0.0,16.6536865234375
cross_town,Town02,mixed,16,154,314.0961096808491,140.38319396972656,240.92880249023438,0.0,0.0348052978515625
cross_town,Town02,mixed,16,155,316.09633892591745,142.3834228515625,240.9300079345703,0.0,-359.96514892578125
cross_town,Town02,mixed,16,156,318.0963392984464,144.3834228515625,240.9312286376953,0.0,0.0348052978515625
cross_town,Town02,mixed,16,157,320.0963396709754,146.3834228515625,240.9324493408203,0.0,0.0348052978515625
cross_town,Town02,mixed,16,158,322.09634004350437,148.3834228515625,240.9336700439453,0.0,0.0348052978515625
cross_town,Town02,mixed,16,159,324.0963404067783,150.3834228515625,240.93487548828125,0.0,0.0348052978515625
cross_town,Town02,mixed,16,160,326.0963407793073,152.3834228515625,240.93609619140625,0.0,0.0348052978515625
cross_town,Town02,mixed,16,161,328.09634114258125,154.3834228515625,240.9373016357422,0.0,0.0348052978515625
cross_town,Town02,mixed,16,162,330.0963415151102,156.3834228515625,240.9385223388672,0.0,0.0348052978515625
cross_town,Town02,mixed,16,163,332.0963418876392,158.3834228515625,240.9397430419922,0.0,0.0348052978515625
cross_town,Town02,mixed,16,164,334.09634225091315,160.3834228515625,240.94094848632812,0.0,0.0348052978515625
cross_town,Town02,mixed,16,165,336.0963426234421,162.3834228515625,240.94216918945312,0.0,0.0348052978515625
cross_town,Town02,mixed,16,166,338.0963429867161,164.3834228515625,240.94337463378906,0.0,0.0348052978515625
cross_town,Town02,mixed,16,167,340.09634335924505,166.3834228515625,240.94459533691406,0.0,0.0348052978515625
cross_town,Town02,mixed,16,168,342.096343722519,168.3834228515625,240.94580078125,0.0,0.0348052978515625
cross_town,Town02,mixed,16,169,344.096344095048,170.3834228515625,240.947021484375,0.0,0.0348052978515625
cross_town,Town02,mixed,16,170,346.09634446757696,172.3834228515625,240.9482421875,0.0,0.0348052978515625
cross_town,Town02,mixed,16,171,348.0963448308509,174.3834228515625,240.94944763183594,0.0,0.0348052978515625
cross_town,Town02,mixed,16,172,350.0963452033799,176.3834228515625,240.95066833496094,0.0,0.0348052978515625
cross_town,Town02,mixed,16,173,352.09634556665384,178.3834228515625,240.95187377929688,0.0,0.0348052978515625
cross_town,Town02,mixed,16,174,354.0963459391828,180.3834228515625,240.95309448242188,0.0,0.0348052978515625
cross_town,Town02,mixed,16,175,356.0963463117118,182.3834228515625,240.95431518554688,0.0,0.0348052978515625
cross_town,Town02,mixed,16,176,358.06843871384217,184.3555145263672,240.9560089111328,0.0,0.8344573974609375
cross_town,Town02,mixed,16,177,359.51494306412815,185.78538513183594,241.17474365234375,0.0,16.56024169921875
cross_town,Town02,mixed,16,178,360.9614615125888,187.1024627685547,241.77284240722656,0.0,32.286041259765625
cross_town,Town02,mixed,16,179,362.41165908195575,188.21075439453125,242.7081298828125,0.0,47.90605163574219
cross_town,Town02,mixed,16,180,363.89273968402375,189.05433654785156,243.9254913330078,0.0,62.65465545654297
cross_town,Town02,mixed,16,181,365.37382795751057,189.5601806640625,245.31752014160156,0.0,77.40325927734375
cross_town,Town02,mixed,16,182,366.93059344579336,189.69912719726562,246.86807250976562,0.0,89.98705291748047
cross_town,Town02,mixed,16,183,368.9308986739535,189.6995849609375,248.86837768554688,0.0,89.98705291748047
cross_town,Town02,mixed,16,184,370.9293728183481,189.69989013671875,250.86685180664062,0.0,90.03006744384766
cross_town,Town02,mixed,16,185,372.92906810370005,189.6985321044922,252.86654663085938,0.0,90.03919219970703
cross_town,Town02,mixed,16,186,374.92905331639656,189.69715881347656,254.8665313720703,0.0,90.03919219970703
cross_town,Town02,mixed,16,187,376.92906904666404,189.69578552246094,256.8665466308594,0.0,90.03919219970703
cross_town,Town02,mixed,16,188,378.92906950772687,189.69442749023438,258.8665466308594,0.0,90.03919219970703
cross_town,Town02,mixed,16,189,380.92906997920886,189.69305419921875,260.8665466308594,0.0,90.03919219970703
cross_town,Town02,mixed,16,190,382.92907045069086,189.69168090820312,262.8665466308594,0.0,90.03919219970703
cross_town,Town02,mixed,16,191,384.9290709117537,189.69032287597656,264.8665466308594,0.0,90.03919219970703
cross_town,Town02,mixed,16,192,386.9290713832357,189.68894958496094,266.8665466308594,0.0,90.03919219970703
cross_town,Town02,mixed,16,193,388.9290718442985,189.68759155273438,268.8665466308594,0.0,90.03919219970703
cross_town,Town02,mixed,16,194,390.9290723157805,189.68621826171875,270.8665466308594,0.0,90.03919219970703
cross_town,Town02,mixed,16,195,392.9290727872625,189.68484497070312,272.8665466308594,0.0,90.03919219970703
cross_town,Town02,mixed,16,196,394.9290732483253,189.68348693847656,274.8665466308594,0.0,90.03919219970703
cross_town,Town02,mixed,16,197,396.9290737198073,189.68211364746094,276.8665466308594,0.0,90.03919219970703
cross_town,Town02,mixed,16,198,398.9290741912893,189.6807403564453,278.8665466308594,0.0,90.03919219970703
cross_town,Town02,mixed,16,199,400.92904413478107,189.67938232421875,280.86651611328125,0.0,90.03919219970703
cross_town,Town02,mixed,16,200,402.92904460626306,189.67800903320312,282.86651611328125,0.0,90.03919219970703
cross_town,Town02,mixed,16,201,404.92904507774506,189.6766357421875,284.86651611328125,0.0,90.03919219970703
cross_town,Town02,mixed,16,202,406.9290455388079,189.67527770996094,286.86651611328125,0.0,90.03919219970703
cross_town,Town02,mixed,16,203,408.9290460102899,189.6739044189453,288.86651611328125,0.0,90.03919219970703
cross_town,Town02,mixed,16,204,410.9290464817719,189.6725311279297,290.86651611328125,0.0,90.03919219970703
cross_town,Town02,mixed,16,205,412.9290469428347,189.67117309570312,292.86651611328125,0.0,90.03919219970703
cross_town,Town02,mixed,16,206,414.9290474143167,189.6697998046875,294.86651611328125,0.0,90.0391845703125
cross_town,Town02,mixed,16,207,416.4732597738504,189.49755859375,296.4010925292969,0.0,102.99979400634766
cross_town,Town02,mixed,16,208,418.01117209324076,188.98240661621094,297.85015869140625,0.0,116.14143371582031
cross_town,Town02,mixed,16,209,419.549026796989,188.1513214111328,299.14410400390625,0.0,129.2830810546875
cross_town,Town02,mixed,16,210,421.0869303817555,187.0477752685547,300.2152404785156,0.0,142.4247283935547
cross_town,Town02,mixed,16,211,422.82606099222113,185.61715698242188,301.2041320800781,0.0,149.86135864257812
cross_town,Town02,mixed,16,212,424.4787468301433,184.12167358398438,301.9076232910156,0.0,159.7518768310547
cross_town,Town02,mixed,16,213,426.1314616398162,182.52755737304688,302.34381103515625,0.0,169.6423797607422
cross_town,Town02,mixed,16,214,427.7841695265337,180.88221740722656,302.49969482421875,0.0,179.5328826904297
cross_town,Town02,mixed,16,215,429.7710186555667,178.89537048339844,302.5026550292969,0.0,179.92127990722656
cross_town,Town02,mixed,16,216,431.77100528271933,176.8953857421875,302.5054016113281,0.0,179.92127990722656
cross_town,Town02,mixed,16,217,433.77100716864663,174.8953857421875,302.5081481933594,0.0,179.92127990722656
cross_town,Town02,mixed,16,218,435.77100905457394,172.8953857421875,302.5108947753906,0.0,179.92127990722656
cross_town,Town02,mixed,16,219,437.77101094050124,170.8953857421875,302.5136413574219,0.0,179.92127990722656
cross_town,Town02,mixed,16,220,439.77101282642855,168.8953857421875,302.5163879394531,0.0,179.92127990722656
cross_town,Town02,mixed,16,221,441.77101471235585,166.8953857421875,302.5191345214844,0.0,179.92127990722656
cross_town,Town02,mixed,16,222,443.77101659828315,164.8953857421875,302.5218811035156,0.0,179.92127990722656
cross_town,Town02,mixed,16,223,445.77101848421046,162.8953857421875,302.5246276855469,0.0,179.92127990722656
cross_town,Town02,mixed,16,224,447.77102037013776,160.8953857421875,302.5273742675781,0.0,179.92127990722656
cross_town,Town02,mixed,16,225,449.7710069972904,158.89540100097656,302.5301208496094,0.0,179.92127990722656
cross_town,Town02,mixed,16,226,451.7710088832177,156.89540100097656,302.5328674316406,0.0,179.92127990722656
cross_town,Town02,mixed,16,227,453.771010769145,154.89540100097656,302.5356140136719,0.0,179.92127990722656
cross_town,Town02,mixed,16,228,455.7710126550723,152.89540100097656,302.5383605957031,0.0,179.92127990722656
cross_town,Town02,mixed,16,229,457.7710145409996,150.89540100097656,302.5411071777344,0.0,179.92127990722656
cross_town,Town02,mixed,16,230,459.7710164269269,148.89540100097656,302.5438537597656,0.0,179.92127990722656
cross_town,Town02,mixed,16,231,461.7710183128542,146.89540100097656,302.5466003417969,0.0,179.92127990722656
cross_town,Town02,mixed,16,232,463.7710201987815,144.89540100097656,302.5493469238281,0.0,179.92127990722656
cross_town,Town02,mixed,16,233,465.77100682593414,142.89541625976562,302.5520935058594,0.0,179.92127990722656
cross_town,Town02,mixed,16,234,467.7710087540038,140.89541625976562,302.55487060546875,0.0,179.92127990722656
cross_town,Town02,mixed,16,235,469.7710106399311,138.89541625976562,302.5576171875,0.0,179.92127990722656
cross_town,Town02,mixed,16,236,471.76829585219195,136.89813232421875,302.55987548828125,0.0,179.99920654296875
cross_town,Town02,mixed,16,237,473.76759405060943,134.89883422851562,302.5592346191406,0.0,180.01942443847656
cross_town,Town02,mixed,16,238,475.76759416329946,132.89883422851562,302.5585632324219,0.0,180.01942443847656
cross_town,Town02,mixed,16,239,477.7675942759895,130.89883422851562,302.5578918457031,0.0,180.01942443847656
cross_town,Town02,mixed,16,240,479.7675943886795,128.89883422851562,302.5572204589844,0.0,180.01942443847656
cross_town,Town02,mixed,16,241,481.76758688245286,126.89884185791016,302.5565185546875,0.0,180.01942443847656
cross_town,Town02,mixed,16,242,483.7675869951429,124.89884185791016,302.55584716796875,0.0,180.01942443847656
cross_town,Town02,mixed,16,243,485.7675871078329,122.89884185791016,302.55517578125,0.0,180.01942443847656
cross_town,Town02,mixed,16,244,487.76758722052296,120.89884185791016,302.55450439453125,0.0,180.01942443847656
cross_town,Town02,mixed,16,245,489.767587333213,118.89884185791016,302.5538330078125,0.0,180.01942443847656
cross_town,Town02,mixed,16,246,491.7675874563804,116.89884185791016,302.5531311035156,0.0,180.01942443847656
cross_town,Town02,mixed,16,247,493.76758756907043,114.89884185791016,302.5524597167969,0.0,180.01942443847656
cross_town,Town02,mixed,16,248,495.76758768176046,112.89884185791016,302.5517883300781,0.0,180.01942443847656
cross_town,Town02,mixed,16,249,497.7675877944505,110.89884185791016,302.5511169433594,0.0,180.01942443847656
cross_town,Town02,mixed,16,250,499.7675879071405,108.89884185791016,302.5504455566406,0.0,180.01942443847656
cross_town,Town02,mixed,17,0,0.0,151.40261840820312,105.44043731689453,0.0,179.96107482910156
cross_town,Town02,mixed,17,1,2.000000461062829,149.40261840820312,105.4417953491211,0.0,179.96107482910156
cross_town,Town02,mixed,17,2,4.000000922125658,147.40261840820312,105.44315338134766,0.0,179.96107482910156
cross_town,Town02,mixed,17,3,6.000001383188486,145.40261840820312,105.44451141357422,0.0,179.96107482910156
cross_town,Town02,mixed,17,4,8.000001844251315,143.40261840820312,105.44586944580078,0.0,179.96107482910156
cross_town,Town02,mixed,17,5,10.000002305314144,141.40261840820312,105.44722747802734,0.0,179.96107482910156
cross_town,Town02,mixed,17,6,12.000002766376973,139.40261840820312,105.4485855102539,0.0,179.96107482910156
cross_town,Town02,mixed,17,7,13.998935076882475,137.4036865234375,105.44989013671875,0.0,179.99154663085938
cross_town,Town02,mixed,17,8,15.997287486649647,135.40533447265625,105.44869232177734,0.0,-179.96102905273438
cross_town,Town02,mixed,17,9,17.99728795290751,133.40533447265625,105.44732666015625,0.0,-179.96102905273438
cross_town,Town02,mixed,17,10,19.997288413970338,131.40533447265625,105.44596862792969,0.0,-179.96102905273438
cross_town,Town02,mixed,17,11,21.997288875033167,129.40533447265625,105.44461059570312,0.0,-179.96102905273438
cross_town,Town02,mixed,17,12,23.997281711898275,127.40534210205078,105.44324493408203,0.0,-179.96102905273438
cross_town,Town02,mixed,17,13,25.997282172961103,125.40534210205078,105.44188690185547,0.0,-179.96102905273438
cross_town,Town02,mixed,17,14,27.997282634023932,123.40534210205078,105.4405288696289,0.0,-179.96102905273438
cross_town,Town02,mixed,17,15,29.997283100281795,121.40534210205078,105.43916320800781,0.0,-179.96102905273438
cross_town,Town02,mixed,17,16,31.997283561344624,119.40534210205078,105.43780517578125,0.0,-179.96102905273438
cross_town,Town02,mixed,17,17,33.997284022407456,117.40534210205078,105.43644714355469,0.0,-179.96102905273438
cross_town,Town02,mixed,17,18,35.99728448347028,115.40534210205078,105.43508911132812,0.0,-179.96102905273438
cross_town,Town02,mixed,17,19,37.99728494972814,113.40534210205078,105.43372344970703,0.0,-179.96102905273438
cross_town,Town02,mixed,17,20,39.997285410790965,111.40534210205078,105.43236541748047,0.0,-179.96102905273438
cross_town,Town02,mixed,17,21,41.99728587185379,109.40534210205078,105.4310073852539,0.0,-179.96102905273438
cross_town,Town02,mixed,17,22,43.99728633811165,107.40534210205078,105.42964172363281,0.0,-179.96102905273438
cross_town,Town02,mixed,17,23,45.997279169781706,105.40534973144531,105.42828369140625,0.0,-179.96102905273438
cross_town,Town02,mixed,17,24,47.99727963084453,103.40534973144531,105.42692565917969,0.0,-179.96102905273438
cross_town,Town02,mixed,17,25,49.99728009710239,101.40534973144531,105.4255599975586,0.0,-179.96102905273438
cross_town,Town02,mixed,17,26,51.997280558165215,99.40534973144531,105.42420196533203,0.0,-179.96102905273438
cross_town,Town02,mixed,17,27,53.99728101922804,97.40534973144531,105.42284393310547,0.0,-179.96102905273438
cross_town,Town02,mixed,17,28,55.997281480290866,95.40534973144531,105.4214859008789,0.0,-179.96102905273438
cross_town,Town02,mixed,17,29,57.997281946548725,93.40534973144531,105.42012023925781,0.0,-179.96102905273438
cross_town,Town02,mixed,17,30,59.99728240761155,91.40534973144531,105.41876220703125,0.0,-179.96102905273438
cross_town,Town02,mixed,17,31,61.997282868674375,89.40534973144531,105.41740417480469,0.0,-179.96102905273438
cross_town,Town02,mixed,17,32,63.997283334932234,87.40534973144531,105.4160385131836,0.0,-179.96102905273438
cross_town,Town02,mixed,17,33,65.99728379599506,85.40534973144531,105.41468048095703,0.0,-179.96102905273438
cross_town,Town02,mixed,17,34,67.99728425705788,83.40534973144531,105.41332244873047,0.0,-179.96102905273438
cross_town,Town02,mixed,17,35,69.99728472331574,81.40534973144531,105.41195678710938,0.0,-179.96102905273438
cross_town,Town02,mixed,17,36,71.99728518437857,79.40534973144531,105.41059875488281,0.0,-179.96102905273438
cross_town,Town02,mixed,17,37,73.9972856454414,77.40534973144531,105.40924072265625,0.0,-179.96102905273438
cross_town,Town02,mixed,17,38,75.99728610650422,75.40534973144531,105.40788269042969,0.0,-179.96102905273438
cross_town,Town02,mixed,17,39,77.99728657276208,73.40534973144531,105.4065170288086,0.0,-179.96102905273438
cross_town,Town02,mixed,17,40,79.9972870338249,71.40534973144531,105.40515899658203,0.0,-179.96102905273438
cross_town,Town02,mixed,17,41,81.99727986549496,69.40535736083984,105.40380096435547,0.0,-179.96102905273438
cross_town,Town02,mixed,17,42,83.99728033175282,67.40535736083984,105.40243530273438,0.0,-179.96102905273438
cross_town,Town02,mixed,17,43,85.99728079281564,65.40535736083984,105.40107727050781,0.0,-179.96102905273438
cross_town,Town02,mixed,17,44,87.99727743918208,63.40536117553711,105.39971923828125,0.0,-179.96102905273438
cross_town,Town02,mixed,17,45,89.99727790543994,61.40536117553711,105.39835357666016,0.0,-179.96102905273438
cross_town,Town02,mixed,17,46,91.99727836650277,59.40536117553711,105.3969955444336,0.0,-179.96102905273438
cross_town,Town02,mixed,17,47,93.9972788275656,57.40536117553711,105.39563751220703,0.0,-179.96102905273438
cross_town,Town02,mixed,17,48,95.99727928862842,55.40536117553711,105.39427947998047,0.0,-179.96102905273438
cross_town,Town02,mixed,17,49,97.99727975488628,53.40536117553711,105.39291381835938,0.0,-179.96102905273438
cross_town,Town02,mixed,17,50,99.9972802159491,51.40536117553711,105.39155578613281,0.0,-179.96102905273438
cross_town,Town02,mixed,17,51,102.00043891366302,49.40220260620117,105.39083862304688,0.0,-180.0513916015625
cross_town,Town02,mixed,17,52,104.00586677071287,47.39678192138672,105.39620208740234,0.0,179.79315185546875
cross_town,Town02,mixed,17,53,106.00586456226934,45.39679718017578,105.40342712402344,0.0,179.79315185546875
cross_town,Town02,mixed,17,54,108.00586614095143,43.39680862426758,105.41064453125,0.0,179.79315185546875
cross_town,Town02,mixed,17,55,110.00586390496109,41.39682388305664,105.41786193847656,0.0,179.79315185546875
cross_town,Town02,mixed,17,56,112.00586551118994,39.39683532714844,105.42508697509766,0.0,179.79315185546875
cross_town,Town02,mixed,17,57,114.00586708987203,37.396846771240234,105.43230438232422,0.0,179.79315185546875
cross_town,Town02,mixed,17,58,116.00586485388169,35.3968620300293,105.43952178955078,0.0,179.79315185546875
cross_town,Town02,mixed,17,59,118.00586646011054,33.396873474121094,105.44674682617188,0.0,179.79315185546875
cross_town,Town02,mixed,17,60,120.0058642241202,31.396888732910156,105.45396423339844,0.0,179.79315185546875
cross_town,Town02,mixed,17,61,122.00586392301285,29.396902084350586,105.46118927001953,0.0,179.79315185546875
cross_town,Town02,mixed,17,62,124.00586359435873,27.396915435791016,105.4684066772461,0.0,179.79315185546875
cross_town,Town02,mixed,17,63,126.0058632657046,25.396928787231445,105.47562408447266,0.0,179.79315185546875
cross_town,Town02,mixed,17,64,128.00586296459727,23.396942138671875,105.48284912109375,0.0,179.79315185546875
cross_town,Town02,mixed,17,65,130.00586454327936,21.396953582763672,105.49006652832031,0.0,179.79315185546875
cross_town,Town02,mixed,17,66,132.00586421462523,19.3969669342041,105.49728393554688,0.0,179.79315185546875
cross_town,Town02,mixed,17,67,134.00586391351789,17.39698028564453,105.50450897216797,0.0,179.79315185546875
cross_town,Town02,mixed,17,68,136.00586453853188,15.396992683410645,105.51172637939453,0.0,179.79315185546875
cross_town,Town02,mixed,17,69,138.00586611721397,13.397004127502441,105.5189437866211,0.0,179.79315185546875
cross_town,Town02,mixed,17,70,140.00586390877044,11.397019386291504,105.52616882324219,0.0,179.79315185546875
cross_town,Town02,mixed,17,71,142.00586548745252,9.3970308303833,105.53338623046875,0.0,179.79315185546875
cross_town,Town02,mixed,17,72,144.0058632514622,7.397046089172363,105.54060363769531,0.0,179.79315185546875
cross_town,Town02,mixed,17,73,146.00586485769102,5.39705753326416,105.5478286743164,0.0,179.79315185546875
cross_town,Town02,mixed,17,74,148.26033701394212,3.145458221435547,105.66160583496094,0.0,172.45567321777344
cross_town,Town02,mixed,17,75,150.62393648579445,0.840595543384552,106.18525695800781,0.0,161.94424438476562
cross_town,Town02,mixed,17,76,152.98753764589694,-1.3300572633743286,107.12060546875,0.0,151.43283081054688
cross_town,Town02,mixed,17,77,155.27688050834138,-3.239229202270508,108.38399505615234,0.0,143.07020568847656
cross_town,Town02,mixed,17,78,157.7444819983477,-5.027482032775879,110.0843505859375,0.0,129.5015869140625
cross_town,Town02,mixed,17,79,160.2259532801285,-6.36138916015625,112.17681121826172,0.0,115.53202056884766
cross_town,Town02,mixed,17,80,162.70742902817224,-7.150712013244629,114.52940368652344,0.0,101.56246185302734
cross_town,Town02,mixed,17,81,165.10162987540093,-7.358553886413574,116.91456604003906,0.0,90.12882232666016
cross_town,Town02,mixed,17,82,167.10162730081464,-7.36305046081543,118.91455841064453,0.0,90.12882232666016
cross_town,Town02,mixed,17,83,169.10163235560358,-7.367547035217285,120.91455841064453,0.0,90.12882232666016
cross_town,Town02,mixed,17,84,171.1016297788734,-7.372042655944824,122.91455078125,0.0,90.12882232666016
cross_town,Town02,mixed,17,85,173.1016272042871,-7.37653923034668,124.91454315185547,0.0,90.12882232666016
cross_town,Town02,mixed,17,86,175.10163225907604,-7.381035804748535,126.91454315185547,0.0,90.12882232666016
cross_town,Town02,mixed,17,87,177.10162968448975,-7.385532379150391,128.91453552246094,0.0,90.12882232666016
cross_town,Town02,mixed,17,88,179.1016194805282,-7.390028953552246,130.91452026367188,0.0,90.12882232666016
cross_town,Town02,mixed,17,89,181.10162453317324,-7.394524574279785,132.91452026367188,0.0,90.12882232666016
cross_town,Town02,mixed,17,90,183.10161432921169,-7.399021148681641,134.9145050048828,0.0,90.12882232666016
cross_town,Town02,mixed,17,91,185.10161938400063,-7.403517723083496,136.9145050048828,0.0,90.12882232666016
cross_town,Town02,mixed,17,92,187.10162443878957,-7.408014297485352,138.9145050048828,0.0,90.12882232666016
cross_town,Town02,mixed,17,93,189.1016294935785,-7.412510871887207,140.9145050048828,0.0,90.12882232666016
cross_town,Town02,mixed,17,94,191.10161928961696,-7.4170074462890625,142.91448974609375,0.0,90.12882232666016
cross_town,Town02,mixed,17,95,193.101624342262,-7.421503067016602,144.91448974609375,0.0,90.12882232666016
cross_town,Town02,mixed,17,96,195.10161413830045,-7.425999641418457,146.9144744873047,0.0,90.12882232666016
cross_town,Town02,mixed,17,97,197.1016191930894,-7.4304962158203125,148.9144744873047,0.0,90.12882232666016
cross_town,Town02,mixed,17,98,199.10162424787833,-7.434992790222168,150.9144744873047,0.0,90.12882232666016
cross_town,Town02,mixed,17,99,201.10161404391678,-7.439489364624023,152.91445922851562,0.0,90.12882232666016
cross_town,Town02,mixed,17,100,203.10161909870573,-7.443985939025879,154.91445922851562,0.0,90.12882232666016
cross_town,Town02,mixed,17,101,205.10162415135076,-7.448481559753418,156.91445922851562,0.0,90.12882232666016
cross_town,Town02,mixed,17,102,207.1016139473892,-7.452978134155273,158.91444396972656,0.0,90.12882232666016
cross_town,Town02,mixed,17,103,209.10161900217815,-7.457474708557129,160.91444396972656,0.0,90.12882232666016
cross_town,Town02,mixed,17,104,211.10657945896668,-7.45980167388916,162.91940307617188,0.0,89.98706817626953
cross_town,Town02,mixed,17,105,213.10657950994437,-7.459350109100342,164.91940307617188,0.0,89.98706817626953
cross_town,Town02,mixed,17,106,215.10657956092206,-7.458898544311523,166.91940307617188,0.0,89.98706817626953
cross_town,Town02,mixed,17,107,217.10657961189975,-7.458446979522705,168.91940307617188,0.0,89.98706817626953
cross_town,Town02,mixed,17,108,219.10657966287744,-7.457995414733887,170.91940307617188,0.0,89.98706817626953
cross_town,Town02,mixed,17,109,221.10657971385513,-7.457543849945068,172.91940307617188,0.0,89.98706817626953
cross_town,Town02,mixed,17,110,223.10657976483282,-7.45709228515625,174.91940307617188,0.0,89.98706817626953
cross_town,Town02,mixed,17,111,225.1065798158105,-7.456640720367432,176.91940307617188,0.0,89.98706817626953
cross_town,Town02,mixed,17,112,227.1065798667882,-7.456189155578613,178.91940307617188,0.0,89.98706817626953
cross_town,Town02,mixed,17,113,229.10657991776588,-7.455737590789795,180.91940307617188,0.0,89.98706817626953
cross_town,Town02,mixed,17,114,231.10659522763996,-7.455285549163818,182.91941833496094,0.0,-270.0129089355469
cross_town,Town02,mixed,17,115,233.2980915778951,-7.42479133605957,185.11070251464844,0.0,84.47927856445312
cross_town,Town02,mixed,17,116,236.1636601242223,-6.526959419250488,187.8319854736328,0.0,59.00225067138672
cross_town,Town02,mixed,17,117,239.02243096362855,-4.551731109619141,189.8986358642578,0.0,33.72547912597656
cross_town,Town02,mixed,17,118,241.52657031202642,-2.308867931365967,191.01231384277344,0.0,19.087417602539062
cross_town,Town02,mixed,17,119,244.03070988239114,0.14263629913330078,191.52304077148438,0.0,4.449371337890625
cross_town,Town02,mixed,17,120,246.18455033010358,2.296264410018921,191.55328369140625,0.0,0.026275634765625
cross_town,Town02,mixed,17,121,248.1847872963177,4.296501159667969,191.55421447753906,0.0,0.02626265585422516
cross_town,Town02,mixed,17,122,250.18478702902814,6.2965006828308105,191.5551300048828,0.0,0.02626265585422516
cross_town,Town02,mixed,17,123,252.18478771541282,8.296501159667969,191.55604553222656,0.0,0.02626265585422516
cross_town,Town02,mixed,17,124,254.1847879249604,10.296501159667969,191.5569610595703,0.0,0.02626265585422516
cross_town,Town02,mixed,17,125,256.1847871808338,12.296500205993652,191.55787658691406,0.0,0.02626265585422516
cross_town,Town02,mixed,17,126,258.18478739038136,14.296500205993652,191.5587921142578,0.0,0.02626265585422516
cross_town,Town02,mixed,17,127,260.18478664625474,16.296499252319336,191.55970764160156,0.0,0.02626265585422516
cross_town,Town02,mixed,17,128,262.18478686284544,18.296499252319336,191.56063842773438,0.0,0.02626265585422516
cross_town,Town02,mixed,17,129,264.184787072393,20.296499252319336,191.56155395507812,0.0,0.02626265585422516
cross_town,Town02,mixed,17,130,266.1847872819406,22.296499252319336,191.56246948242188,0.0,0.02626265585422516
cross_town,Town02,mixed,17,131,268.1847874914882,24.296499252319336,191.56338500976562,0.0,0.02626265585422516
cross_town,Town02,mixed,17,132,270.18478770103576,26.296499252319336,191.56430053710938,0.0,0.02626265585422516
cross_town,Town02,mixed,17,133,272.18478791058334,28.296499252319336,191.56521606445312,0.0,0.02626265585422516
cross_town,Town02,mixed,17,134,274.1847881201309,30.296499252319336,191.56613159179688,0.0,0.02626265585422516
cross_town,Town02,mixed,17,135,276.1847902370269,32.29650115966797,191.56704711914062,0.0,0.02626265585422516
cross_town,Town02,mixed,17,136,278.1847866318776,34.2964973449707,191.56796264648438,0.0,0.02626265585422516
cross_town,Town02,mixed,17,137,280.18479065612206,36.29650115966797,191.56887817382812,0.0,-359.97369384765625
cross_town,Town02,mixed,17,138,282.1847870509728,38.2964973449707,191.56979370117188,0.0,-359.97369384765625
cross_town,Town02,mixed,17,139,284.18478726052035,40.2964973449707,191.57070922851562,0.0,-359.97369384765625
cross_town,Town02,mixed,17,140,286.18478747006793,42.2964973449707,191.57162475585938,0.0,-359.97369384765625
cross_town,Town02,mixed,17,141,288.1847876796155,44.2964973449707,191.57254028320312,0.0,-359.97369384765625
cross_town,Town02,mixed,17,142,290.1847878891631,46.2964973449707,191.57345581054688,0.0,-359.97369384765625
cross_town,Town02,mixed,17,143,292.18478809871067,48.2964973449707,191.57437133789062,0.0,-359.97369384765625
cross_town,Town02,mixed,17,144,294.18478830825825,50.2964973449707,191.57528686523438,0.0,-359.97369384765625
cross_town,Town02,mixed,17,145,296.18478852484895,52.2964973449707,191.5762176513672,0.0,-359.97369384765625
cross_town,Town02,mixed,17,146,298.18478873439653,54.2964973449707,191.57713317871094,0.0,0.02626265585422516
cross_town,Town02,mixed,17,147,300.1847889439441,56.2964973449707,191.5780487060547,0.0,0.02626265585422516
cross_town,Town02,mixed,17,148,302.1847891534917,58.2964973449707,191.57896423339844,0.0,0.02626265585422516
cross_town,Town02,mixed,17,149,304.1847893630393,60.2964973449707,191.5798797607422,0.0,0.02626265585422516
cross_town,Town02,mixed,17,150,306.18478575789,62.29649353027344,191.58079528808594,0.0,0.02626265585422516
cross_town,Town02,mixed,17,151,308.18478596743756,64.29649353027344,191.5817108154297,0.0,0.02626265585422516
cross_town,Town02,mixed,17,152,310.18478617698514,66.29649353027344,191.58262634277344,0.0,0.02626265585422516
cross_town,Town02,mixed,17,153,312.18478639357585,68.29649353027344,191.58355712890625,0.0,0.02626265585422516
cross_town,Town02,mixed,17,154,314.1847866031234,70.29649353027344,191.58447265625,0.0,0.02626265585422516
cross_town,Town02,mixed,17,155,316.184786812671,72.29649353027344,191.58538818359375,0.0,0.02626265585422516
cross_town,Town02,mixed,17,156,318.1847870222186,74.29649353027344,191.5863037109375,0.0,0.02626265585422516
cross_town,Town02,mixed,17,157,320.18478723176617,76.29649353027344,191.58721923828125,0.0,0.02626265585422516
cross_town,Town02,mixed,17,158,322.18478744131374,78.29649353027344,191.588134765625,0.0,0.02626265585422516
cross_town,Town02,mixed,17,159,324.1847876508613,80.29649353027344,191.58905029296875,0.0,0.02626265585422516
cross_town,Town02,mixed,17,160,326.1847878604089,82.29649353027344,191.5899658203125,0.0,0.02626265585422516
cross_town,Town02,mixed,17,161,328.1847880699565,84.29649353027344,191.59088134765625,0.0,0.02626265585422516
cross_town,Town02,mixed,17,162,330.18478827950406,86.29649353027344,191.591796875,0.0,0.02626265585422516
cross_town,Town02,mixed,17,163,332.18478848905164,88.29649353027344,191.59271240234375,0.0,0.02626265585422516
cross_town,Town02,mixed,17,164,334.1847886985992,90.29649353027344,191.5936279296875,0.0,0.02626265585422516
cross_town,Town02,mixed,17,165,336.1847889081468,92.29649353027344,191.59454345703125,0.0,0.02626265585422516
cross_town,Town02,mixed,17,166,338.1847891247375,94.29649353027344,191.59547424316406,0.0,0.02626265585422516
cross_town,Town02,mixed,17,167,340.1847893342851,96.29649353027344,191.5963897705078,0.0,0.02626265585422516
cross_town,Town02,mixed,17,168,342.18478954383266,98.29649353027344,191.59730529785156,0.0,0.02626265585422516
cross_town,Town02,mixed,17,169,344.18478975338024,100.29649353027344,191.5982208251953,0.0,0.02626265585422516
cross_town,Town02,mixed,17,170,346.1847899629278,102.29649353027344,191.59913635253906,0.0,0.02626265585422516
cross_town,Town02,mixed,17,171,348.1847901724754,104.29649353027344,191.6000518798828,0.0,0.02626265585422516
cross_town,Town02,mixed,17,172,350.184790382023,106.29649353027344,191.60096740722656,0.0,0.02626265585422516
cross_town,Town02,mixed,17,173,352.18479059157056,108.29649353027344,191.6018829345703,0.0,0.02626265585422516
cross_town,Town02,mixed,17,174,354.18479080111814,110.29649353027344,191.60279846191406,0.0,0.02626265585422516
cross_town,Town02,mixed,17,175,356.1847910106657,112.29649353027344,191.6037139892578,0.0,0.02626265585422516
cross_town,Town02,mixed,17,176,358.1847912202133,114.29649353027344,191.60462951660156,0.0,0.02626265585422516
cross_town,Town02,mixed,17,177,360.1847914297609,116.29649353027344,191.6055450439453,0.0,0.02626265585422516
cross_town,Town02,mixed,17,178,362.1847916463516,118.29649353027344,191.60647583007812,0.0,0.02626265585422516
cross_town,Town02,mixed,17,179,364.18479185589916,120.29649353027344,191.60739135742188,0.0,0.02626265585422516
cross_town,Town02,mixed,17,180,366.18479206544674,122.29649353027344,191.60830688476562,0.0,0.02626265585422516
cross_town,Town02,mixed,17,181,368.1847846456006,124.2964859008789,191.60922241210938,0.0,-359.97369384765625
cross_town,Town02,mixed,17,182,370.1847924776152,126.29649353027344,191.61012268066406,0.0,-359.97369384765625
cross_town,Town02,mixed,17,183,372.0169707100774,128.1286163330078,191.62437438964844,0.0,-355.1752624511719
cross_town,Town02,mixed,17,184,373.323468966572,129.39254760742188,191.9551544189453,0.0,-335.4926452636719
cross_town,Town02,mixed,17,185,374.62997346146005,130.47122192382812,192.69232177734375,0.0,-315.8100280761719
cross_town,Town02,mixed,17,186,376.0604804996205,131.3265838623047,193.83892822265625,0.0,-299.6257629394531
cross_town,Town02,mixed,17,187,377.57595726307034,131.91232299804688,195.23663330078125,0.0,-285.84967041015625
cross_town,Town02,mixed,17,188,379.09142266054215,132.14840698242188,196.7335968017578,0.0,-272.0736083984375
cross_town,Town02,mixed,17,189,381.0172359371935,132.15081787109375,198.65940856933594,0.0,-269.94189453125
cross_town,Town02,mixed,17,190,383.01723696682853,132.14878845214844,200.65940856933594,0.0,90.0580825805664
cross_town,Town02,mixed,17,191,385.01723799646356,132.14675903320312,202.65940856933594,0.0,90.0580825805664
cross_town,Town02,mixed,17,192,387.0172390260986,132.1447296142578,204.65940856933594,0.0,90.0580825805664
cross_town,Town02,mixed,17,193,389.0172400557336,132.1427001953125,206.65940856933594,0.0,90.0580825805664
cross_town,Town02,mixed,17,194,391.0172258265875,132.1406707763672,208.65939331054688,0.0,90.0580825805664
cross_town,Town02,mixed,17,195,393.0172268407975,132.13865661621094,210.65939331054688,0.0,90.0580825805664
cross_town,Town02,mixed,17,196,395.0172278704325,132.13662719726562,212.65939331054688,0.0,90.0580825805664
cross_town,Town02,mixed,17,197,397.01722890006755,132.1345977783203,214.65939331054688,0.0,90.0580825805664
cross_town,Town02,mixed,17,198,399.0172299297026,132.132568359375,216.65939331054688,0.0,90.0580825805664
cross_town,Town02,mixed,17,199,401.0172309593376,132.1305389404297,218.65939331054688,0.0,90.0580825805664
cross_town,Town02,mixed,17,200,403.01723198897264,132.12850952148438,220.65939331054688,0.0,90.0580825805664
cross_town,Town02,mixed,17,201,405.01723301860767,132.12648010253906,222.65939331054688,0.0,90.0580825805664
cross_town,Town02,mixed,17,202,407.01723403281767,132.1244659423828,224.65939331054688,0.0,90.0580825805664
cross_town,Town02,mixed,17,203,409.0172350624527,132.1224365234375,226.65939331054688,0.0,90.0580825805664
cross_town,Town02,mixed,17,204,411.0172360920877,132.1204071044922,228.65939331054688,0.0,90.0580825805664
cross_town,Town02,mixed,17,205,413.01723712172276,132.11837768554688,230.65939331054688,0.0,-269.9419250488281
cross_town,Town02,mixed,17,206,414.95844884611665,132.11451721191406,232.60060119628906,0.0,91.74179077148438
cross_town,Town02,mixed,17,207,416.32847616725735,131.8604736328125,233.94686889648438,0.0,109.62947845458984
cross_town,Town02,mixed,17,208,417.69848583276575,131.20523071289062,235.1500244140625,0.0,127.51717376708984
cross_town,Town02,mixed,17,209,419.0774505678655,130.2063446044922,236.10069274902344,0.0,-214.84722900390625
cross_town,Town02,mixed,17,210,420.46371161247436,128.9617919921875,236.71127319335938,0.0,-197.41818237304688
cross_town,Town02,mixed,17,211,421.8499513115156,127.59151458740234,236.92103576660156,0.0,-179.98910522460938
cross_town,Town02,mixed,17,212,423.8493794795614,125.59208679199219,236.91981506347656,0.0,-179.96517944335938
cross_town,Town02,mixed,17,213,425.84937984283533,123.59208679199219,236.91860961914062,0.0,-179.96519470214844
cross_town,Town02,mixed,17,214,427.8493802153643,121.59208679199219,236.91738891601562,0.0,-179.96519470214844
cross_town,Town02,mixed,17,215,429.84938057863826,119.59208679199219,236.9161834716797,0.0,-179.96519470214844
cross_town,Town02,mixed,17,216,431.84938095116723,117.59208679199219,236.9149627685547,0.0,-179.96519470214844
cross_town,Town02,mixed,17,217,433.8493813236962,115.59208679199219,236.9137420654297,0.0,-179.96519470214844
cross_town,Town02,mixed,17,218,435.84938168697016,113.59208679199219,236.91253662109375,0.0,-179.96519470214844
cross_town,Town02,mixed,17,219,437.84938205949913,111.59208679199219,236.91131591796875,0.0,-179.96519470214844
cross_town,Town02,mixed,17,220,439.8493824227731,109.59208679199219,236.9101104736328,0.0,-179.96519470214844
cross_town,Town02,mixed,17,221,441.84938279530206,107.59208679199219,236.9088897705078,0.0,-179.96519470214844
cross_town,Town02,mixed,17,222,443.8493755384379,105.59209442138672,236.9076690673828,0.0,-179.96519470214844
cross_town,Town02,mixed,17,223,445.8493759017119,103.59209442138672,236.90646362304688,0.0,-179.96519470214844
cross_town,Town02,mixed,17,224,447.84937627424085,101.59209442138672,236.90524291992188,0.0,-179.96519470214844
cross_town,Town02,mixed,17,225,449.8493766375148,99.59209442138672,236.90403747558594,0.0,-179.96519470214844
cross_town,Town02,mixed,17,226,451.8493770100438,97.59209442138672,236.90281677246094,0.0,-179.96519470214844
cross_town,Town02,mixed,17,227,453.84937738257275,95.59209442138672,236.90159606933594,0.0,-179.96519470214844
cross_town,Town02,mixed,17,228,455.8493777458467,93.59209442138672,236.900390625,0.0,-179.96519470214844
cross_town,Town02,mixed,17,229,457.8493781183757,91.59209442138672,236.899169921875,0.0,-179.96519470214844
cross_town,Town02,mixed,17,230,459.84937848164964,89.59209442138672,236.89796447753906,0.0,-179.96519470214844
cross_town,Town02,mixed,17,231,461.8493788541786,87.59209442138672,236.89674377441406,0.0,-179.96519470214844
cross_town,Town02,mixed,17,232,463.84937921745257,85.59209442138672,236.89553833007812,0.0,-179.96519470214844
cross_town,Town02,mixed,17,233,465.84937958998154,83.59209442138672,236.89431762695312,0.0,-179.96519470214844
cross_town,Town02,mixed,17,234,467.8493799625105,81.59209442138672,236.89309692382812,0.0,-179.96519470214844
cross_town,Town02,mixed,17,235,469.84938032578447,79.59209442138672,236.8918914794922,0.0,-179.96519470214844
cross_town,Town02,mixed,17,236,471.84938069831344,77.59209442138672,236.8906707763672,0.0,-179.96519470214844
cross_town,Town02,mixed,17,237,473.8493810615874,75.59209442138672,236.88946533203125,0.0,-179.96519470214844
cross_town,Town02,mixed,17,238,475.84938143411637,73.59209442138672,236.88824462890625,0.0,-179.96519470214844
cross_town,Town02,mixed,17,239,477.84938180664534,71.59209442138672,236.88702392578125,0.0,-179.96519470214844
cross_town,Town02,mixed,17,240,479.8493821699193,69.59209442138672,236.8858184814453,0.0,-179.96519470214844
cross_town,Town02,mixed,17,241,481.84938254244827,67.59209442138672,236.8845977783203,0.0,-179.96519470214844
cross_town,Town02,mixed,17,242,483.8493829057222,65.59209442138672,236.88339233398438,0.0,-179.96519470214844
cross_town,Town02,mixed,17,243,485.84937946355467,63.592098236083984,236.88217163085938,0.0,-179.96519470214844
cross_town,Town02,mixed,17,244,487.84937983608364,61.592098236083984,236.88095092773438,0.0,-179.96519470214844
cross_town,Town02,mixed,17,245,489.84937638466107,59.59210205078125,236.87974548339844,0.0,-179.96519470214844
cross_town,Town02,mixed,17,246,491.84937675719004,57.59210205078125,236.87852478027344,0.0,-179.96519470214844
cross_town,Town02,mixed,17,247,493.849377120464,55.59210205078125,236.8773193359375,0.0,-179.96519470214844
cross_town,Town02,mixed,17,248,495.84938130768955,53.592098236083984,236.8760986328125,0.0,-539.9651489257812
cross_town,Town02,mixed,17,249,497.849377856267,51.59210205078125,236.87489318847656,0.0,-539.9651489257812
cross_town,Town02,mixed,17,250,500.13330614450166,49.30995178222656,236.96499633789062,0.0,-188.1719207763672
cross_town,Town02,mixed,18,0,0.0,-7.44941520690918,208.91993713378906,0.0,89.98706817626953
cross_town,Town02,mixed,18,1,2.000000050977689,-7.448963642120361,210.91993713378906,0.0,89.98706817626953
cross_town,Town02,mixed,18,2,4.000000101955378,-7.448512077331543,212.91993713378906,0.0,89.98706817626953
cross_town,Town02,mixed,18,3,6.000000152933067,-7.448060512542725,214.91993713378906,0.0,89.98706817626953
cross_town,Town02,mixed,18,4,8.000000203910757,-7.447608947753906,216.91993713378906,0.0,89.98706817626953
cross_town,Town02,mixed,18,5,10.000000254888446,-7.447157382965088,218.91993713378906,0.0,89.98706817626953
cross_town,Town02,mixed,18,6,12.000000305866136,-7.4467058181762695,220.91993713378906,0.0,89.98706817626953
cross_town,Town02,mixed,18,7,14.000000356843826,-7.446254253387451,222.91993713378906,0.0,89.98706817626953
cross_town,Town02,mixed,18,8,16.000000407821513,-7.445802688598633,224.91993713378906,0.0,89.98706817626953
cross_town,Town02,mixed,18,9,18.000000458799203,-7.4453511238098145,226.91993713378906,0.0,89.98706817626953
cross_town,Town02,mixed,18,10,20.000000509776893,-7.444899559020996,228.91993713378906,0.0,89.98706817626953
cross_town,Town02,mixed,18,11,22.000000560754582,-7.444447994232178,230.91993713378906,0.0,89.98706817626953
cross_town,Town02,mixed,18,12,24.000000611732272,-7.443996429443359,232.91993713378906,0.0,89.98706817626953
cross_town,Town02,mixed,18,13,26.00000066270996,-7.443544864654541,234.91993713378906,0.0,89.98706817626953
cross_town,Town02,mixed,18,14,28.00000071368765,-7.443093299865723,236.91993713378906,0.0,89.98706817626953
cross_town,Town02,mixed,18,15,30.00000076466534,-7.442641735076904,238.91993713378906,0.0,89.98706817626953
cross_town,Town02,mixed,18,16,32.00000081564303,-7.442190170288086,240.91993713378906,0.0,89.98706817626953
cross_town,Town02,mixed,18,17,34.00000086662072,-7.441738605499268,242.91993713378906,0.0,89.98706817626953
cross_town,Town02,mixed,18,18,36.000000917598406,-7.441287040710449,244.91993713378906,0.0,89.98706817626953
cross_town,Town02,mixed,18,19,38.000000968576096,-7.440835475921631,246.91993713378906,0.0,89.98706817626953
cross_town,Town02,mixed,18,20,40.000001019553785,-7.4403839111328125,248.91993713378906,0.0,89.98706817626953
cross_town,Town02,mixed,18,21,42.00254942724018,-7.439511775970459,250.9224853515625,0.0,449.9136962890625
cross_town,Town02,mixed,18,22,44.00271977915683,-7.436346054077148,252.9226531982422,0.0,89.90901947021484
cross_town,Town02,mixed,18,23,46.002707042466575,-7.433169841766357,254.92263793945312,0.0,89.90901947021484
cross_town,Town02,mixed,18,24,48.00270956378893,-7.429994106292725,256.9226379394531,0.0,89.90901947021484
cross_town,Town02,mixed,18,25,50.0027120858685,-7.426817893981934,258.9226379394531,0.0,89.90901947021484
cross_town,Town02,mixed,18,26,52.00271460794807,-7.423641681671143,260.9226379394531,0.0,89.90901947021484
cross_town,Town02,mixed,18,27,54.00271712927043,-7.42046594619751,262.9226379394531,0.0,89.90901947021484
cross_town,Town02,mixed,18,28,56.00271965135,-7.417289733886719,264.9226379394531,0.0,89.90901947021484
cross_town,Town02,mixed,18,29,58.00272217342957,-7.414113521575928,266.9226379394531,0.0,89.90901947021484
cross_town,Town02,mixed,18,30,60.002724694751926,-7.410937786102295,268.9226379394531,0.0,89.90901947021484
cross_town,Town02,mixed,18,31,62.002727216831495,-7.407761573791504,270.9226379394531,0.0,89.90901947021484
cross_town,Town02,mixed,18,32,64.00272973891107,-7.404585361480713,272.9226379394531,0.0,89.90901947021484
cross_town,Town02,mixed,18,33,66.00270174269377,-7.40140962600708,274.922607421875,0.0,89.90901947021484
cross_town,Town02,mixed,18,34,68.00270426477334,-7.398233413696289,276.922607421875,0.0,89.90901947021484
cross_town,Town02,mixed,18,35,70.00270678685291,-7.395057201385498,278.922607421875,0.0,89.90901947021484
cross_town,Town02,mixed,18,36,72.00270930817527,-7.391881465911865,280.922607421875,0.0,89.90901947021484
cross_town,Town02,mixed,18,37,74.00271183025484,-7.388705253601074,282.922607421875,0.0,89.90901947021484
cross_town,Town02,mixed,18,38,76.00271435233441,-7.385529041290283,284.922607421875,0.0,89.90901947021484
cross_town,Town02,mixed,18,39,78.00271687365677,-7.38235330581665,286.922607421875,0.0,89.90901947021484
cross_town,Town02,mixed,18,40,80.00271939573634,-7.379177093505859,288.922607421875,0.0,89.90901947021484
cross_town,Town02,mixed,18,41,82.0027219178159,-7.376000881195068,290.922607421875,0.0,89.90901947021484
cross_town,Town02,mixed,18,42,84.00272443913826,-7.3728251457214355,292.922607421875,0.0,89.90901947021484
cross_town,Town02,mixed,18,43,86.00306265491115,-7.369648456573486,294.9229431152344,0.0,89.90901947021484
cross_town,Town02,mixed,18,44,88.10180984020505,-7.3546857833862305,297.0216369628906,0.0,447.07501220703125
cross_town,Town02,mixed,18,45,90.62702149543674,-6.892114162445068,299.5041198730469,0.0,431.8146667480469
cross_town,Town02,mixed,18,46,93.15222768117667,-5.79245138168335,301.7773132324219,0.0,416.5543212890625
cross_town,Town02,mixed,18,47,95.67742765570173,-4.133246421813965,303.680908203125,0.0,401.29400634765625
cross_town,Town02,mixed,18,48,98.09644027843015,-2.1539499759674072,305.07159423828125,0.0,389.16497802734375
cross_town,Town02,mixed,18,49,100.50266397003068,0.05626910924911499,306.0228271484375,0.0,377.40655517578125
cross_town,Town02,mixed,18,50,102.90888593059763,2.4139528274536133,306.5036926269531,0.0,365.64813232421875
cross_town,Town02,mixed,18,51,105.10625315932033,4.610598564147949,306.55999755859375,0.0,359.9609375
cross_town,Town02,mixed,18,52,107.10625313324336,6.610598087310791,306.55865478515625,0.0,-0.039054833352565765
cross_town,Town02,mixed,18,53,109.10625217421422,8.610596656799316,306.5572814941406,0.0,-0.039054833352565765
cross_town,Town02,mixed,18,54,111.10625264569622,10.610596656799316,306.555908203125,0.0,-0.039054833352565765
cross_town,Town02,mixed,18,55,113.10625309645629,12.610596656799316,306.5545654296875,0.0,-0.039054833352565765
cross_town,Town02,mixed,18,56,115.10625261426419,14.610595703125,306.5531921386719,0.0,-0.039054833352565765
cross_town,Town02,mixed,18,57,117.10625499309437,16.610597610473633,306.55181884765625,0.0,-0.039054833352565765
cross_town,Town02,mixed,18,58,119.10625353650624,18.610595703125,306.55047607421875,0.0,-0.039054833352565765
cross_town,Town02,mixed,18,59,121.10625400798824,20.610595703125,306.5491027832031,0.0,-0.039054833352565765
cross_town,Town02,mixed,18,60,123.10625257212206,22.610593795776367,306.5477294921875,0.0,-0.039054833352565765
cross_town,Town02,mixed,18,61,125.10625302288213,24.610593795776367,306.54638671875,0.0,-0.039054833352565765
cross_town,Town02,mixed,18,62,127.10625349436413,26.610593795776367,306.5450134277344,0.0,-0.039054833352565765
cross_town,Town02,mixed,18,63,129.10625396584612,28.610593795776367,306.54364013671875,0.0,-0.039054833352565765
cross_town,Town02,mixed,18,64,131.1062544166062,30.610593795776367,306.54229736328125,0.0,-0.039054833352565765
cross_town,Town02,mixed,18,65,133.10625298074,32.610591888427734,306.5409240722656,0.0,-0.039054833352565765
cross_town,Town02,mixed,18,66,135.106253452222,34.610591888427734,306.53955078125,0.0,-0.039054833352565765
cross_town,Town02,mixed,18,67,137.106253923704,36.610591888427734,306.5381774902344,0.0,-360.0390319824219
cross_town,Town02,mixed,18,68,139.26027131153882,38.76448440551758,306.5149841308594,0.0,-4.464200019836426
cross_town,Town02,mixed,18,69,142.00029451692782,41.40740966796875,305.7920227050781,0.0,-26.134349822998047
cross_town,Town02,mixed,18,70,144.7403285613198,43.59657669067383,304.1441955566406,0.0,-47.80449676513672
cross_town,Town02,mixed,18,71,147.31011061365635,45.04341506958008,302.0204162597656,0.0,-64.38640594482422
cross_town,Town02,mixed,18,72,149.93357673335203,45.789615631103516,299.50531005859375,0.0,-82.56358337402344
cross_town,Town02,mixed,18,73,152.1916122118252,45.8593635559082,297.24835205078125,0.0,-450.00494384765625
cross_town,Town02,mixed,18,74,154.19161221952317,45.859188079833984,295.24835205078125,0.0,-90.00496673583984
cross_town,Town02,mixed,18,75,156.19161222722113,45.859012603759766,293.24835205078125,0.0,-90.00496673583984
cross_town,Town02,mixed,18,76,158.19161223458804,45.85884094238281,291.24835205078125,0.0,-90.00496673583984
cross_town,Town02,mixed,18,77,160.191612242286,45.858665466308594,289.24835205078125,0.0,-90.00496673583984
cross_town,Town02,mixed,18,78,162.1916122496529,45.85849380493164,287.24835205078125,0.0,-90.00496673583984
cross_town,Town02,mixed,18,79,164.19161225735087,45.85831832885742,285.24835205078125,0.0,-90.00496673583984
cross_town,Town02,mixed,18,80,166.19161226471778,45.85814666748047,283.24835205078125,0.0,-90.00496673583984
cross_town,Town02,mixed,18,81,168.19161227241574,45.85797119140625,281.24835205078125,0.0,-90.00496673583984
cross_town,Town02,mixed,18,82,170.19161227978265,45.8577995300293,279.24835205078125,0.0,-90.00496673583984
cross_town,Town02,mixed,18,83,172.1916122874806,45.85762405395508,277.24835205078125,0.0,-90.00496673583984
cross_town,Town02,mixed,18,84,174.19161229517857,45.85744857788086,275.24835205078125,0.0,-90.00496673583984
cross_town,Town02,mixed,18,85,176.19161230254548,45.857276916503906,273.24835205078125,0.0,-90.00496673583984
cross_town,Town02,mixed,18,86,178.19161231024344,45.85710144042969,271.24835205078125,0.0,-90.00496673583984
cross_town,Town02,mixed,18,87,180.19161231761035,45.856929779052734,269.24835205078125,0.0,-90.00496673583984
cross_town,Town02,mixed,18,88,182.1916123253083,45.856754302978516,267.24835205078125,0.0,-90.00496673583984
cross_town,Town02,mixed,18,89,184.19161233267522,45.85658264160156,265.24835205078125,0.0,-90.00496673583984
cross_town,Town02,mixed,18,90,186.19161234037318,45.856407165527344,263.24835205078125,0.0,-90.00496673583984
cross_town,Town02,mixed,18,91,188.1916123477401,45.85623550415039,261.24835205078125,0.0,-90.00496673583984
cross_town,Town02,mixed,18,92,190.19161235543805,45.85606002807617,259.24835205078125,0.0,-90.00496673583984
cross_town,Town02,mixed,18,93,192.19161236280496,45.85588836669922,257.24835205078125,0.0,-90.00496673583984
cross_town,Town02,mixed,18,94,194.19161237050292,45.855712890625,255.24835205078125,0.0,-90.00496673583984
cross_town,Town02,mixed,18,95,196.19161237786983,45.85554122924805,253.24835205078125,0.0,-90.00496673583984
cross_town,Town02,mixed,18,96,198.1916123855678,45.85536575317383,251.24835205078125,0.0,-90.00496673583984
cross_town,Town02,mixed,18,97,200.19161239326576,45.85519027709961,249.24835205078125,0.0,-90.00496673583984
cross_town,Town02,mixed,18,98,202.19159714184366,45.855018615722656,247.2483673095703,0.0,-90.00496673583984
cross_town,Town02,mixed,18,99,204.19159714921057,45.8548469543457,245.2483673095703,0.0,-90.00496673583984
cross_town,Town02,mixed,18,100,206.19159715690853,45.854671478271484,243.2483673095703,0.0,-90.00496673583984
cross_town,Town02,mixed,18,101,208.19159716427544,45.85449981689453,241.2483673095703,0.0,-90.00496673583984
cross_town,Town02,mixed,18,102,210.1915971719734,45.85432434082031,239.2483673095703,0.0,-90.00496673583984
cross_town,Town02,mixed,18,103,212.19159717967136,45.854148864746094,237.2483673095703,0.0,-90.00496673583984
cross_town,Town02,mixed,18,104,214.19159718703827,45.85397720336914,235.2483673095703,0.0,-90.00496673583984
cross_town,Town02,mixed,18,105,216.19159719473623,45.85380172729492,233.2483673095703,0.0,-90.00496673583984
cross_town,Town02,mixed,18,106,218.19159720210314,45.85363006591797,231.2483673095703,0.0,-90.00496673583984
cross_town,Town02,mixed,18,107,220.1915972098011,45.85345458984375,229.2483673095703,0.0,-90.00496673583984
cross_town,Town02,mixed,18,108,222.191597217168,45.8532829284668,227.2483673095703,0.0,-90.00496673583984
cross_town,Town02,mixed,18,109,224.19159722453492,45.853111267089844,225.2483673095703,0.0,-90.00496673583984
cross_town,Town02,mixed,18,110,226.19159723223288,45.852935791015625,223.2483673095703,0.0,-90.00496673583984
cross_town,Town02,mixed,18,111,228.1915972395998,45.85276412963867,221.2483673095703,0.0,-90.00496673583984
cross_town,Town02,mixed,18,112,230.19159724729775,45.85258865356445,219.2483673095703,0.0,-90.00496673583984
cross_town,Town02,mixed,18,113,232.19159725466466,45.8524169921875,217.2483673095703,0.0,-90.00496673583984
cross_town,Town02,mixed,18,114,234.19159726236262,45.85224151611328,215.2483673095703,0.0,-90.00496673583984
cross_town,Town02,mixed,18,115,236.19159727006058,45.85206604003906,213.2483673095703,0.0,-90.00496673583984
cross_town,Town02,mixed,18,116,238.1915972774275,45.85189437866211,211.2483673095703,0.0,-90.00496673583984
cross_town,Town02,mixed,18,117,240.19159728512545,45.85171890258789,209.2483673095703,0.0,-90.00496673583984
cross_town,Town02,mixed,18,118,242.19159729249236,45.85154724121094,207.2483673095703,0.0,-90.00496673583984
cross_town,Town02,mixed,18,119,244.19159730019032,45.85137176513672,205.2483673095703,0.0,-90.00496673583984
cross_town,Town02,mixed,18,120,246.19159730755723,45.851200103759766,203.2483673095703,0.0,-90.00496673583984
cross_town,Town02,mixed,18,121,248.1915973152552,45.85102462768555,201.2483673095703,0.0,-90.00496673583984
cross_town,Town02,mixed,18,122,250.1915973226221,45.850852966308594,199.2483673095703,0.0,-90.00496673583984
cross_town,Town02,mixed,18,123,252.1915973306584,45.85067367553711,197.2483673095703,0.0,-450.00494384765625
cross_town,Town02,mixed,18,124,253.76938145774017,45.98856735229492,195.67662048339844,0.0,-78.01264190673828
cross_town,Town02,mixed,18,125,255.2852240651335,46.47882843017578,194.24224853515625,0.0,-64.24707794189453
cross_town,Town02,mixed,18,126,256.782879997354,47.285316467285156,192.98028564453125,0.0,-49.95913314819336
cross_town,Town02,mixed,18,127,258.10313608786936,48.29205322265625,192.1261444091797,0.0,-30.66509246826172
cross_town,Town02,mixed,18,128,259.4233814791426,49.52446365356445,191.6526336669922,0.0,-11.371050834655762
cross_town,Town02,mixed,18,129,261.022550665897,51.12178039550781,191.57568359375,0.0,-359.97369384765625
cross_town,Town02,mixed,18,130,263.0225470607477,53.12177658081055,191.57659912109375,0.0,0.02626265585422516
cross_town,Town02,mixed,18,131,265.02254727029526,55.12177658081055,191.5775146484375,0.0,0.02626265585422516
cross_town,Town02,mixed,18,132,267.02254747984284,57.12177658081055,191.57843017578125,0.0,0.02626265585422516
cross_town,Town02,mixed,18,133,269.0225476893904,59.12177658081055,191.579345703125,0.0,0.02626265585422516
cross_town,Town02,mixed,18,134,271.022547898938,61.12177658081055,191.58026123046875,0.0,0.02626265585422516
cross_town,Town02,mixed,18,135,273.0225481084856,63.12177658081055,191.5811767578125,0.0,0.02626265585422516
cross_town,Town02,mixed,18,136,275.0225445033363,65.12177276611328,191.58209228515625,0.0,0.02626265585422516
cross_town,Town02,mixed,18,137,277.02254471288387,67.12177276611328,191.5830078125,0.0,0.02626265585422516
cross_town,Town02,mixed,18,138,279.02254492243145,69.12177276611328,191.58392333984375,0.0,0.02626265585422516
cross_town,Town02,mixed,18,139,281.02254513197903,71.12177276611328,191.5848388671875,0.0,0.02626265585422516
cross_town,Town02,mixed,18,140,283.0225453415266,73.12177276611328,191.58575439453125,0.0,0.02626265585422516
cross_town,Town02,mixed,18,141,285.0225455581173,75.12177276611328,191.58668518066406,0.0,0.02626265585422516
cross_town,Town02,mixed,18,142,287.0225457676649,77.12177276611328,191.5876007080078,0.0,0.02626265585422516
cross_town,Town02,mixed,18,143,289.0225459772125,79.12177276611328,191.58851623535156,0.0,0.02626265585422516
cross_town,Town02,mixed,18,144,291.02254618676005,81.12177276611328,191.5894317626953,0.0,0.02626265585422516
cross_town,Town02,mixed,18,145,293.02254639630763,83.12177276611328,191.59034729003906,0.0,0.02626265585422516
cross_town,Town02,mixed,18,146,295.0225466058552,85.12177276611328,191.5912628173828,0.0,0.02626265585422516
cross_town,Town02,mixed,18,147,297.0225468154028,87.12177276611328,191.59217834472656,0.0,0.02626265585422516
cross_town,Town02,mixed,18,148,299.02254702495037,89.12177276611328,191.5930938720703,0.0,0.02626265585422516
cross_town,Town02,mixed,18,149,301.02254723449795,91.12177276611328,191.59400939941406,0.0,0.02626265585422516
cross_town,Town02,mixed,18,150,303.02254744404553,93.12177276611328,191.5949249267578,0.0,0.02626265585422516
cross_town,Town02,mixed,18,151,305.0225476535931,95.12177276611328,191.59584045410156,0.0,0.02626265585422516
cross_town,Town02,mixed,18,152,307.0225478631407,97.12177276611328,191.5967559814453,0.0,0.02626265585422516
cross_town,Town02,mixed,18,153,309.0225480797314,99.12177276611328,191.59768676757812,0.0,0.02626265585422516
cross_town,Town02,mixed,18,154,311.022548289279,101.12177276611328,191.59860229492188,0.0,0.02626265585422516
cross_town,Town02,mixed,18,155,313.02254849882655,103.12177276611328,191.59951782226562,0.0,0.02626265585422516
cross_town,Town02,mixed,18,156,315.02254870837413,105.12177276611328,191.60043334960938,0.0,0.02626265585422516
cross_town,Town02,mixed,18,157,317.0225489179217,107.12177276611328,191.60134887695312,0.0,0.02626265585422516
cross_town,Town02,mixed,18,158,319.0225491274693,109.12177276611328,191.60226440429688,0.0,0.02626265585422516
cross_town,Town02,mixed,18,159,321.02254933701687,111.12177276611328,191.60317993164062,0.0,0.02626265585422516
cross_town,Town02,mixed,18,160,323.0225419171707,113.12176513671875,191.60409545898438,0.0,0.02626265585422516
cross_town,Town02,mixed,18,161,325.0225421267183,115.12176513671875,191.60501098632812,0.0,0.02626265585422516
cross_town,Town02,mixed,18,162,327.0225423362659,117.12176513671875,191.60592651367188,0.0,0.02626265585422516
cross_town,Town02,mixed,18,163,329.02254254581345,119.12176513671875,191.60684204101562,0.0,0.02626265585422516
cross_town,Town02,mixed,18,164,331.02254275536103,121.12176513671875,191.60775756835938,0.0,0.02626265585422516
cross_town,Town02,mixed,18,165,333.0225429649086,123.12176513671875,191.60867309570312,0.0,0.02626265585422516
cross_town,Town02,mixed,18,166,335.0225431744562,125.12176513671875,191.60958862304688,0.0,0.02626265585422516
cross_town,Town02,mixed,18,167,337.02254338400377,127.12176513671875,191.61050415039062,0.0,0.02626265585422516
cross_town,Town02,mixed,18,168,339.0225436005945,129.12176513671875,191.61143493652344,0.0,0.02626265585422516
cross_town,Town02,mixed,18,169,341.02254381014205,131.12176513671875,191.6123504638672,0.0,0.02626265585422516
cross_town,Town02,mixed,18,170,343.02254401968963,133.12176513671875,191.61326599121094,0.0,0.02626265585422516
cross_town,Town02,mixed,18,171,345.0225442292372,135.12176513671875,191.6141815185547,0.0,0.02626265585422516
cross_town,Town02,mixed,18,172,347.0225444387848,137.12176513671875,191.61509704589844,0.0,0.02626265585422516
cross_town,Town02,mixed,18,173,349.02254464833237,139.12176513671875,191.6160125732422,0.0,0.02626265585422516
cross_town,Town02,mixed,18,174,351.02254485787995,141.12176513671875,191.61692810058594,0.0,0.02626265585422516
cross_town,Town02,mixed,18,175,353.02254506742753,143.12176513671875,191.6178436279297,0.0,0.02626265585422516
cross_town,Town02,mixed,18,176,355.0225605357626,145.1217803955078,191.61875915527344,0.0,0.02626265585422516
cross_town,Town02,mixed,18,177,357.02256074531016,147.1217803955078,191.6196746826172,0.0,0.02626265585422516
cross_town,Town02,mixed,18,178,359.02256095485774,149.1217803955078,191.62059020996094,0.0,0.02626265585422516
cross_town,Town02,mixed,18,179,361.0225611644053,151.1217803955078,191.6215057373047,0.0,0.02626265585422516
cross_town,Town02,mixed,18,180,363.0225613739529,153.1217803955078,191.62242126464844,0.0,0.02626265585422516
cross_town,Town02,mixed,18,181,365.0225615835005,155.1217803955078,191.6233367919922,0.0,0.02626265585422516
cross_town,Town02,mixed,18,182,367.02256179304806,157.1217803955078,191.62425231933594,0.0,0.02626265585422516
cross_town,Town02,mixed,18,183,369.02254674380816,159.12176513671875,191.6251678466797,0.0,0.02626265585422516
cross_town,Town02,mixed,18,184,371.02254695335574,161.12176513671875,191.62608337402344,0.0,0.02626265585422516
cross_town,Town02,mixed,18,185,373.0225471629033,163.12176513671875,191.6269989013672,0.0,0.02626265585422516
cross_town,Town02,mixed,18,186,375.0225473724509,165.12176513671875,191.62791442871094,0.0,0.02626265585422516
cross_town,Town02,mixed,18,187,377.0225475890416,167.12176513671875,191.62884521484375,0.0,0.02626265585422516
cross_town,Town02,mixed,18,188,379.0225477985892,169.12176513671875,191.6297607421875,0.0,0.02626265585422516
cross_town,Town02,mixed,18,189,381.02254800813677,171.12176513671875,191.63067626953125,0.0,0.02626265585422516
cross_town,Town02,mixed,18,190,383.02254821768435,173.12176513671875,191.631591796875,0.0,0.02626265585422516
cross_town,Town02,mixed,18,191,385.0225484272319,175.12176513671875,191.63250732421875,0.0,0.02626265585422516
cross_town,Town02,mixed,18,192,387.0225486367795,177.12176513671875,191.6334228515625,0.0,0.02626265585422516
cross_town,Town02,mixed,18,193,389.0225488463271,179.12176513671875,191.63433837890625,0.0,0.02626265585422516
cross_town,Town02,mixed,18,194,391.02254905587466,181.12176513671875,191.63525390625,0.0,0.02626265585422516
cross_town,Town02,mixed,18,195,393.02254927246537,183.12176513671875,191.6361846923828,0.0,0.02626265585422516
cross_town,Town02,mixed,18,196,394.8155009921428,184.91444396972656,191.66746520996094,0.0,5.935414791107178
cross_town,Town02,mixed,18,197,396.2941746547034,186.3531951904297,192.0087432861328,0.0,20.752229690551758
cross_town,Town02,mixed,18,198,397.7728401234627,187.65682983398438,192.7065887451172,0.0,35.56904220581055
cross_town,Town02,mixed,18,199,399.2012497125061,188.69699096679688,193.68557739257812,0.0,51.804569244384766
cross_town,Town02,mixed,18,200,400.59241657999854,189.3831024169922,194.89578247070312,0.0,69.09434509277344
cross_town,Town02,mixed,18,201,401.9836006125268,189.6785430908203,196.25523376464844,0.0,86.38412475585938
cross_town,Town02,mixed,18,202,403.85795364305307,189.6881103515625,198.1295623779297,0.0,-270.012939453125
cross_town,Town02,mixed,18,203,405.85793843321704,189.6885528564453,200.12954711914062,0.0,89.98705291748047
cross_town,Town02,mixed,18,204,407.85793848560394,189.6890106201172,202.12954711914062,0.0,89.98705291748047
cross_town,Town02,mixed,18,205,409.8579385345566,189.689453125,204.12954711914062,0.0,89.98705291748047
cross_town,Town02,mixed,18,206,411.8579385869435,189.68991088867188,206.12954711914062,0.0,89.98705291748047
cross_town,Town02,mixed,18,207,413.85793863933037,189.69036865234375,208.12954711914062,0.0,89.98705291748047
cross_town,Town02,mixed,18,208,415.857938688283,189.69081115722656,210.12954711914062,0.0,89.98705291748047
cross_town,Town02,mixed,18,209,417.8579387406699,189.69126892089844,212.12954711914062,0.0,89.98705291748047
cross_town,Town02,mixed,18,210,419.8579387930568,189.6917266845703,214.12954711914062,0.0,89.98705291748047
cross_town,Town02,mixed,18,211,421.85793884200945,189.69216918945312,216.12954711914062,0.0,89.98705291748047
cross_town,Town02,mixed,18,212,423.85793889439634,189.692626953125,218.12954711914062,0.0,89.98705291748047
cross_town,Town02,mixed,18,213,425.85793894678324,189.69308471679688,220.12954711914062,0.0,89.98705291748047
cross_town,Town02,mixed,18,214,427.8579389957359,189.6935272216797,222.12954711914062,0.0,89.98705291748047
cross_town,Town02,mixed,18,215,429.8579390481228,189.69398498535156,224.12954711914062,0.0,89.98705291748047
cross_town,Town02,mixed,18,216,431.8579390970754,189.69442749023438,226.12954711914062,0.0,89.98705291748047
cross_town,Town02,mixed,18,217,433.8579391494623,189.69488525390625,228.12954711914062,0.0,89.98705291748047
cross_town,Town02,mixed,18,218,435.8579392018492,189.69534301757812,230.12954711914062,0.0,89.98705291748047
cross_town,Town02,mixed,18,219,437.85793925080185,189.69578552246094,232.12954711914062,0.0,89.98705291748047
cross_town,Town02,mixed,18,220,439.34400624982214,189.56639099121094,233.60997009277344,0.0,104.55683898925781
cross_town,Town02,mixed,18,221,440.6750957289251,189.02391052246094,234.82550048828125,0.0,123.54489135742188
cross_town,Town02,mixed,18,222,442.0282482676977,188.0992889404297,235.8134765625,0.0,-218.0986328125
cross_town,Town02,mixed,18,223,443.48040834910074,186.845703125,236.54647827148438,0.0,-202.5325927734375
cross_town,Town02,mixed,18,224,444.93258900016895,185.44137573242188,236.91619873046875,0.0,-186.96652221679688
cross_town,Town02,mixed,18,225,446.6872773272933,183.68711853027344,236.95509338378906,0.0,-179.96517944335938
cross_town,Town02,mixed,18,226,448.68727769056727,181.68711853027344,236.95388793945312,0.0,-179.96519470214844
cross_town,Town02,mixed,18,227,450.68727806309624,179.68711853027344,236.95266723632812,0.0,-179.96519470214844
cross_town,Town02,mixed,18,228,452.6872784263702,177.68711853027344,236.9514617919922,0.0,-179.96519470214844
cross_town,Town02,mixed,18,229,454.68726354011295,175.6871337890625,236.9502410888672,0.0,-179.96519470214844
cross_town,Town02,mixed,18,230,456.6872639126419,173.6871337890625,236.9490203857422,0.0,-179.96519470214844
cross_town,Town02,mixed,18,231,458.6872642759159,171.6871337890625,236.94781494140625,0.0,-179.96519470214844
cross_town,Town02,mixed,18,232,460.68726464844485,169.6871337890625,236.94659423828125,0.0,-179.96519470214844
cross_town,Town02,mixed,18,233,462.6872650117188,167.6871337890625,236.9453887939453,0.0,-179.96519470214844
cross_town,Town02,mixed,18,234,464.6872653842478,165.6871337890625,236.9441680908203,0.0,-179.96519470214844
cross_town,Town02,mixed,18,235,466.68726575677675,163.6871337890625,236.9429473876953,0.0,-179.96519470214844
cross_town,Town02,mixed,18,236,468.6872661200507,161.6871337890625,236.94174194335938,0.0,-179.96519470214844
cross_town,Town02,mixed,18,237,470.6872664925797,159.6871337890625,236.94052124023438,0.0,-179.96519470214844
cross_town,Town02,mixed,18,238,472.68726685585364,157.6871337890625,236.93931579589844,0.0,-179.96519470214844
cross_town,Town02,mixed,18,239,474.6872672283826,155.6871337890625,236.93809509277344,0.0,-179.96519470214844
cross_town,Town02,mixed,18,240,476.68726759165656,153.6871337890625,236.9368896484375,0.0,-179.96519470214844
cross_town,Town02,mixed,18,241,478.68726796418554,151.6871337890625,236.9356689453125,0.0,-179.96519470214844
cross_town,Town02,mixed,18,242,480.6872683367145,149.6871337890625,236.9344482421875,0.0,-179.96519470214844
cross_town,Town02,mixed,18,243,482.68726869998846,147.6871337890625,236.93324279785156,0.0,-179.96519470214844
cross_town,Town02,mixed,18,244,484.68726907251744,145.6871337890625,236.93202209472656,0.0,-179.96519470214844
cross_town,Town02,mixed,18,245,486.6872694357914,143.6871337890625,236.93081665039062,0.0,-179.96519470214844
cross_town,Town02,mixed,18,246,488.68726980832037,141.6871337890625,236.92959594726562,0.0,-539.9651489257812
cross_town,Town02,mixed,18,247,490.68727018084934,139.6871337890625,236.92837524414062,0.0,-539.9651489257812
cross_town,Town02,mixed,18,248,492.6872705441233,137.6871337890625,236.9271697998047,0.0,-539.9651489257812
cross_town,Town02,mixed,18,249,494.68727091665227,135.6871337890625,236.9259490966797,0.0,-539.9651489257812
cross_town,Town02,mixed,18,250,496.68728653871256,133.68711853027344,236.92474365234375,0.0,-539.9651489257812
cross_town,Town02,mixed,18,251,498.68728691124153,131.68711853027344,236.92352294921875,0.0,-539.9651489257812
cross_town,Town02,mixed,18,252,500.6872872837705,129.68711853027344,236.92230224609375,0.0,-539.9651489257812
cross_town,Town02,mixed,19,0,0.0,104.30034637451172,236.90689086914062,0.0,-179.96519470214844
cross_town,Town02,mixed,19,1,2.000000372528995,102.30034637451172,236.90567016601562,0.0,-179.96519470214844
cross_town,Town02,mixed,19,2,4.000000735802974,100.30034637451172,236.9044647216797,0.0,-179.96519470214844
cross_town,Town02,mixed,19,3,6.000001108331969,98.30034637451172,236.9032440185547,0.0,-179.96519470214844
cross_town,Town02,mixed,19,4,8.000001471605948,96.30034637451172,236.90203857421875,0.0,-179.96519470214844
cross_town,Town02,mixed,19,5,10.000001844134943,94.30034637451172,236.90081787109375,0.0,-179.96519470214844
cross_town,Town02,mixed,19,6,12.000002216663937,92.30034637451172,236.89959716796875,0.0,-179.96519470214844
cross_town,Town02,mixed,19,7,14.000002579937917,90.30034637451172,236.8983917236328,0.0,-179.96519470214844
cross_town,Town02,mixed,19,8,16.00000295246691,88.30034637451172,236.8971710205078,0.0,-179.96519470214844
cross_town,Town02,mixed,19,9,18.00000331574089,86.30034637451172,236.89596557617188,0.0,-179.96519470214844
cross_town,Town02,mixed,19,10,20.000003688269885,84.30034637451172,236.89474487304688,0.0,-179.96519470214844
cross_town,Town02,mixed,19,11,22.000004051543865,82.30034637451172,236.89353942871094,0.0,-179.96519470214844
cross_town,Town02,mixed,19,12,24.00000442407286,80.30034637451172,236.89231872558594,0.0,-179.96519470214844
cross_town,Town02,mixed,19,13,26.000004796601853,78.30034637451172,236.89109802246094,0.0,-179.96519470214844
cross_town,Town02,mixed,19,14,28.000005159875833,76.30034637451172,236.889892578125,0.0,-179.96519470214844
cross_town,Town02,mixed,19,15,30.000005532404828,74.30034637451172,236.888671875,0.0,-179.96519470214844
cross_town,Town02,mixed,19,16,31.99999826628566,72.30035400390625,236.88746643066406,0.0,-179.96519470214844
cross_town,Town02,mixed,19,17,33.99999863881466,70.30035400390625,236.88624572753906,0.0,-179.96519470214844
cross_town,Town02,mixed,19,18,35.999999011343654,68.30035400390625,236.88502502441406,0.0,-179.96519470214844
cross_town,Town02,mixed,19,19,37.99999937461763,66.30035400390625,236.88381958007812,0.0,-179.96519470214844
cross_town,Town02,mixed,19,20,39.999999747146624,64.30035400390625,236.88259887695312,0.0,-179.96519470214844
cross_town,Town02,mixed,19,21,42.0000001104206,62.30035400390625,236.8813934326172,0.0,-179.96519470214844
cross_town,Town02,mixed,19,22,44.000000482949595,60.30035400390625,236.8801727294922,0.0,-179.96519470214844
cross_town,Town02,mixed,19,23,46.00000085547859,58.30035400390625,236.8789520263672,0.0,-179.96519470214844
cross_town,Town02,mixed,19,24,48.000001218752566,56.30035400390625,236.87774658203125,0.0,-179.96519470214844
cross_town,Town02,mixed,19,25,50.00000159128156,54.30035400390625,236.87652587890625,0.0,-539.9651489257812
cross_town,Town02,mixed,19,26,51.99999813985897,52.300357818603516,236.8753204345703,0.0,-539.9651489257812
cross_town,Town02,mixed,19,27,53.99999851238796,50.300357818603516,236.8740997314453,0.0,-539.9651489257812
cross_town,Town02,mixed,19,28,55.39952387213804,48.91200256347656,236.6976318359375,0.0,-162.9456329345703
cross_town,Town02,mixed,19,29,56.72783761316018,47.724159240722656,236.10311889648438,0.0,-143.8791961669922
cross_town,Town02,mixed,19,30,58.089157916893406,46.77175521850586,235.13043212890625,0.0,-125.74884033203125
cross_town,Town02,mixed,19,31,59.50212326721877,46.12125015258789,233.87611389160156,0.0,-109.07473754882812
cross_town,Town02,mixed,19,32,60.91509267083529,45.85799789428711,232.48788452148438,0.0,-92.400634765625
cross_town,Town02,mixed,19,33,62.83164747067071,45.85356903076172,230.5713348388672,0.0,-450.00494384765625
cross_town,Town02,mixed,19,34,64.83164747803761,45.853397369384766,228.5713348388672,0.0,-450.00494384765625
cross_town,Town02,mixed,19,35,66.83164748540452,45.85322570800781,226.5713348388672,0.0,-90.00496673583984
cross_town,Town02,mixed,19,36,68.83164749310248,45.853050231933594,224.5713348388672,0.0,-90.00496673583984
cross_town,Town02,mixed,19,37,70.83164750046939,45.85287857055664,222.5713348388672,0.0,-90.00496673583984
cross_town,Town02,mixed,19,38,72.83164750816735,45.85270309448242,220.5713348388672,0.0,-90.00496673583984
cross_town,Town02,mixed,19,39,74.83164751553426,45.85253143310547,218.5713348388672,0.0,-90.00496673583984
cross_town,Town02,mixed,19,40,76.83164752323222,45.85235595703125,216.5713348388672,0.0,-90.00496673583984
cross_town,Town02,mixed,19,41,78.83164753059913,45.8521842956543,214.5713348388672,0.0,-90.00496673583984
cross_town,Town02,mixed,19,42,80.83164753829709,45.85200881958008,212.5713348388672,0.0,-90.00496673583984
cross_town,Town02,mixed,19,43,82.831647545664,45.851837158203125,210.5713348388672,0.0,-90.00496673583984
cross_town,Town02,mixed,19,44,84.83164755336196,45.851661682128906,208.5713348388672,0.0,-90.00496673583984
cross_town,Town02,mixed,19,45,86.83164756105992,45.85148620605469,206.5713348388672,0.0,-90.00496673583984
cross_town,Town02,mixed,19,46,88.83164756842683,45.851314544677734,204.5713348388672,0.0,-90.00496673583984
cross_town,Town02,mixed,19,47,90.8316475761248,45.851139068603516,202.5713348388672,0.0,-90.00496673583984
cross_town,Town02,mixed,19,48,92.8316475834917,45.85096740722656,200.5713348388672,0.0,-90.00496673583984
cross_town,Town02,mixed,19,49,94.83164759118966,45.850791931152344,198.5713348388672,0.0,-450.00494384765625
cross_town,Town02,mixed,19,50,96.73077273612392,45.85865020751953,196.67222595214844,0.0,-87.11831665039062
cross_town,Town02,mixed,19,51,98.24661350748046,46.1157341003418,195.1783447265625,0.0,-73.35275268554688
cross_town,Town02,mixed,19,52,99.76244068946913,46.72090148925781,193.78855895996094,0.0,-59.587181091308594
cross_town,Town02,mixed,19,53,101.19377579497814,47.5931510925293,192.65370178222656,0.0,-43.4277458190918
cross_town,Town02,mixed,19,54,102.51403222215068,48.69050979614258,191.91961669921875,0.0,-24.133708953857422
cross_town,Town02,mixed,19,55,103.83428154333069,49.96878433227539,191.58935546875,0.0,-4.8396687507629395
cross_town,Town02,mixed,19,56,105.66436270702003,51.7988166809082,191.57598876953125,0.0,-359.97369384765625
cross_town,Town02,mixed,19,57,107.66435910187073,53.79881286621094,191.576904296875,0.0,0.02626265585422516
cross_town,Town02,mixed,19,58,109.6643593114183,55.79881286621094,191.57781982421875,0.0,0.02626265585422516
cross_town,Town02,mixed,19,59,111.66435952096586,57.79881286621094,191.5787353515625,0.0,0.02626265585422516
cross_town,Town02,mixed,19,60,113.66435973051343,59.79881286621094,191.57965087890625,0.0,0.02626265585422516
cross_town,Town02,mixed,19,61,115.66435994006099,61.79881286621094,191.58056640625,0.0,0.02626265585422516
cross_town,Town02,mixed,19,62,117.66436014960856,63.79881286621094,191.58148193359375,0.0,0.02626265585422516
cross_town,Town02,mixed,19,63,119.66436036619925,65.79881286621094,191.58241271972656,0.0,0.02626265585422516
cross_town,Town02,mixed,19,64,121.66436057574681,67.79881286621094,191.5833282470703,0.0,0.02626265585422516
cross_town,Town02,mixed,19,65,123.66436078529438,69.79881286621094,191.58424377441406,0.0,0.02626265585422516
cross_town,Town02,mixed,19,66,125.66436099484194,71.79881286621094,191.5851593017578,0.0,0.02626265585422516
cross_town,Town02,mixed,19,67,127.66436120438951,73.79881286621094,191.58607482910156,0.0,0.02626265585422516
cross_town,Town02,mixed,19,68,129.6643614139371,75.79881286621094,191.5869903564453,0.0,0.02626265585422516
cross_town,Town02,mixed,19,69,131.66436162348467,77.79881286621094,191.58790588378906,0.0,0.02626265585422516
cross_town,Town02,mixed,19,70,133.66436183303225,79.79881286621094,191.5888214111328,0.0,0.02626265585422516
cross_town,Town02,mixed,19,71,135.66436204257982,81.79881286621094,191.58973693847656,0.0,0.02626265585422516
cross_town,Town02,mixed,19,72,137.6643622521274,83.79881286621094,191.5906524658203,0.0,0.02626265585422516
cross_town,Town02,mixed,19,73,139.66436246167498,85.79881286621094,191.59156799316406,0.0,0.02626265585422516
cross_town,Town02,mixed,19,74,141.66436267122256,87.79881286621094,191.5924835205078,0.0,0.02626265585422516
cross_town,Town02,mixed,19,75,143.66436288077014,89.79881286621094,191.59339904785156,0.0,0.02626265585422516
cross_town,Town02,mixed,19,76,145.66436309736085,91.79881286621094,191.59432983398438,0.0,0.02626265585422516
cross_town,Town02,mixed,19,77,147.66436330690843,93.79881286621094,191.59524536132812,0.0,0.02626265585422516
cross_town,Town02,mixed,19,78,149.664363516456,95.79881286621094,191.59616088867188,0.0,0.02626265585422516
cross_town,Town02,mixed,19,79,151.6643637260036,97.79881286621094,191.59707641601562,0.0,0.02626265585422516
cross_town,Town02,mixed,19,80,153.66436393555117,99.79881286621094,191.59799194335938,0.0,0.02626265585422516
cross_town,Town02,mixed,19,81,155.66436414509874,101.79881286621094,191.59890747070312,0.0,0.02626265585422516
cross_town,Town02,mixed,19,82,157.66436435464632,103.79881286621094,191.59982299804688,0.0,0.02626265585422516
cross_town,Town02,mixed,19,83,159.6643645641939,105.79881286621094,191.60073852539062,0.0,0.02626265585422516
cross_town,Town02,mixed,19,84,161.66436477374148,107.79881286621094,191.60165405273438,0.0,0.02626265585422516
cross_town,Town02,mixed,19,85,163.66436498328906,109.79881286621094,191.60256958007812,0.0,0.02626265585422516
cross_town,Town02,mixed,19,86,165.6643575634429,111.7988052368164,191.60348510742188,0.0,0.02626265585422516
cross_town,Town02,mixed,19,87,167.66435777299048,113.7988052368164,191.60440063476562,0.0,0.02626265585422516
cross_town,Town02,mixed,19,88,169.66435798253806,115.7988052368164,191.60531616210938,0.0,0.02626265585422516
cross_town,Town02,mixed,19,89,171.66436582852248,117.79881286621094,191.6062469482422,0.0,0.02626265585422516
cross_town,Town02,mixed,19,90,173.66436603807006,119.79881286621094,191.60716247558594,0.0,0.02626265585422516
cross_town,Town02,mixed,19,91,175.66436624761764,121.79881286621094,191.6080780029297,0.0,0.02626265585422516
cross_town,Town02,mixed,19,92,177.66435882777148,123.7988052368164,191.60899353027344,0.0,-359.97369384765625
cross_town,Town02,mixed,19,93,179.66435903039235,125.7988052368164,191.60989379882812,0.0,-359.97369384765625
cross_town,Town02,mixed,19,94,181.66435924698305,127.7988052368164,191.61082458496094,0.0,-359.97369384765625
cross_town,Town02,mixed,19,95,182.97427380997684,129.08982849121094,191.83248901367188,0.0,-340.3905334472656
cross_town,Town02,mixed,19,96,184.28078353501638,130.22750854492188,192.47486877441406,0.0,-320.7079162597656
cross_town,Town02,mixed,19,97,185.65871305531923,131.1300048828125,193.51611328125,0.0,-303.0538024902344
cross_town,Town02,mixed,19,98,187.17416228531627,131.7982635498047,194.8762664794922,0.0,-289.27777099609375
cross_town,Town02,mixed,19,99,188.68965448810778,132.12344360351562,196.35646057128906,0.0,-275.5016784667969
cross_town,Town02,mixed,19,100,190.49513706052673,132.1513214111328,198.16172790527344,0.0,-269.94189453125
cross_town,Town02,mixed,19,101,192.4951380901618,132.1492919921875,200.16172790527344,0.0,90.0580825805664
cross_town,Town02,mixed,19,102,194.49513911979685,132.1472625732422,202.16172790527344,0.0,90.0580825805664
cross_town,Town02,mixed,19,103,196.4951248906507,132.14523315429688,204.16171264648438,0.0,90.0580825805664
cross_town,Town02,mixed,19,104,198.49512592028574,132.14320373535156,206.16171264648438,0.0,90.0580825805664
cross_town,Town02,mixed,19,105,200.49512693449577,132.1411895751953,208.16171264648438,0.0,90.0580825805664
cross_town,Town02,mixed,19,106,202.49512796413083,132.13916015625,210.16171264648438,0.0,90.0580825805664
cross_town,Town02,mixed,19,107,204.4951289937659,132.1371307373047,212.16171264648438,0.0,90.0580825805664
cross_town,Town02,mixed,19,108,206.49513002340095,132.13510131835938,214.16171264648438,0.0,90.0580825805664
cross_town,Town02,mixed,19,109,208.495131053036,132.13307189941406,216.16171264648438,0.0,90.0580825805664
cross_town,Town02,mixed,19,110,210.49513208267106,132.13104248046875,218.16171264648438,0.0,90.0580825805664
cross_town,Town02,mixed,19,111,212.49513311230612,132.12901306152344,220.16171264648438,0.0,90.0580825805664
cross_town,Town02,mixed,19,112,214.49513412651615,132.1269989013672,222.16171264648438,0.0,90.0580825805664
cross_town,Town02,mixed,19,113,216.4951351561512,132.12496948242188,224.16171264648438,0.0,90.0580825805664
cross_town,Town02,mixed,19,114,218.49513618578627,132.12294006347656,226.16171264648438,0.0,90.0580825805664
cross_town,Town02,mixed,19,115,220.49513721542132,132.12091064453125,228.16171264648438,0.0,90.0580825805664
cross_town,Town02,mixed,19,116,222.49513824505638,132.11888122558594,230.16171264648438,0.0,90.0580825805664
cross_town,Town02,mixed,19,117,224.4951392592664,132.1168670654297,232.16171264648438,0.0,90.0580825805664
cross_town,Town02,mixed,19,118,226.9204449594967,132.30360412597656,234.57981872558594,0.0,77.69515991210938
cross_town,Town02,mixed,19,119,229.55824568753445,133.27496337890625,237.03225708007812,0.0,59.09068298339844
cross_town,Town02,mixed,19,120,232.20325116714744,134.98434448242188,239.05068969726562,0.0,40.27265930175781
cross_town,Town02,mixed,19,121,234.86588232377343,137.2761993408203,240.4060516357422,0.0,20.925933837890625
cross_town,Town02,mixed,19,122,237.52853067612767,139.88766479492188,240.9256134033203,0.0,1.579193115234375
cross_town,Town02,mixed,19,123,239.58264250436378,141.9417724609375,240.92974853515625,0.0,-359.96514892578125
cross_town,Town02,mixed,19,124,241.58264287689278,143.9417724609375,240.93096923828125,0.0,0.0348052978515625
cross_town,Town02,mixed,19,125,243.58264324016676,145.9417724609375,240.9321746826172,0.0,0.0348052978515625
cross_town,Town02,mixed,19,126,245.58264361269576,147.9417724609375,240.9333953857422,0.0,0.0348052978515625
cross_town,Town02,mixed,19,127,247.58264398522476,149.9417724609375,240.9346160888672,0.0,0.0348052978515625
cross_town,Town02,mixed,19,128,249.58264434849875,151.9417724609375,240.93582153320312,0.0,0.0348052978515625
cross_town,Town02,mixed,19,129,251.58264472102775,153.9417724609375,240.93704223632812,0.0,0.0348052978515625
cross_town,Town02,mixed,19,130,253.58264508430173,155.9417724609375,240.93824768066406,0.0,0.0348052978515625
cross_town,Town02,mixed,19,131,255.58264545683073,157.9417724609375,240.93946838378906,0.0,0.0348052978515625
cross_town,Town02,mixed,19,132,257.5826458293597,159.9417724609375,240.94068908691406,0.0,0.0348052978515625
cross_town,Town02,mixed,19,133,259.58264619263366,161.9417724609375,240.94189453125,0.0,0.0348052978515625
cross_town,Town02,mixed,19,134,261.58264656516263,163.9417724609375,240.943115234375,0.0,0.0348052978515625
cross_town,Town02,mixed,19,135,263.5826469284366,165.9417724609375,240.94432067871094,0.0,0.0348052978515625
cross_town,Town02,mixed,19,136,265.58264730096556,167.9417724609375,240.94554138183594,0.0,0.0348052978515625
cross_town,Town02,mixed,19,137,267.5826476642395,169.9417724609375,240.94674682617188,0.0,0.0348052978515625
cross_town,Town02,mixed,19,138,269.5826480367685,171.9417724609375,240.94796752929688,0.0,0.0348052978515625
cross_town,Town02,mixed,19,139,271.58264840929746,173.9417724609375,240.94918823242188,0.0,0.0348052978515625
cross_town,Town02,mixed,19,140,273.5826487725714,175.9417724609375,240.9503936767578,0.0,0.0348052978515625
cross_town,Town02,mixed,19,141,275.5826491451004,177.9417724609375,240.9516143798828,0.0,0.0348052978515625
cross_town,Town02,mixed,19,142,277.58264950837435,179.9417724609375,240.95281982421875,0.0,0.0348052978515625
cross_town,Town02,mixed,19,143,279.5826498809033,181.9417724609375,240.95404052734375,0.0,0.0348052978515625
cross_town,Town02,mixed,19,144,281.582634985391,183.94175720214844,240.9552459716797,0.0,0.0348052978515625
cross_town,Town02,mixed,19,145,283.12270811808844,185.47567749023438,241.0927734375,0.0,13.087600708007812
cross_town,Town02,mixed,19,146,284.56923179514257,186.82656860351562,241.61000061035156,0.0,28.813385009765625
cross_town,Town02,mixed,19,147,286.01574277346134,187.98670959472656,242.47398376464844,0.0,44.53916931152344
cross_town,Town02,mixed,19,148,287.4929749682081,188.89547729492188,243.63861083984375,0.0,59.397796630859375
cross_town,Town02,mixed,19,149,288.97406949425033,189.4796142578125,244.99964904785156,0.0,74.14640808105469
cross_town,Town02,mixed,19,150,290.45514550157543,189.69798278808594,246.46453857421875,0.0,88.89501190185547
cross_town,Town02,mixed,19,151,292.41733479207727,189.69947814941406,248.42672729492188,0.0,89.98705291748047
cross_town,Town02,mixed,19,152,294.41733484446416,189.69993591308594,250.42672729492188,0.0,89.98705291748047
cross_town,Town02,mixed,19,153,296.41550409180167,189.69883728027344,252.42489624023438,0.0,90.03919219970703
cross_town,Town02,mixed,19,154,298.41550456328366,189.6974639892578,254.42489624023438,0.0,90.03919219970703
cross_town,Town02,mixed,19,155,300.41550503476566,189.6960906982422,256.4248962402344,0.0,90.03919219970703
cross_town,Town02,mixed,19,156,302.4155054958285,189.69473266601562,258.4248962402344,0.0,90.03919219970703
cross_town,Town02,mixed,19,157,304.4155059673105,189.693359375,260.4248962402344,0.0,90.03919219970703
cross_town,Town02,mixed,19,158,306.4155064387925,189.69198608398438,262.4248962402344,0.0,90.03919219970703
cross_town,Town02,mixed,19,159,308.4155068998553,189.6906280517578,264.4248962402344,0.0,90.03919219970703
cross_town,Town02,mixed,19,160,310.4155073713373,189.6892547607422,266.4248962402344,0.0,90.03919219970703
cross_town,Town02,mixed,19,161,312.4155078428193,189.68788146972656,268.4248962402344,0.0,90.03919219970703
cross_town,Town02,mixed,19,162,314.4155083038821,189.6865234375,270.4248962402344,0.0,90.03919219970703
cross_town,Town02,mixed,19,163,316.4155087753641,189.68515014648438,272.4248962402344,0.0,90.03919219970703
cross_town,Town02,mixed,19,164,318.4155092468461,189.68377685546875,274.4248962402344,0.0,90.03919219970703
cross_town,Town02,mixed,19,165,320.41550970790894,189.6824188232422,276.4248962402344,0.0,90.03919219970703
cross_town,Town02,mixed,19,166,322.41551017939094,189.68104553222656,278.4248962402344,0.0,90.03919219970703
cross_town,Town02,mixed,19,167,324.41551065087293,189.67967224121094,280.4248962402344,0.0,90.03919219970703
cross_town,Town02,mixed,19,168,326.41551111193576,189.67831420898438,282.4248962402344,0.0,90.03919219970703
cross_town,Town02,mixed,19,169,328.41551158341775,189.67694091796875,284.4248962402344,0.0,90.03919219970703
cross_town,Town02,mixed,19,170,330.41548153732884,189.67556762695312,286.42486572265625,0.0,90.03919219970703
cross_town,Town02,mixed,19,171,332.41548199839167,189.67420959472656,288.42486572265625,0.0,90.03919219970703
cross_town,Town02,mixed,19,172,334.41548246987367,189.67283630371094,290.42486572265625,0.0,90.03919219970703
cross_town,Town02,mixed,19,173,336.4154829309365,189.67147827148438,292.42486572265625,0.0,90.03919219970703
cross_town,Town02,mixed,19,174,338.4154834024185,189.67010498046875,294.42486572265625,0.0,90.03919219970703
cross_town,Town02,mixed,19,175,340.06159014448525,189.56568908691406,296.0676574707031,0.0,100.09778594970703
cross_town,Town02,mixed,19,176,341.5994776886593,189.12457275390625,297.5409240722656,0.0,113.23943328857422
cross_town,Town02,mixed,19,177,343.13736481952117,188.3600311279297,298.87530517578125,0.0,126.38107299804688
cross_town,Town02,mixed,19,178,344.67526085632875,187.31214904785156,300.0009460449219,0.0,139.52272033691406
cross_town,Town02,mixed,19,179,346.38964339505037,185.92959594726562,301.0146789550781,0.0,147.67730712890625
cross_town,Town02,mixed,19,180,348.0423350904774,184.46200561523438,301.774658203125,0.0,157.56781005859375
cross_town,Town02,mixed,19,181,349.695045938665,182.88568115234375,302.27130126953125,0.0,167.45831298828125
cross_town,Town02,mixed,19,182,351.347744828871,181.2474822998047,302.48974609375,0.0,177.34881591796875
cross_town,Town02,mixed,19,183,353.2582458402725,179.33702087402344,302.5020446777344,0.0,179.92127990722656
cross_town,Town02,mixed,19,184,355.2582477261998,177.33702087402344,302.5047912597656,0.0,179.92127990722656
cross_town,Town02,mixed,19,185,357.2582343533524,175.3370361328125,302.5075378417969,0.0,179.92127990722656
cross_town,Town02,mixed,19,186,359.2582362392797,173.3370361328125,302.5102844238281,0.0,179.92127990722656
cross_town,Town02,mixed,19,187,361.258238125207,171.3370361328125,302.5130310058594,0.0,179.92127990722656
cross_town,Town02,mixed,19,188,363.2582400111343,169.3370361328125,302.5157775878906,0.0,179.92127990722656
cross_town,Town02,mixed,19,189,365.2582418970616,167.3370361328125,302.5185241699219,0.0,179.92127990722656
cross_town,Town02,mixed,19,190,367.2582437829889,165.3370361328125,302.5212707519531,0.0,179.92127990722656
cross_town,Town02,mixed,19,191,369.25824566891623,163.3370361328125,302.5240173339844,0.0,179.92127990722656
cross_town,Town02,mixed,19,192,371.25824755484354,161.3370361328125,302.5267639160156,0.0,179.92127990722656
cross_town,Town02,mixed,19,193,373.25824944077084,159.3370361328125,302.5295104980469,0.0,179.92127990722656
cross_town,Town02,mixed,19,194,375.25823606792346,157.33705139160156,302.5322570800781,0.0,179.92127990722656
cross_town,Town02,mixed,19,195,377.25823795385077,155.33705139160156,302.5350036621094,0.0,179.92127990722656
cross_town,Town02,mixed,19,196,379.25823983977807,153.33705139160156,302.5377502441406,0.0,179.92127990722656
cross_town,Town02,mixed,19,197,381.2582417257054,151.33705139160156,302.5404968261719,0.0,179.92127990722656
cross_town,Town02,mixed,19,198,383.2582436116327,149.33705139160156,302.5432434082031,0.0,179.92127990722656
cross_town,Town02,mixed,19,199,385.25824553970233,147.33705139160156,302.5460205078125,0.0,179.92127990722656
cross_town,Town02,mixed,19,200,387.25824742562963,145.33705139160156,302.54876708984375,0.0,179.92127990722656
cross_town,Town02,mixed,19,201,389.25824931155694,143.33705139160156,302.551513671875,0.0,179.92127990722656
cross_town,Town02,mixed,19,202,391.25823593870956,141.33706665039062,302.55426025390625,0.0,179.92127990722656
cross_town,Town02,mixed,19,203,393.25823782463686,139.33706665039062,302.5570068359375,0.0,179.92127990722656
cross_town,Town02,mixed,19,204,395.25729354284334,137.3380126953125,302.5596618652344,0.0,179.94859313964844
cross_town,Town02,mixed,19,205,397.25482163789786,135.34048461914062,302.55938720703125,0.0,180.01942443847656
cross_town,Town02,mixed,19,206,399.2548217505879,133.34048461914062,302.5587158203125,0.0,180.01942443847656
cross_town,Town02,mixed,19,207,401.2548218632779,131.34048461914062,302.55804443359375,0.0,180.01942443847656
cross_town,Town02,mixed,19,208,403.25482197596796,129.34048461914062,302.557373046875,0.0,180.01942443847656
cross_town,Town02,mixed,19,209,405.2548144697413,127.34049224853516,302.5566711425781,0.0,180.01942443847656
cross_town,Town02,mixed,19,210,407.2548145824313,125.34049224853516,302.5559997558594,0.0,180.01942443847656
cross_town,Town02,mixed,19,211,409.25481469512135,123.34049224853516,302.5553283691406,0.0,180.01942443847656
cross_town,Town02,mixed,19,212,411.2548148078114,121.34049224853516,302.5546569824219,0.0,180.01942443847656
cross_town,Town02,mixed,19,213,413.2548149309788,119.34049224853516,302.553955078125,0.0,180.01942443847656
cross_town,Town02,mixed,19,214,415.2548150436688,117.34049224853516,302.55328369140625,0.0,180.01942443847656
cross_town,Town02,mixed,19,215,417.25481515635886,115.34049224853516,302.5526123046875,0.0,180.01942443847656
cross_town,Town02,mixed,19,216,419.2548152690489,113.34049224853516,302.55194091796875,0.0,180.01942443847656
cross_town,Town02,mixed,19,217,421.2548153817389,111.34049224853516,302.55126953125,0.0,180.01942443847656
cross_town,Town02,mixed,19,218,423.25481550490633,109.34049224853516,302.5505676269531,0.0,180.01942443847656
cross_town,Town02,mixed,19,219,425.25481561759636,107.34049224853516,302.5498962402344,0.0,180.01942443847656
cross_town,Town02,mixed,19,220,427.2548157302864,105.34049224853516,302.5492248535156,0.0,180.01942443847656
cross_town,Town02,mixed,19,221,429.2548158429764,103.34049224853516,302.5485534667969,0.0,180.01942443847656
cross_town,Town02,mixed,19,222,431.25481595566646,101.34049224853516,302.5478820800781,0.0,180.01942443847656
cross_town,Town02,mixed,19,223,433.25481607883387,99.34049224853516,302.54718017578125,0.0,180.01942443847656
cross_town,Town02,mixed,19,224,435.2548161915239,97.34049224853516,302.5465087890625,0.0,180.01942443847656
cross_town,Town02,mixed,19,225,437.25481630421393,95.34049224853516,302.54583740234375,0.0,180.01942443847656
cross_town,Town02,mixed,19,226,439.25481641690396,93.34049224853516,302.545166015625,0.0,180.01942443847656
cross_town,Town02,mixed,19,227,441.254816529594,91.34049224853516,302.54449462890625,0.0,180.01942443847656
cross_town,Town02,mixed,19,228,443.2548166527614,89.34049224853516,302.5437927246094,0.0,180.01942443847656
cross_town,Town02,mixed,19,229,445.25481676545144,87.34049224853516,302.5431213378906,0.0,180.01942443847656
cross_town,Town02,mixed,19,230,447.25481687814147,85.34049224853516,302.5424499511719,0.0,180.01942443847656
cross_town,Town02,mixed,19,231,449.2548169908315,83.34049224853516,302.5417785644531,0.0,180.01942443847656
cross_town,Town02,mixed,19,232,451.2548171139989,81.34049224853516,302.54107666015625,0.0,180.01942443847656
cross_town,Town02,mixed,19,233,453.25481722668894,79.34049224853516,302.5404052734375,0.0,180.01942443847656
cross_town,Town02,mixed,19,234,455.254817339379,77.34049224853516,302.53973388671875,0.0,180.01942443847656
cross_town,Town02,mixed,19,235,457.254817452069,75.34049224853516,302.5390625,0.0,180.01942443847656
cross_town,Town02,mixed,19,236,459.25481756475904,73.34049224853516,302.53839111328125,0.0,180.01942443847656
cross_town,Town02,mixed,19,237,461.25481768792645,71.34049224853516,302.5376892089844,0.0,180.01942443847656
cross_town,Town02,mixed,19,238,463.2548178006165,69.34049224853516,302.5370178222656,0.0,180.01942443847656
cross_town,Town02,mixed,19,239,465.2548179133065,67.34049224853516,302.5363464355469,0.0,180.01942443847656
cross_town,Town02,mixed,19,240,467.25481802599654,65.34049224853516,302.5356750488281,0.0,180.01942443847656
cross_town,Town02,mixed,19,241,469.25481432398954,63.34049606323242,302.5350036621094,0.0,180.01942443847656
cross_town,Town02,mixed,19,242,471.25481444715695,61.34049606323242,302.5343017578125,0.0,180.01942443847656
cross_town,Town02,mixed,19,243,473.254814559847,59.34049606323242,302.53363037109375,0.0,180.01942443847656
cross_town,Town02,mixed,19,244,475.254814672537,57.34049606323242,302.532958984375,0.0,180.01942443847656
cross_town,Town02,mixed,19,245,477.25481478522704,55.34049606323242,302.53228759765625,0.0,180.01942443847656
cross_town,Town02,mixed,19,246,479.2548148979171,53.34049606323242,302.5316162109375,0.0,180.01942443847656
cross_town,Town02,mixed,19,247,481.2548150210845,51.34049606323242,302.5309143066406,0.0,-179.98056030273438
cross_town,Town02,mixed,19,248,482.92357964678376,49.67296600341797,302.46673583984375,0.0,-170.55648803710938
cross_town,Town02,mixed,19,249,484.32251671413815,48.34233474731445,302.0349426269531,0.0,-153.486083984375
cross_town,Town02,mixed,19,250,485.7214738108447,47.19707489013672,301.2315368652344,0.0,-136.41571044921875
cross_town,Town02,mixed,19,251,487.081594264243,46.37209701538086,300.1501770019531,0.0,-118.24908447265625
cross_town,Town02,mixed,19,252,488.44138128014777,45.92578125,298.86572265625,0.0,-100.0726318359375
cross_town,Town02,mixed,19,253,490.0874362998585,45.85935974121094,297.22100830078125,0.0,-90.00494384765625
cross_town,Town02,mixed,19,254,492.0877109657585,45.85918426513672,295.2207336425781,0.0,-90.00496673583984
cross_town,Town02,mixed,19,255,494.0877109731254,45.859012603759766,293.2207336425781,0.0,-90.00496673583984
cross_town,Town02,mixed,19,256,496.0877109808234,45.85883712768555,291.2207336425781,0.0,-90.00496673583984
cross_town,Town02,mixed,19,257,498.0877109881903,45.858665466308594,289.2207336425781,0.0,-90.00496673583984
cross_town,Town02,mixed,19,258,500.08771099588824,45.858489990234375,287.2207336425781,0.0,-90.00496673583984
cross_town,Town02,mixed,20,0,0.0,117.93017578125,187.60629272460938,0.0,180.02626037597656
cross_town,Town02,mixed,20,1,2.0000078389413,115.93016815185547,187.60537719726562,0.0,180.02626037597656
cross_town,Town02,mixed,20,2,4.000008048488868,113.93016815185547,187.60446166992188,0.0,180.02626037597656
cross_town,Town02,mixed,20,3,6.000008258036436,111.93016815185547,187.60354614257812,0.0,180.02626037597656
cross_town,Town02,mixed,20,4,8.000008467584005,109.93016815185547,187.60263061523438,0.0,180.02626037597656
cross_town,Town02,mixed,20,5,10.000008677131573,107.93016815185547,187.60171508789062,0.0,180.02626037597656
cross_town,Town02,mixed,20,6,12.00000125728541,105.93017578125,187.60079956054688,0.0,180.02626037597656
cross_town,Town02,mixed,20,7,14.000001466832979,103.93017578125,187.59988403320312,0.0,180.02626037597656
cross_town,Town02,mixed,20,8,16.000001676380545,101.93017578125,187.59896850585938,0.0,180.02626037597656
cross_town,Town02,mixed,20,9,18.000001885928114,99.93017578125,187.59805297851562,0.0,180.02626037597656
cross_town,Town02,mixed,20,10,20.000002095475683,97.93017578125,187.59713745117188,0.0,180.02626037597656
cross_town,Town02,mixed,20,11,22.00000230502325,95.93017578125,187.59622192382812,0.0,180.02626037597656
cross_town,Town02,mixed,20,12,24.00000251457082,93.93017578125,187.59530639648438,0.0,180.02626037597656
cross_town,Town02,mixed,20,13,26.000002731161516,91.93017578125,187.59437561035156,0.0,180.02626037597656
cross_town,Town02,mixed,20,14,28.000002940709084,89.93017578125,187.5934600830078,0.0,180.02626037597656
cross_town,Town02,mixed,20,15,30.000003150256653,87.93017578125,187.59254455566406,0.0,180.02626037597656
cross_town,Town02,mixed,20,16,32.00000335980422,85.93017578125,187.5916290283203,0.0,180.02626037597656
cross_town,Town02,mixed,20,17,34.00000356935178,83.93017578125,187.59071350097656,0.0,180.02626037597656
cross_town,Town02,mixed,20,18,36.00000377889935,81.93017578125,187.5897979736328,0.0,180.02626037597656
cross_town,Town02,mixed,20,19,38.00000398844691,79.93017578125,187.58888244628906,0.0,180.02626037597656
cross_town,Town02,mixed,20,20,40.00000419799448,77.93017578125,187.5879669189453,0.0,180.02626037597656
cross_town,Town02,mixed,20,21,42.00000440754204,75.93017578125,187.58705139160156,0.0,180.02626037597656
cross_town,Town02,mixed,20,22,44.00000461708961,73.93017578125,187.5861358642578,0.0,180.02626037597656
cross_town,Town02,mixed,20,23,46.00000482663717,71.93017578125,187.58522033691406,0.0,180.02626037597656
cross_town,Town02,mixed,20,24,48.00000503618474,69.93017578125,187.5843048095703,0.0,180.02626037597656
cross_town,Town02,mixed,20,25,50.00000525277543,67.93017578125,187.5833740234375,0.0,180.02626037597656
cross_town,Town02,mixed,20,26,52.000005462322996,65.93017578125,187.58245849609375,0.0,180.02626037597656
cross_town,Town02,mixed,20,27,54.00000567187056,63.93017578125,187.58154296875,0.0,180.02626037597656
cross_town,Town02,mixed,20,28,56.000005881418126,61.93017578125,187.58062744140625,0.0,180.02626037597656
cross_town,Town02,mixed,20,29,58.00000609096569,59.93017578125,187.5797119140625,0.0,180.02626037597656
cross_town,Town02,mixed,20,30,60.000006300513256,57.93017578125,187.57879638671875,0.0,180.02626037597656
cross_town,Town02,mixed,20,31,62.00000651006082,55.93017578125,187.577880859375,0.0,180.02626037597656
cross_town,Town02,mixed,20,32,64.0000067196084,53.93017578125,187.57696533203125,0.0,180.02626037597656
cross_town,Town02,mixed,20,33,66.00000692915596,51.93017578125,187.5760498046875,0.0,-179.97369384765625
cross_town,Town02,mixed,20,34,68.2000722934526,49.730472564697266,187.615966796875,0.0,174.2662811279297
cross_town,Town02,mixed,20,35,70.8430063001033,47.17894744873047,188.30503845214844,0.0,155.50845336914062
cross_town,Town02,mixed,20,36,73.48593695011161,44.984519958496094,189.77798461914062,0.0,136.75064086914062
cross_town,Town02,mixed,20,37,76.02895161038369,43.409358978271484,191.77442932128906,0.0,120.96047973632812
cross_town,Town02,mixed,20,38,78.47129367179423,42.3945426940918,193.99595642089844,0.0,108.14229583740234
cross_town,Town02,mixed,20,39,80.91363698875995,41.897884368896484,196.38726806640625,0.0,95.32411193847656
cross_town,Town02,mixed,20,40,83.09898941884975,41.850791931152344,198.57211303710938,0.0,-270.00494384765625
cross_town,Town02,mixed,20,41,85.09900468533672,41.85096740722656,200.57212829589844,0.0,89.99503326416016
cross_town,Town02,mixed,20,42,87.09900469270363,41.851139068603516,202.57212829589844,0.0,89.99503326416016
cross_town,Town02,mixed,20,43,89.0990047004016,41.851314544677734,204.57212829589844,0.0,89.99503326416016
cross_town,Town02,mixed,20,44,91.0990047077685,41.85148620605469,206.57212829589844,0.0,89.99503326416016
cross_town,Town02,mixed,20,45,93.09900471546646,41.851661682128906,208.57212829589844,0.0,89.99503326416016
cross_town,Town02,mixed,20,46,95.09900472316443,41.851837158203125,210.57212829589844,0.0,89.99503326416016
cross_town,Town02,mixed,20,47,97.09900473053133,41.85200881958008,212.57212829589844,0.0,89.99503326416016
cross_town,Town02,mixed,20,48,99.0990047382293,41.8521842956543,214.57212829589844,0.0,89.99503326416016
cross_town,Town02,mixed,20,49,101.0990047455962,41.85235595703125,216.57212829589844,0.0,89.99503326416016
cross_town,Town02,mixed,20,50,103.09900475329417,41.85253143310547,218.57212829589844,0.0,89.99503326416016
cross_town,Town02,mixed,20,51,105.09900476066107,41.85270309448242,220.57212829589844,0.0,89.99503326416016
cross_town,Town02,mixed,20,52,107.09900476835904,41.85287857055664,222.57212829589844,0.0,89.99503326416016
cross_town,Town02,mixed,20,53,109.09900477572594,41.853050231933594,224.57212829589844,0.0,89.99503326416016
cross_town,Town02,mixed,20,54,111.09900478342391,41.85322570800781,226.57212829589844,0.0,89.99503326416016
cross_town,Town02,mixed,20,55,113.237205538346,41.88566207885742,228.7100830078125,0.0,86.02103424072266
cross_town,Town02,mixed,20,56,115.58463772717843,42.252811431884766,231.02862548828125,0.0,75.98213958740234
cross_town,Town02,mixed,20,57,117.93203831136111,43.01850509643555,233.2476348876953,0.0,65.9432373046875
cross_town,Town02,mixed,20,58,120.2794631975598,44.15928649902344,235.29922485351562,0.0,55.90435028076172
cross_town,Town02,mixed,20,59,122.63025703761684,45.64271926879883,237.12286376953125,0.0,45.768096923828125
cross_town,Town02,mixed,20,60,125.01076931349071,47.45919418334961,238.6614532470703,0.0,34.76228332519531
cross_town,Town02,mixed,20,61,127.39128411570452,49.53599166870117,239.82496643066406,0.0,23.756454467773438
cross_town,Town02,mixed,20,62,129.77179231093754,51.796714782714844,240.57058715820312,0.0,12.750625610351562
cross_town,Town02,mixed,20,63,132.152308519809,54.15821075439453,240.87091064453125,0.0,1.7447967529296875
cross_town,Town02,mixed,20,64,134.21237830405695,56.21826934814453,240.87770080566406,0.0,0.0348052978515625
cross_town,Town02,mixed,20,65,136.21237866733094,58.21826934814453,240.87890625,0.0,0.0348052978515625
cross_town,Town02,mixed,20,66,138.21237903985994,60.21826934814453,240.880126953125,0.0,0.0348052978515625
cross_town,Town02,mixed,20,67,140.21237940313392,62.21826934814453,240.88133239746094,0.0,0.0348052978515625
cross_town,Town02,mixed,20,68,142.21237977566292,64.21826934814453,240.88255310058594,0.0,0.0348052978515625
cross_town,Town02,mixed,20,69,144.21238014819193,66.21826934814453,240.88377380371094,0.0,0.0348052978515625
cross_town,Town02,mixed,20,70,146.2123805114659,68.21826934814453,240.88497924804688,0.0,0.0348052978515625
cross_town,Town02,mixed,20,71,148.2123808839949,70.21826934814453,240.88619995117188,0.0,0.0348052978515625
cross_town,Town02,mixed,20,72,150.2123812472689,72.21826934814453,240.8874053955078,0.0,0.0348052978515625
cross_town,Town02,mixed,20,73,152.2123816197979,74.21826934814453,240.8886260986328,0.0,0.0348052978515625
cross_town,Town02,mixed,20,74,154.2123819923269,76.21826934814453,240.8898468017578,0.0,0.0348052978515625
cross_town,Town02,mixed,20,75,156.21238235560088,78.21826934814453,240.89105224609375,0.0,0.0348052978515625
cross_town,Town02,mixed,20,76,158.21238272812988,80.21826934814453,240.89227294921875,0.0,0.0348052978515625
cross_town,Town02,mixed,20,77,160.21238309140386,82.21826934814453,240.8934783935547,0.0,0.0348052978515625
cross_town,Town02,mixed,20,78,162.21238346393287,84.21826934814453,240.8946990966797,0.0,0.0348052978515625
cross_town,Town02,mixed,20,79,164.21238383646187,86.21826934814453,240.8959197998047,0.0,0.0348052978515625
cross_town,Town02,mixed,20,80,166.21238419973585,88.21826934814453,240.89712524414062,0.0,0.0348052978515625
cross_town,Town02,mixed,20,81,168.21238457226485,90.21826934814453,240.89834594726562,0.0,0.0348052978515625
cross_town,Town02,mixed,20,82,170.21238493553884,92.21826934814453,240.89955139160156,0.0,0.0348052978515625
cross_town,Town02,mixed,20,83,172.21237767867473,94.21826171875,240.90077209472656,0.0,0.0348052978515625
cross_town,Town02,mixed,20,84,174.2123780419487,96.21826171875,240.9019775390625,0.0,0.0348052978515625
cross_town,Town02,mixed,20,85,176.2123784144777,98.21826171875,240.9031982421875,0.0,0.0348052978515625
cross_town,Town02,mixed,20,86,178.2123787870067,100.21826171875,240.9044189453125,0.0,0.0348052978515625
cross_town,Town02,mixed,20,87,180.2123791502807,102.21826171875,240.90562438964844,0.0,0.0348052978515625
cross_town,Town02,mixed,20,88,182.2123795228097,104.21826171875,240.90684509277344,0.0,0.0348052978515625
cross_town,Town02,mixed,20,89,184.21237988608368,106.21826171875,240.90805053710938,0.0,0.0348052978515625
cross_town,Town02,mixed,20,90,186.21238025861268,108.21826171875,240.90927124023438,0.0,0.0348052978515625
cross_town,Town02,mixed,20,91,188.21238063114168,110.21826171875,240.91049194335938,0.0,0.0348052978515625
cross_town,Town02,mixed,20,92,190.21238099441567,112.21826171875,240.9116973876953,0.0,0.0348052978515625
cross_town,Town02,mixed,20,93,192.21238136694467,114.21826171875,240.9129180908203,0.0,0.0348052978515625
cross_town,Town02,mixed,20,94,194.21238173021865,116.21826171875,240.91412353515625,0.0,0.0348052978515625
cross_town,Town02,mixed,20,95,196.21238210274765,118.21826171875,240.91534423828125,0.0,0.0348052978515625
cross_town,Town02,mixed,20,96,198.21238247527666,120.21826171875,240.91656494140625,0.0,0.0348052978515625
cross_town,Town02,mixed,20,97,200.21238283855064,122.21826171875,240.9177703857422,0.0,0.0348052978515625
cross_town,Town02,mixed,20,98,202.21237558168653,124.21825408935547,240.9189910888672,0.0,0.0348052978515625
cross_town,Town02,mixed,20,99,204.2123759449605,126.21825408935547,240.92019653320312,0.0,-359.96514892578125
cross_town,Town02,mixed,20,100,206.2123686880964,128.21824645996094,240.92141723632812,0.0,-359.96514892578125
cross_town,Town02,mixed,20,101,208.2123690606254,130.21824645996094,240.92263793945312,0.0,-359.96514892578125
cross_town,Town02,mixed,20,102,210.2123694238994,132.21824645996094,240.92384338378906,0.0,-359.96514892578125
cross_town,Town02,mixed,20,103,212.2123697964284,134.21824645996094,240.92506408691406,0.0,-359.96514892578125
cross_town,Town02,mixed,20,104,214.21237015970237,136.21824645996094,240.92626953125,0.0,-359.96514892578125
cross_town,Town02,mixed,20,105,216.21237053223138,138.21824645996094,240.927490234375,0.0,-359.96514892578125
cross_town,Town02,mixed,20,106,218.21237090476038,140.21824645996094,240.9287109375,0.0,-359.96514892578125
cross_town,Town02,mixed,20,107,220.21237126803436,142.21824645996094,240.92991638183594,0.0,-359.96514892578125
cross_town,Town02,mixed,20,108,222.21237164056336,144.21824645996094,240.93113708496094,0.0,0.0348052978515625
cross_town,Town02,mixed,20,109,224.21237200383734,146.21824645996094,240.93234252929688,0.0,0.0348052978515625
cross_town,Town02,mixed,20,110,226.21237237636635,148.21824645996094,240.93356323242188,0.0,0.0348052978515625
cross_town,Town02,mixed,20,111,228.21237274889535,150.21824645996094,240.93478393554688,0.0,0.0348052978515625
cross_town,Town02,mixed,20,112,230.21237311216933,152.21824645996094,240.9359893798828,0.0,0.0348052978515625
cross_town,Town02,mixed,20,113,232.21237348469833,154.21824645996094,240.9372100830078,0.0,0.0348052978515625
cross_town,Town02,mixed,20,114,234.21237384797232,156.21824645996094,240.93841552734375,0.0,0.0348052978515625
cross_town,Town02,mixed,20,115,236.21237422050132,158.21824645996094,240.93963623046875,0.0,0.0348052978515625
cross_town,Town02,mixed,20,116,238.21237459303032,160.21824645996094,240.94085693359375,0.0,0.0348052978515625
cross_town,Town02,mixed,20,117,240.2123749563043,162.21824645996094,240.9420623779297,0.0,0.0348052978515625
cross_town,Town02,mixed,20,118,242.2123753288333,164.21824645996094,240.9432830810547,0.0,0.0348052978515625
cross_town,Town02,mixed,20,119,244.2123756921073,166.21824645996094,240.94448852539062,0.0,0.0348052978515625
cross_town,Town02,mixed,20,120,246.2123760646363,168.21824645996094,240.94570922851562,0.0,0.0348052978515625
cross_town,Town02,mixed,20,121,248.2123764371653,170.21824645996094,240.94692993164062,0.0,0.0348052978515625
cross_town,Town02,mixed,20,122,250.21237680043927,172.21824645996094,240.94813537597656,0.0,0.0348052978515625
cross_town,Town02,mixed,20,123,252.21237717296827,174.21824645996094,240.94935607910156,0.0,0.0348052978515625
cross_town,Town02,mixed,20,124,254.21237753624226,176.21824645996094,240.9505615234375,0.0,0.0348052978515625
cross_town,Town02,mixed,20,125,256.21237790877126,178.21824645996094,240.9517822265625,0.0,0.0348052978515625
cross_town,Town02,mixed,20,126,258.2123782720452,180.21824645996094,240.95298767089844,0.0,0.0348052978515625
cross_town,Town02,mixed,20,127,260.2123786445742,182.21824645996094,240.95420837402344,0.0,0.0348052978515625
cross_town,Town02,mixed,20,128,262.21237901710316,184.21824645996094,240.95542907714844,0.0,0.0348052978515625
cross_town,Town02,mixed,20,129,264.57901042818537,186.57981872558594,240.80076599121094,0.0,-10.597488403320312
cross_town,Town02,mixed,20,130,267.1345932300191,189.00082397460938,239.98239135742188,0.0,-26.75665283203125
cross_town,Town02,mixed,20,131,269.67734250578826,191.0891571044922,238.53172302246094,0.0,-42.54338073730469
cross_town,Town02,mixed,20,132,272.32647722897235,192.71958923339844,236.44375610351562,0.0,-61.48667907714844
cross_town,Town02,mixed,20,133,274.97563164812334,193.58389282226562,233.93955993652344,0.0,-80.42996215820312
cross_town,Town02,mixed,20,134,277.30683509807693,193.6956787109375,231.6110382080078,0.0,-90.012939453125
cross_town,Town02,mixed,20,135,279.3068504092525,193.69522094726562,229.61102294921875,0.0,-90.01294708251953
cross_town,Town02,mixed,20,136,281.3068504616394,193.69476318359375,227.61102294921875,0.0,-90.01294708251953
cross_town,Town02,mixed,20,137,283.306850510592,193.69432067871094,225.61102294921875,0.0,-90.01294708251953
cross_town,Town02,mixed,20,138,285.3068505629789,193.69386291503906,223.61102294921875,0.0,-90.01294708251953
cross_town,Town02,mixed,20,139,287.30685061193157,193.69342041015625,221.61102294921875,0.0,-90.01294708251953
cross_town,Town02,mixed,20,140,289.30685066431846,193.69296264648438,219.61102294921875,0.0,-90.01294708251953
cross_town,Town02,mixed,20,141,291.30685071670536,193.6925048828125,217.61102294921875,0.0,-90.01294708251953
cross_town,Town02,mixed,20,142,293.306850765658,193.6920623779297,215.61102294921875,0.0,-90.01294708251953
cross_town,Town02,mixed,20,143,295.3068508180449,193.6916046142578,213.61102294921875,0.0,-90.01294708251953
cross_town,Town02,mixed,20,144,297.3068508704318,193.69114685058594,211.61102294921875,0.0,-90.01294708251953
cross_town,Town02,mixed,20,145,299.30685091938443,193.69070434570312,209.61102294921875,0.0,-90.01294708251953
cross_town,Town02,mixed,20,146,301.3068509717713,193.69024658203125,207.61102294921875,0.0,-90.01294708251953
cross_town,Town02,mixed,20,147,303.3068510241582,193.68978881835938,205.61102294921875,0.0,-90.01294708251953
cross_town,Town02,mixed,20,148,305.30685107311086,193.68934631347656,203.61102294921875,0.0,-90.01294708251953
cross_town,Town02,mixed,20,149,307.30685112549776,193.6888885498047,201.61102294921875,0.0,-90.01294708251953
cross_town,Town02,mixed,20,150,309.3068511744504,193.68844604492188,199.61102294921875,0.0,-90.01294708251953
cross_town,Town02,mixed,20,151,311.30683596804863,193.68798828125,197.6110382080078,0.0,-450.0129089355469
cross_town,Town02,mixed,20,152,313.66701635943207,193.5363006591797,195.2557373046875,0.0,-100.45658874511719
cross_town,Town02,mixed,20,153,316.22009781481455,192.72622680664062,192.83457946777344,0.0,-116.54222869873047
cross_town,Town02,mixed,20,154,318.77319300786974,191.2770233154297,190.73265075683594,0.0,-132.6278839111328
cross_town,Town02,mixed,20,155,321.27432010906466,189.37420654296875,189.10940551757812,0.0,-147.18603515625
cross_town,Town02,mixed,20,156,323.819496887419,187.06539916992188,188.03826904296875,0.0,-163.03733825683594
cross_town,Town02,mixed,20,157,326.3646858808196,184.5518035888672,187.63848876953125,0.0,-178.88865661621094
cross_town,Town02,mixed,20,158,328.40281924541495,182.513671875,187.63589477539062,0.0,180.02626037597656
cross_town,Town02,mixed,20,159,330.4028194549625,180.513671875,187.63497924804688,0.0,180.02626037597656
cross_town,Town02,mixed,20,160,332.4028196645101,178.513671875,187.63406372070312,0.0,180.02626037597656
cross_town,Town02,mixed,20,161,334.4028198740577,176.513671875,187.63314819335938,0.0,180.02626037597656
cross_town,Town02,mixed,20,162,336.40282008360526,174.513671875,187.63223266601562,0.0,180.02626037597656
cross_town,Town02,mixed,20,163,338.40282030019597,172.513671875,187.6313018798828,0.0,180.02626037597656
cross_town,Town02,mixed,20,164,340.40282050974355,170.513671875,187.63038635253906,0.0,180.02626037597656
cross_town,Town02,mixed,20,165,342.4028207192911,168.513671875,187.6294708251953,0.0,180.02626037597656
cross_town,Town02,mixed,20,166,344.4028209288387,166.513671875,187.62855529785156,0.0,180.02626037597656
cross_town,Town02,mixed,20,167,346.4028211383863,164.513671875,187.6276397705078,0.0,180.02626037597656
cross_town,Town02,mixed,20,168,348.40282134793387,162.513671875,187.62672424316406,0.0,180.02626037597656
cross_town,Town02,mixed,20,169,350.40282155748145,160.513671875,187.6258087158203,0.0,180.02626037597656
cross_town,Town02,mixed,20,170,352.402821767029,158.513671875,187.62489318847656,0.0,180.02626037597656
cross_town,Town02,mixed,20,171,354.4028219765766,156.513671875,187.6239776611328,0.0,180.02626037597656
cross_town,Town02,mixed,20,172,356.4028221861242,154.513671875,187.62306213378906,0.0,180.02626037597656
cross_town,Town02,mixed,20,173,358.40282239567176,152.513671875,187.6221466064453,0.0,180.02626037597656
cross_town,Town02,mixed,20,174,360.40282260521934,150.513671875,187.62123107910156,0.0,180.02626037597656
cross_town,Town02,mixed,20,175,362.4028228147669,148.513671875,187.6203155517578,0.0,180.02626037597656
cross_town,Town02,mixed,20,176,364.4028230313576,146.513671875,187.619384765625,0.0,180.02626037597656
cross_town,Town02,mixed,20,177,366.4028232339785,144.513671875,187.6184844970703,0.0,180.02626037597656
cross_town,Town02,mixed,20,178,368.4028234435261,142.513671875,187.61756896972656,0.0,180.02626037597656
cross_town,Town02,mixed,20,179,370.40282365307365,140.513671875,187.6166534423828,0.0,180.02626037597656
cross_town,Town02,mixed,20,180,372.40282386262123,138.513671875,187.61573791503906,0.0,180.02626037597656
cross_town,Town02,mixed,20,181,374.4028240721688,136.513671875,187.6148223876953,0.0,180.02626037597656
cross_town,Town02,mixed,20,182,376.4028242887595,134.513671875,187.6138916015625,0.0,180.02626037597656
cross_town,Town02,mixed,20,183,378.4028244983071,132.513671875,187.61297607421875,0.0,180.02626037597656
cross_town,Town02,mixed,20,184,380.4028247078547,130.513671875,187.612060546875,0.0,180.02626037597656
cross_town,Town02,mixed,20,185,382.40282491740226,128.513671875,187.61114501953125,0.0,180.02626037597656
cross_town,Town02,mixed,20,186,384.40282512694984,126.513671875,187.6102294921875,0.0,180.02626037597656
cross_town,Town02,mixed,20,187,386.4028253364974,124.513671875,187.60931396484375,0.0,180.02626037597656
cross_town,Town02,mixed,20,188,388.402825546045,122.513671875,187.6083984375,0.0,180.02626037597656
cross_town,Town02,mixed,20,189,390.4028257555926,120.513671875,187.60748291015625,0.0,180.02626037597656
cross_town,Town02,mixed,20,190,392.40282596514015,118.513671875,187.6065673828125,0.0,180.02626037597656
cross_town,Town02,mixed,20,191,394.40282617468773,116.513671875,187.60565185546875,0.0,180.02626037597656
cross_town,Town02,mixed,20,192,396.4028263842353,114.513671875,187.604736328125,0.0,180.02626037597656
cross_town,Town02,mixed,20,193,398.4028265937829,112.513671875,187.60382080078125,0.0,180.02626037597656
cross_town,Town02,mixed,20,194,400.40282680333047,110.513671875,187.6029052734375,0.0,180.02626037597656
cross_town,Town02,mixed,20,195,402.40282701287805,108.513671875,187.60198974609375,0.0,180.02626037597656
cross_town,Town02,mixed,20,196,404.4028272224256,106.513671875,187.60107421875,0.0,180.02626037597656
cross_town,Town02,mixed,20,197,406.40282743901633,104.513671875,187.6001434326172,0.0,180.02626037597656
cross_town,Town02,mixed,20,198,408.4028276485639,102.513671875,187.59922790527344,0.0,180.02626037597656
cross_town,Town02,mixed,20,199,410.4028278581115,100.513671875,187.5983123779297,0.0,180.02626037597656
cross_town,Town02,mixed,20,200,412.4028280676591,98.513671875,187.59739685058594,0.0,180.02626037597656
cross_town,Town02,mixed,20,201,414.40282827720665,96.513671875,187.5964813232422,0.0,180.02626037597656
cross_town,Town02,mixed,20,202,416.40282848675423,94.513671875,187.59556579589844,0.0,180.02626037597656
cross_town,Town02,mixed,20,203,418.4028286963018,92.513671875,187.5946502685547,0.0,180.02626037597656
cross_town,Town02,mixed,20,204,420.4028289058494,90.513671875,187.59373474121094,0.0,180.02626037597656
cross_town,Town02,mixed,20,205,422.40282911539697,88.513671875,187.5928192138672,0.0,180.02626037597656
cross_town,Town02,mixed,20,206,424.40282932494455,86.513671875,187.59190368652344,0.0,180.02626037597656
cross_town,Town02,mixed,20,207,426.4028295344921,84.513671875,187.5909881591797,0.0,180.02626037597656
cross_town,Town02,mixed,20,208,428.4028297440397,82.513671875,187.59007263183594,0.0,180.02626037597656
cross_town,Town02,mixed,20,209,430.4028299606304,80.513671875,187.58914184570312,0.0,180.02626037597656
cross_town,Town02,mixed,20,210,432.402830170178,78.513671875,187.58822631835938,0.0,180.02626037597656
cross_town,Town02,mixed,20,211,434.4028303797256,76.513671875,187.58731079101562,0.0,180.02626037597656
cross_town,Town02,mixed,20,212,436.40283058927315,74.513671875,187.58639526367188,0.0,180.02626037597656
cross_town,Town02,mixed,20,213,438.40283079882073,72.513671875,187.58547973632812,0.0,180.02626037597656
cross_town,Town02,mixed,20,214,440.4028310083683,70.513671875,187.58456420898438,0.0,180.02626037597656
cross_town,Town02,mixed,20,215,442.4028312179159,68.513671875,187.58364868164062,0.0,180.02626037597656
cross_town,Town02,mixed,20,216,444.40283142746347,66.513671875,187.58273315429688,0.0,180.02626037597656
cross_town,Town02,mixed,20,217,446.40283163701105,64.513671875,187.58181762695312,0.0,180.02626037597656
cross_town,Town02,mixed,20,218,448.40282803186176,62.513675689697266,187.58090209960938,0.0,180.02626037597656
cross_town,Town02,mixed,20,219,450.40282824140934,60.513675689697266,187.57998657226562,0.0,180.02626037597656
cross_town,Town02,mixed,20,220,452.4028284509569,58.513675689697266,187.57907104492188,0.0,180.02626037597656
cross_town,Town02,mixed,20,221,454.4028286605045,56.513675689697266,187.57815551757812,0.0,180.02626037597656
cross_town,Town02,mixed,20,222,456.4028288770952,54.513675689697266,187.5772247314453,0.0,180.02626037597656
cross_town,Town02,mixed,20,223,458.4028252650192,52.51367950439453,187.57632446289062,0.0,-179.97369384765625
cross_town,Town02,mixed,20,224,460.4128542793302,50.5036506652832,187.5754852294922,0.0,179.7388916015625
cross_town,Town02,mixed,20,225,463.05578842454133,47.89803695678711,188.01806640625,0.0,160.98106384277344
cross_town,Town02,mixed,20,226,465.69871382969393,45.57313919067383,189.27500915527344,0.0,142.22325134277344
cross_town,Town02,mixed,20,227,468.29967625418186,43.796409606933594,191.17454528808594,0.0,124.7001953125
cross_town,Town02,mixed,20,228,470.74201581156143,42.638858795166016,193.3251495361328,0.0,111.88201141357422
cross_town,Town02,mixed,20,229,473.184353831061,41.98728942871094,195.67897033691406,0.0,99.06382751464844
cross_town,Town02,mixed,20,230,475.4980334968449,41.850738525390625,197.98861694335938,0.0,-270.00494384765625
cross_town,Town02,mixed,20,231,477.4980335048812,41.85091781616211,199.98861694335938,0.0,89.99503326416016
cross_town,Town02,mixed,20,232,479.4980335122481,41.85108947753906,201.98861694335938,0.0,89.99503326416016
cross_town,Town02,mixed,20,233,481.4980335199461,41.85126495361328,203.98861694335938,0.0,89.99503326416016
cross_town,Town02,mixed,20,234,483.498033527313,41.851436614990234,205.98861694335938,0.0,89.99503326416016
cross_town,Town02,mixed,20,235,485.49803353501096,41.85161209106445,207.98861694335938,0.0,89.99503326416016
cross_town,Town02,mixed,20,236,487.49803354237787,41.851783752441406,209.98861694335938,0.0,89.99503326416016
cross_town,Town02,mixed,20,237,489.49803355007583,41.851959228515625,211.98861694335938,0.0,89.99503326416016
cross_town,Town02,mixed,20,238,491.49803355744274,41.85213088989258,213.98861694335938,0.0,89.99503326416016
cross_town,Town02,mixed,20,239,493.4980335651407,41.8523063659668,215.98861694335938,0.0,89.99503326416016
cross_town,Town02,mixed,20,240,495.4980335725076,41.85247802734375,217.98861694335938,0.0,89.99503326416016
cross_town,Town02,mixed,20,241,497.4980335802056,41.85265350341797,219.98861694335938,0.0,89.99503326416016
cross_town,Town02,mixed,20,242,499.4980335875725,41.85282516479492,221.98861694335938,0.0,89.99503326416016
