protocol,town,weather,episode,t,sim_time_s,ego_x,ego_y,ego_z,ego_yaw_deg,route_s_m,route_remaining_m,route_completion_pct,cte_m,route_heading_rad,speed_kmh,reward,command_throttle,command_brake,command_steer,applied_throttle,applied_brake,applied_steer,sigma_bar,sigma_ale,sigma_epi,policy_entropy_proxy,attention,top_attention_index,top_attention_value,ttc_s,collision,off_route,timeout,red_light_violation,intervention,terminal_reason
cross_town,Town02,mixed,1,1,0.05,-7.447046756744385,219.40994262695312,0.15079757571220398,89.98705291748047,0.0,499.2346794092084,0.0,0.0,2.663161087212984e-07,0.4665233731277758,0.42348139656388295,0.035804927349090576,0.8644380569458008,-0.3520864248275757,0.0,0.07999999821186066,-0.07999999821186066,1.0,0.2758253514766693,15.500134468078613,2.1772947311401367,0.4589549|0.4439228|0.0971224|0.0000000|0.0000000|0.0000000|0.0000000|0.0000000|0.0000000|0.0000000,0,0.4589548707008362,,0,0,0,0,0,
cross_town,Town02,mixed,1,2,0.1,-7.447046756744385,219.40994262695312,0.161112442612648,89.98705291748047,0.0,499.2346794092084,0.0,0.0,2.663161087212984e-07,0.8584078967571334,0.4303055058548684,0.05285370349884033,0.6488181352615356,-0.10670658946037292,0.0,0.1599999964237213,-0.10670658946037292,1.0,0.2811274230480194,55.52387237548828,2.261535406112671,0.4217079|0.4092528|0.0941668|0.0748725|0.0000000|0.0000000|0.0000000|0.0000000|0.0000000|0.0000000,0,0.4217078685760498,,0,0,0,0,0,
cross_town,Town02,mixed,1,3,0.15,-7.447046756744385,219.40994262695312,0.17358183860778809,89.98705291748047,0.0,499.2346794092084,0.0,0.0,2.663161087212984e-07,0.8940892696380625,0.4234813962767371,0.07816910743713379,0.3285945653915405,0.062091752886772156,0.0,0.23999999463558197,-0.02670658938586712,1.0,0.29124680161476135,24.235166549682617,2.3038573265075684,0.6888759|0.1664672|0.1446568|0.0000000|0.0000000|0.0000000|0.0000000|0.0000000|0.0000000|0.0000000,0,0.6888759136199951,,0,0,0,0,0,
cross_town,Town02,mixed,1,4,0.2,-7.447046756744385,219.40994262695312,0.1851729154586792,89.98705291748047,0.0,499.2346794092084,0.0,0.0,2.663161087212984e-07,0.7842064619064512,0.4234813962789367,0.08353084325790405,0.6254122853279114,-0.15976645052433014,0.0,0.3199999928474426,-0.10670658946037292,1.0,0.27613121271133423,6.6936774253845215,2.3946309089660645,0.4492468|0.4612300|0.0895232|0.0000000|0.0000000|0.0000000|0.0000000|0.0000000|0.0000000|0.0000000,1,0.46123000979423523,,0,0,0,0,0,
cross_town,Town02,mixed,1,5,0.25,-7.447046756744385,219.40994262695312,0.19481006264686584,89.98705291748047,0.0,499.2346794092084,0.0,0.0,2.663161087212984e-07,0.6321011245273102,0.4235209439537419,0.10145658254623413,0.3335554301738739,0.27471721172332764,0.0,0.3335554301738739,-0.02670658938586712,0.9996045231819153,0.28185760974884033,2.1768712997436523,2.296581268310547,0.4238716|0.3966681|0.0973192|0.0821410|0.0000000|0.0000000|0.0000000|0.0000000|0.0000000|0.0000000,0,0.42387160658836365,,0,0,0,0,0,
cross_town,Town02,mixed,1,6,0.3,-7.447046279907227,219.40994262695312,0.20233973860740662,89.98705291748047,1.0766143529545502e-10,499.23467940910075,2.1565295788918544e-11,4.76837158203125e-07,2.663161087212984e-07,0.4844079136850597,0.430428070885709,0.11524409055709839,0.3589768409729004,-0.08362071216106415,0.0,0.3589768409729004,-0.08362071216106415,0.9684615731239319,0.28887519240379333,1.0672500133514404,2.3486852645874023,0.7237595|0.1470852|0.1291554|0.0000000|0.0000000|0.0000000|0.0000000|0.0000000|0.0000000|0.0000000,0,0.7237594723701477,,0,0,0,0,0,
cross_town,Town02,mixed,1,7,0.35,-7.447046279907227,219.40994262695312,0.20799343287944794,89.98705291748047,1.0766143529545502e-10,499.23467940910075,2.1565295788918544e-11,4.76837158203125e-07,2.663161087212984e-07,0.3589447438717327,0.423481288989254,0.09570562839508057,0.45154058933258057,0.11968710273504257,0.0,0.43897685408592224,-0.003620712086558342,1.0,0.27635782957077026,4.576108455657959,2.2872986793518066,0.4436283|0.4511802|0.1051915|0.0000000|0.0000000|0.0000000|0.0000000|0.0000000|0.0000000|0.0000000,1,0.45118021965026855,359.54926536633116,0,0,0,0,0,
cross_town,Town02,mixed,1,8,0.4,-7.447046279907227,219.40994262695312,0.21212264895439148,89.98705291748047,1.0766143529545502e-10,499.23467940910075,2.1565295788918544e-11,4.76837158203125e-07,2.663161087212984e-07,0.25964359939103837,0.4234812897075906,0.12282079458236694,0.5619435906410217,0.5291430354118347,0.0,0.5189768671989441,0.07637928426265717,1.0,0.33794912695884705,4.952414512634277,1.9673566818237305,0.5666302|0.4333698|0.0000000|0.0000000|0.0000000|0.0000000|0.0000000|0.0000000|0.0000000|0.0000000,0,0.5666302442550659,209.66561684843725,0,0,0,0,0,
cross_town,Town02,mixed,1,9,0.45,-7.447046279907227,219.40994262695312,0.21507754921913147,89.98705291748047,1.0766143529545502e-10,499.23467940910075,2.1565295788918544e-11,4.76837158203125e-07,2.663161087212984e-07,0.18444911688597512,0.4307907549891848,0.27358293533325195,0.5792809128761292,0.09395137429237366,0.0,0.5792809128761292,0.09395137429237366,1.0,0.3382262587547302,10.447220802307129,2.074516773223877,0.5349560|0.4650441|0.0000000|0.0000000|0.0000000|0.0000000|0.0000000|0.0000000|0.0000000|0.0000000,0,0.5349559783935547,170.2650386422886,0,0,0,0,0,
cross_town,Town02,mixed,1,10,0.5,-7.447046279907227,219.40994262695312,0.2171591967344284,89.98705291748047,1.0766143529545502e-10,499.23467940910075,2.1565295788918544e-11,4.76837158203125e-07,2.663161087212984e-07,0.12919008582863734,0.42349435433049964,0.341143399477005,0.6263057589530945,-0.3908490538597107,0.0,0.6263057589530945,0.013951374217867851,0.9998693466186523,0.28160372376441956,2.454246997833252,2.3045101165771484,0.8411997|0.1588003|0.0000000|0.0000000|0.0000000|0.0000000|0.0000000|0.0000000|0.0000000|0.0000000,0,0.8411996960639954,127.17643870590501,0,0,0,0,0,
cross_town,Town02,mixed,1,11,0.55,-7.447046279907227,219.40994262695312,0.21860744059085846,89.98705291748047,1.0766143529545502e-10,499.23467940910075,2.1565295788918544e-11,4.76837158203125e-07,2.663161087212984e-07,0.08946249336049213,0.4234812897067403,0.18637308478355408,0.7367445826530457,-0.2541775405406952,0.0,0.706305742263794,-0.06604862213134766,1.0,0.2695496678352356,7.455666542053223,1.719550609588623,0.5100726|0.4899274|0.0000000|0.0000000|0.0000000|0.0000000|0.0000000|0.0000000|0.0000000|0.0000000,0,0.5100725889205933,97.33495529783723,0,0,0,0,0,
cross_town,Town02,mixed,1,12,0.6,-7.447046279907227,219.40994262695312,0.21960493922233582,89.98705291748047,1.0766143529545502e-10,499.23467940910075,2.1565295788918544e-11,4.76837158203125e-07,2.663161087212984e-07,0.06138020083505594,0.42349471699607755,0.033696144819259644,0.9868816137313843,0.2626720666885376,0.0,0.7863057255744934,0.01395137794315815,0.9999576807022095,0.2807115614414215,2.736919403076172,0.4031514525413513,0.8534421|0.1465579|0.0000000|0.0000000|0.0000000|0.0000000|0.0000000|0.0000000|0.0000000|0.0000000,0,0.8534420728683472,64.68973838117724,0,0,0,0,0,
cross_town,Town02,mixed,1,13,0.65,-7.447046279907227,219.40994262695312,0.22028613090515137,89.98705291748047,1.0766143529545502e-10,499.23467940910075,2.1565295788918544e-11,4.76837158203125e-07,2.663161087212984e-07,0.041777812689644485,0.4286354090198054,0.13967278599739075,0.6476640701293945,0.534568727016449,0.0,0.706305742263794,0.09395137429237366,0.9490464329719543,0.27633386850357056,0.9548018574714661,2.326399326324463,0.4436048|0.4517503|0.1046449|0.0000000|0.0000000|0.0000000|0.0000000|0.0000000|0.0000000|0.0000000,1,0.4517502784729004,51.33363503639528,0,0,0,0,0,
cross_town,Town02,mixed,1,14,0.7,-7.447046279907227,219.40994262695312,0.22074805200099945,89.98705291748047,1.0766143529545502e-10,499.23467940910075,2.1565295788918544e-11,4.76837158203125e-07,2.663161087212984e-07,0.028249213100888963,0.4238522707688049,0.7417140007019043,0.9790940284729004,-0.7982892990112305,0.0,0.7863057255744934,0.013951374217867851,0.9976686835289001,0.276925265789032,1.7378206253051758,0.7517592906951904,0.4526435|0.4343113|0.1130452|0.0000000|0.0000000|0.0000000|0.0000000|0.0000000|0.0000000|0.0000000,0,0.4526435136795044,44.12862608850106,0,0,0,0,0,
cross_town,Town02,mixed,1,15,0.75,-7.447046279907227,219.40994262695312,0.22105933725833893,89.98705291748047,1.0766143529545502e-10,499.23467940910075,2.1565295788918544e-11,4.76837158203125e-07,2.663161087212984e-07,0.018989387714920234,0.4263392158002428,0.11357751488685608,0.6307628154754639,0.5390579700469971,0.0,0.706305742263794,0.09395137429237366,0.9738222360610962,0.27578821778297424,1.128291368484497,2.2402901649475098,0.4563065|0.4611053|0.0825882|0.0000000|0.0000000|0.0000000|0.0000000|0.0000000|0.0000000|0.0000000,1,0.4611053168773651,37.35082574036741,0,0,0,0,0,
cross_town,Town02,mixed,1,16,0.8,-7.447046279907227,219.40994262695312,0.22126799821853638,89.98705291748047,1.0766143529545502e-10,499.23467940910075,2.1565295788918544e-11,4.76837158203125e-07,2.663161087212984e-07,0.012704177398883885,0.4240491120180082,0.7652614116668701,0.966558575630188,-0.730885922908783,0.0,0.7863057255744934,0.013951374217867851,0.9977625608444214,0.2698903977870941,1.7551546096801758,0.7957479357719421,0.4898160|0.5101840|0.0000000|0.0000000|0.0000000|0.0000000|0.0000000|0.0000000|0.0000000|0.0000000,1,0.5101839900016785,33.66927030966592,0,0,0,0,0,
cross_town,Town02,mixed,1,17,0.85,-7.447046279907227,219.40994262695312,0.2214072048664093,89.98705291748047,1.0766143529545502e-10,499.23467940910075,2.1565295788918544e-11,4.76837158203125e-07,2.663161087212984e-07,0.008460776886414908,0.42398460190291576,0.06848040223121643,0.7069693207740784,0.5986573100090027,0.0,0.7069693207740784,0.09395137429237366,0.9984076619148254,0.2700476050376892,1.8401861190795898,2.0405116081237793,0.4895153|0.5104847|0.0000000|0.0000000|0.0000000|0.0000000|0.0000000|0.0000000|0.0000000|0.0000000,1,0.5104846954345703,30.85906689332883,0,0,0,0,0,
cross_town,Town02,mixed,1,18,0.9,-7.447046279907227,219.40994262695312,0.2214072048664093,89.98705291748047,1.0766143529545502e-10,499.23467940910075,2.1565295788918544e-11,4.76837158203125e-07,2.663161087212984e-07,0.0,0.42510248106015364,0.773535966873169,0.9746263027191162,-0.8204373717308044,0.0,0.7869693040847778,0.013951374217867851,0.9872288703918457,0.28151410818099976,1.3054149150848389,0.8100070953369141,0.4242444|0.4095079|0.0893285|0.0769192|0.0000000|0.0000000|0.0000000|0.0000000|0.0000000|0.0000000,0,0.4242444336414337,28.582673908199524,0,0,0,0,0,
cross_town,Town02,mixed,1,19,0.95,-7.447046279907227,219.40994262695312,0.22150881588459015,89.98705291748047,1.0766143529545502e-10,499.23467940910075,2.1565295788918544e-11,4.76837158203125e-07,2.663161087212984e-07,0.002190570789521321,0.42396788280987346,0.07264196872711182,0.7073567509651184,0.6022959351539612,0.0,0.7073567509651184,0.09395137429237366,0.9985748529434204,0.2704140543937683,1.8676084280014038,2.060929775238037,0.5113732|0.4886267|0.0000000|0.0000000|0.0000000|0.0000000|0.0000000|0.0000000|0.0000000|0.0000000,0,0.5113732218742371,26.685351231232854,0,0,0,0,0,
cross_town,Town02,mixed,1,20,1.0,-7.447046279907227,219.40994262695312,0.22154201567173004,89.98705291748047,1.0766143529545502e-10,499.23467940910075,2.1565295788918544e-11,4.76837158203125e-07,2.663161087212984e-07,0.0024231032248343675,0.4239320425372908,0.7760686278343201,0.9679263830184937,-0.7325522303581238,0.0,0.7873567342758179,0.013951374217867851,0.9989332556724548,0.2706407308578491,1.9398908615112305,0.7795924544334412,0.5036385|0.4963615|0.0000000|0.0000000|0.0000000|0.0000000|0.0000000|0.0000000|0.0000000|0.0000000,0,0.503638505935669,25.06101203674,0,0,0,0,0,
cross_town,Town02,mixed,1,21,1.05,-7.447046279907227,219.40994262695312,0.22157397866249084,89.98705291748047,1.0766143529545502e-10,499.23467940910075,2.1565295788918544e-11,4.76837158203125e-07,2.663161087212984e-07,0.0021784514023878215,0.44226585310481387,0.09993520379066467,0.6396995186805725,0.48156067728996277,0.0,0.7073567509651184,0.09395137429237366,0.8155951499938965,0.27764248847961426,0.5940536856651306,2.229916572570801,0.4711848|0.4343294|0.0944858|0.0000000|0.0000000|0.0000000|0.0000000|0.0000000|0.0000000|0.0000000,0,0.4711848497390747,23.64446797441761,0,0,0,0,0,
cross_town,Town02,mixed,1,22,1.1,-7.447046279907227,219.40994262695312,0.22160102427005768,89.98705291748047,1.0766143529545502e-10,499.23467940910075,2.1565295788918544e-11,4.76837158203125e-07,2.663161087212984e-07,0.0017811927712553023,0.48369738739475693,0.7822709083557129,0.9687789678573608,-0.8733094930648804,0.0,0.7873567342758179,0.013951374217867851,0.4012798070907593,0.289900541305542,0.11006560176610947,0.9538347721099854,0.7069393|0.1654794|0.1275812|0.0000000|0.0000000|0.0000000|0.0000000|0.0000000|0.0000000|0.0000000,0,0.7069393396377563,22.393553706880628,0,0,0,0,0,
cross_town,Town02,mixed,1,23,1.15,-7.447046279907227,219.40994262695312,0.22162239253520966,89.98705291748047,1.0766143529545502e-10,499.23467940910075,2.1565295788918544e-11,4.76837158203125e-07,2.663161087212984e-07,0.0013749046368949226,0.4360633222440604,0.13070663809776306,0.6085261106491089,0.41443195939064026,0.0,0.7073567509651184,0.09395137429237366,0.8776204586029053,0.2833371162414551,0.7091847062110901,2.363265037536621,0.4207826|0.3997999|0.1034126|0.0760048|0.0000000|0.0000000|0.0000000|0.0000000|0.0000000|0.0000000,0,0.4207826256752014,21.425839015556445,0,0,0,0,0,
cross_town,Town02,mixed,1,24,1.2,-7.447046279907227,219.40994262695312,0.221638485789299,89.98705291748047,1.0766143529545502e-10,499.23467940910075,2.1565295788918544e-11,4.76837158203125e-07,2.663161087212984e-07,0.001026329060916949,0.4328348306994839,0.7473526000976562,0.9817652702331543,-0.8487153649330139,0.0,0.7873567342758179,0.013951374217867851,0.9099053740501404,0.2838261127471924,0.7942941188812256,0.8716834187507629,0.4215977|0.3961322|0.1009596|0.0813105|0.0000000|0.0000000|0.0000000|0.0000000|0.0000000|0.0000000,0,0.42159774899482727,21.265399646603587,0,0,0,0,0,
cross_town,Town02,mixed,1,25,1.25,-7.447046279907227,219.40994262695312,0.22165030241012573,89.98705291748047,1.0766143529545502e-10,499.23467940910075,2.1565295788918544e-11,4.76837158203125e-07,2.663161087212984e-07,0.0007463836629284982,0.4345676628928303,0.09001433849334717,0.6488469243049622,0.3992420732975006,0.0,0.7073567509651184,0.09395137429237366,0.892577052116394,0.2781245708465576,0.7512102723121643,2.1801211833953857,0.4885046|0.4254511|0.0860444|0.0000000|0.0000000|0.0000000|0.0000000|0.0000000|0.0000000|0.0000000,0,0.4885045886039734,20.938631545428898,0,0,0,0,0,
cross_town,Town02,mixed,1,26,1.3,-7.447046279907227,219.40994262695312,0.2216588854789734,89.98705291748047,1.0766143529545502e-10,499.23467940910075,2.1565295788918544e-11,4.76837158203125e-07,2.663161087212984e-07,0.0005316696188307465,0.43820563238667654,0.7528008222579956,0.9794654250144958,-0.785304844379425,0.0,0.7873567342758179,0.013951374217867851,0.8561973571777344,0.27845269441604614,0.6675620675086975,0.8056328296661377,0.4783167|0.4367883|0.0848950|0.0000000|0.0000000|0.0000000|0.0000000|0.0000000|0.0000000|0.0000000,0,0.47831669449806213,20.27762079751466,0,0,0,0,0,
cross_town,Town02,mixed,1,27,1.35,-7.447046279907227,219.40994262695312,0.22166140377521515,89.98705291748047,1.0766143529545502e-10,499.23467940910075,2.1565295788918544e-11,4.76837158203125e-07,2.663161087212984e-07,0.00016359328690467145,0.42407522481485993,0.12542003393173218,0.6312381029129028,0.41511374711990356,0.0,0.7073567509651184,0.09395137429237366,0.9975014328956604,0.2881213128566742,1.7092618942260742,2.360107421875,0.7936208|0.2063793|0.0000000|0.0000000|0.0000000|0.0000000|0.0000000|0.0000000|0.0000000|0.0000000,0,0.793620765209198,19.66624846267374,0,0,0,0,0,
cross_town,Town02,mixed,1,28,1.4,-7.447046279907227,219.40994262695312,0.22166423499584198,89.98705291748047,1.0766143529545502e-10,499.23467940910075,2.1565295788918544e-11,4.76837158203125e-07,2.663161087212984e-07,0.0002198638949301618,0.42395571750219235,0.727694571018219,0.9727113246917725,-0.7579806447029114,0.0,0.7873567342758179,0.013951374217867851,0.998696506023407,0.2733542323112488,1.8869832754135132,0.8845308423042297,0.5306833|0.4693167|0.0000000|0.0000000|0.0000000|0.0000000|0.0000000|0.0000000|0.0000000|0.0000000,0,0.5306832790374756,18.830160387008526,0,0,0,0,0,
cross_town,Town02,mixed,1,29,1.45,-7.447046279907227,219.40994262695312,0.22166724503040314,89.98705291748047,1.0766143529545502e-10,499.23467940910075,2.1565295788918544e-11,4.76837158203125e-07,2.663161087212984e-07,0.00021189879492608115,0.4246111480575426,0.14173653721809387,0.6929956674575806,0.4123278856277466,0.0,0.7073567509651184,0.09395137429237366,0.9921422004699707,0.29723137617111206,1.4123585224151611,2.5433170795440674,0.6801598|0.1739635|0.1458767|0.0000000|0.0000000|0.0000000|0.0000000|0.0000000|0.0000000|0.0000000,0,0.6801598072052002,17.898739711529707,0,0,0,0,0,
cross_town,Town02,mixed,1,30,1.5,-7.447046279907227,219.40994262695312,0.22166995704174042,89.98705291748047,1.0766143529545502e-10,499.23467940910075,2.1565295788918544e-11,4.76837158203125e-07,2.663161087212984e-07,0.0001790428372082347,0.4794716892819666,0.6579932570457458,0.9862420558929443,-0.8343341946601868,0.0,0.7873567342758179,0.013951374217867851,0.44353678822517395,0.28082114458084106,0.16247382760047913,0.9225491285324097,0.4855691|0.4040157|0.1104152|0.0000000|0.0000000|0.0000000|0.0000000|0.0000000|0.0000000|0.0000000,0,0.4855690896511078,17.23090485096364,0,0,0,0,0,
cross_town,Town02,mixed,1,31,1.55,-7.447046279907227,219.40994262695312,0.22167213261127472,89.98705291748047,1.0766143529545502e-10,499.23467940910075,2.1565295788918544e-11,4.76837158203125e-07,2.663161087212984e-07,0.0001428222653344504,0.454947015462357,0.13147243857383728,0.581476628780365,0.39656969904899597,0.0,0.7073567509651184,0.09395137429237366,0.6887835264205933,0.2858922481536865,0.41271740198135376,2.3465447425842285,0.4589630|0.3623163|0.0959255|0.0827951|0.0000000|0.0000000|0.0000000|0.0000000|0.0000000|0.0000000,0,0.458963006734848,16.675179405041856,0,0,0,0,0,
cross_town,Town02,mixed,1,32,1.6,-7.447046279907227,219.40994262695312,0.22167380154132843,89.98705291748047,1.0766143529545502e-10,499.23467940910075,2.1565295788918544e-11,4.76837158203125e-07,2.663161087212984e-07,0.00011044695901464563,0.4826862273793725,0.66585373878479,0.9869157075881958,-0.8377150893211365,0.0,0.7873567342758179,0.013951374217867851,0.41139140725135803,0.2815318703651428,0.12891404330730438,0.8908010721206665,0.4948389|0.3966871|0.1084740|0.0000000|0.0000000|0.0000000|0.0000000|0.0000000|0.0000000|0.0000000,0,0.4948389232158661,16.0048253381775,0,0,0,0,0,
cross_town,Town02,mixed,1,33,1.65,-7.447046279907227,219.40994262695312,0.2216750681400299,89.98705291748047,1.0766143529545502e-10,499.23467940910075,2.1565295788918544e-11,4.76837158203125e-07,2.663161087212984e-07,7.992555741350888e-05,0.42382595222997355,0.0421089231967926,0.6646629571914673,0.4836277663707733,0.0,0.7073567509651184,0.09395137429237366,0.999994158744812,0.2755427062511444,3.2361950874328613,1.9270375967025757,0.5626670|0.4373330|0.0000000|0.0000000|0.0000000|0.0000000|0.0000000|0.0000000|0.0000000|0.0000000,0,0.5626669526100159,15.454441644257738,0,0,0,0,0,
cross_town,Town02,mixed,1,34,1.7,-7.447046279907227,219.40994262695312,0.2216750681400299,89.98705291748047,1.0766143529545502e-10,499.23467940910075,2.1565295788918544e-11,4.76837158203125e-07,2.663161087212984e-07,5.8433536438173424e-05,0.4793870357852783,0.8033997416496277,0.9627846479415894,-0.8637761473655701,0.0,0.7873567342758179,0.013951374217867851,0.44438332319259644,0.29017311334609985,0.1539791375398636,0.939268171787262,0.7018946|0.1686329|0.1294725|0.0000000|0.0000000|0.0000000|0.0000000|0.0000000|0.0000000|0.0000000,0,0.7018946409225464,14.854116935500315,0,0,0,0,0,
cross_town,Town02,mixed,1,35,1.75,-7.447046279907227,219.40994262695312,0.22167640924453735,89.98705291748047,1.0766143529545502e-10,499.23467940910075,2.1565295788918544e-11,4.76837158203125e-07,2.663161087212984e-07,7.553878053687109e-06,0.42454433125069657,0.1240088939666748,0.6112772226333618,0.32468366622924805,0.0,0.7073567509651184,0.09395137429237366,0.9928103685379028,0.28820663690567017,1.4437661170959473,2.3634042739868164,0.4445638|0.3680403|0.1035741|0.0838219|0.0000000|0.0000000|0.0000000|0.0000000|0.0000000|0.0000000,0,0.4445638060569763,14.153511383681744,0,0,0,0,0,
cross_town,Town02,mixed,1,36,1.8,-7.447046279907227,219.40994262695312,0.22167640924453735,89.98705291748047,1.0766143529545502e-10,499.23467940910075,2.1565295788918544e-11,4.76837158203125e-07,2.663161087212984e-07,1.9775845789641682e-05,0.4239689139702956,0.727241039276123,0.9670438766479492,-0.7298510074615479,0.0,0.7873567342758179,0.013951374217867851,0.9985645413398743,0.27674010396003723,1.8594547510147095,0.8501676917076111,0.5832462|0.4167538|0.0000000|0.0000000|0.0000000|0.0000000|0.0000000|0.0000000|0.0000000|0.0000000,0,0.5832462310791016,13.588209431882268,0,0,0,0,0,
cross_town,Town02,mixed,1,37,1.85,-7.447046279907227,219.40994262695312,0.22167640924453735,89.98705291748047,1.0766143529545502e-10,499.23467940910075,2.1565295788918544e-11,4.76837158203125e-07,2.663161087212984e-07,2.0736722489310433e-05,0.431985679087839,0.10572433471679688,0.6469473838806152,0.42209145426750183,0.0,0.7073567509651184,0.09395137429237366,0.9183968901634216,0.2842349410057068,0.8209555745124817,2.2591114044189453,0.5125351|0.3641656|0.1232992|0.0000000|0.0000000|0.0000000|0.0000000|0.0000000|0.0000000|0.0000000,0,0.5125350952148438,13.15548298528097,0,0,0,0,0,
cross_town,Town02,mixed,1,38,1.9,-7.447046279907227,219.40994262695312,0.22167640924453735,89.98705291748047,1.0766143529545502e-10,499.23467940910075,2.1565295788918544e-11,4.76837158203125e-07,2.663161087212984e-07,1.7029231429179673e-05,0.4755582986455693,0.708218514919281,0.9848442077636719,-0.8611544370651245,0.0,0.7873567342758179,0.013951374217867851,0.48267069458961487,0.2892143130302429,0.19344940781593323,0.915401041507721,0.4782209|0.3279862|0.1119805|0.0818123|0.0000000|0.0000000|0.0000000|0.0000000|0.0000000|0.0000000,0,0.4782209098339081,12.690892437496498,0,0,0,0,0,
cross_town,Town02,mixed,1,39,1.95,-7.447046279907227,219.40994262695312,0.22167640924453735,89.98705291748047,1.0766143529545502e-10,499.23467940910075,2.1565295788918544e-11,4.76837158203125e-07,2.663161087212984e-07,1.8058818555318578e-05,0.44313270729577203,0.14233022928237915,0.6930546164512634,0.45877835154533386,0.0,0.7073567509651184,0.09395137429237366,0.8069266080856323,0.2900335192680359,0.5675070285797119,2.5355887413024902,0.7040117|0.1665676|0.1294207|0.0000000|0.0000000|0.0000000|0.0000000|0.0000000|0.0000000|0.0000000,0,0.7040116786956787,12.313112233632033,0,0,0,0,0,
cross_town,Town02,mixed,1,40,2.0,-7.447046279907227,219.40994262695312,0.22167754173278809,89.98705291748047,1.0766143529545502e-10,499.23467940910075,2.1565295788918544e-11,4.76837158203125e-07,2.663161087212984e-07,1.5930649067699376e-05,0.4721989480834777,0.8170281052589417,0.9624810218811035,-0.8572836518287659,0.0,0.7873567342758179,0.013951374217867851,0.5162642002105713,0.29062557220458984,0.2256443202495575,0.9298394918441772,0.6950364|0.1734361|0.1315274|0.0000000|0.0000000|0.0000000|0.0000000|0.0000000|0.0000000|0.0000000,0,0.6950364112854004,11.908584514874239,0,0,0,0,0,
cross_town,Town02,mixed,1,41,2.05,-7.447046279907227,219.40994262695312,0.22167754173278809,89.98705291748047,1.0766143529545502e-10,499.23467940910075,2.1565295788918544e-11,4.76837158203125e-07,2.663161087212984e-07,7.729580049338202e-06,0.4598774759146429,0.13689970970153809,0.6124452352523804,0.5139485597610474,0.0,0.7073567509651184,0.09395137429237366,0.6394789218902588,0.2813682556152344,0.3619075417518616,2.331944465637207,0.8425876|0.1574123|0.0000000|0.0000000|0.0000000|0.0000000|0.0000000|0.0000000|0.0000000|0.0000000,0,0.8425876498222351,11.572185885990617,0,0,0,0,0,
cross_town,Town02,mixed,1,42,2.1,-7.447046279907227,219.40994262695312,0.22167754173278809,89.98705291748047,1.0766143529545502e-10,499.23467940910075,2.1565295788918544e-11,4.76837158203125e-07,2.663161087212984e-07,6.935541932275212e-06,0.4705323545305581,0.6891443729400635,0.9858190417289734,-0.8263486623764038,0.0,0.7873567342758179,0.013951374217867851,0.5329301357269287,0.28642576932907104,0.24655210971832275,0.8887929916381836,0.5430181|0.3291501|0.1278318|0.0000000|0.0000000|0.0000000|0.0000000|0.0000000|0.0000000|0.0000000,0,0.543018102645874,11.227118688659841,0,0,0,0,0,
cross_town,Town02,mixed,1,43,2.15,-7.447046279907227,219.40994262695312,0.22167754173278809,89.98705291748047,1.0766143529545502e-10,499.23467940910075,2.1565295788918544e-11,4.76837158203125e-07,2.663161087212984e-07,6.147508954488564e-06,0.43955284637029346,0.13748839497566223,0.5978518724441528,0.5233280062675476,0.0,0.7073567509651184,0.09395137429237366,0.8427252173423767,0.2816634178161621,0.6379981637001038,2.342493772506714,0.8384898|0.1615102|0.0000000|0.0000000|0.0000000|0.0000000|0.0000000|0.0000000|0.0000000|0.0000000,0,0.8384897708892822,10.98299807005443,0,0,0,0,0,
cross_town,Town02,mixed,1,44,2.2,-7.447046279907227,219.40994262695312,0.22167754173278809,89.98705291748047,1.0766143529545502e-10,499.23467940910075,2.1565295788918544e-11,4.76837158203125e-07,2.663161087212984e-07,2.0599376023596292e-06,0.4246347038125909,0.6903898119926453,0.9885212182998657,-0.8706386685371399,0.0,0.7873567342758179,0.013951374217867851,0.9919066429138184,0.2918672561645508,1.410278081893921,0.9470264315605164,0.5171669|0.2771728|0.1061939|0.0994665|0.0000000|0.0000000|0.0000000|0.0000000|0.0000000|0.0000000,0,0.5171668529510498,10.834608339066401,0,0,0,0,0,
cross_town,Town02,mixed,1,45,2.25,-7.447046279907227,219.40994262695312,0.22167754173278809,89.98705291748047,1.0766143529545502e-10,499.23467940910075,2.1565295788918544e-11,4.76837158203125e-07,2.663161087212984e-07,4.669190534698579e-06,0.43543296140240395,0.11843520402908325,0.5983592867851257,0.4138665497303009,0.0,0.7073567509651184,0.09395137429237366,0.8839240670204163,0.2870367169380188,0.7204948663711548,2.284672975540161,0.5825585|0.2875175|0.1299240|0.0000000|0.0000000|0.0000000|0.0000000|0.0000000|0.0000000|0.0000000,0,0.5825585126876831,10.848630903068825,0,0,0,0,0,
cross_town,Town02,mixed,1,46,2.3,-7.447046279907227,219.40994262695312,0.22167754173278809,89.98705291748047,1.0766143529545502e-10,499.23467940910075,2.1565295788918544e-11,4.76837158203125e-07,2.663161087212984e-07,7.381439615711821e-06,0.4411922363620623,0.7091057300567627,0.9866464734077454,-0.8715901374816895,0.0,0.7873567342758179,0.013951374217867851,0.8263313174247742,0.29352182149887085,0.5964398384094238,0.9470100998878479,0.5090082|0.2728131|0.1214782|0.0967004|0.0000000|0.0000000|0.0000000|0.0000000|0.0000000|0.0000000,0,0.5090082287788391,10.866533137540127,0,0,0,0,0,
cross_town,Town02,mixed,1,47,2.35,-7.447046279907227,219.40994262695312,0.22167754173278809,89.98705291748047,1.0766143529545502e-10,499.23467940910075,2.1565295788918544e-11,4.76837158203125e-07,2.663161087212984e-07,6.797793308008653e-06,0.4260524539333208,0.15455156564712524,0.6773971319198608,0.523922860622406,0.0,0.7073567509651184,0.09395137429237366,0.9777291417121887,0.31937557458877563,1.1261131763458252,2.6866025924682617,0.5438250|0.2474620|0.2087130|0.0000000|0.0000000|0.0000000|0.0000000|0.0000000|0.0000000|0.0000000,0,0.5438249707221985,11.014024288368933,0,0,0,0,0,
cross_town,Town02,mixed,1,48,2.4,-7.447046279907227,219.40994262695312,0.22167754173278809,89.98705291748047,1.0766143529545502e-10,499.23467940910075,2.1565295788918544e-11,4.76837158203125e-07,2.663161087212984e-07,5.630497255834933e-06,0.4673663465362414,0.7014734745025635,0.9876741170883179,-0.8770008683204651,0.0,0.7873567342758179,0.013951374217867851,0.5645902156829834,0.29375314712524414,0.2712000012397766,0.949325680732727,0.5314856|0.2496615|0.1248326|0.0940203|0.0000000|0.0000000|0.0000000|0.0000000|0.0000000|0.0000000,0,0.5314856171607971,11.159164077629056,0,0,0,0,0,
cross_town,Town02,mixed,1,49,2.45,-7.447046279907227,219.40994262695312,0.22167754173278809,89.98705291748047,1.0766143529545502e-10,499.23467940910075,2.1565295788918544e-11,4.76837158203125e-07,2.663161087212984e-07,6.866460025690061e-06,0.44291929882582237,0.1270727515220642,0.6107063293457031,0.34230345487594604,0.0,0.7073567509651184,0.09395137429237366,0.8090606927871704,0.2939709722995758,0.5670086145401001,2.4134774208068848,0.5384304|0.2422723|0.1265805|0.0927168|0.0000000|0.0000000|0.0000000|0.0000000|0.0000000|0.0000000,0,0.538430392742157,11.365998632506255,0,0,0,0,0,
cross_town,Town02,mixed,1,50,2.5,-7.447046279907227,219.40994262695312,0.22167754173278809,89.98705291748047,1.0766143529545502e-10,499.23467940910075,2.1565295788918544e-11,4.76837158203125e-07,2.663161087212984e-07,4.8408578891012295e-06,0.4238280853533345,0.7218817472457886,0.975570559501648,-0.7826424837112427,0.0,0.7873567342758179,0.013951374217867851,0.999919056892395,0.2886506915092468,2.5669667720794678,0.875174880027771,0.6217392|0.2664318|0.1118290|0.0000000|0.0000000|0.0000000|0.0000000|0.0000000|0.0000000|0.0000000,0,0.6217392086982727,11.536497295666335,0,0,0,0,0,
cross_town,Town02,mixed,1,51,2.55,-7.447046279907227,219.40994262695312,0.22167754173278809,89.98705291748047,1.0766143529545502e-10,499.23467940910075,2.1565295788918544e-11,4.76837158203125e-07,2.663161087212984e-07,5.5275004681855235e-06,0.4578922322317534,0.13114196062088013,0.5948051810264587,0.3726503252983093,0.0,0.7073567509651184,0.09395137429237366,0.6588163375854492,0.29492735862731934,0.3695785403251648,2.405672550201416,0.5443968|0.2267755|0.1260525|0.1027752|0.0000000|0.0000000|0.0000000|0.0000000|0.0000000|0.0000000,0,0.5443968176841736,11.75483709051052,0,0,0,0,0,
cross_town,Town02,mixed,1,52,2.6,-7.447046279907227,219.40994262695312,0.22167754173278809,89.98705291748047,1.0766143529545502e-10,499.23467940910075,2.1565295788918544e-11,4.76837158203125e-07,2.663161087212984e-07,3.437709679046985e-08,0.42367858573399814,0.4841335713863373,0.9941430687904358,-0.8661921620368958,0.0,0.7873567342758179,0.013951374217867851,1.0,0.3224804103374481,7.426457405090332,0.9566869735717773,0.6840124|0.3159877|0.0000000|0.0000000|0.0000000|0.0000000|0.0000000|0.0000000|0.0000000|0.0000000,0,0.6840123534202576,11.915428436213036,0,0,0,0,0,
cross_town,Town02,mixed,1,53,2.65,-7.447046279907227,219.40994262695312,0.22167754173278809,89.98705291748047,1.0766143529545502e-10,499.23467940910075,2.1565295788918544e-11,4.76837158203125e-07,2.663161087212984e-07,6.871122837813333e-08,0.46707464256904346,0.13841545581817627,0.5940055251121521,0.38125327229499817,0.0,0.7073567509651184,0.09395137429237366,0.5645827651023865,0.2947998642921448,0.2701456844806671,2.420487642288208,0.5589755|0.2119061|0.1334740|0.0956444|0.0000000|0.0000000|0.0000000|0.0000000|0.0000000|0.0000000,0,0.5589754581451416,12.093301754436217,0,0,0,0,0,
cross_town,Town02,mixed,1,54,2.7,-7.447046279907227,219.40994262695312,0.22167754173278809,89.98705291748047,1.0766143529545502e-10,499.23467940910075,2.1565295788918544e-11,4.76837158203125e-07,2.663161087212984e-07,1.0304871703853311e-07,0.42402838843484386,0.8441296815872192,0.9091523885726929,-0.7801488637924194,0.0,0.7873567342758179,0.013951374217867851,0.9930765628814697,0.28916633129119873,1.4523087739944458,0.8779308795928955,0.7070255|0.1642346|0.1287400|0.0000000|0.0000000|0.0000000|0.0000000|0.0000000|0.0000000|0.0000000,0,0.7070254683494568,11.54324882764562,0,0,0,0,0,
cross_town,Town02,mixed,1,55,2.75,-7.447046279907227,219.40994262695312,0.22167754173278809,89.98705291748047,1.0766143529545502e-10,499.23467940910075,2.1565295788918544e-11,4.76837158203125e-07,2.663161087212984e-07,1.373416341765939e-07,0.44655726449022437,0.14377710223197937,0.5926271677017212,0.3863527178764343,0.0,0.7073567509651184,0.09395137429237366,0.7652967572212219,0.295084685087204,0.5004006624221802,2.4318504333496094,0.5629140|0.1937426|0.1343419|0.1090016|0.0000000|0.0000000|0.0000000|0.0000000|0.0000000|0.0000000,0,0.5629139542579651,9.376139549432974,0,0,0,0,0,
cross_town,Town02,mixed,1,56,2.8,-7.447046279907227,219.40994262695312,0.22167754173278809,89.98705291748047,1.0766143529545502e-10,499.23467940910075,2.1565295788918544e-11,4.76837158203125e-07,2.663161087212984e-07,3.0900436076048176e-07,0.42296451041988636,0.7801216244697571,0.961086094379425,-0.7439637184143066,0.0,0.7873567342758179,0.013951374217867851,0.9981967806816101,0.28695473074913025,1.79214346408844,0.72826087474823,0.6723577|0.1900990|0.1375432|0.0000000|0.0000000|0.0000000|0.0000000|0.0000000|0.0000000|0.0000000,0,0.6723577380180359,7.885255096169874,0,0,0,0,0,
cross_town,Town02,mixed,1,57,2.85,-7.447046279907227,219.40994262695312,0.22167754173278809,89.98705291748047,1.0766143529545502e-10,499.23467940910075,2.1565295788918544e-11,4.76837158203125e-07,2.663161087212984e-07,4.1211082517759616e-07,0.4510262693042986,0.14901065826416016,0.7201186418533325,0.5472688674926758,0.0,0.7201186418533325,0.09395137429237366,0.7139962315559387,0.3268026113510132,0.4019155502319336,2.6145312786102295,0.5681186|0.4318815|0.0000000|0.0000000|0.0000000|0.0000000|0.0000000|0.0000000|0.0000000|0.0000000,0,0.5681185722351074,6.792636838127344,0,0,0,0,0,
cross_town,Town02,mixed,1,58,2.9,-7.447046279907227,219.40994262695312,0.22167754173278809,89.98705291748047,1.0766143529545502e-10,499.23467940910075,2.1565295788918544e-11,4.76837158203125e-07,2.663161087212984e-07,4.81137582228552e-07,0.42207743967440675,0.8371779918670654,0.9097217321395874,-0.7848588228225708,0.0,0.800118625164032,0.013951374217867851,0.999326229095459,0.28693458437919617,2.038541793823242,0.3273756504058838,0.7059094|0.1626196|0.1314711|0.0000000|0.0000000|0.0000000|0.0000000|0.0000000|0.0000000|0.0000000,0,0.7059093713760376,5.970581599690436,0,0,0,0,0,
cross_town,Town02,mixed,1,59,2.95,-7.447046279907227,219.40994262695312,0.22167754173278809,89.98705291748047,1.0766143529545502e-10,499.23467940910075,2.1565295788918544e-11,4.76837158203125e-07,2.663161087212984e-07,6.299819812950612e-07,0.463029009044089,0.16491767764091492,0.6772478222846985,0.6061070561408997,0.0,0.7201186418533325,0.09395137429237366,0.5850841403007507,0.28646767139434814,0.29945236444473267,2.3509678840637207,0.6649947|0.1857476|0.1492577|0.0000000|0.0000000|0.0000000|0.0000000|0.0000000|0.0000000|0.0000000,0,0.6649947166442871,5.37758764392418,0,0,0,0,0,
cross_town,Town02,mixed,1,60,3.0,-7.447046279907227,219.40994262695312,0.22167754173278809,89.98705291748047,1.0766143529545502e-10,499.23467940910075,2.1565295788918544e-11,4.76837158203125e-07,2.663161087212984e-07,0.0,0.422537702237518,0.7647016048431396,0.9245327711105347,-0.8244475722312927,0.0,0.800118625164032,0.013951374217867851,0.9847496747970581,0.2763342261314392,1.2656134366989136,0.10482430458068848,0.8169327|0.1830673|0.0000000|0.0000000|0.0000000|0.0000000|0.0000000|0.0000000|0.0000000|0.0000000,0,0.816932737827301,4.962868776431002,0,0,0,0,0,
cross_town,Town02,mixed,1,61,3.05,-7.447046279907227,219.40994262695312,0.22167754173278809,89.98705291748047,1.0766143529545502e-10,499.23467940910075,2.1565295788918544e-11,4.76837158203125e-07,2.663161087212984e-07,1.5436284612460997e-07,0.4458074644705842,0.1678035855293274,0.7808537483215332,0.614874005317688,0.0,0.7808537483215332,0.09395137429237366,0.7463353872299194,0.28933751583099365,0.4804530143737793,2.372154712677002,0.6255145|0.1433989|0.1231232|0.1079634|0.0000000|0.0000000|0.0000000|0.0000000|0.0000000|0.0000000,0,0.6255145072937012,4.654841639457585,0,0,0,0,0,
cross_town,Town02,mixed,1,62,3.1,-7.447046279907227,219.40994262695312,0.22167754173278809,89.98705291748047,1.0766143529545502e-10,499.23467940910075,2.1565295788918544e-11,4.76837158203125e-07,2.663161087212984e-07,2.403872148778623e-07,0.41982695818749444,0.9662643074989319,0.5438617467880249,-0.18863382935523987,0.0,0.7008537650108337,0.013951374217867851,1.0,0.2880844473838806,4.456277370452881,-0.6564235687255859,0.6331354|0.1362962|0.1285887|0.1019798|0.0000000|0.0000000|0.0000000|0.0000000|0.0000000|0.0000000,0,0.6331354379653931,4.425802796126628,0,0,0,0,0,
cross_town,Town02,mixed,1,63,3.15,-7.447046279907227,219.40994262695312,0.22167754173278809,89.98705291748047,1.0766143529545502e-10,499.23467940910075,2.1565295788918544e-11,4.76837158203125e-07,2.663161087212984e-07,3.439524218453702e-07,0.41918381691873297,0.4078640341758728,0.857113242149353,-0.2978788912296295,0.0,0.7808537483215332,-0.06604862213134766,0.9998944997787476,0.28680843114852905,2.5024170875549316,0.40748822689056396,0.6405141|0.1378065|0.1206972|0.1009822|0.0000000|0.0000000|0.0000000|0.0000000|0.0000000|0.0000000,0,0.6405141353607178,4.23965570400817,0,0,0,0,0,
cross_town,Town02,mixed,1,64,3.2,-7.447046279907227,219.40994262695312,0.22167754173278809,89.98705291748047,1.0766143529545502e-10,499.23467940910075,2.1565295788918544e-11,4.76837158203125e-07,2.663161087212984e-07,3.777207802746553e-07,0.430978657506746,0.030976295471191406,0.9929157495498657,0.7480918169021606,0.0,0.8608537316322327,0.01395137794315815,0.8750240802764893,0.2778838276863098,0.7086487412452698,0.574022650718689,0.7582245|0.1319878|0.1097877|0.0000000|0.0000000|0.0000000|0.0000000|0.0000000|0.0000000|0.0000000,0,0.7582245469093323,4.079601198599076,0,0,0,0,0,
cross_town,Town02,mixed,1,65,3.25,-7.447046279907227,219.40994262695312,0.22167754173278809,89.98705291748047,1.0766143529545502e-10,499.23467940910075,2.1565295788918544e-11,4.76837158203125e-07,2.663161087212984e-07,3.9752068570877295e-07,0.41775932007561134,0.19476833939552307,0.31523722410202026,0.5793125033378601,0.0,0.7808537483215332,0.09395137429237366,0.9999107122421265,0.3352593183517456,2.495588779449463,2.5517921447753906,0.4026732|0.3219007|0.2754261|0.0000000|0.0000000|0.0000000|0.0000000|0.0000000|0.0000000|0.0000000,0,0.40267324447631836,3.9363305264242414,0,0,0,0,0,
cross_town,Town02,mixed,1,66,3.3,-7.447046279907227,219.40994262695312,0.22167754173278809,89.98705291748047,1.0766143529545502e-10,499.23467940910075,2.1565295788918544e-11,4.76837158203125e-07,2.663161087212984e-07,1.144422618399423e-06,0.416980430693639,0.8099874258041382,0.8862242698669434,-0.9061765074729919,0.0,0.8608537316322327,0.013951374217867851,1.0,0.33545711636543274,7.254151344299316,0.4474983811378479,0.4213185|0.3068902|0.2717914|0.0000000|0.0000000|0.0000000|0.0000000|0.0000000|0.0000000|0.0000000,0,0.42131853103637695,3.8044376867024043,0,0,0,0,0,
cross_town,Town02,mixed,1,67,3.35,-7.447046279907227,219.40994262695312,0.22167754173278809,89.98705291748047,1.0766143529545502e-10,499.23467940910075,2.1565295788918544e-11,4.76837158203125e-07,2.663161087212984e-07,1.1443401456186303e-06,0.4472256796275595,0.2001017928123474,0.4309506416320801,0.2634345293045044,0.0,0.7808537483215332,0.09395137429237366,0.6894506812095642,0.27376464009284973,0.42562347650527954,2.312025308609009,0.7735786|0.1168171|0.1096042|0.0000000|0.0000000|0.0000000|0.0000000|0.0000000|0.0000000|0.0000000,0,0.7735786437988281,3.689826728979282,0,0,0,0,0,
cross_town,Town02,mixed,1,68,3.4,-7.447046279907227,219.40994262695312,0.22167754173278809,89.98705291748047,1.0766143529545502e-10,499.23467940910075,2.1565295788918544e-11,4.76837158203125e-07,2.663161087212984e-07,4.806940423398256e-07,0.415325093857477,0.9648733735084534,0.3214426040649414,-0.1766798198223114,0.0,0.7008537650108337,0.013951374217867851,0.9999998807907104,0.27838432788848877,4.315415382385254,-0.5814374685287476,0.6900783|0.1248432|0.0948236|0.0902549|0.0000000|0.0000000|0.0000000|0.0000000|0.0000000|0.0000000,0,0.6900783181190491,3.611953262965835,0,0,0,0,0,
cross_town,Town02,mixed,1,69,3.45,-7.447046279907227,219.40994262695312,0.22167754173278809,89.98705291748047,1.0766143529545502e-10,499.23467940910075,2.1565295788918544e-11,4.76837158203125e-07,2.663161087212984e-07,1.0302466830858851e-07,0.4144513643869079,0.37594425678253174,0.7519872188568115,-0.2622048854827881,0.0,0.7519872188568115,-0.06604862213134766,0.9999995231628418,0.27732160687446594,3.885284900665283,0.41859209537506104,0.6882068|0.1379715|0.0907381|0.0830836|0.0000000|0.0000000|0.0000000|0.0000000|0.0000000|0.0000000,0,0.6882067918777466,3.5753469580619543,0,0,0,0,0,
cross_town,Town02,mixed,1,70,3.5,-7.447046279907227,219.40994262695312,0.22167754173278809,89.98705291748047,1.0766143529545502e-10,499.23467940910075,2.1565295788918544e-11,4.76837158203125e-07,2.663161087212984e-07,2.403839615664798e-07,0.44137383632029253,0.015583544969558716,0.9876762628555298,0.6139000654220581,0.0,0.831987202167511,0.01395137794315815,0.721831202507019,0.2768852114677429,0.46150559186935425,0.29879653453826904,0.6799406|0.1478448|0.0931346|0.0790800|0.0000000|0.0000000|0.0000000|0.0000000|0.0000000|0.0000000,0,0.6799406409263611,3.5645228021045905,0,0,0,0,0,
cross_town,Town02,mixed,1,71,3.55,-7.447046279907227,219.40994262695312,0.22167754173278809,89.98705291748047,1.0766143529545502e-10,499.23467940910075,2.1565295788918544e-11,4.76837158203125e-07,2.663161087212984e-07,2.7471020271354076e-07,0.41264566798479363,0.193797767162323,0.47552767395973206,0.8020517826080322,0.0,0.7519872188568115,0.09395137429237366,0.9999998807907104,0.3365727663040161,4.077023506164551,2.3373916149139404,0.4464815|0.2971726|0.2563459|0.0000000|0.0000000|0.0000000|0.0000000|0.0000000|0.0000000|0.0000000,0,0.44648146629333496,3.559890369265139,0,0,0,0,0,
cross_town,Town02,mixed,1,72,3.6,-7.447046279907227,219.40994262695312,0.22167754173278809,89.98705291748047,1.0766143529545502e-10,499.23467940910075,2.1565295788918544e-11,4.76837158203125e-07,2.663161087212984e-07,3.09034723350084e-07,0.412303378660845,0.8327789902687073,0.8869872093200684,-0.6973336935043335,0.0,0.831987202167511,0.013951374217867851,0.9941295385360718,0.2583809494972229,1.5246000289916992,-0.36622154712677,0.8426723|0.1573277|0.0000000|0.0000000|0.0000000|0.0000000|0.0000000|0.0000000|0.0000000|0.0000000,0,0.8426723480224609,3.5441220289645057,0,0,0,0,0,
cross_town,Town02,mixed,1,73,3.65,-7.447046279907227,219.40994262695312,0.22167754173278809,89.98705291748047,1.0766143529545502e-10,499.23467940910075,2.1565295788918544e-11,4.76837158203125e-07,2.663161087212984e-07,3.433974720927614e-07,0.41890812993470417,0.1720631718635559,0.7622032165527344,0.5436797142028809,0.0,0.7622032165527344,0.09395137429237366,0.9185571074485779,0.25395432114601135,0.8517712354660034,2.209704637527466,0.9101624|0.0898375|0.0000000|0.0000000|0.0000000|0.0000000|0.0000000|0.0000000|0.0000000|0.0000000,0,0.9101624488830566,3.505416198107094,0,0,0,0,0,
cross_town,Town02,mixed,1,74,3.7,-7.447046279907227,219.40994262695312,0.22167754173278809,89.98705291748047,1.0766143529545502e-10,499.23467940910075,2.1565295788918544e-11,4.76837158203125e-07,2.663161087212984e-07,4.1202439676262767e-07,0.4098459353137024,0.9040743708610535,0.8714374899864197,-0.6591218709945679,0.0,0.6822032332420349,0.013951374217867851,0.9993537068367004,0.26346614956855774,2.072444200515747,-0.49437642097473145,0.7717766|0.1576948|0.0705285|0.0000000|0.0000000|0.0000000|0.0000000|0.0000000|0.0000000|0.0000000,0,0.7717766165733337,3.44498746242963,0,0,0,0,0,
cross_town,Town02,mixed,1,75,3.75,-7.447046279907227,219.40994262695312,0.22167754173278809,89.98705291748047,1.0766143529545502e-10,499.23467940910075,2.1565295788918544e-11,4.76837158203125e-07,2.663161087212984e-07,5.836861839233715e-07,0.4087672881417789,0.2994877099990845,0.7414861917495728,-0.21523483097553253,0.0,0.7414861917495728,-0.06604862213134766,0.9999487400054932,0.26764529943466187,2.7022645473480225,0.4229404926300049,0.7226614|0.1285890|0.0885714|0.0601782|0.0000000|0.0000000|0.0000000|0.0000000|0.0000000|0.0000000,0,0.7226613759994507,3.369721510309498,0,0,0,0,0,
cross_town,Town02,mixed,1,76,3.8,-7.447046279907227,219.40994262695312,0.22167754173278809,89.98705291748047,1.0766143529545502e-10,499.23467940910075,2.1565295788918544e-11,4.76837158203125e-07,2.663161087212984e-07,7.553870946175198e-07,0.4077135145056499,0.012120932340621948,0.9582012295722961,0.3749958574771881,0.0,0.8214861750602722,0.01395137794315815,0.9999020099639893,0.2504783868789673,2.557119846343994,0.5104572772979736,0.8932834|0.1067166|0.0000000|0.0000000|0.0000000|0.0000000|0.0000000|0.0000000|0.0000000|0.0000000,0,0.8932833671569824,3.2985334185781006,0,0,0,0,0,
cross_town,Town02,mixed,1,77,3.85,-7.447046279907227,219.40994262695312,0.22167754173278809,89.98705291748047,1.0766143529545502e-10,499.23467940910075,2.1565295788918544e-11,4.76837158203125e-07,2.663161087212984e-07,3.451655184981843e-08,0.4189665651479978,0.1744152307510376,0.831684947013855,0.7429028749465942,0.0,0.831684947013855,0.09395137429237366,0.8763964176177979,0.25027963519096375,0.7394052147865295,2.1792078018188477,0.8553701|0.1446299|0.0000000|0.0000000|0.0000000|0.0000000|0.0000000|0.0000000|0.0000000|0.0000000,0,0.8553701043128967,3.236728734169113,0,0,0,0,0,
cross_town,Town02,mixed,1,78,3.9,-7.447046279907227,219.40994262695312,0.22167754173278809,89.98705291748047,1.0766143529545502e-10,499.23467940910075,2.1565295788918544e-11,4.76837158203125e-07,2.663161087212984e-07,6.885438554328914e-08,0.405472061803693,0.8739678263664246,0.15674516558647156,-0.6299504041671753,0.0,0.7516849637031555,0.013951374217867851,1.0,0.33544716238975525,5.7297892570495605,0.1364607810974121,0.5214851|0.3000298|0.1784851|0.0000000|0.0000000|0.0000000|0.0000000|0.0000000|0.0000000|0.0000000,0,0.5214851498603821,3.1867696421037834,0,0,0,0,0,
cross_town,Town02,mixed,1,79,3.95,-7.447046279907227,219.40994262695312,0.22167754173278809,89.98705291748047,1.0766143529545502e-10,499.23467940910075,2.1565295788918544e-11,4.76837158203125e-07,2.663161087212984e-07,1.5877293428488039e-06,0.40542923449815715,0.32920771837234497,0.5903071165084839,0.6098613739013672,0.0,0.671684980392456,0.09395137429237366,0.9887475967407227,0.34205418825149536,1.276910662651062,1.558680772781372,1.0000000|0.0000000|0.0000000|0.0000000|0.0000000|0.0000000|0.0000000|0.0000000|0.0000000|0.0000000,0,1.0,3.1460753240667514,0,0,0,0,0,
cross_town,Town02,mixed,1,80,4.0,-7.447046279907227,219.40994262695312,0.22167754173278809,89.98705291748047,1.0766143529545502e-10,499.23467940910075,2.1565295788918544e-11,4.76837158203125e-07,2.663161087212984e-07,1.0311621897781191e-07,0.4045478828085356,0.5168479084968567,0.7034783363342285,-0.7013599872589111,0.0,0.7034783363342285,0.013951374217867851,0.9855566620826721,0.23997889459133148,1.3157641887664795,1.1850383281707764,0.9483181|0.0516819|0.0000000|0.0000000|0.0000000|0.0000000|0.0000000|0.0000000|0.0000000|0.0000000,0,0.9483180642127991,3.1089441974807297,0,0,0,0,0,
cross_town,Town02,mixed,1,81,4.05,-7.447046279907227,219.40994262695312,0.22167754173278809,89.98705291748047,1.0766143529545502e-10,499.23467940910075,2.1565295788918544e-11,4.76837158203125e-07,2.663161087212984e-07,1.6422843001961554e-07,0.40359310838386553,0.47117874026298523,0.7218778133392334,-0.3177683353424072,0.0,0.7218778133392334,-0.06604862213134766,0.9827706813812256,0.24999435245990753,1.2609461545944214,0.20595204830169678,0.8145511|0.1463092|0.0391397|0.0000000|0.0000000|0.0000000|0.0000000|0.0000000|0.0000000|0.0000000,0,0.8145511150360107,3.070025172207688,0,0,0,0,0,
cross_town,Town02,mixed,1,82,4.1,-7.447046279907227,219.40994262695312,0.22167754173278809,89.98705291748047,1.0766143529545502e-10,499.23467940910075,2.1565295788918544e-11,4.76837158203125e-07,2.663161087212984e-07,1.0348896920544412e-07,0.4006018443254596,0.04060924053192139,0.8399487137794495,0.6638017892837524,0.0,0.8018777966499329,0.01395137794315815,0.9999969005584717,0.3350924253463745,3.33137845993042,1.6247200965881348,0.5301538|0.3096705|0.1601757|0.0000000|0.0000000|0.0000000|0.0000000|0.0000000|0.0000000|0.0000000,0,0.5301538109779358,3.0261353876852626,0,0,0,0,0,
cross_town,Town02,mixed,1,83,4.15,-7.447046279907227,219.40994262695312,0.22167754173278809,89.98705291748047,1.0766143529545502e-10,499.23467940910075,2.1565295788918544e-11,4.76837158203125e-07,2.663161087212984e-07,1.0387626119316121e-07,0.4020520081128716,0.2171473503112793,0.861424446105957,0.7204878330230713,0.0,0.861424446105957,0.09395137429237366,0.9724254608154297,0.2283976525068283,1.1623278856277466,2.2034683227539062,1.0000000|0.0000000|0.0000000|0.0000000|0.0000000|0.0000000|0.0000000|0.0000000|0.0000000|0.0000000,0,1.0,2.9767812588278777,0,0,0,0,0,
cross_town,Town02,mixed,1,84,4.2,-7.447046279907227,219.40994262695312,0.22167754173278809,89.98705291748047,1.0766143529545502e-10,499.23467940910075,2.1565295788918544e-11,4.76837158203125e-07,2.663161087212984e-07,1.0408942365405814e-07,0.39798487116714726,0.9907935857772827,0.06727796792984009,-0.4778919219970703,0.0,0.7814244627952576,0.013951374217867851,0.9996098875999451,0.23237447440624237,2.229776620864868,-0.2864725589752197,0.9618927|0.0381073|0.0000000|0.0000000|0.0000000|0.0000000|0.0000000|0.0000000|0.0000000|0.0000000,0,0.9618927240371704,2.924116475146408,0,0,0,0,0,
cross_town,Town02,mixed,1,85,4.25,-7.447046279907227,219.40994262695312,0.22167754173278809,89.98705291748047,1.0766143529545502e-10,499.23467940910075,2.1565295788918544e-11,4.76837158203125e-07,2.663161087212984e-07,1.0451449256452214e-07,0.3965869995606345,0.1840011179447174,0.8512399196624756,0.5829533338546753,0.0,0.8512399196624756,0.09395137429237366,0.999661922454834,0.2464756816625595,2.251453161239624,2.247685432434082,0.7915801|0.1371257|0.0712942|0.0000000|0.0000000|0.0000000|0.0000000|0.0000000|0.0000000|0.0000000,0,0.791580080986023,2.870532951830355,0,0,0,0,0,
cross_town,Town02,mixed,1,86,4.3,-7.447046279907227,219.40994262695312,0.22167754173278809,89.98705291748047,1.0766143529545502e-10,499.23467940910075,2.1565295788918544e-11,4.76837158203125e-07,2.663161087212984e-07,3.439759986988945e-08,0.3951577660681046,0.9890692234039307,0.019396871328353882,-0.5515512824058533,0.0,0.7712399363517761,0.013951374217867851,0.999579131603241,0.24889642000198364,2.1943020820617676,-0.22600257396697998,0.7674326|0.1370121|0.0699883|0.0255669|0.0000000|0.0000000|0.0000000|0.0000000|0.0000000|0.0000000,0,0.7674326300621033,2.8187656046423553,0,0,0,0,0,
cross_town,Town02,mixed,1,87,4.35,-7.447046279907227,219.40994262695312,0.22167754173278809,89.98705291748047,1.0766143529545502e-10,499.23467940910075,2.1565295788918544e-11,4.76837158203125e-07,2.663161087212984e-07,1.0300686830512076e-07,0.39504592104791414,0.3217098116874695,0.5137273073196411,0.5370084047317505,0.0,0.6912399530410767,0.09395137429237366,0.9858672022819519,0.3278522789478302,1.2334041595458984,2.1646928787231445,0.8422854|0.1577146|0.0000000|0.0000000|0.0000000|0.0000000|0.0000000|0.0000000|0.0000000|0.0000000,0,0.8422853946685791,2.769589249755491,0,0,0,0,0,
cross_town,Town02,mixed,1,88,4.4,-7.447046279907227,219.40994262695312,0.22167754173278809,89.98705291748047,1.0766143529545502e-10,499.23467940910075,2.1565295788918544e-11,4.76837158203125e-07,2.663161087212984e-07,1.2469895227592301e-06,0.3931085507127281,0.6383092403411865,0.8465138673782349,-0.7136443853378296,0.0,0.7712399363517761,0.013951374217867851,0.9899505376815796,0.24398726224899292,1.4035468101501465,0.4761151671409607,0.7892309|0.1242946|0.0636046|0.0228698|0.0000000|0.0000000|0.0000000|0.0000000|0.0000000|0.0000000,0,0.7892309427261353,2.7210878235807656,0,0,0,0,0,
cross_town,Town02,mixed,1,89,4.45,-7.447046279907227,219.40994262695312,0.22167754173278809,89.98705291748047,1.0766143529545502e-10,499.23467940910075,2.1565295788918544e-11,4.76837158203125e-07,2.663161087212984e-07,4.1204589009210314e-07,0.3960933741312467,0.20758354663848877,0.8460752964019775,0.5856392979621887,0.0,0.8460752964019775,0.09395137429237366,0.9443517923355103,0.23306730389595032,0.9747949838638306,2.1777820587158203,0.8926463|0.0837904|0.0235633|0.0000000|0.0000000|0.0000000|0.0000000|0.0000000|0.0000000|0.0000000,0,0.892646312713623,2.675390345371951,0,0,0,0,0,
cross_town,Town02,mixed,1,90,4.5,-7.447046279907227,219.40994262695312,0.22167754173278809,89.98705291748047,1.0766143529545502e-10,499.23467940910075,2.1565295788918544e-11,4.76837158203125e-07,2.663161087212984e-07,1.0426180338542487e-06,0.38891254277807663,0.9896222352981567,0.02490222454071045,-0.5128199458122253,0.0,0.7660753130912781,0.013951374217867851,0.999944806098938,0.2423073947429657,2.7086493968963623,-0.20096898078918457,0.7796176|0.1336702|0.0666656|0.0200465|0.0000000|0.0000000|0.0000000|0.0000000|0.0000000|0.0000000,0,0.7796176075935364,2.6298658715540726,0,0,0,0,0,
cross_town,Town02,mixed,1,91,4.55,-7.447046279907227,219.40994262695312,0.22167754173278809,89.98705291748047,1.0766143529545502e-10,499.23467940910075,2.1565295788918544e-11,4.76837158203125e-07,2.663161087212984e-07,5.150487349634415e-07,0.38771862061120693,0.20340818166732788,0.8265231847763062,0.476129412651062,0.0,0.8265231847763062,0.09395137429237366,0.9951848387718201,0.23152342438697815,1.6012662649154663,2.0033719539642334,0.8558458|0.1262153|0.0179389|0.0000000|0.0000000|0.0000000|0.0000000|0.0000000|0.0000000|0.0000000,0,0.8558458089828491,2.583476262881296,0,0,0,0,0,
cross_town,Town02,mixed,1,92,4.6,-7.447046279907227,219.40994262695312,0.22167754173278809,89.98705291748047,1.0766143529545502e-10,499.23467940910075,2.1565295788918544e-11,4.76837158203125e-07,2.663161087212984e-07,6.183742170010559e-07,0.38551710008247453,0.8755968809127808,0.1298602819442749,-0.5676449537277222,0.0,0.7465232014656067,0.013951374217867851,0.9999996423721313,0.32992812991142273,3.879613161087036,0.4312005043029785,0.6048818|0.3166516|0.0784667|0.0000000|0.0000000|0.0000000|0.0000000|0.0000000|0.0000000|0.0000000,0,0.604881763458252,2.5359878763050325,0,0,0,0,0,
cross_town,Town02,mixed,1,93,4.65,-7.447046279907227,219.40994262695312,0.22167754173278809,89.98705291748047,1.0766143529545502e-10,499.23467940910075,2.1565295788918544e-11,4.76837158203125e-07,2.663161087212984e-07,8.062293771216602e-07,0.390939634678931,0.32381680607795715,0.7675751447677612,0.03432882949709892,0.0,0.7675751447677612,0.03432882949709892,0.9998687505722046,0.2336624711751938,2.500916004180908,1.0794262886047363,0.8122955|0.1226458|0.0650587|0.0000000|0.0000000|0.0000000|0.0000000|0.0000000|0.0000000|0.0000000,0,0.8122954964637756,2.4876739831386123,0,0,0,0,0,
cross_town,Town02,mixed,1,94,4.7,-7.447046279907227,219.40994262695312,0.22167754173278809,89.98705291748047,1.0766143529545502e-10,499.23467940910075,2.1565295788918544e-11,4.76837158203125e-07,2.663161087212984e-07,6.868713976847457e-08,0.38207314848763735,0.47086745500564575,0.7383171916007996,-0.12056850641965866,0.0,0.7383171916007996,-0.045671168714761734,0.9984513521194458,0.22454236447811127,1.8926715850830078,0.9194239377975464,0.8702555|0.1297445|0.0000000|0.0000000|0.0000000|0.0000000|0.0000000|0.0000000|0.0000000|0.0000000,0,0.8702555298805237,2.439215849551056,0,0,0,0,0,
cross_town,Town02,mixed,1,95,4.75,-7.447046279907227,219.40994262695312,0.22167754173278809,89.98705291748047,1.0766143529545502e-10,499.23467940910075,2.1565295788918544e-11,4.76837158203125e-07,2.663161087212984e-07,2.4036650050224245e-07,0.40438743145422373,0.03770667314529419,0.785611629486084,0.40810027718544006,0.0,0.785611629486084,0.03432882949709892,0.7564865350723267,0.23072625696659088,0.5526518225669861,0.746901273727417,0.8140972|0.1236374|0.0622655|0.0000000|0.0000000|0.0000000|0.0000000|0.0000000|0.0000000|0.0000000,0,0.8140971660614014,2.3909443971672646,0,0,0,0,0,
cross_town,Town02,mixed,1,96,4.8,-7.447046279907227,219.40994262695312,0.22167754173278809,89.98705291748047,1.0766143529545502e-10,499.23467940910075,2.1565295788918544e-11,4.76837158203125e-07,2.663161087212984e-07,2.746979074587503e-07,0.3856762593678131,0.41164514422416687,0.650852382183075,0.043612997978925705,0.0,0.7056116461753845,0.043612997978925705,0.9999736547470093,0.2288087010383606,2.90730619430542,0.9806251525878906,0.8186234|0.1226355|0.0587411|0.0000000|0.0000000|0.0000000|0.0000000|0.0000000|0.0000000|0.0000000,0,0.818623423576355,2.343302983444297,0,0,0,0,0,
cross_town,Town02,mixed,1,97,4.85,-7.447046279907227,219.40994262695312,0.22167754173278809,89.98705291748047,1.0766143529545502e-10,499.23467940910075,2.1565295788918544e-11,4.76837158203125e-07,2.663161087212984e-07,3.0901831011521396e-07,0.3761042819824939,0.6192948222160339,0.6886160373687744,-0.5560466647148132,0.0,0.6886160373687744,-0.03638700023293495,0.9999582767486572,0.22740493714809418,2.7934300899505615,-0.34175682067871094,0.8198642|0.1187926|0.0613432|0.0000000|0.0000000|0.0000000|0.0000000|0.0000000|0.0000000|0.0000000,0,0.8198642134666443,2.296346407283752,0,0,0,0,0,
cross_town,Town02,mixed,1,98,4.9,-7.447046279907227,219.40994262695312,0.22167754173278809,89.98705291748047,1.0766143529545502e-10,499.23467940910075,2.1565295788918544e-11,4.76837158203125e-07,2.663161087212984e-07,3.4335490591014576e-07,0.4043113984548883,0.03315046429634094,0.6060134172439575,0.5005788803100586,0.0,0.608616054058075,0.043612997978925705,0.6973243951797485,0.2270127236843109,0.4816345274448395,1.2830049991607666,0.8108920|0.1285460|0.0605620|0.0000000|0.0000000|0.0000000|0.0000000|0.0000000|0.0000000|0.0000000,0,0.8108919858932495,2.249744177411871,0,0,0,0,0,
cross_town,Town02,mixed,1,99,4.95,-7.447046279907227,219.40994262695312,0.22167754173278809,89.98705291748047,1.0766143529545502e-10,499.23467940910075,2.1565295788918544e-11,4.76837158203125e-07,2.663161087212984e-07,4.463565372385866e-07,0.37577403823917255,0.25266945362091064,0.5069255232810974,-0.405834436416626,0.0,0.5286160707473755,-0.03638700023293495,0.9615323543548584,0.2250160574913025,1.0796611309051514,1.1749367713928223,0.8169246|0.1226158|0.0604595|0.0000000|0.0000000|0.0000000|0.0000000|0.0000000|0.0000000|0.0000000,0,0.8169246315956116,2.2036056923901417,0,0,0,0,0,
cross_town,Town02,mixed,1,100,5.0,-7.447046279907227,219.40994262695312,0.22167754173278809,89.98705291748047,1.0766143529545502e-10,499.23467940910075,2.1565295788918544e-11,4.76837158203125e-07,2.663161087212984e-07,5.839875296386817e-07,0.4026628815648736,0.07458287477493286,0.32170039415359497,0.3144528269767761,0.0,0.44861605763435364,0.043612997978925705,0.6708621382713318,0.21553659439086914,0.4624852240085602,1.9179472923278809,0.8742356|0.1257644|0.0000000|0.0000000|0.0000000|0.0000000|0.0000000|0.0000000|0.0000000|0.0000000,0,0.8742356300354004,2.1574261920855236,0,0,0,0,0,
cross_town,Town02,mixed,1,101,5.05,-7.447046279907227,219.40994262695312,0.22167754173278809,89.98705291748047,1.0766143529545502e-10,499.23467940910075,2.1565295788918544e-11,4.76837158203125e-07,2.663161087212984e-07,7.21055465542796e-07,0.4010458363791706,0.09772101044654846,0.5192865133285522,-0.2513333857059479,0.0,0.5192865133285522,-0.03638700023293495,0.6646082401275635,0.2000633180141449,0.47091132402420044,1.9337763786315918,1.0000000|0.0000000|0.0000000|0.0000000|0.0000000|0.0000000|0.0000000|0.0000000|0.0000000|0.0000000,0,1.0,2.1102501819297297,0,0,0,0,0,
cross_town,Town02,mixed,1,102,5.1,-7.447046279907227,219.40994262695312,0.22167754173278809,89.98705291748047,1.0766143529545502e-10,499.23467940910075,2.1565295788918544e-11,4.76837158203125e-07,2.663161087212984e-07,0.0,0.39080150276662023,0.07695412635803223,0.2860107719898224,0.3466697633266449,0.0,0.4392865002155304,0.043612997978925705,0.7439699769020081,0.22006267309188843,0.5466138124465942,2.0049424171447754,0.8236087|0.1221980|0.0541933|0.0000000|0.0000000|0.0000000|0.0000000|0.0000000|0.0000000|0.0000000,0,0.8236086964607239,2.0637537960884154,0,0,0,0,0,
cross_town,Town02,mixed,1,103,5.15,-7.447046279907227,219.40994262695312,0.22167754173278809,89.98705291748047,1.0766143529545502e-10,499.23467940910075,2.1565295788918544e-11,4.76837158203125e-07,2.663161087212984e-07,3.4410616416484895e-08,0.4061331014875309,0.09596025943756104,0.5893731117248535,-0.24849674105644226,0.0,0.5192865133285522,-0.03638700023293495,0.5669045448303223,0.2055634707212448,0.3617447018623352,1.9950162172317505,0.9406438|0.0593562|0.0000000|0.0000000|0.0000000|0.0000000|0.0000000|0.0000000|0.0000000|0.0000000,0,0.9406437873840332,2.01740141923193,0,0,0,0,0,
cross_town,Town02,mixed,1,104,5.2,-7.447046279907227,219.40994262695312,0.22167754173278809,89.98705291748047,1.0766143529545502e-10,499.23467940910075,2.1565295788918544e-11,4.76837158203125e-07,2.663161087212984e-07,1.83575674929181e-07,0.3603799252609494,0.12743961811065674,0.29689061641693115,0.480597585439682,0.0,0.4392865002155304,0.043612997978925705,1.0,0.3102444112300873,30.926128387451172,1.9505709409713745,1.0000000|0.0000000|0.0000000|0.0000000|0.0000000|0.0000000|0.0000000|0.0000000|0.0000000|0.0000000,0,1.0,1.971516520695366,0,0,0,0,0,
cross_town,Town02,mixed,1,105,5.25,-7.447046279907227,219.40994262695312,0.22167754173278809,89.98705291748047,1.0766143529545502e-10,499.23467940910075,2.1565295788918544e-11,4.76837158203125e-07,2.663161087212984e-07,2.4035544136808674e-07,0.36183261037432585,0.10026168823242188,0.4958439767360687,-0.1253933161497116,0.0,0.4958439767360687,-0.03638700023293495,0.9603402018547058,0.20848724246025085,1.0882498025894165,2.0926570892333984,0.8736862|0.1263138|0.0000000|0.0000000|0.0000000|0.0000000|0.0000000|0.0000000|0.0000000|0.0000000,0,0.8736861944198608,1.9255752152491008,0,0,0,0,0,
cross_town,Town02,mixed,1,106,5.3,-7.447046279907227,219.40994262695312,0.22167754173278809,89.98705291748047,1.0766143529545502e-10,499.23467940910075,2.1565295788918544e-11,4.76837158203125e-07,2.663161087212984e-07,4.1205168490650954e-07,0.42278056891659405,0.08017057180404663,0.3120422959327698,0.33899515867233276,0.0,0.4158439636230469,0.043612997978925705,0.325017511844635,0.21431884169578552,0.10297920554876328,2.051614761352539,0.8279382|0.1142581|0.0578036|0.0000000|0.0000000|0.0000000|0.0000000|0.0000000|0.0000000|0.0000000,0,0.8279381990432739,1.8803035509176869,0,0,0,0,0,
cross_town,Town02,mixed,1,107,5.35,-7.447046279907227,219.40994262695312,0.22167754173278809,89.98705291748047,1.0766143529545502e-10,499.23467940910075,2.1565295788918544e-11,4.76837158203125e-07,2.663161087212984e-07,4.80723369911267e-07,0.35432467625908015,0.10547015070915222,0.541394829750061,-0.05124175548553467,0.0,0.4958439767360687,-0.03638700023293495,0.9830117225646973,0.21340565383434296,1.3011188507080078,2.183199882507324,0.8232155|0.1230344|0.0537501|0.0000000|0.0000000|0.0000000|0.0000000|0.0000000|0.0000000|0.0000000,0,0.8232154846191406,1.835298317402745,0,0,0,0,0,
cross_town,Town02,mixed,1,108,5.4,-7.447046279907227,219.40994262695312,0.22167754173278809,89.98705291748047,1.0766143529545502e-10,499.23467940910075,2.1565295788918544e-11,4.76837158203125e-07,2.663161087212984e-07,4.968281839010666e-07,0.38796426931994754,0.07038751244544983,0.4052999019622803,0.3079705238342285,0.0,0.4158439636230469,0.043612997978925705,0.6193157434463501,0.18922126293182373,0.43243998289108276,1.936410903930664,1.0000000|0.0000000|0.0000000|0.0000000|0.0000000|0.0000000|0.0000000|0.0000000|0.0000000|0.0000000,0,1.0,1.7904698617450223,0,0,0,0,0,
cross_town,Town02,mixed,1,109,5.45,-7.447046279907227,219.40994262695312,0.22167754173278809,89.98705291748047,1.0766143529545502e-10,499.23467940910075,2.1565295788918544e-11,4.76837158203125e-07,2.663161087212984e-07,5.836957121839997e-07,0.34869184658517743,0.10244348645210266,0.5219497680664062,-0.0949493795633316,0.0,0.4958439767360687,-0.03638700023293495,0.983994722366333,0.20323729515075684,1.32643723487854,2.1265318393707275,0.8704361|0.1295640|0.0000000|0.0000000|0.0000000|0.0000000|0.0000000|0.0000000|0.0000000|0.0000000,0,0.8704360723495483,1.7461798583600083,0,0,0,0,0,
cross_town,Town02,mixed,1,110,5.5,-7.447046279907227,219.40994262695312,0.22167754173278809,89.98705291748047,1.0766143529545502e-10,499.23467940910075,2.1565295788918544e-11,4.76837158203125e-07,2.663161087212984e-07,6.523748911515796e-07,0.40899115974199185,0.08012264966964722,0.31868547201156616,0.35104310512542725,0.0,0.4158439636230469,0.043612997978925705,0.3522101044654846,0.2085694670677185,0.13909590244293213,2.0463643074035645,0.8287070|0.1231315|0.0481614|0.0000000|0.0000000|0.0000000|0.0000000|0.0000000|0.0000000|0.0000000,0,0.8287070393562317,1.7021538867642323,0,0,0,0,0,
cross_town,Town02,mixed,1,111,5.55,-7.447046279907227,219.40994262695312,0.22167754173278809,89.98705291748047,1.0766143529545502e-10,499.23467940910075,2.1565295788918544e-11,4.76837158203125e-07,2.663161087212984e-07,6.880830295045126e-08,0.3929460464371594,0.09403020143508911,0.5439331531524658,-0.18709594011306763,0.0,0.4958439767360687,-0.03638700023293495,0.48310571908950806,0.1938299685716629,0.2892692983150482,2.0293428897857666,0.9415736|0.0584264|0.0000000|0.0000000|0.0000000|0.0000000|0.0000000|0.0000000|0.0000000|0.0000000,0,0.9415736198425293,1.658316764677786,0,0,0,0,0,
cross_town,Town02,mixed,1,112,5.6,-7.447046279907227,219.40994262695312,0.22167754173278809,89.98705291748047,1.0766143529545502e-10,499.23467940910075,2.1565295788918544e-11,4.76837158203125e-07,2.663161087212984e-07,1.0303203742807078e-07,0.39596297433310723,0.07570543885231018,0.36197561025619507,0.34392499923706055,0.0,0.4158439636230469,0.043612997978925705,0.42260780930519104,0.19856147468090057,0.22341927886009216,2.0002145767211914,0.8744717|0.1255283|0.0000000|0.0000000|0.0000000|0.0000000|0.0000000|0.0000000|0.0000000|0.0000000,0,0.8744717240333557,1.6149521433305176,0,0,0,0,0,
cross_town,Town02,mixed,1,113,5.65,-7.447046279907227,219.40994262695312,0.22167754173278809,89.98705291748047,1.0766143529545502e-10,499.23467940910075,2.1565295788918544e-11,4.76837158203125e-07,2.663161087212984e-07,1.3929686602164272e-07,0.3383449018776709,0.10732582211494446,0.5550143122673035,-0.057500652968883514,0.0,0.4958439767360687,-0.03638700023293495,0.967680811882019,0.2048807442188263,1.14492928981781,2.1370999813079834,0.8272878|0.1217935|0.0509188|0.0000000|0.0000000|0.0000000|0.0000000|0.0000000|0.0000000|0.0000000,0,0.8272877931594849,1.5722313016213096,0,0,0,0,0,
cross_town,Town02,mixed,1,114,5.7,-7.447046279907227,219.40994262695312,0.22167754173278809,89.98705291748047,1.0766143529545502e-10,499.23467940910075,2.1565295788918544e-11,4.76837158203125e-07,2.663161087212984e-07,1.374469899960388e-07,0.38143443284692335,0.07695472240447998,0.40207114815711975,0.3044188618659973,0.0,0.4158439636230469,0.043612997978925705,0.5049039721488953,0.18885311484336853,0.31605100631713867,1.886846899986267,0.9459121|0.0540879|0.0000000|0.0000000|0.0000000|0.0000000|0.0000000|0.0000000|0.0000000|0.0000000,0,0.9459120631217957,1.5300092917377688,0,0,0,0,0,
cross_town,Town02,mixed,1,115,5.75,-7.447046279907227,219.40994262695312,0.22167754173278809,89.98705291748047,1.0766143529545502e-10,499.23467940910075,2.1565295788918544e-11,4.76837158203125e-07,2.663161087212984e-07,1.3759414585309405e-07,0.33042065470098947,0.11109614372253418,0.5487852692604065,-0.08826997131109238,0.0,0.4958439767360687,-0.03638700023293495,0.982384979724884,0.20381826162338257,1.3014891147613525,2.1118581295013428,0.8213927|0.1207816|0.0456570|0.0121688|0.0000000|0.0000000|0.0000000|0.0000000|0.0000000|0.0000000,0,0.8213926553726196,1.488046085972671,0,0,0,0,0,
cross_town,Town02,mixed,1,116,5.8,-7.447046279907227,219.40994262695312,0.22167754173278809,89.98705291748047,1.0766143529545502e-10,499.23467940910075,2.1565295788918544e-11,4.76837158203125e-07,2.663161087212984e-07,1.3922862387122902e-07,0.378275752632086,0.0783313512802124,0.37688198685646057,0.34420931339263916,0.0,0.4158439636230469,0.043612997978925705,0.47040626406669617,0.19371792674064636,0.2766537368297577,1.9847594499588013,0.8691995|0.1308005|0.0000000|0.0000000|0.0000000|0.0000000|0.0000000|0.0000000|0.0000000|0.0000000,0,0.8691995143890381,1.447078852364771,0,0,0,0,0,
cross_town,Town02,mixed,1,117,5.85,-7.447046279907227,219.40994262695312,0.22167754173278809,89.98705291748047,1.0766143529545502e-10,499.23467940910075,2.1565295788918544e-11,4.76837158203125e-07,2.663161087212984e-07,1.3940112517954898e-07,0.3231266813428914,0.11143994331359863,0.5456221103668213,-0.07907621562480927,0.0,0.4958439767360687,-0.03638700023293495,0.9877146482467651,0.20183145999908447,1.3949135541915894,2.1051034927368164,0.8174952|0.1226896|0.0462906|0.0135247|0.0000000|0.0000000|0.0000000|0.0000000|0.0000000|0.0000000,0,0.8174951672554016,1.407087257546984,0,0,0,0,0,
cross_town,Town02,mixed,1,118,5.9,-7.447046279907227,219.40994262695312,0.22167754173278809,89.98705291748047,1.0766143529545502e-10,499.23467940910075,2.1565295788918544e-11,4.76837158203125e-07,2.663161087212984e-07,1.396811975151585e-07,0.3860885627320357,0.08469533920288086,0.37391841411590576,0.3292289078235626,0.0,0.4158439636230469,0.043612997978925705,0.3231735825538635,0.19604450464248657,0.11914913356304169,1.9924253225326538,0.8434321|0.1127470|0.0438209|0.0000000|0.0000000|0.0000000|0.0000000|0.0000000|0.0000000|0.0000000,0,0.8434321284294128,1.3676999078331955,0,0,0,0,0,
cross_town,Town02,mixed,1,119,5.95,-7.447046279907227,219.40994262695312,0.22167754173278809,89.98705291748047,1.0766143529545502e-10,499.23467940910075,2.1565295788918544e-11,4.76837158203125e-07,2.663161087212984e-07,3.45167908338724e-08,0.32864833823895356,0.1686534285545349,0.508147656917572,0.33591219782829285,0.0,0.4958439767360687,0.12361299991607666,0.8619365692138672,0.3189675807952881,0.6388995051383972,2.295471668243408,0.6610678|0.2576411|0.0812911|0.0000000|0.0000000|0.0000000|0.0000000|0.0000000|0.0000000|0.0000000,0,0.66106778383255,1.329370069016735,0,0,0,0,0,
cross_town,Town02,mixed,1,120,6.0,-7.447046279907227,219.40994262695312,0.22167754173278809,89.98705291748047,1.0766143529545502e-10,499.23467940910075,2.1565295788918544e-11,4.76837158203125e-07,2.663161087212984e-07,3.441598292804959e-08,0.31449277488689265,0.3213657736778259,0.5706968903541565,-0.42548638582229614,0.0,0.5706968903541565,0.043613001704216,0.9671728014945984,0.19765596091747284,1.148124098777771,1.829676866531372,0.8205200|0.1191385|0.0451709|0.0151706|0.0000000|0.0000000|0.0000000|0.0000000|0.0000000|0.0000000,0,0.8205199837684631,1.2923579046144387,0,0,0,0,0,
cross_town,Town02,mixed,1,121,6.05,-7.447046279907227,219.40994262695312,0.22167754173278809,89.98705291748047,1.0766143529545502e-10,499.23467940910075,2.1565295788918544e-11,4.76837158203125e-07,2.663161087212984e-07,3.458193439151523e-08,0.37351819524700863,0.23468682169914246,0.5159410834312439,-0.2898273766040802,0.0,0.5159410834312439,-0.03638699650764465,0.3399590253829956,0.1961820125579834,0.13794878125190735,1.3669471740722656,0.8216556|0.1199689|0.0423960|0.0159794|0.0000000|0.0000000|0.0000000|0.0000000|0.0000000|0.0000000,0,0.8216556310653687,1.256593266520958,0,0,0,0,0,
cross_town,Town02,mixed,1,122,6.1,-7.447046279907227,219.40994262695312,0.22167754173278809,89.98705291748047,1.0766143529545502e-10,499.23467940910075,2.1565295788918544e-11,4.76837158203125e-07,2.663161087212984e-07,4.023934577822702e-08,0.36315486864612656,0.08267274498939514,0.3348121643066406,0.3590388298034668,0.0,0.43594107031822205,0.043613001704216,0.40604835748672485,0.19471590220928192,0.2102026492357254,1.9180471897125244,0.8235791|0.1180181|0.0407716|0.0176312|0.0000000|0.0000000|0.0000000|0.0000000|0.0000000|0.0000000,0,0.8235790729522705,1.2223746044410684,0,0,0,0,0,
cross_town,Town02,mixed,1,123,6.15,-7.447046279907227,219.40994262695312,0.22167754173278809,89.98705291748047,1.0766143529545502e-10,499.23467940910075,2.1565295788918544e-11,4.76837158203125e-07,2.663161087212984e-07,1.553328413475029e-06,0.29995380527670845,0.19020506739616394,0.3191148042678833,0.5059162378311157,0.0,0.3559410572052002,0.12361299991607666,1.0,0.30063584446907043,12.695624351501465,2.123866558074951,1.0000000|0.0000000|0.0000000|0.0000000|0.0000000|0.0000000|0.0000000|0.0000000|0.0000000|0.0000000,0,1.0,1.1899759974722712,0,0,0,0,0,
cross_town,Town02,mixed,1,124,6.2,-7.447046279907227,219.40994262695312,0.22167754173278809,89.98705291748047,1.0766143529545502e-10,499.23467940910075,2.1565295788918544e-11,4.76837158203125e-07,2.663161087212984e-07,3.627338774093688e-08,0.2961077954508241,0.17402496933937073,0.39125490188598633,-0.1320614367723465,0.0,0.39125490188598633,0.043613001704216,0.9999727010726929,0.18663713335990906,2.940432548522949,2.3071799278259277,0.8539333|0.1254382|0.0206286|0.0000000|0.0000000|0.0000000|0.0000000|0.0000000|0.0000000|0.0000000,0,0.8539332747459412,1.1597382353915695,0,0,0,0,0,
cross_town,Town02,mixed,1,125,6.25,-7.447046279907227,219.40994262695312,0.22167754173278809,89.98705291748047,1.0766143529545502e-10,499.23467940910075,2.1565295788918544e-11,4.76837158203125e-07,2.663161087212984e-07,7.34591030015924e-08,0.3229658974861797,0.11032748222351074,0.555553674697876,-0.17159996926784515,0.0,0.4712549149990082,-0.03638699650764465,0.6925850510597229,0.17704400420188904,0.5260140895843506,1.993160367012024,0.9306228|0.0488334|0.0205438|0.0000000|0.0000000|0.0000000|0.0000000|0.0000000|0.0000000|0.0000000,0,0.9306228160858154,1.1320866653522392,0,0,0,0,0,
cross_town,Town02,mixed,1,126,6.3,-7.447046279907227,219.40994262695312,0.22167754173278809,89.98705291748047,1.0766143529545502e-10,499.23467940910075,2.1565295788918544e-11,4.76837158203125e-07,2.663161087212984e-07,1.3994675250155312e-07,0.3427467477360007,0.06871432065963745,0.49590829014778137,0.30213186144828796,0.0,0.49590829014778137,0.043613001704216,0.45580050349235535,0.1660284698009491,0.2896563410758972,1.9009153842926025,0.9859928|0.0140072|0.0000000|0.0000000|0.0000000|0.0000000|0.0000000|0.0000000|0.0000000|0.0000000,0,0.9859927892684937,1.1087181183672494,0,0,0,0,0,
cross_town,Town02,mixed,1,127,6.35,-7.447046279907227,219.40994262695312,0.22167754173278809,89.98705291748047,1.0766143529545502e-10,499.23467940910075,2.1565295788918544e-11,4.76837158203125e-07,2.663161087212984e-07,2.077738514756918e-07,0.3435172022258525,0.1714579463005066,0.5258421301841736,-0.22501976788043976,0.0,0.5258421301841736,-0.03638699650764465,0.4091911315917969,0.16155830025672913,0.24661414325237274,1.608769416809082,1.0000000|0.0000000|0.0000000|0.0000000|0.0000000|0.0000000|0.0000000|0.0000000|0.0000000|0.0000000,0,1.0,1.0921562957749356,0,0,0,0,0,
cross_town,Town02,mixed,1,128,6.4,-7.447046279907227,219.40994262695312,0.22167754173278809,89.98705291748047,1.0766143529545502e-10,499.23467940910075,2.1565295788918544e-11,4.76837158203125e-07,2.663161087212984e-07,2.9085197599735484e-09,0.2811174957510779,0.07622429728507996,0.2622215747833252,0.24737510085105896,0.0,0.44584211707115173,0.043613001704216,0.9946572184562683,0.3682255148887634,1.4384400844573975,2.3853087425231934,0.6671866|0.3328135|0.0000000|0.0000000|0.0000000|0.0000000|0.0000000|0.0000000|0.0000000|0.0000000,0,0.6671865582466125,1.0831847517844244,0,0,0,0,0,
cross_town,Town02,mixed,1,129,6.45,-7.447046279907227,219.40994262695312,0.22167754173278809,89.98705291748047,1.0766143529545502e-10,499.23467940910075,2.1565295788918544e-11,4.76837158203125e-07,2.663161087212984e-07,6.886333558892422e-08,0.2884624367379944,0.13435250520706177,0.5672456622123718,-0.1351725459098816,0.0,0.5258421301841736,-0.03638699650764465,0.8833825588226318,0.18995986878871918,0.8162550926208496,1.911201000213623,0.8071621|0.1186615|0.0390697|0.0235516|0.0115551|0.0000000|0.0000000|0.0000000|0.0000000|0.0000000,0,0.8071621060371399,1.0830033506398766,0,0,0,0,0,
cross_town,Town02,mixed,1,130,6.5,-7.447046279907227,219.40994262695312,0.22167754173278809,89.98705291748047,1.0766143529545502e-10,499.23467940910075,2.1565295788918544e-11,4.76837158203125e-07,2.663161087212984e-07,1.3745309497683538e-07,0.34997065424096657,0.08846527338027954,0.3585614562034607,0.3786759674549103,0.0,0.44584211707115173,0.043613001704216,0.23148374259471893,0.1825258582830429,0.0174860917031765,1.8424969911575317,0.8362939|0.1244707|0.0392353|0.0000000|0.0000000|0.0000000|0.0000000|0.0000000|0.0000000|0.0000000,0,0.8362939357757568,1.090544161767506,0,0,0,0,0,
cross_town,Town02,mixed,1,131,6.55,-7.447046279907227,219.40994262695312,0.22167754173278809,89.98705291748047,1.0766143529545502e-10,499.23467940910075,2.1565295788918544e-11,4.76837158203125e-07,2.663161087212984e-07,2.1512488541454623e-07,0.2770768291013771,0.14735811948776245,0.5856886506080627,-0.17557963728904724,0.0,0.5258421301841736,-0.03638699650764465,0.9248843789100647,0.1847369223833084,0.9429230690002441,1.8305402994155884,0.8231470|0.1198021|0.0436268|0.0134240|0.0000000|0.0000000|0.0000000|0.0000000|0.0000000|0.0000000,0,0.8231469988822937,1.1074574120744092,0,0,0,0,0,
cross_town,Town02,mixed,1,132,6.6,-7.447046279907227,219.40994262695312,0.22167754173278809,89.98705291748047,1.0766143529545502e-10,499.23467940910075,2.1565295788918544e-11,4.76837158203125e-07,2.663161087212984e-07,1.7181942707727333e-07,0.34089301621105783,0.09018859267234802,0.35452353954315186,0.380620539188385,0.0,0.44584211707115173,0.043613001704216,0.25274398922920227,0.18732371926307678,0.04166855663061142,1.861507534980774,0.8024718|0.1233935|0.0447226|0.0294122|0.0000000|0.0000000|0.0000000|0.0000000|0.0000000|0.0000000,0,0.8024717569351196,1.1355957742459404,0,0,0,0,0,
cross_town,Town02,mixed,1,133,6.65,-7.447046279907227,219.40994262695312,0.22167754173278809,89.98705291748047,1.0766143529545502e-10,499.23467940910075,2.1565295788918544e-11,4.76837158203125e-07,2.663161087212984e-07,1.7188629959866815e-07,0.26869998077350077,0.16012141108512878,0.5873919129371643,-0.20095214247703552,0.0,0.5258421301841736,-0.03638699650764465,0.9425585269927979,0.18234628438949585,1.0171115398406982,1.7866995334625244,0.8271325|0.1177467|0.0415985|0.0135224|0.0000000|0.0000000|0.0000000|0.0000000|0.0000000|0.0000000,0,0.8271324634552002,1.1799519302556827,0,0,0,0,0,
cross_town,Town02,mixed,1,134,6.7,-7.447046279907227,219.40994262695312,0.22167754173278809,89.98705291748047,1.0766143529545502e-10,499.23467940910075,2.1565295788918544e-11,4.76837158203125e-07,2.663161087212984e-07,1.7209206670069467e-07,0.3249916952922107,0.09104591608047485,0.3505817651748657,0.40764865279197693,0.0,0.44584211707115173,0.043613001704216,0.3497510850429535,0.1791400909423828,0.16582652926445007,1.8554143905639648,0.8362126|0.1236668|0.0401206|0.0000000|0.0000000|0.0000000|0.0000000|0.0000000|0.0000000|0.0000000,0,0.8362126350402832,1.2488790737619735,0,0,0,0,0,
cross_town,Town02,mixed,1,135,6.75,-7.447046279907227,219.40994262695312,0.22167754173278809,89.98705291748047,1.0766143529545502e-10,499.23467940910075,2.1565295788918544e-11,4.76837158203125e-07,2.663161087212984e-07,1.7219117336444882e-07,0.30812704523569445,0.15377551317214966,0.5959157943725586,-0.2709718942642212,0.0,0.5258421301841736,-0.03638699650764465,0.49116045236587524,0.173797145485878,0.3173624277114868,1.7449150085449219,0.8933726|0.0455410|0.0425523|0.0185342|0.0000000|0.0000000|0.0000000|0.0000000|0.0000000|0.0000000,0,0.8933725953102112,1.3561289544549417,0,0,0,0,0,
cross_town,Town02,mixed,1,136,6.8,-7.447046279907227,219.40994262695312,0.22167754173278809,89.98705291748047,1.0766143529545502e-10,499.23467940910075,2.1565295788918544e-11,4.76837158203125e-07,2.663161087212984e-07,1.877362490401021e-09,0.313064057052542,0.08842992782592773,0.42951902747154236,0.3275901675224304,0.0,0.44584211707115173,0.043613001704216,0.41767099499702454,0.17288541793823242,0.2440291941165924,1.7359473705291748,0.8940045|0.0472923|0.0399415|0.0187617|0.0000000|0.0000000|0.0000000|0.0000000|0.0000000|0.0000000,0,0.8940045237541199,1.5254319577403679,0,0,0,0,0,
cross_town,Town02,mixed,1,137,6.85,-7.447046279907227,219.40994262695312,0.22167754173278809,89.98705291748047,1.0766143529545502e-10,499.23467940910075,2.1565295788918544e-11,4.76837158203125e-07,2.663161087212984e-07,4.530524726112432e-09,0.2584110320397271,0.1582629680633545,0.5794817209243774,-0.16717366874217987,0.0,0.5258421301841736,-0.03638699650764465,0.943670392036438,0.18079423904418945,1.0238450765609741,1.8038184642791748,0.8211752|0.1198612|0.0409392|0.0180244|0.0000000|0.0000000|0.0000000|0.0000000|0.0000000|0.0000000,0,0.821175217628479,1.8023749071514201,0,0,0,0,0,
cross_town,Town02,mixed,1,138,6.9,-7.447046279907227,219.40994262695312,0.22167754173278809,89.98705291748047,1.0766143529545502e-10,499.23467940910075,2.1565295788918544e-11,4.76837158203125e-07,2.663161087212984e-07,7.735353149916154e-09,0.32076899658819424,0.08557000756263733,0.3427686393260956,0.40182045102119446,0.0,0.44584211707115173,0.043613001704216,0.30355867743492126,0.18680037558078766,0.10559747368097305,1.8828060626983643,0.7877132|0.1142958|0.0427352|0.0378472|0.0174086|0.0000000|0.0000000|0.0000000|0.0000000|0.0000000,0,0.7877131700515747,2.28773839695914,0,0,0,0,0,
cross_town,Town02,mixed,1,139,6.95,-7.447046279907227,219.40994262695312,0.22167754173278809,89.98705291748047,1.0766143529545502e-10,499.23467940910075,2.1565295788918544e-11,4.76837158203125e-07,2.663161087212984e-07,6.925266369103865e-08,0.2765046304973568,0.16059815883636475,0.5068745613098145,0.06811223179101944,0.0,0.5068745613098145,0.06811223179101944,0.8036165237426758,0.3149861991405487,0.5372769832611084,2.3531041145324707,0.5893688|0.2082830|0.2023483|0.0000000|0.0000000|0.0000000|0.0000000|0.0000000|0.0000000|0.0000000,0,0.5893688201904297,3.283877321655158,0,0,0,0,0,
cross_town,Town02,mixed,1,140,7.0,-7.447046279907227,219.40994262695312,0.22167754173278809,89.98705291748047,1.0766143529545502e-10,499.23467940910075,2.1565295788918544e-11,4.76837158203125e-07,2.663161087212984e-07,6.940071230770511e-08,0.26002484678905985,0.25941288471221924,0.6099561452865601,-0.3247845768928528,0.0,0.5868745446205139,-0.011887768283486366,0.8912211060523987,0.1864471137523651,0.8393718600273132,1.6324820518493652,0.7851467|0.1148887|0.0445911|0.0366651|0.0187084|0.0000000|0.0000000|0.0000000|0.0000000|0.0000000,0,0.7851467132568359,4.780395066881281,0,0,0,0,0,
cross_town,Town02,mixed,1,141,7.05,-7.447046279907227,219.40994262695312,0.22167754173278809,89.98705291748047,1.0766143529545502e-10,499.23467940910075,2.1565295788918544e-11,4.76837158203125e-07,2.663161087212984e-07,1.0362600662293633e-07,0.2917788783639324,0.10685485601425171,0.3661700189113617,0.2870247960090637,0.0,0.5068745613098145,0.06811223179101944,0.5707752704620361,0.18677443265914917,0.3844793736934662,1.6155481338500977,0.7815894|0.1171294|0.0449691|0.0364621|0.0198500|0.0000000|0.0000000|0.0000000|0.0000000|0.0000000,0,0.7815894484519958,4.729652651222526,0,0,0,0,0,
cross_town,Town02,mixed,1,142,7.1,-7.447046279907227,219.40994262695312,0.22167754173278809,89.98705291748047,1.0766143529545502e-10,499.23467940910075,2.1565295788918544e-11,4.76837158203125e-07,2.663161087212984e-07,1.0386101282509937e-07,0.2510369402042444,0.2578253149986267,0.5874108672142029,-0.34174656867980957,0.0,0.5868745446205139,-0.011887768283486366,0.9799783825874329,0.18663950264453888,1.2860393524169922,1.6166045665740967,0.7839981|0.1047343|0.0516338|0.0378143|0.0218195|0.0000000|0.0000000|0.0000000|0.0000000|0.0000000,0,0.7839981317520142,4.681121435592477,0,0,0,0,0,
cross_town,Town02,mixed,1,143,7.15,-7.447046279907227,219.40994262695312,0.22167754173278809,89.98705291748047,1.0766143529545502e-10,499.23467940910075,2.1565295788918544e-11,4.76837158203125e-07,2.663161087212984e-07,1.0380831482948297e-07,0.3190035486151991,0.10110613703727722,0.4395543336868286,0.2727068066596985,0.0,0.5068745613098145,0.06811223179101944,0.30665141344070435,0.16903583705425262,0.12700888514518738,1.4356257915496826,0.8961058|0.0628272|0.0410670|0.0000000|0.0000000|0.0000000|0.0000000|0.0000000|0.0000000|0.0000000,0,0.8961057662963867,4.630404045518143,0,0,0,0,0,
cross_town,Town02,mixed,1,144,7.2,-7.447046279907227,219.40994262695312,0.22167754173278809,89.98705291748047,1.0766143529545502e-10,499.23467940910075,2.1565295788918544e-11,4.76837158203125e-07,2.663161087212984e-07,0.0,0.2783880673270279,0.31213733553886414,0.5628048777580261,-0.44568580389022827,0.0,0.5628048777580261,-0.011887768283486366,0.7234313488006592,0.17410637438297272,0.5662802457809448,1.4900274276733398,0.8723834|0.0609716|0.0407945|0.0258505|0.0000000|0.0000000|0.0000000|0.0000000|0.0000000|0.0000000,0,0.8723833560943604,4.581914425249224,0,0,0,0,0,
cross_town,Town02,mixed,1,145,7.25,-7.447046279907227,219.40994262695312,0.22167754173278809,89.98705291748047,1.0766143529545502e-10,499.23467940910075,2.1565295788918544e-11,4.76837158203125e-07,2.663161087212984e-07,3.4407369111409694e-08,0.3125491154681687,0.12755513191223145,0.42290857434272766,0.1745896190404892,0.0,0.4828048646450043,0.06811223179101944,0.3963943123817444,0.1739635467529297,0.220908522605896,1.5893077850341797,0.8731965|0.0647249|0.0363779|0.0257006|0.0000000|0.0000000|0.0000000|0.0000000|0.0000000|0.0000000,0,0.873196542263031,4.531194091941812,0,0,0,0,0,
cross_town,Town02,mixed,1,146,7.3,-7.447046279907227,219.40994262695312,0.22167754173278809,89.98705291748047,1.0766143529545502e-10,499.23467940910075,2.1565295788918544e-11,4.76837158203125e-07,2.663161087212984e-07,1.3733859924621142e-07,0.2564534492483668,0.23470023274421692,0.5909244418144226,-0.3203068971633911,0.0,0.5628048777580261,-0.011887768283486366,0.9754551649093628,0.1790280044078827,1.2415730953216553,1.6576197147369385,0.8191371|0.1134043|0.0674586|0.0000000|0.0000000|0.0000000|0.0000000|0.0000000|0.0000000|0.0000000,0,0.8191370964050293,4.482688056101247,0,0,0,0,0,
cross_town,Town02,mixed,1,147,7.35,-7.447046279907227,219.40994262695312,0.22167754173278809,89.98705291748047,1.0766143529545502e-10,499.23467940910075,2.1565295788918544e-11,4.76837158203125e-07,2.663161087212984e-07,2.409785182274302e-07,0.2889851827480296,0.12743577361106873,0.3594856262207031,0.20000499486923218,0.0,0.4828048646450043,0.06811223179101944,0.6713127493858337,0.1752396523952484,0.503292441368103,1.728163719177246,0.8471504|0.1259713|0.0268783|0.0000000|0.0000000|0.0000000|0.0000000|0.0000000|0.0000000|0.0000000,0,0.847150444984436,4.432003357269427,0,0,0,0,0,
cross_town,Town02,mixed,1,148,7.4,-7.447046279907227,219.40994262695312,0.22167754173278809,89.98705291748047,1.0766143529545502e-10,499.23467940910075,2.1565295788918544e-11,4.76837158203125e-07,2.663161087212984e-07,3.433722816254674e-07,0.2650081365009737,0.2120736837387085,0.6089280247688293,-0.2820509672164917,0.0,0.5628048777580261,-0.011887768283486366,0.934866726398468,0.18659277260303497,0.9793993830680847,1.747267246246338,0.7830279|0.1107393|0.0680644|0.0381684|0.0000000|0.0000000|0.0000000|0.0000000|0.0000000|0.0000000,0,0.7830279469490051,4.383430794159959,0,0,0,0,0,
cross_town,Town02,mixed,1,149,7.45,-7.447046279907227,219.40994262695312,0.22167754173278809,89.98705291748047,1.0766143529545502e-10,499.23467940910075,2.1565295788918544e-11,4.76837158203125e-07,2.663161087212984e-07,1.0429206645086518e-06,0.3107363319996878,0.11933961510658264,0.3755323886871338,0.19865602254867554,0.0,0.4828048646450043,0.06811223179101944,0.5035306811332703,0.1858508288860321,0.31767991185188293,1.7234206199645996,0.7899815|0.1080758|0.0757982|0.0261446|0.0000000|0.0000000|0.0000000|0.0000000|0.0000000|0.0000000,0,0.789981484413147,4.332820364561126,0,0,0,0,0,
cross_town,Town02,mixed,1,150,7.5,-7.447046279907227,219.40994262695312,0.22167754173278809,89.98705291748047,1.0766143529545502e-10,499.23467940910075,2.1565295788918544e-11,4.76837158203125e-07,2.663161087212984e-07,5.150501092948356e-07,0.26872033200587203,0.21790683269500732,0.5962792634963989,-0.23527370393276215,0.0,0.5628048777580261,-0.011887768283486366,0.9513900876045227,0.19391551613807678,1.049608826637268,1.7885441780090332,0.7484581|0.1100413|0.0789523|0.0343929|0.0281555|0.0000000|0.0000000|0.0000000|0.0000000|0.0000000,0,0.7484581470489502,4.284308104503804,0,0,0,0,0,
cross_town,Town02,mixed,1,151,7.55,-7.447046279907227,219.40994262695312,0.22167754173278809,89.98705291748047,1.0766143529545502e-10,499.23467940910075,2.1565295788918544e-11,4.76837158203125e-07,2.663161087212984e-07,5.493715885452719e-07,0.3048468162704151,0.11531907320022583,0.3793342709541321,0.18792566657066345,0.0,0.4828048646450043,0.06811223179101944,0.619208574295044,0.1846162974834442,0.4369312822818756,1.739825963973999,0.8107928|0.1183930|0.0410275|0.0297867|0.0000000|0.0000000|0.0000000|0.0000000|0.0000000|0.0000000,0,0.8107928037643433,4.233715697013951,0,0,0,0,0,
cross_town,Town02,mixed,1,152,7.6,-7.447046279907227,219.40994262695312,0.22167754173278809,89.98705291748047,1.0766143529545502e-10,499.23467940910075,2.1565295788918544e-11,4.76837158203125e-07,2.663161087212984e-07,6.18401656525939e-07,0.286133794273742,0.2450825273990631,0.6139424443244934,-0.17064791917800903,0.0,0.5628048777580261,-0.011887768283486366,0.8364823460578918,0.18621686100959778,0.7218542695045471,1.7012730836868286,0.8050799|0.1218114|0.0374668|0.0356420|0.0000000|0.0000000|0.0000000|0.0000000|0.0000000|0.0000000,0,0.8050798773765564,4.185202574174481,0,0,0,0,0,
cross_town,Town02,mixed,1,153,7.65,-7.447046279907227,219.40994262695312,0.22167754173278809,89.98705291748047,1.0766143529545502e-10,499.23467940910075,2.1565295788918544e-11,4.76837158203125e-07,2.663161087212984e-07,1.0302390396152784e-07,0.3374284685601051,0.1107390820980072,0.3516826629638672,0.2391745150089264,0.0,0.4828048646450043,0.06811223179101944,0.35444334149360657,0.19915896654129028,0.15094995498657227,1.7673577070236206,0.7287496|0.1085981|0.0839203|0.0389857|0.0313057|0.0084405|0.0000000|0.0000000|0.0000000|0.0000000,0,0.7287496328353882,4.134659166170104,0,0,0,0,0,
cross_town,Town02,mixed,1,154,7.7,-7.447046279907227,219.40994262695312,0.22167754173278809,89.98705291748047,1.0766143529545502e-10,499.23467940910075,2.1565295788918544e-11,4.76837158203125e-07,2.663161087212984e-07,1.3830475677326981e-06,0.2779650786921569,0.21062862873077393,0.5909198522567749,-0.27070868015289307,0.0,0.5628048777580261,-0.011887768283486366,0.9805142283439636,0.19347520172595978,1.2861220836639404,1.7813563346862793,0.7610479|0.1084085|0.0854710|0.0359738|0.0090987|0.0000000|0.0000000|0.0000000|0.0000000|0.0000000,0,0.761047899723053,4.086148474703352,0,0,0,0,0,
cross_town,Town02,mixed,1,155,7.75,-7.447046279907227,219.40994262695312,0.22167754173278809,89.98705291748047,1.0766143529545502e-10,499.23467940910075,2.1565295788918544e-11,4.76837158203125e-07,2.663161087212984e-07,1.848815048283664e-07,0.34116167810424214,0.10567167401313782,0.34149643778800964,0.24726587533950806,0.0,0.4828048646450043,0.06811223179101944,0.38029852509498596,0.1966993659734726,0.18123026192188263,1.7457969188690186,0.7436290|0.1112010|0.0966672|0.0389955|0.0095075|0.0000000|0.0000000|0.0000000|0.0000000|0.0000000,0,0.743628978729248,4.035654431434471,0,0,0,0,0,
cross_town,Town02,mixed,1,156,7.8,-7.447046279907227,219.40994262695312,0.22167754173278809,89.98705291748047,1.0766143529545502e-10,499.23467940910075,2.1565295788918544e-11,4.76837158203125e-07,2.663161087212984e-07,2.0602830733848553e-07,0.2907650691111032,0.21864169836044312,0.517043948173523,-0.18460272252559662,0.0,0.517043948173523,-0.011887768283486366,0.9161539673805237,0.19665412604808807,0.901146411895752,1.8256020545959473,0.7468922|0.1129191|0.0972318|0.0326628|0.0102941|0.0000000|0.0000000|0.0000000|0.0000000|0.0000000,0,0.7468922138214111,3.9871452656936808,0,0,0,0,0,
cross_town,Town02,mixed,1,157,7.85,-7.447046279907227,219.40994262695312,0.22167754173278809,89.98705291748047,1.0766143529545502e-10,499.23467940910075,2.1565295788918544e-11,4.76837158203125e-07,2.663161087212984e-07,1.1787877492188123e-06,0.32272940722442206,0.13778775930404663,0.4773557186126709,0.06888248026371002,0.0,0.4773557186126709,0.06811223179101944,0.6283837556838989,0.17058005928993225,0.4607422947883606,1.8110020160675049,0.9434583|0.0442852|0.0122565|0.0000000|0.0000000|0.0000000|0.0000000|0.0000000|0.0000000|0.0000000,0,0.9434583187103271,3.9367639851898333,0,0,0,0,0,
cross_town,Town02,mixed,1,158,7.9,-7.447046279907227,219.40994262695312,0.22167754173278809,89.98705291748047,1.0766143529545502e-10,499.23467940910075,2.1565295788918544e-11,4.76837158203125e-07,2.663161087212984e-07,4.80709653547966e-07,0.2907625944239247,0.20244485139846802,0.5449881553649902,-0.16518226265907288,0.0,0.5449881553649902,-0.011887768283486366,0.9797930717468262,0.20544736087322235,1.2648813724517822,1.8920040130615234,0.7024567|0.1086885|0.1080880|0.0369135|0.0348628|0.0089906|0.0000000|0.0000000|0.0000000|0.0000000,0,0.7024566531181335,3.888288495214484,0,0,0,0,0,
cross_town,Town02,mixed,1,159,7.95,-7.447046279907227,219.40994262695312,0.22167754173278809,89.98705291748047,1.0766143529545502e-10,499.23467940910075,2.1565295788918544e-11,4.76837158203125e-07,2.663161087212984e-07,5.84068806144186e-07,0.29643291289986695,0.12402909994125366,0.38140612840652466,0.16416655480861664,0.0,0.4649881422519684,0.06811223179101944,0.9545907974243164,0.1874738335609436,1.073918104171753,1.8047033548355103,0.8308113|0.1197873|0.0387774|0.0106241|0.0000000|0.0000000|0.0000000|0.0000000|0.0000000|0.0000000,0,0.8308112621307373,3.837865043556661,0,0,0,0,0,
cross_town,Town02,mixed,1,160,8.0,-7.447046279907227,219.40994262695312,0.22167754173278809,89.98705291748047,1.0766143529545502e-10,499.23467940910075,2.1565295788918544e-11,4.76837158203125e-07,2.663161087212984e-07,6.64600492964244e-07,0.2963598794780437,0.2167496681213379,0.46430033445358276,-0.1752386838197708,0.0,0.46430033445358276,-0.011887768283486366,0.98651123046875,0.19579428434371948,1.3772847652435303,1.846563458442688,0.7506424|0.1361780|0.1131796|0.0000000|0.0000000|0.0000000|0.0000000|0.0000000|0.0000000|0.0000000,0,0.7506423592567444,3.7893632821057204,0,0,0,0,0,
cross_town,Town02,mixed,1,161,8.05,-7.447046279907227,219.40994262695312,0.22167754173278809,89.98705291748047,1.0766143529545502e-10,499.23467940910075,2.1565295788918544e-11,4.76837158203125e-07,2.663161087212984e-07,3.4356732570873977e-08,0.3486206521242418,0.13249510526657104,0.48361995816230774,0.1778680384159088,0.0,0.48361995816230774,0.06811223179101944,0.49471643567085266,0.2073000967502594,0.28741613030433655,1.930558443069458,0.6937333|0.1268017|0.1064078|0.0375130|0.0355442|0.0000000|0.0000000|0.0000000|0.0000000|0.0000000,0,0.6937333345413208,3.7390890479800216,0,0,0,0,0,
cross_town,Town02,mixed,1,162,8.1,-7.447046279907227,219.40994262695312,0.22167754173278809,89.98705291748047,1.0766143529545502e-10,499.23467940910075,2.1565295788918544e-11,4.76837158203125e-07,2.663161087212984e-07,6.870632268395164e-08,0.3024459928897038,0.2400672733783722,0.5037176012992859,-0.19877828657627106,0.0,0.5037176012992859,-0.011887768283486366,0.9868355989456177,0.2044847309589386,1.3747628927230835,1.8086762428283691,0.7114324|0.1388240|0.1060392|0.0332823|0.0104221|0.0000000|0.0000000|0.0000000|0.0000000|0.0000000,0,0.7114323973655701,3.690568535170431,0,0,0,0,0,
cross_town,Town02,mixed,1,163,8.15,-7.447046279907227,219.40994262695312,0.22167754173278809,89.98705291748047,1.0766143529545502e-10,499.23467940910075,2.1565295788918544e-11,4.76837158203125e-07,2.663161087212984e-07,1.8324276810269475e-07,0.3348049493932585,0.12011867761611938,0.43225839734077454,0.1971689611673355,0.0,0.43225839734077454,0.06811223179101944,0.6931384205818176,0.21042750775814056,0.49328070878982544,1.8983714580535889,0.6803021|0.1376022|0.1064767|0.0344515|0.0323267|0.0088408|0.0000000|0.0000000|0.0000000|0.0000000,0,0.680302083492279,3.640286221443577,0,0,0,0,0,
cross_town,Town02,mixed,1,164,8.2,-7.447046279907227,219.40994262695312,0.22167754173278809,89.98705291748047,1.0766143529545502e-10,499.23467940910075,2.1565295788918544e-11,4.76837158203125e-07,2.663161087212984e-07,3.09025264638825e-07,0.3275582057762692,0.25463181734085083,0.49336346983909607,-0.05657097324728966,0.0,0.49336346983909607,-0.011887768283486366,0.7949866056442261,0.19155387580394745,0.6472586393356323,1.7691562175750732,0.8289486|0.1258949|0.0451565|0.0000000|0.0000000|0.0000000|0.0000000|0.0000000|0.0000000|0.0000000,0,0.8289486169815063,3.59180713858255,0,0,0,0,0,
cross_town,Town02,mixed,1,165,8.25,-7.447046279907227,219.40994262695312,0.22167754173278809,89.98705291748047,1.0766143529545502e-10,499.23467940910075,2.1565295788918544e-11,4.76837158203125e-07,2.663161087212984e-07,4.807196613863481e-07,0.3482676754544287,0.12987744808197021,0.47597062587738037,0.19516001641750336,0.0,0.47597062587738037,0.06811223179101944,0.6167358756065369,0.21330852806568146,0.4056205749511719,1.8876045942306519,0.6682891|0.1395101|0.1079718|0.0393863|0.0349854|0.0098574|0.0000000|0.0000000|0.0000000|0.0000000,0,0.6682891249656677,3.5417119756029436,0,0,0,0,0,
cross_town,Town02,mixed,1,166,8.3,-7.447046279907227,219.40994262695312,0.22167754173278809,89.98705291748047,1.0766143529545502e-10,499.23467940910075,2.1565295788918544e-11,4.76837158203125e-07,2.663161087212984e-07,5.497427760023232e-07,0.3175072221341784,0.208956778049469,0.4216534495353699,-0.17943881452083588,0.0,0.4216534495353699,-0.011887768283486366,0.9526244401931763,0.20400920510292053,1.0462695360183716,1.9212462902069092,0.7408681|0.1714315|0.0388231|0.0392840|0.0095933|0.0000000|0.0000000|0.0000000|0.0000000|0.0000000,0,0.740868091583252,3.4932925625342954,0,0,0,0,0,
cross_town,Town02,mixed,1,167,8.35,-7.447046279907227,219.40994262695312,0.22167754173278809,89.98705291748047,1.0766143529545502e-10,499.23467940910075,2.1565295788918544e-11,4.76837158203125e-07,2.663161087212984e-07,9.747082912627114e-07,0.3314374245133481,0.16098207235336304,0.4982427954673767,0.10005813091993332,0.0,0.4982427954673767,0.06811223179101944,0.8410349488258362,0.19636903703212738,0.7201181650161743,1.8445237874984741,0.8194824|0.1270760|0.0422855|0.0111559|0.0000000|0.0000000|0.0000000|0.0000000|0.0000000|0.0000000,0,0.8194824457168579,3.4431688633908393,0,0,0,0,0,
cross_town,Town02,mixed,1,168,8.4,-7.447046279907227,219.40994262695312,0.22167754173278809,89.98705291748047,1.0766143529545502e-10,499.23467940910075,2.1565295788918544e-11,4.76837158203125e-07,2.663161087212984e-07,5.837012046513866e-07,0.3254854107196932,0.2171086072921753,0.5297171473503113,-0.18147045373916626,0.0,0.5297171473503113,-0.011887768283486366,0.9276889562606812,0.21655671298503876,0.9213733673095703,1.8515143394470215,0.6454108|0.1680388|0.1083846|0.0364975|0.0342793|0.0073889|0.0000000|0.0000000|0.0000000|0.0000000,0,0.6454108357429504,3.394676865034631,0,0,0,0,0,
cross_town,Town02,mixed,1,169,8.45,-7.447046279907227,219.40994262695312,0.22167754173278809,89.98705291748047,1.0766143529545502e-10,499.23467940910075,2.1565295788918544e-11,4.76837158203125e-07,2.663161087212984e-07,6.180359855843478e-07,0.3232100555294126,0.1113627552986145,0.28457003831863403,0.28778278827667236,0.0,0.44971713423728943,0.06811223179101944,0.9769906997680664,0.29739904403686523,1.1397457122802734,2.213505268096924,0.4899276|0.2893160|0.1040719|0.0915040|0.0251804|0.0000000|0.0000000|0.0000000|0.0000000|0.0000000,0,0.48992764949798584,3.3446783289159607,0,0,0,0,0,
cross_town,Town02,mixed,1,170,8.5,-7.447046279907227,219.40994262695312,0.22167754173278809,89.98705291748047,1.0766143529545502e-10,499.23467940910075,2.1565295788918544e-11,4.76837158203125e-07,2.663161087212984e-07,3.439833213264602e-08,0.37115151326004314,0.21635469794273376,0.41975167393684387,-0.18479734659194946,0.0,0.41975167393684387,-0.011887768283486366,0.523534893989563,0.1948520839214325,0.3287002444267273,1.898756742477417,0.7853218|0.2146782|0.0000000|0.0000000|0.0000000|0.0000000|0.0000000|0.0000000|0.0000000|0.0000000,0,0.7853217720985413,3.296275924634976,0,0,0,0,0,
cross_town,Town02,mixed,1,171,8.55,-7.447046279907227,219.40994262695312,0.22167754173278809,89.98705291748047,1.0766143529545502e-10,499.23467940910075,2.1565295788918544e-11,4.76837158203125e-07,2.663161087212984e-07,2.388099019094065e-07,0.3321429509889315,0.08581367135047913,0.45717984437942505,0.18306422233581543,0.0,0.45717984437942505,0.06811223179101944,0.938995897769928,0.19762349128723145,0.9858437776565552,2.115265369415283,0.7606457|0.2393543|0.0000000|0.0000000|0.0000000|0.0000000|0.0000000|0.0000000|0.0000000|0.0000000,0,0.7606457471847534,3.246295795751688,0,0,0,0,0,
cross_town,Town02,mixed,1,172,8.6,-7.447046279907227,219.40994262695312,0.22167754173278809,89.98705291748047,1.0766143529545502e-10,499.23467940910075,2.1565295788918544e-11,4.76837158203125e-07,2.663161087212984e-07,3.4336245304865074e-07,0.3392613527623819,0.19560712575912476,0.44542405009269714,-0.1696307361125946,0.0,0.44542405009269714,-0.011887768283486366,0.8926069140434265,0.20269379019737244,0.826718807220459,1.9532978534698486,0.7414744|0.2185196|0.0400060|0.0000000|0.0000000|0.0000000|0.0000000|0.0000000|0.0000000|0.0000000,0,0.741474449634552,3.197933069382987,0,0,0,0,0,
cross_town,Town02,mixed,1,173,8.65,-7.447046279907227,219.40994262695312,0.22167754173278809,89.98705291748047,1.0766143529545502e-10,499.23467940910075,2.1565295788918544e-11,4.76837158203125e-07,2.663161087212984e-07,3.7769780701759704e-07,0.3316426821583092,0.10856226086616516,0.3150700330734253,0.2632899582386017,0.0,0.3654240369796753,0.06811223179101944,0.9930073022842407,0.2894282042980194,1.4495387077331543,2.382845640182495,0.5363184|0.2707721|0.1047761|0.0881333|0.0000000|0.0000000|0.0000000|0.0000000|0.0000000|0.0000000,0,0.5363184213638306,3.147969031592958,0,0,0,0,0,
cross_town,Town02,mixed,1,174,8.7,-7.447046279907227,219.40994262695312,0.22167754173278809,89.98705291748047,1.0766143529545502e-10,499.23467940910075,2.1565295788918544e-11,4.76837158203125e-07,2.663161087212984e-07,4.1205174944513194e-07,0.36826048616048707,0.20266571640968323,0.42816469073295593,0.03661232441663742,0.0,0.42816469073295593,0.03661232441663742,0.7153657078742981,0.219465434551239,0.5109317898750305,2.171271800994873,0.6208892|0.2072503|0.1056149|0.0352728|0.0309729|0.0000000|0.0000000|0.0000000|0.0000000|0.0000000,0,0.6208892464637756,3.0996074913919265,0,0,0,0,0,
cross_town,Town02,mixed,1,175,8.75,-7.447046279907227,219.40994262695312,0.22167754173278809,89.98705291748047,1.0766143529545502e-10,499.23467940910075,2.1565295788918544e-11,4.76837158203125e-07,2.663161087212984e-07,5.150221088876077e-07,0.3425839395317406,0.17552953958511353,0.44238540530204773,-0.012382020242512226,0.0,0.44238540530204773,-0.012382020242512226,0.9783122539520264,0.2163686752319336,1.2359024286270142,1.975416660308838,0.6329128|0.2227631|0.1090525|0.0352715|0.0000000|0.0000000|0.0000000|0.0000000|0.0000000|0.0000000,0,0.632912814617157,3.049820903675594,0,0,0,0,0,
cross_town,Town02,mixed,1,176,8.8,-7.447046279907227,219.40994262695312,0.22167754173278809,89.98705291748047,1.0766143529545502e-10,499.23467940910075,2.1565295788918544e-11,4.76837158203125e-07,2.663161087212984e-07,6.180422028396141e-07,0.3391465391463432,0.16062691807746887,0.4873146116733551,0.13291102647781372,0.0,0.4873146116733551,0.0676179826259613,0.9872148036956787,0.2101953625679016,1.3764536380767822,1.8618131875991821,0.7796448|0.1326753|0.0460366|0.0416433|0.0000000|0.0000000|0.0000000|0.0000000|0.0000000|0.0000000,0,0.779644787311554,3.0014663986917234,0,0,0,0,0,
cross_town,Town02,mixed,1,177,8.85,-7.447046279907227,219.40994262695312,0.22167754173278809,89.98705291748047,1.0766143529545502e-10,499.23467940910075,2.1565295788918544e-11,4.76837158203125e-07,2.663161087212984e-07,7.210564567562962e-07,0.3474711834921533,0.20764711499214172,0.49581435322761536,-0.10839872062206268,0.0,0.49581435322761536,-0.012382017448544502,0.925942063331604,0.22274412214756012,0.9087468981742859,1.9478211402893066,0.5965157|0.2242218|0.1046358|0.0395628|0.0350639|0.0000000|0.0000000|0.0000000|0.0000000|0.0000000,0,0.5965157151222229,2.9517662636764146,0,0,0,0,0,
cross_town,Town02,mixed,1,178,8.9,-7.447046279907227,219.40994262695312,0.22167754173278809,89.98705291748047,1.0766143529545502e-10,499.23467940910075,2.1565295788918544e-11,4.76837158203125e-07,2.663161087212984e-07,3.4377077082137684e-08,0.38090400761444215,0.12680348753929138,0.43616852164268494,0.22547435760498047,0.0,0.43616852164268494,0.0676179826259613,0.6130514740943909,0.22218210995197296,0.39285722374916077,1.9521580934524536,0.5935048|0.2403809|0.1005305|0.0348278|0.0307560|0.0000000|0.0000000|0.0000000|0.0000000|0.0000000,0,0.593504786491394,2.9034532579653374,0,0,0,0,0,
cross_town,Town02,mixed,1,179,8.95,-7.447046279907227,219.40994262695312,0.22167754173278809,89.98705291748047,1.0766143529545502e-10,499.23467940910075,2.1565295788918544e-11,4.76837158203125e-07,2.663161087212984e-07,1.7168369622155618e-07,0.34545733215955793,0.20601066946983337,0.40078219771385193,-0.023200316354632378,0.0,0.40078219771385193,-0.012382017448544502,0.9884316921234131,0.2228231430053711,1.389137625694275,2.035874128341675,0.5922474|0.2366272|0.1015246|0.0340199|0.0355809|0.0000000|0.0000000|0.0000000|0.0000000|0.0000000,0,0.5922473669052124,2.85378374876661,0,0,0,0,0,
cross_town,Town02,mixed,1,180,9.0,-7.447046279907227,219.40994262695312,0.22167754173278809,89.98705291748047,1.0766143529545502e-10,499.23467940910075,2.1565295788918544e-11,4.76837158203125e-07,2.663161087212984e-07,2.74701010829421e-07,0.3524448794766919,0.10897299647331238,0.4570361375808716,0.18314537405967712,0.0,0.4570361375808716,0.0676179826259613,0.9389525651931763,0.21494576334953308,0.9683328866958618,2.1431753635406494,0.6473821|0.2787879|0.0383453|0.0354847|0.0000000|0.0000000|0.0000000|0.0000000|0.0000000|0.0000000,0,0.6473821401596069,2.8055516582707862,0,0,0,0,0,
cross_town,Town02,mixed,1,181,9.05,-7.447046279907227,219.40994262695312,0.22167754173278809,89.98705291748047,1.0766143529545502e-10,499.23467940910075,2.1565295788918544e-11,4.76837158203125e-07,2.663161087212984e-07,3.090309624054915e-07,0.37641465968708127,0.28537631034851074,0.4303550124168396,0.06764817982912064,0.0,0.4303550124168396,0.06764817982912064,0.7959464192390442,0.2093566656112671,0.6309306025505066,1.8162670135498047,0.8090468|0.1435646|0.0473886|0.0000000|0.0000000|0.0000000|0.0000000|0.0000000|0.0000000|0.0000000,0,0.8090468049049377,2.7560481148571996,0,0,0,0,0,
cross_town,Town02,mixed,1,182,9.1,-7.447046279907227,219.40994262695312,0.22167754173278809,89.98705291748047,1.0766143529545502e-10,499.23467940910075,2.1565295788918544e-11,4.76837158203125e-07,2.663161087212984e-07,3.439701491654366e-07,0.35508452569874904,0.112193763256073,0.3926820755004883,-0.20319896936416626,0.0,0.3926820755004883,-0.01235182024538517,0.951845109462738,0.2611962556838989,0.9847985506057739,2.2772254943847656,0.7241578|0.2758422|0.0000000|0.0000000|0.0000000|0.0000000|0.0000000|0.0000000|0.0000000|0.0000000,0,0.7241577506065369,2.7078431729372316,0,0,0,0,0,
cross_town,Town02,mixed,1,183,9.15,-7.447046279907227,219.40994262695312,0.22167754173278809,89.98705291748047,1.0766143529545502e-10,499.23467940910075,2.1565295788918544e-11,4.76837158203125e-07,2.663161087212984e-07,4.4635675819446884e-07,0.35694012882836096,0.16607415676116943,0.46058177947998047,0.14541099965572357,0.0,0.46058177947998047,0.06764817982912064,0.9522047638893127,0.2174118161201477,1.0305521488189697,1.8541173934936523,0.7686572|0.1412842|0.0440612|0.0459973|0.0000000|0.0000000|0.0000000|0.0000000|0.0000000|0.0000000,0,0.7686572074890137,2.6583851779632277,0,0,0,0,0,
cross_town,Town02,mixed,1,184,9.2,-7.447046279907227,219.40994262695312,0.22167754173278809,89.98705291748047,1.0766143529545502e-10,499.23467940910075,2.1565295788918544e-11,4.76837158203125e-07,2.663161087212984e-07,6.180447893967335e-07,0.372104058455509,0.2473841905593872,0.44721320271492004,0.036918725818395615,0.0,0.44721320271492004,0.036918725818395615,0.8844783902168274,0.21157753467559814,0.797307550907135,1.8539990186691284,0.8125507|0.1378473|0.0496021|0.0000000|0.0000000|0.0000000|0.0000000|0.0000000|0.0000000|0.0000000,0,0.8125506639480591,2.610279204806919,0,0,0,0,0,
cross_town,Town02,mixed,1,185,9.25,-7.447046279907227,219.40994262695312,0.22167754173278809,89.98705291748047,1.0766143529545502e-10,499.23467940910075,2.1565295788918544e-11,4.76837158203125e-07,2.663161087212984e-07,7.392154035663407e-07,0.3930603915463163,0.13180211186408997,0.4589318037033081,-0.03377159684896469,0.0,0.4589318037033081,-0.03377159684896469,0.6442650556564331,0.2135830968618393,0.4348979890346527,2.09901762008667,0.6224947|0.3346394|0.0428659|0.0000000|0.0000000|0.0000000|0.0000000|0.0000000|0.0000000|0.0000000,0,0.6224946975708008,2.5609441226971006,0,0,0,0,0,
cross_town,Town02,mixed,1,186,9.3,-7.447046279907227,219.40994262695312,0.22167754173278809,89.98705291748047,1.0766143529545502e-10,499.23467940910075,2.1565295788918544e-11,4.76837158203125e-07,2.663161087212984e-07,0.0,0.38373963831181673,0.11375492811203003,0.4154057502746582,0.35225969552993774,0.0,0.4154057502746582,0.046228401362895966,0.7381749153137207,0.22567325830459595,0.5334528088569641,2.148085594177246,0.5394691|0.2969214|0.0987430|0.0346381|0.0302285|0.0000000|0.0000000|0.0000000|0.0000000|0.0000000,0,0.5394690632820129,2.5129178732836444,0,0,0,0,0,
cross_town,Town02,mixed,1,187,9.35,-7.447046279907227,219.40994262695312,0.22167754173278809,89.98705291748047,1.0766143529545502e-10,499.23467940910075,2.1565295788918544e-11,4.76837158203125e-07,2.663161087212984e-07,3.440645026079359e-08,0.373322762754561,0.17120951414108276,0.36545294523239136,-0.05598093569278717,0.0,0.36545294523239136,-0.03377159684896469,0.8594408631324768,0.21348363161087036,0.739179790019989,2.0559537410736084,0.6085537|0.3553238|0.0361225|0.0000000|0.0000000|0.0000000|0.0000000|0.0000000|0.0000000|0.0000000,0,0.6085537075996399,2.4637156196379477,0,0,0,0,0,
cross_town,Town02,mixed,1,188,9.4,-7.447046279907227,219.40994262695312,0.22167754173278809,89.98705291748047,1.0766143529545502e-10,499.23467940910075,2.1565295788918544e-11,4.76837158203125e-07,2.663161087212984e-07,3.4714964965913285e-08,0.36185854489733943,0.10867944359779358,0.4312986731529236,0.26250404119491577,0.0,0.4312986731529236,0.046228401362895966,0.9907569289207458,0.22238591313362122,1.4462611675262451,2.1952247619628906,0.5409569|0.3226854|0.1033978|0.0329600|0.0000000|0.0000000|0.0000000|0.0000000|0.0000000|0.0000000,0,0.5409568548202515,2.415781683871122,0,0,0,0,0,
cross_town,Town02,mixed,1,189,9.45,-7.447046279907227,219.40994262695312,0.22167754173278809,89.98705291748047,1.0766143529545502e-10,499.23467940910075,2.1565295788918544e-11,4.76837158203125e-07,2.663161087212984e-07,7.247831495102469e-08,0.3759938678380853,0.17662742733955383,0.4413095712661743,0.004249402321875095,0.0,0.4413095712661743,0.004249402321875095,0.9213142991065979,0.22597990930080414,0.8891051411628723,2.0795910358428955,0.5160815|0.3242231|0.0988726|0.0331712|0.0276517|0.0000000|0.0000000|0.0000000|0.0000000|0.0000000,0,0.5160814523696899,2.3667269401755044,0,0,0,0,0,
cross_town,Town02,mixed,1,190,9.5,-7.447046279907227,219.40994262695312,0.22167754173278809,89.98705291748047,1.0766143529545502e-10,499.23467940910075,2.1565295788918544e-11,4.76837158203125e-07,2.663161087212984e-07,1.0333291747092072e-07,0.3985412986981857,0.13925808668136597,0.47034844756126404,0.13527841866016388,0.0,0.47034844756126404,0.08424939960241318,0.6560369729995728,0.22265759110450745,0.4387630820274353,2.0540924072265625,0.5180191|0.3494677|0.1010171|0.0314960|0.0000000|0.0000000|0.0000000|0.0000000|0.0000000|0.0000000,0,0.5180191397666931,2.3189006526663505,0,0,0,0,0,
cross_town,Town02,mixed,1,191,9.55,-7.447046279907227,219.40994262695312,0.22167754173278809,89.98705291748047,1.0766143529545502e-10,499.23467940910075,2.1565295788918544e-11,4.76837158203125e-07,2.663161087212984e-07,1.0348212985695115e-07,0.36731185791894727,0.20379489660263062,0.4298851490020752,-0.10167423635721207,0.0,0.4298851490020752,0.0042493995279073715,0.983788251876831,0.2226567566394806,1.3037617206573486,2.0921542644500732,0.5161517|0.3506624|0.0985526|0.0346333|0.0000000|0.0000000|0.0000000|0.0000000|0.0000000|0.0000000,0,0.5161517262458801,2.270010227133389,0,0,0,0,0,
cross_town,Town02,mixed,1,192,9.6,-7.447046279907227,219.40994262695312,0.22167754173278809,89.98705291748047,1.0766143529545502e-10,499.23467940910075,2.1565295788918544e-11,4.76837158203125e-07,2.663161087212984e-07,1.0567726331536686e-07,0.36760111027754205,0.14706873893737793,0.36031824350357056,0.45037317276000977,0.0,0.36031824350357056,0.08424939960241318,0.9959681034088135,0.3429262042045593,1.534440040588379,2.2013025283813477,0.5147613|0.4852388|0.0000000|0.0000000|0.0000000|0.0000000|0.0000000|0.0000000|0.0000000|0.0000000,0,0.5147612690925598,2.222311074179188,0,0,0,0,0,
cross_town,Town02,mixed,1,193,9.65,-7.447046279907227,219.40994262695312,0.22167754173278809,89.98705291748047,1.0766143529545502e-10,499.23467940910075,2.1565295788918544e-11,4.76837158203125e-07,2.663161087212984e-07,1.0585995824997304e-07,0.3686931538570159,0.12219581007957458,0.32574155926704407,-0.19079649448394775,0.0,0.32574155926704407,0.0042493995279073715,0.9997460246086121,0.23973271250724792,2.3298299312591553,2.4104762077331543,0.7919285|0.2080715|0.0000000|0.0000000|0.0000000|0.0000000|0.0000000|0.0000000|0.0000000|0.0000000,0,0.7919285297393799,2.173670496013993,0,0,0,0,0,
cross_town,Town02,mixed,1,194,9.7,-7.447046279907227,219.40994262695312,0.22167754173278809,89.98705291748047,1.0766143529545502e-10,499.23467940910075,2.1565295788918544e-11,4.76837158203125e-07,2.663161087212984e-07,1.0618024852396429e-07,0.3701966348407952,0.1182873547077179,0.4237270951271057,0.1546926647424698,0.0,0.4057415723800659,0.08424939960241318,0.9990457892417908,0.22298838198184967,2.0154476165771484,2.2425167560577393,0.4897093|0.3734142|0.1013823|0.0354943|0.0000000|0.0000000|0.0000000|0.0000000|0.0000000|0.0000000,0,0.4897092580795288,2.1260898106355692,0,0,0,0,0,
cross_town,Town02,mixed,1,195,9.75,-7.447046279907227,219.40994262695312,0.22167754173278809,89.98705291748047,1.0766143529545502e-10,499.23467940910075,2.1565295788918544e-11,4.76837158203125e-07,2.663161087212984e-07,3.4388022903332677e-08,0.3719887302826754,0.14039349555969238,0.2710311710834503,-0.19707292318344116,0.0,0.32574155926704407,0.0042493995279073715,0.9951047897338867,0.24306732416152954,1.5855820178985596,2.3340258598327637,0.7440435|0.1932234|0.0627331|0.0000000|0.0000000|0.0000000|0.0000000|0.0000000|0.0000000|0.0000000,0,0.7440435290336609,2.0775937291795707,0,0,0,0,0,
cross_town,Town02,mixed,1,196,9.8,-7.447046279907227,219.40994262695312,0.22167754173278809,89.98705291748047,1.0766143529545502e-10,499.23467940910075,2.1565295788918544e-11,4.76837158203125e-07,2.663161087212984e-07,6.866866898633798e-08,0.37300195540851167,0.11676567792892456,0.42463499307632446,0.16040313243865967,0.0,0.4057415723800659,0.08424939960241318,0.9986085295677185,0.22199475765228271,1.9220062494277954,2.2396717071533203,0.4764123|0.3930877|0.0985502|0.0319498|0.0000000|0.0000000|0.0000000|0.0000000|0.0000000|0.0000000,0,0.4764123260974884,2.0302226817753395,0,0,0,0,0,
cross_town,Town02,mixed,1,197,9.85,-7.447046279907227,219.40994262695312,0.22167754173278809,89.98705291748047,1.0766143529545502e-10,499.23467940910075,2.1565295788918544e-11,4.76837158203125e-07,2.663161087212984e-07,2.403580882883288e-07,0.3831769790334982,0.22951734066009521,0.33078092336654663,0.029180357232689857,0.0,0.33078092336654663,0.029180357232689857,0.9505678415298462,0.2217937707901001,1.0173205137252808,2.1102771759033203,0.4646566|0.4057215|0.0980256|0.0315962|0.0000000|0.0000000|0.0000000|0.0000000|0.0000000|0.0000000,0,0.4646565914154053,1.9819684829907247,0,0,0,0,0,
cross_town,Town02,mixed,1,198,9.9,-7.447046279907227,219.40994262695312,0.22167754173278809,89.98705291748047,1.0766143529545502e-10,499.23467940910075,2.1565295788918544e-11,4.76837158203125e-07,2.663161087212984e-07,4.1205380386599147e-07,0.37672350987331393,0.12483185529708862,0.40142321586608887,0.1310720145702362,0.0,0.40142321586608887,0.10918035358190536,0.9876677393913269,0.21756833791732788,1.3782134056091309,2.253061056137085,0.4938935|0.4379493|0.0337351|0.0344221|0.0000000|0.0000000|0.0000000|0.0000000|0.0000000|0.0000000,0,0.4938935339450836,1.934808962900879,0,0,0,0,0,
cross_town,Town02,mixed,1,199,9.95,-7.447046279907227,219.40994262695312,0.22167754173278809,89.98705291748047,1.0766143529545502e-10,499.23467940910075,2.1565295788918544e-11,4.76837158203125e-07,2.663161087212984e-07,4.807211511468878e-07,0.3809638257855698,0.23918011784553528,0.34192943572998047,0.004685654770582914,0.0,0.34192943572998047,0.02918035350739956,0.9579193592071533,0.22387206554412842,1.0574219226837158,2.2226152420043945,0.4533248|0.3977377|0.0927004|0.0289003|0.0273368|0.0000000|0.0000000|0.0000000|0.0000000|0.0000000,0,0.4533248245716095,1.8868312863640126,0,0,0,0,0,
cross_town,Town02,mixed,1,200,10.0,-7.447046279907227,219.40994262695312,0.22167754173278809,89.98705291748047,1.0766143529545502e-10,499.23467940910075,2.1565295788918544e-11,4.76837158203125e-07,2.663161087212984e-07,5.15075503575883e-07,0.37981803928726826,0.12226063013076782,0.41288548707962036,0.16261306405067444,0.0,0.41288548707962036,0.10918035358190536,0.9817249774932861,0.2172485589981079,1.278694748878479,2.2513020038604736,0.4837253|0.4446506|0.0375818|0.0340422|0.0000000|0.0000000|0.0000000|0.0000000|0.0000000|0.0000000,0,0.48372533917427063,1.839988622078974,0,0,0,0,0,
cross_town,Town02,mixed,1,201,10.05,-7.447046279907227,219.40994262695312,0.22167754173278809,89.98705291748047,1.0766143529545502e-10,499.23467940910075,2.1565295788918544e-11,4.76837158203125e-07,2.663161087212984e-07,5.302716505615338e-07,0.38465327153256257,0.24782264232635498,0.3140977621078491,0.00999018456786871,0.0,0.3328854739665985,0.02918035350739956,0.9299695491790771,0.22018250823020935,0.9263728260993958,2.212676525115967,0.4408774|0.4301780|0.0993361|0.0296086|0.0000000|0.0000000|0.0000000|0.0000000|0.0000000|0.0000000,0,0.44087737798690796,1.792367280613049,0,0,0,0,0,
cross_town,Town02,mixed,1,202,10.1,-7.447046279907227,219.40994262695312,0.22167754173278809,89.98705291748047,1.0766143529545502e-10,499.23467940910075,2.1565295788918544e-11,4.76837158203125e-07,2.663161087212984e-07,6.180569095459898e-07,0.3826084284592529,0.15396907925605774,0.40361082553863525,0.1313869059085846,0.0,0.40361082553863525,0.10918035358190536,0.9241398572921753,0.2240733504295349,0.9009197354316711,2.2120139598846436,0.4183569|0.4217163|0.0960137|0.0323061|0.0316070|0.0000000|0.0000000|0.0000000|0.0000000|0.0000000,1,0.4217163026332855,1.7457293979459407,0,0,0,0,0,
cross_town,Town02,mixed,1,203,10.15,-7.447046279907227,219.40994262695312,0.22167754173278809,89.98705291748047,1.0766143529545502e-10,499.23467940910075,2.1565295788918544e-11,4.76837158203125e-07,2.663161087212984e-07,3.4352109391468076e-08,0.39761909430843584,0.26951175928115845,0.45279595255851746,0.16531741619110107,0.0,0.45279595255851746,0.16531741619110107,0.7857178449630737,0.23694106936454773,0.5878849625587463,2.1095242500305176,0.7308238|0.1667455|0.0527186|0.0497121|0.0000000|0.0000000|0.0000000|0.0000000|0.0000000|0.0000000,0,0.730823814868927,1.6984530754990885,0,0,0,0,0,
cross_town,Town02,mixed,1,204,10.2,-7.447046279907227,219.40994262695312,0.22167754173278809,89.98705291748047,1.0766143529545502e-10,499.23467940910075,2.1565295788918544e-11,4.76837158203125e-07,2.663161087212984e-07,2.0603867103215486e-07,0.3911999401671648,0.2809228301048279,0.373287171125412,-0.19034239649772644,0.0,0.373287171125412,0.08531741797924042,0.7825767993927002,0.22193458676338196,0.5982519388198853,2.2463831901550293,0.4388220|0.4125150|0.0868369|0.0318205|0.0300057|0.0000000|0.0000000|0.0000000|0.0000000|0.0000000,0,0.4388220012187958,1.6522168482382886,0,0,0,0,0,
cross_town,Town02,mixed,1,205,10.25,-7.447046279907227,219.40994262695312,0.22167754173278809,89.98705291748047,1.0766143529545502e-10,499.23467940910075,2.1565295788918544e-11,4.76837158203125e-07,2.663161087212984e-07,3.090451205997175e-07,0.37902092257121284,0.20248186588287354,0.3477201461791992,0.03760354593396187,0.0,0.3477201461791992,0.03760354593396187,0.924412190914154,0.2179153859615326,0.9080503582954407,2.23064923286438,0.4570567|0.4170007|0.0932183|0.0327243|0.0000000|0.0000000|0.0000000|0.0000000|0.0000000|0.0000000,0,0.4570566713809967,1.6053955833648312,0,0,0,0,0,
cross_town,Town02,mixed,1,206,10.3,-7.447046279907227,219.40994262695312,0.22167754173278809,89.98705291748047,1.0766143529545502e-10,499.23467940910075,2.1565295788918544e-11,4.76837158203125e-07,2.663161087212984e-07,3.327606169181579e-07,0.3757785633706102,0.16848325729370117,0.41562867164611816,0.08351273089647293,0.0,0.41562867164611816,0.08351273089647293,0.9283126592636108,0.22065436840057373,0.9196090698242188,2.1369881629943848,0.4534726|0.3983052|0.0874862|0.0319953|0.0287407|0.0000000|0.0000000|0.0000000|0.0000000|0.0000000,0,0.4534725844860077,1.5596101943447649,0,0,0,0,0,
cross_town,Town02,mixed,1,207,10.35,-7.447046279907227,219.40994262695312,0.22167754173278809,89.98705291748047,1.0766143529545502e-10,499.23467940910075,2.1565295788918544e-11,4.76837158203125e-07,2.663161087212984e-07,3.4336231138054595e-07,0.36154702485436724,0.2125573456287384,0.3487727642059326,-0.012136045843362808,0.0,0.3487727642059326,0.003512730821967125,0.9874193072319031,0.22002725303173065,1.3707047700881958,2.115675449371338,0.4637394|0.3860990|0.0913390|0.0307806|0.0280420|0.0000000|0.0000000|0.0000000|0.0000000|0.0000000,0,0.46373939514160156,1.5134500013684744,0,0,0,0,0,
cross_town,Town02,mixed,1,208,10.4,-7.447046279907227,219.40994262695312,0.22167754173278809,89.98705291748047,1.0766143529545502e-10,499.23467940910075,2.1565295788918544e-11,4.76837158203125e-07,2.663161087212984e-07,3.6526980368833795e-07,0.35761499049100315,0.12056824564933777,0.41911381483078003,0.14786286652088165,0.0,0.41911381483078003,0.08351273089647293,0.9938758015632629,0.2186313271522522,1.553708791732788,2.1598901748657227,0.4717278|0.3841125|0.0889142|0.0274491|0.0277964|0.0000000|0.0000000|0.0000000|0.0000000|0.0000000,0,0.47172778844833374,1.469390758275492,0,0,0,0,0,
cross_town,Town02,mixed,1,209,10.45,-7.447046279907227,219.40994262695312,0.22167754173278809,89.98705291748047,1.0766143529545502e-10,499.23467940910075,2.1565295788918544e-11,4.76837158203125e-07,2.663161087212984e-07,1.1107585850328782e-06,0.3590644033734419,0.22076261043548584,0.30744731426239014,-0.05478733777999878,0.0,0.3391138017177582,0.003512730821967125,0.9453677535057068,0.21432578563690186,0.9984113574028015,2.0141894817352295,0.4936523|0.3864604|0.0916155|0.0282718|0.0000000|0.0000000|0.0000000|0.0000000|0.0000000|0.0000000,0,0.4936523139476776,1.427258764725643,0,0,0,0,0,
cross_town,Town02,mixed,1,210,10.5,-7.447046279907227,219.40994262695312,0.22167754173278809,89.98705291748047,1.0766143529545502e-10,499.23467940910075,2.1565295788918544e-11,4.76837158203125e-07,2.663161087212984e-07,5.493749052154189e-07,0.35171244353412506,0.12947207689285278,0.41823792457580566,0.14773477613925934,0.0,0.41823792457580566,0.08351273089647293,0.9837713241577148,0.21763569116592407,1.3085166215896606,2.170475959777832,0.4789905|0.3734898|0.0903825|0.0274812|0.0296559|0.0000000|0.0000000|0.0000000|0.0000000|0.0000000,0,0.4789905250072479,1.3890013659330598,0,0,0,0,0,
cross_town,Town02,mixed,1,211,10.55,-7.447046279907227,219.40994262695312,0.22167754173278809,89.98705291748047,1.0766143529545502e-10,499.23467940910075,2.1565295788918544e-11,4.76837158203125e-07,2.663161087212984e-07,7.212870802491554e-07,0.34750450911683317,0.2059125304222107,0.3477643132209778,-0.0396384671330452,0.0,0.3477643132209778,0.003512730821967125,0.9897000789642334,0.21318912506103516,1.4281275272369385,2.086569309234619,0.4993857|0.3780133|0.0918941|0.0307069|0.0000000|0.0000000|0.0000000|0.0000000|0.0000000|0.0000000,0,0.4993857443332672,1.3531111213142033,0,0,0,0,0,
cross_town,Town02,mixed,1,212,10.6,-7.447046279907227,219.40994262695312,0.22167754173278809,89.98705291748047,1.0766143529545502e-10,499.23467940910075,2.1565295788918544e-11,4.76837158203125e-07,2.663161087212984e-07,1.3736259275537889e-07,0.34449036257406884,0.1192065179347992,0.4104543924331665,0.1482265144586563,0.0,0.4104543924331665,0.08351273089647293,0.9827254414558411,0.21196773648262024,1.2983059883117676,2.115821361541748,0.5104191|0.3685540|0.0940576|0.0269693|0.0000000|0.0000000|0.0000000|0.0000000|0.0000000|0.0000000,0,0.5104191303253174,1.320671174830836,0,0,0,0,0,
cross_town,Town02,mixed,1,213,10.65,-7.447046279907227,219.40994262695312,0.22167754173278809,89.98705291748047,1.0766143529545502e-10,499.23467940910075,2.1565295788918544e-11,4.76837158203125e-07,2.663161087212984e-07,3.0906149965534905e-07,0.34148284425481507,0.2230396270751953,0.32747673988342285,-0.01562712900340557,0.0,0.33045437932014465,0.003512730821967125,0.9747884273529053,0.21134650707244873,1.2023828029632568,2.013291358947754,0.5190157|0.3575610|0.0935578|0.0298656|0.0000000|0.0000000|0.0000000|0.0000000|0.0000000|0.0000000,0,0.5190156698226929,1.2894255317402574,0,0,0,0,0,
cross_town,Town02,mixed,1,214,10.7,-7.447046279907227,219.40994262695312,0.22167754173278809,89.98705291748047,1.0766143529545502e-10,499.23467940910075,2.1565295788918544e-11,4.76837158203125e-07,2.663161087212984e-07,3.777328612552809e-07,0.33620366693490134,0.12227526307106018,0.41153550148010254,0.1548444628715515,0.0,0.4104543924331665,0.08351273089647293,0.9887416958808899,0.21460069715976715,1.4042317867279053,2.15445613861084,0.5040329|0.3452608|0.0933031|0.0297325|0.0276707|0.0000000|0.0000000|0.0000000|0.0000000|0.0000000,0,0.5040329098701477,1.260704794784786,0,0,0,0,0,
cross_town,Town02,mixed,1,215,10.75,-7.447046279907227,219.40994262695312,0.22167754173278809,89.98705291748047,1.0766143529545502e-10,499.23467940910075,2.1565295788918544e-11,4.76837158203125e-07,2.663161087212984e-07,4.1203865756275474e-07,0.34583871226424445,0.22127866744995117,0.31158098578453064,-0.06670837104320526,0.0,0.33045437932014465,0.003512730821967125,0.8527718782424927,0.20931819081306458,0.7298091650009155,1.9810417890548706,0.5278268|0.3527154|0.0904328|0.0290250|0.0000000|0.0000000|0.0000000|0.0000000|0.0000000|0.0000000,0,0.5278267860412598,1.231499275928518,0,0,0,0,0,
cross_town,Town02,mixed,1,216,10.8,-7.447046279907227,219.40994262695312,0.22167754173278809,89.98705291748047,1.0766143529545502e-10,499.23467940910075,2.1565295788918544e-11,4.76837158203125e-07,2.663161087212984e-07,4.4637756217762403e-07,0.3891226092659713,0.1993870735168457,0.48466283082962036,0.26311954855918884,0.0,0.4104543924331665,0.08351273089647293,0.37958428263664246,0.24258464574813843,0.1345871239900589,1.9779884815216064,0.7481079|0.1879583|0.0639338|0.0000000|0.0000000|0.0000000|0.0000000|0.0000000|0.0000000|0.0000000,0,0.74810791015625,1.2044343499670513,0,0,0,0,0,
cross_town,Town02,mixed,1,217,10.85,-7.447046279907227,219.40994262695312,0.22167754173278809,89.98705291748047,1.0766143529545502e-10,499.23467940910075,2.1565295788918544e-11,4.76837158203125e-07,2.663161087212984e-07,4.80692538934529e-07,0.3242122283686012,0.2129819095134735,0.38155466318130493,-0.04887448996305466,0.0,0.38155466318130493,0.003512730821967125,0.9876354336738586,0.20724117755889893,1.387879729270935,2.015312433242798,0.5430846|0.3376673|0.0904755|0.0287726|0.0000000|0.0000000|0.0000000|0.0000000|0.0000000|0.0000000,0,0.5430846214294434,1.1751932824478406,0,0,0,0,0,
cross_town,Town02,mixed,1,218,10.9,-7.447046279907227,219.40994262695312,0.22167754173278809,89.98705291748047,1.0766143529545502e-10,499.23467940910075,2.1565295788918544e-11,4.76837158203125e-07,2.663161087212984e-07,5.15035861746179e-07,0.3188246808815298,0.09013932943344116,0.43970170617103577,0.1037243902683258,0.0,0.43970170617103577,0.08351273089647293,0.9998036026954651,0.20423094928264618,2.4295496940612793,2.1883907318115234,0.7893816|0.1295159|0.0429057|0.0381969|0.0000000|0.0000000|0.0000000|0.0000000|0.0000000|0.0000000,0,0.7893815636634827,1.1487908320923959,0,0,0,0,0,
cross_town,Town02,mixed,1,219,10.95,-7.447046279907227,219.40994262695312,0.22167754173278809,89.98705291748047,1.0766143529545502e-10,499.23467940910075,2.1565295788918544e-11,4.76837158203125e-07,2.663161087212984e-07,6.18321298800264e-07,0.31779581579141547,0.23192095756530762,0.3233863115310669,-0.03699733316898346,0.0,0.3597016930580139,0.003512730821967125,0.9677465558052063,0.20537982881069183,1.144956350326538,1.929131031036377,0.5506461|0.3326524|0.0882125|0.0284890|0.0000000|0.0000000|0.0000000|0.0000000|0.0000000|0.0000000,0,0.5506461262702942,1.119014682555728,0,0,0,0,0,
cross_town,Town02,mixed,1,220,11.0,-7.447046279907227,219.40994262695312,0.22167754173278809,89.98705291748047,1.0766143529545502e-10,499.23467940910075,2.1565295788918544e-11,4.76837158203125e-07,2.663161087212984e-07,6.868600217249456e-08,0.31259828976285026,0.12682557106018066,0.4232511520385742,0.11077433824539185,0.0,0.4232511520385742,0.08351273089647293,0.9768035411834717,0.2092946618795395,1.2257767915725708,2.07308292388916,0.5343819|0.3169191|0.0899579|0.0307375|0.0280036|0.0000000|0.0000000|0.0000000|0.0000000|0.0000000,0,0.5343818664550781,1.0933906421131152,0,0,0,0,0,
cross_town,Town02,mixed,1,221,11.05,-7.447046279907227,219.40994262695312,0.22167754173278809,89.98705291748047,1.0766143529545502e-10,499.23467940910075,2.1565295788918544e-11,4.76837158203125e-07,2.663161087212984e-07,2.0604537060825844e-07,0.31526030289792945,0.23076194524765015,0.3454638123512268,-0.0967513844370842,0.0,0.3454638123512268,0.003512730821967125,0.9067279100418091,0.19830361008644104,0.8702767491340637,1.9198741912841797,0.5983040|0.3451286|0.0295898|0.0269776|0.0000000|0.0000000|0.0000000|0.0000000|0.0000000|0.0000000,0,0.598304033279419,1.0643566564921012,0,0,0,0,0,
cross_town,Town02,mixed,1,222,11.1,-7.447046279907227,219.40994262695312,0.22167754173278809,89.98705291748047,1.0766143529545502e-10,499.23467940910075,2.1565295788918544e-11,4.76837158203125e-07,2.663161087212984e-07,3.0904694879936895e-07,0.30165821269982107,0.0943719744682312,0.4568640887737274,0.0909401923418045,0.0,0.42546382546424866,0.08351273089647293,0.9988917708396912,0.19833679497241974,2.0026371479034424,2.176192283630371,0.7935523|0.1244612|0.0422638|0.0397227|0.0000000|0.0000000|0.0000000|0.0000000|0.0000000|0.0000000,0,0.7935522794723511,1.0412381595211297,0,0,0,0,0,
cross_town,Town02,mixed,1,223,11.15,-7.447046279907227,219.40994262695312,0.22167754173278809,89.98705291748047,1.0766143529545502e-10,499.23467940910075,2.1565295788918544e-11,4.76837158203125e-07,2.663161087212984e-07,3.4338369425523993e-07,0.3076958844091236,0.25909608602523804,0.38386911153793335,0.18371877074241638,0.0,0.38386911153793335,0.16351273655891418,0.894329845905304,0.25512540340423584,0.7788126468658447,1.935876488685608,0.6806196|0.1918297|0.0716350|0.0559158|0.0000000|0.0000000|0.0000000|0.0000000|0.0000000|0.0000000,0,0.6806195974349976,1.0151351015282903,0,0,0,0,0,
cross_town,Town02,mixed,1,224,11.2,-7.447046279907227,219.40994262695312,0.22167754173278809,89.98705291748047,1.0766143529545502e-10,499.23467940910075,2.1565295788918544e-11,4.76837158203125e-07,2.663161087212984e-07,3.777103298679682e-07,0.30206353583096746,0.30587244033813477,0.33919423818588257,-0.14682139456272125,0.0,0.33919423818588257,0.08351273834705353,0.9063447117805481,0.18671946227550507,0.8807302713394165,2.169234037399292,0.6488087|0.3511913|0.0000000|0.0000000|0.0000000|0.0000000|0.0000000|0.0000000|0.0000000|0.0000000,0,0.6488087177276611,0.9968236281391404,0,0,0,0,0,
cross_town,Town02,mixed,1,225,11.25,-7.447046279907227,219.40994262695312,0.22167754173278809,89.98705291748047,1.0766143529545502e-10,499.23467940910075,2.1565295788918544e-11,4.76837158203125e-07,2.663161087212984e-07,4.120260072142087e-07,0.28982198605168474,0.21448421478271484,0.37745603919029236,0.00048323391820304096,0.0,0.37745603919029236,0.003512738272547722,0.9844825267791748,0.20411711931228638,1.333420753479004,2.035552978515625,0.5603706|0.2969902|0.0907010|0.0264916|0.0254466|0.0000000|0.0000000|0.0000000|0.0000000|0.0000000,0,0.5603706240653992,0.9766736291653582,0,0,0,0,0,
cross_town,Town02,mixed,1,226,11.3,-7.447046279907227,219.40994262695312,0.22167754173278809,89.98705291748047,1.0766143529545502e-10,499.23467940910075,2.1565295788918544e-11,4.76837158203125e-07,2.663161087212984e-07,4.807154691378581e-07,0.2869616667705519,0.0924028754234314,0.4600644111633301,0.06972821801900864,0.0,0.4574560523033142,0.06972821801900864,0.9933178424835205,0.18755540251731873,1.5628485679626465,2.1371378898620605,0.8236405|0.1320074|0.0443522|0.0000000|0.0000000|0.0000000|0.0000000|0.0000000|0.0000000|0.0000000,0,0.8236404657363892,0.9665178241333712,0,0,0,0,0,
cross_town,Town02,mixed,1,227,11.35,-7.447046279907227,219.40994262695312,0.22167754173278809,89.98705291748047,1.0766143529545502e-10,499.23467940910075,2.1565295788918544e-11,4.76837158203125e-07,2.663161087212984e-07,6.304790459157959e-07,0.28028163423366803,0.2401447296142578,0.38329267501831055,-0.1478431224822998,0.0,0.38329267501831055,-0.01027178205549717,0.9925480484962463,0.19425642490386963,1.5286915302276611,1.7714225053787231,0.6072659|0.2981312|0.0946029|0.0000000|0.0000000|0.0000000|0.0000000|0.0000000|0.0000000|0.0000000,0,0.6072658896446228,0.9563160899341345,0,0,0,0,0,
cross_town,Town02,mixed,1,228,11.4,-7.447046279907227,219.40994262695312,0.22167754173278809,89.98705291748047,1.0766143529545502e-10,499.23467940910075,2.1565295788918544e-11,4.76837158203125e-07,2.663161087212984e-07,0.0,0.2879672398038052,0.12411192059516907,0.4529266953468323,0.11091781407594681,0.0,0.4529266953468323,0.06972821801900864,0.8732720613479614,0.20213472843170166,0.7804163694381714,1.985453724861145,0.5730194|0.2826826|0.0867847|0.0300251|0.0274882|0.0000000|0.0000000|0.0000000|0.0000000|0.0000000,0,0.5730194449424744,0.9594722922293925,0,0,0,0,0,
cross_town,Town02,mixed,1,229,11.45,-7.447046279907227,219.40994262695312,0.22167754173278809,89.98705291748047,1.0766143529545502e-10,499.23467940910075,2.1565295788918544e-11,4.76837158203125e-07,2.663161087212984e-07,6.883668979846485e-08,0.28753502146795357,0.2615754306316376,0.2998846769332886,0.2308603972196579,0.0,0.3729266822338104,0.1497282236814499,0.8364819288253784,0.26092904806137085,0.6471413373947144,1.9142069816589355,0.6619682|0.2093002|0.0679040|0.0608276|0.0000000|0.0000000|0.0000000|0.0000000|0.0000000|0.0000000,0,0.6619681715965271,0.9659473059058254,0,0,0,0,0,
cross_town,Town02,mixed,1,230,11.5,-7.447046279907227,219.40994262695312,0.22167754173278809,89.98705291748047,1.0766143529545502e-10,499.23467940910075,2.1565295788918544e-11,4.76837158203125e-07,2.663161087212984e-07,1.0304315242299925e-07,0.2877159715756181,0.23984739184379578,0.46043846011161804,-0.24179358780384064,0.0,0.4529266953468323,0.06972822546958923,0.7953746318817139,0.17264209687709808,0.6667659878730774,2.0881781578063965,0.9117483|0.0435762|0.0446755|0.0000000|0.0000000|0.0000000|0.0000000|0.0000000|0.0000000|0.0000000,0,0.9117483496665955,0.9921522103874952,0,0,0,0,0,
cross_town,Town02,mixed,1,231,11.55,-7.447046279907227,219.40994262695312,0.22167754173278809,89.98705291748047,1.0766143529545502e-10,499.23467940910075,2.1565295788918544e-11,4.76837158203125e-07,2.663161087212984e-07,1.0306823673633779e-07,0.2641448259447302,0.21635514497756958,0.3785746395587921,-0.12656420469284058,0.0,0.3785746395587921,-0.010271774604916573,0.9940420985221863,0.1956740915775299,1.5835928916931152,1.8024394512176514,0.5995638|0.2857924|0.0873086|0.0273352|0.0000000|0.0000000|0.0000000|0.0000000|0.0000000|0.0000000,0,0.5995638370513916,1.029882602398646,0,0,0,0,0,
cross_town,Town02,mixed,1,232,11.6,-7.447046279907227,219.40994262695312,0.22167754173278809,89.98705291748047,1.0766143529545502e-10,499.23467940910075,2.1565295788918544e-11,4.76837158203125e-07,2.663161087212984e-07,1.6183930457402752e-07,0.28372890239115534,0.09503483772277832,0.48897749185562134,0.07301583141088486,0.0,0.45857465267181396,0.06972822546958923,0.7640624642372131,0.17852537333965302,0.6152452230453491,2.0296425819396973,0.8401586|0.1254409|0.0344005|0.0000000|0.0000000|0.0000000|0.0000000|0.0000000|0.0000000|0.0000000,0,0.8401586413383484,1.102582951356727,0,0,0,0,0,
cross_town,Town02,mixed,1,233,11.65,-7.447046279907227,219.40994262695312,0.22167754173278809,89.98705291748047,1.0766143529545502e-10,499.23467940910075,2.1565295788918544e-11,4.76837158203125e-07,2.663161087212984e-07,1.6216664713223285e-06,0.25739306327789924,0.2119271159172058,0.49983078241348267,-0.21837471425533295,0.0,0.49983078241348267,-0.010271774604916573,0.9966997504234314,0.18355730175971985,1.744057297706604,1.7696795463562012,0.8122591|0.1126517|0.0375069|0.0375823|0.0000000|0.0000000|0.0000000|0.0000000|0.0000000|0.0000000,0,0.8122591376304626,1.2096838826594136,0,0,0,0,0,
cross_town,Town02,mixed,1,234,11.7,-7.447046279907227,219.40994262695312,0.22167754173278809,89.98705291748047,1.0766143529545502e-10,499.23467940910075,2.1565295788918544e-11,4.76837158203125e-07,2.663161087212984e-07,1.6215711728985346e-06,0.2901109607965939,0.1052865982055664,0.3324263393878937,0.033574216067790985,0.0,0.4198307693004608,0.033574216067790985,0.6966565251350403,0.18248014152050018,0.525376558303833,1.8901159763336182,0.6904858|0.2782539|0.0312603|0.0000000|0.0000000|0.0000000|0.0000000|0.0000000|0.0000000|0.0000000,0,0.6904858350753784,1.3985953546778427,0,0,0,0,0,
cross_town,Town02,mixed,1,235,11.75,-7.447046279907227,219.40994262695312,0.22167754173278809,89.98705291748047,1.0766143529545502e-10,499.23467940910075,2.1565295788918544e-11,4.76837158203125e-07,2.663161087212984e-07,1.0370429729092509e-07,0.2714032377514809,0.17826038599014282,0.4035581946372986,-0.03662263602018356,0.0,0.4035581946372986,-0.03662263602018356,0.8257026672363281,0.19276653230190277,0.6961014866828918,1.8052337169647217,0.6267952|0.2576541|0.0865704|0.0289804|0.0000000|0.0000000|0.0000000|0.0000000|0.0000000|0.0000000,0,0.6267951726913452,1.7113205784229244,0,0,0,0,0,
cross_town,Town02,mixed,1,236,11.8,-7.447046279907227,219.40994262695312,0.22167754173278809,89.98705291748047,1.0766143529545502e-10,499.23467940910075,2.1565295788918544e-11,4.76837158203125e-07,2.663161087212984e-07,1.0417893829758424e-07,0.2506661547089701,0.10540688037872314,0.4305737316608429,0.2082926481962204,0.0,0.4305737316608429,0.043377362191677094,0.9986799359321594,0.19788065552711487,1.959308385848999,2.0655837059020996,0.6024766|0.2513850|0.0899740|0.0298423|0.0263222|0.0000000|0.0000000|0.0000000|0.0000000|0.0000000,0,0.6024765968322754,2.34650540505883,0,0,0,0,0,
cross_town,Town02,mixed,1,237,11.85,-7.447046279907227,219.40994262695312,0.22167754173278809,89.98705291748047,1.0766143529545502e-10,499.23467940910075,2.1565295788918544e-11,4.76837158203125e-07,2.663161087212984e-07,2.420690391269945e-09,0.2611193653339684,0.23429912328720093,0.2873912453651428,0.3267461359500885,0.0,0.35057371854782104,0.12337736040353775,0.882990837097168,0.264105886220932,0.7411596775054932,2.019176721572876,0.6913759|0.2335747|0.0750493|0.0000000|0.0000000|0.0000000|0.0000000|0.0000000|0.0000000|0.0000000,0,0.6913759112358093,3.9275030865445095,0,0,0,0,0,
cross_town,Town02,mixed,1,238,11.9,-7.447046279907227,219.40994262695312,0.22167754173278809,89.98705291748047,1.0766143529545502e-10,499.23467940910075,2.1565295788918544e-11,4.76837158203125e-07,2.663161087212984e-07,5.281107687445563e-09,0.27479363371966503,0.2577640414237976,0.3694390654563904,-0.08866603672504425,0.0,0.3694390654563904,0.043377362191677094,0.7409890294075012,0.19148921966552734,0.571289598941803,1.8968896865844727,0.6433533|0.2418210|0.0845856|0.0302401|0.0000000|0.0000000|0.0000000|0.0000000|0.0000000|0.0000000,0,0.643353283405304,10.960033919136965,0,0,0,0,0,
cross_town,Town02,mixed,1,239,11.95,-7.447046279907227,219.40994262695312,0.22167754173278809,89.98705291748047,1.0766143529545502e-10,499.23467940910075,2.1565295788918544e-11,4.76837158203125e-07,2.663161087212984e-07,8.195458382487942e-09,0.26405350731258265,0.1748363971710205,0.42114129662513733,-0.0014256485737860203,0.0,0.42114129662513733,-0.0014256485737860203,0.9017101526260376,0.1922599971294403,0.8618332147598267,1.808140754699707,0.6388195|0.2428540|0.0908095|0.0275170|0.0000000|0.0000000|0.0000000|0.0000000|0.0000000|0.0000000,0,0.6388195157051086,10.852263624213553,0,0,0,0,0,
cross_town,Town02,mixed,1,240,12.0,-7.447046279907227,219.40994262695312,0.22167754173278809,89.98705291748047,1.0766143529545502e-10,499.23467940910075,2.1565295788918544e-11,4.76837158203125e-07,2.663161087212984e-07,7.275428779053487e-08,0.2567405781354662,0.13412564992904663,0.44201362133026123,0.020150218158960342,0.0,0.44201362133026123,0.020150218158960342,0.9997203946113586,0.19723165035247803,2.3482391834259033,1.895235300064087,0.6203344|0.2329446|0.0884521|0.0288795|0.0293894|0.0000000|0.0000000|0.0000000|0.0000000|0.0000000,0,0.6203343868255615,10.862485196522847,0,0,0,0,0,
cross_town,Town02,mixed,1,241,12.05,-7.447046279907227,219.40994262695312,0.22167754173278809,89.98705291748047,1.0766143529545502e-10,499.23467940910075,2.1565295788918544e-11,4.76837158203125e-07,2.663161087212984e-07,1.0358193221706465e-07,0.2507650830810684,0.09075015783309937,0.6261438131332397,0.3762567937374115,0.0,0.5220136046409607,0.1001502200961113,1.0,0.3438512086868286,4.559098243713379,1.7165549993515015,1.0000000|0.0000000|0.0000000|0.0000000|0.0000000|0.0000000|0.0000000|0.0000000|0.0000000|0.0000000,0,1.0,10.755178041085243,0,0,0,0,0,
cross_town,Town02,mixed,1,242,12.1,-7.447046279907227,219.40994262695312,0.22167754173278809,89.98705291748047,1.0766143529545502e-10,499.23467940910075,2.1565295788918544e-11,4.76837158203125e-07,2.663161087212984e-07,1.7195898618103449e-07,0.25251114395563046,0.45794641971588135,0.4637739658355713,-0.3828359842300415,0.0,0.4637739658355713,0.02015022002160549,0.9991784691810608,0.1964457929134369,2.07944393157959,1.446094036102295,0.6392061|0.2133668|0.0879749|0.0293004|0.0301519|0.0000000|0.0000000|0.0000000|0.0000000|0.0000000,0,0.639206051826477,10.765027845733378,0,0,0,0,0,
cross_town,Town02,mixed,1,243,12.15,-7.447046279907227,219.40994262695312,0.22167754173278809,89.98705291748047,1.0766143529545502e-10,499.23467940910075,2.1565295788918544e-11,4.76837158203125e-07,2.663161087212984e-07,1.7202347390036474e-07,0.2917242421563036,0.17776760458946228,0.3440597355365753,-0.14000962674617767,0.0,0.38377395272254944,-0.059849780052900314,0.62795090675354,0.18167759478092194,0.449181467294693,1.7547391653060913,0.7260825|0.2434397|0.0304779|0.0000000|0.0000000|0.0000000|0.0000000|0.0000000|0.0000000|0.0000000,0,0.7260825037956238,10.658485566447553,0,0,0,0,0,
cross_town,Town02,mixed,1,244,12.2,-7.447046279907227,219.40994262695312,0.22167754173278809,89.98705291748047,1.0766143529545502e-10,499.23467940910075,2.1565295788918544e-11,4.76837158203125e-07,2.663161087212984e-07,1.7219512281880963e-07,0.26580655403511444,0.09175235033035278,0.47079387307167053,0.3444102108478546,0.0,0.4637739658355713,0.02015022002160549,0.9116743206977844,0.18318523466587067,0.9003778696060181,2.150261163711548,0.8062287|0.1185190|0.0382646|0.0369878|0.0000000|0.0000000|0.0000000|0.0000000|0.0000000|0.0000000,0,0.8062286972999573,10.667905756149766,0,0,0,0,0,
cross_town,Town02,mixed,1,245,12.25,-7.447046279907227,219.40994262695312,0.22167754173278809,89.98705291748047,1.0766143529545502e-10,499.23467940910075,2.1565295788918544e-11,4.76837158203125e-07,2.663161087212984e-07,1.455961443086238e-09,0.2603477897929592,0.24543100595474243,0.14892113208770752,0.23407261073589325,0.0,0.38377395272254944,0.1001502200961113,0.9937977194786072,0.26708242297172546,1.502071499824524,1.9765617847442627,0.8800500|0.1199500|0.0000000|0.0000000|0.0000000|0.0000000|0.0000000|0.0000000|0.0000000|0.0000000,0,0.880050003528595,10.561738032215946,0,0,0,0,0,
cross_town,Town02,mixed,1,246,12.3,-7.447046279907227,219.40994262695312,0.22167754173278809,89.98705291748047,1.0766143529545502e-10,499.23467940910075,2.1565295788918544e-11,4.76837158203125e-07,2.663161087212984e-07,4.056233786691305e-09,0.29032585409271106,0.24568700790405273,0.3492732644081116,-0.06264800578355789,0.0,0.3492732644081116,0.02015022002160549,0.7239460349082947,0.19485227763652802,0.5461778044700623,1.824808955192566,0.6622553|0.2107820|0.0970251|0.0299376|0.0000000|0.0000000|0.0000000|0.0000000|0.0000000|0.0000000,0,0.6622553467750549,10.570619973210002,0,0,0,0,0,
cross_town,Town02,mixed,1,247,12.35,-7.447046279907227,219.40994262695312,0.22167754173278809,89.98705291748047,1.0766143529545502e-10,499.23467940910075,2.1565295788918544e-11,4.76837158203125e-07,2.663161087212984e-07,1.3313540016327106e-07,0.29637772119869943,0.1266753077507019,0.5573056936264038,-0.08588697761297226,0.0,0.4292732775211334,-0.059849780052900314,0.6952065825462341,0.16979868710041046,0.5363450050354004,1.8230640888214111,0.9148526|0.0440376|0.0411098|0.0000000|0.0000000|0.0000000|0.0000000|0.0000000|0.0000000|0.0000000,0,0.9148526191711426,10.464971017728274,0,0,0,0,0,
cross_town,Town02,mixed,1,248,12.4,-7.447046279907227,219.40994262695312,0.22167754173278809,89.98705291748047,1.0766143529545502e-10,499.23467940910075,2.1565295788918544e-11,4.76837158203125e-07,2.663161087212984e-07,6.903228576077805e-08,0.26953372640285095,0.0777578055858612,0.42383772134780884,0.3951069414615631,0.0,0.42383772134780884,0.02015022002160549,0.9967840909957886,0.17097623646259308,1.7631280422210693,2.076014995574951,0.9130423|0.0445835|0.0423742|0.0000000|0.0000000|0.0000000|0.0000000|0.0000000|0.0000000|0.0000000,0,0.9130423069000244,10.514750032085365,0,0,0,0,0,
cross_town,Town02,mixed,1,249,12.45,-7.447046279907227,219.40994262695312,0.22167754173278809,89.98705291748047,1.0766143529545502e-10,499.23467940910075,2.1565295788918544e-11,4.76837158203125e-07,2.663161087212984e-07,1.3942401117328386e-07,0.2727295587664729,0.16354882717132568,0.39274656772613525,-0.07739012688398361,0.0,0.39274656772613525,-0.059849780052900314,0.9989334940910339,0.18589094281196594,2.0246939659118652,1.7936749458312988,0.7456130|0.2164625|0.0379246|0.0000000|0.0000000|0.0000000|0.0000000|0.0000000|0.0000000|0.0000000,0,0.7456129789352417,10.53329918560145,0,0,0,0,0,
cross_town,Town02,mixed,1,250,12.5,-7.447046279907227,219.40994262695312,0.22167754173278809,89.98705291748047,1.0766143529545502e-10,499.23467940910075,2.1565295788918544e-11,4.76837158203125e-07,2.663161087212984e-07,2.429461304865428e-07,0.2761631312279208,0.13827967643737793,0.2360456883907318,0.4050115942955017,0.0,0.3127465546131134,0.02015022002160549,0.9993026256561279,0.2889246940612793,2.027946949005127,2.106860637664795,0.5243917|0.2871841|0.0951626|0.0932617|0.0000000|0.0000000|0.0000000|0.0000000|0.0000000|0.0000000,0,0.5243916511535645,10.774768853798555,0,0,1,0,0,stuck
