protocol,town,weather,episode,t,sim_time_s,ego_x,ego_y,ego_z,ego_yaw_deg,route_s_m,route_remaining_m,route_completion_pct,cte_m,route_heading_rad,speed_kmh,reward,command_throttle,command_brake,command_steer,applied_throttle,applied_brake,applied_steer,sigma_bar,sigma_ale,sigma_epi,policy_entropy_proxy,attention,top_attention_index,top_attention_value,ttc_s,collision,off_route,timeout,red_light_violation,intervention,terminal_reason
cross_town,Town02,mixed,11,1,0.05,189.7357177734375,121.20982360839844,0.15079757571220398,90.07781982421875,7.6293872533980525e-06,500.4354450179987,1.5245497122630576e-06,0.0,2.663161091653876e-07,0.4665253579617435,0.4405007546469399,0.06864893436431885,0.9173364639282227,-0.699062705039978,0.0,0.07999999821186066,-0.07999999821186066,1.0,0.800000011920929,11.934404373168945,2.726350784301758,1.0000000|0.0000000|0.0000000|0.0000000|0.0000000|0.0000000|0.0000000|0.0000000|0.0000000|0.0000000,0,1.0,,0,0,0,0,0,
cross_town,Town02,mixed,11,2,0.1,189.7357177734375,121.20982360839844,0.161112442612648,90.07781982421875,7.6293872533980525e-06,500.4354450179987,1.5245497122630576e-06,0.0,2.663161091653876e-07,0.8584066092968148,0.44050075464574145,0.03992307186126709,0.8498021960258484,-0.4357735514640808,0.0,0.1599999964237213,-0.1599999964237213,1.0,0.800000011920929,9.73550796508789,2.4745101928710938,1.0000000|0.0000000|0.0000000|0.0000000|0.0000000|0.0000000|0.0000000|0.0000000|0.0000000|0.0000000,0,1.0,,0,0,0,0,0,
cross_town,Town02,mixed,11,3,0.15,189.7357177734375,121.20982360839844,0.17358183860778809,90.07781982421875,7.6293872533980525e-06,500.4354450179987,1.5245497122630576e-06,0.0,2.663161091653876e-07,0.8940883040431636,0.44050075465151534,0.030458718538284302,0.8062170743942261,0.548267662525177,0.0,0.23999999463558197,-0.07999999821186066,1.0,0.800000011920929,16.090084075927734,1.7792538404464722,1.0000000|0.0000000|0.0000000|0.0000000|0.0000000|0.0000000|0.0000000|0.0000000|0.0000000|0.0000000,0,1.0,,0,0,0,0,0,
cross_town,Town02,mixed,11,4,0.2,189.7357177734375,121.20982360839844,0.18517287075519562,90.07781982421875,7.6293872533980525e-06,500.4354450179987,1.5245497122630576e-06,0.0,2.663161091653876e-07,0.7842055499559032,0.44050075430933283,0.02942425012588501,0.8081179857254028,0.49133065342903137,0.0,0.3199999928474426,1.7881393032936899e-09,1.0,0.800000011920929,9.456302642822266,1.9774240255355835,1.0000000|0.0000000|0.0000000|0.0000000|0.0000000|0.0000000|0.0000000|0.0000000|0.0000000|0.0000000,0,1.0,,0,0,0,0,0,
cross_town,Town02,mixed,11,5,0.25,189.7357177734375,121.20982360839844,0.19481006264686584,90.07781982421875,7.6293872533980525e-06,500.4354450179987,1.5245497122630576e-06,0.0,2.663161091653876e-07,0.6320979058742686,0.4405007549922196,0.02806621789932251,0.8064810633659363,0.29286786913871765,0.0,0.4000000059604645,0.07999999821186066,1.0,0.800000011920929,4.0889387130737305,2.014822006225586,1.0000000|0.0000000|0.0000000|0.0000000|0.0000000|0.0000000|0.0000000|0.0000000|0.0000000|0.0000000,0,1.0,,0,0,0,0,0,
cross_town,Town02,mixed,11,6,0.3,189.7357177734375,121.20982360839844,0.20233970880508423,90.07781982421875,7.6293872533980525e-06,500.4354450179987,1.5245497122630576e-06,0.0,2.663161091653876e-07,0.4844108104707576,0.44058222824079873,0.04333266615867615,0.6392213106155396,0.17379525303840637,0.0,0.48000001907348633,0.1599999964237213,0.9991852641105652,0.800000011920929,1.4779456853866577,1.7812016010284424,1.0000000|0.0000000|0.0000000|0.0000000|0.0000000|0.0000000|0.0000000|0.0000000|0.0000000|0.0000000,0,1.0,,0,0,0,0,0,
cross_town,Town02,mixed,11,7,0.35,189.7357177734375,121.20982360839844,0.20799334347248077,90.07781982421875,7.6293872533980525e-06,500.4354450179987,1.5245497122630576e-06,0.0,2.663161091653876e-07,0.35894385874382906,0.44072287136220517,0.07483464479446411,0.8348868489265442,-0.1939285695552826,0.0,0.5600000023841858,0.07999999821186066,0.9977788329124451,0.800000011920929,1.226867914199829,1.2084202766418457,1.0000000|0.0000000|0.0000000|0.0000000|0.0000000|0.0000000|0.0000000|0.0000000|0.0000000|0.0000000,0,1.0,887.8378160936531,0,0,0,0,0,
cross_town,Town02,mixed,11,8,0.4,189.7357177734375,121.20982360839844,0.2121226042509079,90.07781982421875,7.6293872533980525e-06,500.4354450179987,1.5245497122630576e-06,0.0,2.663161091653876e-07,0.2596473813057061,0.4499015483041369,0.007306873798370361,0.9818798303604126,0.10323803871870041,0.0,0.6399999856948853,0.10323803871870041,0.976311981678009,0.800000011920929,0.6297035217285156,0.8382379412651062,1.0000000|0.0000000|0.0000000|0.0000000|0.0000000|0.0000000|0.0000000|0.0000000|0.0000000|0.0000000,0,1.0,503.0360078142981,0,0,0,0,0,
cross_town,Town02,mixed,11,9,0.45,189.7357177734375,121.20982360839844,0.21507754921913147,90.07781982421875,7.6293872533980525e-06,500.4354450179987,1.5245497122630576e-06,0.0,2.663161091653876e-07,0.18444685042147543,0.44175548571252493,0.005300700664520264,0.9874262809753418,-0.20390020310878754,0.0,0.7199999690055847,0.023238038644194603,0.9874526858329773,0.800000011920929,0.7914053201675415,0.5613093376159668,1.0000000|0.0000000|0.0000000|0.0000000|0.0000000|0.0000000|0.0000000|0.0000000|0.0000000|0.0000000,0,1.0,365.1416592830329,0,0,0,0,0,
cross_town,Town02,mixed,11,10,0.5,189.7357177734375,121.20982360839844,0.2171591967344284,90.07781982421875,7.6293872533980525e-06,500.4354450179987,1.5245497122630576e-06,0.0,2.663161091653876e-07,0.1291889190676632,0.4436923743969233,0.0012764334678649902,0.9949091076850891,0.6753894090652466,0.0,0.7999999523162842,0.10323803871870041,0.9680837988853455,0.800000011920929,0.553051233291626,0.26288920640945435,1.0000000|0.0000000|0.0000000|0.0000000|0.0000000|0.0000000|0.0000000|0.0000000|0.0000000|0.0000000,0,1.0,295.0758033358766,0,0,0,0,0,
cross_town,Town02,mixed,11,11,0.55,189.7357177734375,121.20982360839844,0.21860748529434204,90.07781982421875,7.6293872533980525e-06,500.4354450179987,1.5245497122630576e-06,0.0,2.663161091653876e-07,0.08946108521136419,0.444059056209386,0.20360475778579712,0.7685548663139343,-0.16433361172676086,0.0,0.7685548663139343,0.023238038644194603,0.9644169807434082,0.800000011920929,0.5249136686325073,-0.14528560638427734,1.0000000|0.0000000|0.0000000|0.0000000|0.0000000|0.0000000|0.0000000|0.0000000|0.0000000|0.0000000,0,1.0,254.6597351685612,0,0,0,0,0,
cross_town,Town02,mixed,11,12,0.6,189.7357177734375,121.20982360839844,0.21960493922233582,90.07781982421875,7.6293872533980525e-06,500.4354450179987,1.5245497122630576e-06,0.0,2.663161091653876e-07,0.06137975827059505,0.45672404186268634,0.014965921640396118,0.985080361366272,0.8133672475814819,0.0,0.8485548496246338,0.10323803871870041,0.8377671241760254,0.800000011920929,0.11042676866054535,1.1240659952163696,1.0000000|0.0000000|0.0000000|0.0000000|0.0000000|0.0000000|0.0000000|0.0000000|0.0000000|0.0000000,0,1.0,219.5088401729253,0,0,0,0,0,
cross_town,Town02,mixed,11,13,0.65,189.7357177734375,121.20982360839844,0.22028613090515137,90.07781982421875,7.6293872533980525e-06,500.4354450179987,1.5245497122630576e-06,0.0,2.663161091653876e-07,0.04177873805173667,0.4469988635168961,0.6715797185897827,0.40583181381225586,0.36707350611686707,0.0,0.7685548663139343,0.18323804438114166,0.9350188970565796,0.800000011920929,0.3666175603866577,-0.359635591506958,1.0000000|0.0000000|0.0000000|0.0000000|0.0000000|0.0000000|0.0000000|0.0000000|0.0000000|0.0000000,0,1.0,193.2790480842597,0,0,0,0,0,
cross_town,Town02,mixed,11,14,0.7,189.7357177734375,121.20982360839844,0.22074805200099945,90.07781982421875,7.6293872533980525e-06,500.4354450179987,1.5245497122630576e-06,0.0,2.663161091653876e-07,0.028248596195900068,0.4499291186870509,0.09722834825515747,0.8519697189331055,-0.14117112755775452,0.0,0.8485548496246338,0.103238046169281,0.9057163596153259,0.800000011920929,0.26560473442077637,-0.594298243522644,1.0000000|0.0000000|0.0000000|0.0000000|0.0000000|0.0000000|0.0000000|0.0000000|0.0000000|0.0000000,0,1.0,174.39792578200368,0,0,0,0,0,
cross_town,Town02,mixed,11,15,0.75,189.7357177734375,121.20982360839844,0.22105933725833893,90.07781982421875,7.6293872533980525e-06,500.4354450179987,1.5245497122630576e-06,0.0,2.663161091653876e-07,0.01899021084509522,0.4463161414088498,0.663275957107544,0.4041779637336731,0.37402960658073425,0.0,0.7685548663139343,0.18323804438114166,0.9418461322784424,0.800000011920929,0.3961871266365051,-0.3492085933685303,1.0000000|0.0000000|0.0000000|0.0000000|0.0000000|0.0000000|0.0000000|0.0000000|0.0000000|0.0000000,0,1.0,165.80427558076113,0,0,0,0,0,
cross_town,Town02,mixed,11,16,0.8,189.7357177734375,121.20982360839844,0.22126799821853638,90.07781982421875,7.6293872533980525e-06,500.4354450179987,1.5245497122630576e-06,0.0,2.663161091653876e-07,0.012702014859032785,0.4499916022106755,0.09667593240737915,0.8520968556404114,-0.14078441262245178,0.0,0.8485548496246338,0.103238046169281,0.9050915241241455,0.800000011920929,0.26378077268600464,-0.5941640138626099,1.0000000|0.0000000|0.0000000|0.0000000|0.0000000|0.0000000|0.0000000|0.0000000|0.0000000|0.0000000,0,1.0,149.39172479952873,0,0,0,0,0,
cross_town,Town02,mixed,11,17,0.85,189.7357177734375,121.20982360839844,0.2214072048664093,90.07781982421875,7.6293872533980525e-06,500.4354450179987,1.5245497122630576e-06,0.0,2.663161091653876e-07,0.008461497724738741,0.4459523385051706,0.6597011089324951,0.4040546417236328,0.3792674243450165,0.0,0.7685548663139343,0.18323804438114166,0.9454841613769531,0.800000011920929,0.413301557302475,-0.34412503242492676,1.0000000|0.0000000|0.0000000|0.0000000|0.0000000|0.0000000|0.0000000|0.0000000|0.0000000|0.0000000,0,1.0,139.66834551728218,0,0,0,0,0,
cross_town,Town02,mixed,11,18,0.9,189.7357177734375,121.20982360839844,0.2214072048664093,90.07781982421875,7.6293872533980525e-06,500.4354450179987,1.5245497122630576e-06,0.0,2.663161091653876e-07,0.0,0.4499608402830951,0.09642928838729858,0.8520023822784424,-0.14014078676700592,0.0,0.8485548496246338,0.103238046169281,0.9053991436958313,0.800000011920929,0.2646772563457489,-0.5943899154663086,1.0000000|0.0000000|0.0000000|0.0000000|0.0000000|0.0000000|0.0000000|0.0000000|0.0000000|0.0000000,0,1.0,127.58910454154791,0,0,0,0,0,
cross_town,Town02,mixed,11,19,0.95,189.7357177734375,121.20982360839844,0.22150878608226776,90.07781982421875,7.6293872533980525e-06,500.4354450179987,1.5245497122630576e-06,0.0,2.663161091653876e-07,0.0021932485980803175,0.4456512039294725,0.6567638516426086,0.4039522707462311,0.3835337162017822,0.0,0.7685548663139343,0.18323804438114166,0.9484955072402954,0.800000011920929,0.4283018112182617,-0.33996450901031494,1.0000000|0.0000000|0.0000000|0.0000000|0.0000000|0.0000000|0.0000000|0.0000000|0.0000000|0.0000000,0,1.0,120.32148506005697,0,0,0,0,0,
cross_town,Town02,mixed,11,20,1.0,189.7357177734375,121.20982360839844,0.22154197096824646,90.07781982421875,7.6293872533980525e-06,500.4354450179987,1.5245497122630576e-06,0.0,2.663161091653876e-07,0.002425506525407225,0.44995150619658675,0.09628269076347351,0.8519461154937744,-0.13975630700588226,0.0,0.8485548496246338,0.103238046169281,0.9054924845695496,0.800000011920929,0.26494985818862915,-0.5945239067077637,1.0000000|0.0000000|0.0000000|0.0000000|0.0000000|0.0000000|0.0000000|0.0000000|0.0000000|0.0000000,0,1.0,109.85236696328863,0,0,0,0,0,
cross_town,Town02,mixed,11,21,1.05,189.7357177734375,121.20982360839844,0.22157393395900726,90.07781982421875,7.6293872533980525e-06,500.4354450179987,1.5245497122630576e-06,0.0,2.663161091653876e-07,0.0021826400427348456,0.44570900851393946,0.6573261618614197,0.40397191047668457,0.38271966576576233,0.0,0.7685548663139343,0.18323804438114166,0.9479174613952637,0.800000011920929,0.4253595471382141,-0.3407599925994873,1.0000000|0.0000000|0.0000000|0.0000000|0.0000000|0.0000000|0.0000000|0.0000000|0.0000000|0.0000000,0,1.0,101.71297448799942,0,0,0,0,0,
cross_town,Town02,mixed,11,22,1.1,189.7357177734375,121.20982360839844,0.22160102427005768,90.07781982421875,7.6293872533980525e-06,500.4354450179987,1.5245497122630576e-06,0.0,2.663161091653876e-07,0.0017828750197011489,0.4499514227499981,0.09628236293792725,0.8519460558891296,-0.13975557684898376,0.0,0.8485548496246338,0.103238046169281,0.9054933190345764,0.800000011920929,0.26495224237442017,-0.5945239067077637,1.0000000|0.0000000|0.0000000|0.0000000|0.0000000|0.0000000|0.0000000|0.0000000|0.0000000|0.0000000,0,1.0,95.3449303960516,0,0,0,0,0,
cross_town,Town02,mixed,11,23,1.15,189.7357177734375,121.20982360839844,0.22162239253520966,90.07781982421875,7.6293872533980525e-06,500.4354450179987,1.5245497122630576e-06,0.0,2.663161091653876e-07,0.0013764495379596966,0.44569383913167365,0.657176673412323,0.403967022895813,0.38293561339378357,0.0,0.7685548663139343,0.18323804438114166,0.948069155216217,0.800000011920929,0.42612844705581665,-0.3405485153198242,1.0000000|0.0000000|0.0000000|0.0000000|0.0000000|0.0000000|0.0000000|0.0000000|0.0000000|0.0000000,0,1.0,90.02435352393285,0,0,0,0,0,
cross_town,Town02,mixed,11,24,1.2,189.7357177734375,121.20982360839844,0.2216385155916214,90.07781982421875,7.6293872533980525e-06,500.4354450179987,1.5245497122630576e-06,0.0,2.663161091653876e-07,0.0010275993367315005,0.4499502664197393,0.09626352787017822,0.8519388437271118,-0.13970641791820526,0.0,0.8485548496246338,0.103238046169281,0.9055048823356628,0.800000011920929,0.26498597860336304,-0.5945413112640381,1.0000000|0.0000000|0.0000000|0.0000000|0.0000000|0.0000000|0.0000000|0.0000000|0.0000000|0.0000000,0,1.0,85.41683271149118,0,0,0,0,0,
cross_town,Town02,mixed,11,25,1.25,189.7357177734375,121.20982360839844,0.22165034711360931,90.07781982421875,7.6293872533980525e-06,500.4354450179987,1.5245497122630576e-06,0.0,2.663161091653876e-07,0.000745765739999734,0.44567595177789937,0.6570021510124207,0.40396061539649963,0.38318878412246704,0.0,0.7685548663139343,0.18323804438114166,0.948248028755188,0.800000011920929,0.4270383417606354,-0.34030139446258545,1.0000000|0.0000000|0.0000000|0.0000000|0.0000000|0.0000000|0.0000000|0.0000000|0.0000000|0.0000000,0,1.0,81.34548617189844,0,0,0,0,0,
cross_town,Town02,mixed,11,26,1.3,189.7357177734375,121.20982360839844,0.221658855676651,90.07781982421875,7.6293872533980525e-06,500.4354450179987,1.5245497122630576e-06,0.0,2.663161091653876e-07,0.0005343818533733226,0.4499492829429894,0.0962488055229187,0.8519331812858582,-0.13966785371303558,0.0,0.8485548496246338,0.103238046169281,0.9055147171020508,0.800000011920929,0.26501476764678955,-0.5945543050765991,1.0000000|0.0000000|0.0000000|0.0000000|0.0000000|0.0000000|0.0000000|0.0000000|0.0000000|0.0000000,0,1.0,77.69888008255539,0,0,0,0,0,
cross_town,Town02,mixed,11,27,1.35,189.7357177734375,121.20982360839844,0.22166132926940918,90.07781982421875,7.6293872533980525e-06,500.4354450179987,1.5245497122630576e-06,0.0,2.663161091653876e-07,0.00016664888797548728,0.4456639950863079,0.6568878889083862,0.40395689010620117,0.38335445523262024,0.0,0.7685548663139343,0.18323804438114166,0.9483675956726074,0.800000011920929,0.42764797806739807,-0.34013986587524414,1.0000000|0.0000000|0.0000000|0.0000000|0.0000000|0.0000000|0.0000000|0.0000000|0.0000000|0.0000000,0,1.0,74.40426332699974,0,0,0,0,0,
cross_town,Town02,mixed,11,28,1.4,189.7357177734375,121.20982360839844,0.2216641902923584,90.07781982421875,7.6293872533980525e-06,500.4354450179987,1.5245497122630576e-06,0.0,2.663161091653876e-07,0.00022106551929835613,0.4499483531105887,0.09623527526855469,0.8519278168678284,-0.13963204622268677,0.0,0.8485548496246338,0.103238046169281,0.9055240154266357,0.800000011920929,0.26504212617874146,-0.5945665836334229,1.0000000|0.0000000|0.0000000|0.0000000|0.0000000|0.0000000|0.0000000|0.0000000|0.0000000|0.0000000,0,1.0,71.4054975124844,0,0,0,0,0,
cross_town,Town02,mixed,11,29,1.45,189.7357177734375,121.20982360839844,0.22166724503040314,90.07781982421875,7.6293872533980525e-06,500.4354450179987,1.5245497122630576e-06,0.0,2.663161091653876e-07,0.00021361540865863274,0.4456566219917187,0.6568154096603394,0.4039542078971863,0.3834591507911682,0.0,0.7685548663139343,0.18323804438114166,0.9484413266181946,0.800000011920929,0.4280250072479248,-0.34003734588623047,1.0000000|0.0000000|0.0000000|0.0000000|0.0000000|0.0000000|0.0000000|0.0000000|0.0000000|0.0000000,0,1.0,68.66141670069308,0,0,0,0,0,
cross_town,Town02,mixed,11,30,1.5,189.7357177734375,121.20982360839844,0.22166995704174042,90.07781982421875,7.6293872533980525e-06,500.4354450179987,1.5245497122630576e-06,0.0,2.663161091653876e-07,0.00017945481300260554,0.449948412715541,0.0962364673614502,0.8519282937049866,-0.1396346241235733,0.0,0.8485548496246338,0.103238046169281,0.905523419380188,0.800000011920929,0.26504048705101013,-0.5945658683776855,1.0000000|0.0000000|0.0000000|0.0000000|0.0000000|0.0000000|0.0000000|0.0000000|0.0000000|0.0000000,0,1.0,66.135584031777,0,0,0,0,0,
cross_town,Town02,mixed,11,31,1.55,189.7357177734375,121.20982360839844,0.22167213261127472,90.07781982421875,7.6293872533980525e-06,500.4354450179987,1.5245497122630576e-06,0.0,2.663161091653876e-07,0.00014192963558561282,0.44565554910813077,0.6568055748939514,0.40395382046699524,0.38347363471984863,0.0,0.7685548663139343,0.18323804438114166,0.9484520554542542,0.800000011920929,0.42807990312576294,-0.340023398399353,1.0000000|0.0000000|0.0000000|0.0000000|0.0000000|0.0000000|0.0000000|0.0000000|0.0000000|0.0000000,0,1.0,63.80261022166175,0,0,0,0,0,
cross_town,Town02,mixed,11,32,1.6,189.7357177734375,121.20982360839844,0.22167380154132843,90.07781982421875,7.6293872533980525e-06,500.4354450179987,1.5245497122630576e-06,0.0,2.663161091653876e-07,0.00010821564895564541,0.4499482756246905,0.09623473882675171,0.8519277572631836,-0.13963082432746887,0.0,0.8485548496246338,0.103238046169281,0.9055247902870178,0.800000011920929,0.265044242143631,-0.5945675373077393,1.0000000|0.0000000|0.0000000|0.0000000|0.0000000|0.0000000|0.0000000|0.0000000|0.0000000|0.0000000,0,1.0,61.63779022923412,0,0,0,0,0,
cross_town,Town02,mixed,11,33,1.65,189.7357177734375,121.20982360839844,0.2216750681400299,90.07781982421875,7.6293872533980525e-06,500.4354450179987,1.5245497122630576e-06,0.0,2.663161091653876e-07,7.889565967252408e-05,0.4456539099790971,0.6567891240119934,0.4039531350135803,0.3834971487522125,0.0,0.7685548663139343,0.18323804438114166,0.9484684467315674,0.800000011920929,0.4281635284423828,-0.3400003910064697,1.0000000|0.0000000|0.0000000|0.0000000|0.0000000|0.0000000|0.0000000|0.0000000|0.0000000|0.0000000,0,1.0,59.623289215616225,0,0,0,0,0,
cross_town,Town02,mixed,11,34,1.7,189.7357177734375,121.20982360839844,0.2216750681400299,90.07781982421875,7.6293872533980525e-06,500.4354450179987,1.5245497122630576e-06,0.0,2.663161091653876e-07,5.726623688951742e-05,0.4499482458216325,0.09623318910598755,0.8519272208213806,-0.13962657749652863,0.0,0.8485548496246338,0.103238046169281,0.9055250883102417,0.800000011920929,0.265045166015625,-0.5945688486099243,1.0000000|0.0000000|0.0000000|0.0000000|0.0000000|0.0000000|0.0000000|0.0000000|0.0000000|0.0000000,0,1.0,57.74335567682989,0,0,0,0,0,
cross_town,Town02,mixed,11,35,1.75,189.7357177734375,121.20982360839844,0.22167640924453735,90.07781982421875,7.6293872533980525e-06,500.4354450179987,1.5245497122630576e-06,0.0,2.663161091653876e-07,1.0540008324781008e-05,0.44565262252004034,0.6567772626876831,0.4039529860019684,0.38351431488990784,0.0,0.7685548663139343,0.18323804438114166,0.9484813213348389,0.800000011920929,0.4282296299934387,-0.33998429775238037,1.0000000|0.0000000|0.0000000|0.0000000|0.0000000|0.0000000|0.0000000|0.0000000|0.0000000|0.0000000,0,1.0,55.98238951743286,0,0,0,0,0,
cross_town,Town02,mixed,11,36,1.8,189.7357177734375,121.20982360839844,0.22167640924453735,90.07781982421875,7.6293872533980525e-06,500.4354450179987,1.5245497122630576e-06,0.0,2.663161091653876e-07,2.1080726090118895e-05,0.44994813853407833,0.09623166918754578,0.8519265055656433,-0.13962239027023315,0.0,0.8485548496246338,0.103238046169281,0.9055261611938477,0.800000011920929,0.26504820585250854,-0.5945700407028198,1.0000000|0.0000000|0.0000000|0.0000000|0.0000000|0.0000000|0.0000000|0.0000000|0.0000000|0.0000000,0,1.0,54.33065977571629,0,0,0,0,0,
cross_town,Town02,mixed,11,37,1.85,189.7357177734375,121.20982360839844,0.22167640924453735,90.07781982421875,7.6293872533980525e-06,500.4354450179987,1.5245497122630576e-06,0.0,2.663161091653876e-07,2.042841306975965e-05,0.44565178209448075,0.6567689180374146,0.40395253896713257,0.3835262954235077,0.0,0.7685548663139343,0.18323804438114166,0.9484897255897522,0.800000011920929,0.428272545337677,-0.3399714231491089,1.0000000|0.0000000|0.0000000|0.0000000|0.0000000|0.0000000|0.0000000|0.0000000|0.0000000|0.0000000,0,1.0,52.77744113041418,0,0,0,0,0,
cross_town,Town02,mixed,11,38,1.9,189.7357177734375,121.20982360839844,0.22167640924453735,90.07781982421875,7.6293872533980525e-06,500.4354450179987,1.5245497122630576e-06,0.0,2.663161091653876e-07,1.9088773232049357e-05,0.44994812661318706,0.0962318480014801,0.8519265055656433,-0.13962322473526,0.0,0.8485548496246338,0.103238046169281,0.9055262804031372,0.800000011920929,0.26504868268966675,-0.5945706367492676,1.0000000|0.0000000|0.0000000|0.0000000|0.0000000|0.0000000|0.0000000|0.0000000|0.0000000|0.0000000,0,1.0,51.31492729941087,0,0,0,0,0,
cross_town,Town02,mixed,11,39,1.95,189.7357177734375,121.20982360839844,0.22167640924453735,90.07781982421875,7.6293872533980525e-06,500.4354450179987,1.5245497122630576e-06,0.0,2.663161091653876e-07,1.8402152976086094e-05,0.44565172845033063,0.6567683219909668,0.40395253896713257,0.38352659344673157,0.0,0.7685548663139343,0.18323804438114166,0.9484902620315552,0.800000011920929,0.42827534675598145,-0.33997106552124023,1.0000000|0.0000000|0.0000000|0.0000000|0.0000000|0.0000000|0.0000000|0.0000000|0.0000000|0.0000000,0,1.0,49.93428614069547,0,0,0,0,0,
cross_town,Town02,mixed,11,40,2.0,189.7357177734375,121.20982360839844,0.22167754173278809,90.07781982421875,7.6293872533980525e-06,500.4354450179987,1.5245497122630576e-06,0.0,2.663161091653876e-07,1.4522844260447344e-05,0.44994811469232243,0.09623178839683533,0.8519266843795776,-0.13962320983409882,0.0,0.8485548496246338,0.103238046169281,0.9055263996124268,0.800000011920929,0.26504895091056824,-0.5945696830749512,1.0000000|0.0000000|0.0000000|0.0000000|0.0000000|0.0000000|0.0000000|0.0000000|0.0000000|0.0000000,0,1.0,48.63144763127145,0,0,0,0,0,
cross_town,Town02,mixed,11,41,2.05,189.7357177734375,121.20982360839844,0.22167754173278809,90.07781982421875,7.6293872533980525e-06,500.4354450179987,1.5245497122630576e-06,0.0,2.663161091653876e-07,7.587659640970462e-06,0.4456515138735492,0.6567674279212952,0.40395259857177734,0.3835285007953644,0.0,0.7685548663139343,0.18323804438114166,0.9484924077987671,0.800000011920929,0.42828601598739624,-0.3399696350097656,1.0000000|0.0000000|0.0000000|0.0000000|0.0000000|0.0000000|0.0000000|0.0000000|0.0000000|0.0000000,0,1.0,47.404322125216964,0,0,0,0,0,
cross_town,Town02,mixed,11,42,2.1,189.7357177734375,121.20982360839844,0.22167754173278809,90.07781982421875,7.6293872533980525e-06,500.4354450179987,1.5245497122630576e-06,0.0,2.663161091653876e-07,6.4900797062141644e-06,0.4499480372058698,0.09623157978057861,0.8519265055656433,-0.13962222635746002,0.0,0.8485548496246338,0.103238046169281,0.9055271744728088,0.800000011920929,0.26505106687545776,-0.5945699214935303,1.0000000|0.0000000|0.0000000|0.0000000|0.0000000|0.0000000|0.0000000|0.0000000|0.0000000|0.0000000,0,1.0,46.246239096503366,0,0,0,0,0,
cross_town,Town02,mixed,11,43,2.15,189.7357177734375,121.20982360839844,0.22167754173278809,90.07781982421875,7.6293872533980525e-06,500.4354450179987,1.5245497122630576e-06,0.0,2.663161091653876e-07,7.244127367034956e-06,0.4456513767826734,0.6567656993865967,0.40395233035087585,0.3835311233997345,0.0,0.7685548663139343,0.18323804438114166,0.9484937787055969,0.800000011920929,0.4282933175563812,-0.33996689319610596,1.0000000|0.0000000|0.0000000|0.0000000|0.0000000|0.0000000|0.0000000|0.0000000|0.0000000|0.0000000,0,1.0,45.1532062970709,0,0,0,0,0,
cross_town,Town02,mixed,11,44,2.2,189.7357177734375,121.20982360839844,0.22167754173278809,90.07781982421875,7.6293872533980525e-06,500.4354450179987,1.5245497122630576e-06,0.0,2.663161091653876e-07,1.922609322963704e-06,0.4499480372062501,0.09623152017593384,0.8519264459609985,-0.13962246477603912,0.0,0.8485548496246338,0.103238046169281,0.9055271744728088,0.800000011920929,0.26505106687545776,-0.5945703983306885,1.0000000|0.0000000|0.0000000|0.0000000|0.0000000|0.0000000|0.0000000|0.0000000|0.0000000|0.0000000,0,1.0,44.119646683703536,0,0,0,0,0,
cross_town,Town02,mixed,11,45,2.25,189.7357177734375,121.20982360839844,0.22167754173278809,90.07781982421875,7.6293872533980525e-06,500.4354450179987,1.5245497122630576e-06,0.0,2.663161091653876e-07,4.325870898053741e-06,0.44565133505975774,0.6567643880844116,0.403952419757843,0.383532851934433,0.0,0.7685548663139343,0.18323804438114166,0.9484941959381104,0.800000011920929,0.4282956123352051,-0.33996570110321045,1.0000000|0.0000000|0.0000000|0.0000000|0.0000000|0.0000000|0.0000000|0.0000000|0.0000000|0.0000000,0,1.0,43.14185433602792,0,0,0,0,0,
cross_town,Town02,mixed,11,46,2.3,189.7357177734375,121.20982360839844,0.22167754173278809,90.07781982421875,7.6293872533980525e-06,500.4354450179987,1.5245497122630576e-06,0.0,2.663161091653876e-07,6.729127777455648e-06,0.44994797164117944,0.09623152017593384,0.8519265055656433,-0.1396222561597824,0.0,0.8485548496246338,0.103238046169281,0.9055278301239014,0.800000011920929,0.26505306363105774,-0.594570517539978,1.0000000|0.0000000|0.0000000|0.0000000|0.0000000|0.0000000|0.0000000|0.0000000|0.0000000|0.0000000,0,1.0,42.21535568706976,0,0,0,0,0,
cross_town,Town02,mixed,11,47,2.35,189.7357177734375,121.20982360839844,0.22167754173278809,90.07781982421875,7.6293872533980525e-06,500.4354450179987,1.5245497122630576e-06,0.0,2.663161091653876e-07,5.9738175992454476e-06,0.4456513767830099,0.6567656397819519,0.4039524793624878,0.38353100419044495,0.0,0.7685548663139343,0.18323804438114166,0.9484937787055969,0.800000011920929,0.4282931387424469,-0.33996689319610596,1.0000000|0.0000000|0.0000000|0.0000000|0.0000000|0.0000000|0.0000000|0.0000000|0.0000000|0.0000000,0,1.0,41.33807162875212,0,0,0,0,0,
cross_town,Town02,mixed,11,48,2.4,189.7357177734375,121.20982360839844,0.22167754173278809,90.07781982421875,7.6293872533980525e-06,500.4354450179987,1.5245497122630576e-06,0.0,2.663161091653876e-07,3.3650743144933505e-06,0.44994809681091885,0.09623152017593384,0.8519265651702881,-0.1396222710609436,0.0,0.8485548496246338,0.103238046169281,0.9055265784263611,0.800000011920929,0.26504945755004883,-0.5945703983306885,1.0000000|0.0000000|0.0000000|0.0000000|0.0000000|0.0000000|0.0000000|0.0000000|0.0000000|0.0000000,0,1.0,40.50209154814294,0,0,0,0,0,
cross_town,Town02,mixed,11,49,2.45,189.7357177734375,121.20982360839844,0.22167754173278809,90.07781982421875,7.6293872533980525e-06,500.4354450179987,1.5245497122630576e-06,0.0,2.663161091653876e-07,4.503459624204657e-06,0.44565129333638653,0.6567651033401489,0.40395238995552063,0.38353195786476135,0.0,0.7685548663139343,0.18323804438114166,0.9484946131706238,0.800000011920929,0.4282974302768707,-0.3399660587310791,1.0000000|0.0000000|0.0000000|0.0000000|0.0000000|0.0000000|0.0000000|0.0000000|0.0000000|0.0000000,0,1.0,39.70829972723393,0,0,0,0,0,
cross_town,Town02,mixed,11,50,2.5,189.7357177734375,121.20982360839844,0.22167754173278809,90.07781982421875,7.6293872533980525e-06,500.4354450179987,1.5245497122630576e-06,0.0,2.663161091653876e-07,5.635195940986449e-06,0.4499480074038199,0.09623152017593384,0.8519264459609985,-0.13962222635746002,0.0,0.8485548496246338,0.103238046169281,0.9055274724960327,0.800000011920929,0.2650521695613861,-0.5945702791213989,1.0000000|0.0000000|0.0000000|0.0000000|0.0000000|0.0000000|0.0000000|0.0000000|0.0000000|0.0000000,0,1.0,38.953538301547546,0,0,0,0,0,
cross_town,Town02,mixed,11,51,2.55,189.7357177734375,121.20982360839844,0.22167754173278809,90.07781982421875,7.6293872533980525e-06,500.4354450179987,1.5245497122630576e-06,0.0,2.663161091653876e-07,3.991270945853384e-06,0.4456513529411475,0.656765341758728,0.4039527177810669,0.3835318088531494,0.0,0.7685548663139343,0.18323804438114166,0.948494017124176,0.800000011920929,0.42829418182373047,-0.3399667739868164,1.0000000|0.0000000|0.0000000|0.0000000|0.0000000|0.0000000|0.0000000|0.0000000|0.0000000|0.0000000,0,1.0,38.509738885080075,0,0,0,0,0,
cross_town,Town02,mixed,11,52,2.6,189.7357177734375,121.20982360839844,0.22167754173278809,90.07781982421875,7.6293872533980525e-06,500.4354450179987,1.5245497122630576e-06,0.0,2.663161091653876e-07,2.0600283270649763e-07,0.44994816833618273,0.09623149037361145,0.8519264459609985,-0.1396222710609436,0.0,0.8485548496246338,0.103238046169281,0.9055258631706238,0.800000011920929,0.265047550201416,-0.5945706367492676,1.0000000|0.0000000|0.0000000|0.0000000|0.0000000|0.0000000|0.0000000|0.0000000|0.0000000|0.0000000,0,1.0,37.79539668978728,0,0,0,0,0,
cross_town,Town02,mixed,11,53,2.65,189.7357177734375,121.20982360839844,0.22167754173278809,90.07781982421875,7.6293872533980525e-06,500.4354450179987,1.5245497122630576e-06,0.0,2.663161091653876e-07,7.553204585308703e-07,0.4456511860478891,0.6567637920379639,0.40395233035087585,0.3835338056087494,0.0,0.7685548663139343,0.18323804438114166,0.9484956860542297,0.800000011920929,0.4283028244972229,-0.3399646282196045,1.0000000|0.0000000|0.0000000|0.0000000|0.0000000|0.0000000|0.0000000|0.0000000|0.0000000|0.0000000,0,1.0,37.13136552661319,0,0,0,0,0,
cross_town,Town02,mixed,11,54,2.7,189.7357177734375,121.20982360839844,0.22167754173278809,90.07781982421875,7.6293872533980525e-06,500.4354450179987,1.5245497122630576e-06,0.0,2.663161091653876e-07,1.3389631463792602e-06,0.4499480491272174,0.09623140096664429,0.8519264459609985,-0.13962221145629883,0.0,0.8485548496246338,0.103238046169281,0.9055270552635193,0.800000011920929,0.26505082845687866,-0.5945703983306885,1.0000000|0.0000000|0.0000000|0.0000000|0.0000000|0.0000000|0.0000000|0.0000000|0.0000000|0.0000000,0,1.0,36.501483631167034,0,0,0,0,0,
cross_town,Town02,mixed,11,55,2.75,189.7357177734375,121.20982360839844,0.22167754173278809,90.07781982421875,7.6293872533980525e-06,500.4354450179987,1.5245497122630576e-06,0.0,2.663161091653876e-07,1.8882921533488215e-06,0.4456512694946493,0.6567642092704773,0.40395236015319824,0.3835330009460449,0.0,0.7685548663139343,0.18323804438114166,0.9484948515892029,0.800000011920929,0.42829838395118713,-0.33996474742889404,1.0000000|0.0000000|0.0000000|0.0000000|0.0000000|0.0000000|0.0000000|0.0000000|0.0000000|0.0000000,0,1.0,35.898672670750706,0,0,0,0,0,
cross_town,Town02,mixed,11,56,2.8,189.7357177734375,121.20982360839844,0.22167754173278809,90.07781982421875,7.6293872533980525e-06,500.4354450179987,1.5245497122630576e-06,0.0,2.663161091653876e-07,2.4719299420860657e-06,0.44994807892953986,0.09623143076896667,0.8519265055656433,-0.13962218165397644,0.0,0.8485548496246338,0.103238046169281,0.9055267572402954,0.800000011920929,0.26505014300346375,-0.5945702791213989,1.0000000|0.0000000|0.0000000|0.0000000|0.0000000|0.0000000|0.0000000|0.0000000|0.0000000|0.0000000,0,1.0,35.32058266270791,0,0,0,0,0,
cross_town,Town02,mixed,11,57,2.85,189.7357177734375,121.20982360839844,0.22167754173278809,90.07781982421875,7.6293872533980525e-06,500.4354450179987,1.5245497122630576e-06,0.0,2.663161091653876e-07,3.023588916747049e-06,0.4456512933364509,0.6567645072937012,0.4039522409439087,0.3835325539112091,0.0,0.7685548663139343,0.18323804438114166,0.9484946131706238,0.800000011920929,0.42829766869544983,-0.33996570110321045,1.0000000|0.0000000|0.0000000|0.0000000|0.0000000|0.0000000|0.0000000|0.0000000|0.0000000|0.0000000,0,1.0,34.76569911923026,0,0,0,0,0,
cross_town,Town02,mixed,11,58,2.9,189.7357177734375,121.20982360839844,0.22167754173278809,90.07781982421875,7.6293872533980525e-06,500.4354450179987,1.5245497122630576e-06,0.0,2.663161091653876e-07,3.5705571258645906e-06,0.44994813853397136,0.09623143076896667,0.8519265651702881,-0.13962209224700928,0.0,0.8485548496246338,0.103238046169281,0.9055261611938477,0.800000011920929,0.2650483250617981,-0.5945700407028198,1.0000000|0.0000000|0.0000000|0.0000000|0.0000000|0.0000000|0.0000000|0.0000000|0.0000000|0.0000000,0,1.0,34.23245476567257,0,0,0,0,0,
cross_town,Town02,mixed,11,59,2.95,189.7357177734375,121.20982360839844,0.22167754173278809,90.07781982421875,7.6293872533980525e-06,500.4354450179987,1.5245497122630576e-06,0.0,2.663161091653876e-07,4.119872858995563e-06,0.44565133505970317,0.6567651033401489,0.40395238995552063,0.3835318386554718,0.0,0.7685548663139343,0.18323804438114166,0.9484941959381104,0.800000011920929,0.4282956123352051,-0.33996593952178955,1.0000000|0.0000000|0.0000000|0.0000000|0.0000000|0.0000000|0.0000000|0.0000000|0.0000000|0.0000000,0,1.0,33.72055953427145,0,0,0,0,0,
cross_town,Town02,mixed,11,60,3.0,189.7357177734375,121.20982360839844,0.22167754173278809,90.07781982421875,7.6293872533980525e-06,500.4354450179987,1.5245497122630576e-06,0.0,2.663161091653876e-07,0.0,0.4499480491272177,0.09623152017593384,0.851926326751709,-0.13962224125862122,0.0,0.8485548496246338,0.103238046169281,0.9055270552635193,0.800000011920929,0.2650509476661682,-0.5945703983306885,1.0000000|0.0000000|0.0000000|0.0000000|0.0000000|0.0000000|0.0000000|0.0000000|0.0000000|0.0000000,0,1.0,33.22666425967153,0,0,0,0,0,
cross_town,Town02,mixed,11,61,3.05,189.7357177734375,121.20982360839844,0.22167754173278809,90.07781982421875,7.6293872533980525e-06,500.4354450179987,1.5245497122630576e-06,0.0,2.663161091653876e-07,6.179818754622323e-07,0.44565120392954016,0.6567638516426086,0.4039522707462311,0.3835337162017822,0.0,0.7685548663139343,0.18323804438114166,0.9484955072402954,0.800000011920929,0.4283018112182617,-0.33996450901031494,1.0000000|0.0000000|0.0000000|0.0000000|0.0000000|0.0000000|0.0000000|0.0000000|0.0000000|0.0000000,0,1.0,32.75266975408539,0,0,0,0,0,
cross_town,Town02,mixed,11,62,3.1,189.7357177734375,121.20982360839844,0.22167754173278809,90.07781982421875,7.6293872533980525e-06,500.4354450179987,1.5245497122630576e-06,0.0,2.663161091653876e-07,1.1673009952048705e-06,0.449947989522573,0.09623146057128906,0.851926326751709,-0.1396220475435257,0.0,0.8485548496246338,0.103238046169281,0.905527651309967,0.800000011920929,0.26505279541015625,-0.594570517539978,1.0000000|0.0000000|0.0000000|0.0000000|0.0000000|0.0000000|0.0000000|0.0000000|0.0000000|0.0000000,0,1.0,32.29609709858379,0,0,0,0,0,
cross_town,Town02,mixed,11,63,3.15,189.7357177734375,121.20982360839844,0.22167754173278809,90.07781982421875,7.6293872533980525e-06,500.4354450179987,1.5245497122630576e-06,0.0,2.663161091653876e-07,1.8196112313430775e-06,0.4456512694946493,0.6567642092704773,0.4039521813392639,0.3835330307483673,0.0,0.7685548663139343,0.18323804438114166,0.9484948515892029,0.800000011920929,0.42829862236976624,-0.33996498584747314,1.0000000|0.0000000|0.0000000|0.0000000|0.0000000|0.0000000|0.0000000|0.0000000|0.0000000|0.0000000,0,1.0,31.855218996189723,0,0,0,0,0,
cross_town,Town02,mixed,11,64,3.2,189.7357177734375,121.20982360839844,0.22167754173278809,90.07781982421875,7.6293872533980525e-06,500.4354450179987,1.5245497122630576e-06,0.0,2.663161091653876e-07,2.403260422071652e-06,0.44994810873186236,0.09623143076896667,0.8519265055656433,-0.13962218165397644,0.0,0.8485548496246338,0.103238046169281,0.9055264592170715,0.800000011920929,0.26504915952682495,-0.5945702791213989,1.0000000|0.0000000|0.0000000|0.0000000|0.0000000|0.0000000|0.0000000|0.0000000|0.0000000|0.0000000,0,1.0,31.43083985303678,0,0,0,0,0,
cross_town,Town02,mixed,11,65,3.25,189.7357177734375,121.20982360839844,0.22167754173278809,90.07781982421875,7.6293872533980525e-06,500.4354450179987,1.5245497122630576e-06,0.0,2.663161091653876e-07,2.9869087651200018e-06,0.44565129929697167,0.6567645072937012,0.4039522409439087,0.3835325539112091,0.0,0.7685548663139343,0.18323804438114166,0.948494553565979,0.800000011920929,0.428297221660614,-0.33996570110321045,1.0000000|0.0000000|0.0000000|0.0000000|0.0000000|0.0000000|0.0000000|0.0000000|0.0000000|0.0000000,0,1.0,30.103325087119316,0,0,0,0,0,
cross_town,Town02,mixed,11,66,3.3,189.7357177734375,121.20982360839844,0.22167754173278809,90.07781982421875,7.6293872533980525e-06,500.4354450179987,1.5245497122630576e-06,0.0,2.663161091653876e-07,3.673553835480487e-06,0.44994810873186253,0.09623143076896667,0.8519265651702881,-0.13962209224700928,0.0,0.8485548496246338,0.103238046169281,0.9055264592170715,0.800000011920929,0.26504912972450256,-0.5945700407028198,1.0000000|0.0000000|0.0000000|0.0000000|0.0000000|0.0000000|0.0000000|0.0000000|0.0000000|0.0000000,0,1.0,29.526358266597878,0,0,0,0,0,
cross_town,Town02,mixed,11,67,3.35,189.7357177734375,121.20982360839844,0.22167754173278809,90.07781982421875,7.6293872533980525e-06,500.4354450179987,1.5245497122630576e-06,0.0,2.663161091653876e-07,4.257203906501243e-06,0.4456513469806876,0.6567651033401489,0.40395238995552063,0.3835318386554718,0.0,0.7685548663139343,0.18323804438114166,0.9484940767288208,0.800000011920929,0.42829498648643494,-0.33996593952178955,1.0000000|0.0000000|0.0000000|0.0000000|0.0000000|0.0000000|0.0000000|0.0000000|0.0000000|0.0000000,0,1.0,28.169508055556292,0,0,0,0,0,
cross_town,Town02,mixed,11,68,3.4,189.7357177734375,121.20982360839844,0.22167754173278809,90.07781982421875,7.6293872533980525e-06,500.4354450179987,1.5245497122630576e-06,0.0,2.663161091653876e-07,4.8065185498316524e-06,0.4499480193248952,0.09623152017593384,0.8519265055656433,-0.1396222561597824,0.0,0.8485548496246338,0.103238046169281,0.9055273532867432,0.800000011920929,0.2650517523288727,-0.594570517539978,1.0000000|0.0000000|0.0000000|0.0000000|0.0000000|0.0000000|0.0000000|0.0000000|0.0000000|0.0000000,0,1.0,27.79701099049606,0,0,0,0,0,
cross_town,Town02,mixed,11,69,3.45,189.7357177734375,121.20982360839844,0.22167754173278809,90.07781982421875,7.6293872533980525e-06,500.4354450179987,1.5245497122630576e-06,0.0,2.663161091653876e-07,3.4337298767562595e-07,0.44565129333650705,0.6567649841308594,0.4039522409439087,0.38353198766708374,0.0,0.7685548663139343,0.18323804438114166,0.9484946131706238,0.800000011920929,0.4282976984977722,-0.3399658203125,1.0000000|0.0000000|0.0000000|0.0000000|0.0000000|0.0000000|0.0000000|0.0000000|0.0000000|0.0000000,0,1.0,27.09918321000293,0,0,0,0,0,
cross_town,Town02,mixed,11,70,3.5,189.7357177734375,121.20982360839844,0.22167754173278809,90.07781982421875,7.6293872533980525e-06,500.4354450179987,1.5245497122630576e-06,0.0,2.663161091653876e-07,8.926581172920698e-07,0.4499480848900044,0.09623140096664429,0.851926326751709,-0.1396220475435257,0.0,0.8485548496246338,0.103238046169281,0.9055266976356506,0.800000011920929,0.26504993438720703,-0.594570517539978,1.0000000|0.0000000|0.0000000|0.0000000|0.0000000|0.0000000|0.0000000|0.0000000|0.0000000|0.0000000,0,1.0,26.770024698789044,0,0,0,0,0,
cross_town,Town02,mixed,11,71,3.55,189.7357177734375,121.20982360839844,0.22167754173278809,90.07781982421875,7.6293872533980525e-06,500.4354450179987,1.5245497122630576e-06,0.0,2.663161091653876e-07,1.956832979906566e-07,0.4456512814154773,0.6567640900611877,0.40395233035087585,0.38353297114372253,0.0,0.7685548663139343,0.18323804438114166,0.9484947323799133,0.800000011920929,0.42829814553260803,-0.3399651050567627,1.0000000|0.0000000|0.0000000|0.0000000|0.0000000|0.0000000|0.0000000|0.0000000|0.0000000|0.0000000,0,1.0,26.245625746035753,0,0,0,0,0,
cross_town,Town02,mixed,11,72,3.6,189.7357177734375,121.20982360839844,0.22167754173278809,90.07781982421875,7.6293872533980525e-06,500.4354450179987,1.5245497122630576e-06,0.0,2.663161091653876e-07,1.9569551166646497e-06,0.44994807892911126,0.09623140096664429,0.851926326751709,-0.13962164521217346,0.0,0.8485548496246338,0.103238046169281,0.9055267572402954,0.800000011920929,0.26505008339881897,-0.594570517539978,1.0000000|0.0000000|0.0000000|0.0000000|0.0000000|0.0000000|0.0000000|0.0000000|0.0000000|0.0000000,0,1.0,26.101788276618073,0,0,0,0,0,
cross_town,Town02,mixed,11,73,3.65,189.7357177734375,121.20982360839844,0.22167754173278809,90.07781982421875,7.6293872533980525e-06,500.4354450179987,1.5245497122630576e-06,0.0,2.663161091653876e-07,9.75444004349242e-07,0.44565134698025255,0.6567643880844116,0.4039521813392639,0.3835328221321106,0.0,0.7685548663139343,0.18323804438114166,0.9484940767288208,0.800000011920929,0.42829474806785583,-0.33996570110321045,1.0000000|0.0000000|0.0000000|0.0000000|0.0000000|0.0000000|0.0000000|0.0000000|0.0000000|0.0000000,0,1.0,25.6648583096494,0,0,0,0,0,
cross_town,Town02,mixed,11,74,3.7,189.7357177734375,121.20982360839844,0.22167754173278809,90.07781982421875,7.6293872533980525e-06,500.4354450179987,1.5245497122630576e-06,0.0,2.663161091653876e-07,3.021249481866572e-06,0.4499480074035386,0.09623146057128906,0.851926326751709,-0.1396220326423645,0.0,0.8485548496246338,0.103238046169281,0.9055274724960327,0.800000011920929,0.2650519907474518,-0.594570517539978,1.0000000|0.0000000|0.0000000|0.0000000|0.0000000|0.0000000|0.0000000|0.0000000|0.0000000|0.0000000,0,1.0,25.72147334614168,0,0,0,0,0,
cross_town,Town02,mixed,11,75,3.75,189.7357177734375,121.20982360839844,0.22167754173278809,90.07781982421875,7.6293872533980525e-06,500.4354450179987,1.5245497122630576e-06,0.0,2.663161091653876e-07,3.5383382412087604e-06,0.44565132313881,0.6567646265029907,0.40395209193229675,0.3835327625274658,0.0,0.7685548663139343,0.18323804438114166,0.9484943151473999,0.800000011920929,0.42829594016075134,-0.33996570110321045,1.0000000|0.0000000|0.0000000|0.0000000|0.0000000|0.0000000|0.0000000|0.0000000|0.0000000|0.0000000,0,1.0,25.188411617816726,0,0,0,0,0,
cross_town,Town02,mixed,11,76,3.8,189.7357177734375,121.20982360839844,0.22167754173278809,90.07781982421875,7.6293872533980525e-06,500.4354450179987,1.5245497122630576e-06,0.0,2.663161091653876e-07,4.05121325929777e-06,0.4499481146921082,0.09623152017593384,0.8519265055656433,-0.13962242007255554,0.0,0.8485548496246338,0.103238046169281,0.9055263996124268,0.800000011920929,0.2650488615036011,-0.594570517539978,1.0000000|0.0000000|0.0000000|0.0000000|0.0000000|0.0000000|0.0000000|0.0000000|0.0000000|0.0000000,0,1.0,25.15545474143769,0,0,0,0,0,
cross_town,Town02,mixed,11,77,3.85,189.7357177734375,121.20982360839844,0.22167754173278809,90.07781982421875,7.6293872533980525e-06,500.4354450179987,1.5245497122630576e-06,0.0,2.663161091653876e-07,1.3736814793208455e-07,0.4456512694945918,0.6567651033401489,0.4039522409439087,0.3835320770740509,0.0,0.7685548663139343,0.18323804438114166,0.9484948515892029,0.800000011920929,0.4282984733581543,-0.33996570110321045,1.0000000|0.0000000|0.0000000|0.0000000|0.0000000|0.0000000|0.0000000|0.0000000|0.0000000|0.0000000,0,1.0,24.62003184851177,0,0,0,0,0,
cross_town,Town02,mixed,11,78,3.9,189.7357177734375,121.20982360839844,0.22167754173278809,90.07781982421875,7.6293872533980525e-06,500.4354450179987,1.5245497122630576e-06,0.0,2.663161091653876e-07,6.86657243131017e-07,0.4499480848900043,0.09623146057128906,0.8519265055656433,-0.13962166011333466,0.0,0.8485548496246338,0.103238046169281,0.9055266976356506,0.800000011920929,0.2650497555732727,-0.5945712327957153,1.0000000|0.0000000|0.0000000|0.0000000|0.0000000|0.0000000|0.0000000|0.0000000|0.0000000|0.0000000,0,1.0,23.675696897167896,0,0,0,0,0,
cross_town,Town02,mixed,11,79,3.95,189.7357177734375,121.20982360839844,0.22167754173278809,90.07781982421875,7.6293872533980525e-06,500.4354450179987,1.5245497122630576e-06,0.0,2.663161091653876e-07,1.2359631919308006e-06,0.44565122777139793,0.6567641496658325,0.40395215153694153,0.38353341817855835,0.0,0.7685548663139343,0.18323804438114166,0.9484952688217163,0.800000011920929,0.4283009171485901,-0.3399653434753418,1.0000000|0.0000000|0.0000000|0.0000000|0.0000000|0.0000000|0.0000000|0.0000000|0.0000000|0.0000000,0,1.0,22.91543484768553,0,0,0,0,0,
cross_town,Town02,mixed,11,80,4.0,189.7357177734375,121.20982360839844,0.22167754173278809,90.07781982421875,7.6293872533980525e-06,500.4354450179987,1.5245497122630576e-06,0.0,2.663161091653876e-07,1.7852791231396567e-06,0.44994801932489537,0.09623146057128906,0.851926326751709,-0.1396220326423645,0.0,0.8485548496246338,0.103238046169281,0.9055273532867432,0.800000011920929,0.2650516629219055,-0.594570517539978,1.0000000|0.0000000|0.0000000|0.0000000|0.0000000|0.0000000|0.0000000|0.0000000|0.0000000|0.0000000,0,1.0,22.322479021210533,0,0,0,0,0,
cross_town,Town02,mixed,11,81,4.05,189.7357177734375,121.20982360839844,0.22167754173278809,90.07781982421875,7.6293872533980525e-06,500.4354450179987,1.5245497122630576e-06,0.0,2.663161091653876e-07,2.334598693558024e-06,0.44565128141557836,0.6567642688751221,0.4039522707462311,0.3835330605506897,0.0,0.7685548663139343,0.18323804438114166,0.9484947323799133,0.800000011920929,0.4282979965209961,-0.33996474742889404,1.0000000|0.0000000|0.0000000|0.0000000|0.0000000|0.0000000|0.0000000|0.0000000|0.0000000|0.0000000,0,1.0,21.841654217389117,0,0,0,0,0,
cross_town,Town02,mixed,11,82,4.1,189.7357177734375,121.20982360839844,0.22167754173278809,90.07781982421875,7.6293872533980525e-06,500.4354450179987,1.5245497122630576e-06,0.0,2.663161091653876e-07,2.8839145650811723e-06,0.4499480312458243,0.09623143076896667,0.8519265055656433,-0.13962207734584808,0.0,0.8485548496246338,0.103238046169281,0.9055272340774536,0.800000011920929,0.26505154371261597,-0.5945703983306885,1.0000000|0.0000000|0.0000000|0.0000000|0.0000000|0.0000000|0.0000000|0.0000000|0.0000000|0.0000000,0,1.0,21.44067564092696,0,0,0,0,0,
cross_town,Town02,mixed,11,83,4.15,189.7357177734375,121.20982360839844,0.22167754173278809,90.07781982421875,7.6293872533980525e-06,500.4354450179987,1.5245497122630576e-06,0.0,2.663161091653876e-07,3.433229454646573e-06,0.44565132313882955,0.6567646861076355,0.40395212173461914,0.3835328221321106,0.0,0.7685548663139343,0.18323804438114166,0.9484943151473999,0.800000011920929,0.428295761346817,-0.3399660587310791,1.0000000|0.0000000|0.0000000|0.0000000|0.0000000|0.0000000|0.0000000|0.0000000|0.0000000|0.0000000,0,1.0,21.09515415715001,0,0,0,0,0,
cross_town,Town02,mixed,11,84,4.2,189.7357177734375,121.20982360839844,0.22167754173278809,90.07781982421875,7.6293872533980525e-06,500.4354450179987,1.5245497122630576e-06,0.0,2.663161091653876e-07,3.98254589034767e-06,0.44994809681093334,0.09623152017593384,0.8519265651702881,-0.13962256908416748,0.0,0.8485548496246338,0.103238046169281,0.9055265784263611,0.800000011920929,0.26504939794540405,-0.5945706367492676,1.0000000|0.0000000|0.0000000|0.0000000|0.0000000|0.0000000|0.0000000|0.0000000|0.0000000|0.0000000,0,1.0,20.79270290072329,0,0,0,0,0,
cross_town,Town02,mixed,11,85,4.25,189.7357177734375,121.20982360839844,0.22167754173278809,90.07781982421875,7.6293872533980525e-06,500.4354450179987,1.5245497122630576e-06,0.0,2.663161091653876e-07,4.531860497660075e-06,0.44565138870393883,0.6567651629447937,0.4039526581764221,0.38353219628334045,0.0,0.7685548663139343,0.18323804438114166,0.9484936594963074,0.800000011920929,0.4282926917076111,-0.33996617794036865,1.0000000|0.0000000|0.0000000|0.0000000|0.0000000|0.0000000|0.0000000|0.0000000|0.0000000|0.0000000,0,1.0,20.518171442949274,0,0,0,0,0,
cross_town,Town02,mixed,11,86,4.3,189.7357177734375,121.20982360839844,0.22167754173278809,90.07781982421875,7.6293872533980525e-06,500.4354450179987,1.5245497122630576e-06,0.0,2.663161091653876e-07,4.119964413259718e-07,0.4499480074039664,0.09623152017593384,0.8519264459609985,-0.13962222635746002,0.0,0.8485548496246338,0.103238046169281,0.9055274724960327,0.800000011920929,0.2650521695613861,-0.5945702791213989,1.0000000|0.0000000|0.0000000|0.0000000|0.0000000|0.0000000|0.0000000|0.0000000|0.0000000|0.0000000,0,1.0,20.262489285470878,0,0,0,0,0,
cross_town,Town02,mixed,11,87,4.35,189.7357177734375,121.20982360839844,0.22167754173278809,90.07781982421875,7.6293872533980525e-06,500.4354450179987,1.5245497122630576e-06,0.0,2.663161091653876e-07,9.613196078181348e-07,0.44565122777139804,0.6567641496658325,0.40395215153694153,0.38353341817855835,0.0,0.7685548663139343,0.18323804438114166,0.9484952688217163,0.800000011920929,0.4283009171485901,-0.3399653434753418,1.0000000|0.0000000|0.0000000|0.0000000|0.0000000|0.0000000|0.0000000|0.0000000|0.0000000|0.0000000,0,1.0,20.055513428797475,0,0,0,0,0,
cross_town,Town02,mixed,11,88,4.4,189.7357177734375,121.20982360839844,0.22167754173278809,90.07781982421875,7.6293872533980525e-06,500.4354450179987,1.5245497122630576e-06,0.0,2.663161091653876e-07,1.5449561075019512e-06,0.4499479895225726,0.09623146057128906,0.851926326751709,-0.1396220326423645,0.0,0.8485548496246338,0.103238046169281,0.905527651309967,0.800000011920929,0.2650526165962219,-0.594570517539978,1.0000000|0.0000000|0.0000000|0.0000000|0.0000000|0.0000000|0.0000000|0.0000000|0.0000000|0.0000000,0,1.0,19.863264439724954,0,0,0,0,0,
cross_town,Town02,mixed,11,89,4.45,189.7357177734375,121.20982360839844,0.22167754173278809,90.07781982421875,7.6293872533980525e-06,500.4354450179987,1.5245497122630576e-06,0.0,2.663161091653876e-07,2.128602428049398e-06,0.445651293336507,0.6567642688751221,0.4039524495601654,0.3835331201553345,0.0,0.7685548663139343,0.18323804438114166,0.9484946131706238,0.800000011920929,0.4282974600791931,-0.33996498584747314,1.0000000|0.0000000|0.0000000|0.0000000|0.0000000|0.0000000|0.0000000|0.0000000|0.0000000|0.0000000,0,1.0,19.72631650222094,0,0,0,0,0,
cross_town,Town02,mixed,11,90,4.5,189.7357177734375,121.20982360839844,0.22167754173278809,90.07781982421875,7.6293872533980525e-06,500.4354450179987,1.5245497122630576e-06,0.0,2.663161091653876e-07,2.7465831770502947e-06,0.44994815641557834,0.09623146057128906,0.8519265055656433,-0.139622300863266,0.0,0.8485548496246338,0.103238046169281,0.9055259823799133,0.800000011920929,0.26504772901535034,-0.5945703983306885,1.0000000|0.0000000|0.0000000|0.0000000|0.0000000|0.0000000|0.0000000|0.0000000|0.0000000|0.0000000,0,1.0,19.65127833242427,0,0,0,0,0,
cross_town,Town02,mixed,11,91,4.55,189.7357177734375,121.20982360839844,0.22167754173278809,90.07781982421875,7.6293872533980525e-06,500.4354450179987,1.5245497122630576e-06,0.0,2.663161091653876e-07,3.3302313419976815e-06,0.44565128141557825,0.656764566898346,0.40395233035087585,0.3835325837135315,0.0,0.7685548663139343,0.18323804438114166,0.9484947323799133,0.800000011920929,0.42829790711402893,-0.33996570110321045,1.0000000|0.0000000|0.0000000|0.0000000|0.0000000|0.0000000|0.0000000|0.0000000|0.0000000|0.0000000,0,1.0,19.634311423677385,0,0,0,0,0,
cross_town,Town02,mixed,11,92,4.6,189.7357177734375,121.20982360839844,0.22167754173278809,90.07781982421875,7.6293872533980525e-06,500.4354450179987,1.5245497122630576e-06,0.0,2.663161091653876e-07,4.016878505723854e-06,0.4499480491272177,0.09623149037361145,0.8519265651702881,-0.13962224125862122,0.0,0.8485548496246338,0.103238046169281,0.9055270552635193,0.800000011920929,0.2650507688522339,-0.594570517539978,1.0000000|0.0000000|0.0000000|0.0000000|0.0000000|0.0000000|0.0000000|0.0000000|0.0000000|0.0000000,0,1.0,19.658037595125762,0,0,0,0,0,
cross_town,Town02,mixed,11,93,4.65,189.7357177734375,121.20982360839844,0.22167754173278809,90.07781982421875,7.6293872533980525e-06,500.4354450179987,1.5245497122630576e-06,0.0,2.663161091653876e-07,4.6005253520415045e-06,0.44565128141557825,0.6567651033401489,0.4039521813392639,0.3835320472717285,0.0,0.7685548663139343,0.18323804438114166,0.9484947323799133,0.800000011920929,0.4282979965209961,-0.33996593952178955,1.0000000|0.0000000|0.0000000|0.0000000|0.0000000|0.0000000|0.0000000|0.0000000|0.0000000|0.0000000,0,1.0,19.70162786082362,0,0,0,0,0,
cross_town,Town02,mixed,11,94,4.7,189.7357177734375,121.20982360839844,0.22167754173278809,90.07781982421875,7.6293872533980525e-06,500.4354450179987,1.5245497122630576e-06,0.0,2.663161091653876e-07,2.0600283270724945e-07,0.4499480074039664,0.09623152017593384,0.8519264459609985,-0.13962222635746002,0.0,0.8485548496246338,0.103238046169281,0.9055274724960327,0.800000011920929,0.2650521695613861,-0.5945702791213989,1.0000000|0.0000000|0.0000000|0.0000000|0.0000000|0.0000000|0.0000000|0.0000000|0.0000000|0.0000000,0,1.0,19.75235594893279,0,0,0,0,0,
cross_town,Town02,mixed,11,95,4.75,189.7357177734375,121.20982360839844,0.22167754173278809,90.07781982421875,7.6293872533980525e-06,500.4354450179987,1.5245497122630576e-06,0.0,2.663161091653876e-07,7.896454234609909e-07,0.4456511860481467,0.6567637920379639,0.40395233035087585,0.3835338056087494,0.0,0.7685548663139343,0.18323804438114166,0.9484956860542297,0.800000011920929,0.4283028244972229,-0.3399646282196045,1.0000000|0.0000000|0.0000000|0.0000000|0.0000000|0.0000000|0.0000000|0.0000000|0.0000000|0.0000000,0,1.0,19.79281373449444,0,0,0,0,0,
cross_town,Town02,mixed,11,96,4.8,189.7357177734375,121.20982360839844,0.22167754173278809,90.07781982421875,7.6293872533980525e-06,500.4354450179987,1.5245497122630576e-06,0.0,2.663161091653876e-07,1.4762887547497747e-06,0.4499480193248953,0.09623146057128906,0.8519265055656433,-0.13962233066558838,0.0,0.8485548496246338,0.103238046169281,0.9055273532867432,0.800000011920929,0.2650516629219055,-0.594570517539978,1.0000000|0.0000000|0.0000000|0.0000000|0.0000000|0.0000000|0.0000000|0.0000000|0.0000000|0.0000000,0,1.0,19.811170494800862,0,0,0,0,0,
cross_town,Town02,mixed,11,97,4.85,189.7357177734375,121.20982360839844,0.22167754173278809,90.07781982421875,7.6293872533980525e-06,500.4354450179987,1.5245497122630576e-06,0.0,2.663161091653876e-07,2.05993670842682e-06,0.4456512992969717,0.6567642688751221,0.40395233035087585,0.38353317975997925,0.0,0.7685548663139343,0.18323804438114166,0.948494553565979,0.800000011920929,0.4282968044281006,-0.33996522426605225,1.0000000|0.0000000|0.0000000|0.0000000|0.0000000|0.0000000|0.0000000|0.0000000|0.0000000|0.0000000,0,1.0,19.808894857964436,0,0,0,0,0,
cross_town,Town02,mixed,11,98,4.9,189.7357177734375,121.20982360839844,0.22167754173278809,90.07781982421875,7.6293872533980525e-06,500.4354450179987,1.5245497122630576e-06,0.0,2.663161091653876e-07,2.609255267378898e-06,0.44994815641557834,0.09623146057128906,0.8519265055656433,-0.139622300863266,0.0,0.8485548496246338,0.103238046169281,0.9055259823799133,0.800000011920929,0.26504772901535034,-0.5945703983306885,1.0000000|0.0000000|0.0000000|0.0000000|0.0000000|0.0000000|0.0000000|0.0000000|0.0000000|0.0000000,0,1.0,19.78346864547761,0,0,0,0,0,
cross_town,Town02,mixed,11,99,4.95,189.7357177734375,121.20982360839844,0.22167754173278809,90.07781982421875,7.6293872533980525e-06,500.4354450179987,1.5245497122630576e-06,0.0,2.663161091653876e-07,3.1929041263381164e-06,0.4456512814155783,0.6567645072937012,0.4039522409439087,0.3835325539112091,0.0,0.7685548663139343,0.18323804438114166,0.9484947323799133,0.800000011920929,0.42829790711402893,-0.33996570110321045,1.0000000|0.0000000|0.0000000|0.0000000|0.0000000|0.0000000|0.0000000|0.0000000|0.0000000|0.0000000,0,1.0,19.743773988097054,0,0,0,0,0,
cross_town,Town02,mixed,11,100,5.0,189.7357177734375,121.20982360839844,0.22167754173278809,90.07781982421875,7.6293872533980525e-06,500.4354450179987,1.5245497122630576e-06,0.0,2.663161091653876e-07,3.879547839590815e-06,0.4499480014435019,0.09623146057128906,0.8519265055656433,-0.13962189853191376,0.0,0.8485548496246338,0.103238046169281,0.9055275321006775,0.800000011920929,0.26505252718925476,-0.5945702791213989,1.0000000|0.0000000|0.0000000|0.0000000|0.0000000|0.0000000|0.0000000|0.0000000|0.0000000|0.0000000,0,1.0,19.700011264224468,0,0,0,0,0,
cross_town,Town02,mixed,11,101,5.05,189.7357177734375,121.20982360839844,0.22167754173278809,90.07781982421875,7.6293872533980525e-06,500.4354450179987,1.5245497122630576e-06,0.0,2.663161091653876e-07,2.8948539028946738e-06,0.4456513231385908,0.6567651033401489,0.4039524793624878,0.38353198766708374,0.0,0.7685548663139343,0.18323804438114166,0.9484943151473999,0.800000011920929,0.428295761346817,-0.33996593952178955,1.0000000|0.0000000|0.0000000|0.0000000|0.0000000|0.0000000|0.0000000|0.0000000|0.0000000|0.0000000,0,1.0,19.642709301343782,0,0,0,0,0,
cross_town,Town02,mixed,11,102,5.1,189.7357177734375,121.20982360839844,0.22167754173278809,90.07781982421875,7.6293872533980525e-06,500.4354450179987,1.5245497122630576e-06,0.0,2.663161091653876e-07,0.0,0.4499480968099925,0.09623143076896667,0.8519265055656433,-0.1396220624446869,0.0,0.8485548496246338,0.103238046169281,0.9055265784263611,0.800000011920929,0.26504969596862793,-0.5945703983306885,1.0000000|0.0000000|0.0000000|0.0000000|0.0000000|0.0000000|0.0000000|0.0000000|0.0000000|0.0000000,0,1.0,19.586329128260438,0,0,0,0,0,
cross_town,Town02,mixed,11,103,5.15,189.7357177734375,121.20982360839844,0.22167754173278809,90.07781982421875,7.6293872533980525e-06,500.4354450179987,1.5245497122630576e-06,0.0,2.663161091653876e-07,4.122460196970795e-07,0.4456512039293258,0.6567638516426086,0.4039522707462311,0.3835337162017822,0.0,0.7685548663139343,0.18323804438114166,0.9484955072402954,0.800000011920929,0.4283018112182617,-0.33996450901031494,1.0000000|0.0000000|0.0000000|0.0000000|0.0000000|0.0000000|0.0000000|0.0000000|0.0000000|0.0000000,0,1.0,19.534097909871242,0,0,0,0,0,
cross_town,Town02,mixed,11,104,5.2,189.7357177734375,121.20982360839844,0.22167754173278809,90.07781982421875,7.6293872533980525e-06,500.4354450179987,1.5245497122630576e-06,0.0,2.663161091653876e-07,8.931834017786193e-07,0.44994808489000454,0.09623143076896667,0.851926326751709,-0.13962200284004211,0.0,0.8485548496246338,0.103238046169281,0.9055266976356506,0.800000011920929,0.26504993438720703,-0.5945707559585571,1.0000000|0.0000000|0.0000000|0.0000000|0.0000000|0.0000000|0.0000000|0.0000000|0.0000000|0.0000000,0,1.0,19.49616344690809,0,0,0,0,0,
cross_town,Town02,mixed,11,105,5.25,189.7357177734375,121.20982360839844,0.22167754173278809,90.07781982421875,7.6293872533980525e-06,500.4354450179987,1.5245497122630576e-06,0.0,2.663161091653876e-07,2.542333601070669e-06,0.4456512814155059,0.6567640900611877,0.40395233035087585,0.38353297114372253,0.0,0.7685548663139343,0.18323804438114166,0.9484947323799133,0.800000011920929,0.42829814553260803,-0.3399651050567627,1.0000000|0.0000000|0.0000000|0.0000000|0.0000000|0.0000000|0.0000000|0.0000000|0.0000000|0.0000000,0,1.0,19.463295852999334,0,0,0,0,0,
cross_town,Town02,mixed,11,106,5.3,189.7357177734375,121.20982360839844,0.22167754173278809,90.07781982421875,7.6293872533980525e-06,500.4354450179987,1.5245497122630576e-06,0.0,2.663161091653876e-07,3.0226131594006047e-06,0.4499480074039064,0.09623140096664429,0.8519264459609985,-0.13962171971797943,0.0,0.8485548496246338,0.103238046169281,0.9055274724960327,0.800000011920929,0.26505205035209656,-0.5945702791213989,1.0000000|0.0000000|0.0000000|0.0000000|0.0000000|0.0000000|0.0000000|0.0000000|0.0000000|0.0000000,0,1.0,19.43656988024002,0,0,0,0,0,
cross_town,Town02,mixed,11,107,5.35,189.7357177734375,121.20982360839844,0.22167754173278809,90.07781982421875,7.6293872533980525e-06,500.4354450179987,1.5245497122630576e-06,0.0,2.663161091653876e-07,3.6049078549765654e-06,0.445651323138802,0.6567646265029907,0.40395209193229675,0.3835327625274658,0.0,0.7685548663139343,0.18323804438114166,0.9484943151473999,0.800000011920929,0.42829594016075134,-0.33996570110321045,1.0000000|0.0000000|0.0000000|0.0000000|0.0000000|0.0000000|0.0000000|0.0000000|0.0000000|0.0000000,0,1.0,19.354141476363747,0,0,0,0,0,
cross_town,Town02,mixed,11,108,5.4,189.7357177734375,121.20982360839844,0.22167754173278809,90.07781982421875,7.6293872533980525e-06,500.4354450179987,1.5245497122630576e-06,0.0,2.663161091653876e-07,2.684503905892559e-06,0.44994809681066283,0.09623152017593384,0.8519265055656433,-0.13962242007255554,0.0,0.8485548496246338,0.103238046169281,0.9055265784263611,0.800000011920929,0.2650495171546936,-0.594570517539978,1.0000000|0.0000000|0.0000000|0.0000000|0.0000000|0.0000000|0.0000000|0.0000000|0.0000000|0.0000000,0,1.0,19.171349996737156,0,0,0,0,0,
cross_town,Town02,mixed,11,109,5.45,189.7357177734375,121.20982360839844,0.22167754173278809,90.07781982421875,7.6293872533980525e-06,500.4354450179987,1.5245497122630576e-06,0.0,2.663161091653876e-07,4.737855685860068e-06,0.4456513112173997,0.6567645072937012,0.4039522409439087,0.3835325539112091,0.0,0.7685548663139343,0.18323804438114166,0.9484944343566895,0.800000011920929,0.4282962679862976,-0.33996570110321045,1.0000000|0.0000000|0.0000000|0.0000000|0.0000000|0.0000000|0.0000000|0.0000000|0.0000000|0.0000000,0,1.0,18.98968485753145,0,0,0,0,0,
cross_town,Town02,mixed,11,110,5.5,189.7357177734375,121.20982360839844,0.22167754173278809,90.07781982421875,7.6293872533980525e-06,500.4354450179987,1.5245497122630576e-06,0.0,2.663161091653876e-07,5.2871719627570295e-06,0.4499480968108169,0.09623149037361145,0.8519264459609985,-0.1396220326423645,0.0,0.8485548496246338,0.103238046169281,0.9055265784263611,0.800000011920929,0.26504966616630554,-0.5945703983306885,1.0000000|0.0000000|0.0000000|0.0000000|0.0000000|0.0000000|0.0000000|0.0000000|0.0000000|0.0000000,0,1.0,18.808486650069447,0,0,0,0,0,
cross_town,Town02,mixed,11,111,5.55,189.7357177734375,121.20982360839844,0.22167754173278809,90.07781982421875,7.6293872533980525e-06,500.4354450179987,1.5245497122630576e-06,0.0,2.663161091653876e-07,3.4337298768528244e-07,0.44565135294115193,0.656765341758728,0.4039527475833893,0.38353148102760315,0.0,0.7685548663139343,0.18323804438114166,0.948494017124176,0.800000011920929,0.42829442024230957,-0.3399667739868164,1.0000000|0.0000000|0.0000000|0.0000000|0.0000000|0.0000000|0.0000000|0.0000000|0.0000000|0.0000000,0,1.0,18.629327402193482,0,0,0,0,0,
cross_town,Town02,mixed,11,112,5.6,189.7357177734375,121.20982360839844,0.22167754173278809,90.07781982421875,7.6293872533980525e-06,500.4354450179987,1.5245497122630576e-06,0.0,2.663161091653876e-07,8.926581172973109e-07,0.44994808489000454,0.09623140096664429,0.851926326751709,-0.1396220475435257,0.0,0.8485548496246338,0.103238046169281,0.9055266976356506,0.800000011920929,0.26504993438720703,-0.594570517539978,1.0000000|0.0000000|0.0000000|0.0000000|0.0000000|0.0000000|0.0000000|0.0000000|0.0000000|0.0000000,0,1.0,18.45223960431252,0,0,0,0,0,
cross_town,Town02,mixed,11,113,5.65,189.7357177734375,121.20982360839844,0.22167754173278809,90.07781982421875,7.6293872533980525e-06,500.4354450179987,1.5245497122630576e-06,0.0,2.663161091653876e-07,1.956832963027709e-07,0.4456512814154773,0.6567640900611877,0.40395233035087585,0.38353297114372253,0.0,0.7685548663139343,0.18323804438114166,0.9484947323799133,0.800000011920929,0.42829814553260803,-0.3399651050567627,1.0000000|0.0000000|0.0000000|0.0000000|0.0000000|0.0000000|0.0000000|0.0000000|0.0000000|0.0000000,0,1.0,18.277855433531094,0,0,0,0,0,
cross_town,Town02,mixed,11,114,5.7,189.7357177734375,121.20982360839844,0.22167754173278809,90.07781982421875,7.6293872533980525e-06,500.4354450179987,1.5245497122630576e-06,0.0,2.663161091653876e-07,1.956955116660074e-06,0.44994807892911126,0.09623140096664429,0.851926326751709,-0.13962164521217346,0.0,0.8485548496246338,0.103238046169281,0.9055267572402954,0.800000011920929,0.26505008339881897,-0.594570517539978,1.0000000|0.0000000|0.0000000|0.0000000|0.0000000|0.0000000|0.0000000|0.0000000|0.0000000|0.0000000,0,1.0,18.105784247267145,0,0,0,0,0,
cross_town,Town02,mixed,11,115,5.75,189.7357177734375,121.20982360839844,0.22167754173278809,90.07781982421875,7.6293872533980525e-06,500.4354450179987,1.5245497122630576e-06,0.0,2.663161091653876e-07,9.754440110454699e-07,0.44565134698025255,0.6567643880844116,0.4039521813392639,0.3835328221321106,0.0,0.7685548663139343,0.18323804438114166,0.9484940767288208,0.800000011920929,0.42829474806785583,-0.33996570110321045,1.0000000|0.0000000|0.0000000|0.0000000|0.0000000|0.0000000|0.0000000|0.0000000|0.0000000|0.0000000,0,1.0,17.935971913049524,0,0,0,0,0,
cross_town,Town02,mixed,11,116,5.8,189.7357177734375,121.20982360839844,0.22167754173278809,90.07781982421875,7.6293872533980525e-06,500.4354450179987,1.5245497122630576e-06,0.0,2.663161091653876e-07,3.021249481866572e-06,0.4499480074035386,0.09623146057128906,0.851926326751709,-0.1396220326423645,0.0,0.8485548496246338,0.103238046169281,0.9055274724960327,0.800000011920929,0.2650519907474518,-0.594570517539978,1.0000000|0.0000000|0.0000000|0.0000000|0.0000000|0.0000000|0.0000000|0.0000000|0.0000000|0.0000000,0,1.0,17.768857295947573,0,0,0,0,0,
cross_town,Town02,mixed,11,117,5.85,189.7357177734375,121.20982360839844,0.22167754173278809,90.07781982421875,7.6293872533980525e-06,500.4354450179987,1.5245497122630576e-06,0.0,2.663161091653876e-07,3.5383382407668196e-06,0.44565132313881,0.6567646265029907,0.40395209193229675,0.3835327625274658,0.0,0.7685548663139343,0.18323804438114166,0.9484943151473999,0.800000011920929,0.42829594016075134,-0.33996570110321045,1.0000000|0.0000000|0.0000000|0.0000000|0.0000000|0.0000000|0.0000000|0.0000000|0.0000000|0.0000000,0,1.0,17.603944776738324,0,0,0,0,0,
cross_town,Town02,mixed,11,118,5.9,189.7357177734375,121.20982360839844,0.22167754173278809,90.07781982421875,7.6293872533980525e-06,500.4354450179987,1.5245497122630576e-06,0.0,2.663161091653876e-07,4.05121325929828e-06,0.4499481146921082,0.09623152017593384,0.8519265055656433,-0.13962242007255554,0.0,0.8485548496246338,0.103238046169281,0.9055263996124268,0.800000011920929,0.2650488615036011,-0.594570517539978,1.0000000|0.0000000|0.0000000|0.0000000|0.0000000|0.0000000|0.0000000|0.0000000|0.0000000|0.0000000,0,1.0,17.442233295892954,0,0,0,0,0,
cross_town,Town02,mixed,11,119,5.95,189.7357177734375,121.20982360839844,0.22167754173278809,90.07781982421875,7.6293872533980525e-06,500.4354450179987,1.5245497122630576e-06,0.0,2.663161091653876e-07,1.3736814793449992e-07,0.4456512694945918,0.6567651033401489,0.4039522409439087,0.3835320770740509,0.0,0.7685548663139343,0.18323804438114166,0.9484948515892029,0.800000011920929,0.4282984733581543,-0.33996570110321045,1.0000000|0.0000000|0.0000000|0.0000000|0.0000000|0.0000000|0.0000000|0.0000000|0.0000000|0.0000000,0,1.0,17.28238049690997,0,0,0,0,0,
cross_town,Town02,mixed,11,120,6.0,189.7357177734375,121.20982360839844,0.22167754173278809,90.07781982421875,7.6293872533980525e-06,500.4354450179987,1.5245497122630576e-06,0.0,2.663161091653876e-07,6.866572431309176e-07,0.4499480848900043,0.09623146057128906,0.8519265055656433,-0.13962166011333466,0.0,0.8485548496246338,0.103238046169281,0.9055266976356506,0.800000011920929,0.2650497555732727,-0.5945712327957153,1.0000000|0.0000000|0.0000000|0.0000000|0.0000000|0.0000000|0.0000000|0.0000000|0.0000000|0.0000000,0,1.0,17.125262102867694,0,0,0,0,0,
cross_town,Town02,mixed,11,121,6.05,189.7357177734375,121.20982360839844,0.22167754173278809,90.07781982421875,7.6293872533980525e-06,500.4354450179987,1.5245497122630576e-06,0.0,2.663161091653876e-07,1.2359631919308544e-06,0.44565122777139793,0.6567641496658325,0.40395215153694153,0.38353341817855835,0.0,0.7685548663139343,0.18323804438114166,0.9484952688217163,0.800000011920929,0.4283009171485901,-0.3399653434753418,1.0000000|0.0000000|0.0000000|0.0000000|0.0000000|0.0000000|0.0000000|0.0000000|0.0000000|0.0000000,0,1.0,16.970543987771492,0,0,0,0,0,
cross_town,Town02,mixed,11,122,6.1,189.7357177734375,121.20982360839844,0.22167754173278809,90.07781982421875,7.6293872533980525e-06,500.4354450179987,1.5245497122630576e-06,0.0,2.663161091653876e-07,1.785279123139497e-06,0.44994801932489537,0.09623146057128906,0.851926326751709,-0.1396220326423645,0.0,0.8485548496246338,0.103238046169281,0.9055273532867432,0.800000011920929,0.2650516629219055,-0.594570517539978,1.0000000|0.0000000|0.0000000|0.0000000|0.0000000|0.0000000|0.0000000|0.0000000|0.0000000|0.0000000,0,1.0,16.818169027149317,0,0,0,0,0,
cross_town,Town02,mixed,11,123,6.15,189.7357177734375,121.20982360839844,0.22167754173278809,90.07781982421875,7.6293872533980525e-06,500.4354450179987,1.5245497122630576e-06,0.0,2.663161091653876e-07,2.3345986935582115e-06,0.44565128141557836,0.6567642688751221,0.4039522707462311,0.3835330605506897,0.0,0.7685548663139343,0.18323804438114166,0.9484947323799133,0.800000011920929,0.4282979965209961,-0.33996474742889404,1.0000000|0.0000000|0.0000000|0.0000000|0.0000000|0.0000000|0.0000000|0.0000000|0.0000000|0.0000000,0,1.0,16.668074113544936,0,0,0,0,0,
cross_town,Town02,mixed,11,124,6.2,189.7357177734375,121.20982360839844,0.22167754173278809,90.07781982421875,7.6293872533980525e-06,500.4354450179987,1.5245497122630576e-06,0.0,2.663161091653876e-07,2.8839186676028936e-06,0.44994803124582433,0.09623143076896667,0.8519265055656433,-0.13962207734584808,0.0,0.8485548496246338,0.103238046169281,0.9055272340774536,0.800000011920929,0.26505154371261597,-0.5945703983306885,1.0000000|0.0000000|0.0000000|0.0000000|0.0000000|0.0000000|0.0000000|0.0000000|0.0000000|0.0000000,0,1.0,16.520199699085612,0,0,0,0,0,
cross_town,Town02,mixed,11,125,6.25,189.7357177734375,121.20982360839844,0.22167754173278809,90.07781982421875,7.6293872533980525e-06,500.4354450179987,1.5245497122630576e-06,0.0,2.663161091653876e-07,3.46756142219753e-06,0.4456513231388294,0.6567646861076355,0.40395212173461914,0.3835328221321106,0.0,0.7685548663139343,0.18323804438114166,0.9484943151473999,0.800000011920929,0.428295761346817,-0.3399660587310791,1.0000000|0.0000000|0.0000000|0.0000000|0.0000000|0.0000000|0.0000000|0.0000000|0.0000000|0.0000000,0,1.0,16.374488109637227,0,0,0,0,0,
cross_town,Town02,mixed,11,126,6.3,189.7357177734375,121.20982360839844,0.22167754173278809,90.07781982421875,7.6293872533980525e-06,500.4354450179987,1.5245497122630576e-06,0.0,2.663161091653876e-07,4.016878253775727e-06,0.44994809681093345,0.09623152017593384,0.8519265651702881,-0.13962256908416748,0.0,0.8485548496246338,0.103238046169281,0.9055265784263611,0.800000011920929,0.26504939794540405,-0.5945706367492676,1.0000000|0.0000000|0.0000000|0.0000000|0.0000000|0.0000000|0.0000000|0.0000000|0.0000000|0.0000000,0,1.0,16.231219164950083,0,0,0,0,0,
cross_town,Town02,mixed,11,127,6.35,189.7357177734375,121.20982360839844,0.22167754173278809,90.07781982421875,7.6293872533980525e-06,500.4354450179987,1.5245497122630576e-06,0.0,2.663161091653876e-07,4.53186028684111e-06,0.44565128141557814,0.6567651033401489,0.4039521813392639,0.3835320472717285,0.0,0.7685548663139343,0.18323804438114166,0.9484947323799133,0.800000011920929,0.4282979965209961,-0.33996593952178955,1.0000000|0.0000000|0.0000000|0.0000000|0.0000000|0.0000000|0.0000000|0.0000000|0.0000000|0.0000000,0,1.0,16.08941243488295,0,0,0,0,0,
cross_town,Town02,mixed,11,128,6.4,189.7357177734375,121.20982360839844,0.22167754173278809,90.07781982421875,7.6293872533980525e-06,500.4354450179987,1.5245497122630576e-06,0.0,2.663161091653876e-07,4.119964413259718e-07,0.4499480074039664,0.09623152017593384,0.8519264459609985,-0.13962222635746002,0.0,0.8485548496246338,0.103238046169281,0.9055274724960327,0.800000011920929,0.2650521695613861,-0.5945702791213989,1.0000000|0.0000000|0.0000000|0.0000000|0.0000000|0.0000000|0.0000000|0.0000000|0.0000000|0.0000000,0,1.0,15.94984179935426,0,0,0,0,0,
cross_town,Town02,mixed,11,129,6.45,189.7357177734375,121.20982360839844,0.22167754173278809,90.07781982421875,7.6293872533980525e-06,500.4354450179987,1.5245497122630576e-06,0.0,2.663161091653876e-07,1.029971773895399e-06,0.445651227771398,0.6567641496658325,0.40395215153694153,0.38353341817855835,0.0,0.7685548663139343,0.18323804438114166,0.9484952688217163,0.800000011920929,0.4283009171485901,-0.3399653434753418,1.0000000|0.0000000|0.0000000|0.0000000|0.0000000|0.0000000|0.0000000|0.0000000|0.0000000|0.0000000,0,1.0,15.812212877728596,0,0,0,0,0,
cross_town,Town02,mixed,11,130,6.5,189.7357177734375,121.20982360839844,0.22167754173278809,90.07781982421875,7.6293872533980525e-06,500.4354450179987,1.5245497122630576e-06,0.0,2.663161091653876e-07,1.5792921033327881e-06,0.44994800740396623,0.09623146057128906,0.851926326751709,-0.1396220326423645,0.0,0.8485548496246338,0.103238046169281,0.9055274724960327,0.800000011920929,0.2650519907474518,-0.594570517539978,1.0000000|0.0000000|0.0000000|0.0000000|0.0000000|0.0000000|0.0000000|0.0000000|0.0000000|0.0000000,0,1.0,15.676468066532548,0,0,0,0,0,
cross_town,Town02,mixed,11,131,6.55,189.7357177734375,121.20982360839844,0.22167754173278809,90.07781982421875,7.6293872533980525e-06,500.4354450179987,1.5245497122630576e-06,0.0,2.663161091653876e-07,2.1286110861152986e-06,0.44565120392953994,0.6567643284797668,0.40395238995552063,0.3835333585739136,0.0,0.7685548663139343,0.18323804438114166,0.9484955072402954,0.800000011920929,0.4283018112182617,-0.33996522426605225,1.0000000|0.0000000|0.0000000|0.0000000|0.0000000|0.0000000|0.0000000|0.0000000|0.0000000|0.0000000,0,1.0,15.542557408023157,0,0,0,0,0,
cross_town,Town02,mixed,11,132,6.6,189.7357177734375,121.20982360839844,0.22167754173278809,90.07781982421875,7.6293872533980525e-06,500.4354450179987,1.5245497122630576e-06,0.0,2.663161091653876e-07,2.6779201249144004e-06,0.4499481564155782,0.09623146057128906,0.8519265055656433,-0.139622300863266,0.0,0.8485548496246338,0.103238046169281,0.9055259823799133,0.800000011920929,0.26504772901535034,-0.5945703983306885,1.0000000|0.0000000|0.0000000|0.0000000|0.0000000|0.0000000|0.0000000|0.0000000|0.0000000|0.0000000,0,1.0,15.410430789125664,0,0,0,0,0,
cross_town,Town02,mixed,11,133,6.65,189.7357177734375,121.20982360839844,0.22167754173278809,90.07781982421875,7.6293872533980525e-06,500.4354450179987,1.5245497122630576e-06,0.0,2.663161091653876e-07,3.2272982860462712e-06,0.44565131121789886,0.6567645072937012,0.4039522409439087,0.3835325539112091,0.0,0.7685548663139343,0.18323804438114166,0.9484944343566895,0.800000011920929,0.4282962679862976,-0.33996570110321045,1.0000000|0.0000000|0.0000000|0.0000000|0.0000000|0.0000000|0.0000000|0.0000000|0.0000000|0.0000000,0,1.0,15.280048936946994,0,0,0,0,0,
cross_town,Town02,mixed,11,134,6.7,189.7357177734375,121.20982360839844,0.22167754173278809,90.07781982421875,7.6293872533980525e-06,500.4354450179987,1.5245497122630576e-06,0.0,2.663161091653876e-07,3.7765527136432223e-06,0.449948096810927,0.09623146057128906,0.8519265055656433,-0.13962189853191376,0.0,0.8485548496246338,0.103238046169281,0.9055265784263611,0.800000011920929,0.26504969596862793,-0.5945702791213989,1.0000000|0.0000000|0.0000000|0.0000000|0.0000000|0.0000000|0.0000000|0.0000000|0.0000000|0.0000000,0,1.0,15.151363614332308,0,0,0,0,0,
cross_town,Town02,mixed,11,135,6.75,189.7357177734375,121.20982360839844,0.22167754173278809,90.07781982421875,7.6293872533980525e-06,500.4354450179987,1.5245497122630576e-06,0.0,2.663161091653876e-07,4.3258671188441826e-06,0.4456513231388281,0.6567651033401489,0.40395238995552063,0.3835318386554718,0.0,0.7685548663139343,0.18323804438114166,0.9484943151473999,0.800000011920929,0.42829594016075134,-0.33996593952178955,1.0000000|0.0000000|0.0000000|0.0000000|0.0000000|0.0000000|0.0000000|0.0000000|0.0000000|0.0000000,0,1.0,15.024331714115156,0,0,0,0,0,
cross_town,Town02,mixed,11,136,6.8,189.7357177734375,121.20982360839844,0.22167754173278809,90.07781982421875,7.6293872533980525e-06,500.4354450179987,1.5245497122630576e-06,0.0,2.663161091653876e-07,2.0600283270781956e-07,0.44994797164117956,0.09623152017593384,0.8519265055656433,-0.1396222561597824,0.0,0.8485548496246338,0.103238046169281,0.9055278301239014,0.800000011920929,0.26505306363105774,-0.594570517539978,1.0000000|0.0000000|0.0000000|0.0000000|0.0000000|0.0000000|0.0000000|0.0000000|0.0000000|0.0000000,0,1.0,14.898911901127159,0,0,0,0,0,
cross_town,Town02,mixed,11,137,6.85,189.7357177734375,121.20982360839844,0.22167754173278809,90.07781982421875,7.6293872533980525e-06,500.4354450179987,1.5245497122630576e-06,0.0,2.663161091653876e-07,7.553160479978195e-07,0.44565118604814674,0.6567637920379639,0.40395233035087585,0.3835338056087494,0.0,0.7685548663139343,0.18323804438114166,0.9484956860542297,0.800000011920929,0.4283028244972229,-0.3399646282196045,1.0000000|0.0000000|0.0000000|0.0000000|0.0000000|0.0000000|0.0000000|0.0000000|0.0000000|0.0000000,0,1.0,14.775064306539653,0,0,0,0,0,
cross_town,Town02,mixed,11,138,6.9,189.7357177734375,121.20982360839844,0.22167754173278809,90.07781982421875,7.6293872533980525e-06,500.4354450179987,1.5245497122630576e-06,0.0,2.663161091653876e-07,1.3389597472034433e-06,0.4499480491272177,0.09623140096664429,0.8519264459609985,-0.13962221145629883,0.0,0.8485548496246338,0.103238046169281,0.9055270552635193,0.800000011920929,0.26505082845687866,-0.5945703983306885,1.0000000|0.0000000|0.0000000|0.0000000|0.0000000|0.0000000|0.0000000|0.0000000|0.0000000|0.0000000,0,1.0,14.652754492782286,0,0,0,0,0,
cross_town,Town02,mixed,11,139,6.95,189.7357177734375,121.20982360839844,0.22167754173278809,90.07781982421875,7.6293872533980525e-06,500.4354450179987,1.5245497122630576e-06,0.0,2.663161091653876e-07,1.9226078109608807e-06,0.4456512694946493,0.6567642092704773,0.40395236015319824,0.3835330009460449,0.0,0.7685548663139343,0.18323804438114166,0.9484948515892029,0.800000011920929,0.42829838395118713,-0.33996474742889404,1.0000000|0.0000000|0.0000000|0.0000000|0.0000000|0.0000000|0.0000000|0.0000000|0.0000000|0.0000000,0,1.0,14.531935087049538,0,0,0,0,0,
cross_town,Town02,mixed,11,140,7.0,189.7357177734375,121.20982360839844,0.22167754173278809,90.07781982421875,7.6293872533980525e-06,500.4354450179987,1.5245497122630576e-06,0.0,2.663161091653876e-07,2.4719263044708666e-06,0.44994807892954014,0.09623143076896667,0.8519265055656433,-0.13962218165397644,0.0,0.8485548496246338,0.103238046169281,0.9055267572402954,0.800000011920929,0.26505014300346375,-0.5945702791213989,1.0000000|0.0000000|0.0000000|0.0000000|0.0000000|0.0000000|0.0000000|0.0000000|0.0000000|0.0000000,0,1.0,14.41257709628466,0,0,0,0,0,
cross_town,Town02,mixed,11,141,7.05,189.7357177734375,121.20982360839844,0.22167754173278809,90.07781982421875,7.6293872533980525e-06,500.4354450179987,1.5245497122630576e-06,0.0,2.663161091653876e-07,3.0555743619598303e-06,0.4456512933365072,0.6567645072937012,0.4039522409439087,0.3835325539112091,0.0,0.7685548663139343,0.18323804438114166,0.9484946131706238,0.800000011920929,0.42829766869544983,-0.33996570110321045,1.0000000|0.0000000|0.0000000|0.0000000|0.0000000|0.0000000|0.0000000|0.0000000|0.0000000|0.0000000,0,1.0,14.29464249069187,0,0,0,0,0,
cross_town,Town02,mixed,11,142,7.1,189.7357177734375,121.20982360839844,0.22167754173278809,90.07781982421875,7.6293872533980525e-06,500.4354450179987,1.5245497122630576e-06,0.0,2.663161091653876e-07,3.6735539774283925e-06,0.4499482040992941,0.09623143076896667,0.8519265651702881,-0.13962209224700928,0.0,0.8485548496246338,0.103238046169281,0.9055255055427551,0.800000011920929,0.26504626870155334,-0.5945700407028198,1.0000000|0.0000000|0.0000000|0.0000000|0.0000000|0.0000000|0.0000000|0.0000000|0.0000000|0.0000000,0,1.0,14.178093252230795,0,0,0,0,0,
cross_town,Town02,mixed,11,143,7.15,189.7357177734375,121.20982360839844,0.22167754173278809,90.07781982421875,7.6293872533980525e-06,500.4354450179987,1.5245497122630576e-06,0.0,2.663161091653876e-07,4.325870234261437e-06,0.4456513469806876,0.6567651033401489,0.40395238995552063,0.3835318386554718,0.0,0.7685548663139343,0.18323804438114166,0.9484940767288208,0.800000011920929,0.42829498648643494,-0.33996593952178955,1.0000000|0.0000000|0.0000000|0.0000000|0.0000000|0.0000000|0.0000000|0.0000000|0.0000000|0.0000000,0,1.0,14.062103227945595,0,0,0,0,0,
cross_town,Town02,mixed,11,144,7.2,189.7357177734375,121.20982360839844,0.22167754173278809,90.07781982421875,7.6293872533980525e-06,500.4354450179987,1.5245497122630576e-06,0.0,2.663161091653876e-07,0.0,0.4499479716411793,0.09623152017593384,0.8519265055656433,-0.1396222561597824,0.0,0.8485548496246338,0.103238046169281,0.9055278301239014,0.800000011920929,0.26505306363105774,-0.594570517539978,1.0000000|0.0000000|0.0000000|0.0000000|0.0000000|0.0000000|0.0000000|0.0000000|0.0000000|0.0000000,0,1.0,13.948037594904958,0,0,0,0,0,
cross_town,Town02,mixed,11,145,7.25,189.7357177734375,121.20982360839844,0.22167754173278809,90.07781982421875,7.6293872533980525e-06,500.4354450179987,1.5245497122630576e-06,0.0,2.663161091653876e-07,5.493265177310111e-07,0.44565120392954016,0.6567638516426086,0.4039522707462311,0.3835337162017822,0.0,0.7685548663139343,0.18323804438114166,0.9484955072402954,0.800000011920929,0.4283018112182617,-0.33996450901031494,1.0000000|0.0000000|0.0000000|0.0000000|0.0000000|0.0000000|0.0000000|0.0000000|0.0000000|0.0000000,0,1.0,13.835222374974986,0,0,0,0,0,
cross_town,Town02,mixed,11,146,7.3,189.7357177734375,121.20982360839844,0.22167754173278809,90.07781982421875,7.6293872533980525e-06,500.4354450179987,1.5245497122630576e-06,0.0,2.663161091653876e-07,1.0986472829251492e-06,0.44994804912721775,0.09623146057128906,0.851926326751709,-0.1396220475435257,0.0,0.8485548496246338,0.103238046169281,0.9055270552635193,0.800000011920929,0.2650509476661682,-0.594570517539978,1.0000000|0.0000000|0.0000000|0.0000000|0.0000000|0.0000000|0.0000000|0.0000000|0.0000000|0.0000000,0,1.0,13.723902229806354,0,0,0,0,0,
cross_town,Town02,mixed,11,147,7.35,189.7357177734375,121.20982360839844,0.22167754173278809,90.07781982421875,7.6293872533980525e-06,500.4354450179987,1.5245497122630576e-06,0.0,2.663161091653876e-07,1.6822845024576314e-06,0.44565133505975835,0.6567642688751221,0.40395236015319824,0.38353297114372253,0.0,0.7685548663139343,0.18323804438114166,0.9484941959381104,0.800000011920929,0.428295373916626,-0.33996498584747314,1.0000000|0.0000000|0.0000000|0.0000000|0.0000000|0.0000000|0.0000000|0.0000000|0.0000000|0.0000000,0,1.0,13.613621328069497,0,0,0,0,0,
cross_town,Town02,mixed,11,148,7.4,189.7357177734375,121.20982360839844,0.22167754173278809,90.07781982421875,7.6293872533980525e-06,500.4354450179987,1.5245497122630576e-06,0.0,2.663161091653876e-07,2.2659315245356604e-06,0.4499480491272175,0.09623146057128906,0.851926326751709,-0.1396220326423645,0.0,0.8485548496246338,0.103238046169281,0.9055270552635193,0.800000011920929,0.26505082845687866,-0.594570517539978,1.0000000|0.0000000|0.0000000|0.0000000|0.0000000|0.0000000|0.0000000|0.0000000|0.0000000|0.0000000,0,1.0,13.505018339305282,0,0,0,0,0,
cross_town,Town02,mixed,11,149,7.45,189.7357177734375,121.20982360839844,0.22167754173278809,90.07781982421875,7.6293872533980525e-06,500.4354450179987,1.5245497122630576e-06,0.0,2.663161091653876e-07,2.8152467470582746e-06,0.4456512933365072,0.6567645072937012,0.4039522409439087,0.3835325539112091,0.0,0.7685548663139343,0.18323804438114166,0.9484946131706238,0.800000011920929,0.42829760909080505,-0.33996570110321045,1.0000000|0.0000000|0.0000000|0.0000000|0.0000000|0.0000000|0.0000000|0.0000000|0.0000000|0.0000000,0,1.0,13.397249767325025,0,0,0,0,0,
cross_town,Town02,mixed,11,150,7.5,189.7357177734375,121.20982360839844,0.22167754173278809,90.07781982421875,7.6293872533980525e-06,500.4354450179987,1.5245497122630576e-06,0.0,2.663161091653876e-07,3.3645641837328306e-06,0.4499481683365073,0.09623143076896667,0.8519265055656433,-0.13962200284004211,0.0,0.8485548496246338,0.103238046169281,0.9055258631706238,0.800000011920929,0.2650473713874817,-0.5945703983306885,1.0000000|0.0000000|0.0000000|0.0000000|0.0000000|0.0000000|0.0000000|0.0000000|0.0000000|0.0000000,0,1.0,13.290630639426182,0,0,0,0,0,
cross_town,Town02,mixed,11,151,7.55,189.7357177734375,121.20982360839844,0.22167754173278809,90.07781982421875,7.6293872533980525e-06,500.4354450179987,1.5245497122630576e-06,0.0,2.663161091653876e-07,3.948213293333204e-06,0.4456512933365073,0.6567651033401489,0.40395238995552063,0.38353195786476135,0.0,0.7685548663139343,0.18323804438114166,0.9484946131706238,0.800000011920929,0.4282974302768707,-0.3399660587310791,1.0000000|0.0000000|0.0000000|0.0000000|0.0000000|0.0000000|0.0000000|0.0000000|0.0000000|0.0000000,0,1.0,13.185144619267087,0,0,0,0,0,
cross_town,Town02,mixed,11,152,7.6,189.7357177734375,121.20982360839844,0.22167754173278809,90.07781982421875,7.6293872533980525e-06,500.4354450179987,1.5245497122630576e-06,0.0,2.663161091653876e-07,4.566193992689272e-06,0.4499480014435018,0.09623152017593384,0.8519265651702881,-0.139622300863266,0.0,0.8485548496246338,0.103238046169281,0.9055275321006775,0.800000011920929,0.2650523781776428,-0.5945706367492676,1.0000000|0.0000000|0.0000000|0.0000000|0.0000000|0.0000000|0.0000000|0.0000000|0.0000000|0.0000000,0,1.0,13.080492708925894,0,0,0,0,0,
cross_town,Town02,mixed,11,153,7.65,189.7357177734375,121.20982360839844,0.22167754173278809,90.07781982421875,7.6293872533980525e-06,500.4354450179987,1.5245497122630576e-06,0.0,2.663161091653876e-07,3.7766125481429084e-07,0.44565129929697156,0.6567650437355042,0.40395233035087585,0.3835320472717285,0.0,0.7685548663139343,0.18323804438114166,0.948494553565979,0.800000011920929,0.4282972812652588,-0.3399658203125,1.0000000|0.0000000|0.0000000|0.0000000|0.0000000|0.0000000|0.0000000|0.0000000|0.0000000|0.0000000,0,1.0,12.976108815763798,0,0,0,0,0,
cross_town,Town02,mixed,11,154,7.7,189.7357177734375,121.20982360839844,0.22167754173278809,90.07781982421875,7.6293872533980525e-06,500.4354450179987,1.5245497122630576e-06,0.0,2.663161091653876e-07,9.61304706677054e-07,0.44994808489000465,0.09623143076896667,0.851926326751709,-0.13962197303771973,0.0,0.8485548496246338,0.103238046169281,0.9055266976356506,0.800000011920929,0.26504993438720703,-0.5945707559585571,1.0000000|0.0000000|0.0000000|0.0000000|0.0000000|0.0000000|0.0000000|0.0000000|0.0000000|0.0000000,0,1.0,12.873605051930243,0,0,0,0,0,
cross_town,Town02,mixed,11,155,7.75,189.7357177734375,121.20982360839844,0.22167754173278809,90.07781982421875,7.6293872533980525e-06,500.4354450179987,1.5245497122630576e-06,0.0,2.663161091653876e-07,1.5106246672603212e-06,0.4456513350597587,0.6567642688751221,0.40395233035087585,0.383532851934433,0.0,0.7685548663139343,0.18323804438114166,0.9484941959381104,0.800000011920929,0.4282956123352051,-0.33996474742889404,1.0000000|0.0000000|0.0000000|0.0000000|0.0000000|0.0000000|0.0000000|0.0000000|0.0000000|0.0000000,0,1.0,12.772160271984685,0,0,0,0,0,
cross_town,Town02,mixed,11,156,7.8,189.7357177734375,121.20982360839844,0.22167754173278809,90.07781982421875,7.6293872533980525e-06,500.4354450179987,1.5245497122630576e-06,0.0,2.663161091653876e-07,9.59470302255974e-07,0.4499480789293057,0.09623146057128906,0.851926326751709,-0.1396220624446869,0.0,0.8485548496246338,0.103238046169281,0.9055267572402954,0.800000011920929,0.26505011320114136,-0.5945706367492676,1.0000000|0.0000000|0.0000000|0.0000000|0.0000000|0.0000000|0.0000000|0.0000000|0.0000000|0.0000000,0,1.0,12.671821140088543,0,0,0,0,0,
cross_town,Town02,mixed,11,157,7.85,189.7357177734375,121.20982360839844,0.22167754173278809,90.07781982421875,7.6293872533980525e-06,500.4354450179987,1.5245497122630576e-06,0.0,2.663161091653876e-07,2.609256726120868e-06,0.4456513350588465,0.6567642688751221,0.40395233035087585,0.383532851934433,0.0,0.7685548663139343,0.18323804438114166,0.9484941959381104,0.800000011920929,0.4282956123352051,-0.33996474742889404,1.0000000|0.0000000|0.0000000|0.0000000|0.0000000|0.0000000|0.0000000|0.0000000|0.0000000|0.0000000,0,1.0,12.572436664938156,0,0,0,0,0,
cross_town,Town02,mixed,11,158,7.9,189.7357177734375,121.20982360839844,0.22167754173278809,90.07781982421875,7.6293872533980525e-06,500.4354450179987,1.5245497122630576e-06,0.0,2.663161091653876e-07,3.1585707186261822e-06,0.44994815641535746,0.09623143076896667,0.8519264459609985,-0.1396218240261078,0.0,0.8485548496246338,0.103238046169281,0.9055259823799133,0.800000011920929,0.26504769921302795,-0.5945702791213989,1.0000000|0.0000000|0.0000000|0.0000000|0.0000000|0.0000000|0.0000000|0.0000000|0.0000000|0.0000000,0,1.0,12.474033936229652,0,0,0,0,0,
cross_town,Town02,mixed,11,159,7.95,189.7357177734375,121.20982360839844,0.22167754173278809,90.07781982421875,7.6293872533980525e-06,500.4354450179987,1.5245497122630576e-06,0.0,2.663161091653876e-07,3.7078857992982856e-06,0.4456512992969718,0.6567646265029907,0.40395209193229675,0.38353288173675537,0.0,0.7685548663139343,0.18323804438114166,0.948494553565979,0.800000011920929,0.4282971918582916,-0.3399658203125,1.0000000|0.0000000|0.0000000|0.0000000|0.0000000|0.0000000|0.0000000|0.0000000|0.0000000|0.0000000,0,1.0,12.376568120227606,0,0,0,0,0,
cross_town,Town02,mixed,11,160,8.0,189.7357177734375,121.20982360839844,0.22167754173278809,90.07781982421875,7.6293872533980525e-06,500.4354450179987,1.5245497122630576e-06,0.0,2.663161091653876e-07,4.257203233878581e-06,0.4499480670086112,0.09623152017593384,0.8519265055656433,-0.13962242007255554,0.0,0.8485548496246338,0.103238046169281,0.905526876449585,0.800000011920929,0.26505032181739807,-0.594570517539978,1.0000000|0.0000000|0.0000000|0.0000000|0.0000000|0.0000000|0.0000000|0.0000000|0.0000000|0.0000000,0,1.0,12.28020034314831,0,0,0,0,0,
cross_town,Town02,mixed,11,161,8.05,189.7357177734375,121.20982360839844,0.22167754173278809,90.07781982421875,7.6293872533980525e-06,500.4354450179987,1.5245497122630576e-06,0.0,2.663161091653876e-07,1.3733531762239392e-07,0.44565129929697167,0.6567650437355042,0.4039524495601654,0.3835323452949524,0.0,0.7685548663139343,0.18323804438114166,0.948494553565979,0.800000011920929,0.4282972812652588,-0.3399662971496582,1.0000000|0.0000000|0.0000000|0.0000000|0.0000000|0.0000000|0.0000000|0.0000000|0.0000000|0.0000000,0,1.0,12.184568084825194,0,0,0,0,0,
cross_town,Town02,mixed,11,162,8.1,189.7357177734375,121.20982360839844,0.22167754173278809,90.07781982421875,7.6293872533980525e-06,500.4354450179987,1.5245497122630576e-06,0.0,2.663161091653876e-07,7.553112943256899e-07,0.44994808489000454,0.09623146057128906,0.8519265055656433,-0.13962166011333466,0.0,0.8485548496246338,0.103238046169281,0.9055266976356506,0.800000011920929,0.2650497555732727,-0.5945712327957153,1.0000000|0.0000000|0.0000000|0.0000000|0.0000000|0.0000000|0.0000000|0.0000000|0.0000000|0.0000000,0,1.0,12.089480849613562,0,0,0,0,0,
cross_town,Town02,mixed,11,163,8.15,189.7357177734375,121.20982360839844,0.22167754173278809,90.07781982421875,7.6293872533980525e-06,500.4354450179987,1.5245497122630576e-06,0.0,2.663161091653876e-07,1.30462773690693e-06,0.44565119200861114,0.6567641496658325,0.40395215153694153,0.38353341817855835,0.0,0.7685548663139343,0.18323804438114166,0.948495626449585,0.800000011920929,0.42830243706703186,-0.3399653434753418,1.0000000|0.0000000|0.0000000|0.0000000|0.0000000|0.0000000|0.0000000|0.0000000|0.0000000|0.0000000,0,1.0,11.995587813700377,0,0,0,0,0,
cross_town,Town02,mixed,11,164,8.2,189.7357177734375,121.20982360839844,0.22167754173278809,90.07781982421875,7.6293872533980525e-06,500.4354450179987,1.5245497122630576e-06,0.0,2.663161091653876e-07,1.8539476041802525e-06,0.44994810873186253,0.09623146057128906,0.8519264459609985,-0.1396220326423645,0.0,0.8485548496246338,0.103238046169281,0.9055264592170715,0.800000011920929,0.2650493085384369,-0.594570517539978,1.0000000|0.0000000|0.0000000|0.0000000|0.0000000|0.0000000|0.0000000|0.0000000|0.0000000|0.0000000,0,1.0,11.902473266158816,0,0,0,0,0,
cross_town,Town02,mixed,11,165,8.25,189.7357177734375,121.20982360839844,0.22167754173278809,90.07781982421875,7.6293872533980525e-06,500.4354450179987,1.5245497122630576e-06,0.0,2.663161091653876e-07,2.5062576528039784e-06,0.445651227771398,0.6567645072937012,0.4039526581764221,0.3835328221321106,0.0,0.7685548663139343,0.18323804438114166,0.9484952688217163,0.800000011920929,0.42830103635787964,-0.3399655818939209,1.0000000|0.0000000|0.0000000|0.0000000|0.0000000|0.0000000|0.0000000|0.0000000|0.0000000|0.0000000,0,1.0,11.810176654621179,0,0,0,0,0,
cross_town,Town02,mixed,11,166,8.3,189.7357177734375,121.20982360839844,0.22167754173278809,90.07781982421875,7.6293872533980525e-06,500.4354450179987,1.5245497122630576e-06,0.0,2.663161091653876e-07,3.192902174353205e-06,0.44994809681093356,0.09623140096664429,0.8519264459609985,-0.13962171971797943,0.0,0.8485548496246338,0.103238046169281,0.9055265784263611,0.800000011920929,0.26504939794540405,-0.5945702791213989,1.0000000|0.0000000|0.0000000|0.0000000|0.0000000|0.0000000|0.0000000|0.0000000|0.0000000|0.0000000,0,1.0,11.718918896221933,0,0,0,0,0,
cross_town,Town02,mixed,11,167,8.35,189.7357177734375,121.20982360839844,0.22167754173278809,90.07781982421875,7.6293872533980525e-06,500.4354450179987,1.5245497122630576e-06,0.0,2.663161091653876e-07,3.6741531619184236e-06,0.4456512396923094,0.6567646265029907,0.40395209193229675,0.38353288173675537,0.0,0.7685548663139343,0.18323804438114166,0.9484951496124268,0.800000011920929,0.4283004701137543,-0.3399658203125,1.0000000|0.0000000|0.0000000|0.0000000|0.0000000|0.0000000|0.0000000|0.0000000|0.0000000|0.0000000,0,1.0,11.628285488219502,0,0,0,0,0,
cross_town,Town02,mixed,11,168,8.4,189.7357177734375,121.20982360839844,0.22167754173278809,90.07781982421875,7.6293872533980525e-06,500.4354450179987,1.5245497122630576e-06,0.0,2.663161091653876e-07,4.188538042025333e-06,0.44994806700854517,0.09623152017593384,0.8519265055656433,-0.13962242007255554,0.0,0.8485548496246338,0.103238046169281,0.905526876449585,0.800000011920929,0.26505032181739807,-0.594570517539978,1.0000000|0.0000000|0.0000000|0.0000000|0.0000000|0.0000000|0.0000000|0.0000000|0.0000000|0.0000000,0,1.0,11.538092044330304,0,0,0,0,0,
cross_town,Town02,mixed,11,169,8.45,189.7357177734375,121.20982360839844,0.22167754173278809,90.07781982421875,7.6293872533980525e-06,500.4354450179987,1.5245497122630576e-06,0.0,2.663161091653876e-07,4.8065188706484635e-06,0.4456512992969556,0.6567650437355042,0.4039522111415863,0.38353219628334045,0.0,0.7685548663139343,0.18323804438114166,0.948494553565979,0.800000011920929,0.4282972812652588,-0.33996617794036865,1.0000000|0.0000000|0.0000000|0.0000000|0.0000000|0.0000000|0.0000000|0.0000000|0.0000000|0.0000000,0,1.0,11.448876251081359,0,0,0,0,0,
cross_town,Town02,mixed,11,170,8.5,189.7357177734375,121.20982360839844,0.22167754173278809,90.07781982421875,7.6293872533980525e-06,500.4354450179987,1.5245497122630576e-06,0.0,2.663161091653876e-07,4.1199644132798676e-07,0.44994804912721775,0.09623157978057861,0.851926326751709,-0.139622300863266,0.0,0.8485548496246338,0.103238046169281,0.9055270552635193,0.800000011920929,0.2650509476661682,-0.5945702791213989,1.0000000|0.0000000|0.0000000|0.0000000|0.0000000|0.0000000|0.0000000|0.0000000|0.0000000|0.0000000,0,1.0,11.360724689782407,0,0,0,0,0,
cross_town,Town02,mixed,11,171,8.55,189.7357177734375,121.20982360839844,0.22167754173278809,90.07781982421875,7.6293872533980525e-06,500.4354450179987,1.5245497122630576e-06,0.0,2.663161091653876e-07,1.0643017096688728e-06,0.44565122777139793,0.6567641496658325,0.40395215153694153,0.38353341817855835,0.0,0.7685548663139343,0.18323804438114166,0.9484952688217163,0.800000011920929,0.4283009171485901,-0.3399653434753418,1.0000000|0.0000000|0.0000000|0.0000000|0.0000000|0.0000000|0.0000000|0.0000000|0.0000000|0.0000000,0,1.0,11.273075239823036,0,0,0,0,0,
cross_town,Town02,mixed,11,172,8.6,189.7357177734375,121.20982360839844,0.22167754173278809,90.07781982421875,7.6293872533980525e-06,500.4354450179987,1.5245497122630576e-06,0.0,2.663161091653876e-07,1.6479506881467965e-06,0.449947941838857,0.09623146057128906,0.851926326751709,-0.1396220326423645,0.0,0.8485548496246338,0.103238046169281,0.9055281281471252,0.800000011920929,0.2650541365146637,-0.594570517539978,1.0000000|0.0000000|0.0000000|0.0000000|0.0000000|0.0000000|0.0000000|0.0000000|0.0000000|0.0000000,0,1.0,11.186127523877973,0,0,0,0,0,
cross_town,Town02,mixed,11,173,8.65,189.7357177734375,121.20982360839844,0.22167754173278809,90.07781982421875,7.6293872533980525e-06,500.4354450179987,1.5245497122630576e-06,0.0,2.663161091653876e-07,2.231598698850432e-06,0.4456512694946493,0.6567643284797668,0.40395238995552063,0.3835333585739136,0.0,0.7685548663139343,0.18323804438114166,0.9484948515892029,0.800000011920929,0.4282987713813782,-0.33996522426605225,1.0000000|0.0000000|0.0000000|0.0000000|0.0000000|0.0000000|0.0000000|0.0000000|0.0000000|0.0000000,0,1.0,11.09987856772525,0,0,0,0,0,
cross_town,Town02,mixed,11,174,8.7,189.7357177734375,121.20982360839844,0.22167754173278809,90.07781982421875,7.6293872533980525e-06,500.4354450179987,1.5245497122630576e-06,0.0,2.663161091653876e-07,1.1786395865142687e-06,0.4499481444945467,0.09623143076896667,0.8519265055656433,-0.13962207734584808,0.0,0.8485548496246338,0.103238046169281,0.9055261015892029,0.800000011920929,0.26504793763160706,-0.5945703983306885,1.0000000|0.0000000|0.0000000|0.0000000|0.0000000|0.0000000|0.0000000|0.0000000|0.0000000|0.0000000,0,1.0,11.014089032858402,0,0,0,0,0,
cross_town,Town02,mixed,11,175,8.75,189.7357177734375,121.20982360839844,0.22167754173278809,90.07781982421875,7.6293872533980525e-06,500.4354450179987,1.5245497122630576e-06,0.0,2.663161091653876e-07,1.6667098777187848e-06,0.44565126949462236,0.6567642092704773,0.40395236015319824,0.3835330009460449,0.0,0.7685548663139343,0.18323804438114166,0.9484948515892029,0.800000011920929,0.4282985329627991,-0.33996474742889404,1.0000000|0.0000000|0.0000000|0.0000000|0.0000000|0.0000000|0.0000000|0.0000000|0.0000000|0.0000000,0,1.0,10.929336021793493,0,0,0,0,0,
cross_town,Town02,mixed,11,176,8.8,189.7357177734375,121.20982360839844,0.22167754173278809,90.07781982421875,7.6293872533980525e-06,500.4354450179987,1.5245497122630576e-06,0.0,2.663161091653876e-07,3.70788723669258e-06,0.44994804912680375,0.09623146057128906,0.851926326751709,-0.1396220326423645,0.0,0.8485548496246338,0.103238046169281,0.9055270552635193,0.800000011920929,0.26505082845687866,-0.594570517539978,1.0000000|0.0000000|0.0000000|0.0000000|0.0000000|0.0000000|0.0000000|0.0000000|0.0000000|0.0000000,0,1.0,10.845091362487999,0,0,0,0,0,
cross_town,Town02,mixed,11,177,8.85,189.7357177734375,121.20982360839844,0.22167754173278809,90.07781982421875,7.6293872533980525e-06,500.4354450179987,1.5245497122630576e-06,0.0,2.663161091653876e-07,4.257202701511463e-06,0.44565129929674957,0.6567651033401489,0.40395238995552063,0.3835318386554718,0.0,0.7685548663139343,0.18323804438114166,0.948494553565979,0.800000011920929,0.4282971918582916,-0.33996593952178955,1.0000000|0.0000000|0.0000000|0.0000000|0.0000000|0.0000000|0.0000000|0.0000000|0.0000000|0.0000000,0,1.0,10.761485347136887,0,0,0,0,0,
cross_town,Town02,mixed,11,178,8.9,189.7357177734375,121.20982360839844,0.22167754173278809,90.07781982421875,7.6293872533980525e-06,500.4354450179987,1.5245497122630576e-06,0.0,2.663161091653876e-07,2.403321293088171e-07,0.4499480193248953,0.09623152017593384,0.8519265055656433,-0.1396222561597824,0.0,0.8485548496246338,0.103238046169281,0.9055273532867432,0.800000011920929,0.2650517523288727,-0.594570517539978,1.0000000|0.0000000|0.0000000|0.0000000|0.0000000|0.0000000|0.0000000|0.0000000|0.0000000|0.0000000,0,1.0,10.678503405573077,0,0,0,0,0,
cross_town,Town02,mixed,11,179,8.95,189.7357177734375,121.20982360839844,0.22167754173278809,90.07781982421875,7.6293872533980525e-06,500.4354450179987,1.5245497122630576e-06,0.0,2.663161091653876e-07,8.239753262006642e-07,0.44565119200861103,0.6567637920379639,0.40395233035087585,0.3835338056087494,0.0,0.7685548663139343,0.18323804438114166,0.948495626449585,0.800000011920929,0.42830267548561096,-0.3399646282196045,1.0000000|0.0000000|0.0000000|0.0000000|0.0000000|0.0000000|0.0000000|0.0000000|0.0000000|0.0000000,0,1.0,10.596138862288592,0,0,0,0,0,
cross_town,Town02,mixed,11,180,9.0,189.7357177734375,121.20982360839844,0.22167754173278809,90.07781982421875,7.6293872533980525e-06,500.4354450179987,1.5245497122630576e-06,0.0,2.663161091653876e-07,1.3732944929403563e-06,0.4499480074039664,0.09623140096664429,0.851926326751709,-0.13962221145629883,0.0,0.8485548496246338,0.103238046169281,0.9055274724960327,0.800000011920929,0.2650519609451294,-0.5945702791213989,1.0000000|0.0000000|0.0000000|0.0000000|0.0000000|0.0000000|0.0000000|0.0000000|0.0000000|0.0000000,0,1.0,10.514376941517574,0,0,0,0,0,
cross_town,Town02,mixed,11,181,9.05,189.7357177734375,121.20982360839844,0.22167754173278809,90.07781982421875,7.6293872533980525e-06,500.4354450179987,1.5245497122630576e-06,0.0,2.663161091653876e-07,2.0256051312679837e-06,0.4456512933365072,0.6567644476890564,0.4039522707462311,0.38353314995765686,0.0,0.7685548663139343,0.18323804438114166,0.9484946131706238,0.800000011920929,0.42829737067222595,-0.33996522426605225,1.0000000|0.0000000|0.0000000|0.0000000|0.0000000|0.0000000|0.0000000|0.0000000|0.0000000|0.0000000,0,1.0,10.432992482306876,0,0,0,0,0,
cross_town,Town02,mixed,11,182,9.1,189.7357177734375,121.20982360839844,0.22167754173278809,90.07781982421875,7.6293872533980525e-06,500.4354450179987,1.5245497122630576e-06,0.0,2.663161091653876e-07,1.5160293047562378e-06,0.44994818621784355,0.09623146057128906,0.8519265055656433,-0.13962244987487793,0.0,0.8485548496246338,0.103238046169281,0.9055256843566895,0.800000011920929,0.2650468945503235,-0.5945703983306885,1.0000000|0.0000000|0.0000000|0.0000000|0.0000000|0.0000000|0.0000000|0.0000000|0.0000000|0.0000000,0,1.0,10.352541253618494,0,0,0,0,0,
cross_town,Town02,mixed,11,183,9.15,189.7357177734375,121.20982360839844,0.22167754173278809,90.07781982421875,7.6293872533980525e-06,500.4354450179987,1.5245497122630576e-06,0.0,2.663161091653876e-07,3.15857105235959e-06,0.4456512933362722,0.6567642688751221,0.4039524495601654,0.3835331201553345,0.0,0.7685548663139343,0.18323804438114166,0.9484946131706238,0.800000011920929,0.42829760909080505,-0.33996498584747314,1.0000000|0.0000000|0.0000000|0.0000000|0.0000000|0.0000000|0.0000000|0.0000000|0.0000000|0.0000000,0,1.0,10.272518060892917,0,0,0,0,0,
cross_town,Town02,mixed,11,184,9.2,189.7357177734375,121.20982360839844,0.22167754173278809,90.07781982421875,7.6293872533980525e-06,500.4354450179987,1.5245497122630576e-06,0.0,2.663161091653876e-07,3.67518888957179e-06,0.4499480014433128,0.09623146057128906,0.8519265055656433,-0.13962189853191376,0.0,0.8485548496246338,0.103238046169281,0.9055275321006775,0.800000011920929,0.26505252718925476,-0.5945702791213989,1.0000000|0.0000000|0.0000000|0.0000000|0.0000000|0.0000000|0.0000000|0.0000000|0.0000000|0.0000000,0,1.0,10.192834700831037,0,0,0,0,0,
cross_town,Town02,mixed,11,185,9.25,189.7357177734375,121.20982360839844,0.22167754173278809,90.07781982421875,7.6293872533980525e-06,500.4354450179987,1.5245497122630576e-06,0.0,2.663161091653876e-07,4.291536420596281e-06,0.44565134698050785,0.6567651033401489,0.40395238995552063,0.3835318386554718,0.0,0.7685548663139343,0.18323804438114166,0.9484940767288208,0.800000011920929,0.42829498648643494,-0.33996593952178955,1.0000000|0.0000000|0.0000000|0.0000000|0.0000000|0.0000000|0.0000000|0.0000000|0.0000000|0.0000000,0,1.0,10.114045817880802,0,0,0,0,0,
cross_town,Town02,mixed,11,186,9.3,189.7357177734375,121.20982360839844,0.22167754173278809,90.07781982421875,7.6293872533980525e-06,500.4354450179987,1.5245497122630576e-06,0.0,2.663161091653876e-07,0.0,0.44994798952252185,0.09623152017593384,0.8519265055656433,-0.1396222561597824,0.0,0.8485548496246338,0.103238046169281,0.905527651309967,0.800000011920929,0.26505276560783386,-0.594570517539978,1.0000000|0.0000000|0.0000000|0.0000000|0.0000000|0.0000000|0.0000000|0.0000000|0.0000000|0.0000000,0,1.0,10.035450301350757,0,0,0,0,0,
cross_town,Town02,mixed,11,187,9.35,189.7357177734375,121.20982360839844,0.22167754173278809,90.07781982421875,7.6293872533980525e-06,500.4354450179987,1.5245497122630576e-06,0.0,2.663161091653876e-07,5.836507881687474e-07,0.44565120392954016,0.6567638516426086,0.4039522707462311,0.3835337162017822,0.0,0.7685548663139343,0.18323804438114166,0.9484955072402954,0.800000011920929,0.4283018112182617,-0.33996450901031494,1.0000000|0.0000000|0.0000000|0.0000000|0.0000000|0.0000000|0.0000000|0.0000000|0.0000000|0.0000000,0,1.0,9.957736642180409,0,0,0,0,0,
cross_town,Town02,mixed,11,188,9.4,189.7357177734375,121.20982360839844,0.22167754173278809,90.07781982421875,7.6293872533980525e-06,500.4354450179987,1.5245497122630576e-06,0.0,2.663161091653876e-07,1.1329660406013445e-06,0.449947989522573,0.09623146057128906,0.851926326751709,-0.1396220475435257,0.0,0.8485548496246338,0.103238046169281,0.905527651309967,0.800000011920929,0.26505279541015625,-0.594570517539978,1.0000000|0.0000000|0.0000000|0.0000000|0.0000000|0.0000000|0.0000000|0.0000000|0.0000000|0.0000000,0,1.0,9.905862304484176,0,0,0,0,0,
cross_town,Town02,mixed,11,189,9.45,189.7357177734375,121.20982360839844,0.22167754173278809,90.07781982421875,7.6293872533980525e-06,500.4354450179987,1.5245497122630576e-06,0.0,2.663161091653876e-07,1.7166144501062045e-06,0.4456512694946494,0.6567642688751221,0.4039522111415863,0.3835330009460449,0.0,0.7685548663139343,0.18323804438114166,0.9484948515892029,0.800000011920929,0.42829862236976624,-0.33996474742889404,1.0000000|0.0000000|0.0000000|0.0000000|0.0000000|0.0000000|0.0000000|0.0000000|0.0000000|0.0000000,0,1.0,9.86266957758182,0,0,0,0,0,
cross_town,Town02,mixed,11,190,9.5,189.7357177734375,121.20982360839844,0.22167754173278809,90.07781982421875,7.6293872533980525e-06,500.4354450179987,1.5245497122630576e-06,0.0,2.663161091653876e-07,2.300263038707735e-06,0.4499480670086111,0.09623146057128906,0.8519264459609985,-0.13962213695049286,0.0,0.8485548496246338,0.103238046169281,0.905526876449585,0.800000011920929,0.26505047082901,-0.5945703983306885,1.0000000|0.0000000|0.0000000|0.0000000|0.0000000|0.0000000|0.0000000|0.0000000|0.0000000|0.0000000,0,1.0,9.673728551844045,0,0,0,0,0,
cross_town,Town02,mixed,11,191,9.55,189.7357177734375,121.20982360839844,0.22167754173278809,90.07781982421875,7.6293872533980525e-06,500.4354450179987,1.5245497122630576e-06,0.0,2.663161091653876e-07,2.8152540314728517e-06,0.44565129333650727,0.6567645072937012,0.4039522409439087,0.3835325539112091,0.0,0.7685548663139343,0.18323804438114166,0.9484946131706238,0.800000011920929,0.4282974302768707,-0.33996570110321045,1.0000000|0.0000000|0.0000000|0.0000000|0.0000000|0.0000000|0.0000000|0.0000000|0.0000000|0.0000000,0,1.0,9.410533178067391,0,0,0,0,0,
cross_town,Town02,mixed,11,192,9.6,189.7357177734375,121.20982360839844,0.22167754173278809,90.07781982421875,7.6293872533980525e-06,500.4354450179987,1.5245497122630576e-06,0.0,2.663161091653876e-07,3.3663576584260495e-06,0.44994816833647105,0.09623143076896667,0.8519265055656433,-0.13962200284004211,0.0,0.8485548496246338,0.103238046169281,0.9055258631706238,0.800000011920929,0.2650473713874817,-0.5945703983306885,1.0000000|0.0000000|0.0000000|0.0000000|0.0000000|0.0000000|0.0000000|0.0000000|0.0000000|0.0000000,0,1.0,9.198129090731777,0,0,0,0,0,
cross_town,Town02,mixed,11,193,9.65,189.7357177734375,121.20982360839844,0.22167754173278809,90.07781982421875,7.6293872533980525e-06,500.4354450179987,1.5245497122630576e-06,0.0,2.663161091653876e-07,3.948214323829516e-06,0.4456512933363319,0.6567651033401489,0.40395238995552063,0.38353195786476135,0.0,0.7685548663139343,0.18323804438114166,0.9484946131706238,0.800000011920929,0.4282974302768707,-0.3399660587310791,1.0000000|0.0000000|0.0000000|0.0000000|0.0000000|0.0000000|0.0000000|0.0000000|0.0000000|0.0000000,0,1.0,9.023765972845085,0,0,0,0,0,
cross_town,Town02,mixed,11,194,9.7,189.7357177734375,121.20982360839844,0.22167754173278809,90.07781982421875,7.6293872533980525e-06,500.4354450179987,1.5245497122630576e-06,0.0,2.663161091653876e-07,4.463196088833476e-06,0.449948001443452,0.09623152017593384,0.8519265651702881,-0.139622300863266,0.0,0.8485548496246338,0.103238046169281,0.9055275321006775,0.800000011920929,0.2650523781776428,-0.5945706367492676,1.0000000|0.0000000|0.0000000|0.0000000|0.0000000|0.0000000|0.0000000|0.0000000|0.0000000|0.0000000,0,1.0,8.877525523806435,0,0,0,0,0,
cross_town,Town02,mixed,11,195,9.75,189.7357177734375,121.20982360839844,0.22167754173278809,90.07781982421875,7.6293872533980525e-06,500.4354450179987,1.5245497122630576e-06,0.0,2.663161091653876e-07,3.776612548148929e-07,0.4456513350597586,0.6567649841308594,0.40395215153694153,0.38353225588798523,0.0,0.7685548663139343,0.18323804438114166,0.9484941959381104,0.800000011920929,0.428295373916626,-0.3399658203125,1.0000000|0.0000000|0.0000000|0.0000000|0.0000000|0.0000000|0.0000000|0.0000000|0.0000000|0.0000000,0,1.0,8.751217768794794,0,0,0,0,0,
cross_town,Town02,mixed,11,196,9.8,189.7357177734375,121.20982360839844,0.22167754173278809,90.07781982421875,7.6293872533980525e-06,500.4354450179987,1.5245497122630576e-06,0.0,2.663161091653876e-07,8.926415650149566e-07,0.44994808489000443,0.09623143076896667,0.851926326751709,-0.13962197303771973,0.0,0.8485548496246338,0.103238046169281,0.9055266976356506,0.800000011920929,0.26504993438720703,-0.5945707559585571,1.0000000|0.0000000|0.0000000|0.0000000|0.0000000|0.0000000|0.0000000|0.0000000|0.0000000|0.0000000,0,1.0,8.639543897415006,0,0,0,0,0,
cross_town,Town02,mixed,11,197,9.85,189.7357177734375,121.20982360839844,0.22167754173278809,90.07781982421875,7.6293872533980525e-06,500.4354450179987,1.5245497122630576e-06,0.0,2.663161091653876e-07,1.476288859811521e-06,0.4456512814155782,0.6567640900611877,0.40395233035087585,0.38353297114372253,0.0,0.7685548663139343,0.18323804438114166,0.9484947323799133,0.800000011920929,0.42829814553260803,-0.3399651050567627,1.0000000|0.0000000|0.0000000|0.0000000|0.0000000|0.0000000|0.0000000|0.0000000|0.0000000|0.0000000,0,1.0,8.537980959787516,0,0,0,0,0,
cross_town,Town02,mixed,11,198,9.9,189.7357177734375,121.20982360839844,0.22167754173278809,90.07781982421875,7.6293872533980525e-06,500.4354450179987,1.5245497122630576e-06,0.0,2.663161091653876e-07,2.059937807850392e-06,0.44994807892954003,0.09623146057128906,0.851926326751709,-0.1396220624446869,0.0,0.8485548496246338,0.103238046169281,0.9055267572402954,0.800000011920929,0.26505011320114136,-0.5945706367492676,1.0000000|0.0000000|0.0000000|0.0000000|0.0000000|0.0000000|0.0000000|0.0000000|0.0000000|0.0000000,0,1.0,8.443746416862819,0,0,0,0,0,
cross_town,Town02,mixed,11,199,9.95,189.7357177734375,121.20982360839844,0.22167754173278809,90.07781982421875,7.6293872533980525e-06,500.4354450179987,1.5245497122630576e-06,0.0,2.663161091653876e-07,2.677918109185267e-06,0.4456513231388296,0.6567645072937012,0.4039522707462311,0.3835325837135315,0.0,0.7685548663139343,0.18323804438114166,0.9484943151473999,0.800000011920929,0.4282960891723633,-0.3399655818939209,1.0000000|0.0000000|0.0000000|0.0000000|0.0000000|0.0000000|0.0000000|0.0000000|0.0000000|0.0000000,0,1.0,8.355030246947742,0,0,0,0,0,
cross_town,Town02,mixed,11,200,10.0,189.7357177734375,121.20982360839844,0.22167754173278809,90.07781982421875,7.6293872533980525e-06,500.4354450179987,1.5245497122630576e-06,0.0,2.663161091653876e-07,3.192907677660094e-06,0.44994816833650725,0.09623143076896667,0.8519265055656433,-0.13962200284004211,0.0,0.8485548496246338,0.103238046169281,0.9055258631706238,0.800000011920929,0.2650473713874817,-0.5945703983306885,1.0000000|0.0000000|0.0000000|0.0000000|0.0000000|0.0000000|0.0000000|0.0000000|0.0000000|0.0000000,0,1.0,8.270280341294827,0,0,0,0,0,
cross_town,Town02,mixed,11,201,10.05,189.7357177734375,121.20982360839844,0.22167754173278809,90.07781982421875,7.6293872533980525e-06,500.4354450179987,1.5245497122630576e-06,0.0,2.663161091653876e-07,3.778082707768884e-06,0.44565123969229253,0.6567646265029907,0.40395209193229675,0.38353288173675537,0.0,0.7685548663139343,0.18323804438114166,0.9484951496124268,0.800000011920929,0.4283004701137543,-0.3399658203125,1.0000000|0.0000000|0.0000000|0.0000000|0.0000000|0.0000000|0.0000000|0.0000000|0.0000000|0.0000000,0,1.0,8.188463623013805,0,0,0,0,0,
cross_town,Town02,mixed,11,202,10.1,189.7357177734375,121.20982360839844,0.22167754173278809,90.07781982421875,7.6293872533980525e-06,500.4354450179987,1.5245497122630576e-06,0.0,2.663161091653876e-07,4.360200962012357e-06,0.4499481862177327,0.09623152017593384,0.8519265055656433,-0.13962239027023315,0.0,0.8485548496246338,0.103238046169281,0.9055256843566895,0.800000011920929,0.2650468945503235,-0.5945706367492676,1.0000000|0.0000000|0.0000000|0.0000000|0.0000000|0.0000000|0.0000000|0.0000000|0.0000000|0.0000000,0,1.0,8.108848244547,0,0,0,0,0,
cross_town,Town02,mixed,11,203,10.15,189.7357177734375,121.20982360839844,0.22167754173278809,90.07781982421875,7.6293872533980525e-06,500.4354450179987,1.5245497122630576e-06,0.0,2.663161091653876e-07,1.3733719112914472e-07,0.4456512933364591,0.6567650437355042,0.4039522707462311,0.3835321366786957,0.0,0.7685548663139343,0.18323804438114166,0.9484946131706238,0.800000011920929,0.42829784750938416,-0.33996593952178955,1.0000000|0.0000000|0.0000000|0.0000000|0.0000000|0.0000000|0.0000000|0.0000000|0.0000000|0.0000000,0,1.0,8.030916071457469,0,0,0,0,0,
cross_town,Town02,mixed,11,204,10.2,189.7357177734375,121.20982360839844,0.22167754173278809,90.07781982421875,7.6293872533980525e-06,500.4354450179987,1.5245497122630576e-06,0.0,2.663161091653876e-07,6.866497971260145e-07,0.44994808489000465,0.09623146057128906,0.8519265055656433,-0.13962166011333466,0.0,0.8485548496246338,0.103238046169281,0.9055266976356506,0.800000011920929,0.2650497555732727,-0.5945712327957153,1.0000000|0.0000000|0.0000000|0.0000000|0.0000000|0.0000000|0.0000000|0.0000000|0.0000000|0.0000000,0,1.0,7.954295101218646,0,0,0,0,0,
cross_town,Town02,mixed,11,205,10.25,189.7357177734375,121.20982360839844,0.22167754173278809,90.07781982421875,7.6293872533980525e-06,500.4354450179987,1.5245497122630576e-06,0.0,2.663161091653876e-07,1.3389596332044513e-06,0.445651227771398,0.6567641496658325,0.40395215153694153,0.38353341817855835,0.0,0.7685548663139343,0.18323804438114166,0.9484952688217163,0.800000011920929,0.4283009171485901,-0.3399653434753418,1.0000000|0.0000000|0.0000000|0.0000000|0.0000000|0.0000000|0.0000000|0.0000000|0.0000000|0.0000000,0,1.0,7.878719433650039,0,0,0,0,0,
cross_town,Town02,mixed,11,206,10.3,189.7357177734375,121.20982360839844,0.22167754173278809,90.07781982421875,7.6293872533980525e-06,500.4354450179987,1.5245497122630576e-06,0.0,2.663161091653876e-07,4.5476778221800737e-07,0.4499481742967286,0.09623146057128906,0.8519264459609985,-0.1396220326423645,0.0,0.8485548496246338,0.103238046169281,0.905525803565979,0.800000011920929,0.2650472819805145,-0.594570517539978,1.0000000|0.0000000|0.0000000|0.0000000|0.0000000|0.0000000|0.0000000|0.0000000|0.0000000|0.0000000,0,1.0,7.804000187072224,0,0,0,0,0,
cross_town,Town02,mixed,11,207,10.35,189.7357177734375,121.20982360839844,0.22167754173278809,90.07781982421875,7.6293872533980525e-06,500.4354450179987,1.5245497122630576e-06,0.0,2.663161091653876e-07,2.4719240603130198e-06,0.44565122777044086,0.6567642092704773,0.40395230054855347,0.3835333585739136,0.0,0.7685548663139343,0.18323804438114166,0.9484952688217163,0.800000011920929,0.42830079793930054,-0.3399655818939209,1.0000000|0.0000000|0.0000000|0.0000000|0.0000000|0.0000000|0.0000000|0.0000000|0.0000000|0.0000000,0,1.0,7.729997257949044,0,0,0,0,0,
cross_town,Town02,mixed,11,208,10.4,189.7357177734375,121.20982360839844,0.22167754173278809,90.07781982421875,7.6293872533980525e-06,500.4354450179987,1.5245497122630576e-06,0.0,2.663161091653876e-07,3.08990548008505e-06,0.44994806700836915,0.09623143076896667,0.8519264459609985,-0.1396218240261078,0.0,0.8485548496246338,0.103238046169281,0.905526876449585,0.800000011920929,0.2650502324104309,-0.5945702791213989,1.0000000|0.0000000|0.0000000|0.0000000|0.0000000|0.0000000|0.0000000|0.0000000|0.0000000|0.0000000,0,1.0,7.65660998654458,0,0,0,0,0,
cross_town,Town02,mixed,11,209,10.45,189.7357177734375,121.20982360839844,0.22167754173278809,90.07781982421875,7.6293872533980525e-06,500.4354450179987,1.5245497122630576e-06,0.0,2.663161091653876e-07,3.6735534931041855e-06,0.44565129929697167,0.6567646265029907,0.40395209193229675,0.38353288173675537,0.0,0.7685548663139343,0.18323804438114166,0.948494553565979,0.800000011920929,0.4282972812652588,-0.3399658203125,1.0000000|0.0000000|0.0000000|0.0000000|0.0000000|0.0000000|0.0000000|0.0000000|0.0000000|0.0000000,0,1.0,7.583765897357548,0,0,0,0,0,
cross_town,Town02,mixed,11,210,10.5,189.7357177734375,121.20982360839844,0.22167754173278809,90.07781982421875,7.6293872533980525e-06,500.4354450179987,1.5245497122630576e-06,0.0,2.663161091653876e-07,4.3602002540329975e-06,0.4499480670086111,0.09623152017593384,0.8519265055656433,-0.13962242007255554,0.0,0.8485548496246338,0.103238046169281,0.905526876449585,0.800000011920929,0.26505032181739807,-0.594570517539978,1.0000000|0.0000000|0.0000000|0.0000000|0.0000000|0.0000000|0.0000000|0.0000000|0.0000000|0.0000000,0,1.0,7.511255182374299,0,0,0,0,0,
cross_town,Town02,mixed,11,211,10.55,189.7357177734375,121.20982360839844,0.22167754173278809,90.07781982421875,7.6293872533980525e-06,500.4354450179987,1.5245497122630576e-06,0.0,2.663161091653876e-07,4.943848037987946e-06,0.44565129333650727,0.6567650437355042,0.4039522707462311,0.3835321366786957,0.0,0.7685548663139343,0.18323804438114166,0.9484946131706238,0.800000011920929,0.42829784750938416,-0.33996593952178955,1.0000000|0.0000000|0.0000000|0.0000000|0.0000000|0.0000000|0.0000000|0.0000000|0.0000000|0.0000000,0,1.0,7.439287753511268,0,0,0,0,0,
cross_town,Town02,mixed,11,212,10.6,189.7357177734375,121.20982360839844,0.22167754173278809,90.07781982421875,7.6293872533980525e-06,500.4354450179987,1.5245497122630576e-06,0.0,2.663161091653876e-07,4.1199644132684237e-07,0.44994814449464937,0.09623157978057861,0.8519265055656433,-0.13962218165397644,0.0,0.8485548496246338,0.103238046169281,0.9055261015892029,0.800000011920929,0.2650480568408966,-0.5945708751678467,1.0000000|0.0000000|0.0000000|0.0000000|0.0000000|0.0000000|0.0000000|0.0000000|0.0000000|0.0000000,0,1.0,7.3679002527673045,0,0,0,0,0,
cross_town,Town02,mixed,11,213,10.65,189.7357177734375,121.20982360839844,0.22167754173278809,90.07781982421875,7.6293872533980525e-06,500.4354450179987,1.5245497122630576e-06,0.0,2.663161091653876e-07,1.064301802669852e-06,0.4456512277713979,0.6567641496658325,0.40395215153694153,0.38353341817855835,0.0,0.7685548663139343,0.18323804438114166,0.9484952688217163,0.800000011920929,0.4283009171485901,-0.3399653434753418,1.0000000|0.0000000|0.0000000|0.0000000|0.0000000|0.0000000|0.0000000|0.0000000|0.0000000|0.0000000,0,1.0,7.296816348684979,0,0,0,0,0,
cross_town,Town02,mixed,11,214,10.7,189.7357177734375,121.20982360839844,0.22167754173278809,90.07781982421875,7.6293872533980525e-06,500.4354450179987,1.5245497122630576e-06,0.0,2.663161091653876e-07,1.716613886132125e-06,0.4499479418388571,0.09623146057128906,0.851926326751709,-0.1396220326423645,0.0,0.8485548496246338,0.103238046169281,0.9055281281471252,0.800000011920929,0.2650541365146637,-0.594570517539978,1.0000000|0.0000000|0.0000000|0.0000000|0.0000000|0.0000000|0.0000000|0.0000000|0.0000000|0.0000000,0,1.0,7.226113175595259,0,0,0,0,0,
cross_town,Town02,mixed,11,215,10.75,189.7357177734375,121.20982360839844,0.22167754173278809,90.07781982421875,7.6293872533980525e-06,500.4354450179987,1.5245497122630576e-06,0.0,2.663161091653876e-07,2.265931886369601e-06,0.445651227771398,0.6567642688751221,0.40395233035087585,0.3835330605506897,0.0,0.7685548663139343,0.18323804438114166,0.9484952688217163,0.800000011920929,0.4283009171485901,-0.3399653434753418,1.0000000|0.0000000|0.0000000|0.0000000|0.0000000|0.0000000|0.0000000|0.0000000|0.0000000|0.0000000,0,1.0,7.155784703347801,0,0,0,0,0,
cross_town,Town02,mixed,11,216,10.8,189.7357177734375,121.20982360839844,0.22167754173278809,90.07781982421875,7.6293872533980525e-06,500.4354450179987,1.5245497122630576e-06,0.0,2.663161091653876e-07,2.8495806809661546e-06,0.44994800740396634,0.09623143076896667,0.8519265055656433,-0.13962207734584808,0.0,0.8485548496246338,0.103238046169281,0.9055274724960327,0.800000011920929,0.2650519609451294,-0.5945703983306885,1.0000000|0.0000000|0.0000000|0.0000000|0.0000000|0.0000000|0.0000000|0.0000000|0.0000000|0.0000000,0,1.0,7.085825001509796,0,0,0,0,0,
cross_town,Town02,mixed,11,217,10.85,189.7357177734375,121.20982360839844,0.22167754173278809,90.07781982421875,7.6293872533980525e-06,500.4354450179987,1.5245497122630576e-06,0.0,2.663161091653876e-07,3.536224792308268e-06,0.4456513350597586,0.6567646861076355,0.4039522409439087,0.3835328221321106,0.0,0.7685548663139343,0.18323804438114166,0.9484941959381104,0.800000011920929,0.4282955527305603,-0.33996593952178955,1.0000000|0.0000000|0.0000000|0.0000000|0.0000000|0.0000000|0.0000000|0.0000000|0.0000000|0.0000000,0,1.0,7.016377411460442,0,0,0,0,0,
cross_town,Town02,mixed,11,218,10.9,189.7357177734375,121.20982360839844,0.22167754173278809,90.07781982421875,7.6293872533980525e-06,500.4354450179987,1.5245497122630576e-06,0.0,2.663161091653876e-07,3.948809132381684e-06,0.4499481146923084,0.09623152017593384,0.8519265055656433,-0.13962242007255554,0.0,0.8485548496246338,0.103238046169281,0.9055263996124268,0.800000011920929,0.2650488615036011,-0.594570517539978,1.0000000|0.0000000|0.0000000|0.0000000|0.0000000|0.0000000|0.0000000|0.0000000|0.0000000|0.0000000,0,1.0,6.947041883478001,0,0,0,0,0,
cross_town,Town02,mixed,11,219,10.95,189.7357177734375,121.20982360839844,0.22167754173278809,90.07781982421875,7.6293872533980525e-06,500.4354450179987,1.5245497122630576e-06,0.0,2.663161091653876e-07,4.46319618442727e-06,0.44565137678293654,0.6567651629447937,0.4039526581764221,0.38353219628334045,0.0,0.7685548663139343,0.18323804438114166,0.9484937787055969,0.800000011920929,0.4282931387424469,-0.33996617794036865,1.0000000|0.0000000|0.0000000|0.0000000|0.0000000|0.0000000|0.0000000|0.0000000|0.0000000|0.0000000,0,1.0,6.878143599593919,0,0,0,0,0,
cross_town,Town02,mixed,11,220,11.0,189.7357177734375,121.20982360839844,0.22167754173278809,90.07781982421875,7.6293872533980525e-06,500.4354450179987,1.5245497122630576e-06,0.0,2.663161091653876e-07,2.4037064904351097e-07,0.4499479895225511,0.09623152017593384,0.8519265055656433,-0.13962224125862122,0.0,0.8485548496246338,0.103238046169281,0.905527651309967,0.800000011920929,0.26505276560783386,-0.5945703983306885,1.0000000|0.0000000|0.0000000|0.0000000|0.0000000|0.0000000|0.0000000|0.0000000|0.0000000|0.0000000,0,1.0,6.809590755544005,0,0,0,0,0,
cross_town,Town02,mixed,11,221,11.05,189.7357177734375,121.20982360839844,0.22167754173278809,90.07781982421875,7.6293872533980525e-06,500.4354450179987,1.5245497122630576e-06,0.0,2.663161091653876e-07,8.583075692885866e-07,0.4456511920086107,0.6567637920379639,0.40395233035087585,0.3835338056087494,0.0,0.7685548663139343,0.18323804438114166,0.948495626449585,0.800000011920929,0.42830267548561096,-0.3399646282196045,1.0000000|0.0000000|0.0000000|0.0000000|0.0000000|0.0000000|0.0000000|0.0000000|0.0000000|0.0000000,0,1.0,6.741374555802145,0,0,0,0,0,
cross_town,Town02,mixed,11,222,11.1,189.7357177734375,121.20982360839844,0.22167754173278809,90.07781982421875,7.6293872533980525e-06,500.4354450179987,1.5245497122630576e-06,0.0,2.663161091653876e-07,1.4076408560294925e-06,0.4499480193248952,0.09623146057128906,0.851926326751709,-0.1396220326423645,0.0,0.8485548496246338,0.103238046169281,0.9055273532867432,0.800000011920929,0.26505181193351746,-0.594570517539978,1.0000000|0.0000000|0.0000000|0.0000000|0.0000000|0.0000000|0.0000000|0.0000000|0.0000000|0.0000000,0,1.0,6.673489392837818,0,0,0,0,0,
cross_town,Town02,mixed,11,223,11.15,189.7357177734375,121.20982360839844,0.22167754173278809,90.07781982421875,7.6293872533980525e-06,500.4354450179987,1.5245497122630576e-06,0.0,2.663161091653876e-07,1.991281172124469e-06,0.4456512933365071,0.6567644476890564,0.4039522707462311,0.38353314995765686,0.0,0.7685548663139343,0.18323804438114166,0.9484946131706238,0.800000011920929,0.42829781770706177,-0.33996522426605225,1.0000000|0.0000000|0.0000000|0.0000000|0.0000000|0.0000000|0.0000000|0.0000000|0.0000000|0.0000000,0,1.0,6.6059291642418785,0,0,0,0,0,
cross_town,Town02,mixed,11,224,11.2,189.7357177734375,121.20982360839844,0.22167754173278809,90.07781982421875,7.6293872533980525e-06,500.4354450179987,1.5245497122630576e-06,0.0,2.663161091653876e-07,1.009525700510602e-06,0.44994807892943806,0.09623143076896667,0.8519265055656433,-0.13962218165397644,0.0,0.8485548496246338,0.103238046169281,0.9055267572402954,0.800000011920929,0.26505014300346375,-0.5945702791213989,1.0000000|0.0000000|0.0000000|0.0000000|0.0000000|0.0000000|0.0000000|0.0000000|0.0000000|0.0000000,0,1.0,6.538687558542426,0,0,0,0,0,
cross_town,Town02,mixed,11,225,11.25,189.7357177734375,121.20982360839844,0.22167754173278809,90.07781982421875,7.6293872533980525e-06,500.4354450179987,1.5245497122630576e-06,0.0,2.663161091653876e-07,3.0555827312808627e-06,0.44565131121747037,0.6567642688751221,0.40395233035087585,0.383532851934433,0.0,0.7685548663139343,0.18323804438114166,0.9484944343566895,0.800000011920929,0.4282965660095215,-0.33996474742889404,1.0000000|0.0000000|0.0000000|0.0000000|0.0000000|0.0000000|0.0000000|0.0000000|0.0000000|0.0000000,0,1.0,6.471763329885381,0,0,0,0,0,
cross_town,Town02,mixed,11,226,11.3,189.7357177734375,121.20982360839844,0.22167754173278809,90.07781982421875,7.6293872533980525e-06,500.4354450179987,1.5245497122630576e-06,0.0,2.663161091653876e-07,3.5705596054856875e-06,0.44994820409917863,0.09623143076896667,0.8519265651702881,-0.13962209224700928,0.0,0.8485548496246338,0.103238046169281,0.9055255055427551,0.800000011920929,0.26504626870155334,-0.5945700407028198,1.0000000|0.0000000|0.0000000|0.0000000|0.0000000|0.0000000|0.0000000|0.0000000|0.0000000|0.0000000,0,1.0,6.4051497752103685,0,0,0,0,0,
cross_town,Town02,mixed,11,227,11.35,189.7357177734375,121.20982360839844,0.22167754173278809,90.07781982421875,7.6293872533980525e-06,500.4354450179987,1.5245497122630576e-06,0.0,2.663161091653876e-07,4.11987349199301e-06,0.4456513350597586,0.6567651033401489,0.40395238995552063,0.3835318386554718,0.0,0.7685548663139343,0.18323804438114166,0.9484941959381104,0.800000011920929,0.4282956123352051,-0.33996593952178955,1.0000000|0.0000000|0.0000000|0.0000000|0.0000000|0.0000000|0.0000000|0.0000000|0.0000000|0.0000000,0,1.0,6.338845596541349,0,0,0,0,0,
cross_town,Town02,mixed,11,228,11.4,189.7357177734375,121.20982360839844,0.22167754173278809,90.07781982421875,7.6293872533980525e-06,500.4354450179987,1.5245497122630576e-06,0.0,2.663161091653876e-07,0.0,0.44994804912721775,0.09623152017593384,0.851926326751709,-0.13962224125862122,0.0,0.8485548496246338,0.103238046169281,0.9055270552635193,0.800000011920929,0.2650509476661682,-0.5945703983306885,1.0000000|0.0000000|0.0000000|0.0000000|0.0000000|0.0000000|0.0000000|0.0000000|0.0000000|0.0000000,0,1.0,6.272841520638484,0,0,0,0,0,
cross_town,Town02,mixed,11,229,11.45,189.7357177734375,121.20982360839844,0.22167754173278809,90.07781982421875,7.6293872533980525e-06,500.4354450179987,1.5245497122630576e-06,0.0,2.663161091653876e-07,9.069854645565325e-07,0.44565120392944396,0.6567638516426086,0.4039522707462311,0.3835337162017822,0.0,0.7685548663139343,0.18323804438114166,0.9484955072402954,0.800000011920929,0.4283018112182617,-0.33996450901031494,1.0000000|0.0000000|0.0000000|0.0000000|0.0000000|0.0000000|0.0000000|0.0000000|0.0000000|0.0000000,0,1.0,6.2071398913759825,0,0,0,0,0,
cross_town,Town02,mixed,11,230,11.5,189.7357177734375,121.20982360839844,0.22167754173278809,90.07781982421875,7.6293872533980525e-06,500.4354450179987,1.5245497122630576e-06,0.0,2.663161091653876e-07,1.1673094862659236e-06,0.44994798952218445,0.09623146057128906,0.851926326751709,-0.1396220326423645,0.0,0.8485548496246338,0.103238046169281,0.905527651309967,0.800000011920929,0.2650526165962219,-0.594570517539978,1.0000000|0.0000000|0.0000000|0.0000000|0.0000000|0.0000000|0.0000000|0.0000000|0.0000000|0.0000000,0,1.0,6.141732765735153,0,0,0,0,0,
cross_town,Town02,mixed,11,231,11.55,189.7357177734375,121.20982360839844,0.22167754173278809,90.07781982421875,7.6293872533980525e-06,500.4354450179987,1.5245497122630576e-06,0.0,2.663161091653876e-07,1.7166156671719106e-06,0.4456512694945489,0.6567642092704773,0.4039521813392639,0.3835330307483673,0.0,0.7685548663139343,0.18323804438114166,0.9484948515892029,0.800000011920929,0.42829862236976624,-0.33996498584747314,1.0000000|0.0000000|0.0000000|0.0000000|0.0000000|0.0000000|0.0000000|0.0000000|0.0000000|0.0000000,0,1.0,6.07661587379243,0,0,0,0,0,
cross_town,Town02,mixed,11,232,11.6,189.7357177734375,121.20982360839844,0.22167754173278809,90.07781982421875,7.6293872533980525e-06,500.4354450179987,1.5245497122630576e-06,0.0,2.663161091653876e-07,2.2659301322324638e-06,0.4499480670086112,0.09623146057128906,0.8519264459609985,-0.13962213695049286,0.0,0.8485548496246338,0.103238046169281,0.905526876449585,0.800000011920929,0.26505047082901,-0.5945703983306885,1.0000000|0.0000000|0.0000000|0.0000000|0.0000000|0.0000000|0.0000000|0.0000000|0.0000000|0.0000000,0,1.0,6.011786979105546,0,0,0,0,0,
cross_town,Town02,mixed,11,233,11.65,189.7357177734375,121.20982360839844,0.22167754173278809,90.07781982421875,7.6293872533980525e-06,500.4354450179987,1.5245497122630576e-06,0.0,2.663161091653876e-07,2.8152482173621816e-06,0.4456512933365073,0.6567645072937012,0.4039522409439087,0.3835325539112091,0.0,0.7685548663139343,0.18323804438114166,0.9484946131706238,0.800000011920929,0.42829760909080505,-0.33996570110321045,1.0000000|0.0000000|0.0000000|0.0000000|0.0000000|0.0000000|0.0000000|0.0000000|0.0000000|0.0000000,0,1.0,5.947241423012345,0,0,0,0,0,
cross_town,Town02,mixed,11,234,11.7,189.7357177734375,121.20982360839844,0.22167754173278809,90.07781982421875,7.6293872533980525e-06,500.4354450179987,1.5245497122630576e-06,0.0,2.663161091653876e-07,3.3988967621780583e-06,0.44994816833650725,0.09623143076896667,0.8519265055656433,-0.13962200284004211,0.0,0.8485548496246338,0.103238046169281,0.9055258631706238,0.800000011920929,0.2650473713874817,-0.5945703983306885,1.0000000|0.0000000|0.0000000|0.0000000|0.0000000|0.0000000|0.0000000|0.0000000|0.0000000|0.0000000,0,1.0,5.882978143112844,0,0,0,0,0,
cross_town,Town02,mixed,11,235,11.75,189.7357177734375,121.20982360839844,0.22167754173278809,90.07781982421875,7.6293872533980525e-06,500.4354450179987,1.5245497122630576e-06,0.0,2.663161091653876e-07,3.913883342772144e-06,0.44565132313882955,0.6567651033401489,0.40395238995552063,0.3835318386554718,0.0,0.7685548663139343,0.18323804438114166,0.9484943151473999,0.800000011920929,0.4282958507537842,-0.33996593952178955,1.0000000|0.0000000|0.0000000|0.0000000|0.0000000|0.0000000|0.0000000|0.0000000|0.0000000|0.0000000,0,1.0,5.818991235996856,0,0,0,0,0,
cross_town,Town02,mixed,11,236,11.8,189.7357177734375,121.20982360839844,0.22167754173278809,90.07781982421875,7.6293872533980525e-06,500.4354450179987,1.5245497122630576e-06,0.0,2.663161091653876e-07,4.395914744871845e-06,0.4499480372062398,0.09623152017593384,0.8519265651702881,-0.139622300863266,0.0,0.8485548496246338,0.103238046169281,0.9055271744728088,0.800000011920929,0.26505136489868164,-0.5945706367492676,1.0000000|0.0000000|0.0000000|0.0000000|0.0000000|0.0000000|0.0000000|0.0000000|0.0000000|0.0000000,0,1.0,5.755279477990965,0,0,0,0,0,
cross_town,Town02,mixed,11,237,11.85,189.7357177734375,121.20982360839844,0.22167754173278809,90.07781982421875,7.6293872533980525e-06,500.4354450179987,1.5245497122630576e-06,0.0,2.663161091653876e-07,3.4337298769036697e-07,0.44565134698051206,0.6567650437355042,0.4039522707462311,0.3835321366786957,0.0,0.7685548663139343,0.18323804438114166,0.9484940767288208,0.800000011920929,0.4282948076725006,-0.33996593952178955,1.0000000|0.0000000|0.0000000|0.0000000|0.0000000|0.0000000|0.0000000|0.0000000|0.0000000|0.0000000,0,1.0,5.69183705917697,0,0,0,0,0,
cross_town,Town02,mixed,11,238,11.9,189.7357177734375,121.20982360839844,0.22167754173278809,90.07781982421875,7.6293872533980525e-06,500.4354450179987,1.5245497122630576e-06,0.0,2.663161091653876e-07,8.926599396825322e-07,0.44994808488996735,0.09623140096664429,0.851926326751709,-0.1396220475435257,0.0,0.8485548496246338,0.103238046169281,0.9055266976356506,0.800000011920929,0.26504993438720703,-0.594570517539978,1.0000000|0.0000000|0.0000000|0.0000000|0.0000000|0.0000000|0.0000000|0.0000000|0.0000000|0.0000000,0,1.0,5.6286644935463865,0,0,0,0,0,
cross_town,Town02,mixed,11,239,11.95,189.7357177734375,121.20982360839844,0.22167754173278809,90.07781982421875,7.6293872533980525e-06,500.4354450179987,1.5245497122630576e-06,0.0,2.663161091653876e-07,1.4419600089555282e-06,0.44565128141557814,0.6567640900611877,0.40395233035087585,0.38353297114372253,0.0,0.7685548663139343,0.18323804438114166,0.9484947323799133,0.800000011920929,0.42829814553260803,-0.3399651050567627,1.0000000|0.0000000|0.0000000|0.0000000|0.0000000|0.0000000|0.0000000|0.0000000|0.0000000|0.0000000,0,1.0,5.565756085818163,0,0,0,0,0,
cross_town,Town02,mixed,11,240,12.0,189.7357177734375,121.20982360839844,0.22167754173278809,90.07781982421875,7.6293872533980525e-06,500.4354450179987,1.5245497122630576e-06,0.0,2.663161091653876e-07,1.9912916701369017e-06,0.449948067008611,0.09623146057128906,0.851926326751709,-0.1396220624446869,0.0,0.8485548496246338,0.103238046169281,0.905526876449585,0.800000011920929,0.26505035161972046,-0.5945706367492676,1.0000000|0.0000000|0.0000000|0.0000000|0.0000000|0.0000000|0.0000000|0.0000000|0.0000000|0.0000000,0,1.0,5.503109391811878,0,0,0,0,0,
cross_town,Town02,mixed,11,241,12.05,189.7357177734375,121.20982360839844,0.22167754173278809,90.07781982421875,7.6293872533980525e-06,500.4354450179987,1.5245497122630576e-06,0.0,2.663161091653876e-07,2.5405954735732425e-06,0.44565129929697134,0.6567645072937012,0.4039522707462311,0.3835328221321106,0.0,0.7685548663139343,0.18323804438114166,0.948494553565979,0.800000011920929,0.428297221660614,-0.33996570110321045,1.0000000|0.0000000|0.0000000|0.0000000|0.0000000|0.0000000|0.0000000|0.0000000|0.0000000|0.0000000,0,1.0,5.440722445766967,0,0,0,0,0,
cross_town,Town02,mixed,11,242,12.1,189.7357177734375,121.20982360839844,0.22167754173278809,90.07781982421875,7.6293872533980525e-06,500.4354450179987,1.5245497122630576e-06,0.0,2.663161091653876e-07,3.08992276982173e-06,0.44994800740396584,0.09623140096664429,0.8519264459609985,-0.13962171971797943,0.0,0.8485548496246338,0.103238046169281,0.9055274724960327,0.800000011920929,0.26505205035209656,-0.5945702791213989,1.0000000|0.0000000|0.0000000|0.0000000|0.0000000|0.0000000|0.0000000|0.0000000|0.0000000|0.0000000,0,1.0,5.378590460705004,0,0,0,0,0,
cross_town,Town02,mixed,11,243,12.15,189.7357177734375,121.20982360839844,0.22167754173278809,90.07781982421875,7.6293872533980525e-06,500.4354450179987,1.5245497122630576e-06,0.0,2.663161091653876e-07,3.6392267382055677e-06,0.44565129929697106,0.6567646265029907,0.40395209193229675,0.38353288173675537,0.0,0.7685548663139343,0.18323804438114166,0.948494553565979,0.800000011920929,0.4282972812652588,-0.3399658203125,1.0000000|0.0000000|0.0000000|0.0000000|0.0000000|0.0000000|0.0000000|0.0000000|0.0000000|0.0000000,0,1.0,5.316713169759031,0,0,0,0,0,
cross_town,Town02,mixed,11,244,12.2,189.7357177734375,121.20982360839844,0.22167754173278809,90.07781982421875,7.6293872533980525e-06,500.4354450179987,1.5245497122630576e-06,0.0,2.663161091653876e-07,4.188543714307347e-06,0.44994809681093334,0.09623152017593384,0.8519265055656433,-0.13962242007255554,0.0,0.8485548496246338,0.103238046169281,0.9055265784263611,0.800000011920929,0.2650495171546936,-0.594570517539978,1.0000000|0.0000000|0.0000000|0.0000000|0.0000000|0.0000000|0.0000000|0.0000000|0.0000000|0.0000000,0,1.0,5.255085772062949,0,0,0,0,0,
cross_town,Town02,mixed,11,245,12.25,189.7357177734375,121.20982360839844,0.22167754173278809,90.07781982421875,7.6293872533980525e-06,500.4354450179987,1.5245497122630576e-06,0.0,2.663161091653876e-07,1.3733719112577824e-07,0.4456512992969715,0.6567650437355042,0.4039522111415863,0.38353219628334045,0.0,0.7685548663139343,0.18323804438114166,0.948494553565979,0.800000011920929,0.4282972812652588,-0.33996617794036865,1.0000000|0.0000000|0.0000000|0.0000000|0.0000000|0.0000000|0.0000000|0.0000000|0.0000000|0.0000000,0,1.0,5.193706664978796,0,0,0,0,0,
cross_town,Town02,mixed,11,246,12.3,189.7357177734375,121.20982360839844,0.22167754173278809,90.07781982421875,7.6293872533980525e-06,500.4354450179987,1.5245497122630576e-06,0.0,2.663161091653876e-07,6.866562489818376e-07,0.44994808489000454,0.09623146057128906,0.8519265055656433,-0.13962166011333466,0.0,0.8485548496246338,0.103238046169281,0.9055266976356506,0.800000011920929,0.2650497555732727,-0.5945712327957153,1.0000000|0.0000000|0.0000000|0.0000000|0.0000000|0.0000000|0.0000000|0.0000000|0.0000000|0.0000000,0,1.0,5.132574238511473,0,0,0,0,0,
cross_town,Town02,mixed,11,247,12.35,189.7357177734375,121.20982360839844,0.22167754173278809,90.07781982421875,7.6293872533980525e-06,500.4354450179987,1.5245497122630576e-06,0.0,2.663161091653876e-07,1.2359804840409554e-06,0.44565122777139804,0.6567641496658325,0.40395215153694153,0.38353341817855835,0.0,0.7685548663139343,0.18323804438114166,0.9484952688217163,0.800000011920929,0.4283009171485901,-0.3399653434753418,1.0000000|0.0000000|0.0000000|0.0000000|0.0000000|0.0000000|0.0000000|0.0000000|0.0000000|0.0000000,0,1.0,5.071684522216684,0,0,0,0,0,
cross_town,Town02,mixed,11,248,12.4,189.7357177734375,121.20982360839844,0.22167754173278809,90.07781982421875,7.6293872533980525e-06,500.4354450179987,1.5245497122630576e-06,0.0,2.663161091653876e-07,1.785281401021332e-06,0.4499480193248949,0.09623146057128906,0.851926326751709,-0.1396220326423645,0.0,0.8485548496246338,0.103238046169281,0.9055273532867432,0.800000011920929,0.2650516629219055,-0.594570517539978,1.0000000|0.0000000|0.0000000|0.0000000|0.0000000|0.0000000|0.0000000|0.0000000|0.0000000|0.0000000,0,1.0,5.011035647091959,0,0,0,0,0,
cross_town,Town02,mixed,11,249,12.45,189.7357177734375,121.20982360839844,0.22167754173278809,90.07781982421875,7.6293872533980525e-06,500.4354450179987,1.5245497122630576e-06,0.0,2.663161091653876e-07,2.334596688004613e-06,0.445651281415578,0.6567642688751221,0.4039522707462311,0.3835330605506897,0.0,0.7685548663139343,0.18323804438114166,0.9484947323799133,0.800000011920929,0.4282979965209961,-0.33996474742889404,1.0000000|0.0000000|0.0000000|0.0000000|0.0000000|0.0000000|0.0000000|0.0000000|0.0000000|0.0000000,0,1.0,4.950625130673742,0,0,0,0,0,
cross_town,Town02,mixed,11,250,12.5,189.7357177734375,121.20982360839844,0.22167754173278809,90.07781982421875,7.6293872533980525e-06,500.4354450179987,1.5245497122630576e-06,0.0,2.663161091653876e-07,2.91824746290113e-06,0.4499480312458243,0.09623143076896667,0.8519265055656433,-0.13962207734584808,0.0,0.8485548496246338,0.103238046169281,0.9055272340774536,0.800000011920929,0.26505154371261597,-0.5945703983306885,1.0000000|0.0000000|0.0000000|0.0000000|0.0000000|0.0000000|0.0000000|0.0000000|0.0000000|0.0000000,0,1.0,4.890451650844673,0,0,1,0,0,stuck
