protocol,town,weather,episode,t,sim_time_s,ego_x,ego_y,ego_z,ego_yaw_deg,route_s_m,route_remaining_m,route_completion_pct,cte_m,route_heading_rad,speed_kmh,reward,command_throttle,command_brake,command_steer,applied_throttle,applied_brake,applied_steer,sigma_bar,sigma_ale,sigma_epi,policy_entropy_proxy,attention,top_attention_index,top_attention_value,ttc_s,collision,off_route,timeout,red_light_violation,intervention,terminal_reason
cross_town,Town02,mixed,15,1,0.05,193.68222045898438,160.58309936523438,0.15079757571220398,-89.92217254638672,0.003189063150012868,499.2999938704299,0.0006387027479528596,1.52587890625e-05,1.331580543606492e-07,0.4665258944034589,0.44020413356421956,0.06792435050010681,0.9131218194961548,-0.6889362931251526,0.0,0.07999999821186066,-0.07999999821186066,1.0,0.800000011920929,14.217857360839844,2.715068817138672,1.0000000|0.0000000|0.0000000|0.0000000|0.0000000|0.0000000|0.0000000|0.0000000|0.0000000|0.0000000,0,1.0,,0,0,0,0,0,
cross_town,Town02,mixed,15,2,0.1,193.68222045898438,160.58309936523438,0.161112442612648,-89.92217254638672,0.003189063150012868,499.2999938704299,0.0006387027479528596,1.52587890625e-05,1.331580543606492e-07,0.8584073066711433,0.44020413356412375,0.04018029570579529,0.8490647673606873,-0.4249768853187561,0.0,0.1599999964237213,-0.1599999964237213,1.0,0.800000011920929,8.723422050476074,2.4421067237854004,1.0000000|0.0000000|0.0000000|0.0000000|0.0000000|0.0000000|0.0000000|0.0000000|0.0000000|0.0000000,0,1.0,,0,0,0,0,0,
cross_town,Town02,mixed,15,3,0.15,193.68222045898438,160.58309936523438,0.17358183860778809,-89.92217254638672,0.003189063150012868,499.2999938704299,0.0006387027479528596,1.52587890625e-05,1.331580543606492e-07,0.8940873384476067,0.4402041335704759,0.027641236782073975,0.8258064985275269,0.5606279969215393,0.0,0.23999999463558197,-0.07999999821186066,1.0,0.800000011920929,5.521646022796631,1.7342264652252197,1.0000000|0.0000000|0.0000000|0.0000000|0.0000000|0.0000000|0.0000000|0.0000000|0.0000000|0.0000000,0,1.0,,0,0,0,0,0,
cross_town,Town02,mixed,15,4,0.2,193.68222045898438,160.58309936523438,0.18517287075519562,-89.92217254638672,0.003189063150012868,499.2999938704299,0.0006387027479528596,1.52587890625e-05,1.331580543606492e-07,0.7842088758960329,0.4402041332235813,0.03893038630485535,0.8006271123886108,0.4104614555835724,0.0,0.3199999928474426,1.7881393032936899e-09,1.0,0.3810727298259735,23.819046020507812,1.833749771118164,1.0000000|0.0000000|0.0000000|0.0000000|0.0000000|0.0000000|0.0000000|0.0000000|0.0000000|0.0000000,0,1.0,,0,0,0,0,0,
cross_town,Town02,mixed,15,5,0.25,193.68222045898438,160.58309936523438,0.19481006264686584,-89.92217254638672,0.003189063150012868,499.2999938704299,0.0006387027479528596,1.52587890625e-05,1.331580543606492e-07,0.6320973694325773,0.4402041338925679,0.0480705201625824,0.8456578254699707,0.259716272354126,0.0,0.4000000059604645,0.07999999821186066,1.0,0.3810727298259735,41.87662887573242,1.5858904123306274,1.0000000|0.0000000|0.0000000|0.0000000|0.0000000|0.0000000|0.0000000|0.0000000|0.0000000|0.0000000,0,1.0,,0,0,0,0,0,
cross_town,Town02,mixed,15,6,0.3,193.68222045898438,160.58309936523438,0.20233970880508423,-89.92217254638672,0.003189063150012868,499.2999938704299,0.0006387027479528596,1.52587890625e-05,1.331580543606492e-07,0.4844117224217021,0.4402041335674279,0.0730486810207367,0.79183030128479,0.27650880813598633,0.0,0.48000001907348633,0.1599999964237213,1.0,0.3810727298259735,31.756488800048828,1.3255207538604736,1.0000000|0.0000000|0.0000000|0.0000000|0.0000000|0.0000000|0.0000000|0.0000000|0.0000000|0.0000000,0,1.0,,0,0,0,0,0,
cross_town,Town02,mixed,15,7,0.35,193.68222045898438,160.58309936523438,0.20799343287944794,-89.92217254638672,0.003189063150012868,499.2999938704299,0.0006387027479528596,1.52587890625e-05,1.331580543606492e-07,0.3589490890503734,0.4402041693332395,0.06755945086479187,0.857456386089325,-0.22740210592746735,0.0,0.5600000023841858,0.07999999821186066,0.9999996423721313,0.800000011920929,3.4119954109191895,1.155034065246582,1.0000000|0.0000000|0.0000000|0.0000000|0.0000000|0.0000000|0.0000000|0.0000000|0.0000000|0.0000000,0,1.0,,0,0,0,0,0,
cross_town,Town02,mixed,15,8,0.4,193.68222045898438,160.58309936523438,0.21212267875671387,-89.92217254638672,0.003189063150012868,499.2999938704299,0.0006387027479528596,1.52587890625e-05,1.331580543606492e-07,0.2596483200788502,0.44541333215123424,0.0064949095249176025,0.9851933121681213,0.13765573501586914,0.0,0.6399999856948853,0.13765573501586914,0.9848178029060364,0.800000011920929,0.7430827617645264,0.8389949798583984,1.0000000|0.0000000|0.0000000|0.0000000|0.0000000|0.0000000|0.0000000|0.0000000|0.0000000|0.0000000,0,1.0,,0,0,0,0,0,
cross_town,Town02,mixed,15,9,0.45,193.68222045898438,160.58309936523438,0.21507757902145386,-89.92217254638672,0.003189063150012868,499.2999938704299,0.0006387027479528596,1.52587890625e-05,1.331580543606492e-07,0.1844472259283858,0.44787547815279827,0.4289858639240265,0.19175207614898682,0.1403413563966751,0.0,0.5600000023841858,0.1403413563966751,1.0,0.3810727298259735,49.97919845581055,1.3131871223449707,1.0000000|0.0000000|0.0000000|0.0000000|0.0000000|0.0000000|0.0000000|0.0000000|0.0000000|0.0000000,0,1.0,,0,0,0,0,0,
cross_town,Town02,mixed,15,10,0.5,193.68222045898438,160.58309936523438,0.2171592265367508,-89.92217254638672,0.003189063150012868,499.2999938704299,0.0006387027479528596,1.52587890625e-05,1.331580543606492e-07,0.1291903540493817,0.44338399164181913,0.19154340028762817,0.5964350700378418,0.07910314947366714,0.0,0.5964350700378418,0.07910314947366714,1.0,0.3810727298259735,36.60693359375,1.2571548223495483,1.0000000|0.0000000|0.0000000|0.0000000|0.0000000|0.0000000|0.0000000|0.0000000|0.0000000|0.0000000,0,1.0,344.3856810371995,0,0,0,0,0,
cross_town,Town02,mixed,15,11,0.55,193.68222045898438,160.58309936523438,0.21860751509666443,-89.92217254638672,0.003189063150012868,499.2999938704299,0.0006387027479528596,1.52587890625e-05,1.331580543606492e-07,0.08946139365517464,0.4486684603650372,0.004147559404373169,0.9905747175216675,0.10431559383869171,0.0,0.6764350533485413,0.10431559383869171,0.9845287203788757,0.800000011920929,0.7382937669754028,0.6217024922370911,1.0000000|0.0000000|0.0000000|0.0000000|0.0000000|0.0000000|0.0000000|0.0000000|0.0000000|0.0000000,0,1.0,107.24834859479677,0,0,0,0,0,
cross_town,Town02,mixed,15,12,0.6,193.68222045898438,160.58309936523438,0.2196049839258194,-89.92217254638672,0.003189063150012868,499.2999938704299,0.0006387027479528596,1.52587890625e-05,1.331580543606492e-07,0.06137697547871624,0.44020344007464474,0.47398480772972107,0.13480937480926514,-0.008426999673247337,0.0,0.5964350700378418,0.024315593764185905,1.0,0.3810727298259735,48.97684097290039,1.286071538925171,1.0000000|0.0000000|0.0000000|0.0000000|0.0000000|0.0000000|0.0000000|0.0000000|0.0000000|0.0000000,0,1.0,71.70847551896162,0,0,0,0,0,
cross_town,Town02,mixed,15,13,0.65,193.68222045898438,160.58309936523438,0.22028617560863495,-89.92217254638672,0.003189063150012868,499.2999938704299,0.0006387027479528596,1.52587890625e-05,1.331580543606492e-07,0.041780250155586146,0.4417073803455974,0.002822965383529663,0.9932277798652649,0.4066222310066223,0.0,0.6764350533485413,0.10431559383869171,0.9849212765693665,0.800000011920929,0.7448185086250305,0.6233937740325928,1.0000000|0.0000000|0.0000000|0.0000000|0.0000000|0.0000000|0.0000000|0.0000000|0.0000000|0.0000000,0,1.0,57.70304924295731,0,0,0,0,0,
cross_town,Town02,mixed,15,14,0.7,193.68222045898438,160.58309936523438,0.22074809670448303,-89.92217254638672,0.003189063150012868,499.2999938704299,0.0006387027479528596,1.52587890625e-05,1.331580543606492e-07,0.02825020887113201,0.4411180428765369,0.00871288776397705,0.9916664361953735,-0.0814189612865448,0.0,0.7564350366592407,0.024315593764185905,0.990744948387146,0.800000011920929,0.8683229684829712,0.36477363109588623,1.0000000|0.0000000|0.0000000|0.0000000|0.0000000|0.0000000|0.0000000|0.0000000|0.0000000|0.0000000,0,1.0,49.10124719267,0,0,0,0,0,
cross_town,Town02,mixed,15,15,0.75,193.68222045898438,160.58309936523438,0.2210593819618225,-89.92217254638672,0.003189063150012868,499.2999938704299,0.0006387027479528596,1.52587890625e-05,1.331580543606492e-07,0.018991996167208307,0.4488080873419915,0.006512194871902466,0.9901332259178162,0.809948742389679,0.0,0.8364350199699402,0.10431559383869171,0.913748025894165,0.800000011920929,0.2900705337524414,0.8785978555679321,1.0000000|0.0000000|0.0000000|0.0000000|0.0000000|0.0000000|0.0000000|0.0000000|0.0000000|0.0000000,0,1.0,43.300086494726834,0,0,0,0,0,
cross_town,Town02,mixed,15,16,0.8,193.68222045898438,160.58309936523438,0.22126804292201996,-89.92217254638672,0.003189063150012868,499.2999938704299,0.0006387027479528596,1.52587890625e-05,1.331580543606492e-07,0.012705687808189776,0.44017133061233593,0.9600332975387573,0.031502723693847656,-0.6305356025695801,0.0,0.7564350366592407,0.024315593764185905,1.0,0.38056063652038574,21.051952362060547,1.4844944477081299,1.0000000|0.0000000|0.0000000|0.0000000|0.0000000|0.0000000|0.0000000|0.0000000|0.0000000|0.0000000,0,1.0,38.79075214254038,0,0,0,0,0,
cross_town,Town02,mixed,15,17,0.85,193.68222045898438,160.58309936523438,0.2214072346687317,-89.92217254638672,0.003189063150012868,499.2999938704299,0.0006387027479528596,1.52587890625e-05,1.331580543606492e-07,0.008463420532903419,0.440158539957163,0.6073203086853027,0.08087429404258728,-0.3534538149833679,0.0,0.6764350533485413,-0.0556844063103199,1.0,0.3802841305732727,5.801650524139404,1.567262887954712,1.0000000|0.0000000|0.0000000|0.0000000|0.0000000|0.0000000|0.0000000|0.0000000|0.0000000|0.0000000,0,1.0,35.455003666721566,0,0,0,0,0,
cross_town,Town02,mixed,15,18,0.9,193.68222045898438,160.58309936523438,0.2214072346687317,-89.92217254638672,0.003189063150012868,499.2999938704299,0.0006387027479528596,1.52587890625e-05,1.331580543606492e-07,0.0,0.44014428411906303,0.05173477530479431,0.8081997632980347,0.458299845457077,0.0,0.7564350366592407,0.024315593764185905,1.0,0.3799798786640167,5.12238073348999,1.3502905368804932,1.0000000|0.0000000|0.0000000|0.0000000|0.0000000|0.0000000|0.0000000|0.0000000|0.0000000|0.0000000,0,1.0,32.78127659446355,0,0,0,0,0,
cross_town,Town02,mixed,15,19,0.95,193.68222045898438,160.58309936523438,0.22150886058807373,-89.92217254638672,0.003189063150012868,499.2999938704299,0.0006387027479528596,1.52587890625e-05,1.331580543606492e-07,0.0021903991699638464,0.4401282790589687,0.48732924461364746,0.15949338674545288,-0.42369261384010315,0.0,0.6764350533485413,-0.0556844063103199,1.0,0.37964287400245667,9.249018669128418,1.4850528240203857,1.0000000|0.0000000|0.0000000|0.0000000|0.0000000|0.0000000|0.0000000|0.0000000|0.0000000|0.0000000,0,1.0,30.554819553418838,0,0,0,0,0,
cross_town,Town02,mixed,15,20,1.0,193.68222045898438,160.58309936523438,0.221542090177536,-89.92217254638672,0.003189063150012868,499.2999938704299,0.0006387027479528596,1.52587890625e-05,1.331580543606492e-07,0.002425472159193823,0.4401101853577319,0.05080091953277588,0.8107007741928101,0.4957900941371918,0.0,0.7564350366592407,0.024315593764185905,0.9999994039535522,0.3792671859264374,3.700934886932373,1.355377197265625,1.0000000|0.0000000|0.0000000|0.0000000|0.0000000|0.0000000|0.0000000|0.0000000|0.0000000|0.0000000,0,1.0,27.923558280217797,0,0,0,0,0,
cross_town,Town02,mixed,15,21,1.05,193.68222045898438,160.58309936523438,0.22157400846481323,-89.92217254638672,0.003189063150012868,499.2999938704299,0.0006387027479528596,1.52587890625e-05,1.331580543606492e-07,0.002176597529194549,0.4400898491417,0.4302718937397003,0.2002742886543274,-0.44036364555358887,0.0,0.6764350533485413,-0.0556844063103199,1.0,0.37884438037872314,9.020112037658691,1.4542649984359741,1.0000000|0.0000000|0.0000000|0.0000000|0.0000000|0.0000000|0.0000000|0.0000000|0.0000000|0.0000000,0,1.0,25.229219921468193,0,0,0,0,0,
cross_town,Town02,mixed,15,22,1.1,193.68222045898438,160.58309936523438,0.22160109877586365,-89.92217254638672,0.003189063150012868,499.2999938704299,0.0006387027479528596,1.52587890625e-05,1.331580543606492e-07,0.0017811584059635448,0.44014230317469355,0.0023814141750335693,0.9962983131408691,0.6612199544906616,0.0,0.7564350366592407,0.024315593764185905,0.9992498755455017,0.800000011920929,1.4986380338668823,-0.3973473906517029,1.0000000|0.0000000|0.0000000|0.0000000|0.0000000|0.0000000|0.0000000|0.0000000|0.0000000|0.0000000,0,1.0,22.858109628493768,0,0,0,0,0,
cross_town,Town02,mixed,15,23,1.15,193.68222045898438,160.58309936523438,0.22162242233753204,-89.92217254638672,0.003189063150012868,499.2999938704299,0.0006387027479528596,1.52587890625e-05,1.331580543606492e-07,0.00137342827034664,0.4400421739285721,0.3497370481491089,0.24845758080482483,-0.45763492584228516,0.0,0.6764350533485413,-0.0556844063103199,1.0,0.37786030769348145,15.787635803222656,1.4309872388839722,1.0000000|0.0000000|0.0000000|0.0000000|0.0000000|0.0000000|0.0000000|0.0000000|0.0000000|0.0000000,0,1.0,20.70952421111796,0,0,0,0,0,
cross_town,Town02,mixed,15,24,1.2,193.68222045898438,160.58309936523438,0.2216385155916214,-89.92217254638672,0.003189063150012868,499.2999938704299,0.0006387027479528596,1.52587890625e-05,1.331580543606492e-07,0.0010275306999206636,0.4400141842307935,0.04128864407539368,0.8218058943748474,0.53487229347229,0.0,0.7564350366592407,0.024315593764185905,1.0,0.3772919774055481,32.406986236572266,1.353485107421875,1.0000000|0.0000000|0.0000000|0.0000000|0.0000000|0.0000000|0.0000000|0.0000000|0.0000000|0.0000000,0,1.0,18.753529972973954,0,0,0,0,0,
cross_town,Town02,mixed,15,25,1.25,193.68222045898438,160.58309936523438,0.22165034711360931,-89.92217254638672,0.003189063150012868,499.2999938704299,0.0006387027479528596,1.52587890625e-05,1.331580543606492e-07,0.0007475852970764706,0.44791315052919456,0.006189137697219849,0.990455150604248,0.8132981061935425,0.0,0.8364350199699402,0.10431559383869171,0.9206991791725159,0.800000011920929,0.31297117471694946,0.8677123188972473,1.0000000|0.0000000|0.0000000|0.0000000|0.0000000|0.0000000|0.0000000|0.0000000|0.0000000|0.0000000,0,1.0,17.101615379083686,0,0,0,0,0,
cross_town,Town02,mixed,15,26,1.3,193.68222045898438,160.58309936523438,0.2216588854789734,-89.92217254638672,0.003189063150012868,499.2999938704299,0.0006387027479528596,1.52587890625e-05,1.331580543606492e-07,0.0005340728680933243,0.43994876981504494,0.9610422849655151,0.06599101424217224,-0.6642179489135742,0.0,0.7564350366592407,0.024315593764185905,1.0,0.37597891688346863,9.201069831848145,1.4839670658111572,1.0000000|0.0000000|0.0000000|0.0000000|0.0000000|0.0000000|0.0000000|0.0000000|0.0000000|0.0000000,0,1.0,15.73462765141248,0,0,0,0,0,
cross_town,Town02,mixed,15,27,1.35,193.68222045898438,160.58309936523438,0.22166140377521515,-89.92217254638672,0.003189063150012868,499.2999938704299,0.0006387027479528596,1.52587890625e-05,1.331580543606492e-07,0.00016242605421267078,0.4478320942102903,0.006183445453643799,0.9904608130455017,0.8133647441864014,0.0,0.8364350199699402,0.10431559383869171,0.9207909107208252,0.800000011920929,0.3132855296134949,0.8675162196159363,1.0000000|0.0000000|0.0000000|0.0000000|0.0000000|0.0000000|0.0000000|0.0000000|0.0000000|0.0000000,0,1.0,14.564480709817612,0,0,0,0,0,
cross_town,Town02,mixed,15,28,1.4,193.68222045898438,160.58309936523438,0.22166423499584198,-89.92217254638672,0.003189063150012868,499.2999938704299,0.0006387027479528596,1.52587890625e-05,1.331580543606492e-07,0.00022099684004222732,0.4402977904788844,0.5702548623085022,0.45594900846481323,0.28736305236816406,0.0,0.7564350366592407,0.18431559205055237,0.9957244396209717,0.800000011920929,1.0626366138458252,-0.2612677812576294,1.0000000|0.0000000|0.0000000|0.0000000|0.0000000|0.0000000|0.0000000|0.0000000|0.0000000|0.0000000,0,1.0,13.575112366841811,0,0,0,0,0,
cross_town,Town02,mixed,15,29,1.45,193.68222045898438,160.58309936523438,0.22166728973388672,-89.92217254638672,0.003189063150012868,499.2999938704299,0.0006387027479528596,1.52587890625e-05,1.331580543606492e-07,0.00021389007310171137,0.4398258448179681,0.4580254852771759,0.5025073885917664,-0.22913357615470886,0.0,0.6764350533485413,0.10431559383869171,1.0,0.37356212735176086,28.626358032226562,1.4390861988067627,1.0000000|0.0000000|0.0000000|0.0000000|0.0000000|0.0000000|0.0000000|0.0000000|0.0000000|0.0000000,0,1.0,12.720741614645084,0,0,0,0,0,
cross_town,Town02,mixed,15,30,1.5,193.68222045898438,160.58309936523438,0.2216699868440628,-89.92217254638672,0.003189063150012868,499.2999938704299,0.0006387027479528596,1.52587890625e-05,1.331580543606492e-07,0.00017996987302598463,0.4407761585855605,0.008346229791641235,0.9919735193252563,-0.07947936654090881,0.0,0.7564350366592407,0.024315593764185905,0.9900173544883728,0.800000011920929,0.8492169380187988,0.3498363494873047,1.0000000|0.0000000|0.0000000|0.0000000|0.0000000|0.0000000|0.0000000|0.0000000|0.0000000|0.0000000,0,1.0,11.965809841511104,0,0,0,0,0,
cross_town,Town02,mixed,15,31,1.55,193.68222045898438,160.58309936523438,0.2216721624135971,-89.92217254638672,0.003189063150012868,499.2999938704299,0.0006387027479528596,1.52587890625e-05,1.331580543606492e-07,0.00014230738015669106,0.43973100583208896,0.31339341402053833,0.41713735461235046,-0.3757653534412384,0.0,0.6764350533485413,-0.0556844063103199,0.9999521970748901,0.3716658353805542,2.6152844429016113,1.3640820980072021,1.0000000|0.0000000|0.0000000|0.0000000|0.0000000|0.0000000|0.0000000|0.0000000|0.0000000|0.0000000,0,1.0,11.288671508347626,0,0,0,0,0,
cross_town,Town02,mixed,15,32,1.6,193.68222045898438,160.58309936523438,0.221673846244812,-89.92217254638672,0.003189063150012868,499.2999938704299,0.0006387027479528596,1.52587890625e-05,1.331580543606492e-07,0.00011140834265880477,0.4396706370891041,0.0346408486366272,0.8191921710968018,0.5597960948944092,0.0,0.7564350366592407,0.024315593764185905,1.0,0.37063464522361755,78.97975158691406,1.3964014053344727,1.0000000|0.0000000|0.0000000|0.0000000|0.0000000|0.0000000|0.0000000|0.0000000|0.0000000|0.0000000,0,1.0,10.675347474295643,0,0,0,0,0,
cross_town,Town02,mixed,15,33,1.65,193.68222045898438,160.58309936523438,0.2216750979423523,-89.92217254638672,0.003189063150012868,499.2999938704299,0.0006387027479528596,1.52587890625e-05,1.331580543606492e-07,7.965088262225031e-05,0.4396254058153337,0.27933937311172485,0.5215464234352112,-0.2910827398300171,0.0,0.6764350533485413,-0.0556844063103199,0.9998595714569092,0.369547963142395,2.348069906234741,1.3654749393463135,1.0000000|0.0000000|0.0000000|0.0000000|0.0000000|0.0000000|0.0000000|0.0000000|0.0000000|0.0000000,0,1.0,10.301775587479701,0,0,0,0,0,
cross_town,Town02,mixed,15,34,1.7,193.68222045898438,160.58309936523438,0.2216750979423523,-89.92217254638672,0.003189063150012868,499.2999938704299,0.0006387027479528596,1.52587890625e-05,1.331580543606492e-07,5.506896768135391e-05,0.43955101419060577,0.03848955035209656,0.8072630167007446,0.5776652097702026,0.0,0.7564350366592407,0.024315593764185905,1.0,0.3684140741825104,63.921714782714844,1.371769666671753,1.0000000|0.0000000|0.0000000|0.0000000|0.0000000|0.0000000|0.0000000|0.0000000|0.0000000|0.0000000,0,1.0,10.450993802341573,0,0,0,0,0,
cross_town,Town02,mixed,15,35,1.75,193.68222045898438,160.58309936523438,0.22167643904685974,-89.92217254638672,0.003189063150012868,499.2999938704299,0.0006387027479528596,1.52587890625e-05,1.331580543606492e-07,6.731214571092467e-06,0.44740125257670793,0.006177961826324463,0.990466296672821,0.8134286999702454,0.0,0.8364350199699402,0.10431559383869171,0.9208801984786987,0.800000011920929,0.3135915696620941,0.8673256635665894,1.0000000|0.0000000|0.0000000|0.0000000|0.0000000|0.0000000|0.0000000|0.0000000|0.0000000|0.0000000,0,1.0,10.246333550736816,0,0,0,0,0,
cross_town,Town02,mixed,15,36,1.8,193.68222045898438,160.58309936523438,0.22167643904685974,-89.92217254638672,0.003189063150012868,499.2999938704299,0.0006387027479528596,1.52587890625e-05,1.331580543606492e-07,2.2247361184505158e-05,0.43942571868858304,0.9197496175765991,0.032494693994522095,-0.4758776128292084,0.0,0.7564350366592407,0.024315593764185905,1.0,0.36615481972694397,16.053325653076172,1.560694932937622,1.0000000|0.0000000|0.0000000|0.0000000|0.0000000|0.0000000|0.0000000|0.0000000|0.0000000|0.0000000,0,1.0,10.186841129128913,0,0,0,0,0,
cross_town,Town02,mixed,15,37,1.85,193.68222045898438,160.58309936523438,0.22167643904685974,-89.92217254638672,0.003189063150012868,499.2999938704299,0.0006387027479528596,1.52587890625e-05,1.331580543606492e-07,2.1699754276400873e-05,0.44215111916919725,0.3030632436275482,0.5012707710266113,-0.28246626257896423,0.0,0.6764350533485413,-0.0556844063103199,0.9720816612243652,0.3650171160697937,1.022521734237671,1.3608293533325195,1.0000000|0.0000000|0.0000000|0.0000000|0.0000000|0.0000000|0.0000000|0.0000000|0.0000000|0.0000000,0,1.0,9.791730379295943,0,0,0,0,0,
cross_town,Town02,mixed,15,38,1.9,193.68222045898438,160.58309936523438,0.22167643904685974,-89.92217254638672,0.003189063150012868,499.2999938704299,0.0006387027479528596,1.52587890625e-05,1.331580543606492e-07,1.9191772369561747e-05,0.43928965142383436,0.031198322772979736,0.8312817811965942,0.61257004737854,0.0,0.7564350366592407,0.024315593764185905,1.0,0.3638542890548706,74.04981994628906,1.447278380393982,1.0000000|0.0000000|0.0000000|0.0000000|0.0000000|0.0000000|0.0000000|0.0000000|0.0000000|0.0000000,0,1.0,9.632610278399994,0,0,0,0,0,
cross_town,Town02,mixed,15,39,1.95,193.68222045898438,160.58309936523438,0.22167643904685974,-89.92217254638672,0.003189063150012868,499.2999938704299,0.0006387027479528596,1.52587890625e-05,1.331580543606492e-07,1.706361941747992e-05,0.44949667383848896,0.3487820625305176,0.42287322878837585,-0.3004562556743622,0.0,0.6764350533485413,-0.0556844063103199,0.8972131013870239,0.3626631200313568,0.6789957284927368,1.2808752059936523,1.0000000|0.0000000|0.0000000|0.0000000|0.0000000|0.0000000|0.0000000|0.0000000|0.0000000|0.0000000,0,1.0,9.511703583917653,0,0,0,0,0,
cross_town,Town02,mixed,15,40,2.0,193.68222045898438,160.58309936523438,0.22167758643627167,-89.92217254638672,0.003189063150012868,499.2999938704299,0.0006387027479528596,1.52587890625e-05,1.331580543606492e-07,1.4865883349530508e-05,0.439217052022775,0.0023786723613739014,0.9962995648384094,0.6615056991577148,0.0,0.7564350366592407,0.024315593764185905,0.9992775321006775,0.800000011920929,1.508036494255066,-0.39707380533218384,1.0000000|0.0000000|0.0000000|0.0000000|0.0000000|0.0000000|0.0000000|0.0000000|0.0000000|0.0000000,0,1.0,9.553242031826477,0,0,0,0,0,
cross_town,Town02,mixed,15,41,2.05,193.68222045898438,160.58309936523438,0.22167758643627167,-89.92217254638672,0.003189063150012868,499.2999938704299,0.0006387027479528596,1.52587890625e-05,1.331580543606492e-07,8.068128881245375e-06,0.4390670500327221,0.368797242641449,0.3438105583190918,-0.3790215849876404,0.0,0.6764350533485413,-0.0556844063103199,0.9999747276306152,0.36027082800865173,2.7857847213745117,1.2733399868011475,1.0000000|0.0000000|0.0000000|0.0000000|0.0000000|0.0000000|0.0000000|0.0000000|0.0000000|0.0000000,0,1.0,8.398276682127866,0,0,0,0,0,
cross_town,Town02,mixed,15,42,2.1,193.68222045898438,160.58309936523438,0.22167758643627167,-89.92217254638672,0.003189063150012868,499.2999938704299,0.0006387027479528596,1.52587890625e-05,1.331580543606492e-07,4.2582053402901355e-06,0.4390445929731472,0.0023786425590515137,0.9962996244430542,0.6615066528320312,0.0,0.7564350366592407,0.024315593764185905,0.9992777705192566,0.800000011920929,1.5080959796905518,-0.3970731496810913,1.0000000|0.0000000|0.0000000|0.0000000|0.0000000|0.0000000|0.0000000|0.0000000|0.0000000|0.0000000,0,1.0,7.603315805222021,0,0,0,0,0,
cross_town,Town02,mixed,15,43,2.15,193.68222045898438,160.58309936523438,0.22167758643627167,-89.92217254638672,0.003189063150012868,499.2999938704299,0.0006387027479528596,1.52587890625e-05,1.331580543606492e-07,4.944037497348717e-06,0.44678174486646444,0.006177395582199097,0.9904668927192688,0.8134355545043945,0.0,0.8364350199699402,0.10431559383869171,0.9208908081054688,0.800000011920929,0.3136281371116638,0.8673060536384583,1.0000000|0.0000000|0.0000000|0.0000000|0.0000000|0.0000000|0.0000000|0.0000000|0.0000000|0.0000000,0,1.0,7.192958137534777,0,0,0,0,0,
cross_town,Town02,mixed,15,44,2.2,193.68222045898438,160.58309936523438,0.22167758643627167,-89.92217254638672,0.003189063150012868,499.2999938704299,0.0006387027479528596,1.52587890625e-05,1.331580543606492e-07,2.162937543637422e-06,0.4391929718818479,0.5702269077301025,0.4559270143508911,0.2873813211917877,0.0,0.7564350366592407,0.18431559205055237,0.9957230091094971,0.800000011920929,1.062553882598877,-0.26122498512268066,1.0000000|0.0000000|0.0000000|0.0000000|0.0000000|0.0000000|0.0000000|0.0000000|0.0000000|0.0000000,0,1.0,7.208660849351962,0,0,0,0,0,
cross_town,Town02,mixed,15,45,2.25,193.68222045898438,160.58309936523438,0.22167758643627167,-89.92217254638672,0.003189063150012868,499.2999938704299,0.0006387027479528596,1.52587890625e-05,1.331580543606492e-07,4.943851795224055e-06,0.4386575145713731,0.30333608388900757,0.794106125831604,-0.08088313043117523,0.0,0.794106125831604,0.10431559383869171,1.0,0.3544861972332001,33.518836975097656,1.6371210813522339,1.0000000|0.0000000|0.0000000|0.0000000|0.0000000|0.0000000|0.0000000|0.0000000|0.0000000|0.0000000,0,1.0,7.215487059804799,0,0,0,0,0,
cross_town,Town02,mixed,15,46,2.3,193.68222045898438,160.58309936523438,0.22167758643627167,-89.92217254638672,0.003189063150012868,499.2999938704299,0.0006387027479528596,1.52587890625e-05,1.331580543606492e-07,4.841021153536702e-06,0.4385499332875377,0.5891504883766174,0.6247735619544983,-0.3692212402820587,0.0,0.7141061425209045,0.024315593764185905,0.9999881982803345,0.3529563248157501,2.9829211235046387,1.4850401878356934,1.0000000|0.0000000|0.0000000|0.0000000|0.0000000|0.0000000|0.0000000|0.0000000|0.0000000|0.0000000,0,1.0,7.375019084745769,0,0,0,0,0,
cross_town,Town02,mixed,15,47,2.35,193.68222045898438,160.58309936523438,0.22167758643627167,-89.92217254638672,0.003189063150012868,499.2999938704299,0.0006387027479528596,1.52587890625e-05,1.331580543606492e-07,6.832123590396829e-06,0.43844213632810325,0.3527321219444275,0.5782153606414795,-0.4500981271266937,0.0,0.6341061592102051,-0.0556844063103199,0.9999716281890869,0.35145723819732666,2.765969753265381,0.7225195169448853,1.0000000|0.0000000|0.0000000|0.0000000|0.0000000|0.0000000|0.0000000|0.0000000|0.0000000|0.0000000,0,1.0,7.457858266555355,0,0,0,0,0,
cross_town,Town02,mixed,15,48,2.4,193.68222045898438,160.58309936523438,0.22167758643627167,-89.92217254638672,0.003189063150012868,499.2999938704299,0.0006387027479528596,1.52587890625e-05,1.331580543606492e-07,4.126146478033323e-06,0.43833015459106833,0.047193288803100586,0.6154899597167969,0.6786459684371948,0.0,0.6154899597167969,0.024315593764185905,1.0,0.34999164938926697,31.064472198486328,1.3766405582427979,1.0000000|0.0000000|0.0000000|0.0000000|0.0000000|0.0000000|0.0000000|0.0000000|0.0000000|0.0000000,0,1.0,7.719447933519531,0,0,0,0,0,
cross_town,Town02,mixed,15,49,2.45,193.68222045898438,160.58309936523438,0.22167758643627167,-89.92217254638672,0.003189063150012868,499.2999938704299,0.0006387027479528596,1.52587890625e-05,1.331580543606492e-07,3.913882158236467e-06,0.4382262106850604,0.04693421721458435,0.5658337473869324,0.17322340607643127,0.0,0.5658337473869324,0.10431559383869171,1.0,0.348570853471756,17.294219970703125,1.595198392868042,1.0000000|0.0000000|0.0000000|0.0000000|0.0000000|0.0000000|0.0000000|0.0000000|0.0000000|0.0000000,0,1.0,8.71937047384386,0,0,0,0,0,
cross_town,Town02,mixed,15,50,2.5,193.68222045898438,160.58309936523438,0.22167758643627167,-89.92217254638672,0.003189063150012868,499.2999938704299,0.0006387027479528596,1.52587890625e-05,1.331580543606492e-07,4.600535172494141e-06,0.4382576952762662,0.014728397130966187,0.9678796529769897,-0.06801918894052505,0.0,0.6458337306976318,0.024315593764185905,0.9987986087799072,0.800000011920929,1.3807648420333862,0.79539954662323,1.0000000|0.0000000|0.0000000|0.0000000|0.0000000|0.0000000|0.0000000|0.0000000|0.0000000|0.0000000,0,1.0,10.640514043614262,0,0,0,0,0,
cross_town,Town02,mixed,15,51,2.55,193.68222045898438,160.58309936523438,0.22167758643627167,-89.92217254638672,0.003189063150012868,499.2999938704299,0.0006387027479528596,1.52587890625e-05,1.331580543606492e-07,5.35584719968712e-06,0.43944533720834406,0.0012902319431304932,0.9965737462043762,0.5601078271865845,0.0,0.7258337140083313,0.10431559383869171,0.9862386584281921,0.800000011920929,0.7680097222328186,0.2700507640838623,1.0000000|0.0000000|0.0000000|0.0000000|0.0000000|0.0000000|0.0000000|0.0000000|0.0000000|0.0000000,0,1.0,14.7325743900136,0,0,0,0,0,
cross_town,Town02,mixed,15,52,2.6,193.68222045898438,160.58309936523438,0.22167758643627167,-89.92217254638672,0.003189063150012868,499.2999938704299,0.0006387027479528596,1.52587890625e-05,1.331580543606492e-07,4.120077378488476e-07,0.4380232599923587,0.3171849846839905,0.4528366029262543,-0.33936041593551636,0.0,0.6458337306976318,0.024315593764185905,1.0,0.34532567858695984,8.092050552368164,0.6758475303649902,1.0000000|0.0000000|0.0000000|0.0000000|0.0000000|0.0000000|0.0000000|0.0000000|0.0000000|0.0000000,0,1.0,15.752751466643497,0,0,0,0,0,
cross_town,Town02,mixed,15,53,2.65,193.68222045898438,160.58309936523438,0.22167758643627167,-89.92217254638672,0.003189063150012868,499.2999938704299,0.0006387027479528596,1.52587890625e-05,1.331580543606492e-07,1.441973946649893e-06,0.43937631979135494,0.0012902319431304932,0.9965737462043762,0.5601080656051636,0.0,0.7258337140083313,0.10431559383869171,0.9862388968467712,0.800000011920929,0.7680142521858215,0.2700508236885071,1.0000000|0.0000000|0.0000000|0.0000000|0.0000000|0.0000000|0.0000000|0.0000000|0.0000000|0.0000000,0,1.0,15.81520704112957,0,0,0,0,0,
cross_town,Town02,mixed,15,54,2.7,193.68222045898438,160.58309936523438,0.22167758643627167,-89.92217254638672,0.003189063150012868,499.2999938704299,0.0006387027479528596,1.52587890625e-05,1.331580543606492e-07,2.3346092382480772e-06,0.4379967118582202,0.5157308578491211,0.17259877920150757,-0.2813441753387451,0.0,0.6458337306976318,0.024315593764185905,1.0,0.34450098872184753,8.628169059753418,0.7153663039207458,1.0000000|0.0000000|0.0000000|0.0000000|0.0000000|0.0000000|0.0000000|0.0000000|0.0000000|0.0000000,0,1.0,15.808423157997398,0,0,0,0,0,
cross_town,Town02,mixed,15,55,2.75,193.68222045898438,160.58309936523438,0.22167758643627167,-89.92217254638672,0.003189063150012868,499.2999938704299,0.0006387027479528596,1.52587890625e-05,1.331580543606492e-07,3.055576662813249e-06,0.4379966019972564,0.3267674446105957,0.23172211647033691,0.1254747211933136,0.0,0.5658337473869324,0.10431559383869171,1.0,0.34445953369140625,13.420819282531738,1.2970268726348877,1.0000000|0.0000000|0.0000000|0.0000000|0.0000000|0.0000000|0.0000000|0.0000000|0.0000000|0.0000000,0,1.0,15.868007511967956,0,0,0,0,0,
cross_town,Town02,mixed,15,56,2.8,193.68222045898438,160.58309936523438,0.22167758643627167,-89.92217254638672,0.003189063150012868,499.2999938704299,0.0006387027479528596,1.52587890625e-05,1.331580543606492e-07,3.7765517939309573e-06,0.4381165772568413,0.014728397130966187,0.9678796529769897,-0.06801863759756088,0.0,0.6458337306976318,0.024315593764185905,0.9987984895706177,0.800000011920929,1.380757212638855,0.7953997850418091,1.0000000|0.0000000|0.0000000|0.0000000|0.0000000|0.0000000|0.0000000|0.0000000|0.0000000|0.0000000,0,1.0,15.827215949167357,0,0,0,0,0,
cross_town,Town02,mixed,15,57,2.85,193.68222045898438,160.58309936523438,0.22167758643627167,-89.92217254638672,0.003189063150012868,499.2999938704299,0.0006387027479528596,1.52587890625e-05,1.331580543606492e-07,4.497528886521652e-06,0.4379962614032017,0.3230968713760376,0.2202131152153015,0.1291608363389969,0.0,0.5658337473869324,0.10431559383869171,1.0,0.34445616602897644,17.261005401611328,1.3347548246383667,1.0000000|0.0000000|0.0000000|0.0000000|0.0000000|0.0000000|0.0000000|0.0000000|0.0000000|0.0000000,0,1.0,15.833677720470943,0,0,0,0,0,
cross_town,Town02,mixed,15,58,2.9,193.68222045898438,160.58309936523438,0.22167758643627167,-89.92217254638672,0.003189063150012868,499.2999938704299,0.0006387027479528596,1.52587890625e-05,1.331580543606492e-07,5.149843784163159e-06,0.44457570574644173,0.30980223417282104,0.4488057792186737,0.1345977783203125,0.0,0.4858337342739105,0.1345977783203125,1.0,0.34445419907569885,5.66938591003418,1.2823004722595215,1.0000000|0.0000000|0.0000000|0.0000000|0.0000000|0.0000000|0.0000000|0.0000000|0.0000000|0.0000000,0,1.0,15.73327738625422,0,0,0,0,0,
cross_town,Town02,mixed,15,59,2.95,193.68222045898438,160.58309936523438,0.22167758643627167,-89.92217254638672,0.003189063150012868,499.2999938704299,0.0006387027479528596,1.52587890625e-05,1.331580543606492e-07,5.836495972054385e-06,0.437996026464885,0.18364721536636353,0.6186683177947998,0.22509142756462097,0.0,0.5658337473869324,0.21459777653217316,0.9999998807907104,0.34445250034332275,4.304034233093262,1.3939651250839233,1.0000000|0.0000000|0.0000000|0.0000000|0.0000000|0.0000000|0.0000000|0.0000000|0.0000000|0.0000000,0,1.0,15.686015517088016,0,0,0,0,0,
cross_town,Town02,mixed,15,60,3.0,193.68222045898438,160.58309936523438,0.22167758643627167,-89.92217254638672,0.003189063150012868,499.2999938704299,0.0006387027479528596,1.52587890625e-05,1.331580543606492e-07,0.0,0.43863650332116316,0.1866971254348755,0.5711324214935303,0.13800668716430664,0.0,0.5711324214935303,0.13800668716430664,1.0,0.34445127844810486,5.275187015533447,1.5190112590789795,1.0000000|0.0000000|0.0000000|0.0000000|0.0000000|0.0000000|0.0000000|0.0000000|0.0000000|0.0000000,0,1.0,15.551756765339341,0,0,0,0,0,
cross_town,Town02,mixed,15,61,3.05,193.68222045898438,160.58309936523438,0.22167758643627167,-89.92217254638672,0.003189063150012868,499.2999938704299,0.0006387027479528596,1.52587890625e-05,1.331580543606492e-07,8.926400728773088e-07,0.43800079691036403,0.023807823657989502,0.9369769096374512,-0.27493029832839966,0.0,0.6511324048042297,0.058006688952445984,0.9999505281448364,0.800000011920929,2.178373336791992,0.6905964612960815,1.0000000|0.0000000|0.0000000|0.0000000|0.0000000|0.0000000|0.0000000|0.0000000|0.0000000|0.0000000,0,1.0,15.492236181974652,0,0,0,0,0,
cross_town,Town02,mixed,15,62,3.1,193.68222045898438,160.58309936523438,0.22167758643627167,-89.92217254638672,0.003189063150012868,499.2999938704299,0.0006387027479528596,1.52587890625e-05,1.331580543606492e-07,1.7852795430533585e-06,0.4379958782302508,0.4907785654067993,0.12411969900131226,0.22966042160987854,0.0,0.5711324214935303,0.13800668716430664,0.9999991655349731,0.34444931149482727,3.666804552078247,1.1731013059616089,1.0000000|0.0000000|0.0000000|0.0000000|0.0000000|0.0000000|0.0000000|0.0000000|0.0000000|0.0000000,0,1.0,15.369736811369064,0,0,0,0,0,
cross_town,Town02,mixed,15,63,3.15,193.68222045898438,160.58309936523438,0.22167758643627167,-89.92217254638672,0.003189063150012868,499.2999938704299,0.0006387027479528596,1.52587890625e-05,1.331580543606492e-07,2.6779192510470225e-06,0.44493794033216555,0.36836791038513184,0.46243634819984436,0.1112845316529274,0.0,0.4911324083805084,0.1112845316529274,0.9988092184066772,0.34444865584373474,1.838538408279419,1.2009841203689575,1.0000000|0.0000000|0.0000000|0.0000000|0.0000000|0.0000000|0.0000000|0.0000000|0.0000000|0.0000000,0,1.0,15.336308228442608,0,0,0,0,0,
cross_town,Town02,mixed,15,64,3.2,193.68222045898438,160.58309936523438,0.22167758643627167,-89.92217254638672,0.003189063150012868,499.2999938704299,0.0006387027479528596,1.52587890625e-05,1.331580543606492e-07,3.5705586977313187e-06,0.4410224030194583,0.18216407299041748,0.6472225785255432,0.17355632781982422,0.0,0.5711324214935303,0.17355632781982422,0.9999998807907104,0.34444814920425415,4.233374118804932,1.18625009059906,1.0000000|0.0000000|0.0000000|0.0000000|0.0000000|0.0000000|0.0000000|0.0000000|0.0000000|0.0000000,0,1.0,15.247904791483148,0,0,0,0,0,
cross_town,Town02,mixed,15,65,3.25,193.68222045898438,160.58309936523438,0.22167758643627167,-89.92217254638672,0.003189063150012868,499.2999938704299,0.0006387027479528596,1.52587890625e-05,1.331580543606492e-07,4.32586793556341e-06,0.4447540761991264,0.30688968300819397,0.4508463144302368,0.20126959681510925,0.0,0.4911324083805084,0.20126959681510925,1.0,0.3444478213787079,4.8514604568481445,1.377220630645752,1.0000000|0.0000000|0.0000000|0.0000000|0.0000000|0.0000000|0.0000000|0.0000000|0.0000000|0.0000000,0,1.0,15.246762312322648,0,0,0,0,0,
cross_town,Town02,mixed,15,66,3.3,193.68222045898438,160.58309936523438,0.22167758643627167,-89.92217254638672,0.003189063150012868,499.2999938704299,0.0006387027479528596,1.52587890625e-05,1.331580543606492e-07,5.081176982183323e-06,0.4380074031726152,0.1549443006515503,0.6705666780471802,0.08626505732536316,0.0,0.5711324214935303,0.1212695986032486,0.9998828172683716,0.34444761276245117,2.418621301651001,1.485316276550293,1.0000000|0.0000000|0.0000000|0.0000000|0.0000000|0.0000000|0.0000000|0.0000000|0.0000000|0.0000000,0,1.0,15.182768408690574,0,0,0,0,0,
cross_town,Town02,mixed,15,67,3.35,193.68222045898438,160.58309936523438,0.22167758643627167,-89.92217254638672,0.003189063150012868,499.2999938704299,0.0006387027479528596,1.52587890625e-05,1.331580543606492e-07,5.7678230692753355e-06,0.48141759488136593,0.376046359539032,0.46682316064834595,0.09791218489408493,0.0,0.4911324083805084,0.09791218489408493,0.6360340714454651,0.3444473445415497,0.2951006293296814,1.1467869281768799,1.0000000|0.0000000|0.0000000|0.0000000|0.0000000|0.0000000|0.0000000|0.0000000|0.0000000|0.0000000,0,1.0,15.195016949423017,0,0,0,0,0,
cross_town,Town02,mixed,15,68,3.4,193.68222045898438,160.58309936523438,0.22167758643627167,-89.92217254638672,0.003189063150012868,499.2999938704299,0.0006387027479528596,1.52587890625e-05,1.331580543606492e-07,6.488805275611993e-06,0.43799566698605563,0.16563871502876282,0.5898931622505188,0.23033417761325836,0.0,0.5711324214935303,0.17791219055652618,1.0,0.3444473445415497,4.390134334564209,1.4399101734161377,1.0000000|0.0000000|0.0000000|0.0000000|0.0000000|0.0000000|0.0000000|0.0000000|0.0000000|0.0000000,0,1.0,15.132025613540177,0,0,0,0,0,
cross_town,Town02,mixed,15,69,3.45,193.68222045898438,160.58309936523438,0.22167758643627167,-89.92217254638672,0.003189063150012868,499.2999938704299,0.0006387027479528596,1.52587890625e-05,1.331580543606492e-07,5.493171032946678e-07,0.4386611900382706,0.041187673807144165,0.9142590761184692,-0.43988555669784546,0.0,0.6511324048042297,0.09791219234466553,0.993344783782959,0.800000011920929,0.9514213800430298,0.8123592138290405,1.0000000|0.0000000|0.0000000|0.0000000|0.0000000|0.0000000|0.0000000|0.0000000|0.0000000|0.0000000,0,1.0,15.135118038205178,0,0,0,0,0,
cross_town,Town02,mixed,15,70,3.5,193.68222045898438,160.58309936523438,0.22167758643627167,-89.92217254638672,0.003189063150012868,499.2999938704299,0.0006387027479528596,1.52587890625e-05,1.331580543606492e-07,1.4419564412899247e-06,0.43799882196843093,0.5994423627853394,0.07967796921730042,0.28065523505210876,0.0,0.5711324214935303,0.17791219055652618,0.999968409538269,0.34444716572761536,2.7463784217834473,1.2018792629241943,1.0000000|0.0000000|0.0000000|0.0000000|0.0000000|0.0000000|0.0000000|0.0000000|0.0000000|0.0000000,0,1.0,15.05624312588179,0,0,0,0,0,
cross_town,Town02,mixed,15,71,3.55,193.68222045898438,160.58309936523438,0.22167758643627167,-89.92217254638672,0.003189063150012868,499.2999938704299,0.0006387027479528596,1.52587890625e-05,1.331580543606492e-07,2.3345961022570496e-06,0.44560990209761087,0.3384716212749481,0.42585617303848267,0.1853146106004715,0.0,0.4911324083805084,0.1853146106004715,1.0,0.3444471061229706,5.572805404663086,1.4238395690917969,1.0000000|0.0000000|0.0000000|0.0000000|0.0000000|0.0000000|0.0000000|0.0000000|0.0000000|0.0000000,0,1.0,15.04621562190135,0,0,0,0,0,
cross_town,Town02,mixed,15,72,3.6,193.68222045898438,160.58309936523438,0.22167758643627167,-89.92217254638672,0.003189063150012868,499.2999938704299,0.0006387027479528596,1.52587890625e-05,1.331580543606492e-07,3.089904789178181e-06,0.4443580227297702,0.14818114042282104,0.6973997354507446,0.15217779576778412,0.0,0.5711324214935303,0.15217779576778412,0.9999997615814209,0.3444470465183258,3.9577198028564453,1.5073764324188232,1.0000000|0.0000000|0.0000000|0.0000000|0.0000000|0.0000000|0.0000000|0.0000000|0.0000000|0.0000000,0,1.0,14.97625966891484,0,0,0,0,0,
cross_town,Town02,mixed,15,73,3.65,193.68222045898438,160.58309936523438,0.22167758643627167,-89.92217254638672,0.003189063150012868,499.2999938704299,0.0006387027479528596,1.52587890625e-05,1.331580543606492e-07,3.982544218291357e-06,0.43800151060405895,0.028440028429031372,0.9336637854576111,-0.3429209589958191,0.0,0.6511324048042297,0.07217779755592346,0.9999414682388306,0.800000011920929,2.1365089416503906,0.6967343688011169,1.0000000|0.0000000|0.0000000|0.0000000|0.0000000|0.0000000|0.0000000|0.0000000|0.0000000|0.0000000,0,1.0,15.005911766328275,0,0,0,0,0,
cross_town,Town02,mixed,15,74,3.7,193.68222045898438,160.58309936523438,0.22167758643627167,-89.92217254638672,0.003189063150012868,499.2999938704299,0.0006387027479528596,1.52587890625e-05,1.331580543606492e-07,4.80651864080217e-06,0.44534098467537364,0.0025080442428588867,0.9955301880836487,0.05543399974703789,0.0,0.7311323881149292,0.05543399974703789,0.9999823570251465,0.800000011920929,2.4367384910583496,0.283306360244751,1.0000000|0.0000000|0.0000000|0.0000000|0.0000000|0.0000000|0.0000000|0.0000000|0.0000000|0.0000000,0,1.0,14.99489405122656,0,0,0,0,0,
cross_town,Town02,mixed,15,75,3.75,193.68222045898438,160.58309936523438,0.22167758643627167,-89.92217254638672,0.003189063150012868,499.2999938704299,0.0006387027479528596,1.52587890625e-05,1.331580543606492e-07,5.493164894373266e-06,0.4379956460816609,0.7104312181472778,0.024574488401412964,-0.2894933521747589,0.0,0.6511324048042297,-0.02456600032746792,1.0,0.34444692730903625,11.231485366821289,0.8700351119041443,1.0000000|0.0000000|0.0000000|0.0000000|0.0000000|0.0000000|0.0000000|0.0000000|0.0000000|0.0000000,0,1.0,15.091116860395001,0,0,0,0,0,
cross_town,Town02,mixed,15,76,3.8,193.68222045898438,160.58309936523438,0.22167758643627167,-89.92217254638672,0.003189063150012868,499.2999938704299,0.0006387027479528596,1.52587890625e-05,1.331580543606492e-07,6.248476214293515e-06,0.4379956460816609,0.17562013864517212,0.4286786913871765,0.12240000814199448,0.0,0.5711324214935303,0.05543399974703789,1.0,0.34444692730903625,18.9538631439209,1.077615737915039,1.0000000|0.0000000|0.0000000|0.0000000|0.0000000|0.0000000|0.0000000|0.0000000|0.0000000|0.0000000,0,1.0,15.13448238495989,0,0,0,0,0,
cross_town,Town02,mixed,15,77,3.85,193.68222045898438,160.58309936523438,0.22167758643627167,-89.92217254638672,0.003189063150012868,499.2999938704299,0.0006387027479528596,1.52587890625e-05,1.331580543606492e-07,2.0599466761106497e-07,0.43799564572403293,0.18030649423599243,0.3761930465698242,0.31881222128868103,0.0,0.4911324083805084,0.13543400168418884,1.0,0.34444692730903625,12.540377616882324,1.4522767066955566,1.0000000|0.0000000|0.0000000|0.0000000|0.0000000|0.0000000|0.0000000|0.0000000|0.0000000|0.0000000,0,1.0,15.272997467125615,0,0,0,0,0,
cross_town,Town02,mixed,15,78,3.9,193.68222045898438,160.58309936523438,0.22167758643627167,-89.92217254638672,0.003189063150012868,499.2999938704299,0.0006387027479528596,1.52587890625e-05,1.331580543606492e-07,1.029972957072948e-06,0.4379956464392888,0.16869741678237915,0.6164384484291077,0.2302941083908081,0.0,0.5711324214935303,0.2154339998960495,1.0,0.34444692730903625,6.223247528076172,1.4839000701904297,1.0000000|0.0000000|0.0000000|0.0000000|0.0000000|0.0000000|0.0000000|0.0000000|0.0000000|0.0000000,0,1.0,15.33289025637234,0,0,0,0,0,
cross_town,Town02,mixed,15,79,3.95,193.68222045898438,160.58309936523438,0.22167758643627167,-89.92217254638672,0.003189063150012868,499.2999938704299,0.0006387027479528596,1.52587890625e-05,1.331580543606492e-07,1.9226111926632585e-06,0.4379956464392888,0.18338432908058167,0.564871072769165,0.1329142451286316,0.0,0.564871072769165,0.13543400168418884,1.0,0.34444692730903625,5.713269233703613,1.504469633102417,1.0000000|0.0000000|0.0000000|0.0000000|0.0000000|0.0000000|0.0000000|0.0000000|0.0000000|0.0000000,0,1.0,15.470726867561604,0,0,0,0,0,
cross_town,Town02,mixed,15,80,4.0,193.68222045898438,160.58309936523438,0.22167758643627167,-89.92217254638672,0.003189063150012868,499.2999938704299,0.0006387027479528596,1.52587890625e-05,1.331580543606492e-07,2.7465838789534527e-06,0.43799811407158257,0.025606602430343628,0.9346988201141357,-0.24883678555488586,0.0,0.6448710560798645,0.055434003472328186,0.999975323677063,0.800000011920929,2.352713108062744,0.7416905164718628,1.0000000|0.0000000|0.0000000|0.0000000|0.0000000|0.0000000|0.0000000|0.0000000|0.0000000|0.0000000,0,1.0,15.508400610949666,0,0,0,0,0,
cross_town,Town02,mixed,15,81,4.05,193.68222045898438,160.58309936523438,0.22167758643627167,-89.92217254638672,0.003189063150012868,499.2999938704299,0.0006387027479528596,1.52587890625e-05,1.331580543606492e-07,3.364565258872741e-06,0.4379956464392887,0.4135696291923523,0.1161278784275055,0.20456145703792572,0.0,0.564871072769165,0.13543400168418884,1.0,0.34444692730903625,6.330282211303711,1.2125768661499023,1.0000000|0.0000000|0.0000000|0.0000000|0.0000000|0.0000000|0.0000000|0.0000000|0.0000000|0.0000000,0,1.0,15.614295559076556,0,0,0,0,0,
cross_town,Town02,mixed,15,82,4.1,193.68222045898438,160.58309936523438,0.22167758643627167,-89.92217254638672,0.003189063150012868,499.2999938704299,0.0006387027479528596,1.52587890625e-05,1.331580543606492e-07,4.051216881448457e-06,0.4438733413742067,0.3881765902042389,0.42162787914276123,0.07600224018096924,0.0,0.4848710596561432,0.07600224018096924,0.9756374359130859,0.34444692730903625,1.078063726425171,1.2596383094787598,1.0000000|0.0000000|0.0000000|0.0000000|0.0000000|0.0000000|0.0000000|0.0000000|0.0000000|0.0000000,0,1.0,15.61390267702903,0,0,0,0,0,
cross_town,Town02,mixed,15,83,4.15,193.68222045898438,160.58309936523438,0.22167758643627167,-89.92217254638672,0.003189063150012868,499.2999938704299,0.0006387027479528596,1.52587890625e-05,1.331580543606492e-07,4.7721893640986105e-06,0.43801744385788294,0.15007323026657104,0.6821256875991821,0.21655763685703278,0.0,0.564871072769165,0.1560022383928299,0.9997820258140564,0.34444692730903625,2.263200521469116,1.262711524963379,1.0000000|0.0000000|0.0000000|0.0000000|0.0000000|0.0000000|0.0000000|0.0000000|0.0000000|0.0000000,0,1.0,15.686339519055819,0,0,0,0,0,
cross_town,Town02,mixed,15,84,4.2,193.68222045898438,160.58309936523438,0.22167758643627167,-89.92217254638672,0.003189063150012868,499.2999938704299,0.0006387027479528596,1.52587890625e-05,1.331580543606492e-07,5.630494022461372e-06,0.4447557693625786,0.323458194732666,0.4547164738178253,0.12830978631973267,0.0,0.4848710596561432,0.12830978631973267,0.9999963045120239,0.34444692730903625,3.278735399246216,1.2846488952636719,1.0000000|0.0000000|0.0000000|0.0000000|0.0000000|0.0000000|0.0000000|0.0000000|0.0000000|0.0000000,0,1.0,15.661852433350733,0,0,0,0,0,
cross_town,Town02,mixed,15,85,4.25,193.68222045898438,160.58309936523438,0.22167758643627167,-89.92217254638672,0.003189063150012868,499.2999938704299,0.0006387027479528596,1.52587890625e-05,1.331580543606492e-07,6.523135749002424e-06,0.4379956464392888,0.059908509254455566,0.8627691268920898,-0.01129212323576212,0.0,0.564871072769165,0.04830978810787201,1.0,0.800000011920929,5.585238933563232,1.2475208044052124,1.0000000|0.0000000|0.0000000|0.0000000|0.0000000|0.0000000|0.0000000|0.0000000|0.0000000|0.0000000,0,1.0,15.7252598629801,0,0,0,0,0,
cross_town,Town02,mixed,15,86,4.3,193.68222045898438,160.58309936523438,0.22167758643627167,-89.92217254638672,0.003189063150012868,499.2999938704299,0.0006387027479528596,1.52587890625e-05,1.331580543606492e-07,6.866462635459916e-07,0.43819689556190816,0.004119962453842163,0.9907169342041016,0.3388501703739166,0.0,0.6448710560798645,0.12830978631973267,0.9979875087738037,0.800000011920929,1.2515995502471924,0.7487754821777344,1.0000000|0.0000000|0.0000000|0.0000000|0.0000000|0.0000000|0.0000000|0.0000000|0.0000000|0.0000000,0,1.0,15.70476384036138,0,0,0,0,0,
cross_town,Town02,mixed,15,87,4.35,193.68222045898438,160.58309936523438,0.22167758643627167,-89.92217254638672,0.003189063150012868,499.2999938704299,0.0006387027479528596,1.52587890625e-05,1.331580543606492e-07,1.5792859065230792e-06,0.44259015723297457,0.008110731840133667,0.9850428104400635,-0.3138516843318939,0.0,0.724871039390564,0.04830978810787201,0.9540548920631409,0.800000011920929,0.45831847190856934,0.38817620277404785,1.0000000|0.0000000|0.0000000|0.0000000|0.0000000|0.0000000|0.0000000|0.0000000|0.0000000|0.0000000,0,1.0,15.785709425200992,0,0,0,0,0,
cross_town,Town02,mixed,15,88,4.4,193.68222045898438,160.58309936523438,0.22167758643627167,-89.92217254638672,0.003189063150012868,499.2999938704299,0.0006387027479528596,1.52587890625e-05,1.331580543606492e-07,2.4032601079496363e-06,0.43799564643928884,0.7395704388618469,0.025060176849365234,-0.26862654089927673,0.0,0.6448710560798645,-0.03169021010398865,1.0,0.34444692730903625,14.368428230285645,1.0014104843139648,1.0000000|0.0000000|0.0000000|0.0000000|0.0000000|0.0000000|0.0000000|0.0000000|0.0000000|0.0000000,0,1.0,15.786968289275482,0,0,0,0,0,
cross_town,Town02,mixed,15,89,4.45,193.68222045898438,160.58309936523438,0.22167758643627167,-89.92217254638672,0.003189063150012868,499.2999938704299,0.0006387027479528596,1.52587890625e-05,1.331580543606492e-07,3.158569933999303e-06,0.4379956464392888,0.0019686222076416016,0.9942666292190552,0.6576609015464783,0.0,0.724871039390564,0.04830978810787201,1.0,0.800000011920929,3.9188485145568848,0.16596853733062744,1.0000000|0.0000000|0.0000000|0.0000000|0.0000000|0.0000000|0.0000000|0.0000000|0.0000000|0.0000000,0,1.0,15.89412679370844,0,0,0,0,0,
cross_town,Town02,mixed,15,90,4.5,193.68222045898438,160.58309936523438,0.22167758643627167,-89.92217254638672,0.003189063150012868,499.2999938704299,0.0006387027479528596,1.52587890625e-05,1.331580543606492e-07,3.879549857063623e-06,0.43799564643928884,0.7608250379562378,0.026670724153518677,-0.2742460370063782,0.0,0.6448710560798645,-0.03169021010398865,1.0,0.34444692730903625,6.600614070892334,0.9564869403839111,1.0000000|0.0000000|0.0000000|0.0000000|0.0000000|0.0000000|0.0000000|0.0000000|0.0000000|0.0000000,0,1.0,15.91442690869855,0,0,0,0,0,
cross_town,Town02,mixed,15,91,4.55,193.68222045898438,160.58309936523438,0.22167758643627167,-89.92217254638672,0.003189063150012868,499.2999938704299,0.0006387027479528596,1.52587890625e-05,1.331580543606492e-07,4.669189542787827e-06,0.4379956464392887,0.0019686222076416016,0.9942666292190552,0.6576608419418335,0.0,0.724871039390564,0.04830978810787201,1.0,0.800000011920929,3.918816328048706,0.16596823930740356,1.0000000|0.0000000|0.0000000|0.0000000|0.0000000|0.0000000|0.0000000|0.0000000|0.0000000|0.0000000,0,1.0,16.037436173391892,0,0,0,0,0,
cross_town,Town02,mixed,15,92,4.6,193.68222045898438,160.58309936523438,0.22167758643627167,-89.92217254638672,0.003189063150012868,499.2999938704299,0.0006387027479528596,1.52587890625e-05,1.331580543606492e-07,5.561828632831049e-06,0.4379956464392888,0.7184836268424988,0.03186631202697754,-0.31490686535835266,0.0,0.6448710560798645,-0.03169021010398865,1.0,0.34444692730903625,10.876177787780762,0.9575381875038147,1.0000000|0.0000000|0.0000000|0.0000000|0.0000000|0.0000000|0.0000000|0.0000000|0.0000000|0.0000000,0,1.0,16.06120509726469,0,0,0,0,0,
cross_town,Town02,mixed,15,93,4.65,193.68222045898438,160.58309936523438,0.22167758643627167,-89.92217254638672,0.003189063150012868,499.2999938704299,0.0006387027479528596,1.52587890625e-05,1.331580543606492e-07,6.385803644430037e-06,0.43799564643928884,0.13035419583320618,0.38724276423454285,0.23223283886909485,0.0,0.564871072769165,0.04830978810787201,1.0,0.34444692730903625,7.06121826171875,1.2513420581817627,1.0000000|0.0000000|0.0000000|0.0000000|0.0000000|0.0000000|0.0000000|0.0000000|0.0000000|0.0000000,0,1.0,16.18261884374858,0,0,0,0,0,
cross_town,Town02,mixed,15,94,4.7,193.68222045898438,160.58309936523438,0.22167758643627167,-89.92217254638672,0.003189063150012868,499.2999938704299,0.0006387027479528596,1.52587890625e-05,1.331580543606492e-07,3.433235358964815e-07,0.4379956464392888,0.19038128852844238,0.35381126403808594,0.29104989767074585,0.0,0.4848710596561432,0.12830978631973267,1.0,0.34444692730903625,5.992146968841553,1.4251608848571777,1.0000000|0.0000000|0.0000000|0.0000000|0.0000000|0.0000000|0.0000000|0.0000000|0.0000000|0.0000000,0,1.0,16.19502786608576,0,0,0,0,0,
cross_town,Town02,mixed,15,95,4.75,193.68222045898438,160.58309936523438,0.22167758643627167,-89.92217254638672,0.003189063150012868,499.2999938704299,0.0006387027479528596,1.52587890625e-05,1.331580543606492e-07,1.1672989851453924e-06,0.43799564643928884,0.17284145951271057,0.6411736011505127,0.24677473306655884,0.0,0.564871072769165,0.20830978453159332,1.0,0.34444692730903625,11.328482627868652,1.4609860181808472,1.0000000|0.0000000|0.0000000|0.0000000|0.0000000|0.0000000|0.0000000|0.0000000|0.0000000|0.0000000,0,1.0,16.303850196727563,0,0,0,0,0,
cross_town,Town02,mixed,15,96,4.8,193.68222045898438,160.58309936523438,0.22167758643627167,-89.92217254638672,0.003189063150012868,499.2999938704299,0.0006387027479528596,1.52587890625e-05,1.331580543606492e-07,1.991272648837576e-06,0.44376574015869086,0.20002883672714233,0.5406799912452698,0.16841506958007812,0.0,0.5406799912452698,0.16841506958007812,1.0,0.34444692730903625,6.551048278808594,1.6164147853851318,1.0000000|0.0000000|0.0000000|0.0000000|0.0000000|0.0000000|0.0000000|0.0000000|0.0000000|0.0000000,0,1.0,16.300783454647082,0,0,0,0,0,
cross_town,Town02,mixed,15,97,4.85,193.68222045898438,160.58309936523438,0.22167758643627167,-89.92217254638672,0.003189063150012868,499.2999938704299,0.0006387027479528596,1.52587890625e-05,1.331580543606492e-07,2.7122513873217745e-06,0.4379956464392888,0.05258631706237793,0.8990306854248047,-0.35726237297058105,0.0,0.6206799745559692,0.08841507136821747,1.0,0.800000011920929,4.807916164398193,0.9751521348953247,1.0000000|0.0000000|0.0000000|0.0000000|0.0000000|0.0000000|0.0000000|0.0000000|0.0000000|0.0000000,0,1.0,16.39889181020969,0,0,0,0,0,
cross_town,Town02,mixed,15,98,4.9,193.68222045898438,160.58309936523438,0.22167758643627167,-89.92217254638672,0.003189063150012868,499.2999938704299,0.0006387027479528596,1.52587890625e-05,1.331580543606492e-07,3.501892261031341e-06,0.4405749003512608,0.46102175116539,0.18720147013664246,0.2150532305240631,0.0,0.5406799912452698,0.16841506958007812,0.9742074608802795,0.34444692730903625,1.0634377002716064,1.3007184267044067,1.0000000|0.0000000|0.0000000|0.0000000|0.0000000|0.0000000|0.0000000|0.0000000|0.0000000|0.0000000,0,1.0,16.387825307033978,0,0,0,0,0,
cross_town,Town02,mixed,15,99,4.95,193.68222045898438,160.58309936523438,0.22167758643627167,-89.92217254638672,0.003189063150012868,499.2999938704299,0.0006387027479528596,1.52587890625e-05,1.331580543606492e-07,4.257204225018958e-06,0.44500590008360985,0.261619508266449,0.560086190700531,0.14479047060012817,0.0,0.560086190700531,0.14479047060012817,1.0,0.34444692730903625,5.602635860443115,1.217957615852356,1.0000000|0.0000000|0.0000000|0.0000000|0.0000000|0.0000000|0.0000000|0.0000000|0.0000000|0.0000000,0,1.0,16.48623263841458,0,0,0,0,0,
cross_town,Town02,mixed,15,100,5.0,193.68222045898438,160.58309936523438,0.22167758643627167,-89.92217254638672,0.003189063150012868,499.2999938704299,0.0006387027479528596,1.52587890625e-05,1.331580543606492e-07,5.149841460681787e-06,0.4379956464392886,0.35195934772491455,0.4053727388381958,0.06469570100307465,0.0,0.48008617758750916,0.06479047238826752,1.0,0.34444692730903625,6.328592777252197,1.3718490600585938,1.0000000|0.0000000|0.0000000|0.0000000|0.0000000|0.0000000|0.0000000|0.0000000|0.0000000|0.0000000,0,1.0,16.478520257000095,0,0,0,0,0,
cross_town,Town02,mixed,15,101,5.05,193.68222045898438,160.58309936523438,0.22167758643627167,-89.92217254638672,0.003189063150012868,499.2999938704299,0.0006387027479528596,1.52587890625e-05,1.331580543606492e-07,5.870819298559067e-06,0.4380202333552587,0.14319029450416565,0.617425262928009,0.25008517503738403,0.0,0.560086190700531,0.14479047060012817,0.9997541308403015,0.34444692730903625,2.233213424682617,1.3901786804199219,1.0000000|0.0000000|0.0000000|0.0000000|0.0000000|0.0000000|0.0000000|0.0000000|0.0000000|0.0000000,0,1.0,16.49852876995744,0,0,0,0,0,
cross_town,Town02,mixed,15,102,5.1,193.68222045898438,160.58309936523438,0.22167758643627167,-89.92217254638672,0.003189063150012868,499.2999938704299,0.0006387027479528596,1.52587890625e-05,1.331580543606492e-07,0.0,0.4430778868596217,0.3522688150405884,0.48312196135520935,0.08987846970558167,0.0,0.48312196135520935,0.08987846970558167,0.9897936582565308,0.34444692730903625,1.2991752624511719,1.1863391399383545,1.0000000|0.0000000|0.0000000|0.0000000|0.0000000|0.0000000|0.0000000|0.0000000|0.0000000|0.0000000,0,1.0,16.077114655100562,0,0,0,0,0,
cross_town,Town02,mixed,15,103,5.15,193.68222045898438,160.58309936523438,0.22167758643627167,-89.92217254638672,0.003189063150012868,499.2999938704299,0.0006387027479528596,1.52587890625e-05,1.331580543606492e-07,8.926399587917242e-07,0.43799650474617363,0.1589004397392273,0.6142340898513794,0.22309264540672302,0.0,0.5631219744682312,0.16987846791744232,0.9999914169311523,0.34444692730903625,3.072972536087036,1.4392138719558716,1.0000000|0.0000000|0.0000000|0.0000000|0.0000000|0.0000000|0.0000000|0.0000000|0.0000000|0.0000000,0,1.0,15.739976970059141,0,0,0,0,0,
cross_town,Town02,mixed,15,104,5.2,193.68222045898438,160.58309936523438,0.22167758643627167,-89.92217254638672,0.003189063150012868,499.2999938704299,0.0006387027479528596,1.52587890625e-05,1.331580543606492e-07,1.716613963124811e-06,0.4455138901413063,0.3116860091686249,0.47635167837142944,0.1582682728767395,0.0,0.48312196135520935,0.1582682728767395,1.0,0.34444692730903625,4.437988758087158,1.3539183139801025,1.0000000|0.0000000|0.0000000|0.0000000|0.0000000|0.0000000|0.0000000|0.0000000|0.0000000|0.0000000,0,1.0,15.471549413476758,0,0,0,0,0,
cross_town,Town02,mixed,15,105,5.25,193.68222045898438,160.58309936523438,0.22167758643627167,-89.92217254638672,0.003189063150012868,499.2999938704299,0.0006387027479528596,1.52587890625e-05,1.331580543606492e-07,2.6092534821134916e-06,0.43799564643928884,0.0735703706741333,0.8334497213363647,-0.17051616311073303,0.0,0.5631219744682312,0.07826827466487885,1.0,0.800000011920929,6.960310935974121,1.2361221313476562,1.0000000|0.0000000|0.0000000|0.0000000|0.0000000|0.0000000|0.0000000|0.0000000|0.0000000|0.0000000,0,1.0,15.236720538513982,0,0,0,0,0,
cross_town,Town02,mixed,15,106,5.3,193.68222045898438,160.58309936523438,0.22167758643627167,-89.92217254638672,0.003189063150012868,499.2999938704299,0.0006387027479528596,1.52587890625e-05,1.331580543606492e-07,3.467560873698016e-06,0.43801554843017937,0.2511521577835083,0.4195702075958252,0.24521516263484955,0.0,0.48312196135520935,0.1582682728767395,0.999800980091095,0.34444692730903625,2.2860682010650635,1.3293824195861816,1.0000000|0.0000000|0.0000000|0.0000000|0.0000000|0.0000000|0.0000000|0.0000000|0.0000000|0.0000000,0,1.0,15.060865989439051,0,0,0,0,0,
cross_town,Town02,mixed,15,107,5.35,193.68222045898438,160.58309936523438,0.22167758643627167,-89.92217254638672,0.003189063150012868,499.2999938704299,0.0006387027479528596,1.52587890625e-05,1.331580543606492e-07,4.291535778681094e-06,0.4379956464392886,0.07357031106948853,0.8334498405456543,-0.17051658034324646,0.0,0.5631219744682312,0.07826827466487885,1.0,0.800000011920929,6.960328102111816,1.236121654510498,1.0000000|0.0000000|0.0000000|0.0000000|0.0000000|0.0000000|0.0000000|0.0000000|0.0000000|0.0000000,0,1.0,15.001945969151919,0,0,0,0,0,
cross_town,Town02,mixed,15,108,5.4,193.68222045898438,160.58309936523438,0.22167758643627167,-89.92217254638672,0.003189063150012868,499.2999938704299,0.0006387027479528596,1.52587890625e-05,1.331580543606492e-07,4.943850246349015e-06,0.43799564643928857,0.19860517978668213,0.3872324824333191,0.26646700501441956,0.0,0.48312196135520935,0.1582682728767395,1.0,0.34444692730903625,17.03473663330078,1.5248416662216187,1.0000000|0.0000000|0.0000000|0.0000000|0.0000000|0.0000000|0.0000000|0.0000000|0.0000000|0.0000000,0,1.0,15.06755229092901,0,0,0,0,0,
cross_town,Town02,mixed,15,109,5.45,193.68222045898438,160.58309936523438,0.22167758643627167,-89.92217254638672,0.003189063150012868,499.2999938704299,0.0006387027479528596,1.52587890625e-05,1.331580543606492e-07,5.66483068782782e-06,0.4379956464392888,0.07357034087181091,0.8334499001502991,-0.1705165058374405,0.0,0.5631219744682312,0.07826827466487885,1.0,0.800000011920929,6.960289001464844,1.236121416091919,1.0000000|0.0000000|0.0000000|0.0000000|0.0000000|0.0000000|0.0000000|0.0000000|0.0000000|0.0000000,0,1.0,15.236507457311125,0,0,0,0,0,
cross_town,Town02,mixed,15,110,5.5,193.68222045898438,160.58309936523438,0.22167758643627167,-89.92217254638672,0.003189063150012868,499.2999938704299,0.0006387027479528596,1.52587890625e-05,1.331580543606492e-07,6.385804819567512e-06,0.4382875482661472,0.2737210690975189,0.45069655776023865,0.21045726537704468,0.0,0.48312196135520935,0.1582682728767395,0.9970809817314148,0.34444692730903625,1.6139475107192993,1.2033061981201172,1.0000000|0.0000000|0.0000000|0.0000000|0.0000000|0.0000000|0.0000000|0.0000000|0.0000000|0.0000000,0,1.0,15.427864967177895,0,0,0,0,0,
cross_town,Town02,mixed,15,111,5.55,193.68222045898438,160.58309936523438,0.22167758643627167,-89.92217254638672,0.003189063150012868,499.2999938704299,0.0006387027479528596,1.52587890625e-05,1.331580543606492e-07,5.493272448786865e-07,0.4423149180512304,0.1594192385673523,0.6483755111694336,0.21118903160095215,0.0,0.5631219744682312,0.21118903160095215,1.0,0.34444692730903625,6.3878278732299805,1.4655801057815552,1.0000000|0.0000000|0.0000000|0.0000000|0.0000000|0.0000000|0.0000000|0.0000000|0.0000000|0.0000000,0,1.0,15.603541068060478,0,0,0,0,0,
cross_town,Town02,mixed,15,112,5.6,193.68222045898438,160.58309936523438,0.22167758643627167,-89.92217254638672,0.003189063150012868,499.2999938704299,0.0006387027479528596,1.52587890625e-05,1.331580543606492e-07,1.4419623561572152e-06,0.4434095821214963,0.17794370651245117,0.5601404309272766,0.16773346066474915,0.0,0.5601404309272766,0.16773346066474915,1.0,0.34444692730903625,11.348791122436523,1.6422324180603027,1.0000000|0.0000000|0.0000000|0.0000000|0.0000000|0.0000000|0.0000000|0.0000000|0.0000000|0.0000000,0,1.0,15.673138747801927,0,0,0,0,0,
cross_town,Town02,mixed,15,113,5.65,193.68222045898438,160.58309936523438,0.22167758643627167,-89.92217254638672,0.003189063150012868,499.2999938704299,0.0006387027479528596,1.52587890625e-05,1.331580543606492e-07,2.334601475548731e-06,0.43799665971825,0.04200291633605957,0.9151022434234619,-0.38769733905792236,0.0,0.6401404142379761,0.08773346245288849,0.9999898672103882,0.800000011920929,2.576235055923462,0.8582707643508911,1.0000000|0.0000000|0.0000000|0.0000000|0.0000000|0.0000000|0.0000000|0.0000000|0.0000000|0.0000000,0,1.0,15.79551895575323,0,0,0,0,0,
cross_town,Town02,mixed,15,114,5.7,193.68222045898438,160.58309936523438,0.22167758643627167,-89.92217254638672,0.003189063150012868,499.2999938704299,0.0006387027479528596,1.52587890625e-05,1.331580543606492e-07,3.021241257658534e-06,0.4568223933799016,0.5398248434066772,0.11151200532913208,0.24524983763694763,0.0,0.5601404309272766,0.16773346066474915,0.8117325305938721,0.34444692730903625,0.520879864692688,1.2088600397109985,1.0000000|0.0000000|0.0000000|0.0000000|0.0000000|0.0000000|0.0000000|0.0000000|0.0000000|0.0000000,0,1.0,15.82519629004639,0,0,0,0,0,
cross_town,Town02,mixed,15,115,5.75,193.68222045898438,160.58309936523438,0.22167758643627167,-89.92217254638672,0.003189063150012868,499.2999938704299,0.0006387027479528596,1.52587890625e-05,1.331580543606492e-07,3.639223867652421e-06,0.43799665971824997,0.04200291633605957,0.9151022434234619,-0.38769733905792236,0.0,0.6401404142379761,0.08773346245288849,0.9999898672103882,0.800000011920929,2.576233148574829,0.858270525932312,1.0000000|0.0000000|0.0000000|0.0000000|0.0000000|0.0000000|0.0000000|0.0000000|0.0000000|0.0000000,0,1.0,15.84907334316845,0,0,0,0,0,
cross_town,Town02,mixed,15,116,5.8,193.68222045898438,160.58309936523438,0.22167758643627167,-89.92217254638672,0.003189063150012868,499.2999938704299,0.0006387027479528596,1.52587890625e-05,1.331580543606492e-07,4.360205187575943e-06,0.43800588615963326,0.00350150465965271,0.9930938482284546,-0.02115274965763092,0.0,0.7201403975486755,0.007733462378382683,0.9998975992202759,0.800000011920929,1.9967962503433228,0.5631417036056519,1.0000000|0.0000000|0.0000000|0.0000000|0.0000000|0.0000000|0.0000000|0.0000000|0.0000000|0.0000000,0,1.0,15.889343290577084,0,0,0,0,0,
cross_town,Town02,mixed,15,117,5.85,193.68222045898438,160.58309936523438,0.22167758643627167,-89.92217254638672,0.003189063150012868,499.2999938704299,0.0006387027479528596,1.52587890625e-05,1.331580543606492e-07,5.081181261009009e-06,0.4379956467969166,0.5608398914337158,0.07675942778587341,-0.30926811695098877,0.0,0.6401404142379761,-0.07226653397083282,1.0,0.34444692730903625,12.828447341918945,1.103266716003418,1.0000000|0.0000000|0.0000000|0.0000000|0.0000000|0.0000000|0.0000000|0.0000000|0.0000000|0.0000000,0,1.0,15.955823780597989,0,0,0,0,0,
cross_town,Town02,mixed,15,118,5.9,193.68222045898438,160.58309936523438,0.22167758643627167,-89.92217254638672,0.003189063150012868,499.2999938704299,0.0006387027479528596,1.52587890625e-05,1.331580543606492e-07,5.973816374529634e-06,0.4379956460816608,0.05260249972343445,0.6161929965019226,0.6416211128234863,0.0,0.6161929965019226,0.007733466103672981,1.0,0.34444692730903625,30.96636962890625,1.308241605758667,1.0000000|0.0000000|0.0000000|0.0000000|0.0000000|0.0000000|0.0000000|0.0000000|0.0000000|0.0000000,0,1.0,16.045484253709315,0,0,0,0,0,
cross_town,Town02,mixed,15,119,5.95,193.68222045898438,160.58309936523438,0.22167758643627167,-89.92217254638672,0.003189063150012868,499.2999938704299,0.0006387027479528596,1.52587890625e-05,1.331580543606492e-07,2.060209411227594e-07,0.4379956467969166,0.17617326974868774,0.3061821460723877,0.2935687005519867,0.0,0.5361930131912231,0.08773346245288849,1.0,0.34444692730903625,17.29755973815918,1.4759135246276855,1.0000000|0.0000000|0.0000000|0.0000000|0.0000000|0.0000000|0.0000000|0.0000000|0.0000000|0.0000000,0,1.0,16.112626564793086,0,0,0,0,0,
cross_town,Town02,mixed,15,120,6.0,193.68222045898438,160.58309936523438,0.22167758643627167,-89.92217254638672,0.003189063150012868,499.2999938704299,0.0006387027479528596,1.52587890625e-05,1.331580543606492e-07,1.2359777782461499e-06,0.43799564643928884,0.19056600332260132,0.472192645072937,0.2362479418516159,0.0,0.472192645072937,0.16773346066474915,1.0,0.34444692730903625,7.0871901512146,1.4689435958862305,1.0000000|0.0000000|0.0000000|0.0000000|0.0000000|0.0000000|0.0000000|0.0000000|0.0000000|0.0000000,0,1.0,15.92622655345938,0,0,0,0,0,
cross_town,Town02,mixed,15,121,6.05,193.68222045898438,160.58309936523438,0.22167758643627167,-89.92217254638672,0.003189063150012868,499.2999938704299,0.0006387027479528596,1.52587890625e-05,1.331580543606492e-07,2.1286085658142632e-06,0.4396408209614741,0.14724797010421753,0.6981906890869141,0.23877421021461487,0.0,0.5521926283836365,0.23877421021461487,0.9997867941856384,0.34444692730903625,2.268730401992798,1.4168823957443237,1.0000000|0.0000000|0.0000000|0.0000000|0.0000000|0.0000000|0.0000000|0.0000000|0.0000000|0.0000000,0,1.0,15.81198980368994,0,0,0,0,0,
cross_town,Town02,mixed,15,122,6.1,193.68222045898438,160.58309936523438,0.22167758643627167,-89.92217254638672,0.003189063150012868,499.2999938704299,0.0006387027479528596,1.52587890625e-05,1.331580543606492e-07,2.849581779354302e-06,0.4392154231614318,0.1541714072227478,0.5617678165435791,0.16540174186229706,0.0,0.5617678165435791,0.16540174186229706,1.0,0.34444692730903625,6.807483673095703,1.6265110969543457,1.0000000|0.0000000|0.0000000|0.0000000|0.0000000|0.0000000|0.0000000|0.0000000|0.0000000|0.0000000,0,1.0,15.620873652993202,0,0,0,0,0,
cross_town,Town02,mixed,15,123,6.15,193.68222045898438,160.58309936523438,0.22167758643627167,-89.92217254638672,0.003189063150012868,499.2999938704299,0.0006387027479528596,1.52587890625e-05,1.331580543606492e-07,3.570557719172947e-06,0.4452382629510486,0.33550357818603516,0.4644773602485657,0.1462993025779724,0.0,0.48176780343055725,0.1462993025779724,0.9999949932098389,0.34444692730903625,3.208761215209961,1.3390698432922363,1.0000000|0.0000000|0.0000000|0.0000000|0.0000000|0.0000000|0.0000000|0.0000000|0.0000000|0.0000000,0,1.0,15.541679995522394,0,0,0,0,0,
cross_town,Town02,mixed,15,124,6.2,193.68222045898438,160.58309936523438,0.22167758643627167,-89.92217254638672,0.003189063150012868,499.2999938704299,0.0006387027479528596,1.52587890625e-05,1.331580543606492e-07,4.291535697948959e-06,0.44057484499142213,0.18404608964920044,0.6006941199302673,0.21155911684036255,0.0,0.5617678165435791,0.21155911684036255,0.9999018907546997,0.34444692730903625,2.4629693031311035,1.327725887298584,1.0000000|0.0000000|0.0000000|0.0000000|0.0000000|0.0000000|0.0000000|0.0000000|0.0000000|0.0000000,0,1.0,15.418629956190141,0,0,0,0,0,
cross_town,Town02,mixed,15,125,6.25,193.68222045898438,160.58309936523438,0.22167758643627167,-89.92217254638672,0.003189063150012868,499.2999938704299,0.0006387027479528596,1.52587890625e-05,1.331580543606492e-07,5.0125157528328285e-06,0.4387837509734379,0.062341272830963135,0.849402666091919,-0.5140187740325928,0.0,0.6417677998542786,0.1315591186285019,0.9921189546585083,0.800000011920929,0.908846378326416,1.0334436893463135,1.0000000|0.0000000|0.0000000|0.0000000|0.0000000|0.0000000|0.0000000|0.0000000|0.0000000|0.0000000,0,1.0,15.409367712491726,0,0,0,0,0,
cross_town,Town02,mixed,15,126,6.3,193.68222045898438,160.58309936523438,0.22167758643627167,-89.92217254638672,0.003189063150012868,499.2999938704299,0.0006387027479528596,1.52587890625e-05,1.331580543606492e-07,5.767829248994693e-06,0.4439277093035924,0.008752584457397461,0.9827691316604614,-0.33173537254333496,0.0,0.721767783164978,0.051559120416641235,0.9406793713569641,0.800000011920929,0.3909115493297577,0.41573333740234375,1.0000000|0.0000000|0.0000000|0.0000000|0.0000000|0.0000000|0.0000000|0.0000000|0.0000000|0.0000000,0,1.0,15.351205843344758,0,0,0,0,0,
cross_town,Town02,mixed,15,127,6.35,193.68222045898438,160.58309936523438,0.22167758643627167,-89.92217254638672,0.003189063150012868,499.2999938704299,0.0006387027479528596,1.52587890625e-05,1.331580543606492e-07,6.626130763867145e-06,0.4379956460816608,0.7979954481124878,0.019870996475219727,-0.14431940019130707,0.0,0.6417677998542786,-0.02844087965786457,1.0,0.34444692730903625,5.197995185852051,0.987207293510437,1.0000000|0.0000000|0.0000000|0.0000000|0.0000000|0.0000000|0.0000000|0.0000000|0.0000000|0.0000000,0,1.0,15.387604108058033,0,0,0,0,0,
cross_town,Town02,mixed,15,128,6.4,193.68222045898438,160.58309936523438,0.22167758643627167,-89.92217254638672,0.003189063150012868,499.2999938704299,0.0006387027479528596,1.52587890625e-05,1.331580543606492e-07,6.866727982281079e-07,0.4379956460816608,0.12854331731796265,0.39153406023979187,0.2136608213186264,0.0,0.5617678165435791,0.051559120416641235,1.0,0.34444692730903625,15.630885124206543,1.1388397216796875,1.0000000|0.0000000|0.0000000|0.0000000|0.0000000|0.0000000|0.0000000|0.0000000|0.0000000|0.0000000,0,1.0,15.352687160084724,0,0,0,0,0,
cross_town,Town02,mixed,15,129,6.45,193.68222045898438,160.58309936523438,0.22167758643627167,-89.92217254638672,0.003189063150012868,499.2999938704299,0.0006387027479528596,1.52587890625e-05,1.331580543606492e-07,1.5449698611219677e-06,0.4379956702811463,0.19022780656814575,0.42337727546691895,0.28803378343582153,0.0,0.48176780343055725,0.1315591186285019,0.9999997615814209,0.34444692730903625,3.9295144081115723,1.370939016342163,1.0000000|0.0000000|0.0000000|0.0000000|0.0000000|0.0000000|0.0000000|0.0000000|0.0000000|0.0000000,0,1.0,15.390731564391288,0,0,0,0,0,
cross_town,Town02,mixed,15,130,6.5,193.68222045898438,160.58309936523438,0.22167758643627167,-89.92217254638672,0.003189063150012868,499.2999938704299,0.0006387027479528596,1.52587890625e-05,1.331580543606492e-07,2.4032706426357913e-06,0.43799564643928857,0.1725751757621765,0.5967164039611816,0.246196448802948,0.0,0.5617678165435791,0.21155911684036255,1.0,0.34444692730903625,6.367785453796387,1.5286238193511963,1.0000000|0.0000000|0.0000000|0.0000000|0.0000000|0.0000000|0.0000000|0.0000000|0.0000000|0.0000000,0,1.0,15.339451366340239,0,0,0,0,0,
cross_town,Town02,mixed,15,131,6.55,193.68222045898438,160.58309936523438,0.22167758643627167,-89.92217254638672,0.003189063150012868,499.2999938704299,0.0006387027479528596,1.52587890625e-05,1.331580543606492e-07,3.0212403140618036e-06,0.4387837390525086,0.06234124302864075,0.8494027256965637,-0.5140185356140137,0.0,0.6417677998542786,0.1315591186285019,0.9921190738677979,0.800000011920929,0.9088515043258667,1.0334441661834717,1.0000000|0.0000000|0.0000000|0.0000000|0.0000000|0.0000000|0.0000000|0.0000000|0.0000000|0.0000000,0,1.0,15.349967050163821,0,0,0,0,0,
cross_town,Town02,mixed,15,132,6.6,193.68222045898438,160.58309936523438,0.22167758643627167,-89.92217254638672,0.003189063150012868,499.2999938704299,0.0006387027479528596,1.52587890625e-05,1.331580543606492e-07,3.639228097937314e-06,0.43799564643928884,0.5671955943107605,0.10512253642082214,0.21540378034114838,0.0,0.5617678165435791,0.21155911684036255,1.0,0.34444692730903625,7.337018013000488,1.4108068943023682,1.0000000|0.0000000|0.0000000|0.0000000|0.0000000|0.0000000|0.0000000|0.0000000|0.0000000|0.0000000,0,1.0,15.264570129111803,0,0,0,0,0,
cross_town,Town02,mixed,15,133,6.65,193.68222045898438,160.58309936523438,0.22167758643627167,-89.92217254638672,0.003189063150012868,499.2999938704299,0.0006387027479528596,1.52587890625e-05,1.331580543606492e-07,4.325878983647576e-06,0.43805357023308145,0.21935230493545532,0.5786318778991699,0.1053161546587944,0.0,0.5786318778991699,0.1315591186285019,0.9994207620620728,0.34444692730903625,2.0188498497009277,1.4253787994384766,1.0000000|0.0000000|0.0000000|0.0000000|0.0000000|0.0000000|0.0000000|0.0000000|0.0000000|0.0000000,0,1.0,15.2438561267713,0,0,0,0,0,
cross_town,Town02,mixed,15,134,6.7,193.68222045898438,160.58309936523438,0.22167758643627167,-89.92217254638672,0.003189063150012868,499.2999938704299,0.0006387027479528596,1.52587890625e-05,1.331580543606492e-07,5.115511374562049e-06,0.4439436585010952,0.417050302028656,0.36360257863998413,0.09346774965524673,0.0,0.49863186478614807,0.09346774965524673,0.999908447265625,0.34444692730903625,2.4803149700164795,1.1809064149856567,1.0000000|0.0000000|0.0000000|0.0000000|0.0000000|0.0000000|0.0000000|0.0000000|0.0000000|0.0000000,0,1.0,15.134478321941787,0,0,0,0,0,
cross_town,Town02,mixed,15,135,6.75,193.68222045898438,160.58309936523438,0.22167758643627167,-89.92217254638672,0.003189063150012868,499.2999938704299,0.0006387027479528596,1.52587890625e-05,1.331580543606492e-07,5.9738172768735365e-06,0.44244698220843404,0.028989017009735107,0.9040941596031189,0.14533858001232147,0.0,0.5786318778991699,0.14533858001232147,0.9999996423721313,0.800000011920929,3.446955442428589,1.2985944747924805,1.0000000|0.0000000|0.0000000|0.0000000|0.0000000|0.0000000|0.0000000|0.0000000|0.0000000|0.0000000,0,1.0,15.101203662184695,0,0,0,0,0,
cross_town,Town02,mixed,15,136,6.8,193.68222045898438,160.58309936523438,0.22167758643627167,-89.92217254638672,0.003189063150012868,499.2999938704299,0.0006387027479528596,1.52587890625e-05,1.331580543606492e-07,3.4332352945746383e-07,0.4456379502036643,0.37941592931747437,0.38952088356018066,0.15094421803951263,0.0,0.49863186478614807,0.15094421803951263,0.9999998807907104,0.34444692730903625,4.136993408203125,1.2988308668136597,1.0000000|0.0000000|0.0000000|0.0000000|0.0000000|0.0000000|0.0000000|0.0000000|0.0000000|0.0000000,0,1.0,14.990600962171046,0,0,0,0,0,
cross_town,Town02,mixed,15,137,6.85,193.68222045898438,160.58309936523438,0.22167758643627167,-89.92217254638672,0.003189063150012868,499.2999938704299,0.0006387027479528596,1.52587890625e-05,1.331580543606492e-07,1.2359626429048393e-06,0.4427142057767104,0.16485080122947693,0.674731433391571,0.20063364505767822,0.0,0.5786318778991699,0.20063364505767822,0.999985933303833,0.34444692730903625,2.94905161857605,1.3412903547286987,1.0000000|0.0000000|0.0000000|0.0000000|0.0000000|0.0000000|0.0000000|0.0000000|0.0000000|0.0000000,0,1.0,14.964225503846292,0,0,0,0,0,
cross_town,Town02,mixed,15,138,6.9,193.68222045898438,160.58309936523438,0.22167758643627167,-89.92217254638672,0.003189063150012868,499.2999938704299,0.0006387027479528596,1.52587890625e-05,1.331580543606492e-07,2.128602296144009e-06,0.4455924174948029,0.24300870299339294,0.46325233578681946,0.1923055499792099,0.0,0.49863186478614807,0.1923055499792099,1.0,0.34444692730903625,7.204766273498535,1.5958707332611084,1.0000000|0.0000000|0.0000000|0.0000000|0.0000000|0.0000000|0.0000000|0.0000000|0.0000000|0.0000000,0,1.0,14.869483297896556,0,0,0,0,0,
cross_town,Town02,mixed,15,139,6.95,193.68222045898438,160.58309936523438,0.22167758643627167,-89.92217254638672,0.003189063150012868,499.2999938704299,0.0006387027479528596,1.52587890625e-05,1.331580543606492e-07,3.021241885833527e-06,0.43799564643928884,0.07700422406196594,0.8416095972061157,-0.3751956820487976,0.0,0.5786318778991699,0.11230555176734924,1.0,0.800000011920929,7.437429904937744,1.1831320524215698,1.0000000|0.0000000|0.0000000|0.0000000|0.0000000|0.0000000|0.0000000|0.0000000|0.0000000|0.0000000,0,1.0,14.859296805592082,0,0,0,0,0,
cross_town,Town02,mixed,15,140,7.0,193.68222045898438,160.58309936523438,0.22167758643627167,-89.92217254638672,0.003189063150012868,499.2999938704299,0.0006387027479528596,1.52587890625e-05,1.331580543606492e-07,3.879549054470778e-06,0.4454986127899991,0.3626628518104553,0.3836459219455719,0.1244516521692276,0.0,0.49863186478614807,0.1244516521692276,1.0,0.34444692730903625,6.383022785186768,1.3048126697540283,1.0000000|0.0000000|0.0000000|0.0000000|0.0000000|0.0000000|0.0000000|0.0000000|0.0000000|0.0000000,0,1.0,14.78056203889616,0,0,0,0,0,
cross_town,Town02,mixed,15,141,7.05,193.68222045898438,160.58309936523438,0.22167758643627167,-89.92217254638672,0.003189063150012868,499.2999938704299,0.0006387027479528596,1.52587890625e-05,1.331580543606492e-07,4.6005256082982725e-06,0.43802746339866994,0.19954624772071838,0.5497475862503052,0.21660086512565613,0.0,0.5497475862503052,0.20445165038108826,0.999681830406189,0.34444692730903625,2.1686532497406006,1.4039925336837769,1.0000000|0.0000000|0.0000000|0.0000000|0.0000000|0.0000000|0.0000000|0.0000000|0.0000000|0.0000000,0,1.0,14.781510007929333,0,0,0,0,0,
cross_town,Town02,mixed,15,142,7.1,193.68222045898438,160.58309936523438,0.22167758643627167,-89.92217254638672,0.003189063150012868,499.2999938704299,0.0006387027479528596,1.52587890625e-05,1.331580543606492e-07,5.424499363097273e-06,0.4445621436279975,0.1831076741218567,0.5966993570327759,0.1739898920059204,0.0,0.5966993570327759,0.1739898920059204,1.0,0.34444692730903625,7.721754550933838,1.620223045349121,1.0000000|0.0000000|0.0000000|0.0000000|0.0000000|0.0000000|0.0000000|0.0000000|0.0000000|0.0000000,0,1.0,14.709139328142937,0,0,0,0,0,
cross_town,Town02,mixed,15,143,7.15,193.68222045898438,160.58309936523438,0.22167758643627167,-89.92217254638672,0.003189063150012868,499.2999938704299,0.0006387027479528596,1.52587890625e-05,1.331580543606492e-07,6.17981085004367e-06,0.4446740432320848,0.319494366645813,0.370448499917984,0.20288053154945374,0.0,0.5166993737220764,0.20288053154945374,1.0,0.34444692730903625,7.011013031005859,1.4972894191741943,1.0000000|0.0000000|0.0000000|0.0000000|0.0000000|0.0000000|0.0000000|0.0000000|0.0000000|0.0000000,0,1.0,14.710746322612595,0,0,0,0,0,
cross_town,Town02,mixed,15,144,7.2,193.68222045898438,160.58309936523438,0.22167758643627167,-89.92217254638672,0.003189063150012868,499.2999938704299,0.0006387027479528596,1.52587890625e-05,1.331580543606492e-07,0.0,0.43799564643928857,0.07195854187011719,0.8462176322937012,-0.45196637511253357,0.0,0.5966993570327759,0.12288053333759308,1.0,0.800000011920929,5.819195747375488,1.1582534313201904,1.0000000|0.0000000|0.0000000|0.0000000|0.0000000|0.0000000|0.0000000|0.0000000|0.0000000|0.0000000,0,1.0,14.63457441013247,0,0,0,0,0,
cross_town,Town02,mixed,15,145,7.25,193.68222045898438,160.58309936523438,0.22167758643627167,-89.92217254638672,0.003189063150012868,499.2999938704299,0.0006387027479528596,1.52587890625e-05,1.331580543606492e-07,8.926399885756691e-07,0.44535572383893907,0.47996604442596436,0.2108498513698578,0.13924160599708557,0.0,0.5166993737220764,0.13924160599708557,0.999987006187439,0.34444692730903625,2.9692931175231934,1.3148678541183472,1.0000000|0.0000000|0.0000000|0.0000000|0.0000000|0.0000000|0.0000000|0.0000000|0.0000000|0.0000000,0,1.0,14.62934901397571,0,0,0,0,0,
cross_town,Town02,mixed,15,146,7.3,193.68222045898438,160.58309936523438,0.22167758643627167,-89.92217254638672,0.003189063150012868,499.2999938704299,0.0006387027479528596,1.52587890625e-05,1.331580543606492e-07,1.7166138712149291e-06,0.43799564643928884,0.051424264907836914,0.8835301399230957,-0.1633361428976059,0.0,0.5966993570327759,0.059241607785224915,1.0,0.800000011920929,3.9348645210266113,1.0635302066802979,1.0000000|0.0000000|0.0000000|0.0000000|0.0000000|0.0000000|0.0000000|0.0000000|0.0000000|0.0000000,0,1.0,14.545171205774679,0,0,0,0,0,
cross_town,Town02,mixed,15,147,7.35,193.68222045898438,160.58309936523438,0.22167758643627167,-89.92217254638672,0.003189063150012868,499.2999938704299,0.0006387027479528596,1.52587890625e-05,1.331580543606492e-07,2.6092534647705072e-06,0.4379956702811468,0.23858216404914856,0.3103333115577698,0.29569578170776367,0.0,0.5166993737220764,0.13924160599708557,0.9999997615814209,0.34444692730903625,4.026914119720459,1.3685797452926636,1.0000000|0.0000000|0.0000000|0.0000000|0.0000000|0.0000000|0.0000000|0.0000000|0.0000000|0.0000000,0,1.0,14.532326449291736,0,0,0,0,0,
cross_town,Town02,mixed,15,148,7.4,193.68222045898438,160.58309936523438,0.22167758643627167,-89.92217254638672,0.003189063150012868,499.2999938704299,0.0006387027479528596,1.52587890625e-05,1.331580543606492e-07,3.3645645633707457e-06,0.43799564643928873,0.051424235105514526,0.8835301399230957,-0.16333666443824768,0.0,0.5966993570327759,0.059241607785224915,1.0,0.800000011920929,3.9348442554473877,1.0635298490524292,1.0000000|0.0000000|0.0000000|0.0000000|0.0000000|0.0000000|0.0000000|0.0000000|0.0000000|0.0000000,0,1.0,14.442651441328975,0,0,0,0,0,
cross_town,Town02,mixed,15,149,7.45,193.68222045898438,160.58309936523438,0.22167758643627167,-89.92217254638672,0.003189063150012868,499.2999938704299,0.0006387027479528596,1.52587890625e-05,1.331580543606492e-07,4.18853896566926e-06,0.4379992584807621,0.29001766443252563,0.30050474405288696,0.2576870918273926,0.0,0.5166993737220764,0.13924160599708557,0.9999638795852661,0.34444692730903625,2.7123236656188965,1.2231802940368652,1.0000000|0.0000000|0.0000000|0.0000000|0.0000000|0.0000000|0.0000000|0.0000000|0.0000000|0.0000000,0,1.0,14.426460923377531,0,0,0,0,0,
cross_town,Town02,mixed,15,150,7.5,193.68222045898438,160.58309936523438,0.22167758643627167,-89.92217254638672,0.003189063150012868,499.2999938704299,0.0006387027479528596,1.52587890625e-05,1.331580543606492e-07,5.081177356819586e-06,0.4456785629533283,0.2291606068611145,0.5739864110946655,0.15013021230697632,0.0,0.5739864110946655,0.15013021230697632,0.9985480904579163,0.34444692730903625,1.7889057397842407,1.357618808746338,1.0000000|0.0000000|0.0000000|0.0000000|0.0000000|0.0000000|0.0000000|0.0000000|0.0000000|0.0000000,0,1.0,14.336719897141611,0,0,0,0,0,
cross_town,Town02,mixed,15,151,7.55,193.68222045898438,160.58309936523438,0.22167758643627167,-89.92217254638672,0.003189063150012868,499.2999938704299,0.0006387027479528596,1.52587890625e-05,1.331580543606492e-07,5.973816127030075e-06,0.4430372087758732,0.39024680852890015,0.353410542011261,0.10323993861675262,0.0,0.4939863979816437,0.10323993861675262,1.0,0.34444692730903625,4.521360874176025,1.3321428298950195,1.0000000|0.0000000|0.0000000|0.0000000|0.0000000|0.0000000|0.0000000|0.0000000|0.0000000|0.0000000,0,1.0,14.322077147651134,0,0,0,0,0,
cross_town,Town02,mixed,15,152,7.6,193.68222045898438,160.58309936523438,0.22167758643627167,-89.92217254638672,0.003189063150012868,499.2999938704299,0.0006387027479528596,1.52587890625e-05,1.331580543606492e-07,6.866455140090779e-06,0.4379957179648626,0.1802482008934021,0.5931336879730225,0.21484564244747162,0.0,0.5739864110946655,0.18323993682861328,0.9999992847442627,0.34444692730903625,3.7044320106506348,1.3804068565368652,1.0000000|0.0000000|0.0000000|0.0000000|0.0000000|0.0000000|0.0000000|0.0000000|0.0000000|0.0000000,0,1.0,14.236107706120253,0,0,0,0,0,
cross_town,Town02,mixed,15,153,7.65,193.68222045898438,160.58309936523438,0.22167758643627167,-89.92217254638672,0.003189063150012868,499.2999938704299,0.0006387027479528596,1.52587890625e-05,1.331580543606492e-07,4.416820694315402e-09,0.4450390383987418,0.2925601601600647,0.442959189414978,0.2062726616859436,0.0,0.4939863979816437,0.2062726616859436,1.0,0.34444692730903625,6.928492546081543,1.4847346544265747,1.0000000|0.0000000|0.0000000|0.0000000|0.0000000|0.0000000|0.0000000|0.0000000|0.0000000|0.0000000,0,1.0,14.225113247692768,0,0,0,0,0,
cross_town,Town02,mixed,15,154,7.7,193.68222045898438,160.58309936523438,0.22167758643627167,-89.92217254638672,0.003189063150012868,499.2999938704299,0.0006387027479528596,1.52587890625e-05,1.331580543606492e-07,1.3739945132091468e-07,0.4379956464392885,0.07994860410690308,0.8188707828521729,-0.4331185817718506,0.0,0.5739864110946655,0.12627266347408295,1.0,0.800000011920929,6.61470890045166,1.2375990152359009,1.0000000|0.0000000|0.0000000|0.0000000|0.0000000|0.0000000|0.0000000|0.0000000|0.0000000|0.0000000,0,1.0,14.143198220319057,0,0,0,0,0,
cross_town,Town02,mixed,15,155,7.75,193.68222045898438,160.58309936523438,0.22167758643627167,-89.92217254638672,0.003189063150012868,499.2999938704299,0.0006387027479528596,1.52587890625e-05,1.331580543606492e-07,3.433338267116533e-07,0.44256293995532164,0.3680575489997864,0.4180254638195038,0.07530642300844193,0.0,0.4939863979816437,0.07530642300844193,0.9999563694000244,0.34444692730903625,2.6657745838165283,1.2638728618621826,1.0000000|0.0000000|0.0000000|0.0000000|0.0000000|0.0000000|0.0000000|0.0000000|0.0000000|0.0000000,0,1.0,14.134769129933359,0,0,0,0,0,
cross_town,Town02,mixed,15,156,7.8,193.68222045898438,160.58309936523438,0.22167758643627167,-89.92217254638672,0.003189063150012868,499.2999938704299,0.0006387027479528596,1.52587890625e-05,1.331580543606492e-07,5.149847849395623e-07,0.43805134554931985,0.1640799641609192,0.610390305519104,0.22992953658103943,0.0,0.5739864110946655,0.15530642867088318,0.999442994594574,0.34444692730903625,2.0286412239074707,1.3911468982696533,1.0000000|0.0000000|0.0000000|0.0000000|0.0000000|0.0000000|0.0000000|0.0000000|0.0000000|0.0000000,0,1.0,14.054663222679883,0,0,0,0,0,
cross_town,Town02,mixed,15,157,7.85,193.68222045898438,160.58309936523438,0.22167758643627167,-89.92217254638672,0.003189063150012868,499.2999938704299,0.0006387027479528596,1.52587890625e-05,1.331580543606492e-07,6.866490640214725e-07,0.4456492198592938,0.3386409282684326,0.45088261365890503,0.15057258307933807,0.0,0.4939863979816437,0.15057258307933807,0.9999953508377075,0.34444692730903625,3.2252037525177,1.2296607494354248,1.0000000|0.0000000|0.0000000|0.0000000|0.0000000|0.0000000|0.0000000|0.0000000|0.0000000|0.0000000,0,1.0,14.04630416240484,0,0,0,0,0,
cross_town,Town02,mixed,15,158,7.9,193.68222045898438,160.58309936523438,0.22167758643627167,-89.92217254638672,0.003189063150012868,499.2999938704299,0.0006387027479528596,1.52587890625e-05,1.331580543606492e-07,8.239820458276097e-07,0.4432406380209249,0.1690310835838318,0.6814854145050049,0.19607728719711304,0.0,0.5739864110946655,0.19607728719711304,0.9995019435882568,0.34444692730903625,2.056633710861206,1.2767213582992554,1.0000000|0.0000000|0.0000000|0.0000000|0.0000000|0.0000000|0.0000000|0.0000000|0.0000000|0.0000000,0,1.0,13.965552046035503,0,0,0,0,0,
cross_town,Town02,mixed,15,159,7.95,193.68222045898438,160.58309936523438,0.22167758643627167,-89.92217254638672,0.003189063150012868,499.2999938704299,0.0006387027479528596,1.52587890625e-05,1.331580543606492e-07,9.956420795599787e-07,0.4454132278021509,0.21624356508255005,0.5186838507652283,0.18128938972949982,0.0,0.5186838507652283,0.18128938972949982,1.0,0.34444692730903625,8.510152816772461,1.5986206531524658,1.0000000|0.0000000|0.0000000|0.0000000|0.0000000|0.0000000|0.0000000|0.0000000|0.0000000|0.0000000,0,1.0,13.955441706760526,0,0,0,0,0,
cross_town,Town02,mixed,15,160,8.0,193.68222045898438,160.58309936523438,0.22167758643627167,-89.92217254638672,0.003189063150012868,499.2999938704299,0.0006387027479528596,1.52587890625e-05,1.331580543606492e-07,1.2016331857828775e-06,0.43799564643928884,0.06624290347099304,0.8748362064361572,-0.36129051446914673,0.0,0.5986838340759277,0.10128939151763916,1.0,0.800000011920929,6.414180755615234,1.0769600868225098,1.0000000|0.0000000|0.0000000|0.0000000|0.0000000|0.0000000|0.0000000|0.0000000|0.0000000|0.0000000,0,1.0,13.873011672618562,0,0,0,0,0,
cross_town,Town02,mixed,15,161,8.05,193.68222045898438,160.58309936523438,0.22167758643627167,-89.92217254638672,0.003189063150012868,499.2999938704299,0.0006387027479528596,1.52587890625e-05,1.331580543606492e-07,6.867772879448232e-08,0.4456010858443292,0.459360808134079,0.1583806574344635,0.10917187482118607,0.0,0.5186838507652283,0.10917187482118607,1.0,0.34444692730903625,9.81513500213623,1.4348030090332031,1.0000000|0.0000000|0.0000000|0.0000000|0.0000000|0.0000000|0.0000000|0.0000000|0.0000000|0.0000000,0,1.0,13.860935823431898,0,0,0,0,0,
cross_town,Town02,mixed,15,162,8.1,193.68222045898438,160.58309936523438,0.22167758643627167,-89.92217254638672,0.003189063150012868,499.2999938704299,0.0006387027479528596,1.52587890625e-05,1.331580543606492e-07,2.746666046339975e-07,0.4390082206351506,0.23652145266532898,0.47207432985305786,0.200392484664917,0.0,0.47207432985305786,0.18917188048362732,0.9898742437362671,0.34444692730903625,1.3011772632598877,1.3944438695907593,1.0000000|0.0000000|0.0000000|0.0000000|0.0000000|0.0000000|0.0000000|0.0000000|0.0000000|0.0000000,0,1.0,13.777400883966333,0,0,0,0,0,
cross_town,Town02,mixed,15,163,8.15,193.68222045898438,160.58309936523438,0.22167758643627167,-89.92217254638672,0.003189063150012868,499.2999938704299,0.0006387027479528596,1.52587890625e-05,1.331580543606492e-07,4.4632719155787165e-07,0.4451726888302103,0.13747939467430115,0.6845164895057678,0.20964457094669342,0.0,0.5520743131637573,0.20964457094669342,1.0,0.34444692730903625,6.546594142913818,1.6332530975341797,1.0000000|0.0000000|0.0000000|0.0000000|0.0000000|0.0000000|0.0000000|0.0000000|0.0000000|0.0000000,0,1.0,13.764364469108873,0,0,0,0,0,
cross_town,Town02,mixed,15,164,8.2,193.68222045898438,160.58309936523438,0.22167758643627167,-89.92217254638672,0.003189063150012868,499.2999938704299,0.0006387027479528596,1.52587890625e-05,1.331580543606492e-07,5.150017161880702e-07,0.4381771247012365,0.06356382369995117,0.8521260023117065,-0.5032690167427063,0.0,0.6320742964744568,0.12964457273483276,0.9981852173805237,0.800000011920929,1.2774903774261475,1.0621706247329712,1.0000000|0.0000000|0.0000000|0.0000000|0.0000000|0.0000000|0.0000000|0.0000000|0.0000000|0.0000000,0,1.0,13.681007252961928,0,0,0,0,0,
cross_town,Town02,mixed,15,165,8.25,193.68222045898438,160.58309936523438,0.22167758643627167,-89.92217254638672,0.003189063150012868,499.2999938704299,0.0006387027479528596,1.52587890625e-05,1.331580543606492e-07,6.866496750991743e-07,0.4423821608645665,0.009031742811203003,0.9787529706954956,-0.3275623321533203,0.0,0.7120742797851562,0.04964457452297211,0.9561348557472229,0.800000011920929,0.47044461965560913,0.4992208480834961,1.0000000|0.0000000|0.0000000|0.0000000|0.0000000|0.0000000|0.0000000|0.0000000|0.0000000|0.0000000,0,1.0,13.66816883642755,0,0,0,0,0,
cross_town,Town02,mixed,15,166,8.3,193.68222045898438,160.58309936523438,0.22167758643627167,-89.92217254638672,0.003189063150012868,499.2999938704299,0.0006387027479528596,1.52587890625e-05,1.331580543606492e-07,8.926406178476955e-07,0.4435227704558166,0.0018897652626037598,0.9974527359008789,0.006879433989524841,0.0,0.7920742630958557,0.006879433989524841,0.9995824694633484,0.800000011920929,1.6451823711395264,0.20236539840698242,1.0000000|0.0000000|0.0000000|0.0000000|0.0000000|0.0000000|0.0000000|0.0000000|0.0000000|0.0000000,0,1.0,13.585910194157115,0,0,0,0,0,
cross_town,Town02,mixed,15,167,8.35,193.68222045898438,160.58309936523438,0.22167758643627167,-89.92217254638672,0.003189063150012868,499.2999938704299,0.0006387027479528596,1.52587890625e-05,1.331580543606492e-07,1.0986362639316277e-06,0.4550745110137212,0.19616374373435974,0.2715412974357605,0.7710176110267639,0.0,0.7120742797851562,0.0868794322013855,0.8292113542556763,0.34444692730903625,0.5505651235580444,2.068540573120117,1.0000000|0.0000000|0.0000000|0.0000000|0.0000000|0.0000000|0.0000000|0.0000000|0.0000000|0.0000000,0,1.0,13.573790732216583,0,0,0,0,0,
cross_town,Town02,mixed,15,168,8.4,193.68222045898438,160.58309936523438,0.22167758643627167,-89.92217254638672,0.003189063150012868,499.2999938704299,0.0006387027479528596,1.52587890625e-05,1.331580543606492e-07,1.2359626385351132e-06,0.43799564608166097,0.5922795534133911,0.06201803684234619,-0.26105740666389465,0.0,0.6320742964744568,0.006879432126879692,1.0,0.34444692730903625,6.471149444580078,0.8625977039337158,1.0000000|0.0000000|0.0000000|0.0000000|0.0000000|0.0000000|0.0000000|0.0000000|0.0000000|0.0000000,0,1.0,13.492720894172228,0,0,0,0,0,
cross_town,Town02,mixed,15,169,8.45,193.68222045898438,160.58309936523438,0.22167758643627167,-89.92217254638672,0.003189063150012868,499.2999938704299,0.0006387027479528596,1.52587890625e-05,1.331580543606492e-07,1.2703114732938308e-06,0.4390821791512715,0.0023833811283111572,0.9943530559539795,0.5509749054908752,0.0,0.7120742797851562,0.0868794322013855,0.989134669303894,0.800000011920929,0.8278149366378784,0.4053211212158203,1.0000000|0.0000000|0.0000000|0.0000000|0.0000000|0.0000000|0.0000000|0.0000000|0.0000000|0.0000000,0,1.0,13.4810774834672,0,0,0,0,0,
cross_town,Town02,mixed,15,170,8.5,193.68222045898438,160.58309936523438,0.22167758643627167,-89.92217254638672,0.003189063150012868,499.2999938704299,0.0006387027479528596,1.52587890625e-05,1.331580543606492e-07,1.3735905316268836e-07,0.4384753204209549,0.015658557415008545,0.9919531941413879,-0.11542695015668869,0.0,0.7920742630958557,0.006879432126879692,0.9952032566070557,0.800000011920929,1.033752202987671,0.40094566345214844,1.0000000|0.0000000|0.0000000|0.0000000|0.0000000|0.0000000|0.0000000|0.0000000|0.0000000|0.0000000,0,1.0,13.400677393578023,0,0,0,0,0,
cross_town,Town02,mixed,15,171,8.55,193.68222045898438,160.58309936523438,0.22167758643627167,-89.92217254638672,0.003189063150012868,499.2999938704299,0.0006387027479528596,1.52587890625e-05,1.331580543606492e-07,3.433314298722308e-07,0.43799564608166075,0.14422810077667236,0.3133746087551117,0.7991368174552917,0.0,0.7120742797851562,0.0868794322013855,1.0,0.34444692730903625,5.364305019378662,2.0670065879821777,1.0000000|0.0000000|0.0000000|0.0000000|0.0000000|0.0000000|0.0000000|0.0000000|0.0000000|0.0000000,0,1.0,13.388924715002382,0,0,0,0,0,
cross_town,Town02,mixed,15,172,8.6,193.68222045898438,160.58309936523438,0.22167758643627167,-89.92217254638672,0.003189063150012868,499.2999938704299,0.0006387027479528596,1.52587890625e-05,1.331580543606492e-07,5.493196133842495e-07,0.43799564608166097,0.5616031885147095,0.05921933054924011,-0.21887244284152985,0.0,0.6320742964744568,0.006879432126879692,1.0,0.34444692730903625,5.9888176918029785,0.8977804183959961,1.0000000|0.0000000|0.0000000|0.0000000|0.0000000|0.0000000|0.0000000|0.0000000|0.0000000|0.0000000,0,1.0,13.308605314147698,0,0,0,0,0,
cross_town,Town02,mixed,15,173,8.65,193.68222045898438,160.58309936523438,0.22167758643627167,-89.92217254638672,0.003189063150012868,499.2999938704299,0.0006387027479528596,1.52587890625e-05,1.331580543606492e-07,7.553124209567411e-07,0.43799564608166097,0.2038288116455078,0.28224799036979675,0.2014419138431549,0.0,0.5520743131637573,0.0868794322013855,1.0,0.34444692730903625,7.946693420410156,1.4344632625579834,1.0000000|0.0000000|0.0000000|0.0000000|0.0000000|0.0000000|0.0000000|0.0000000|0.0000000|0.0000000,0,1.0,13.296307664022883,0,0,0,0,0,
cross_town,Town02,mixed,15,174,8.7,193.68222045898438,160.58309936523438,0.22167758643627167,-89.92217254638672,0.003189063150012868,499.2999938704299,0.0006387027479528596,1.52587890625e-05,1.331580543606492e-07,8.583080932357278e-07,0.4379956464392888,0.21508878469467163,0.4322807192802429,0.23150338232517242,0.0,0.4720743000507355,0.16687943041324615,1.0,0.34444692730903625,4.535464286804199,1.432033658027649,1.0000000|0.0000000|0.0000000|0.0000000|0.0000000|0.0000000|0.0000000|0.0000000|0.0000000|0.0000000,0,1.0,13.215817552791659,0,0,0,0,0,
cross_town,Town02,mixed,15,175,8.75,193.68222045898438,160.58309936523438,0.22167758643627167,-89.92217254638672,0.003189063150012868,499.2999938704299,0.0006387027479528596,1.52587890625e-05,1.331580543606492e-07,1.0299706723009553e-06,0.4379956464392888,0.08007556200027466,0.8142147660255432,-0.18742546439170837,0.0,0.5520743131637573,0.0868794322013855,1.0,0.800000011920929,8.1023530960083,1.292802333831787,1.0000000|0.0000000|0.0000000|0.0000000|0.0000000|0.0000000|0.0000000|0.0000000|0.0000000|0.0000000,0,1.0,13.202913444667988,0,0,0,0,0,
cross_town,Town02,mixed,15,176,8.8,193.68222045898438,160.58309936523438,0.22167758643627167,-89.92217254638672,0.003189063150012868,499.2999938704299,0.0006387027479528596,1.52587890625e-05,1.331580543606492e-07,1.1672976450406312e-06,0.4379958014113652,0.22363215684890747,0.4589673578739166,0.22841744124889374,0.0,0.4720743000507355,0.16687943041324615,0.9999984502792358,0.34444692730903625,3.4924774169921875,1.3546596765518188,1.0000000|0.0000000|0.0000000|0.0000000|0.0000000|0.0000000|0.0000000|0.0000000|0.0000000|0.0000000,0,1.0,13.122382014492587,0,0,0,0,0,
cross_town,Town02,mixed,15,177,8.85,193.68222045898438,160.58309936523438,0.22167758643627167,-89.92217254638672,0.003189063150012868,499.2999938704299,0.0006387027479528596,1.52587890625e-05,1.331580543606492e-07,1.3732920941906122e-06,0.4421950662390565,0.15217113494873047,0.6200712323188782,0.220735564827919,0.0,0.5520743131637573,0.220735564827919,1.0,0.34444692730903625,8.710465431213379,1.632003664970398,1.0000000|0.0000000|0.0000000|0.0000000|0.0000000|0.0000000|0.0000000|0.0000000|0.0000000|0.0000000,0,1.0,13.109107655504378,0,0,0,0,0,
cross_town,Town02,mixed,15,178,8.9,193.68222045898438,160.58309936523438,0.22167758643627167,-89.92217254638672,0.003189063150012868,499.2999938704299,0.0006387027479528596,1.52587890625e-05,1.331580543606492e-07,1.0300928826512735e-07,0.43967224612708955,0.20286038517951965,0.5713067054748535,0.1499529778957367,0.0,0.5713067054748535,0.1499529778957367,0.999911904335022,0.34444692730903625,2.4898080825805664,1.535402536392212,1.0000000|0.0000000|0.0000000|0.0000000|0.0000000|0.0000000|0.0000000|0.0000000|0.0000000|0.0000000,0,1.0,13.028833129914148,0,0,0,0,0,
cross_town,Town02,mixed,15,179,8.95,193.68222045898438,160.58309936523438,0.22167758643627167,-89.92217254638672,0.003189063150012868,499.2999938704299,0.0006387027479528596,1.52587890625e-05,1.331580543606492e-07,3.0899989298347863e-07,0.4412838821711505,0.34096819162368774,0.389372855424881,0.08945666998624802,0.0,0.49130669236183167,0.08945666998624802,1.0,0.34444692730903625,7.057089328765869,1.4468436241149902,1.0000000|0.0000000|0.0000000|0.0000000|0.0000000|0.0000000|0.0000000|0.0000000|0.0000000|0.0000000,0,1.0,13.015464115976625,0,0,0,0,0,
cross_town,Town02,mixed,15,180,9.0,193.68222045898438,160.58309936523438,0.22167758643627167,-89.92217254638672,0.003189063150012868,499.2999938704299,0.0006387027479528596,1.52587890625e-05,1.331580543606492e-07,4.806550570140165e-07,0.4379958476645695,0.029457539319992065,0.8881361484527588,0.17866076529026031,0.0,0.5713067054748535,0.16945667564868927,0.9999979734420776,0.800000011920929,2.980764865875244,1.3476438522338867,1.0000000|0.0000000|0.0000000|0.0000000|0.0000000|0.0000000|0.0000000|0.0000000|0.0000000|0.0000000,0,1.0,12.935678603726375,0,0,0,0,0,
cross_town,Town02,mixed,15,181,9.05,193.68222045898438,160.58309936523438,0.22167758643627167,-89.92217254638672,0.003189063150012868,499.2999938704299,0.0006387027479528596,1.52587890625e-05,1.331580543606492e-07,6.523237262245639e-07,0.44552706332800773,0.3285280466079712,0.44449418783187866,0.18058407306671143,0.0,0.49130669236183167,0.18058407306671143,1.0,0.34444692730903625,8.022727966308594,1.4970338344573975,1.0000000|0.0000000|0.0000000|0.0000000|0.0000000|0.0000000|0.0000000|0.0000000|0.0000000|0.0000000,0,1.0,12.922343785846914,0,0,0,0,0,
cross_town,Town02,mixed,15,182,9.1,193.68222045898438,160.58309936523438,0.22167758643627167,-89.92217254638672,0.003189063150012868,499.2999938704299,0.0006387027479528596,1.52587890625e-05,1.331580543606492e-07,7.896432764972055e-07,0.44544057079657307,0.15383434295654297,0.6672002077102661,0.19458036124706268,0.0,0.5713067054748535,0.19458036124706268,1.0,0.34444692730903625,5.728277206420898,1.5287684202194214,1.0000000|0.0000000|0.0000000|0.0000000|0.0000000|0.0000000|0.0000000|0.0000000|0.0000000|0.0000000,0,1.0,12.843067579312942,0,0,0,0,0,
cross_town,Town02,mixed,15,183,9.15,193.68222045898438,160.58309936523438,0.22167758643627167,-89.92217254638672,0.003189063150012868,499.2999938704299,0.0006387027479528596,1.52587890625e-05,1.331580543606492e-07,9.956369218089004e-07,0.4426771716549109,0.31341439485549927,0.45240214467048645,0.14458860456943512,0.0,0.49130669236183167,0.14458860456943512,0.9999946355819702,0.34444692730903625,3.189373731613159,1.4178481101989746,1.0000000|0.0000000|0.0000000|0.0000000|0.0000000|0.0000000|0.0000000|0.0000000|0.0000000|0.0000000,0,1.0,12.829717188794223,0,0,0,0,0,
cross_town,Town02,mixed,15,184,9.2,193.68222045898438,160.58309936523438,0.22167758643627167,-89.92217254638672,0.003189063150012868,499.2999938704299,0.0006387027479528596,1.52587890625e-05,1.331580543606492e-07,1.201631187330766e-06,0.43799564643928884,0.0655180811882019,0.8545488715171814,-0.1260189712047577,0.0,0.5713067054748535,0.06458860635757446,1.0,0.800000011920929,5.906804084777832,1.1884589195251465,1.0000000|0.0000000|0.0000000|0.0000000|0.0000000|0.0000000|0.0000000|0.0000000|0.0000000|0.0000000,0,1.0,12.750835484065545,0,0,0,0,0,
cross_town,Town02,mixed,15,185,9.25,193.68222045898438,160.58309936523438,0.22167758643627167,-89.92217254638672,0.003189063150012868,499.2999938704299,0.0006387027479528596,1.52587890625e-05,1.331580543606492e-07,1.3389629459686834e-06,0.44080124302933094,0.003986060619354248,0.9916547536849976,0.29666846990585327,0.0,0.651306688785553,0.14458860456943512,0.9719440340995789,0.800000011920929,0.5862739682197571,0.7166352272033691,1.0000000|0.0000000|0.0000000|0.0000000|0.0000000|0.0000000|0.0000000|0.0000000|0.0000000|0.0000000,0,1.0,12.737331744395087,0,0,0,0,0,
cross_town,Town02,mixed,15,186,9.3,193.68222045898438,160.58309936523438,0.22167758643627167,-89.92217254638672,0.003189063150012868,499.2999938704299,0.0006387027479528596,1.52587890625e-05,1.331580543606492e-07,0.0,0.44715532949540027,0.4082290530204773,0.15656664967536926,0.15280649065971375,0.0,0.5713067054748535,0.15280649065971375,0.9843927621841431,0.34444692730903625,1.1916260719299316,1.26053786277771,1.0000000|0.0000000|0.0000000|0.0000000|0.0000000|0.0000000|0.0000000|0.0000000|0.0000000|0.0000000,0,1.0,12.65869959723706,0,0,0,0,0,
cross_town,Town02,mixed,15,187,9.35,193.68222045898438,160.58309936523438,0.22167758643627167,-89.92217254638672,0.003189063150012868,499.2999938704299,0.0006387027479528596,1.52587890625e-05,1.331580543606492e-07,2.0599922356746925e-07,0.444251380892455,0.3688586354255676,0.4155535399913788,0.11814926564693451,0.0,0.49130669236183167,0.11814926564693451,0.9998291730880737,0.34444692730903625,2.3242831230163574,1.2269823551177979,1.0000000|0.0000000|0.0000000|0.0000000|0.0000000|0.0000000|0.0000000|0.0000000|0.0000000|0.0000000,0,1.0,12.644937001074021,0,0,0,0,0,
cross_town,Town02,mixed,15,188,9.4,193.68222045898438,160.58309936523438,0.22167758643627167,-89.92217254638672,0.003189063150012868,499.2999938704299,0.0006387027479528596,1.52587890625e-05,1.331580543606492e-07,3.7765778808138354e-07,0.4379956464392888,0.18902581930160522,0.5401229858398438,0.24035336077213287,0.0,0.5401229858398438,0.19814926385879517,1.0,0.34444692730903625,4.507416725158691,1.564223051071167,1.0000000|0.0000000|0.0000000|0.0000000|0.0000000|0.0000000|0.0000000|0.0000000|0.0000000|0.0000000,0,1.0,12.566500404854228,0,0,0,0,0,
cross_town,Town02,mixed,15,189,9.45,193.68222045898438,160.58309936523438,0.22167758643627167,-89.92217254638672,0.003189063150012868,499.2999938704299,0.0006387027479528596,1.52587890625e-05,1.331580543606492e-07,5.836529852977658e-07,0.43799593254158375,0.06449353694915771,0.8767150640487671,-0.4617086946964264,0.0,0.6201229691505432,0.11814926564693451,0.9999971389770508,0.800000011920929,2.891275644302368,1.0669562816619873,1.0000000|0.0000000|0.0000000|0.0000000|0.0000000|0.0000000|0.0000000|0.0000000|0.0000000|0.0000000,0,1.0,12.552469341801325,0,0,0,0,0,
cross_town,Town02,mixed,15,190,9.5,193.68222045898438,160.58309936523438,0.22167758643627167,-89.92217254638672,0.003189063150012868,499.2999938704299,0.0006387027479528596,1.52587890625e-05,1.331580543606492e-07,7.553114611340361e-07,0.4383004288298833,0.008267074823379517,0.9784243106842041,-0.26637378334999084,0.0,0.7001229524612427,0.03814926743507385,0.9969521760940552,0.800000011920929,1.1475659608840942,0.5390602350234985,1.0000000|0.0000000|0.0000000|0.0000000|0.0000000|0.0000000|0.0000000|0.0000000|0.0000000|0.0000000,0,1.0,12.475008955705286,0,0,0,0,0,
cross_town,Town02,mixed,15,191,9.55,193.68222045898438,160.58309936523438,0.22167758643627167,-89.92217254638672,0.003189063150012868,499.2999938704299,0.0006387027479528596,1.52587890625e-05,1.331580543606492e-07,9.269786317805789e-07,0.43799596830437065,0.7179305553436279,0.06868636608123779,-0.05621635913848877,0.0,0.6201229691505432,-0.041850730776786804,0.9999967813491821,0.34444692730903625,3.315751314163208,1.0811243057250977,1.0000000|0.0000000|0.0000000|0.0000000|0.0000000|0.0000000|0.0000000|0.0000000|0.0000000|0.0000000,0,1.0,12.460295332841186,0,0,0,0,0,
cross_town,Town02,mixed,15,192,9.6,193.68222045898438,160.58309936523438,0.22167758643627167,-89.92217254638672,0.003189063150012868,499.2999938704299,0.0006387027479528596,1.52587890625e-05,1.331580543606492e-07,1.0986338580692737e-06,0.43799564643928873,0.002672910690307617,0.9932066202163696,0.6494262218475342,0.0,0.7001229524612427,0.03814926743507385,1.0,0.800000011920929,5.731259346008301,0.24896502494812012,1.0000000|0.0000000|0.0000000|0.0000000|0.0000000|0.0000000|0.0000000|0.0000000|0.0000000|0.0000000,0,1.0,12.382339377679733,0,0,0,0,0,
cross_town,Town02,mixed,15,193,9.65,193.68222045898438,160.58309936523438,0.22167758643627167,-89.92217254638672,0.003189063150012868,499.2999938704299,0.0006387027479528596,1.52587890625e-05,1.331580543606492e-07,1.3046274854463947e-06,0.43800415798256276,0.698122501373291,0.08035475015640259,-0.10391032695770264,0.0,0.6201229691505432,-0.041850730776786804,0.9999148845672607,0.34444692730903625,2.4985573291778564,1.0429307222366333,1.0000000|0.0000000|0.0000000|0.0000000|0.0000000|0.0000000|0.0000000|0.0000000|0.0000000|0.0000000,0,1.0,12.367938554176348,0,0,0,0,0,
cross_town,Town02,mixed,15,194,9.7,193.68222045898438,160.58309936523438,0.22167758643627167,-89.92217254638672,0.003189063150012868,499.2999938704299,0.0006387027479528596,1.52587890625e-05,1.331580543606492e-07,1.373299427405338e-06,0.4379956464392888,0.08904880285263062,0.3914477229118347,0.3798080384731293,0.0,0.5401229858398438,0.03814926743507385,1.0,0.34444692730903625,20.35601806640625,1.3891830444335938,1.0000000|0.0000000|0.0000000|0.0000000|0.0000000|0.0000000|0.0000000|0.0000000|0.0000000|0.0000000,0,1.0,12.290369650360962,0,0,0,0,0,
cross_town,Town02,mixed,15,195,9.75,193.68222045898438,160.58309936523438,0.22167758643627167,-89.92217254638672,0.003189063150012868,499.2999938704299,0.0006387027479528596,1.52587890625e-05,1.331580543606492e-07,1.3733305492347168e-07,0.43799904390404065,0.005572080612182617,0.9834271669387817,0.3782414495944977,0.0,0.6201229691505432,0.11814926564693451,0.999966025352478,0.800000011920929,2.272723913192749,0.9826830625534058,1.0000000|0.0000000|0.0000000|0.0000000|0.0000000|0.0000000|0.0000000|0.0000000|0.0000000|0.0000000,0,1.0,12.275862781227982,0,0,0,0,0,
cross_town,Town02,mixed,15,196,9.8,193.68222045898438,160.58309936523438,0.22167758643627167,-89.92217254638672,0.003189063150012868,499.2999938704299,0.0006387027479528596,1.52587890625e-05,1.331580543606492e-07,3.089927302302494e-07,0.4500649060898685,0.5243942141532898,0.15487521886825562,0.18040773272514343,0.0,0.5401229858398438,0.18040773272514343,0.9095939993858337,0.34444692730903625,0.7327249646186829,1.3018004894256592,1.0000000|0.0000000|0.0000000|0.0000000|0.0000000|0.0000000|0.0000000|0.0000000|0.0000000|0.0000000,0,1.0,12.198650738776628,0,0,0,0,0,
cross_town,Town02,mixed,15,197,9.85,193.68222045898438,160.58309936523438,0.22167758643627167,-89.92217254638672,0.003189063150012868,499.2999938704299,0.0006387027479528596,1.52587890625e-05,1.331580543606492e-07,5.149878028400597e-07,0.44368015401402067,0.25917762517929077,0.5420529842376709,0.13962723314762115,0.0,0.5420529842376709,0.13962723314762115,0.9999983310699463,0.34444692730903625,3.487382411956787,1.4260644912719727,1.0000000|0.0000000|0.0000000|0.0000000|0.0000000|0.0000000|0.0000000|0.0000000|0.0000000|0.0000000,0,1.0,12.184017517613974,0,0,0,0,0,
cross_town,Town02,mixed,15,198,9.9,193.68222045898438,160.58309936523438,0.22167758643627167,-89.92217254638672,0.003189063150012868,499.2999938704299,0.0006387027479528596,1.52587890625e-05,1.331580543606492e-07,5.836590662684208e-07,0.4424321498755652,0.2865625321865082,0.5128427743911743,0.0876314714550972,0.0,0.5128427743911743,0.0876314714550972,0.9999922513961792,0.34444692730903625,3.0975067615509033,1.3625892400741577,1.0000000|0.0000000|0.0000000|0.0000000|0.0000000|0.0000000|0.0000000|0.0000000|0.0000000|0.0000000,0,1.0,12.107897206529584,0,0,0,0,0,
cross_town,Town02,mixed,15,199,9.95,193.68222045898438,160.58309936523438,0.22167758643627167,-89.92217254638672,0.003189063150012868,499.2999938704299,0.0006387027479528596,1.52587890625e-05,1.331580543606492e-07,7.896547614325485e-07,0.43800801893303265,0.19441834092140198,0.5484475493431091,0.22137469053268433,0.0,0.5484475493431091,0.16763147711753845,0.9998762607574463,0.34444692730903625,2.404819965362549,1.3686749935150146,1.0000000|0.0000000|0.0000000|0.0000000|0.0000000|0.0000000|0.0000000|0.0000000|0.0000000|0.0000000,0,1.0,12.093374873786884,0,0,0,0,0,
cross_town,Town02,mixed,15,200,10.0,193.68222045898438,160.58309936523438,0.22167758643627167,-89.92217254638672,0.003189063150012868,499.2999938704299,0.0006387027479528596,1.52587890625e-05,1.331580543606492e-07,8.58309363025621e-07,0.4441242864406557,0.2781979441642761,0.5250464677810669,0.131675124168396,0.0,0.5250464677810669,0.131675124168396,0.9999992847442627,0.34444692730903625,3.7028026580810547,1.2462034225463867,1.0000000|0.0000000|0.0000000|0.0000000|0.0000000|0.0000000|0.0000000|0.0000000|0.0000000|0.0000000,0,1.0,12.017054185418441,0,0,0,0,0,
cross_town,Town02,mixed,15,201,10.05,193.68222045898438,160.58309936523438,0.22167758643627167,-89.92217254638672,0.003189063150012868,499.2999938704299,0.0006387027479528596,1.52587890625e-05,1.331580543606492e-07,9.269942896895802e-07,0.4438744452007779,0.21372491121292114,0.604676365852356,0.1704178750514984,0.0,0.604676365852356,0.1704178750514984,1.0,0.34444692730903625,4.6008100509643555,1.3223528861999512,1.0000000|0.0000000|0.0000000|0.0000000|0.0000000|0.0000000|0.0000000|0.0000000|0.0000000|0.0000000,0,1.0,12.001602332710771,0,0,0,0,0,
cross_town,Town02,mixed,15,202,10.1,193.68222045898438,160.58309936523438,0.22167758643627167,-89.92217254638672,0.003189063150012868,499.2999938704299,0.0006387027479528596,1.52587890625e-05,1.331580543606492e-07,9.613213803872798e-07,0.44119305484417276,0.39749765396118164,0.2832242250442505,0.23153655230998993,0.0,0.5246763825416565,0.23153655230998993,1.0,0.34444692730903625,4.495614051818848,1.3736687898635864,1.0000000|0.0000000|0.0000000|0.0000000|0.0000000|0.0000000|0.0000000|0.0000000|0.0000000|0.0000000,0,1.0,11.925286205695102,0,0,0,0,0,
cross_town,Town02,mixed,15,203,10.15,193.68222045898438,160.58309936523438,0.22167758643627167,-89.92217254638672,0.003189063150012868,499.2999938704299,0.0006387027479528596,1.52587890625e-05,1.331580543606492e-07,3.435550454541442e-08,0.43839301223983435,0.15970909595489502,0.6151144504547119,0.15363365411758423,0.0,0.604676365852356,0.15363365411758423,1.0,0.34444692730903625,8.363447189331055,1.7016825675964355,1.0000000|0.0000000|0.0000000|0.0000000|0.0000000|0.0000000|0.0000000|0.0000000|0.0000000|0.0000000,0,1.0,11.910167896844055,0,0,0,0,0,
cross_town,Town02,mixed,15,204,10.2,193.68222045898438,160.58309936523438,0.22167758643627167,-89.92217254638672,0.003189063150012868,499.2999938704299,0.0006387027479528596,1.52587890625e-05,1.331580543606492e-07,6.901739721695645e-08,0.4379956464392888,0.43640968203544617,0.27733561396598816,0.23527462780475616,0.0,0.5246763825416565,0.23363365232944489,1.0,0.34444692730903625,5.928438663482666,1.304358959197998,1.0000000|0.0000000|0.0000000|0.0000000|0.0000000|0.0000000|0.0000000|0.0000000|0.0000000|0.0000000,0,1.0,11.839801598916827,0,0,0,0,0,
cross_town,Town02,mixed,15,205,10.25,193.68222045898438,160.58309936523438,0.22167758643627167,-89.92217254638672,0.003189063150012868,499.2999938704299,0.0006387027479528596,1.52587890625e-05,1.331580543606492e-07,2.7476536728867057e-07,0.4380178849322544,0.07293501496315002,0.7524784803390503,-0.5346087217330933,0.0,0.604676365852356,0.15363365411758423,0.999777615070343,0.800000011920929,1.8026832342147827,1.2840416431427002,1.0000000|0.0000000|0.0000000|0.0000000|0.0000000|0.0000000|0.0000000|0.0000000|0.0000000|0.0000000,0,1.0,11.849995767398458,0,0,0,0,0,
cross_town,Town02,mixed,15,206,10.3,193.68222045898438,160.58309936523438,0.22167758643627167,-89.92217254638672,0.003189063150012868,499.2999938704299,0.0006387027479528596,1.52587890625e-05,1.331580543606492e-07,3.089979414320894e-07,0.4428646572099222,0.48493465781211853,0.2328530251979828,0.2020329385995865,0.0,0.5246763825416565,0.2020329385995865,1.0,0.34444692730903625,6.732325077056885,1.3962129354476929,1.0000000|0.0000000|0.0000000|0.0000000|0.0000000|0.0000000|0.0000000|0.0000000|0.0000000|0.0000000,0,1.0,11.771231626262981,0,0,0,0,0,
cross_town,Town02,mixed,15,207,10.35,193.68222045898438,160.58309936523438,0.22167758643627167,-89.92217254638672,0.003189063150012868,499.2999938704299,0.0006387027479528596,1.52587890625e-05,1.331580543606492e-07,3.776710738143324e-07,0.43799564643928884,0.06928092241287231,0.8563135862350464,-0.4573928713798523,0.0,0.604676365852356,0.12203294038772583,1.0,0.800000011920929,4.7086076736450195,1.1324453353881836,1.0000000|0.0000000|0.0000000|0.0000000|0.0000000|0.0000000|0.0000000|0.0000000|0.0000000|0.0000000,0,1.0,11.624263498700708,0,0,0,0,0,
cross_town,Town02,mixed,15,208,10.4,193.68222045898438,160.58309936523438,0.22167758643627167,-89.92217254638672,0.003189063150012868,499.2999938704299,0.0006387027479528596,1.52587890625e-05,1.331580543606492e-07,5.49347500632462e-07,0.44452587753343453,0.45285430550575256,0.25469642877578735,0.15642523765563965,0.0,0.5246763825416565,0.15642523765563965,0.9973037242889404,0.34444692730903625,1.6338468790054321,1.2575223445892334,1.0000000|0.0000000|0.0000000|0.0000000|0.0000000|0.0000000|0.0000000|0.0000000|0.0000000|0.0000000,0,1.0,11.485652321206848,0,0,0,0,0,
cross_town,Town02,mixed,15,209,10.45,193.68222045898438,160.58309936523438,0.22167758643627167,-89.92217254638672,0.003189063150012868,499.2999938704299,0.0006387027479528596,1.52587890625e-05,1.331580543606492e-07,6.86692577570068e-07,0.4407930832286433,0.23981767892837524,0.5995742678642273,0.07728779315948486,0.0,0.5995742678642273,0.07728779315948486,0.9736728072166443,0.34444692730903625,1.0581711530685425,1.2790663242340088,1.0000000|0.0000000|0.0000000|0.0000000|0.0000000|0.0000000|0.0000000|0.0000000|0.0000000|0.0000000,0,1.0,11.498482849587665,0,0,0,0,0,
cross_town,Town02,mixed,15,210,10.5,193.68222045898438,160.58309936523438,0.22167758643627167,-89.92217254638672,0.003189063150012868,499.2999938704299,0.0006387027479528596,1.52587890625e-05,1.331580543606492e-07,7.20983079739079e-07,0.4379956464392886,0.3035288155078888,0.29493215680122375,0.16216374933719635,0.0,0.5195742845535278,0.15728779137134552,1.0,0.34444692730903625,9.773150444030762,1.3876370191574097,1.0000000|0.0000000|0.0000000|0.0000000|0.0000000|0.0000000|0.0000000|0.0000000|0.0000000|0.0000000,0,1.0,11.489703043303596,0,0,0,0,0,
cross_town,Town02,mixed,15,211,10.55,193.68222045898438,160.58309936523438,0.22167758643627167,-89.92217254638672,0.003189063150012868,499.2999938704299,0.0006387027479528596,1.52587890625e-05,1.331580543606492e-07,8.583070143402664e-07,0.4414466650890473,0.23873239755630493,0.6124050617218018,0.09729459881782532,0.0,0.5995742678642273,0.09729459881782532,0.999099612236023,0.34444692730903625,1.90848708152771,1.2025723457336426,1.0000000|0.0000000|0.0000000|0.0000000|0.0000000|0.0000000|0.0000000|0.0000000|0.0000000|0.0000000,0,1.0,11.214680174428114,0,0,0,0,0,
cross_town,Town02,mixed,15,212,10.6,193.68222045898438,160.58309936523438,0.22167758643627167,-89.92217254638672,0.003189063150012868,499.2999938704299,0.0006387027479528596,1.52587890625e-05,1.331580543606492e-07,1.7167135848312142e-07,0.43959161444733025,0.40204524993896484,0.31716543436050415,0.21179254353046417,0.0,0.5195742845535278,0.17729459702968597,0.9840403199195862,0.34444692730903625,1.1859525442123413,1.22874915599823,1.0000000|0.0000000|0.0000000|0.0000000|0.0000000|0.0000000|0.0000000|0.0000000|0.0000000|0.0000000,0,1.0,10.964213656984201,0,0,0,0,0,
cross_town,Town02,mixed,15,213,10.65,193.68222045898438,160.58309936523438,0.22167758643627167,-89.92217254638672,0.003189063150012868,499.2999938704299,0.0006387027479528596,1.52587890625e-05,1.331580543606492e-07,3.776647863859619e-07,0.43799564643928884,0.06493839621543884,0.8774278163909912,-0.34692326188087463,0.0,0.5995742678642273,0.09729459881782532,1.0,0.800000011920929,6.3756513595581055,1.0646541118621826,1.0000000|0.0000000|0.0000000|0.0000000|0.0000000|0.0000000|0.0000000|0.0000000|0.0000000|0.0000000,0,1.0,10.762956388219596,0,0,0,0,0,
cross_town,Town02,mixed,15,214,10.7,193.68222045898438,160.58309936523438,0.22167758643627167,-89.92217254638672,0.003189063150012868,499.2999938704299,0.0006387027479528596,1.52587890625e-05,1.331580543606492e-07,4.12027529409217e-07,0.4381192422730671,0.007057219743728638,0.9828870892524719,-0.07799795269966125,0.0,0.6795742511749268,0.01729459874331951,0.9987640380859375,0.800000011920929,1.3736751079559326,0.6417902112007141,1.0000000|0.0000000|0.0000000|0.0000000|0.0000000|0.0000000|0.0000000|0.0000000|0.0000000|0.0000000,0,1.0,10.589033731172359,0,0,0,0,0,
cross_town,Town02,mixed,15,215,10.75,193.68222045898438,160.58309936523438,0.22167758643627167,-89.92217254638672,0.003189063150012868,499.2999938704299,0.0006387027479528596,1.52587890625e-05,1.331580543606492e-07,5.836546335564427e-07,0.43799564679691644,0.44466373324394226,0.23891934752464294,-0.1584722399711609,0.0,0.5995742678642273,-0.062705397605896,1.0,0.34444692730903625,7.240732669830322,0.9951834678649902,1.0000000|0.0000000|0.0000000|0.0000000|0.0000000|0.0000000|0.0000000|0.0000000|0.0000000|0.0000000,0,1.0,10.43461733295206,0,0,0,0,0,
cross_town,Town02,mixed,15,216,10.8,193.68222045898438,160.58309936523438,0.22167758643627167,-89.92217254638672,0.003189063150012868,499.2999938704299,0.0006387027479528596,1.52587890625e-05,1.331580543606492e-07,7.89644195980431e-07,0.43799564608166097,0.08156353235244751,0.42750313878059387,0.6051945686340332,0.0,0.5195742845535278,0.01729460246860981,1.0,0.34444692730903625,25.02218246459961,1.5327026844024658,1.0000000|0.0000000|0.0000000|0.0000000|0.0000000|0.0000000|0.0000000|0.0000000|0.0000000|0.0000000,0,1.0,10.28987201289901,0,0,0,0,0,
cross_town,Town02,mixed,15,217,10.85,193.68222045898438,160.58309936523438,0.22167758643627167,-89.92217254638672,0.003189063150012868,499.2999938704299,0.0006387027479528596,1.52587890625e-05,1.331580543606492e-07,9.95640110090524e-07,0.43814815720150346,0.007091641426086426,0.9737098217010498,0.558009147644043,0.0,0.5995742678642273,0.09729459881782532,0.9984748959541321,0.800000011920929,1.3210394382476807,1.1982752084732056,1.0000000|0.0000000|0.0000000|0.0000000|0.0000000|0.0000000|0.0000000|0.0000000|0.0000000|0.0000000,0,1.0,10.155469832258156,0,0,0,0,0,
cross_town,Town02,mixed,15,218,10.9,193.68222045898438,160.58309936523438,0.22167758643627167,-89.92217254638672,0.003189063150012868,499.2999938704299,0.0006387027479528596,1.52587890625e-05,1.331580543606492e-07,1.1329665434022696e-06,0.43871489717195095,0.39123958349227905,0.2872428297996521,0.17350982129573822,0.0,0.5195742845535278,0.17350982129573822,0.9999023675918579,0.34444692730903625,2.464191198348999,1.3026882410049438,1.0000000|0.0000000|0.0000000|0.0000000|0.0000000|0.0000000|0.0000000|0.0000000|0.0000000|0.0000000,0,1.0,10.029198601773688,0,0,0,0,0,
cross_town,Town02,mixed,15,219,10.95,193.68222045898438,160.58309936523438,0.22167758643627167,-89.92217254638672,0.003189063150012868,499.2999938704299,0.0006387027479528596,1.52587890625e-05,1.331580543606492e-07,1.1673074816062051e-06,0.4379956464392888,0.06401178240776062,0.8789713978767395,-0.33137354254722595,0.0,0.5995742678642273,0.09350982308387756,1.0,0.800000011920929,6.393942832946777,1.0559849739074707,1.0000000|0.0000000|0.0000000|0.0000000|0.0000000|0.0000000|0.0000000|0.0000000|0.0000000|0.0000000,0,1.0,9.91000839290499,0,0,0,0,0,
cross_town,Town02,mixed,15,220,11.0,193.68222045898438,160.58309936523438,0.22167758643627167,-89.92217254638672,0.003189063150012868,499.2999938704299,0.0006387027479528596,1.52587890625e-05,1.331580543606492e-07,6.869470437387363e-08,0.4381390846593126,0.006246089935302734,0.9850153923034668,-0.04929058253765106,0.0,0.6795742511749268,0.013509823009371758,0.9985656142234802,0.800000011920929,1.3363949060440063,0.6508784294128418,1.0000000|0.0000000|0.0000000|0.0000000|0.0000000|0.0000000|0.0000000|0.0000000|0.0000000|0.0000000,0,1.0,9.797101164336953,0,0,0,0,0,
cross_town,Town02,mixed,15,221,11.05,193.68222045898438,160.58309936523438,0.22167758643627167,-89.92217254638672,0.003189063150012868,499.2999938704299,0.0006387027479528596,1.52587890625e-05,1.331580543606492e-07,1.716859994661943e-07,0.43959401615688676,0.0009236931800842285,0.9971513748168945,0.674785852432251,0.0,0.7595742344856262,0.09350982308387756,0.9840162992477417,0.800000011920929,0.7300177812576294,0.1455029845237732,1.0000000|0.0000000|0.0000000|0.0000000|0.0000000|0.0000000|0.0000000|0.0000000|0.0000000|0.0000000,0,1.0,9.689863386207097,0,0,0,0,0,
cross_town,Town02,mixed,15,222,11.1,193.68222045898438,160.58309936523438,0.22167758643627167,-89.92217254638672,0.003189063150012868,499.2999938704299,0.0006387027479528596,1.52587890625e-05,1.331580543606492e-07,3.433492977707039e-07,0.43799564608166086,0.6363343000411987,0.11907276511192322,-0.18499380350112915,0.0,0.6795742511749268,0.013509823009371758,1.0,0.34444692730903625,12.94902229309082,0.8163340091705322,1.0000000|0.0000000|0.0000000|0.0000000|0.0000000|0.0000000|0.0000000|0.0000000|0.0000000|0.0000000,0,1.0,9.587799923463091,0,0,0,0,0,
cross_town,Town02,mixed,15,223,11.15,193.68222045898438,160.58309936523438,0.22167758643627167,-89.92217254638672,0.003189063150012868,499.2999938704299,0.0006387027479528596,1.52587890625e-05,1.331580543606492e-07,5.493230709279472e-07,0.4379956467969165,0.45125365257263184,0.1959441900253296,-0.14306245744228363,0.0,0.5995742678642273,-0.06649017333984375,1.0,0.34444692730903625,13.615623474121094,1.0097986459732056,1.0000000|0.0000000|0.0000000|0.0000000|0.0000000|0.0000000|0.0000000|0.0000000|0.0000000|0.0000000,0,1.0,9.490506295386881,0,0,0,0,0,
cross_town,Town02,mixed,15,224,11.2,193.68222045898438,160.58309936523438,0.22167758643627167,-89.92217254638672,0.003189063150012868,499.2999938704299,0.0006387027479528596,1.52587890625e-05,1.331580543606492e-07,7.553133171016685e-07,0.43799564608166097,0.08137375116348267,0.4386048913002014,0.6465549468994141,0.0,0.5195742845535278,0.013509826734662056,1.0,0.34444692730903625,24.561168670654297,1.5728967189788818,1.0000000|0.0000000|0.0000000|0.0000000|0.0000000|0.0000000|0.0000000|0.0000000|0.0000000|0.0000000,0,1.0,9.39761868145181,0,0,0,0,0,
cross_town,Town02,mixed,15,225,11.25,193.68222045898438,160.58309936523438,0.22167758643627167,-89.92217254638672,0.003189063150012868,499.2999938704299,0.0006387027479528596,1.52587890625e-05,1.331580543606492e-07,8.926401005030116e-07,0.4380645974499928,0.007679492235183716,0.9746353626251221,0.5775706768035889,0.0,0.5995742678642273,0.09350982308387756,0.9993104934692383,0.800000011920929,1.5197267532348633,1.1927342414855957,1.0000000|0.0000000|0.0000000|0.0000000|0.0000000|0.0000000|0.0000000|0.0000000|0.0000000|0.0000000,0,1.0,9.308827285038719,0,0,0,0,0,
cross_town,Town02,mixed,15,226,11.3,193.68222045898438,160.58309936523438,0.22167758643627167,-89.92217254638672,0.003189063150012868,499.2999938704299,0.0006387027479528596,1.52587890625e-05,1.331580543606492e-07,9.269809589584671e-07,0.4383005718810308,0.3731309175491333,0.32176342606544495,0.1955375373363495,0.0,0.5195742845535278,0.17350982129573822,0.9969507455825806,0.34444692730903625,1.6030099391937256,1.2750146389007568,1.0000000|0.0000000|0.0000000|0.0000000|0.0000000|0.0000000|0.0000000|0.0000000|0.0000000|0.0000000,0,1.0,9.223850582518134,0,0,0,0,0,
cross_town,Town02,mixed,15,227,11.35,193.68222045898438,160.58309936523438,0.22167758643627167,-89.92217254638672,0.003189063150012868,499.2999938704299,0.0006387027479528596,1.52587890625e-05,1.331580543606492e-07,1.0986355238438542e-06,0.43799564643928873,0.22118601202964783,0.6066321134567261,0.07522069662809372,0.0,0.5995742678642273,0.09350982308387756,1.0,0.34444692730903625,5.218147277832031,1.2927913665771484,1.0000000|0.0000000|0.0000000|0.0000000|0.0000000|0.0000000|0.0000000|0.0000000|0.0000000|0.0000000,0,1.0,9.142432376752122,0,0,0,0,0,
cross_town,Town02,mixed,15,228,11.4,193.68222045898438,160.58309936523438,0.22167758643627167,-89.92217254638672,0.003189063150012868,499.2999938704299,0.0006387027479528596,1.52587890625e-05,1.331580543606492e-07,0.0,0.43813908465931295,0.006246089935302734,0.9850153923034668,-0.049290597438812256,0.0,0.6795742511749268,0.013509823009371758,0.9985656142234802,0.800000011920929,1.336387038230896,0.6508783102035522,1.0000000|0.0000000|0.0000000|0.0000000|0.0000000|0.0000000|0.0000000|0.0000000|0.0000000|0.0000000,0,1.0,9.064338306619206,0,0,0,0,0,
cross_town,Town02,mixed,15,229,11.45,193.68222045898438,160.58309936523438,0.22167758643627167,-89.92217254638672,0.003189063150012868,499.2999938704299,0.0006387027479528596,1.52587890625e-05,1.331580543606492e-07,2.0600365086824612e-07,0.4395940280778158,0.0009236931800842285,0.9971514344215393,0.6747859716415405,0.0,0.7595742344856262,0.09350982308387756,0.9840161800384521,0.800000011920929,0.7300156950950623,0.14550292491912842,1.0000000|0.0000000|0.0000000|0.0000000|0.0000000|0.0000000|0.0000000|0.0000000|0.0000000|0.0000000,0,1.0,8.989357866347394,0,0,0,0,0,
cross_town,Town02,mixed,15,230,11.5,193.68222045898438,160.58309936523438,0.22167758643627167,-89.92217254638672,0.003189063150012868,499.2999938704299,0.0006387027479528596,1.52587890625e-05,1.331580543606492e-07,3.7765848175271324e-07,0.43799564608166086,0.6006760001182556,0.11392855644226074,-0.22423702478408813,0.0,0.6795742511749268,0.013509823009371758,1.0,0.34444692730903625,8.10992431640625,0.7169896364212036,1.0000000|0.0000000|0.0000000|0.0000000|0.0000000|0.0000000|0.0000000|0.0000000|0.0000000|0.0000000,0,1.0,8.917293198339621,0,0,0,0,0,
cross_town,Town02,mixed,15,231,11.55,193.68222045898438,160.58309936523438,0.22167758643627167,-89.92217254638672,0.003189063150012868,499.2999938704299,0.0006387027479528596,1.52587890625e-05,1.331580543606492e-07,5.493318293111791e-07,0.43799564679691666,0.42412787675857544,0.19167348742485046,-0.19409869611263275,0.0,0.5995742678642273,-0.06649017333984375,1.0,0.34444692730903625,18.9864444732666,0.9613638520240784,1.0000000|0.0000000|0.0000000|0.0000000|0.0000000|0.0000000|0.0000000|0.0000000|0.0000000|0.0000000,0,1.0,8.84796425353038,0,0,0,0,0,
cross_town,Town02,mixed,15,232,11.6,193.68222045898438,160.58309936523438,0.22167758643627167,-89.92217254638672,0.003189063150012868,499.2999938704299,0.0006387027479528596,1.52587890625e-05,1.331580543606492e-07,6.866465493583586e-07,0.4379956460816608,0.07072645425796509,0.4087423086166382,0.5491887331008911,0.0,0.5195742845535278,0.013509826734662056,1.0,0.34444692730903625,14.593938827514648,1.5030748844146729,1.0000000|0.0000000|0.0000000|0.0000000|0.0000000|0.0000000|0.0000000|0.0000000|0.0000000|0.0000000,0,1.0,8.781205582879952,0,0,0,0,0,
cross_town,Town02,mixed,15,233,11.65,193.68222045898438,160.58309936523438,0.22167758643627167,-89.92217254638672,0.003189063150012868,499.2999938704299,0.0006387027479528596,1.52587890625e-05,1.331580543606492e-07,8.926406412190961e-07,0.4380645974499928,0.007679492235183716,0.9746353626251221,0.5775706768035889,0.0,0.5995742678642273,0.09350982308387756,0.9993104934692383,0.800000011920929,1.5197259187698364,1.1927342414855957,1.0000000|0.0000000|0.0000000|0.0000000|0.0000000|0.0000000|0.0000000|0.0000000|0.0000000|0.0000000,0,1.0,8.716875543697512,0,0,0,0,0,
cross_town,Town02,mixed,15,234,11.7,193.68222045898438,160.58309936523438,0.22167758643627167,-89.92217254638672,0.003189063150012868,499.2999938704299,0.0006387027479528596,1.52587890625e-05,1.331580543606492e-07,1.0643027540588228e-06,0.43799564643928884,0.3470779061317444,0.2128867506980896,0.31041526794433594,0.0,0.5195742845535278,0.17350982129573822,1.0,0.387784481048584,99.45404052734375,1.9750280380249023,1.0000000|0.0000000|0.0000000|0.0000000|0.0000000|0.0000000|0.0000000|0.0000000|0.0000000|0.0000000,0,1.0,8.65483121009454,0,0,0,0,0,
cross_town,Town02,mixed,15,235,11.75,193.68222045898438,160.58309936523438,0.22167758643627167,-89.92217254638672,0.003189063150012868,499.2999938704299,0.0006387027479528596,1.52587890625e-05,1.331580543606492e-07,1.2359626923607171e-06,0.4379956464392888,0.06401178240776062,0.8789713978767395,-0.33137354254722595,0.0,0.5995742678642273,0.09350982308387756,1.0,0.800000011920929,6.393946647644043,1.0559849739074707,1.0000000|0.0000000|0.0000000|0.0000000|0.0000000|0.0000000|0.0000000|0.0000000|0.0000000|0.0000000,0,1.0,8.59494904035868,0,0,0,0,0,
cross_town,Town02,mixed,15,236,11.8,193.68222045898438,160.58309936523438,0.22167758643627167,-89.92217254638672,0.003189063150012868,499.2999938704299,0.0006387027479528596,1.52587890625e-05,1.331580543606492e-07,1.407625617220939e-06,0.43799599214622853,0.3536885976791382,0.3798344135284424,0.2181004285812378,0.0,0.5195742845535278,0.17350982129573822,0.999996542930603,0.34444692730903625,3.301356554031372,1.225940465927124,1.0000000|0.0000000|0.0000000|0.0000000|0.0000000|0.0000000|0.0000000|0.0000000|0.0000000|0.0000000,0,1.0,8.53711194207682,0,0,0,0,0,
cross_town,Town02,mixed,15,237,11.85,193.68222045898438,160.58309936523438,0.22167758643627167,-89.92217254638672,0.003189063150012868,499.2999938704299,0.0006387027479528596,1.52587890625e-05,1.331580543606492e-07,1.3733309020709705e-07,0.4379956464392888,0.29059746861457825,0.37500256299972534,-0.09246919304132462,0.0,0.439574271440506,0.09350982308387756,1.0,0.35279178619384766,30.4288330078125,2.1450881958007812,0.7857004|0.2142996|0.0000000|0.0000000|0.0000000|0.0000000|0.0000000|0.0000000|0.0000000|0.0000000,0,0.7857003808021545,8.48121338874282,0,0,0,0,0,
cross_town,Town02,mixed,15,238,11.9,193.68222045898438,160.58309936523438,0.22167758643627167,-89.92217254638672,0.003189063150012868,499.2999938704299,0.0006387027479528596,1.52587890625e-05,1.331580543606492e-07,3.0899272105375344e-07,0.4379956464392888,0.18770521879196167,0.5483042001724243,0.32094019651412964,0.0,0.5195742845535278,0.17350982129573822,1.0,0.35343465209007263,17.574195861816406,2.096284866333008,0.7601458|0.2398542|0.0000000|0.0000000|0.0000000|0.0000000|0.0000000|0.0000000|0.0000000|0.0000000,0,0.7601457834243774,8.427161798924429,0,0,0,0,0,
cross_town,Town02,mixed,15,239,11.95,193.68222045898438,160.58309936523438,0.22167758643627167,-89.92217254638672,0.003189063150012868,499.2999938704299,0.0006387027479528596,1.52587890625e-05,1.331580543606492e-07,4.4632042584592677e-07,0.43799564643928884,0.06401178240776062,0.8789712190628052,-0.33137357234954834,0.0,0.5995742678642273,0.09350982308387756,1.0,0.800000011920929,6.393948554992676,1.0559850931167603,1.0000000|0.0000000|0.0000000|0.0000000|0.0000000|0.0000000|0.0000000|0.0000000|0.0000000|0.0000000,0,1.0,8.374865741812618,0,0,0,0,0,
cross_town,Town02,mixed,15,240,12.0,193.68222045898438,160.58309936523438,0.22167758643627167,-89.92217254638672,0.003189063150012868,499.2999938704299,0.0006387027479528596,1.52587890625e-05,1.331580543606492e-07,5.836589113944603e-07,0.4379960875136602,0.3539174497127533,0.34236952662467957,0.19797979295253754,0.0,0.5195742845535278,0.17350982129573822,0.9999955892562866,0.34444692730903625,3.2351279258728027,1.2835304737091064,1.0000000|0.0000000|0.0000000|0.0000000|0.0000000|0.0000000|0.0000000|0.0000000|0.0000000|0.0000000,0,1.0,8.3557609838413,0,0,0,0,0,
cross_town,Town02,mixed,15,241,12.05,193.68222045898438,160.58309936523438,0.22167758643627167,-89.92217254638672,0.003189063150012868,499.2999938704299,0.0006387027479528596,1.52587890625e-05,1.331580543606492e-07,7.896537567751151e-07,0.44502289967134745,0.1435706615447998,0.4517710506916046,0.19683267176151276,0.0,0.4517710506916046,0.19683267176151276,1.0,0.37751123309135437,74.89952087402344,2.195997714996338,1.0000000|0.0000000|0.0000000|0.0000000|0.0000000|0.0000000|0.0000000|0.0000000|0.0000000|0.0000000,0,1.0,8.351935703598615,0,0,0,0,0,
cross_town,Town02,mixed,15,242,12.1,193.68222045898438,160.58309936523438,0.22167758643627167,-89.92217254638672,0.003189063150012868,499.2999938704299,0.0006387027479528596,1.52587890625e-05,1.331580543606492e-07,8.583091150314966e-07,0.4379956464392888,0.0897364616394043,0.7698302268981934,-0.2947003245353699,0.0,0.5317710638046265,0.1168326735496521,1.0,0.800000011920929,9.105623245239258,1.4079258441925049,1.0000000|0.0000000|0.0000000|0.0000000|0.0000000|0.0000000|0.0000000|0.0000000|0.0000000|0.0000000,0,1.0,8.284278845662273,0,0,0,0,0,
cross_town,Town02,mixed,15,243,12.15,193.68222045898438,160.58309936523438,0.22167758643627167,-89.92217254638672,0.003189063150012868,499.2999938704299,0.0006387027479528596,1.52587890625e-05,1.331580543606492e-07,9.6131540138225e-07,0.43799564643928884,0.25919708609580994,0.2823438346385956,0.31740066409111023,0.0,0.4517710506916046,0.19683267176151276,1.0,0.374595582485199,73.26083374023438,1.9136598110198975,1.0000000|0.0000000|0.0000000|0.0000000|0.0000000|0.0000000|0.0000000|0.0000000|0.0000000|0.0000000,0,1.0,8.159970248766017,0,0,0,0,0,
cross_town,Town02,mixed,15,244,12.2,193.68222045898438,160.58309936523438,0.22167758643627167,-89.92217254638672,0.003189063150012868,499.2999938704299,0.0006387027479528596,1.52587890625e-05,1.331580543606492e-07,1.1329857843802868e-06,0.4450179155079366,0.1375507116317749,0.7100818157196045,0.22248834371566772,0.0,0.5317710638046265,0.22248834371566772,0.9986787438392639,0.34444692730903625,1.812524437904358,1.5932894945144653,1.0000000|0.0000000|0.0000000|0.0000000|0.0000000|0.0000000|0.0000000|0.0000000|0.0000000|0.0000000,0,1.0,8.059947462694154,0,0,0,0,0,
cross_town,Town02,mixed,15,245,12.25,193.68222045898438,160.58309936523438,0.22167758643627167,-89.92217254638672,0.003189063150012868,499.2999938704299,0.0006387027479528596,1.52587890625e-05,1.331580543606492e-07,3.079595618988054e-09,0.4379956464392885,0.09020882844924927,0.5401037931442261,0.11735522001981735,0.0,0.5401037931442261,0.14248834550380707,1.0,0.3716508448123932,79.05064392089844,2.4124746322631836,1.0000000|0.0000000|0.0000000|0.0000000|0.0000000|0.0000000|0.0000000|0.0000000|0.0000000|0.0000000,0,1.0,7.97343967717018,0,0,0,0,0,
cross_town,Town02,mixed,15,246,12.3,193.68222045898438,160.58309936523438,0.22167758643627167,-89.92217254638672,0.003189063150012868,499.2999938704299,0.0006387027479528596,1.52587890625e-05,1.331580543606492e-07,5.540106354658797e-09,0.4379956464392888,0.34529292583465576,0.30137133598327637,-0.15976770222187042,0.0,0.4601037800312042,0.06248834729194641,1.0,0.35243138670921326,38.24419021606445,2.121523857116699,0.6895396|0.3104604|0.0000000|0.0000000|0.0000000|0.0000000|0.0000000|0.0000000|0.0000000|0.0000000,0,0.6895396113395691,7.895246523665699,0,0,0,0,0,
cross_town,Town02,mixed,15,247,12.35,193.68222045898438,160.58309936523438,0.22167758643627167,-89.92217254638672,0.003189063150012868,499.2999938704299,0.0006387027479528596,1.52587890625e-05,1.331580543606492e-07,1.3742070002140862e-07,0.4379956464392887,0.18296849727630615,0.48286208510398865,0.44265586137771606,0.0,0.48286208510398865,0.14248834550380707,1.0,0.3523092269897461,18.076290130615234,2.133124589920044,0.6754637|0.3245363|0.0000000|0.0000000|0.0000000|0.0000000|0.0000000|0.0000000|0.0000000|0.0000000,0,0.6754636764526367,7.822677887821094,0,0,0,0,0,
cross_town,Town02,mixed,15,248,12.4,193.68222045898438,160.58309936523438,0.22167758643627167,-89.92217254638672,0.003189063150012868,499.2999938704299,0.0006387027479528596,1.52587890625e-05,1.331580543606492e-07,3.090165393949498e-07,0.43799564643928873,0.16752052307128906,0.6402952075004578,0.24543724954128265,0.0,0.5628620982170105,0.22248834371566772,1.0,0.34444692730903625,9.043909072875977,1.5129828453063965,1.0000000|0.0000000|0.0000000|0.0000000|0.0000000|0.0000000|0.0000000|0.0000000|0.0000000|0.0000000,0,1.0,7.754320719903434,0,0,0,0,0,
cross_town,Town02,mixed,15,249,12.45,193.68222045898438,160.58309936523438,0.22167758643627167,-89.92217254638672,0.003189063150012868,499.2999938704299,0.0006387027479528596,1.52587890625e-05,1.331580543606492e-07,4.806911824698667e-07,0.44511170540809014,0.18807470798492432,0.47580862045288086,0.2008100003004074,0.0,0.48286208510398865,0.2008100003004074,1.0,0.3514460325241089,51.0892333984375,2.1485795974731445,0.6703042|0.3296958|0.0000000|0.0000000|0.0000000|0.0000000|0.0000000|0.0000000|0.0000000|0.0000000,0,0.6703041791915894,7.689388701555035,0,0,0,0,0,
cross_town,Town02,mixed,15,250,12.5,193.68222045898438,160.58309936523438,0.22167758643627167,-89.92217254638672,0.003189063150012868,499.2999938704299,0.0006387027479528596,1.52587890625e-05,1.331580543606492e-07,6.86689751800736e-07,0.4426033880069893,0.1406981647014618,0.6993417143821716,0.15021133422851562,0.0,0.5628620982170105,0.15021133422851562,0.9999998807907104,0.34444692730903625,4.130303859710693,1.5420219898223877,1.0000000|0.0000000|0.0000000|0.0000000|0.0000000|0.0000000|0.0000000|0.0000000|0.0000000|0.0000000,0,1.0,7.627427000567124,0,0,1,0,0,stuck
