protocol,town,weather,episode,t,sim_time_s,ego_x,ego_y,ego_z,ego_yaw_deg,route_s_m,route_remaining_m,route_completion_pct,cte_m,route_heading_rad,speed_kmh,reward,command_throttle,command_brake,command_steer,applied_throttle,applied_brake,applied_steer,sigma_bar,sigma_ale,sigma_epi,policy_entropy_proxy,attention,top_attention_index,top_attention_value,ttc_s,collision,off_route,timeout,red_light_violation,intervention,terminal_reason
cross_town,Town02,mixed,20,1,0.05,117.93017578125,187.6062774658203,0.15079765021800995,-179.97372436523438,6.984891830066211e-09,499.49803358058756,1.3983822478535569e-09,1.52587890625e-05,2.663161087212984e-07,0.4665232658386236,0.42502278555179057,0.052314162254333496,0.5255014300346375,-0.1626710742712021,0.0,0.07999999821186066,-0.07999999821186066,1.0,0.30549871921539307,9.334203720092773,2.2326858043670654,0.6793725|0.2741013|0.0465262|0.0000000|0.0000000|0.0000000|0.0000000|0.0000000|0.0000000|0.0000000,0,0.6793725490570068,,0,0,0,0,0,
cross_town,Town02,mixed,20,2,0.1,117.93017578125,187.6062774658203,0.16111251711845398,-179.97372436523438,6.984891830066211e-09,499.49803358058756,1.3983822478535569e-09,1.52587890625e-05,2.663161087212984e-07,0.8584067702294169,0.4295161331172394,0.07809174060821533,0.3249008059501648,-0.02846803329885006,0.0,0.1599999964237213,-0.02846803329885006,1.0,0.3009633719921112,10.494546890258789,2.26596736907959,0.7223801|0.2776199|0.0000000|0.0000000|0.0000000|0.0000000|0.0000000|0.0000000|0.0000000|0.0000000,0,0.7223801016807556,,0,0,0,0,0,
cross_town,Town02,mixed,20,3,0.15,117.93017578125,187.6062774658203,0.17358191311359406,-179.97372436523438,6.984891830066211e-09,499.49803358058756,1.3983822478535569e-09,1.52587890625e-05,2.663161087212984e-07,0.8940895378589649,0.4250227851940721,0.08670690655708313,0.3567163348197937,-0.1205417662858963,0.0,0.23999999463558197,-0.10846803337335587,1.0,0.3107125759124756,9.653482437133789,2.458306312561035,0.5373484|0.2022073|0.2254410|0.0350032|0.0000000|0.0000000|0.0000000|0.0000000|0.0000000|0.0000000,0,0.5373484492301941,,0,0,0,0,0,
cross_town,Town02,mixed,20,4,0.2,117.93017578125,187.6062774658203,0.18517296016216278,-179.97372436523438,6.984891830066211e-09,499.49803358058756,1.3983822478535569e-09,1.52587890625e-05,2.663161087212984e-07,0.7842068374157418,0.42502279711557217,0.09398135542869568,0.26291894912719727,0.5003576278686523,0.0,0.26291894912719727,-0.02846803329885006,0.9999998807907104,0.28944647312164307,4.147425651550293,2.2399168014526367,1.0000000|0.0000000|0.0000000|0.0000000|0.0000000|0.0000000|0.0000000|0.0000000|0.0000000|0.0000000,0,1.0,,0,0,0,0,0,
cross_town,Town02,mixed,20,5,0.25,117.93017578125,187.6062774658203,0.1948101818561554,-179.97372436523438,6.984891830066211e-09,499.49803358058756,1.3983822478535569e-09,1.52587890625e-05,2.663161087212984e-07,0.6320999979987736,0.4701385334679328,0.1081174910068512,0.3623771071434021,-0.0762292891740799,0.0,0.3429189622402191,-0.0762292891740799,0.5982688665390015,0.311714231967926,0.28785011172294617,2.5168275833129883,0.5211645|0.2265070|0.2118369|0.0404915|0.0000000|0.0000000|0.0000000|0.0000000|0.0000000|0.0000000,0,0.5211644768714905,,0,0,0,0,0,
cross_town,Town02,mixed,20,6,0.3,117.93017578125,187.6062774658203,0.20233985781669617,-179.97372436523438,6.984891830066211e-09,499.49803358058756,1.3983822478535569e-09,1.52587890625e-05,2.663161087212984e-07,0.4844083428384985,0.44808208177928605,0.10411542654037476,0.2706910967826843,0.3275909721851349,0.0,0.2706910967826843,0.003770710900425911,0.7694070339202881,0.3111554682254791,0.49008601903915405,2.3620293140411377,0.5278686|0.2186334|0.2174773|0.0360208|0.0000000|0.0000000|0.0000000|0.0000000|0.0000000|0.0000000,0,0.5278685688972473,,0,0,0,0,0,
cross_town,Town02,mixed,20,7,0.35,117.93017578125,187.6062774658203,0.2079935371875763,-179.97372436523438,6.984891830066211e-09,499.49803358058756,1.3983822478535569e-09,1.52587890625e-05,2.663161087212984e-07,0.3589450925588998,0.47320778799794877,0.11424744129180908,0.35215049982070923,-0.08949350565671921,0.0,0.3506911098957062,-0.0762292891740799,0.5181499719619751,0.31103062629699707,0.20712733268737793,2.589996814727783,0.5277231|0.2239348|0.2142875|0.0340546|0.0000000|0.0000000|0.0000000|0.0000000|0.0000000|0.0000000,0,0.5277230739593506,,0,0,0,0,0,
cross_town,Town02,mixed,20,8,0.4,117.93017578125,187.6062774658203,0.21212275326251984,-179.97372436523438,6.984891830066211e-09,499.49803358058756,1.3983822478535569e-09,1.52587890625e-05,2.663161087212984e-07,0.2596450477838929,0.49003953171637227,0.09781229496002197,0.31541502475738525,0.37758150696754456,0.0,0.31541502475738525,0.003770710900425911,0.34983253479003906,0.3054705262184143,0.03958564251661301,2.3077735900878906,0.6757559|0.2804091|0.0438351|0.0000000|0.0000000|0.0000000|0.0000000|0.0000000|0.0000000|0.0000000,0,0.6757558584213257,,0,0,0,0,0,
cross_town,Town02,mixed,20,9,0.45,117.93017578125,187.6062774658203,0.2150776982307434,-179.97372436523438,6.984891830066211e-09,499.49803358058756,1.3983822478535569e-09,1.52587890625e-05,2.663161087212984e-07,0.18444795012499857,0.43985208106908186,0.11763173341751099,0.37191373109817505,-0.08521240949630737,0.0,0.37191373109817505,-0.0762292891740799,0.8517070412635803,0.31102246046066284,0.6259907484054565,2.562042236328125,0.5302992|0.2311530|0.2028618|0.0356860|0.0000000|0.0000000|0.0000000|0.0000000|0.0000000|0.0000000,0,0.530299186706543,,0,0,0,0,0,
cross_town,Town02,mixed,20,10,0.5,117.93017578125,187.6062774658203,0.21715930104255676,-179.97372436523438,6.984891830066211e-09,499.49803358058756,1.3983822478535569e-09,1.52587890625e-05,2.663161087212984e-07,0.12918971031956805,0.48118815256047215,0.09739473462104797,0.26567184925079346,0.3947512209415436,0.0,0.2919137179851532,0.003770710900425911,0.43834632635116577,0.31107497215270996,0.1269560009241104,2.382017135620117,0.5368932|0.2196103|0.2028887|0.0406078|0.0000000|0.0000000|0.0000000|0.0000000|0.0000000|0.0000000,0,0.5368932485580444,,0,0,0,0,0,
cross_town,Town02,mixed,20,11,0.55,117.93017578125,187.6062774658203,0.218607559800148,-179.97372436523438,6.984891830066211e-09,499.49803358058756,1.3983822478535569e-09,1.52587890625e-05,2.663161087212984e-07,0.08946204409051482,0.4297765655586651,0.11340099573135376,0.3756323754787445,-0.0840710923075676,0.0,0.37191373109817505,-0.0762292891740799,0.9524621963500977,0.3079490661621094,0.9414322972297668,2.588388204574585,0.5492868|0.2242268|0.2264863|0.0000000|0.0000000|0.0000000|0.0000000|0.0000000|0.0000000|0.0000000,0,0.5492868423461914,,0,0,0,0,0,
cross_town,Town02,mixed,20,12,0.6,117.93017578125,187.6062774658203,0.21960502862930298,-179.97372436523438,6.984891830066211e-09,499.49803358058756,1.3983822478535569e-09,1.52587890625e-05,2.663161087212984e-07,0.06137820929293663,0.4316384368387346,0.07868480682373047,0.4598888158798218,-0.04649777710437775,0.0,0.4519137442111969,-0.04649777710437775,1.0,0.33574917912483215,5.092259883880615,2.157186269760132,0.4515853|0.4672662|0.0811485|0.0000000|0.0000000|0.0000000|0.0000000|0.0000000|0.0000000|0.0000000,1,0.4672662317752838,219.1812829474563,0,0,0,0,0,
cross_town,Town02,mixed,20,13,0.65,117.93017578125,187.6062774658203,0.22028625011444092,-179.97372436523438,6.984891830066211e-09,499.49803358058756,1.3983822478535569e-09,1.52587890625e-05,2.663161087212984e-07,0.0417792879046333,0.4411058593607902,0.10362741351127625,0.30845382809638977,0.3170466721057892,0.0,0.37191373109817505,0.03350222110748291,0.8388618230819702,0.3117900490760803,0.6006558537483215,2.357430934906006,0.5094112|0.2441613|0.2120280|0.0343995|0.0000000|0.0000000|0.0000000|0.0000000|0.0000000|0.0000000,0,0.5094112157821655,68.802608474316,0,0,0,0,0,
cross_town,Town02,mixed,20,14,0.7,117.93017578125,187.6062774658203,0.220748171210289,-179.97372436523438,6.984891830066211e-09,499.49803358058756,1.3983822478535569e-09,1.52587890625e-05,2.663161087212984e-07,0.028249179573954744,0.4251542701978202,0.12306872010231018,0.3941759467124939,-0.10340621322393417,0.0,0.3941759467124939,-0.04649777710437775,0.9978970289230347,0.31171756982803345,1.7288548946380615,2.5935802459716797,0.5105014|0.2246275|0.2305450|0.0343261|0.0000000|0.0000000|0.0000000|0.0000000|0.0000000|0.0000000,0,0.5105013847351074,44.57405200749359,0,0,0,0,0,
cross_town,Town02,mixed,20,15,0.75,117.93017578125,187.6062774658203,0.22105945646762848,-179.97372436523438,6.984891830066211e-09,499.49803358058756,1.3983822478535569e-09,1.52587890625e-05,2.663161087212984e-07,0.018989387715019467,0.42488079548805835,0.08050528168678284,0.36449211835861206,-0.1356828212738037,0.0,0.36449211835861206,-0.1264977753162384,1.0,0.34071648120880127,14.525044441223145,2.288867950439453,0.8478770|0.1521231|0.0000000|0.0000000|0.0000000|0.0000000|0.0000000|0.0000000|0.0000000|0.0000000,0,0.8478769659996033,34.962952168439074,0,0,0,0,0,
cross_town,Town02,mixed,20,16,0.8,117.93017578125,187.6062774658203,0.22126811742782593,-179.97372436523438,6.984891830066211e-09,499.49803358058756,1.3983822478535569e-09,1.52587890625e-05,2.663161087212984e-07,0.012704383584260218,0.4669455622807255,0.09071937203407288,0.24983620643615723,0.5233469009399414,0.0,0.2844921052455902,-0.04649777710437775,0.5785797834396362,0.30761659145355225,0.2716199457645416,2.3811378479003906,0.5526192|0.2230859|0.2242949|0.0000000|0.0000000|0.0000000|0.0000000|0.0000000|0.0000000|0.0000000,0,0.552619218826294,29.151786697002304,0,0,0,0,0,
cross_town,Town02,mixed,20,17,0.85,117.93017578125,187.6062774658203,0.22140730917453766,-179.97372436523438,6.984891830066211e-09,499.49803358058756,1.3983822478535569e-09,1.52587890625e-05,2.663161087212984e-07,0.00846259659226121,0.4247153684872693,0.0631965696811676,0.6148119568824768,-0.2966664731502533,0.0,0.36449211835861206,-0.1264977753162384,1.0,0.33933985233306885,6.097048759460449,2.3671884536743164,0.8627623|0.1372377|0.0000000|0.0000000|0.0000000|0.0000000|0.0000000|0.0000000|0.0000000|0.0000000,0,0.8627623319625854,26.167815131330368,0,0,0,0,0,
cross_town,Town02,mixed,20,18,0.9,117.93017578125,187.6062774658203,0.22140730917453766,-179.97372436523438,6.984891830066211e-09,499.49803358058756,1.3983822478535569e-09,1.52587890625e-05,2.663161087212984e-07,0.0,0.4681703709961692,0.09115821123123169,0.2555440664291382,0.5241580605506897,0.0,0.2844921052455902,-0.04649777710437775,0.5644824504852295,0.30703815817832947,0.25780540704727173,2.3712899684906006,0.5619122|0.2212175|0.2168703|0.0000000|0.0000000|0.0000000|0.0000000|0.0000000|0.0000000|0.0000000,0,0.5619121789932251,24.062034376275392,0,0,0,0,0,
cross_town,Town02,mixed,20,19,0.95,117.93017578125,187.6062774658203,0.2215089350938797,-179.97372436523438,6.984891830066211e-09,499.49803358058756,1.3983822478535569e-09,1.52587890625e-05,2.663161087212984e-07,0.002190570789493138,0.42935046915055336,0.10263830423355103,0.31185442209243774,0.06164731830358505,0.0,0.31185442209243774,0.03350222110748291,0.9516093730926514,0.30741459131240845,0.9372978210449219,2.559837579727173,0.5505978|0.2228761|0.2265261|0.0000000|0.0000000|0.0000000|0.0000000|0.0000000|0.0000000|0.0000000,0,0.5505977869033813,21.55261166823857,0,0,0,0,0,
cross_town,Town02,mixed,20,20,1.0,117.93017578125,187.6062774658203,0.2215421199798584,-179.97372436523438,6.984891830066211e-09,499.49803358058756,1.3983822478535569e-09,1.52587890625e-05,2.663161087212984e-07,0.0024261932121622354,0.467268832363046,0.11484864354133606,0.3940504193305969,-0.10878700017929077,0.0,0.3918544352054596,-0.04649777710437775,0.5712214708328247,0.31009697914123535,0.261612206697464,2.6798856258392334,0.5404961|0.2131269|0.2102005|0.0361766|0.0000000|0.0000000|0.0000000|0.0000000|0.0000000|0.0000000,0,0.5404960513114929,19.310560981318105,0,0,0,0,0,
cross_town,Town02,mixed,20,21,1.05,117.93017578125,187.6062774658203,0.2215740978717804,-179.97372436523438,6.984891830066211e-09,499.49803358058756,1.3983822478535569e-09,1.52587890625e-05,2.663161087212984e-07,0.002179069569722537,0.4253629651810112,0.11035066843032837,0.3886120915412903,0.3066188097000122,0.0,0.3886120915412903,0.03350222110748291,0.9889376163482666,0.3038753569126129,1.3193941116333008,2.3987722396850586,0.6908663|0.2671379|0.0419959|0.0000000|0.0000000|0.0000000|0.0000000|0.0000000|0.0000000|0.0000000,0,0.6908662915229797,17.516519453452762,0,0,0,0,0,
cross_town,Town02,mixed,20,22,1.1,117.93017578125,187.6062774658203,0.22160117328166962,-179.97372436523438,6.984891830066211e-09,499.49803358058756,1.3983822478535569e-09,1.52587890625e-05,2.663161087212984e-07,0.0017815703759952914,0.4530739633692049,0.14904844760894775,0.4522404968738556,0.04608093202114105,0.0,0.4522404968738556,0.04608093202114105,0.7852429747581482,0.3020994961261749,0.5220219492912292,2.639817953109741,0.7187681|0.2420331|0.0391988|0.0000000|0.0000000|0.0000000|0.0000000|0.0000000|0.0000000|0.0000000,0,0.7187681198120117,15.896215828461848,0,0,0,0,0,
cross_town,Town02,mixed,20,23,1.15,117.93017578125,187.6062774658203,0.221622496843338,-179.97372436523438,6.984891830066211e-09,499.49803358058756,1.3983822478535569e-09,1.52587890625e-05,2.663161087212984e-07,0.0013748702711460933,0.4324844369855216,0.15630117058753967,0.4201721251010895,-0.0254093948751688,0.0,0.4201721251010895,-0.0254093948751688,0.9300601482391357,0.30880212783813477,0.8381013870239258,2.611121654510498,0.5529764|0.2115009|0.2046359|0.0308868|0.0000000|0.0000000|0.0000000|0.0000000|0.0000000|0.0000000,0,0.5529763698577881,14.426000810662378,0,0,0,0,0,
cross_town,Town02,mixed,20,24,1.2,117.93017578125,187.6062774658203,0.22163863480091095,-179.97372436523438,6.984891830066211e-09,499.49803358058756,1.3983822478535569e-09,1.52587890625e-05,2.663161087212984e-07,0.0010250930369584208,0.4332893989010161,0.12700530886650085,0.33508968353271484,0.16286179423332214,0.0,0.3401721119880676,0.054590605199337006,0.9047174453735352,0.30866408348083496,0.7540299892425537,2.462106943130493,0.5550992|0.2212572|0.1905669|0.0330767|0.0000000|0.0000000|0.0000000|0.0000000|0.0000000|0.0000000,0,0.5550991892814636,13.11501114102126,0,0,0,0,0,
cross_town,Town02,mixed,20,25,1.25,117.93017578125,187.6062774658203,0.22165046632289886,-179.97372436523438,6.984891830066211e-09,499.49803358058756,1.3983822478535569e-09,1.52587890625e-05,2.663161087212984e-07,0.000744426733627609,0.42355938260065,0.08291339874267578,0.6494895219802856,-0.19896750152111053,0.0,0.4201721251010895,-0.0254093948751688,1.0,0.3411942422389984,7.083249568939209,2.665821075439453,0.8709967|0.1290033|0.0000000|0.0000000|0.0000000|0.0000000|0.0000000|0.0000000|0.0000000|0.0000000,0,0.8709966540336609,11.928497334988785,0,0,0,0,0,
cross_town,Town02,mixed,20,26,1.3,117.93017578125,187.6062774658203,0.22165897488594055,-179.97372436523438,6.984891830066211e-09,499.49803358058756,1.3983822478535569e-09,1.52587890625e-05,2.663161087212984e-07,0.0005330428930519262,0.4233364130859441,0.10278072953224182,0.37200814485549927,0.4406310021877289,0.0,0.37200814485549927,0.054590605199337006,1.0,0.29068052768707275,6.590301513671875,2.2668533325195312,0.9522779|0.0477221|0.0000000|0.0000000|0.0000000|0.0000000|0.0000000|0.0000000|0.0000000|0.0000000,0,0.9522778987884521,10.90168890473178,0,0,0,0,0,
cross_town,Town02,mixed,20,27,1.35,117.93017578125,187.6062774658203,0.2216614931821823,-179.97372436523438,6.984891830066211e-09,499.49803358058756,1.3983822478535569e-09,1.52587890625e-05,2.663161087212984e-07,0.0001639366194619563,0.4348604199803258,0.12985724210739136,0.4282985329627991,-0.10199831426143646,0.0,0.4282985329627991,-0.0254093948751688,0.8823193311691284,0.3044125437736511,0.699232280254364,2.7418477535247803,0.5850762|0.2174910|0.1974329|0.0000000|0.0000000|0.0000000|0.0000000|0.0000000|0.0000000|0.0000000,0,0.5850761532783508,10.080648388128779,0,0,0,0,0,
cross_town,Town02,mixed,20,28,1.4,117.93017578125,187.6062774658203,0.22166430950164795,-179.97372436523438,6.984891830066211e-09,499.49803358058756,1.3983822478535569e-09,1.52587890625e-05,2.663161087212984e-07,0.0002209625265569001,0.4228279714444126,0.05684715509414673,0.693006157875061,-0.1464967429637909,0.0,0.5082985162734985,-0.10540939122438431,1.0,0.3324717879295349,7.264298439025879,2.330012321472168,0.5192144|0.4807856|0.0000000|0.0000000|0.0000000|0.0000000|0.0000000|0.0000000|0.0000000|0.0000000,0,0.519214391708374,9.405134073467684,0,0,0,0,0,
cross_town,Town02,mixed,20,29,1.45,117.93017578125,187.6062774658203,0.2216673642396927,-179.97372436523438,6.984891830066211e-09,499.49803358058756,1.3983822478535569e-09,1.52587890625e-05,2.663161087212984e-07,0.0002136840747063787,0.42263086950342355,0.07806065678596497,0.3199319541454315,0.6581220626831055,0.0,0.4282985031604767,-0.025409391149878502,0.9991238713264465,0.30595582723617554,1.9538131952285767,2.3354673385620117,0.5820487|0.2016100|0.1865982|0.0297432|0.0000000|0.0000000|0.0000000|0.0000000|0.0000000|0.0000000,0,0.5820487141609192,8.824444500527461,0,0,0,0,0,
cross_town,Town02,mixed,20,30,1.5,117.93017578125,187.6062774658203,0.22167007625102997,-179.97372436523438,6.984891830066211e-09,499.49803358058756,1.3983822478535569e-09,1.52587890625e-05,2.663161087212984e-07,0.0001796951425992221,0.4222380125965473,0.11882883310317993,0.4495620131492615,0.3186384439468384,0.0,0.4495620131492615,0.054590608924627304,0.9999986886978149,0.2955928444862366,3.591461181640625,2.485407829284668,0.7526572|0.2473428|0.0000000|0.0000000|0.0000000|0.0000000|0.0000000|0.0000000|0.0000000|0.0000000,0,0.7526571750640869,8.312926759860607,0,0,0,0,0,
cross_town,Town02,mixed,20,31,1.55,117.93017578125,187.6062774658203,0.22167223691940308,-179.97372436523438,6.984891830066211e-09,499.49803358058756,1.3983822478535569e-09,1.52587890625e-05,2.663161087212984e-07,0.0001422042847083676,0.429455681062691,0.14820492267608643,0.5134070515632629,0.043957918882369995,0.0,0.5134070515632629,0.043957918882369995,0.9999992847442627,0.3023315668106079,3.71708345413208,2.698718309402466,0.5982129|0.2182722|0.1835149|0.0000000|0.0000000|0.0000000|0.0000000|0.0000000|0.0000000|0.0000000,0,0.5982128977775574,7.855443442014748,0,0,0,0,0,
cross_town,Town02,mixed,20,32,1.6,117.93017578125,187.6062774658203,0.22167392075061798,-179.97372436523438,6.984891830066211e-09,499.49803358058756,1.3983822478535569e-09,1.52587890625e-05,2.663161087212984e-07,0.00010976028208761553,0.42543200013735133,0.16179686784744263,0.48977965116500854,0.1003105491399765,0.0,0.48977965116500854,0.1003105491399765,0.9999998807907104,0.3022759258747101,4.264827728271484,2.603029251098633,0.5918776|0.2102025|0.1979200|0.0000000|0.0000000|0.0000000|0.0000000|0.0000000|0.0000000|0.0000000,0,0.5918775796890259,7.441992634958245,0,0,0,0,0,
cross_town,Town02,mixed,20,33,1.65,117.93017578125,187.6062774658203,0.22167518734931946,-179.97372436523438,6.984891830066211e-09,499.49803358058756,1.3983822478535569e-09,1.52587890625e-05,2.663161087212984e-07,7.947922448860405e-05,0.4211918814978296,0.2189452350139618,0.5066879987716675,-0.13669231534004211,0.0,0.5066879987716675,0.020310549065470695,1.0,0.2965071201324463,9.485438346862793,2.885063886642456,0.7190676|0.2474036|0.0335288|0.0000000|0.0000000|0.0000000|0.0000000|0.0000000|0.0000000|0.0000000,0,0.7190675735473633,7.092497190101933,0,0,0,0,0,
cross_town,Town02,mixed,20,34,1.7,117.93017578125,187.6062774658203,0.22167518734931946,-179.97372436523438,6.984891830066211e-09,499.49803358058756,1.3983822478535569e-09,1.52587890625e-05,2.663161087212984e-07,5.3249627472251036e-05,0.4208319515211636,0.08597180247306824,0.7015163898468018,-0.21960963308811188,0.0,0.5866879820823669,-0.05968945100903511,0.9998088479042053,0.3376135230064392,2.3029916286468506,2.388577938079834,0.4939283|0.4437962|0.0622756|0.0000000|0.0000000|0.0000000|0.0000000|0.0000000|0.0000000|0.0000000,0,0.4939282536506653,7.141728457743642,0,0,0,0,0,
cross_town,Town02,mixed,20,35,1.75,117.93017578125,187.6062774658203,0.2216765135526657,-179.97372436523438,6.984891830066211e-09,499.49803358058756,1.3983822478535569e-09,1.52587890625e-05,2.663161087212984e-07,1.057434076756049e-05,0.42303686530085144,0.0857185423374176,0.29095497727394104,0.560106635093689,0.0,0.5066879987716675,0.020310549065470695,0.9739349484443665,0.28299397230148315,1.1221932172775269,1.7415356636047363,0.9622504|0.0377496|0.0000000|0.0000000|0.0000000|0.0000000|0.0000000|0.0000000|0.0000000|0.0000000,0,0.9622503519058228,7.124931977608231,0,0,0,0,0,
cross_town,Town02,mixed,20,36,1.8,117.93017578125,187.6062774658203,0.2216765135526657,-179.97372436523438,6.984891830066211e-09,499.49803358058756,1.3983822478535569e-09,1.52587890625e-05,2.663161087212984e-07,2.23846816088237e-05,0.42004592175819416,0.14506950974464417,0.45310503244400024,0.3065287172794342,0.0,0.45310503244400024,0.1003105491399765,1.0,0.29472529888153076,4.987964630126953,2.5123562812805176,0.7512524|0.2168246|0.0319230|0.0000000|0.0000000|0.0000000|0.0000000|0.0000000|0.0000000|0.0000000,0,0.7512524127960205,7.208079403151748,0,0,0,0,0,
cross_town,Town02,mixed,20,37,1.85,117.93017578125,187.6062774658203,0.2216765135526657,-179.97372436523438,6.984891830066211e-09,499.49803358058756,1.3983822478535569e-09,1.52587890625e-05,2.663161087212984e-07,1.9020080936926175e-05,0.4231468440518028,0.1582079529762268,0.5612279176712036,0.04118421673774719,0.0,0.5331050157546997,0.04118421673774719,1.0,0.29005172848701477,5.669010162353516,2.9587130546569824,0.7848149|0.2151851|0.0000000|0.0000000|0.0000000|0.0000000|0.0000000|0.0000000|0.0000000|0.0000000,0,0.7848148941993713,7.281872118110122,0,0,0,0,0,
cross_town,Town02,mixed,20,38,1.9,117.93017578125,187.6062774658203,0.2216765135526657,-179.97372436523438,6.984891830066211e-09,499.49803358058756,1.3983822478535569e-09,1.52587890625e-05,2.663161087212984e-07,1.9157431588062157e-05,0.4195376897757985,0.09724649786949158,0.7553120851516724,-0.25369369983673096,0.0,0.6131049990653992,-0.038815781474113464,0.9977147579193115,0.33791184425354004,1.6818329095840454,2.243978977203369,0.5250069|0.4120581|0.0629350|0.0000000|0.0000000|0.0000000|0.0000000|0.0000000|0.0000000|0.0000000,0,0.5250069499015808,8.271954264079461,0,0,0,0,0,
cross_town,Town02,mixed,20,39,1.95,117.93017578125,187.6062774658203,0.2216765135526657,-179.97372436523438,6.984891830066211e-09,499.49803358058756,1.3983822478535569e-09,1.52587890625e-05,2.663161087212984e-07,1.5655563327091444e-05,0.42050001856370167,0.11712107062339783,0.4665416479110718,0.050240833312273026,0.0,0.5331050157546997,0.04118421673774719,0.9849154949188232,0.3277949392795563,1.2169266939163208,1.905439019203186,1.0000000|0.0000000|0.0000000|0.0000000|0.0000000|0.0000000|0.0000000|0.0000000|0.0000000|0.0000000,0,1.0,9.348964699026494,0,0,0,0,0,
cross_town,Town02,mixed,20,40,2.0,117.93017578125,187.6062774658203,0.22167770564556122,-179.97372436523438,6.984891830066211e-09,499.49803358058756,1.3983822478535569e-09,1.52587890625e-05,2.663161087212984e-07,9.785477121204928e-06,0.4262512679522807,0.17823803424835205,0.5023956894874573,0.05319909006357193,0.0,0.5023956894874573,0.05319909006357193,0.9996837377548218,0.29551005363464355,2.219115972518921,2.5259666442871094,0.6413075|0.1993009|0.1593916|0.0000000|0.0000000|0.0000000|0.0000000|0.0000000|0.0000000|0.0000000,0,0.6413074731826782,10.842922406069746,0,0,0,0,0,
cross_town,Town02,mixed,20,41,2.05,117.93017578125,187.6062774658203,0.22167770564556122,-179.97372436523438,6.984891830066211e-09,499.49803358058756,1.3983822478535569e-09,1.52587890625e-05,2.663161087212984e-07,6.660471034242963e-06,0.449266073470852,0.21497881412506104,0.36824095249176025,0.24024300277233124,0.0,0.4223956763744354,0.13319909572601318,0.6921002268791199,0.2735266089439392,0.4289625585079193,2.299555778503418,1.0000000|0.0000000|0.0000000|0.0000000|0.0000000|0.0000000|0.0000000|0.0000000|0.0000000|0.0000000,0,1.0,13.041056765200233,0,0,0,0,0,
cross_town,Town02,mixed,20,42,2.1,117.93017578125,187.6062774658203,0.22167770564556122,-179.97372436523438,6.984891830066211e-09,499.49803358058756,1.3983822478535569e-09,1.52587890625e-05,2.663161087212984e-07,5.802156140636685e-06,0.4182837298516268,0.12921825051307678,0.7735065817832947,-0.42237159609794617,0.0,0.5023956894874573,0.05319909751415253,1.0,0.3332242965698242,26.405838012695312,2.525301456451416,0.5987965|0.4012036|0.0000000|0.0000000|0.0000000|0.0000000|0.0000000|0.0000000|0.0000000|0.0000000,0,0.5987964868545532,16.48196830833116,0,0,0,0,0,
cross_town,Town02,mixed,20,43,2.15,117.93017578125,187.6062774658203,0.22167770564556122,-179.97372436523438,6.984891830066211e-09,499.49803358058756,1.3983822478535569e-09,1.52587890625e-05,2.663161087212984e-07,6.660463573755635e-06,0.4201964754425919,0.18291154503822327,0.5191445350646973,-0.0278350580483675,0.0,0.5191445350646973,-0.02680090256035328,0.9795506000518799,0.2941940426826477,1.1730915307998657,2.6536970138549805,0.6449967|0.2097942|0.1452091|0.0000000|0.0000000|0.0000000|0.0000000|0.0000000|0.0000000|0.0000000,0,0.644996702671051,18.985228356407163,0,0,0,0,0,
cross_town,Town02,mixed,20,44,2.2,117.93017578125,187.6062774658203,0.22167770564556122,-179.97372436523438,6.984891830066211e-09,499.49803358058756,1.3983822478535569e-09,1.52587890625e-05,2.663161087212984e-07,2.506258933656795e-06,0.45748112580662637,0.1213076114654541,0.40895330905914307,0.33547496795654297,0.0,0.4391445219516754,0.05319909751415253,0.6063640713691711,0.29412972927093506,0.31388378143310547,2.2878940105438232,0.6413199|0.2188251|0.1398550|0.0000000|0.0000000|0.0000000|0.0000000|0.0000000|0.0000000|0.0000000,0,0.6413199305534363,18.399150769162112,0,0,0,0,0,
cross_town,Town02,mixed,20,45,2.25,117.93017578125,187.6062774658203,0.22167770564556122,-179.97372436523438,6.984891830066211e-09,499.49803358058756,1.3983822478535569e-09,1.52587890625e-05,2.663161087212984e-07,5.836487913646805e-06,0.43681231715972546,0.1583521068096161,0.5994548797607422,0.036284755915403366,0.0,0.5191445350646973,0.036284755915403366,0.8864282965660095,0.2845470607280731,0.7291445136070251,2.595348834991455,0.8325155|0.1674845|0.0000000|0.0000000|0.0000000|0.0000000|0.0000000|0.0000000|0.0000000|0.0000000,0,0.8325154781341553,17.840438787879897,0,0,0,0,0,
cross_town,Town02,mixed,20,46,2.3,117.93017578125,187.6062774658203,0.22167770564556122,-179.97372436523438,6.984891830066211e-09,499.49803358058756,1.3983822478535569e-09,1.52587890625e-05,2.663161087212984e-07,7.657830737177595e-06,0.471457420554727,0.18031322956085205,0.4964005947113037,-0.04084533452987671,0.0,0.4964005947113037,-0.04084533452987671,0.47201472520828247,0.29328858852386475,0.1786969006061554,2.3968992233276367,0.6549227|0.2104064|0.1346709|0.0000000|0.0000000|0.0000000|0.0000000|0.0000000|0.0000000|0.0000000,0,0.6549227237701416,17.307440804257165,0,0,0,0,0,
cross_town,Town02,mixed,20,47,2.35,117.93017578125,187.6062774658203,0.22167770564556122,-179.97372436523438,6.984891830066211e-09,499.49803358058756,1.3983822478535569e-09,1.52587890625e-05,2.663161087212984e-07,5.35583600857546e-06,0.4577898419720079,0.11282116174697876,0.39222419261932373,0.40261489152908325,0.0,0.41640058159828186,0.03915466368198395,0.6032660007476807,0.28490397334098816,0.31986910104751587,2.1154017448425293,0.8317099|0.1682901|0.0000000|0.0000000|0.0000000|0.0000000|0.0000000|0.0000000|0.0000000|0.0000000,0,0.8317099213600159,17.2828684034345,0,0,0,0,0,
cross_town,Town02,mixed,20,48,2.4,117.93017578125,187.6062774658203,0.22167770564556122,-179.97372436523438,6.984891830066211e-09,499.49803358058756,1.3983822478535569e-09,1.52587890625e-05,2.663161087212984e-07,4.532013441493111e-06,0.4563131033625911,0.14703452587127686,0.5656967759132385,0.08467426151037216,0.0,0.4964005947113037,0.08467426151037216,0.6699553728103638,0.2845153510570526,0.3924804925918579,2.5698204040527344,0.8388192|0.1611808|0.0000000|0.0000000|0.0000000|0.0000000|0.0000000|0.0000000|0.0000000|0.0000000,0,0.8388192057609558,17.273597249660487,0,0,0,0,0,
cross_town,Town02,mixed,20,49,2.45,117.93017578125,187.6062774658203,0.22167770564556122,-179.97372436523438,6.984891830066211e-09,499.49803358058756,1.3983822478535569e-09,1.52587890625e-05,2.663161087212984e-07,5.870819261339824e-06,0.45238332017980964,0.20485645532608032,0.6273744702339172,-0.29233211278915405,0.0,0.5764005780220032,0.004674261435866356,0.6573035717010498,0.2847951352596283,0.37803012132644653,2.6181249618530273,0.8371322|0.1628678|0.0000000|0.0000000|0.0000000|0.0000000|0.0000000|0.0000000|0.0000000|0.0000000,0,0.8371322154998779,16.19314407340978,0,0,0,0,0,
cross_town,Town02,mixed,20,50,2.5,117.93017578125,187.6062774658203,0.22167770564556122,-179.97372436523438,6.984891830066211e-09,499.49803358058756,1.3983822478535569e-09,1.52587890625e-05,2.663161087212984e-07,4.497732111912426e-06,0.4441053363101096,0.1712961196899414,0.2903313636779785,0.3454549014568329,0.0,0.4964005649089813,0.08467426151037216,0.7400715351104736,0.27224358916282654,0.4893415570259094,1.8474469184875488,1.0000000|0.0000000|0.0000000|0.0000000|0.0000000|0.0000000|0.0000000|0.0000000|0.0000000|0.0000000,0,1.0,15.393141233407205,0,0,0,0,0,
cross_town,Town02,mixed,20,51,2.55,117.93017578125,187.6062774658203,0.22167770564556122,-179.97372436523438,6.984891830066211e-09,499.49803358058756,1.3983822478535569e-09,1.52587890625e-05,2.663161087212984e-07,5.184179308341584e-06,0.41811144649060067,0.0874549150466919,0.8063718676567078,-0.5116409659385681,0.0,0.5764005780220032,0.004674261435866356,1.0,0.35126054286956787,26.322723388671875,2.5153653621673584,1.0000000|0.0000000|0.0000000|0.0000000|0.0000000|0.0000000|0.0000000|0.0000000|0.0000000|0.0000000,0,1.0,14.865431285058053,0,0,0,0,0,
cross_town,Town02,mixed,20,52,2.6,117.93017578125,187.6062774658203,0.22167770564556122,-179.97372436523438,6.984891830066211e-09,499.49803358058756,1.3983822478535569e-09,1.52587890625e-05,2.663161087212984e-07,2.746727521031505e-07,0.4579912409256877,0.16037201881408691,0.41243237257003784,0.19581958651542664,0.0,0.4964005649089813,0.08467426151037216,0.6011937856674194,0.28599095344543457,0.3166194558143616,2.1523499488830566,0.7209581|0.2790419|0.0000000|0.0000000|0.0000000|0.0000000|0.0000000|0.0000000|0.0000000|0.0000000,0,0.7209580540657043,14.426180003379395,0,0,0,0,0,
cross_town,Town02,mixed,20,53,2.65,117.93017578125,187.6062774658203,0.22167770564556122,-179.97372436523438,6.984891830066211e-09,499.49803358058756,1.3983822478535569e-09,1.52587890625e-05,2.663161087212984e-07,9.613040577239563e-07,0.4718112493120868,0.18938469886779785,0.5968717932701111,-0.31485527753829956,0.0,0.5764005780220032,0.004674261435866356,0.46298620104789734,0.2928391098976135,0.17007926106452942,2.721653461456299,0.6470891|0.2474565|0.1054544|0.0000000|0.0000000|0.0000000|0.0000000|0.0000000|0.0000000|0.0000000,0,0.6470891237258911,14.042777416366775,0,0,0,0,0,
cross_town,Town02,mixed,20,54,2.7,117.93017578125,187.6062774658203,0.22167770564556122,-179.97372436523438,6.984891830066211e-09,499.49803358058756,1.3983822478535569e-09,1.52587890625e-05,2.663161087212984e-07,1.6479492092879684e-06,0.4260079615390953,0.0933176577091217,0.6473178863525391,-0.024088315665721893,0.0,0.6473178863525391,-0.024088315665721893,0.9878860712051392,0.3305826187133789,1.2697205543518066,2.2141032218933105,0.6991457|0.3008542|0.0000000|0.0000000|0.0000000|0.0000000|0.0000000|0.0000000|0.0000000|0.0000000,0,0.6991457343101501,13.649174152885662,0,0,0,0,0,
cross_town,Town02,mixed,20,55,2.75,117.93017578125,187.6062774658203,0.22167770564556122,-179.97372436523438,6.984891830066211e-09,499.49803358058756,1.3983822478535569e-09,1.52587890625e-05,2.663161087212984e-07,2.334594951693309e-06,0.47485563724119695,0.12060034275054932,0.5295687913894653,0.5119338035583496,0.0,0.5673179030418396,0.05591168254613876,0.4325321316719055,0.28523218631744385,0.1468859165906906,1.4854240417480469,0.7262014|0.2737986|0.0000000|0.0000000|0.0000000|0.0000000|0.0000000|0.0000000|0.0000000|0.0000000,0,0.7262014150619507,13.27657699087882,0,0,0,0,0,
cross_town,Town02,mixed,20,56,2.8,117.93017578125,187.6062774658203,0.22167770564556122,-179.97372436523438,6.984891830066211e-09,499.49803358058756,1.3983822478535569e-09,1.52587890625e-05,2.663161087212984e-07,3.021241041380052e-06,0.4230933819827483,0.2609916627407074,0.5436352491378784,-0.26161566376686096,0.0,0.5436352491378784,-0.024088317528367043,0.9501510262489319,0.27223339676856995,0.9646724462509155,2.0301480293273926,1.0000000|0.0000000|0.0000000|0.0000000|0.0000000|0.0000000|0.0000000|0.0000000|0.0000000|0.0000000,0,1.0,12.919627236212248,0,0,0,0,0,
cross_town,Town02,mixed,20,57,2.85,117.93017578125,187.6062774658203,0.22167770564556122,-179.97372436523438,6.984891830066211e-09,499.49803358058756,1.3983822478535569e-09,1.52587890625e-05,2.663161087212984e-07,3.70788676616115e-06,0.4515920526213563,0.12034863233566284,0.3818140923976898,0.3625848889350891,0.0,0.46363523602485657,0.05591168254613876,0.6651609539985657,0.2922213077545166,0.3793734908103943,2.2417192459106445,0.6439759|0.2660174|0.0900067|0.0000000|0.0000000|0.0000000|0.0000000|0.0000000|0.0000000|0.0000000,0,0.6439758539199829,12.754549376254106,0,0,0,0,0,
cross_town,Town02,mixed,20,58,2.9,117.93017578125,187.6062774658203,0.22167770564556122,-179.97372436523438,6.984891830066211e-09,499.49803358058756,1.3983822478535569e-09,1.52587890625e-05,2.663161087212984e-07,4.3945312344655586e-06,0.45613153594743,0.16989436745643616,0.5420175194740295,-0.08815380185842514,0.0,0.5420175194740295,-0.024088317528367043,0.6197641491889954,0.2916528582572937,0.33048397302627563,2.594090461730957,0.6538424|0.2572860|0.0888716|0.0000000|0.0000000|0.0000000|0.0000000|0.0000000|0.0000000|0.0000000,0,0.6538423895835876,12.737618171347723,0,0,0,0,0,
cross_town,Town02,mixed,20,59,2.95,117.93017578125,187.6062774658203,0.22167770564556122,-179.97372436523438,6.984891830066211e-09,499.49803358058756,1.3983822478535569e-09,1.52587890625e-05,2.663161087212984e-07,5.081176838398294e-06,0.4672372690556712,0.119853675365448,0.4317789673805237,0.32115811109542847,0.0,0.4620175063610077,0.05591168254613876,0.5087056159973145,0.2921527624130249,0.2165537327528,2.202617645263672,0.6465203|0.2590916|0.0943882|0.0000000|0.0000000|0.0000000|0.0000000|0.0000000|0.0000000|0.0000000,0,0.6465202569961548,12.422145303122836,0,0,0,0,0,
cross_town,Town02,mixed,20,60,3.0,117.93017578125,187.6062774658203,0.22167770564556122,-179.97372436523438,6.984891830066211e-09,499.49803358058756,1.3983822478535569e-09,1.52587890625e-05,2.663161087212984e-07,0.0,0.4558054842149131,0.1698693037033081,0.5143631100654602,-0.053267702460289,0.0,0.5143631100654602,-0.024088317528367043,0.6230217814445496,0.29224061965942383,0.33335793018341064,2.6077845096588135,0.6389803|0.2707874|0.0902323|0.0000000|0.0000000|0.0000000|0.0000000|0.0000000|0.0000000|0.0000000,0,0.6389802694320679,11.81705372607528,0,0,0,0,0,
cross_town,Town02,mixed,20,61,3.05,117.93017578125,187.6062774658203,0.22167770564556122,-179.97372436523438,6.984891830066211e-09,499.49803358058756,1.3983822478535569e-09,1.52587890625e-05,2.663161087212984e-07,6.866484423964221e-07,0.4235575941913632,0.06158459186553955,0.5429327487945557,-0.0671960860490799,0.0,0.5429327487945557,-0.0671960860490799,0.9999996423721313,0.3272664546966553,3.85029673576355,2.2942075729370117,0.7537990|0.2462010|0.0000000|0.0000000|0.0000000|0.0000000|0.0000000|0.0000000|0.0000000|0.0000000,0,0.7537989616394043,11.413601963419758,0,0,0,0,0,
cross_town,Town02,mixed,20,62,3.1,117.93017578125,187.6062774658203,0.22167770564556122,-179.97372436523438,6.984891830066211e-09,499.49803358058756,1.3983822478535569e-09,1.52587890625e-05,2.663161087212984e-07,1.3732910018762034e-06,0.4252152346415911,0.09260344505310059,0.2944146692752838,0.5895055532455444,0.0,0.4629327356815338,0.012803914025425911,0.928921103477478,0.28519803285598755,0.8573603630065918,2.131089687347412,0.6969400|0.3030600|0.0000000|0.0000000|0.0000000|0.0000000|0.0000000|0.0000000|0.0000000|0.0000000,0,0.696940004825592,11.088619215924064,0,0,0,0,0,
cross_town,Town02,mixed,20,63,3.15,117.93017578125,187.6062774658203,0.22167770564556122,-179.97372436523438,6.984891830066211e-09,499.49803358058756,1.3983822478535569e-09,1.52587890625e-05,2.663161087212984e-07,2.0599364801606882e-06,0.41810722477626605,0.06378620862960815,0.7523042559623718,-0.35879939794540405,0.0,0.5429327487945557,-0.0671960860490799,1.0,0.32574474811553955,6.312497138977051,2.3371219635009766,0.7739424|0.2260576|0.0000000|0.0000000|0.0000000|0.0000000|0.0000000|0.0000000|0.0000000|0.0000000,0,0.7739424109458923,10.796270335814864,0,0,0,0,0,
cross_town,Town02,mixed,20,64,3.2,117.93017578125,187.6062774658203,0.22167770564556122,-179.97372436523438,6.984891830066211e-09,499.49803358058756,1.3983822478535569e-09,1.52587890625e-05,2.663161087212984e-07,2.7465818815690464e-06,0.4452126090380022,0.0903470516204834,0.3230450749397278,0.561816930770874,0.0,0.4629327356815338,0.012803914025425911,0.7289451956748962,0.2904064655303955,0.45691293478012085,2.1726691722869873,0.6491586|0.2808547|0.0699867|0.0000000|0.0000000|0.0000000|0.0000000|0.0000000|0.0000000|0.0000000,0,0.6491585969924927,10.52061548235012,0,0,0,0,0,
cross_town,Town02,mixed,20,65,3.25,117.93017578125,187.6062774658203,0.22167770564556122,-179.97372436523438,6.984891830066211e-09,499.49803358058756,1.3983822478535569e-09,1.52587890625e-05,2.663161087212984e-07,3.433228679004705e-06,0.4181070805199995,0.0669485330581665,0.7100048661231995,-0.3568051755428314,0.0,0.5429327487945557,-0.0671960860490799,1.0,0.3235374093055725,7.236283779144287,2.372056484222412,0.8028329|0.1971671|0.0000000|0.0000000|0.0000000|0.0000000|0.0000000|0.0000000|0.0000000|0.0000000,0,0.8028329014778137,10.25582339239682,0,0,0,0,0,
cross_town,Town02,mixed,20,66,3.3,117.93017578125,187.6062774658203,0.22167770564556122,-179.97372436523438,6.984891830066211e-09,499.49803358058756,1.3983822478535569e-09,1.52587890625e-05,2.663161087212984e-07,4.119872819205106e-06,0.42147738899419024,0.09414342045783997,0.2931244969367981,0.5794815421104431,0.0,0.4629327356815338,0.012803914025425911,0.9662964344024658,0.2852170169353485,1.0537501573562622,2.1338205337524414,0.6731306|0.3268693|0.0000000|0.0000000|0.0000000|0.0000000|0.0000000|0.0000000|0.0000000|0.0000000,0,0.6731306314468384,10.000261414046294,0,0,0,0,0,
cross_town,Town02,mixed,20,67,3.35,117.93017578125,187.6062774658203,0.22167770564556122,-179.97372436523438,6.984891830066211e-09,499.49803358058756,1.3983822478535569e-09,1.52587890625e-05,2.663161087212984e-07,4.806519085551956e-06,0.4673580469429598,0.16348588466644287,0.43131542205810547,0.2752838730812073,0.0,0.43131542205810547,0.09280391037464142,0.5074896216392517,0.2819794714450836,0.22551074624061584,2.326467990875244,0.9000742|0.0999257|0.0000000|0.0000000|0.0000000|0.0000000|0.0000000|0.0000000|0.0000000|0.0000000,0,0.9000742435455322,9.78422260488281,0,0,0,0,0,
cross_town,Town02,mixed,20,68,3.4,117.93017578125,187.6062774658203,0.22167770564556122,-179.97372436523438,6.984891830066211e-09,499.49803358058756,1.3983822478535569e-09,1.52587890625e-05,2.663161087212984e-07,5.493163767544256e-06,0.4557807199673954,0.15396597981452942,0.542869508266449,-0.14879269897937775,0.0,0.5113154053688049,0.012803910300135612,0.6232626438140869,0.2902265191078186,0.335628479719162,2.7721738815307617,0.6306679|0.3045595|0.0647726|0.0000000|0.0000000|0.0000000|0.0000000|0.0000000|0.0000000|0.0000000,0,0.6306679248809814,9.761079750517263,0,0,0,0,0,
cross_town,Town02,mixed,20,69,3.45,117.93017578125,187.6062774658203,0.22167770564556122,-179.97372436523438,6.984891830066211e-09,499.49803358058756,1.3983822478535569e-09,1.52587890625e-05,2.663161087212984e-07,4.1198792525525445e-07,0.45503203774431594,0.17059707641601562,0.3986167907714844,0.2428559511899948,0.0,0.4313153922557831,0.09280391037464142,0.6307492256164551,0.28143465518951416,0.3524234890937805,2.1843457221984863,0.9076907|0.0923093|0.0000000|0.0000000|0.0000000|0.0000000|0.0000000|0.0000000|0.0000000|0.0000000,0,0.907690703868866,9.736086800515748,0,0,0,0,0,
cross_town,Town02,mixed,20,70,3.5,117.93017578125,187.6062774658203,0.22167770564556122,-179.97372436523438,6.984891830066211e-09,499.49803358058756,1.3983822478535569e-09,1.52587890625e-05,2.663161087212984e-07,1.0986362984680568e-06,0.468914793575509,0.15301209688186646,0.5359339714050293,-0.14343394339084625,0.0,0.5113154053688049,0.012803910300135612,0.49192118644714355,0.2895267605781555,0.20239369571208954,2.788940906524658,0.6298847|0.3109143|0.0592009|0.0000000|0.0000000|0.0000000|0.0000000|0.0000000|0.0000000|0.0000000,0,0.6298847198486328,9.306261316306673,0,0,0,0,0,
cross_town,Town02,mixed,20,71,3.55,117.93017578125,187.6062774658203,0.22167770564556122,-179.97372436523438,6.984891830066211e-09,499.49803358058756,1.3983822478535569e-09,1.52587890625e-05,2.663161087212984e-07,1.7852782936499381e-06,0.41810690811771095,0.05400031805038452,0.881916880607605,-0.2241627275943756,0.0,0.5913153886795044,-0.0671960860490799,1.0,0.37386149168014526,45.04010772705078,2.2313613891601562,1.0000000|0.0000000|0.0000000|0.0000000|0.0000000|0.0000000|0.0000000|0.0000000|0.0000000|0.0000000,0,1.0,8.990070411859252,0,0,0,0,0,
cross_town,Town02,mixed,20,72,3.6,117.93017578125,187.6062774658203,0.22167770564556122,-179.97372436523438,6.984891830066211e-09,499.49803358058756,1.3983822478535569e-09,1.52587890625e-05,2.663161087212984e-07,2.471924914728681e-06,0.46220995167392437,0.07952895760536194,0.37528863549232483,0.6941384077072144,0.0,0.5113154053688049,0.012803914025425911,0.5589695572853088,0.28894609212875366,0.27029919624328613,2.0462968349456787,0.6308519|0.3117402|0.0574080|0.0000000|0.0000000|0.0000000|0.0000000|0.0000000|0.0000000|0.0000000,0,0.6308518648147583,8.738017747384985,0,0,0,0,0,
cross_town,Town02,mixed,20,73,3.65,117.93017578125,187.6062774658203,0.22167770564556122,-179.97372436523438,6.984891830066211e-09,499.49803358058756,1.3983822478535569e-09,1.52587890625e-05,2.663161087212984e-07,3.1585692165305567e-06,0.4772820684439124,0.16419368982315063,0.41102713346481323,0.12275288254022598,0.0,0.4313153922557831,0.09280391037464142,0.4082481563091278,0.2888087332248688,0.11838825792074203,2.352034091949463,0.6188331|0.3282627|0.0529042|0.0000000|0.0000000|0.0000000|0.0000000|0.0000000|0.0000000|0.0000000,0,0.618833065032959,8.517449166266992,0,0,0,0,0,
cross_town,Town02,mixed,20,74,3.7,117.93017578125,187.6062774658203,0.22167770564556122,-179.97372436523438,6.984891830066211e-09,499.49803358058756,1.3983822478535569e-09,1.52587890625e-05,2.663161087212984e-07,3.8452154131068845e-06,0.46824785430492777,0.15453305840492249,0.5524017810821533,-0.14400160312652588,0.0,0.5113154053688049,0.012803910300135612,0.49859029054641724,0.28807494044303894,0.2105153352022171,2.7885618209838867,0.6277360|0.3218884|0.0503756|0.0000000|0.0000000|0.0000000|0.0000000|0.0000000|0.0000000|0.0000000,0,0.6277360320091248,8.319154283270478,0,0,0,0,0,
cross_town,Town02,mixed,20,75,3.75,117.93017578125,187.6062774658203,0.22167770564556122,-179.97372436523438,6.984891830066211e-09,499.49803358058756,1.3983822478535569e-09,1.52587890625e-05,2.663161087212984e-07,4.531860143325958e-06,0.4607420023209037,0.16811388731002808,0.39568591117858887,0.26009446382522583,0.0,0.4313153922557831,0.09280391037464142,0.5736488103866577,0.2808876037597656,0.29330092668533325,2.161736011505127,0.9172796|0.0827204|0.0000000|0.0000000|0.0000000|0.0000000|0.0000000|0.0000000|0.0000000|0.0000000,0,0.9172796010971069,8.139335085966978,0,0,0,0,0,
cross_town,Town02,mixed,20,76,3.8,117.93017578125,187.6062774658203,0.22167770564556122,-179.97372436523438,6.984891830066211e-09,499.49803358058756,1.3983822478535569e-09,1.52587890625e-05,2.663161087212984e-07,5.218506410088526e-06,0.4660763017215753,0.1503487229347229,0.5143774747848511,-0.09332914650440216,0.0,0.5113154053688049,0.012803910300135612,0.520305335521698,0.28858357667922974,0.23173291981220245,2.8435840606689453,0.6018111|0.3445137|0.0536752|0.0000000|0.0000000|0.0000000|0.0000000|0.0000000|0.0000000|0.0000000,0,0.6018111109733582,7.974817869605805,0,0,0,0,0,
cross_town,Town02,mixed,20,77,3.85,117.93017578125,187.6062774658203,0.22167770564556122,-179.97372436523438,6.984891830066211e-09,499.49803358058756,1.3983822478535569e-09,1.52587890625e-05,2.663161087212984e-07,1.3732936873082004e-07,0.4564690820255303,0.15863093733787537,0.39373818039894104,0.15967272222042084,0.0,0.4313153922557831,0.09280391037464142,0.6163775324821472,0.2884276211261749,0.33012253046035767,2.369487762451172,0.5903583|0.3585832|0.0510586|0.0000000|0.0000000|0.0000000|0.0000000|0.0000000|0.0000000|0.0000000,0,0.590358316898346,7.823426621554945,0,0,0,0,0,
cross_town,Town02,mixed,20,78,3.9,117.93017578125,187.6062774658203,0.22167770564556122,-179.97372436523438,6.984891830066211e-09,499.49803358058756,1.3983822478535569e-09,1.52587890625e-05,2.663161087212984e-07,8.239782586611013e-07,0.4809038303174996,0.16099053621292114,0.5173003077507019,-0.08886704593896866,0.0,0.5113154053688049,0.012803910300135612,0.3720300495624542,0.28312864899635315,0.08599192649126053,2.7497000694274902,0.6260498|0.3739502|0.0000000|0.0000000|0.0000000|0.0000000|0.0000000|0.0000000|0.0000000|0.0000000,0,0.626049816608429,7.763115133081458,0,0,0,0,0,
cross_town,Town02,mixed,20,79,3.95,117.93017578125,187.6062774658203,0.22167770564556122,-179.97372436523438,6.984891830066211e-09,499.49803358058756,1.3983822478535569e-09,1.52587890625e-05,2.663161087212984e-07,1.5106201397474512e-06,0.4790767959632897,0.16285985708236694,0.4287315905094147,0.10243259370326996,0.0,0.4313153922557831,0.09280391037464142,0.3903003931045532,0.28771325945854187,0.10077431052923203,2.3520922660827637,0.5929759|0.3557635|0.0512607|0.0000000|0.0000000|0.0000000|0.0000000|0.0000000|0.0000000|0.0000000,0,0.5929758548736572,7.73402436848599,0,0,0,0,0,
cross_town,Town02,mixed,20,80,4.0,117.93017578125,187.6062774658203,0.22167770564556122,-179.97372436523438,6.984891830066211e-09,499.49803358058756,1.3983822478535569e-09,1.52587890625e-05,2.663161087212984e-07,2.1972657076646802e-06,0.4679845859462302,0.15896522998809814,0.5017421841621399,-0.1050444021821022,0.0,0.5017421841621399,0.012803910300135612,0.5012222528457642,0.2824869751930237,0.21873526275157928,2.732846260070801,0.6227758|0.3772242|0.0000000|0.0000000|0.0000000|0.0000000|0.0000000|0.0000000|0.0000000|0.0000000,0,0.6227757930755615,7.568704712012449,0,0,0,0,0,
cross_town,Town02,mixed,20,81,4.05,117.93017578125,187.6062774658203,0.22167770564556122,-179.97372436523438,6.984891830066211e-09,499.49803358058756,1.3983822478535569e-09,1.52587890625e-05,2.663161087212984e-07,2.883912312227125e-06,0.47367410857024594,0.16028597950935364,0.4229181110858917,0.1124780923128128,0.0,0.4229181110858917,0.09280391037464142,0.4443270266056061,0.2865784168243408,0.15751677751541138,2.3750858306884766,0.5968670|0.3563571|0.0467759|0.0000000|0.0000000|0.0000000|0.0000000|0.0000000|0.0000000|0.0000000,0,0.5968669652938843,7.338192616141489,0,0,0,0,0,
cross_town,Town02,mixed,20,82,4.1,117.93017578125,187.6062774658203,0.22167770564556122,-179.97372436523438,6.984891830066211e-09,499.49803358058756,1.3983822478535569e-09,1.52587890625e-05,2.663161087212984e-07,3.5705565761888593e-06,0.46683222550692954,0.14488810300827026,0.5340464115142822,-0.15488848090171814,0.0,0.5029181241989136,0.012803910300135612,0.5127458572387695,0.2865338921546936,0.2262147217988968,2.773922920227051,0.5923141|0.3584945|0.0491914|0.0000000|0.0000000|0.0000000|0.0000000|0.0000000|0.0000000|0.0000000,0,0.5923141241073608,7.153933816928288,0,0,0,0,0,
cross_town,Town02,mixed,20,83,4.15,117.93017578125,187.6062774658203,0.22167770564556122,-179.97372436523438,6.984891830066211e-09,499.49803358058756,1.3983822478535569e-09,1.52587890625e-05,2.663161087212984e-07,4.2572021988798786e-06,0.4708818157369178,0.16641390323638916,0.37732380628585815,0.3193528354167938,0.0,0.4229181110858917,0.09280391037464142,0.47224995493888855,0.27222907543182373,0.199992373585701,2.0905048847198486,1.0000000|0.0000000|0.0000000|0.0000000|0.0000000|0.0000000|0.0000000|0.0000000|0.0000000|0.0000000,0,1.0,6.995955127432666,0,0,0,0,0,
cross_town,Town02,mixed,20,84,4.2,117.93017578125,187.6062774658203,0.22167770564556122,-179.97372436523438,6.984891830066211e-09,499.49803358058756,1.3983822478535569e-09,1.52587890625e-05,2.663161087212984e-07,4.943847561156025e-06,0.4777776171618979,0.15204402804374695,0.4846994876861572,-0.09457449615001678,0.0,0.4846994876861572,0.012803910300135612,0.4032919406890869,0.285907119512558,0.11615104973316193,2.8209643363952637,0.5947765|0.3540022|0.0512213|0.0000000|0.0000000|0.0000000|0.0000000|0.0000000|0.0000000|0.0000000,0,0.5947765111923218,6.854514531292511,0,0,0,0,0,
cross_town,Town02,mixed,20,85,4.25,117.93017578125,187.6062774658203,0.22167770564556122,-179.97372436523438,6.984891830066211e-09,499.49803358058756,1.3983822478535569e-09,1.52587890625e-05,2.663161087212984e-07,5.630493657324068e-06,0.4773765911513846,0.1534540355205536,0.37691420316696167,0.14836595952510834,0.0,0.4046994745731354,0.09280391037464142,0.40730220079421997,0.2862982153892517,0.11991949379444122,2.4346415996551514,0.5620714|0.3862085|0.0517200|0.0000000|0.0000000|0.0000000|0.0000000|0.0000000|0.0000000|0.0000000,0,0.5620714426040649,6.724195101570364,0,0,0,0,0,
cross_town,Town02,mixed,20,86,4.3,117.93017578125,187.6062774658203,0.22167770564556122,-179.97372436523438,6.984891830066211e-09,499.49803358058756,1.3983822478535569e-09,1.52587890625e-05,2.663161087212984e-07,5.493256791704379e-07,0.4547945429736655,0.1422593593597412,0.4677155315876007,-0.130094975233078,0.0,0.4677155315876007,0.012803910300135612,0.6331226825714111,0.2852542996406555,0.3511548638343811,2.736961603164673,0.5766351|0.3754205|0.0479445|0.0000000|0.0000000|0.0000000|0.0000000|0.0000000|0.0000000|0.0000000,0,0.5766350626945496,6.604415605161697,0,0,0,0,0,
cross_town,Town02,mixed,20,87,4.35,117.93017578125,187.6062774658203,0.22167770564556122,-179.97372436523438,6.984891830066211e-09,499.49803358058756,1.3983822478535569e-09,1.52587890625e-05,2.663161087212984e-07,1.235962361526319e-06,0.48605922061744145,0.16220194101333618,0.39635977149009705,0.13006442785263062,0.0,0.39635977149009705,0.09280391037464142,0.32047590613365173,0.28481152653694153,0.027292078360915184,2.444491386413574,0.5626248|0.3930607|0.0443145|0.0000000|0.0000000|0.0000000|0.0000000|0.0000000|0.0000000|0.0000000,0,0.5626247525215149,6.489575394184967,0,0,0,0,0,
cross_town,Town02,mixed,20,88,4.4,117.93017578125,187.6062774658203,0.22167770564556122,-179.97372436523438,6.984891830066211e-09,499.49803358058756,1.3983822478535569e-09,1.52587890625e-05,2.663161087212984e-07,1.922607457609817e-06,0.4709235910016915,0.17602401971817017,0.5474595427513123,0.08468525111675262,0.0,0.4763597846031189,0.08468525111675262,0.5478412508964539,0.27222907543182373,0.2757589817047119,2.338818311691284,1.0000000|0.0000000|0.0000000|0.0000000|0.0000000|0.0000000|0.0000000|0.0000000|0.0000000|0.0000000,0,1.0,6.4202125999017765,0,0,0,0,0,
cross_town,Town02,mixed,20,89,4.45,117.93017578125,187.6062774658203,0.22167770564556122,-179.97372436523438,6.984891830066211e-09,499.49803358058756,1.3983822478535569e-09,1.52587890625e-05,2.663161087212984e-07,2.60925301484992e-06,0.41919301647487095,0.1575571894645691,0.6954760551452637,-0.22874774038791656,0.0,0.5563597679138184,0.0046852510422468185,0.9891379475593567,0.29904961585998535,1.328840970993042,2.4226531982421875,0.8984194|0.1015805|0.0000000|0.0000000|0.0000000|0.0000000|0.0000000|0.0000000|0.0000000|0.0000000,0,0.8984194397926331,6.342896204037036,0,0,0,0,0,
cross_town,Town02,mixed,20,90,4.5,117.93017578125,187.6062774658203,0.22167770564556122,-179.97372436523438,6.984891830066211e-09,499.49803358058756,1.3983822478535569e-09,1.52587890625e-05,2.663161087212984e-07,3.29589884549324e-06,0.42438613075557163,0.1481425166130066,0.43247318267822266,0.18004970252513885,0.0,0.4763597548007965,0.08468525111675262,0.9372068047523499,0.2839868366718292,0.8917772173881531,2.249725341796875,0.5386563|0.4162408|0.0451029|0.0000000|0.0000000|0.0000000|0.0000000|0.0000000|0.0000000|0.0000000,0,0.5386562943458557,6.396788731058405,0,0,0,0,0,
cross_town,Town02,mixed,20,91,4.55,117.93017578125,187.6062774658203,0.22167770564556122,-179.97372436523438,6.984891830066211e-09,499.49803358058756,1.3983822478535569e-09,1.52587890625e-05,2.663161087212984e-07,3.982544603739735e-06,0.4684674580747168,0.17543655633926392,0.5019397139549255,-0.15829387307167053,0.0,0.5019397139549255,0.0046852510422468185,0.4963935315608978,0.28321322798728943,0.21318021416664124,2.7138490676879883,0.5591159|0.3957717|0.0451123|0.0000000|0.0000000|0.0000000|0.0000000|0.0000000|0.0000000|0.0000000,0,0.5591159462928772,6.052646697996704,0,0,0,0,0,
cross_town,Town02,mixed,20,92,4.6,117.93017578125,187.6062774658203,0.22167770564556122,-179.97372436523438,6.984891830066211e-09,499.49803358058756,1.3983822478535569e-09,1.52587890625e-05,2.663161087212984e-07,4.669190954660948e-06,0.4181717504912894,0.009902000427246094,0.9592276811599731,0.6076079607009888,0.0,0.581939697265625,0.08468525111675262,0.9993506073951721,0.800000011920929,1.5346847772598267,1.2890701293945312,1.0000000|0.0000000|0.0000000|0.0000000|0.0000000|0.0000000|0.0000000|0.0000000|0.0000000|0.0000000,0,1.0,5.904150206018591,0,0,0,0,0,
cross_town,Town02,mixed,20,93,4.65,117.93017578125,187.6062774658203,0.22167770564556122,-179.97372436523438,6.984891830066211e-09,499.49803358058756,1.3983822478535569e-09,1.52587890625e-05,2.663161087212984e-07,5.355834874306924e-06,0.4264788438731711,0.3337233066558838,0.5607293844223022,-0.5012544393539429,0.0,0.5607293844223022,0.0046852510422468185,0.916279673576355,0.28203994035720825,0.8161700367927551,2.3403306007385254,0.5400908|0.4204259|0.0394833|0.0000000|0.0000000|0.0000000|0.0000000|0.0000000|0.0000000|0.0000000,0,0.540090799331665,5.731249878014043,0,0,0,0,0,
cross_town,Town02,mixed,20,94,4.7,117.93017578125,187.6062774658203,0.22167770564556122,-179.97372436523438,6.984891830066211e-09,499.49803358058756,1.3983822478535569e-09,1.52587890625e-05,2.663161087212984e-07,2.7465870432256593e-07,0.46104357141795566,0.1502535343170166,0.47464075684547424,0.1560603827238083,0.0,0.4807293713092804,0.08468525111675262,0.5706323981285095,0.28192514181137085,0.2891828119754791,2.2161450386047363,0.5288371|0.4291320|0.0420309|0.0000000|0.0000000|0.0000000|0.0000000|0.0000000|0.0000000|0.0000000,0,0.5288370847702026,5.6202450796152155,0,0,0,0,0,
cross_town,Town02,mixed,20,95,4.75,117.93017578125,187.6062774658203,0.22167770564556122,-179.97372436523438,6.984891830066211e-09,499.49803358058756,1.3983822478535569e-09,1.52587890625e-05,2.663161087212984e-07,9.61304582578075e-07,0.47759060758891514,0.17008250951766968,0.6025805473327637,-0.24024704098701477,0.0,0.5607293844223022,0.0046852510422468185,0.4051620364189148,0.2915164828300476,0.11248309910297394,2.4000535011291504,0.9129538|0.0870462|0.0000000|0.0000000|0.0000000|0.0000000|0.0000000|0.0000000|0.0000000|0.0000000,0,0.912953794002533,5.493821084513806,0,0,0,0,0,
cross_town,Town02,mixed,20,96,4.8,117.93017578125,187.6062774658203,0.22167770564556122,-179.97372436523438,6.984891830066211e-09,499.49803358058756,1.3983822478535569e-09,1.52587890625e-05,2.663161087212984e-07,1.6479506882371188e-06,0.4261207391673606,0.16217443346977234,0.29846125841140747,0.3706482946872711,0.0,0.4807293713092804,0.08468525111675262,0.9198607206344604,0.27222907543182373,0.8378850221633911,1.897254467010498,1.0000000|0.0000000|0.0000000|0.0000000|0.0000000|0.0000000|0.0000000|0.0000000|0.0000000|0.0000000,0,1.0,5.3941717301597345,0,0,0,0,0,
cross_town,Town02,mixed,20,97,4.85,117.93017578125,187.6062774658203,0.22167770564556122,-179.97372436523438,6.984891830066211e-09,499.49803358058756,1.3983822478535569e-09,1.52587890625e-05,2.663161087212984e-07,2.334596448704103e-06,0.453551678841738,0.22080916166305542,0.5625922083854675,-0.15008319914340973,0.0,0.5607293844223022,0.0046852510422468185,0.645551323890686,0.2805662751197815,0.36931905150413513,2.439055919647217,0.9221358|0.0778643|0.0000000|0.0000000|0.0000000|0.0000000|0.0000000|0.0000000|0.0000000|0.0000000,0,0.9221357703208923,5.289411627867482,0,0,0,0,0,
cross_town,Town02,mixed,20,98,4.9,117.93017578125,187.6062774658203,0.22167770564556122,-179.97372436523438,6.984891830066211e-09,499.49803358058756,1.3983822478535569e-09,1.52587890625e-05,2.663161087212984e-07,3.0212405905985597e-06,0.4605079819613974,0.159697026014328,0.3372097313404083,0.2977963387966156,0.0,0.4807293713092804,0.08468525111675262,0.5759882926940918,0.28014421463012695,0.2964373230934143,1.9948766231536865,0.9260772|0.0739227|0.0000000|0.0000000|0.0000000|0.0000000|0.0000000|0.0000000|0.0000000|0.0000000,0,0.9260772466659546,5.1963270701128454,0,0,0,0,0,
cross_town,Town02,mixed,20,99,4.95,117.93017578125,187.6062774658203,0.22167770564556122,-179.97372436523438,6.984891830066211e-09,499.49803358058756,1.3983822478535569e-09,1.52587890625e-05,2.663161087212984e-07,3.7078855227228354e-06,0.45714394349399023,0.17608541250228882,0.504908561706543,-0.17834824323654175,0.0,0.504908561706543,0.0046852510422468185,0.6096286773681641,0.27915844321250916,0.3322795033454895,2.689443349838257,0.5058721|0.4549949|0.0391331|0.0000000|0.0000000|0.0000000|0.0000000|0.0000000|0.0000000|0.0000000,0,0.5058720707893372,5.150995305158434,0,0,0,0,0,
cross_town,Town02,mixed,20,100,5.0,117.93017578125,187.6062774658203,0.22167770564556122,-179.97372436523438,6.984891830066211e-09,499.49803358058756,1.3983822478535569e-09,1.52587890625e-05,2.663161087212984e-07,4.3945311832830184e-06,0.46369520921054297,0.14442691206932068,0.402622789144516,0.1886414736509323,0.0,0.4249085485935211,0.08468525111675262,0.5441160202026367,0.2789519429206848,0.2652791142463684,2.3655591011047363,0.4936652|0.4642488|0.0420859|0.0000000|0.0000000|0.0000000|0.0000000|0.0000000|0.0000000|0.0000000,0,0.4936652183532715,5.129273908806638,0,0,0,0,0,
cross_town,Town02,mixed,20,101,5.05,117.93017578125,187.6062774658203,0.22167770564556122,-179.97372436523438,6.984891830066211e-09,499.49803358058756,1.3983822478535569e-09,1.52587890625e-05,2.663161087212984e-07,5.081176968547668e-06,0.46982002753558566,0.14648258686065674,0.4718443751335144,-0.08892890065908432,0.0,0.4718443751335144,0.0046852510422468185,0.4828678369522095,0.27840638160705566,0.20445474982261658,2.7088406085968018,0.4872492|0.4705863|0.0421646|0.0000000|0.0000000|0.0000000|0.0000000|0.0000000|0.0000000|0.0000000,0,0.4872491955757141,4.963465216720556,0,0,0,0,0,
cross_town,Town02,mixed,20,102,5.1,117.93017578125,187.6062774658203,0.22167770564556122,-179.97372436523438,6.984891830066211e-09,499.49803358058756,1.3983822478535569e-09,1.52587890625e-05,2.663161087212984e-07,0.0,0.4692089160138648,0.1376354694366455,0.3987303376197815,0.16840314865112305,0.0,0.3987303376197815,0.08468525111675262,0.48897895216941833,0.27726131677627563,0.21171586215496063,2.4316346645355225,0.4927195|0.4703117|0.0369688|0.0000000|0.0000000|0.0000000|0.0000000|0.0000000|0.0000000|0.0000000,0,0.49271947145462036,4.801049243521532,0,0,0,0,0,
cross_town,Town02,mixed,20,103,5.15,117.93017578125,187.6062774658203,0.22167770564556122,-179.97372436523438,6.984891830066211e-09,499.49803358058756,1.3983822478535569e-09,1.52587890625e-05,2.663161087212984e-07,6.86653821508137e-07,0.4179600780076459,0.07932767271995544,0.875085711479187,-0.5872640013694763,0.0,0.47873035073280334,0.0046852510422468185,1.0,0.3793025016784668,7.466711521148682,2.437211751937866,1.0000000|0.0000000|0.0000000|0.0000000|0.0000000|0.0000000|0.0000000|0.0000000|0.0000000|0.0000000,0,1.0,4.664686411604657,0,0,0,0,0,
cross_town,Town02,mixed,20,104,5.2,117.93017578125,187.6062774658203,0.22167770564556122,-179.97372436523438,6.984891830066211e-09,499.49803358058756,1.3983822478535569e-09,1.52587890625e-05,2.663161087212984e-07,1.3732911106326078e-06,0.41734675857746417,0.09866607189178467,0.5452015399932861,-0.2471938580274582,0.0,0.5452015399932861,-0.07531474530696869,0.9997164607048035,0.27986636757850647,2.262158155441284,2.409688949584961,0.9259980|0.0740021|0.0000000|0.0000000|0.0000000|0.0000000|0.0000000|0.0000000|0.0000000|0.0000000,0,0.9259979724884033,4.5490262565208335,0,0,0,0,0,
cross_town,Town02,mixed,20,105,5.25,117.93017578125,187.6062774658203,0.22167770564556122,-179.97372436523438,6.984891830066211e-09,499.49803358058756,1.3983822478535569e-09,1.52587890625e-05,2.663161087212984e-07,2.0599364285345193e-06,0.4213128293278488,0.09008687734603882,0.2933056950569153,0.6192688941955566,0.0,0.4652015268802643,0.004685254767537117,0.9533804655075073,0.2754203677177429,0.9790781140327454,2.1787848472595215,0.4822129|0.4805960|0.0371911|0.0000000|0.0000000|0.0000000|0.0000000|0.0000000|0.0000000|0.0000000,0,0.48221293091773987,4.444004267107826,0,0,0,0,0,
cross_town,Town02,mixed,20,106,5.3,117.93017578125,187.6062774658203,0.22167770564556122,-179.97372436523438,6.984891830066211e-09,499.49803358058756,1.3983822478535569e-09,1.52587890625e-05,2.663161087212984e-07,2.7465819941992173e-06,0.41656912579599886,0.09085690975189209,0.47087785601615906,-0.14544741809368134,0.0,0.47087785601615906,-0.07531474530696869,0.9938836097717285,0.26924020051956177,1.5034199953079224,2.38222074508667,1.0000000|0.0000000|0.0000000|0.0000000|0.0000000|0.0000000|0.0000000|0.0000000|0.0000000|0.0000000,0,1.0,4.346437268514746,0,0,0,0,0,
cross_town,Town02,mixed,20,107,5.35,117.93017578125,187.6062774658203,0.22167770564556122,-179.97372436523438,6.984891830066211e-09,499.49803358058756,1.3983822478535569e-09,1.52587890625e-05,2.663161087212984e-07,3.433228038000758e-06,0.43225536615596655,0.09202724695205688,0.298039972782135,0.5540051460266113,0.0,0.3908778429031372,0.004685254767537117,0.8298259973526001,0.2742654085159302,0.6218332648277283,2.2987842559814453,0.4979587|0.4627782|0.0392631|0.0000000|0.0000000|0.0000000|0.0000000|0.0000000|0.0000000|0.0000000,0,0.4979587495326996,4.254438545039018,0,0,0,0,0,
cross_town,Town02,mixed,20,108,5.4,117.93017578125,187.6062774658203,0.22167770564556122,-179.97372436523438,6.984891830066211e-09,499.49803358058756,1.3983822478535569e-09,1.52587890625e-05,2.663161087212984e-07,4.119873696058578e-06,0.42188369223247973,0.1300322711467743,0.41242021322250366,0.09592091292142868,0.0,0.41242021322250366,0.08468525111675262,0.9260815978050232,0.26918676495552063,0.8628132939338684,2.5141148567199707,0.5307989|0.4692011|0.0000000|0.0000000|0.0000000|0.0000000|0.0000000|0.0000000|0.0000000|0.0000000,0,0.5307988524436951,4.166612548670354,0,0,0,0,0,
cross_town,Town02,mixed,20,109,5.45,117.93017578125,187.6062774658203,0.22167770564556122,-179.97372436523438,6.984891830066211e-09,499.49803358058756,1.3983822478535569e-09,1.52587890625e-05,2.663161087212984e-07,4.806518800485604e-06,0.41371981599731844,0.08717167377471924,0.8461537957191467,-0.5913909673690796,0.0,0.4924202263355255,0.0046852510422468185,0.9999992847442627,0.3793025314807892,3.671863555908203,2.419191598892212,1.0000000|0.0000000|0.0000000|0.0000000|0.0000000|0.0000000|0.0000000|0.0000000|0.0000000|0.0000000,0,1.0,4.102473669391634,0,0,0,0,0,
cross_town,Town02,mixed,20,110,5.5,117.93017578125,187.6062774658203,0.22167770564556122,-179.97372436523438,6.984891830066211e-09,499.49803358058756,1.3983822478535569e-09,1.52587890625e-05,2.663161087212984e-07,5.4931638323528064e-06,0.4567732549753977,0.1330360472202301,0.4294961392879486,0.18659545481204987,0.0,0.4294961392879486,0.08468525111675262,0.5615456700325012,0.27148181200027466,0.29037758708000183,2.3862252235412598,0.5225167|0.4428678|0.0346156|0.0000000|0.0000000|0.0000000|0.0000000|0.0000000|0.0000000|0.0000000,0,0.5225167274475098,4.068953774015083,0,0,0,0,0,
cross_town,Town02,mixed,20,111,5.55,117.93017578125,187.6062774658203,0.22167770564556122,-179.97372436523438,6.984891830066211e-09,499.49803358058756,1.3983822478535569e-09,1.52587890625e-05,2.663161087212984e-07,4.119878296008053e-07,0.45527668368187285,0.14554372429847717,0.48028764128685,-0.07222592830657959,0.0,0.48028764128685,0.0046852510422468185,0.5683864951133728,0.27084681391716003,0.2979709506034851,2.6735057830810547,0.5289669|0.4349278|0.0361053|0.0000000|0.0000000|0.0000000|0.0000000|0.0000000|0.0000000|0.0000000,0,0.5289669036865234,3.9967845367433226,0,0,0,0,0,
cross_town,Town02,mixed,20,112,5.6,117.93017578125,187.6062774658203,0.22167770564556122,-179.97372436523438,6.984891830066211e-09,499.49803358058756,1.3983822478535569e-09,1.52587890625e-05,2.663161087212984e-07,1.1399709040885908e-06,0.44277586555047715,0.12581175565719604,0.4359239637851715,0.1622498482465744,0.0,0.4359239637851715,0.08468525111675262,0.6848960518836975,0.2698937952518463,0.4241972863674164,2.4192826747894287,0.5385141|0.4263771|0.0351089|0.0000000|0.0000000|0.0000000|0.0000000|0.0000000|0.0000000|0.0000000,0,0.5385140776634216,3.8604734152843783,0,0,0,0,0,
cross_town,Town02,mixed,20,113,5.65,117.93017578125,187.6062774658203,0.22167770564556122,-179.97372436523438,6.984891830066211e-09,499.49803358058756,1.3983822478535569e-09,1.52587890625e-05,2.663161087212984e-07,1.8196128850223225e-06,0.45422314397596064,0.14198338985443115,0.5116145610809326,-0.10327041149139404,0.0,0.5116145610809326,0.0046852510422468185,0.5615141987800598,0.2690843939781189,0.2927430272102356,2.60937237739563,0.5250617|0.4418457|0.0330926|0.0000000|0.0000000|0.0000000|0.0000000|0.0000000|0.0000000|0.0000000,0,0.5250616669654846,3.745294044115463,0,0,0,0,0,
cross_town,Town02,mixed,20,114,5.7,117.93017578125,187.6062774658203,0.22167770564556122,-179.97372436523438,6.984891830066211e-09,499.49803358058756,1.3983822478535569e-09,1.52587890625e-05,2.663161087212984e-07,2.506258039534329e-06,0.4497767330639542,0.14112508296966553,0.4781365394592285,0.18450747430324554,0.0,0.4781365394592285,0.08468525111675262,0.5966694355010986,0.2645506262779236,0.33335110545158386,2.3178458213806152,0.5412929|0.4587071|0.0000000|0.0000000|0.0000000|0.0000000|0.0000000|0.0000000|0.0000000|0.0000000,0,0.5412929058074951,3.6442997519905287,0,0,0,0,0,
cross_town,Town02,mixed,20,115,5.75,117.93017578125,187.6062774658203,0.22167770564556122,-179.97372436523438,6.984891830066211e-09,499.49803358058756,1.3983822478535569e-09,1.52587890625e-05,2.663161087212984e-07,3.1929027230440205e-06,0.44632998793468825,0.20997720956802368,0.5738764405250549,-0.057808246463537216,0.0,0.558136522769928,0.0046852510422468185,0.6214315295219421,0.27222907543182373,0.35167810320854187,2.2459311485290527,1.0000000|0.0000000|0.0000000|0.0000000|0.0000000|0.0000000|0.0000000|0.0000000|0.0000000|0.0000000,0,1.0,3.5523589577559864,0,0,0,0,0,
cross_town,Town02,mixed,20,116,5.8,117.93017578125,187.6062774658203,0.22167770564556122,-179.97372436523438,6.984891830066211e-09,499.49803358058756,1.3983822478535569e-09,1.52587890625e-05,2.663161087212984e-07,3.8795483974088755e-06,0.41802988434921057,0.14218854904174805,0.48101723194122314,0.15574268996715546,0.0,0.48101723194122314,0.08468525111675262,0.8943271636962891,0.262844055891037,0.7710869908332825,2.1850805282592773,0.5473983|0.4526017|0.0000000|0.0000000|0.0000000|0.0000000|0.0000000|0.0000000|0.0000000|0.0000000,0,0.5473983287811279,3.4650522894808273,0,0,0,0,0,
cross_town,Town02,mixed,20,117,5.85,117.93017578125,187.6062774658203,0.22167770564556122,-179.97372436523438,6.984891830066211e-09,499.49803358058756,1.3983822478535569e-09,1.52587890625e-05,2.663161087212984e-07,4.56619273447684e-06,0.4588579529873726,0.1763765811920166,0.5115174651145935,-0.18128474056720734,0.0,0.5115174651145935,0.0046852510422468185,0.47553130984306335,0.2617015838623047,0.21381016075611115,2.502208709716797,0.5644594|0.4355406|0.0000000|0.0000000|0.0000000|0.0000000|0.0000000|0.0000000|0.0000000|0.0000000,0,0.5644594430923462,3.3815178448102627,0,0,0,0,0,
cross_town,Town02,mixed,20,118,5.9,117.93017578125,187.6062774658203,0.22167770564556122,-179.97372436523438,6.984891830066211e-09,499.49803358058756,1.3983822478535569e-09,1.52587890625e-05,2.663161087212984e-07,5.2528381674502564e-06,0.438967568935889,0.12350934743881226,0.4626217484474182,0.19536812603473663,0.0,0.4626217484474182,0.08468525111675262,0.663501501083374,0.2647087574005127,0.4050256311893463,2.3500771522521973,0.5613079|0.4031813|0.0355108|0.0000000|0.0000000|0.0000000|0.0000000|0.0000000|0.0000000|0.0000000,0,0.5613079071044922,3.3017957265536113,0,0,0,0,0,
cross_town,Town02,mixed,20,119,5.95,117.93017578125,187.6062774658203,0.22167770564556122,-179.97372436523438,6.984891830066211e-09,499.49803358058756,1.3983822478535569e-09,1.52587890625e-05,2.663161087212984e-07,1.3732936745399103e-07,0.45319068357534603,0.15110188722610474,0.49324798583984375,-0.11711828410625458,0.0,0.49324798583984375,0.0046852510422468185,0.5099048614501953,0.259635865688324,0.2502703368663788,2.4414098262786865,0.5801446|0.4198554|0.0000000|0.0000000|0.0000000|0.0000000|0.0000000|0.0000000|0.0000000|0.0000000,0,0.5801446437835693,3.2244546124832283,0,0,0,0,0,
cross_town,Town02,mixed,20,120,6.0,117.93017578125,187.6062774658203,0.22167770564556122,-179.97372436523438,6.984891830066211e-09,499.49803358058756,1.3983822478535569e-09,1.52587890625e-05,2.663161087212984e-07,8.23975559489402e-07,0.4521145354386552,0.13068169355392456,0.49342307448387146,0.15472234785556793,0.0,0.49342307448387146,0.08468525111675262,0.5088569521903992,0.2615041434764862,0.24735376238822937,2.3356666564941406,0.5768639|0.3980099|0.0251262|0.0000000|0.0000000|0.0000000|0.0000000|0.0000000|0.0000000|0.0000000,0,0.5768638849258423,3.1499006390957454,0,0,0,0,0,
cross_town,Town02,mixed,20,121,6.05,117.93017578125,187.6062774658203,0.22167770564556122,-179.97372436523438,6.984891830066211e-09,499.49803358058756,1.3983822478535569e-09,1.52587890625e-05,2.663161087212984e-07,1.5106213490830374e-06,0.4520892797608503,0.1695423126220703,0.5174569487571716,-0.2358887642621994,0.0,0.5174569487571716,0.0046852510422468185,0.49684253334999084,0.2608293294906616,0.23601314425468445,2.341005802154541,0.5828128|0.3885756|0.0286116|0.0000000|0.0000000|0.0000000|0.0000000|0.0000000|0.0000000|0.0000000,0,0.5828127861022949,3.077310313585811,0,0,0,0,0,
cross_town,Town02,mixed,20,122,6.1,117.93017578125,187.6062774658203,0.22167770564556122,-179.97372436523438,6.984891830066211e-09,499.49803358058756,1.3983822478535569e-09,1.52587890625e-05,2.663161087212984e-07,2.197266964341278e-06,0.45190802092667004,0.16081589460372925,0.3341730237007141,0.39793410897254944,0.0,0.4374569356441498,0.08468525111675262,0.48591604828834534,0.27222907543182373,0.21368324756622314,2.0563228130340576,1.0000000|0.0000000|0.0000000|0.0000000|0.0000000|0.0000000|0.0000000|0.0000000|0.0000000|0.0000000,0,1.0,3.006780649636388,0,0,0,0,0,
cross_town,Town02,mixed,20,123,6.15,117.93017578125,187.6062774658203,0.22167770564556122,-179.97372436523438,6.984891830066211e-09,499.49803358058756,1.3983822478535569e-09,1.52587890625e-05,2.663161087212984e-07,2.883911981273736e-06,0.4153518390666509,0.10943678021430969,0.5139250755310059,-0.33925673365592957,0.0,0.5139250755310059,0.0046852510422468185,0.8382517099380493,0.2504999339580536,0.6608192920684814,2.2583234310150146,0.9537706|0.0462294|0.0000000|0.0000000|0.0000000|0.0000000|0.0000000|0.0000000|0.0000000|0.0000000,0,0.953770637512207,2.9380742377208415,0,0,0,0,0,
cross_town,Town02,mixed,20,124,6.2,117.93017578125,187.6062774658203,0.22167770564556122,-179.97372436523438,6.984891830066211e-09,499.49803358058756,1.3983822478535569e-09,1.52587890625e-05,2.663161087212984e-07,3.57055799381792e-06,0.44856338688882447,0.12372457981109619,0.4644269347190857,0.23646341264247894,0.0,0.4644269347190857,0.08468525111675262,0.49240896105766296,0.25412794947624207,0.23828046023845673,2.296931505203247,0.6122305|0.3877696|0.0000000|0.0000000|0.0000000|0.0000000|0.0000000|0.0000000|0.0000000|0.0000000,0,0.6122304797172546,2.8712192908306937,0,0,0,0,0,
cross_town,Town02,mixed,20,125,6.25,117.93017578125,187.6062774658203,0.22167770564556122,-179.97372436523438,6.984891830066211e-09,499.49803358058756,1.3983822478535569e-09,1.52587890625e-05,2.663161087212984e-07,4.257202847075847e-06,0.4615937266396227,0.1297597587108612,0.48725083470344543,-0.3997861444950104,0.0,0.48725083470344543,0.0046852510422468185,0.3478602170944214,0.24823245406150818,0.09465298056602478,2.160426139831543,0.9481167|0.0518833|0.0000000|0.0000000|0.0000000|0.0000000|0.0000000|0.0000000|0.0000000|0.0000000,0,0.948116660118103,2.8056493244331184,0,0,0,0,0,
cross_town,Town02,mixed,20,126,6.3,117.93017578125,187.6062774658203,0.22167770564556122,-179.97372436523438,6.984891830066211e-09,499.49803358058756,1.3983822478535569e-09,1.52587890625e-05,2.663161087212984e-07,4.943847700504597e-06,0.4152614089704531,0.08592075109481812,0.3462907671928406,0.03811677172780037,0.0,0.4072508215904236,0.03811677172780037,0.8597931265830994,0.24569785594940186,0.707695484161377,2.194026470184326,0.9553097|0.0446903|0.0000000|0.0000000|0.0000000|0.0000000|0.0000000|0.0000000|0.0000000|0.0000000,0,0.9553097486495972,2.7415485897889837,0,0,0,0,0,
cross_town,Town02,mixed,20,127,6.35,117.93017578125,187.6062774658203,0.22167770564556122,-179.97372436523438,6.984891830066211e-09,499.49803358058756,1.3983822478535569e-09,1.52587890625e-05,2.663161087212984e-07,5.630493168313497e-06,0.4128488445333552,0.11834526062011719,0.4473584294319153,0.028652917593717575,0.0,0.4473584294319153,0.028652917593717575,0.8809331059455872,0.2545362412929535,0.7457877993583679,2.495586395263672,0.6058351|0.3647546|0.0294103|0.0000000|0.0000000|0.0000000|0.0000000|0.0000000|0.0000000|0.0000000,0,0.6058350801467896,2.6817411238796236,0,0,0,0,0,
cross_town,Town02,mixed,20,128,6.4,117.93017578125,187.6062774658203,0.22167770564556122,-179.97372436523438,6.984891830066211e-09,499.49803358058756,1.3983822478535569e-09,1.52587890625e-05,2.663161087212984e-07,5.493169238779748e-07,0.3919478097656296,0.07759833335876465,0.40355226397514343,-0.12953731417655945,0.0,0.40355226397514343,-0.05134708061814308,0.998370349407196,0.23619931936264038,1.868239164352417,2.174403667449951,1.0000000|0.0000000|0.0000000|0.0000000|0.0000000|0.0000000|0.0000000|0.0000000|0.0000000|0.0000000,0,1.0,2.6314603789011,0,0,0,0,0,
cross_town,Town02,mixed,20,129,6.45,117.93017578125,187.6062774658203,0.22167770564556122,-179.97372436523438,6.984891830066211e-09,499.49803358058756,1.3983822478535569e-09,1.52587890625e-05,2.663161087212984e-07,1.2359629756500596e-06,0.3927156526333404,0.1226300299167633,0.3612545132637024,0.43729668855667114,0.0,0.3612545132637024,0.028652919456362724,0.974369466304779,0.28066641092300415,1.1288354396820068,2.144893169403076,0.9212005|0.0787995|0.0000000|0.0000000|0.0000000|0.0000000|0.0000000|0.0000000|0.0000000|0.0000000,0,0.9212004542350769,2.5929259301351744,0,0,0,0,0,
cross_town,Town02,mixed,20,130,6.5,117.93017578125,187.6062774658203,0.22167770564556122,-179.97372436523438,6.984891830066211e-09,499.49803358058756,1.3983822478535569e-09,1.52587890625e-05,2.663161087212984e-07,1.9226091359532537e-06,0.40210682327671904,0.1157899796962738,0.43677985668182373,0.04331577196717262,0.0,0.43677985668182373,0.04331577196717262,0.9379405379295349,0.2506996989250183,0.9281986951828003,2.512627601623535,0.6232830|0.3490916|0.0276253|0.0000000|0.0000000|0.0000000|0.0000000|0.0000000|0.0000000|0.0000000,0,0.6232830286026001,2.564024532890755,0,0,0,0,0,
cross_town,Town02,mixed,20,131,6.55,117.93017578125,187.6062774658203,0.22167770564556122,-179.97372436523438,6.984891830066211e-09,499.49803358058756,1.3983822478535569e-09,1.52587890625e-05,2.663161087212984e-07,2.6092538958479942e-06,0.4289862968884454,0.08442509174346924,0.5689347982406616,-0.19231325387954712,0.0,0.5167798399925232,-0.036684226244688034,0.5778220891952515,0.2374260574579239,0.3410337567329407,2.2911510467529297,0.9587710|0.0412290|0.0000000|0.0000000|0.0000000|0.0000000|0.0000000|0.0000000|0.0000000|0.0000000,0,0.9587710499763489,2.541171937514992,0,0,0,0,0,
cross_town,Town02,mixed,20,132,6.6,117.93017578125,187.6062774658203,0.22167770564556122,-179.97372436523438,6.984891830066211e-09,499.49803358058756,1.3983822478535569e-09,1.52587890625e-05,2.663161087212984e-07,3.2958996912055896e-06,0.42737340114543926,0.12029868364334106,0.31397074460983276,0.47371557354927063,0.0,0.43677982687950134,0.04331577196717262,0.5765063762664795,0.28000229597091675,0.2971097230911255,1.9954211711883545,0.9274032|0.0725969|0.0000000|0.0000000|0.0000000|0.0000000|0.0000000|0.0000000|0.0000000|0.0000000,0,0.9274031519889832,2.5204269982365566,0,0,0,0,0,
cross_town,Town02,mixed,20,133,6.65,117.93017578125,187.6062774658203,0.22167770564556122,-179.97372436523438,6.984891830066211e-09,499.49803358058756,1.3983822478535569e-09,1.52587890625e-05,2.663161087212984e-07,3.982546032266464e-06,0.4156696050094348,0.13215503096580505,0.5082207322120667,0.003408989170566201,0.0,0.5082207322120667,0.003408989170566201,0.7334531545639038,0.24640214443206787,0.5066513419151306,2.3819315433502197,0.6509446|0.3222383|0.0268172|0.0000000|0.0000000|0.0000000|0.0000000|0.0000000|0.0000000|0.0000000,0,0.6509445905685425,2.4988524209764735,0,0,0,0,0,
cross_town,Town02,mixed,20,134,6.7,117.93017578125,187.6062774658203,0.22167770564556122,-179.97372436523438,6.984891830066211e-09,499.49803358058756,1.3983822478535569e-09,1.52587890625e-05,2.663161087212984e-07,4.669189775486781e-06,0.3814330301130843,0.04597267508506775,0.7747185826301575,-0.31586384773254395,0.0,0.5882207155227661,-0.07659100741147995,1.0,0.3793025314807892,6.934464931488037,2.0866804122924805,1.0000000|0.0000000|0.0000000|0.0000000|0.0000000|0.0000000|0.0000000|0.0000000|0.0000000|0.0000000,0,1.0,2.4746188731387013,0,0,0,0,0,
cross_town,Town02,mixed,20,135,6.75,117.93017578125,187.6062774658203,0.22167770564556122,-179.97372436523438,6.984891830066211e-09,499.49803358058756,1.3983822478535569e-09,1.52587890625e-05,2.663161087212984e-07,5.355834873929477e-06,0.3862012524112593,0.08875653147697449,0.211279034614563,0.7048162221908569,0.0,0.5082207322120667,0.003408992663025856,0.9338178634643555,0.27222907543182373,0.8894883394241333,1.9117411375045776,1.0000000|0.0000000|0.0000000|0.0000000|0.0000000|0.0000000|0.0000000|0.0000000|0.0000000|0.0000000,0,1.0,2.447216714527983,0,0,0,0,0,
cross_town,Town02,mixed,20,136,6.8,117.93017578125,187.6062774658203,0.22167770564556122,-179.97372436523438,6.984891830066211e-09,499.49803358058756,1.3983822478535569e-09,1.52587890625e-05,2.663161087212984e-07,2.746587035791944e-07,0.4382881276590125,0.1616213619709015,0.3624047040939331,0.3473072350025177,0.0,0.4282207190990448,0.08340898901224136,0.39405426383018494,0.2803697884082794,0.112054742872715,2.192559242248535,0.9239706|0.0760294|0.0000000|0.0000000|0.0000000|0.0000000|0.0000000|0.0000000|0.0000000|0.0000000,0,0.923970639705658,2.417217642549527,0,0,0,0,0,
cross_town,Town02,mixed,20,137,6.85,117.93017578125,187.6062774658203,0.22167770564556122,-179.97372436523438,6.984891830066211e-09,499.49803358058756,1.3983822478535569e-09,1.52587890625e-05,2.663161087212984e-07,9.613045793580266e-07,0.3996787237499098,0.14475968480110168,0.5334327816963196,-0.11981384456157684,0.0,0.5082207322120667,0.0034089889377355576,0.7608399391174316,0.2422603964805603,0.54706209897995,2.410794734954834,0.6469766|0.3292880|0.0237353|0.0000000|0.0000000|0.0000000|0.0000000|0.0000000|0.0000000|0.0000000,0,0.6469766497612,2.3857806004714925,0,0,0,0,0,
cross_town,Town02,mixed,20,138,6.9,117.93017578125,187.6062774658203,0.22167770564556122,-179.97372436523438,6.984891830066211e-09,499.49803358058756,1.3983822478535569e-09,1.52587890625e-05,2.663161087212984e-07,1.6479508877907944e-06,0.43814492638580055,0.12017461657524109,0.4948320984840393,0.241496279835701,0.0,0.4948320984840393,0.08340898901224136,0.3564479649066925,0.2410692572593689,0.11122708022594452,2.2513062953948975,0.6552182|0.3190830|0.0256989|0.0000000|0.0000000|0.0000000|0.0000000|0.0000000|0.0000000|0.0000000,0,0.6552181839942932,2.354111182825972,0,0,0,0,0,
cross_town,Town02,mixed,20,139,6.95,117.93017578125,187.6062774658203,0.22167770564556122,-179.97372436523438,6.984891830066211e-09,499.49803358058756,1.3983822478535569e-09,1.52587890625e-05,2.663161087212984e-07,2.3345959453639697e-06,0.3717744756589009,0.10224509239196777,0.8549323081970215,-0.5208389163017273,0.0,0.5748320817947388,0.0034089889377355576,1.0,0.3793025314807892,4.897322654724121,2.205836296081543,1.0000000|0.0000000|0.0000000|0.0000000|0.0000000|0.0000000|0.0000000|0.0000000|0.0000000|0.0000000,0,1.0,2.3232686826762503,0,0,0,0,0,
cross_town,Town02,mixed,20,140,7.0,117.93017578125,187.6062774658203,0.22167770564556122,-179.97372436523438,6.984891830066211e-09,499.49803358058756,1.3983822478535569e-09,1.52587890625e-05,2.663161087212984e-07,3.021241150798846e-06,0.43119160645217997,0.13508734107017517,0.4601525664329529,0.12491035461425781,0.0,0.4948320686817169,0.08340898901224136,0.38525891304016113,0.23470163345336914,0.1484769582748413,1.913326621055603,0.6856251|0.3143749|0.0000000|0.0000000|0.0000000|0.0000000|0.0000000|0.0000000|0.0000000|0.0000000,0,0.6856250762939453,2.2931285663906062,0,0,0,0,0,
cross_town,Town02,mixed,20,141,7.05,117.93017578125,187.6062774658203,0.22167770564556122,-179.97372436523438,6.984891830066211e-09,499.49803358058756,1.3983822478535569e-09,1.52587890625e-05,2.663161087212984e-07,3.7078870120694677e-06,0.4201680830141073,0.19332578778266907,0.6179971694946289,-0.2748660445213318,0.0,0.5748320817947388,0.0034089889377355576,0.4745146334171295,0.23742538690567017,0.23706713318824768,2.2305870056152344,0.6701944|0.3030476|0.0267580|0.0000000|0.0000000|0.0000000|0.0000000|0.0000000|0.0000000|0.0000000,0,0.6701943874359131,2.2641830740694884,0,0,0,0,0,
cross_town,Town02,mixed,20,142,7.1,117.93017578125,187.6062774658203,0.22167770564556122,-179.97372436523438,6.984891830066211e-09,499.49803358058756,1.3983822478535569e-09,1.52587890625e-05,2.663161087212984e-07,4.394532210174623e-06,0.4269480203466615,0.14520806074142456,0.5226584672927856,0.10889126360416412,0.0,0.5226584672927856,0.08340898901224136,0.3853342533111572,0.23601487278938293,0.14724323153495789,1.9019522666931152,0.6720086|0.3043040|0.0236874|0.0000000|0.0000000|0.0000000|0.0000000|0.0000000|0.0000000|0.0000000,0,0.6720086336135864,2.2355261302800513,0,0,0,0,0,
cross_town,Town02,mixed,20,143,7.15,117.93017578125,187.6062774658203,0.22167770564556122,-179.97372436523438,6.984891830066211e-09,499.49803358058756,1.3983822478535569e-09,1.52587890625e-05,2.663161087212984e-07,5.081177135926225e-06,0.38997766920765226,0.25078457593917847,0.5834359526634216,-0.3353337347507477,0.0,0.5834359526634216,0.0034089889377355576,0.7332578301429749,0.2804517447948456,0.47235193848609924,2.4068267345428467,0.9232051|0.0767949|0.0000000|0.0000000|0.0000000|0.0000000|0.0000000|0.0000000|0.0000000|0.0000000,0,0.9232050776481628,2.207109898398385,0,0,0,0,0,
cross_town,Town02,mixed,20,144,7.2,117.93017578125,187.6062774658203,0.22167770564556122,-179.97372436523438,6.984891830066211e-09,499.49803358058756,1.3983822478535569e-09,1.52587890625e-05,2.663161087212984e-07,0.0,0.3610901955968741,0.004067748785018921,0.9888323545455933,0.5861815214157104,0.0,0.6634359359741211,0.08340898901224136,0.9999560117721558,0.800000011920929,2.2080366611480713,0.7844006419181824,1.0000000|0.0000000|0.0000000|0.0000000|0.0000000|0.0000000|0.0000000|0.0000000|0.0000000|0.0000000,0,1.0,2.1785313141037026,0,0,0,0,0,
cross_town,Town02,mixed,20,145,7.25,117.93017578125,187.6062774658203,0.22167770564556122,-179.97372436523438,6.984891830066211e-09,499.49803358058756,1.3983822478535569e-09,1.52587890625e-05,2.663161087212984e-07,6.866461394400746e-07,0.4139029677942491,0.5407724380493164,0.8383525609970093,-0.7218246459960938,0.0,0.7434359192848206,0.0034089889377355576,0.4492530822753906,0.23280730843544006,0.21627041697502136,0.6710526943206787,0.6776386|0.2984380|0.0239234|0.0000000|0.0000000|0.0000000|0.0000000|0.0000000|0.0000000|0.0000000,0,0.677638590335846,2.1496093622344388,0,0,0,0,0,
cross_town,Town02,mixed,20,146,7.3,117.93017578125,187.6062774658203,0.22167770564556122,-179.97372436523438,6.984891830066211e-09,499.49803358058756,1.3983822478535569e-09,1.52587890625e-05,2.663161087212984e-07,1.3732923780616017e-06,0.3950340910231984,0.2613680362701416,0.7142912149429321,0.29513025283813477,0.0,0.7142912149429321,0.08340898901224136,0.6149665117263794,0.21439966559410095,0.40265974402427673,1.1823118925094604,0.9675594|0.0324406|0.0000000|0.0000000|0.0000000|0.0000000|0.0000000|0.0000000|0.0000000|0.0000000,0,0.9675593972206116,2.1203276992908946,0,0,0,0,0,
cross_town,Town02,mixed,20,147,7.35,117.93017578125,187.6062774658203,0.22167770564556122,-179.97372436523438,6.984891830066211e-09,499.49803358058756,1.3983822478535569e-09,1.52587890625e-05,2.663161087212984e-07,2.0599379685137175e-06,0.3974725001085403,0.5164821743965149,0.9447320699691772,-0.942432701587677,0.0,0.7942911982536316,0.0034089889377355576,0.5672050714492798,0.23054619133472443,0.3370680809020996,-0.7056255340576172,0.6836010|0.2923156|0.0240835|0.0000000|0.0000000|0.0000000|0.0000000|0.0000000|0.0000000|0.0000000,0,0.6836009621620178,2.090794893370629,0,0,0,0,0,
cross_town,Town02,mixed,20,148,7.4,117.93017578125,187.6062774658203,0.22167770564556122,-179.97372436523438,6.984891830066211e-09,499.49803358058756,1.3983822478535569e-09,1.52587890625e-05,2.663161087212984e-07,2.7465827831077295e-06,0.3965089718123294,0.128688246011734,0.6595965623855591,0.8746277093887329,0.0,0.7142912149429321,0.08340898901224136,0.553063690662384,0.27222907543182373,0.2810352146625519,2.1218011379241943,1.0000000|0.0000000|0.0000000|0.0000000|0.0000000|0.0000000|0.0000000|0.0000000|0.0000000|0.0000000,0,1.0,2.061510907483184,0,0,0,0,0,
cross_town,Town02,mixed,20,149,7.45,117.93017578125,187.6062774658203,0.22167770564556122,-179.97372436523438,6.984891830066211e-09,499.49803358058756,1.3983822478535569e-09,1.52587890625e-05,2.663161087212984e-07,3.433228702257904e-06,0.4013506114904207,0.5397871136665344,0.946614146232605,-0.9460057616233826,0.0,0.7942911982536316,0.0034089889377355576,0.4804733991622925,0.22896142303943634,0.25150203704833984,-0.6731714010238647,0.6787475|0.2975442|0.0237083|0.0000000|0.0000000|0.0000000|0.0000000|0.0000000|0.0000000|0.0000000,0,0.6787474751472473,2.031804418018301,0,0,0,0,0,
cross_town,Town02,mixed,20,150,7.5,117.93017578125,187.6062774658203,0.22167770564556122,-179.97372436523438,6.984891830066211e-09,499.49803358058756,1.3983822478535569e-09,1.52587890625e-05,2.663161087212984e-07,4.119875050755888e-06,0.3616400716000551,0.1374567449092865,0.853275716304779,0.6940963268280029,0.0,0.853275716304779,0.08340898901224136,0.8530107140541077,0.2273332178592682,0.7122699022293091,2.509265422821045,0.6871325|0.2904228|0.0224447|0.0000000|0.0000000|0.0000000|0.0000000|0.0000000|0.0000000|0.0000000,0,0.6871324777603149,2.0024043341005204,0,0,0,0,0,
cross_town,Town02,mixed,20,151,7.55,117.93017578125,187.6062774658203,0.22167770564556122,-179.97372436523438,6.984891830066211e-09,499.49803358058756,1.3983822478535569e-09,1.52587890625e-05,2.663161087212984e-07,4.806518945688233e-06,0.35931628039313934,0.9680166244506836,0.04330724477767944,-0.5725875496864319,0.0,0.7732757329940796,0.0034089889377355576,0.8512953519821167,0.22629745304584503,0.709901750087738,0.05528026819229126,0.6937758|0.2805279|0.0256963|0.0000000|0.0000000|0.0000000|0.0000000|0.0000000|0.0000000|0.0000000,0,0.6937758326530457,1.9735002047262387,0,0,0,0,0,
cross_town,Town02,mixed,20,152,7.6,117.93017578125,187.6062774658203,0.22167770564556122,-179.97372436523438,6.984891830066211e-09,499.49803358058756,1.3983822478535569e-09,1.52587890625e-05,2.663161087212984e-07,5.493163944261957e-06,0.3645488478017822,0.14996731281280518,0.8502089977264404,0.6482337713241577,0.0,0.8502089977264404,0.08340898901224136,0.773635745048523,0.22483323514461517,0.582405686378479,2.4462780952453613,0.6964782|0.2811316|0.0223902|0.0000000|0.0000000|0.0000000|0.0000000|0.0000000|0.0000000|0.0000000,0,0.6964781880378723,1.9444637958567663,0,0,0,0,0,
cross_town,Town02,mixed,20,153,7.65,117.93017578125,187.6062774658203,0.22167770564556122,-179.97372436523438,6.984891830066211e-09,499.49803358058756,1.3983822478535569e-09,1.52587890625e-05,2.663161087212984e-07,4.1198782835752327e-07,0.35394785771998516,0.9682743549346924,0.06370753049850464,-0.5376074314117432,0.0,0.770209014415741,0.0034089889377355576,0.8539417386054993,0.2208665907382965,0.7205977439880371,0.13185060024261475,0.7055201|0.2944799|0.0000000|0.0000000|0.0000000|0.0000000|0.0000000|0.0000000|0.0000000|0.0000000,0,0.7055200934410095,1.915749246489115,0,0,0,0,0,
cross_town,Town02,mixed,20,154,7.7,117.93017578125,187.6062774658203,0.22167770564556122,-179.97372436523438,6.984891830066211e-09,499.49803358058756,1.3983822478535569e-09,1.52587890625e-05,2.663161087212984e-07,1.0986339915705395e-06,0.3653847658735268,0.14781731367111206,0.8471749424934387,0.6572354435920715,0.0,0.8471749424934387,0.08340898901224136,0.713507354259491,0.2226395606994629,0.5054804086685181,2.3748297691345215,0.7005764|0.2777615|0.0216620|0.0000000|0.0000000|0.0000000|0.0000000|0.0000000|0.0000000|0.0000000,0,0.7005764245986938,1.887241326748084,0,0,0,0,0,
cross_town,Town02,mixed,20,155,7.75,117.93017578125,187.6062774658203,0.22167770564556122,-179.97372436523438,6.984891830066211e-09,499.49803358058756,1.3983822478535569e-09,1.52587890625e-05,2.663161087212984e-07,1.7852796557828724e-06,0.33939974302837045,0.8722572922706604,0.08971726894378662,-0.2762303650379181,0.0,0.7671749591827393,0.0034089889377355576,0.9469382762908936,0.27973946928977966,0.9407051801681519,0.2688854932785034,0.9298575|0.0701424|0.0000000|0.0000000|0.0000000|0.0000000|0.0000000|0.0000000|0.0000000|0.0000000,0,0.9298574924468994,1.8589356724539938,0,0,0,0,0,
cross_town,Town02,mixed,20,156,7.8,117.93017578125,187.6062774658203,0.22167770564556122,-179.97372436523438,6.984891830066211e-09,499.49803358058756,1.3983822478535569e-09,1.52587890625e-05,2.663161087212984e-07,2.471924862211716e-06,0.34018772280672116,0.15096229314804077,0.8283444046974182,0.6155509948730469,0.0,0.8283444046974182,0.08340898901224136,0.9122969508171082,0.22108209133148193,0.8644202947616577,2.250199794769287,0.6950693|0.2851093|0.0198214|0.0000000|0.0000000|0.0000000|0.0000000|0.0000000|0.0000000|0.0000000,0,0.6950692534446716,1.8308486794053114,0,0,0,0,0,
cross_town,Town02,mixed,20,157,7.85,117.93017578125,187.6062774658203,0.22167770564556122,-179.97372436523438,6.984891830066211e-09,499.49803358058756,1.3983822478535569e-09,1.52587890625e-05,2.663161087212984e-07,3.1585701506672613e-06,0.3375996838472499,0.48554402589797974,0.5698086619377136,0.41030555963516235,0.0,0.7483444213867188,0.16340899467468262,0.9110872149467468,0.800000011920929,0.2817457318305969,0.18237650394439697,1.0000000|0.0000000|0.0000000|0.0000000|0.0000000|0.0000000|0.0000000|0.0000000|0.0000000|0.0000000,0,1.0,1.8030323379525293,0,0,0,0,0,
cross_town,Town02,mixed,20,158,7.9,117.93017578125,187.6062774658203,0.22167770564556122,-179.97372436523438,6.984891830066211e-09,499.49803358058756,1.3983822478535569e-09,1.52587890625e-05,2.663161087212984e-07,3.84521669688011e-06,0.35156285832260525,0.8776352405548096,0.40919411182403564,-0.5456396341323853,0.0,0.6683444380760193,0.08340899646282196,0.7440474033355713,0.2185516357421875,0.5482264757156372,0.2712972164154053,0.7075494|0.2709060|0.0215447|0.0000000|0.0000000|0.0000000|0.0000000|0.0000000|0.0000000|0.0000000,0,0.7075493931770325,1.7755441081629217,0,0,0,0,0,
cross_town,Town02,mixed,20,159,7.95,117.93017578125,187.6062774658203,0.22167770564556122,-179.97372436523438,6.984891830066211e-09,499.49803358058756,1.3983822478535569e-09,1.52587890625e-05,2.663161087212984e-07,4.531860776082671e-06,0.35892210948343684,0.5307385325431824,0.8950084447860718,-0.7416061162948608,0.0,0.7483444213867188,0.0034089963883161545,0.642746090888977,0.2174820899963379,0.42934364080429077,0.2860156297683716,0.7135159|0.2623889|0.0240952|0.0000000|0.0000000|0.0000000|0.0000000|0.0000000|0.0000000|0.0000000,0,0.7135158777236938,1.7484647845725767,0,0,0,0,0,
cross_town,Town02,mixed,20,160,8.0,117.93017578125,187.6062774658203,0.22167770564556122,-179.97372436523438,6.984891830066211e-09,499.49803358058756,1.3983822478535569e-09,1.52587890625e-05,2.663161087212984e-07,5.218506127121728e-06,0.352747979506478,0.2301313877105713,0.7882511019706726,0.3700622320175171,0.0,0.7882511019706726,0.08340899646282196,0.6764922142028809,0.2156667709350586,0.4687577188014984,1.3247953653335571,0.7194911|0.2607896|0.0197193|0.0000000|0.0000000|0.0000000|0.0000000|0.0000000|0.0000000|0.0000000,0,0.7194910645484924,1.7215679685720946,0,0,0,0,0,
cross_town,Town02,mixed,20,161,8.05,117.93017578125,187.6062774658203,0.22167770564556122,-179.97372436523438,6.984891830066211e-09,499.49803358058756,1.3983822478535569e-09,1.52587890625e-05,2.663161087212984e-07,1.3732936743461632e-07,0.3859622433462673,0.8502120971679688,0.6112401485443115,-0.5506540536880493,0.0,0.7082511186599731,0.0034089963883161545,0.3160941004753113,0.21463724970817566,0.09241770207881927,-0.16153037548065186,0.7228304|0.2564965|0.0206732|0.0000000|0.0000000|0.0000000|0.0000000|0.0000000|0.0000000|0.0000000,0,0.7228304147720337,1.6957057306761238,0,0,0,0,0,
cross_town,Town02,mixed,20,162,8.1,117.93017578125,187.6062774658203,0.22167770564556122,-179.97372436523438,6.984891830066211e-09,499.49803358058756,1.3983822478535569e-09,1.52587890625e-05,2.663161087212984e-07,8.239752710825571e-07,0.3814978509993045,0.3593127727508545,0.7498236894607544,-0.05160076171159744,0.0,0.7498236894607544,-0.05160076171159744,0.3727317452430725,0.21449901163578033,0.15537211298942566,-0.11961638927459717,0.7138223|0.2659389|0.0202389|0.0000000|0.0000000|0.0000000|0.0000000|0.0000000|0.0000000|0.0000000,0,0.7138223052024841,1.6706680369096343,0,0,0,0,0,
cross_town,Town02,mixed,20,163,8.15,117.93017578125,187.6062774658203,0.22167770564556122,-179.97372436523438,6.984891830066211e-09,499.49803358058756,1.3983822478535569e-09,1.52587890625e-05,2.663161087212984e-07,1.5106214471441252e-06,0.35048921565201346,0.05277901887893677,0.7809919118881226,0.5788363218307495,0.0,0.7809919118881226,0.028399238362908363,0.6136226058006287,0.20929637551307678,0.4063449501991272,0.8377785086631775,0.7398080|0.2601920|0.0000000|0.0000000|0.0000000|0.0000000|0.0000000|0.0000000|0.0000000|0.0000000,0,0.7398079633712769,1.6458546288938505,0,0,0,0,0,
cross_town,Town02,mixed,20,164,8.2,117.93017578125,187.6062774658203,0.22167770564556122,-179.97372436523438,6.984891830066211e-09,499.49803358058756,1.3983822478535569e-09,1.52587890625e-05,2.663161087212984e-07,2.197266610490706e-06,0.35784078661373564,0.775648832321167,0.5899307727813721,-0.15778672695159912,0.0,0.7009919285774231,-0.05160076171159744,0.511215090751648,0.2813674807548523,0.22984954714775085,1.4330840110778809,0.9146531|0.0853470|0.0000000|0.0000000|0.0000000|0.0000000|0.0000000|0.0000000|0.0000000|0.0000000,0,0.9146530628204346,1.6220263034959375,0,0,0,0,0,
cross_town,Town02,mixed,20,165,8.25,117.93017578125,187.6062774658203,0.22167770564556122,-179.97372436523438,6.984891830066211e-09,499.49803358058756,1.3983822478535569e-09,1.52587890625e-05,2.663161087212984e-07,2.8839119740036372e-06,0.33599788752323484,0.04768705368041992,0.72589111328125,0.6230815649032593,0.0,0.72589111328125,0.028399238362908363,0.700596272945404,0.20814350247383118,0.5043912529945374,0.8700027465820312,0.7338654|0.2661346|0.0000000|0.0000000|0.0000000|0.0000000|0.0000000|0.0000000|0.0000000|0.0000000,0,0.7338653802871704,1.5991763707129796,0,0,0,0,0,
cross_town,Town02,mixed,20,166,8.3,117.93017578125,187.6062774658203,0.22167770564556122,-179.97372436523438,6.984891830066211e-09,499.49803358058756,1.3983822478535569e-09,1.52587890625e-05,2.663161087212984e-07,3.5705578660040543e-06,0.3659774082044171,0.6567617058753967,0.7216510772705078,-0.6094460487365723,0.0,0.7216510772705078,-0.05160076171159744,0.3716377019882202,0.2103554606437683,0.15834519267082214,-0.6022869348526001,0.7230454|0.2576735|0.0192811|0.0000000|0.0000000|0.0000000|0.0000000|0.0000000|0.0000000|0.0000000,0,0.7230454087257385,1.5774542180975393,0,0,0,0,0,
cross_town,Town02,mixed,20,167,8.35,117.93017578125,187.6062774658203,0.22167770564556122,-179.97372436523438,6.984891830066211e-09,499.49803358058756,1.3983822478535569e-09,1.52587890625e-05,2.663161087212984e-07,4.2572029052051035e-06,0.32446416129586736,0.05071228742599487,0.7707804441452026,0.577610433101654,0.0,0.7707804441452026,0.028399238362908363,0.7575244903564453,0.2100474089384079,0.5747413039207458,0.7228597402572632,0.7182458|0.2620436|0.0197106|0.0000000|0.0000000|0.0000000|0.0000000|0.0000000|0.0000000|0.0000000,0,0.718245804309845,1.5570048385333712,0,0,0,0,0,
cross_town,Town02,mixed,20,168,8.4,117.93017578125,187.6062774658203,0.22167770564556122,-179.97372436523438,6.984891830066211e-09,499.49803358058756,1.3983822478535569e-09,1.52587890625e-05,2.663161087212984e-07,4.943847764785253e-06,0.31738659476321035,0.40061724185943604,0.8328163027763367,0.17693333327770233,0.0,0.8328163027763367,0.10839923471212387,0.7990229725837708,0.20928440988063812,0.6357653141021729,1.1456120014190674,0.7184258|0.2616977|0.0198765|0.0000000|0.0000000|0.0000000|0.0000000|0.0000000|0.0000000|0.0000000,0,0.7184258103370667,1.5380342693327937,0,0,0,0,0,
cross_town,Town02,mixed,20,169,8.45,117.93017578125,187.6062774658203,0.22167770564556122,-179.97372436523438,6.984891830066211e-09,499.49803358058756,1.3983822478535569e-09,1.52587890625e-05,2.663161087212984e-07,5.630493168281037e-06,0.3277209995807539,0.9915540218353271,0.03151524066925049,-0.38154637813568115,0.0,0.7528163194656372,0.028399234637618065,0.666415274143219,0.20725953578948975,0.4657444953918457,-0.5168664455413818,0.7330535|0.2464609|0.0204856|0.0000000|0.0000000|0.0000000|0.0000000|0.0000000|0.0000000|0.0000000,0,0.7330535054206848,1.5207644513142655,0,0,0,0,0,
cross_town,Town02,mixed,20,170,8.5,117.93017578125,187.6062774658203,0.22167770564556122,-179.97372436523438,6.984891830066211e-09,499.49803358058756,1.3983822478535569e-09,1.52587890625e-05,2.663161087212984e-07,5.493169235909247e-07,0.34751502232942694,0.5932646989822388,0.7827131152153015,-0.3523775339126587,0.0,0.7827131152153015,-0.05160076543688774,0.4392798840999603,0.20326608419418335,0.23571264743804932,0.011688232421875,0.7443928|0.2556072|0.0000000|0.0000000|0.0000000|0.0000000|0.0000000|0.0000000|0.0000000|0.0000000,0,0.7443928122520447,1.505473112233691,0,0,0,0,0,
cross_town,Town02,mixed,20,171,8.55,117.93017578125,187.6062774658203,0.22167770564556122,-179.97372436523438,6.984891830066211e-09,499.49803358058756,1.3983822478535569e-09,1.52587890625e-05,2.663161087212984e-07,1.235962974740867e-06,0.3246851241358322,0.06724941730499268,0.7597556710243225,0.7225887775421143,0.0,0.7597556710243225,0.028399234637618065,0.6385118961334229,0.20579737424850464,0.4364303648471832,1.477479338645935,0.7340648|0.2443745|0.0215607|0.0000000|0.0000000|0.0000000|0.0000000|0.0000000|0.0000000|0.0000000,0,0.7340647578239441,1.492058695449266,0,0,0,0,0,
cross_town,Town02,mixed,20,172,8.6,117.93017578125,187.6062774658203,0.22167770564556122,-179.97372436523438,6.984891830066211e-09,499.49803358058756,1.3983822478535569e-09,1.52587890625e-05,2.663161087212984e-07,1.92260864989365e-06,0.2860957467842844,0.8452309966087341,0.3762456774711609,-0.2790437936782837,0.0,0.679755687713623,-0.05160076543688774,0.9955354928970337,0.27222907543182373,1.5795503854751587,1.205003023147583,1.0000000|0.0000000|0.0000000|0.0000000|0.0000000|0.0000000|0.0000000|0.0000000|0.0000000|0.0000000,0,1.0,1.4820392282155157,0,0,0,0,0,
cross_town,Town02,mixed,20,173,8.65,117.93017578125,187.6062774658203,0.22167770564556122,-179.97372436523438,6.984891830066211e-09,499.49803358058756,1.3983822478535569e-09,1.52587890625e-05,2.663161087212984e-07,2.609253889629581e-06,0.3003875899675271,0.08428698778152466,0.5061911344528198,0.6944262385368347,0.0,0.5997557044029236,0.028399234637618065,0.8240200281143188,0.28028762340545654,0.6056684851646423,1.4648888111114502,0.9247382|0.0752618|0.0000000|0.0000000|0.0000000|0.0000000|0.0000000|0.0000000|0.0000000|0.0000000,0,0.9247381687164307,1.4749669695873133,0,0,0,0,0,
cross_town,Town02,mixed,20,174,8.7,117.93017578125,187.6062774658203,0.22167770564556122,-179.97372436523438,6.984891830066211e-09,499.49803358058756,1.3983822478535569e-09,1.52587890625e-05,2.663161087212984e-07,3.2958996465580578e-06,0.3496316144026277,0.26839888095855713,0.5861496925354004,-0.23773227632045746,0.0,0.5861496925354004,-0.05160076543688774,0.3044062852859497,0.19941648840904236,0.09398289024829865,1.3325867652893066,0.7545525|0.2454474|0.0000000|0.0000000|0.0000000|0.0000000|0.0000000|0.0000000|0.0000000|0.0000000,0,0.7545525431632996,1.6313064501118693,0,0,0,0,0,
cross_town,Town02,mixed,20,175,8.75,117.93017578125,187.6062774658203,0.22167770564556122,-179.97372436523438,6.984891830066211e-09,499.49803358058756,1.3983822478535569e-09,1.52587890625e-05,2.663161087212984e-07,3.982546122154712e-06,0.3361234343373464,0.08033403754234314,0.35873788595199585,0.6079996824264526,0.0,0.5061497092247009,0.028399234637618065,0.41809457540512085,0.20336419343948364,0.21398572623729706,1.726966142654419,0.7283419|0.2525307|0.0191274|0.0000000|0.0000000|0.0000000|0.0000000|0.0000000|0.0000000|0.0000000,0,0.7283419370651245,2.279343644741291,0,0,0,0,0,
cross_town,Town02,mixed,20,176,8.8,117.93017578125,187.6062774658203,0.22167770564556122,-179.97372436523438,6.984891830066211e-09,499.49803358058756,1.3983822478535569e-09,1.52587890625e-05,2.663161087212984e-07,4.669189900503248e-06,0.28438474716706375,0.18167966604232788,0.6783139109611511,0.018280083313584328,0.0,0.5861496925354004,0.018280083313584328,0.9974393844604492,0.2018527388572693,1.7893871068954468,1.9459543228149414,0.7378432|0.2438857|0.0182710|0.0000000|0.0000000|0.0000000|0.0000000|0.0000000|0.0000000|0.0000000,0,0.7378432154655457,4.027412126523833,0,0,0,0,0,
cross_town,Town02,mixed,20,177,8.85,117.93017578125,187.6062774658203,0.22167770564556122,-179.97372436523438,6.984891830066211e-09,499.49803358058756,1.3983822478535569e-09,1.52587890625e-05,2.663161087212984e-07,5.3558348555036995e-06,0.3172939810199008,0.22022190690040588,0.7681622505187988,-0.3462715148925781,0.0,0.6661496758460999,-0.06171991676092148,0.5870338678359985,0.1792803704738617,0.408648818731308,1.2826249599456787,0.9732105|0.0267895|0.0000000|0.0000000|0.0000000|0.0000000|0.0000000|0.0000000|0.0000000|0.0000000,0,0.9732104539871216,8.382165024539514,0,0,0,0,0,
cross_town,Town02,mixed,20,178,8.9,117.93017578125,187.6062774658203,0.22167770564556122,-179.97372436523438,6.984891830066211e-09,499.49803358058756,1.3983822478535569e-09,1.52587890625e-05,2.663161087212984e-07,2.746586679726511e-07,0.3166569413001857,0.06855344772338867,0.8906461596488953,0.45640507340431213,0.0,0.7461496591567993,0.018280083313584328,0.5931486487388611,0.17915675044059753,0.4150925576686859,0.584667444229126,0.9729741|0.0270259|0.0000000|0.0000000|0.0000000|0.0000000|0.0000000|0.0000000|0.0000000|0.0000000,0,0.9729740619659424,8.366699310099838,0,0,0,0,0,
cross_town,Town02,mixed,20,179,8.95,117.93017578125,187.6062774658203,0.22167770564556122,-179.97372436523438,6.984891830066211e-09,499.49803358058756,1.3983822478535569e-09,1.52587890625e-05,2.663161087212984e-07,9.61304432745362e-07,0.3434501471132041,0.4853397607803345,0.8838569521903992,-0.07008789479732513,0.0,0.8261496424674988,-0.06171991676092148,0.32546913623809814,0.20194260776042938,0.1158699169754982,0.4051778316497803,0.7368047|0.2408590|0.0223363|0.0000000|0.0000000|0.0000000|0.0000000|0.0000000|0.0000000|0.0000000,0,0.736804723739624,8.398422866746412,0,0,0,0,0,
cross_town,Town02,mixed,20,180,9.0,117.93017578125,187.6062774658203,0.22167770564556122,-179.97372436523438,6.984891830066211e-09,499.49803358058756,1.3983822478535569e-09,1.52587890625e-05,2.663161087212984e-07,1.6479505669907441e-06,0.3384744937954631,0.0919765830039978,0.6607726812362671,0.5969686508178711,0.0,0.7461496591567993,0.018280083313584328,0.3755205571651459,0.20092451572418213,0.1719241589307785,2.1399130821228027,0.7428775|0.2387542|0.0183684|0.0000000|0.0000000|0.0000000|0.0000000|0.0000000|0.0000000|0.0000000,0,0.7428774833679199,8.460251462508204,0,0,0,0,0,
cross_town,Town02,mixed,20,181,9.05,117.93017578125,187.6062774658203,0.22167770564556122,-179.97372436523438,6.984891830066211e-09,499.49803358058756,1.3983822478535569e-09,1.52587890625e-05,2.663161087212984e-07,2.334595837310154e-06,0.2874830199764056,0.781937301158905,0.491067111492157,-0.25264686346054077,0.0,0.6661496758460999,-0.06171991676092148,0.8857064247131348,0.27222907543182373,0.7396747469902039,1.0864031314849854,1.0000000|0.0000000|0.0000000|0.0000000|0.0000000|0.0000000|0.0000000|0.0000000|0.0000000|0.0000000,0,1.0,8.531629029009316,0,0,0,0,0,
cross_town,Town02,mixed,20,182,9.1,117.93017578125,187.6062774658203,0.22167770564556122,-179.97372436523438,6.984891830066211e-09,499.49803358058756,1.3983822478535569e-09,1.52587890625e-05,2.663161087212984e-07,3.021241175200522e-06,0.2973298991949893,0.06662145256996155,0.799959659576416,0.5956895351409912,0.0,0.7461496591567993,0.018280083313584328,0.7874611020088196,0.20139731466770172,0.6260249614715576,0.8574352264404297,0.7379705|0.2438856|0.0181439|0.0000000|0.0000000|0.0000000|0.0000000|0.0000000|0.0000000|0.0000000,0,0.7379704713821411,8.589683668307897,0,0,0,0,0,
cross_town,Town02,mixed,20,183,9.15,117.93017578125,187.6062774658203,0.22167770564556122,-179.97372436523438,6.984891830066211e-09,499.49803358058756,1.3983822478535569e-09,1.52587890625e-05,2.663161087212984e-07,3.7078869348938022e-06,0.3395995048309533,0.49242961406707764,0.8882508277893066,-0.08786669373512268,0.0,0.8261496424674988,-0.06171991676092148,0.3649386167526245,0.20177684724330902,0.15972502529621124,0.40030479431152344,0.7357262|0.2446996|0.0195743|0.0000000|0.0000000|0.0000000|0.0000000|0.0000000|0.0000000|0.0000000,0,0.7357261776924133,8.61174466741545,0,0,0,0,0,
cross_town,Town02,mixed,20,184,9.2,117.93017578125,187.6062774658203,0.22167770564556122,-179.97372436523438,6.984891830066211e-09,499.49803358058756,1.3983822478535569e-09,1.52587890625e-05,2.663161087212984e-07,4.394532003038669e-06,0.3402335298957986,0.09088945388793945,0.6520472764968872,0.631600022315979,0.0,0.7461496591567993,0.018280083313584328,0.35872817039489746,0.2015617936849594,0.15321609377861023,2.1690871715545654,0.7371778|0.2439564|0.0188658|0.0000000|0.0000000|0.0000000|0.0000000|0.0000000|0.0000000|0.0000000,0,0.7371777892112732,8.58074813851501,0,0,0,0,0,
cross_town,Town02,mixed,20,185,9.25,117.93017578125,187.6062774658203,0.22167770564556122,-179.97372436523438,6.984891830066211e-09,499.49803358058756,1.3983822478535569e-09,1.52587890625e-05,2.663161087212984e-07,5.0811770668532055e-06,0.3335173952455047,0.4662557542324066,0.8995264768600464,-0.06488604843616486,0.0,0.8261496424674988,-0.06171991676092148,0.4259839951992035,0.20130515098571777,0.22413095831871033,0.406876802444458,0.7417089|0.2376771|0.0206139|0.0000000|0.0000000|0.0000000|0.0000000|0.0000000|0.0000000|0.0000000,0,0.7417089343070984,8.49409540958845,0,0,0,0,0,
cross_town,Town02,mixed,20,186,9.3,117.93017578125,187.6062774658203,0.22167770564556122,-179.97372436523438,6.984891830066211e-09,499.49803358058756,1.3983822478535569e-09,1.52587890625e-05,2.663161087212984e-07,0.0,0.33874490759960507,0.09634870290756226,0.6422497034072876,0.6017757654190063,0.0,0.7461496591567993,0.018280083313584328,0.37377339601516724,0.19793957471847534,0.17304477095603943,2.165426015853882,0.7534795|0.2465205|0.0000000|0.0000000|0.0000000|0.0000000|0.0000000|0.0000000|0.0000000|0.0000000,0,0.753479540348053,8.36368997970516,0,0,0,0,0,
cross_town,Town02,mixed,20,187,9.35,117.93017578125,187.6062774658203,0.22167770564556122,-179.97372436523438,6.984891830066211e-09,499.49803358058756,1.3983822478535569e-09,1.52587890625e-05,2.663161087212984e-07,6.866460332128101e-07,0.2761268476731233,0.18753215670585632,0.9508561491966248,-0.13657031953334808,0.0,0.8261496424674988,-0.06171991676092148,1.0,0.3793025314807892,8.050298690795898,1.0608279705047607,1.0000000|0.0000000|0.0000000|0.0000000|0.0000000|0.0000000|0.0000000|0.0000000|0.0000000|0.0000000,0,1.0,8.21029459318995,0,0,0,0,0,
cross_town,Town02,mixed,20,188,9.4,117.93017578125,187.6062774658203,0.22167770564556122,-179.97372436523438,6.984891830066211e-09,499.49803358058756,1.3983822478535569e-09,1.52587890625e-05,2.663161087212984e-07,1.373292100529508e-06,0.33965740314423487,0.0895688533782959,0.6579976081848145,0.6303499937057495,0.0,0.7461496591567993,0.018280083313584328,0.36472517251968384,0.20236535370349884,0.1589062362909317,2.1611340045928955,0.7300466|0.2502200|0.0197334|0.0000000|0.0000000|0.0000000|0.0000000|0.0000000|0.0000000|0.0000000,0,0.7300466299057007,8.057011710515335,0,0,0,0,0,
cross_town,Town02,mixed,20,189,9.45,117.93017578125,187.6062774658203,0.22167770564556122,-179.97372436523438,6.984891830066211e-09,499.49803358058756,1.3983822478535569e-09,1.52587890625e-05,2.663161087212984e-07,2.0599376372193722e-06,0.34293361337436074,0.497764527797699,0.886623203754425,-0.08783602714538574,0.0,0.8261496424674988,-0.06171991676092148,0.33198457956314087,0.20211797952651978,0.12307631969451904,0.40431034564971924,0.7320324|0.2487225|0.0192451|0.0000000|0.0000000|0.0000000|0.0000000|0.0000000|0.0000000|0.0000000,0,0.7320323586463928,7.924993612679887,0,0,0,0,0,
cross_town,Town02,mixed,20,190,9.5,117.93017578125,187.6062774658203,0.22167770564556122,-179.97372436523438,6.984891830066211e-09,499.49803358058756,1.3983822478535569e-09,1.52587890625e-05,2.663161087212984e-07,2.7465827918259694e-06,0.34042549820008194,0.09091973304748535,0.6472771167755127,0.6327211856842041,0.0,0.7461496591567993,0.018280083313584328,0.35707879066467285,0.2025821954011917,0.15040138363838196,2.179543972015381,0.7277390|0.2526381|0.0196229|0.0000000|0.0000000|0.0000000|0.0000000|0.0000000|0.0000000|0.0000000,0,0.7277390360832214,7.829472296276269,0,0,0,0,0,
cross_town,Town02,mixed,20,191,9.55,117.93017578125,187.6062774658203,0.22167770564556122,-179.97372436523438,6.984891830066211e-09,499.49803358058756,1.3983822478535569e-09,1.52587890625e-05,2.663161087212984e-07,3.4332286860939056e-06,0.3439639004167523,0.5011283755302429,0.8883975148200989,-0.08794538676738739,0.0,0.8261496424674988,-0.06171991676092148,0.3217024505138397,0.19862857460975647,0.11488167196512222,0.4131810665130615,0.7465326|0.2534675|0.0000000|0.0000000|0.0000000|0.0000000|0.0000000|0.0000000|0.0000000|0.0000000,0,0.7465325593948364,7.776646295138075,0,0,0,0,0,
cross_town,Town02,mixed,20,192,9.6,117.93017578125,187.6062774658203,0.22167770564556122,-179.97372436523438,6.984891830066211e-09,499.49803358058756,1.3983822478535569e-09,1.52587890625e-05,2.663161087212984e-07,4.119874836700674e-06,0.3367806784205828,0.1011911928653717,0.633816659450531,0.5848114490509033,0.0,0.7461496591567993,0.018280083313584328,0.39353927969932556,0.19812187552452087,0.19376333057880402,2.1869709491729736,0.7516739|0.2483262|0.0000000|0.0000000|0.0000000|0.0000000|0.0000000|0.0000000|0.0000000|0.0000000,0,0.7516738772392273,7.763208431271924,0,0,0,0,0,
cross_town,Town02,mixed,20,193,9.65,117.93017578125,187.6062774658203,0.22167770564556122,-179.97372436523438,6.984891830066211e-09,499.49803358058756,1.3983822478535569e-09,1.52587890625e-05,2.663161087212984e-07,4.80651884537982e-06,0.3390491242306335,0.4972263276576996,0.8869938850402832,-0.1070684939622879,0.0,0.8261496424674988,-0.06171991676092148,0.3708578944206238,0.20227579772472382,0.16558964550495148,0.4025636911392212,0.7315449|0.2481948|0.0202603|0.0000000|0.0000000|0.0000000|0.0000000|0.0000000|0.0000000|0.0000000,0,0.7315449118614197,7.778653153818311,0,0,0,0,0,
cross_town,Town02,mixed,20,194,9.7,117.93017578125,187.6062774658203,0.22167770564556122,-179.97372436523438,6.984891830066211e-09,499.49803358058756,1.3983822478535569e-09,1.52587890625e-05,2.663161087212984e-07,5.493163909912333e-06,0.33954642895843384,0.09106254577636719,0.6562854051589966,0.6169339418411255,0.0,0.7461496591567993,0.018280083313584328,0.3658856153488159,0.20188742876052856,0.16063541173934937,2.161489963531494,0.7344821|0.2461809|0.0193370|0.0000000|0.0000000|0.0000000|0.0000000|0.0000000|0.0000000|0.0000000,0,0.7344821095466614,7.80972741811391,0,0,0,0,0,
cross_town,Town02,mixed,20,195,9.75,117.93017578125,187.6062774658203,0.22167770564556122,-179.97372436523438,6.984891830066211e-09,499.49803358058756,1.3983822478535569e-09,1.52587890625e-05,2.663161087212984e-07,4.1198777250860526e-07,0.2963936476216119,0.779456615447998,0.5121049284934998,-0.26488858461380005,0.0,0.6661496758460999,-0.06171991676092148,0.7974157333374023,0.27222907543182373,0.5703259706497192,1.03671133518219,1.0000000|0.0000000|0.0000000|0.0000000|0.0000000|0.0000000|0.0000000|0.0000000|0.0000000|0.0000000,0,1.0,7.840523999548275,0,0,0,0,0,
cross_town,Town02,mixed,20,196,9.8,117.93017578125,187.6062774658203,0.22167770564556122,-179.97372436523438,6.984891830066211e-09,499.49803358058756,1.3983822478535569e-09,1.52587890625e-05,2.663161087212984e-07,1.098633777759245e-06,0.28284793114744367,0.06541094183921814,0.7977950572967529,0.607178807258606,0.0,0.7461496591567993,0.018280083313584328,0.9328736662864685,0.20283780992031097,0.9550855755805969,0.8595273494720459,0.7254838|0.2545895|0.0199268|0.0000000|0.0000000|0.0000000|0.0000000|0.0000000|0.0000000|0.0000000,0,0.725483775138855,7.854902386694672,0,0,0,0,0,
cross_town,Town02,mixed,20,197,9.85,117.93017578125,187.6062774658203,0.22167770564556122,-179.97372436523438,6.984891830066211e-09,499.49803358058756,1.3983822478535569e-09,1.52587890625e-05,2.663161087212984e-07,1.7852801695789534e-06,0.32695314507796824,0.3164914846420288,0.923835277557373,0.2214919626712799,0.0,0.8261496424674988,0.09828007966279984,0.4918223023414612,0.17363984882831573,0.31818175315856934,0.5178422927856445,1.0000000|0.0000000|0.0000000|0.0000000|0.0000000|0.0000000|0.0000000|0.0000000|0.0000000|0.0000000,0,1.0,7.8393637610664975,0,0,0,0,0,
cross_town,Town02,mixed,20,198,9.9,117.93017578125,187.6062774658203,0.22167770564556122,-179.97372436523438,6.984891830066211e-09,499.49803358058756,1.3983822478535569e-09,1.52587890625e-05,2.663161087212984e-07,2.4719248150509117e-06,0.33449889138526584,0.9319997429847717,0.41422590613365173,-0.6461961269378662,0.0,0.7461496591567993,0.01828007958829403,0.4163663685321808,0.19883877038955688,0.21673421561717987,-0.5032113790512085,0.7444052|0.2555948|0.0000000|0.0000000|0.0000000|0.0000000|0.0000000|0.0000000|0.0000000|0.0000000,0,0.744405210018158,7.786863318853891,0,0,0,0,0,
cross_town,Town02,mixed,20,199,9.95,117.93017578125,187.6062774658203,0.22167770564556122,-179.97372436523438,6.984891830066211e-09,499.49803358058756,1.3983822478535569e-09,1.52587890625e-05,2.663161087212984e-07,3.1585701738371013e-06,0.32359872475452095,0.3223589062690735,0.9240343570709229,0.1796301156282425,0.0,0.8261496424674988,0.09828007966279984,0.5253680348396301,0.1792234629392624,0.3461664021015167,0.5030872821807861,0.9728509|0.0271491|0.0000000|0.0000000|0.0000000|0.0000000|0.0000000|0.0000000|0.0000000|0.0000000,0,0.9728509187698364,7.700536771518299,0,0,0,0,0,
cross_town,Town02,mixed,20,200,10.0,117.93017578125,187.6062774658203,0.22167770564556122,-179.97372436523438,6.984891830066211e-09,499.49803358058756,1.3983822478535569e-09,1.52587890625e-05,2.663161087212984e-07,3.845216562234589e-06,0.3319568635541883,0.933373212814331,0.4148557186126709,-0.6611815094947815,0.0,0.7461496591567993,0.01828007958829403,0.44178664684295654,0.19808807969093323,0.2434334009885788,-0.4893873929977417,0.7520199|0.2479801|0.0000000|0.0000000|0.0000000|0.0000000|0.0000000|0.0000000|0.0000000|0.0000000,0,0.7520199418067932,7.59078790149822,0,0,0,0,0,
cross_town,Town02,mixed,20,201,10.05,117.93017578125,187.6062774658203,0.22167770564556122,-179.97372436523438,6.984891830066211e-09,499.49803358058756,1.3983822478535569e-09,1.52587890625e-05,2.663161087212984e-07,4.531861026220563e-06,0.32058197804518107,0.3181896209716797,0.9279085993766785,0.17743170261383057,0.0,0.8261496424674988,0.09828007966279984,0.5555362701416016,0.1786680668592453,0.3770982623100281,0.517635703086853,0.9755515|0.0244486|0.0000000|0.0000000|0.0000000|0.0000000|0.0000000|0.0000000|0.0000000|0.0000000,0,0.9755514860153198,7.472280854361975,0,0,0,0,0,
cross_town,Town02,mixed,20,202,10.1,117.93017578125,187.6062774658203,0.22167770564556122,-179.97372436523438,6.984891830066211e-09,499.49803358058756,1.3983822478535569e-09,1.52587890625e-05,2.663161087212984e-07,5.2185060646125955e-06,0.3254929418189085,0.942884087562561,0.2982521653175354,-0.5849775075912476,0.0,0.7461496591567993,0.01828007958829403,0.5064266324043274,0.2020966112613678,0.30433037877082825,-0.6014028787612915,0.7344048|0.2443773|0.0212179|0.0000000|0.0000000|0.0000000|0.0000000|0.0000000|0.0000000|0.0000000,0,0.7344048023223877,7.359995522756345,0,0,0,0,0,
cross_town,Town02,mixed,20,203,10.15,117.93017578125,187.6062774658203,0.22167770564556122,-179.97372436523438,6.984891830066211e-09,499.49803358058756,1.3983822478535569e-09,1.52587890625e-05,2.663161087212984e-07,1.3732936646490362e-07,0.2778526301009214,0.7639939785003662,0.5179263949394226,-0.23034286499023438,0.0,0.6661496758460999,-0.06171992048621178,0.982829749584198,0.27222907543182373,1.2395853996276855,1.104006290435791,1.0000000|0.0000000|0.0000000|0.0000000|0.0000000|0.0000000|0.0000000|0.0000000|0.0000000|0.0000000,0,1.0,7.266264429733629,0,0,0,0,0,
cross_town,Town02,mixed,20,204,10.2,117.93017578125,187.6062774658203,0.22167770564556122,-179.97372436523438,6.984891830066211e-09,499.49803358058756,1.3983822478535569e-09,1.52587890625e-05,2.663161087212984e-07,8.239754071982699e-07,0.2942518825156248,0.07334032654762268,0.46002763509750366,0.7330153584480286,0.0,0.5861496925354004,0.01828007958829403,0.8188372254371643,0.28021004796028137,0.5969122648239136,1.5418503284454346,0.9254630|0.0745371|0.0000000|0.0000000|0.0000000|0.0000000|0.0000000|0.0000000|0.0000000|0.0000000,0,0.9254629611968994,7.198273524171955,0,0,0,0,0,
cross_town,Town02,mixed,20,205,10.25,117.93017578125,187.6062774658203,0.22167770564556122,-179.97372436523438,6.984891830066211e-09,499.49803358058756,1.3983822478535569e-09,1.52587890625e-05,2.663161087212984e-07,1.5106211092114705e-06,0.31195601173467996,0.17306140065193176,0.6405355334281921,-0.3758028447628021,0.0,0.6405355334281921,-0.06171992048621178,0.6417959332466125,0.19858446717262268,0.4472074508666992,1.659670352935791,0.7469850|0.2530150|0.0000000|0.0000000|0.0000000|0.0000000|0.0000000|0.0000000|0.0000000|0.0000000,0,0.7469850182533264,7.157374503550696,0,0,0,0,0,
cross_town,Town02,mixed,20,206,10.3,117.93017578125,187.6062774658203,0.22167770564556122,-179.97372436523438,6.984891830066211e-09,499.49803358058756,1.3983822478535569e-09,1.52587890625e-05,2.663161087212984e-07,2.197266791682969e-06,0.2761356050593412,0.03834831714630127,0.873689591884613,0.21109214425086975,0.0,0.7205355167388916,0.01828007958829403,1.0,0.3863968551158905,38.559120178222656,1.347822904586792,0.7098764|0.2901236|0.0000000|0.0000000|0.0000000|0.0000000|0.0000000|0.0000000|0.0000000|0.0000000,0,0.7098764181137085,7.13943383011084,0,0,0,0,0,
cross_town,Town02,mixed,20,207,10.35,117.93017578125,187.6062774658203,0.22167770564556122,-179.97372436523438,6.984891830066211e-09,499.49803358058756,1.3983822478535569e-09,1.52587890625e-05,2.663161087212984e-07,2.8839119916753385e-06,0.33520158775873543,0.5414882898330688,0.893202543258667,-0.6252366304397583,0.0,0.8005355000495911,-0.06171992048621178,0.40934017300605774,0.20345447957515717,0.20487205684185028,-0.2546890377998352,0.7309248|0.2403566|0.0193849|0.0093337|0.0000000|0.0000000|0.0000000|0.0000000|0.0000000|0.0000000,0,0.7309248447418213,7.136363344721582,0,0,0,0,0,
cross_town,Town02,mixed,20,208,10.4,117.93017578125,187.6062774658203,0.22167770564556122,-179.97372436523438,6.984891830066211e-09,499.49803358058756,1.3983822478535569e-09,1.52587890625e-05,2.663161087212984e-07,3.570557925270964e-06,0.3445112670285261,0.07575675845146179,0.7499467730522156,0.5112382173538208,0.0,0.7499467730522156,0.01828007958829403,0.31624338030815125,0.17666488885879517,0.13056263327598572,1.249505639076233,0.9866491|0.0133509|0.0000000|0.0000000|0.0000000|0.0000000|0.0000000|0.0000000|0.0000000|0.0000000,0,0.9866490960121155,7.138419443108161,0,0,0,0,0,
cross_town,Town02,mixed,20,209,10.45,117.93017578125,187.6062774658203,0.22167770564556122,-179.97372436523438,6.984891830066211e-09,499.49803358058756,1.3983822478535569e-09,1.52587890625e-05,2.663161087212984e-07,4.257202851099477e-06,0.35247096570285963,0.4895488917827606,0.8745536804199219,0.006360687781125307,0.0,0.829946756362915,0.006360687781125307,0.31174153089523315,0.20064781606197357,0.1013546735048294,0.5195785760879517,0.7399025|0.2492831|0.0108144|0.0000000|0.0000000|0.0000000|0.0000000|0.0000000|0.0000000|0.0000000,0,0.7399024963378906,7.135176851089161,0,0,0,0,0,
cross_town,Town02,mixed,20,210,10.5,117.93017578125,187.6062774658203,0.22167770564556122,-179.97372436523438,6.984891830066211e-09,499.49803358058756,1.3983822478535569e-09,1.52587890625e-05,2.663161087212984e-07,4.943847743901539e-06,0.3450539230627573,0.11064186692237854,0.8212993144989014,0.7141153216362,0.0,0.8212993144989014,0.08636068552732468,0.31081682443618774,0.2042311728000641,0.0966930240392685,2.5612330436706543,0.7242280|0.2457715|0.0190400|0.0109605|0.0000000|0.0000000|0.0000000|0.0000000|0.0000000|0.0000000,0,0.7242279648780823,7.11711575917396,0,0,0,0,0,
cross_town,Town02,mixed,20,211,10.55,117.93017578125,187.6062774658203,0.22167770564556122,-179.97372436523438,6.984891830066211e-09,499.49803358058756,1.3983822478535569e-09,1.52587890625e-05,2.663161087212984e-07,5.630493165472971e-06,0.33722100504465463,0.8672977685928345,0.5011692643165588,-0.7812532186508179,0.0,0.7412993311882019,0.0063606854528188705,0.38914600014686584,0.19853222370147705,0.18874190747737885,-0.43198060989379883,0.7475151|0.2524849|0.0000000|0.0000000|0.0000000|0.0000000|0.0000000|0.0000000|0.0000000|0.0000000,0,0.747515082359314,7.077956166739041,0,0,0,0,0,
cross_town,Town02,mixed,20,212,10.6,117.93017578125,187.6062774658203,0.22167770564556122,-179.97372436523438,6.984891830066211e-09,499.49803358058756,1.3983822478535569e-09,1.52587890625e-05,2.663161087212984e-07,5.493169980901018e-07,0.3278061235768354,0.3213401436805725,0.8757452368736267,0.18708720803260803,0.0,0.8212993144989014,0.08636068552732468,0.483294814825058,0.20500794053077698,0.2782806158065796,0.8294724822044373,0.7184620|0.2495622|0.0185277|0.0134481|0.0000000|0.0000000|0.0000000|0.0000000|0.0000000|0.0000000,0,0.7184620499610901,7.016900274067599,0,0,0,0,0,
cross_town,Town02,mixed,20,213,10.65,117.93017578125,187.6062774658203,0.22167770564556122,-179.97372436523438,6.984891830066211e-09,499.49803358058756,1.3983822478535569e-09,1.52587890625e-05,2.663161087212984e-07,1.2359628976923843e-06,0.30381439872808813,0.8580804467201233,0.44389018416404724,-0.8348981738090515,0.0,0.7412993311882019,0.0063606854528188705,0.7232120633125305,0.28029751777648926,0.4598151743412018,-0.18833553791046143,0.9246458|0.0753542|0.0000000|0.0000000|0.0000000|0.0000000|0.0000000|0.0000000|0.0000000|0.0000000,0,0.9246457815170288,6.9379917593602185,0,0,0,0,0,
cross_town,Town02,mixed,20,214,10.7,117.93017578125,187.6062774658203,0.22167770564556122,-179.97372436523438,6.984891830066211e-09,499.49803358058756,1.3983822478535569e-09,1.52587890625e-05,2.663161087212984e-07,1.922609397566197e-06,0.32663059481211065,0.30008772015571594,0.8978877067565918,0.1968052089214325,0.0,0.8212993144989014,0.08636068552732468,0.4950501024723053,0.20185256004333496,0.293197363615036,0.859227180480957,0.7337678|0.2478804|0.0183519|0.0000000|0.0000000|0.0000000|0.0000000|0.0000000|0.0000000|0.0000000,0,0.7337678074836731,6.848808742799459,0,0,0,0,0,
cross_town,Town02,mixed,20,215,10.75,117.93017578125,187.6062774658203,0.22167770564556122,-179.97372436523438,6.984891830066211e-09,499.49803358058756,1.3983822478535569e-09,1.52587890625e-05,2.663161087212984e-07,2.6092538936220496e-06,0.35021634944506047,0.9096540212631226,0.48104187846183777,-0.7777027487754822,0.0,0.7412993311882019,0.0063606854528188705,0.259192556142807,0.1790705919265747,0.05838703364133835,-0.3775671720504761,0.9735944|0.0264056|0.0000000|0.0000000|0.0000000|0.0000000|0.0000000|0.0000000|0.0000000|0.0000000,0,0.9735943675041199,6.758446671145308,0,0,0,0,0,
cross_town,Town02,mixed,20,216,10.8,117.93017578125,187.6062774658203,0.22167770564556122,-179.97372436523438,6.984891830066211e-09,499.49803358058756,1.3983822478535569e-09,1.52587890625e-05,2.663161087212984e-07,3.2958997152092464e-06,0.3201985830885923,0.21616005897521973,0.8949127793312073,0.38327863812446594,0.0,0.8212993144989014,0.08636068552732468,0.559370219707489,0.18386489152908325,0.3757867217063904,0.8915553092956543,0.9510332|0.0269141|0.0220528|0.0000000|0.0000000|0.0000000|0.0000000|0.0000000|0.0000000|0.0000000,0,0.9510331749916077,6.675383299743272,0,0,0,0,0,
cross_town,Town02,mixed,20,217,10.85,117.93017578125,187.6062774658203,0.22167770564556122,-179.97372436523438,6.984891830066211e-09,499.49803358058756,1.3983822478535569e-09,1.52587890625e-05,2.663161087212984e-07,3.982546042582445e-06,0.346911107979492,0.9052138328552246,0.47833487391471863,-0.7879589796066284,0.0,0.7412993311882019,0.0063606854528188705,0.29224497079849243,0.1736399382352829,0.10523360967636108,-0.3502027988433838,1.0000000|0.0000000|0.0000000|0.0000000|0.0000000|0.0000000|0.0000000|0.0000000|0.0000000|0.0000000,0,1.0,6.605716292686307,0,0,0,0,0,
cross_town,Town02,mixed,20,218,10.9,117.93017578125,187.6062774658203,0.22167770564556122,-179.97372436523438,6.984891830066211e-09,499.49803358058756,1.3983822478535569e-09,1.52587890625e-05,2.663161087212984e-07,4.6691899797728145e-06,0.32747732349462866,0.3123512268066406,0.889952540397644,0.18829940259456635,0.0,0.8212993144989014,0.08636068552732468,0.48658281564712524,0.2027866244316101,0.28379300236701965,0.857466459274292,0.7252008|0.2556117|0.0191875|0.0000000|0.0000000|0.0000000|0.0000000|0.0000000|0.0000000|0.0000000,0,0.7252008318901062,6.552423543475067,0,0,0,0,0,
cross_town,Town02,mixed,20,219,10.95,117.93017578125,187.6062774658203,0.22167770564556122,-179.97372436523438,6.984891830066211e-09,499.49803358058756,1.3983822478535569e-09,1.52587890625e-05,2.663161087212984e-07,5.355834874809063e-06,0.33922561057634715,0.8926759958267212,0.42917391657829285,-0.7622766494750977,0.0,0.7412993311882019,0.0063606854528188705,0.3690999448299408,0.20470741391181946,0.1612725853919983,-0.4670604467391968,0.7262713|0.2358966|0.0201294|0.0177027|0.0000000|0.0000000|0.0000000|0.0000000|0.0000000|0.0000000,0,0.7262712717056274,6.514723956701993,0,0,0,0,0,
cross_town,Town02,mixed,20,220,11.0,117.93017578125,187.6062774658203,0.22167770564556122,-179.97372436523438,6.984891830066211e-09,499.49803358058756,1.3983822478535569e-09,1.52587890625e-05,2.663161087212984e-07,2.746587053012575e-07,0.33226253934927347,0.31079262495040894,0.8785451650619507,0.21925915777683258,0.0,0.8212993144989014,0.08636068552732468,0.4387306571006775,0.20154598355293274,0.23687522113323212,0.8329178094863892,0.7371654|0.2442039|0.0186307|0.0000000|0.0000000|0.0000000|0.0000000|0.0000000|0.0000000|0.0000000,0,0.7371653914451599,6.4889398681747785,0,0,0,0,0,
cross_town,Town02,mixed,20,221,11.05,117.93017578125,187.6062774658203,0.22167770564556122,-179.97372436523438,6.984891830066211e-09,499.49803358058756,1.3983822478535569e-09,1.52587890625e-05,2.663161087212984e-07,9.613045868213394e-07,0.33719333060808543,0.9046491980552673,0.3941863179206848,-0.7491317391395569,0.0,0.7412993311882019,0.0063606854528188705,0.389422744512558,0.20597539842128754,0.1815897673368454,-0.4808920621871948,0.7151605|0.2447556|0.0209355|0.0191485|0.0000000|0.0000000|0.0000000|0.0000000|0.0000000|0.0000000,0,0.7151604890823364,6.469341982028557,0,0,0,0,0,
cross_town,Town02,mixed,20,222,11.1,117.93017578125,187.6062774658203,0.22167770564556122,-179.97372436523438,6.984891830066211e-09,499.49803358058756,1.3983822478535569e-09,1.52587890625e-05,2.663161087212984e-07,1.6479509033702616e-06,0.3299349839312589,0.29919952154159546,0.8970115184783936,0.21217313408851624,0.0,0.8212993144989014,0.08636068552732468,0.46200621128082275,0.2021203637123108,0.25981250405311584,0.8629778623580933,0.7320498|0.2486792|0.0192711|0.0000000|0.0000000|0.0000000|0.0000000|0.0000000|0.0000000|0.0000000,0,0.7320497632026672,6.449439987117164,0,0,0,0,0,
cross_town,Town02,mixed,20,223,11.15,117.93017578125,187.6062774658203,0.22167770564556122,-179.97372436523438,6.984891830066211e-09,499.49803358058756,1.3983822478535569e-09,1.52587890625e-05,2.663161087212984e-07,2.3345959500444794e-06,0.3376713211161649,0.8999823927879333,0.3913056254386902,-0.7440878748893738,0.0,0.7412993311882019,0.0063606854528188705,0.3846428394317627,0.20617753267288208,0.17635056376457214,-0.4818302392959595,0.7146999|0.2430510|0.0212517|0.0209974|0.0000000|0.0000000|0.0000000|0.0000000|0.0000000|0.0000000,0,0.7146998643875122,6.423149981630007,0,0,0,0,0,
cross_town,Town02,mixed,20,224,11.2,117.93017578125,187.6062774658203,0.22167770564556122,-179.97372436523438,6.984891830066211e-09,499.49803358058756,1.3983822478535569e-09,1.52587890625e-05,2.663161087212984e-07,3.058155938510817e-06,0.32849207767070554,0.3109768033027649,0.8886867165565491,0.19344641268253326,0.0,0.8212993144989014,0.08636068552732468,0.47643527388572693,0.2017851322889328,0.27463266253471375,0.8367034196853638,0.7373783|0.2415752|0.0210466|0.0000000|0.0000000|0.0000000|0.0000000|0.0000000|0.0000000|0.0000000,0,0.7373782992362976,6.386050907349368,0,0,0,0,0,
cross_town,Town02,mixed,20,225,11.25,117.93017578125,187.6062774658203,0.22167770564556122,-179.97372436523438,6.984891830066211e-09,499.49803358058756,1.3983822478535569e-09,1.52587890625e-05,2.663161087212984e-07,3.742219073953679e-06,0.3399920070986267,0.8722315430641174,0.49690499901771545,-0.7826851606369019,0.0,0.7412993311882019,0.0063606854528188705,0.36143597960472107,0.2018638253211975,0.15585191547870636,-0.43975532054901123,0.7357436|0.2439798|0.0202766|0.0000000|0.0000000|0.0000000|0.0000000|0.0000000|0.0000000|0.0000000,0,0.7357436418533325,6.336386783578054,0,0,0,0,0,
cross_town,Town02,mixed,20,226,11.3,117.93017578125,187.6062774658203,0.22167770564556122,-179.97372436523438,6.984891830066211e-09,499.49803358058756,1.3983822478535569e-09,1.52587890625e-05,2.663161087212984e-07,4.428863437961858e-06,0.3331997085018072,0.43787604570388794,0.7729743719100952,0.020365525037050247,0.0,0.7729743719100952,0.020365525037050247,0.5038053393363953,0.28772667050361633,0.2160787135362625,0.9948297739028931,0.8465279|0.0885484|0.0649237|0.0000000|0.0000000|0.0000000|0.0000000|0.0000000|0.0000000|0.0000000,0,0.8465278744697571,6.274976139810533,0,0,0,0,0,
cross_town,Town02,mixed,20,227,11.35,117.93017578125,187.6062774658203,0.22167770564556122,-179.97372436523438,6.984891830066211e-09,499.49803358058756,1.3983822478535569e-09,1.52587890625e-05,2.663161087212984e-07,5.115509287028003e-06,0.3379919341427839,0.2564089596271515,0.9117817878723145,0.5189071893692017,0.0,0.8529743552207947,0.1003655269742012,0.38143670558929443,0.20710217952728271,0.17203417420387268,1.5844711065292358,0.7081846|0.2448461|0.0273822|0.0195871|0.0000000|0.0000000|0.0000000|0.0000000|0.0000000|0.0000000,0,0.7081845998764038,6.2053101727520685,0,0,0,0,0,
cross_town,Town02,mixed,20,228,11.4,117.93017578125,187.6062774658203,0.22167770564556122,-179.97372436523438,6.984891830066211e-09,499.49803358058756,1.3983822478535569e-09,1.52587890625e-05,2.663161087212984e-07,0.0,0.32819929965563177,0.9574575424194336,0.030068814754486084,-0.201960951089859,0.0,0.7729743719100952,0.020365526899695396,0.4793630540370941,0.2024538367986679,0.27689746022224426,-0.40792250633239746,0.7352466|0.2356017|0.0291518|0.0000000|0.0000000|0.0000000|0.0000000|0.0000000|0.0000000|0.0000000,0,0.7352465987205505,6.132196158242372,0,0,0,0,0,
cross_town,Town02,mixed,20,229,11.45,117.93017578125,187.6062774658203,0.22167770564556122,-179.97372436523438,6.984891830066211e-09,499.49803358058756,1.3983822478535569e-09,1.52587890625e-05,2.663161087212984e-07,6.866489277510019e-07,0.3445726359707868,0.260635644197464,0.9061214923858643,0.5153663158416748,0.0,0.8529743552207947,0.1003655269742012,0.3156296908855438,0.20750316977500916,0.09901446104049683,1.6193422079086304,0.7056010|0.2446589|0.0308540|0.0188860|0.0000000|0.0000000|0.0000000|0.0000000|0.0000000|0.0000000,0,0.7056010365486145,6.060768853176408,0,0,0,0,0,
cross_town,Town02,mixed,20,230,11.5,117.93017578125,187.6062774658203,0.22167770564556122,-179.97372436523438,6.984891830066211e-09,499.49803358058756,1.3983822478535569e-09,1.52587890625e-05,2.663161087212984e-07,1.3732934372174722e-06,0.27925465055532817,0.9822102785110474,0.010808706283569336,-0.014972235076129436,0.0,0.7729743719100952,0.020365526899695396,0.9688095450401306,0.1864030957221985,1.1725858449935913,-0.43817687034606934,0.9343067|0.0426103|0.0230830|0.0000000|0.0000000|0.0000000|0.0000000|0.0000000|0.0000000|0.0000000,0,0.9343066811561584,5.995343657896132,0,0,0,0,0,
cross_town,Town02,mixed,20,231,11.55,117.93017578125,187.6062774658203,0.22167770564556122,-179.97372436523438,6.984891830066211e-09,499.49803358058756,1.3983822478535569e-09,1.52587890625e-05,2.663161087212984e-07,2.059937577553641e-06,0.34961743303366066,0.26318708062171936,0.9054880142211914,0.513946533203125,0.0,0.8529743552207947,0.1003655269742012,0.2651817202568054,0.20742502808570862,0.037772975862026215,1.6332391500473022,0.7062699|0.2427873|0.0325416|0.0184012|0.0000000|0.0000000|0.0000000|0.0000000|0.0000000|0.0000000,0,0.7062698602676392,5.938605334315366,0,0,0,0,0,
cross_town,Town02,mixed,20,232,11.6,117.93017578125,187.6062774658203,0.22167770564556122,-179.97372436523438,6.984891830066211e-09,499.49803358058756,1.3983822478535569e-09,1.52587890625e-05,2.663161087212984e-07,2.746581951420321e-06,0.3234247500521696,0.9691122770309448,0.016739100217819214,-0.2712588310241699,0.0,0.7729743719100952,0.020365526899695396,0.5271085500717163,0.2038659155368805,0.323269248008728,-0.4197758436203003,0.7235411|0.2419258|0.0345330|0.0000000|0.0000000|0.0000000|0.0000000|0.0000000|0.0000000|0.0000000,0,0.7235411405563354,5.891244356585332,0,0,0,0,0,
cross_town,Town02,mixed,20,233,11.65,117.93017578125,187.6062774658203,0.22167770564556122,-179.97372436523438,6.984891830066211e-09,499.49803358058756,1.3983822478535569e-09,1.52587890625e-05,2.663161087212984e-07,3.433228196156452e-06,0.33302976735659,0.25962790846824646,0.9132559895515442,0.547032356262207,0.0,0.8529743552207947,0.1003655269742012,0.4310583770275116,0.19912786781787872,0.23148855566978455,1.635366439819336,0.7414733|0.2585267|0.0000000|0.0000000|0.0000000|0.0000000|0.0000000|0.0000000|0.0000000|0.0000000,0,0.7414733171463013,5.85201539118711,0,0,0,0,0,
cross_town,Town02,mixed,20,234,11.7,117.93017578125,187.6062774658203,0.22167770564556122,-179.97372436523438,6.984891830066211e-09,499.49803358058756,1.3983822478535569e-09,1.52587890625e-05,2.663161087212984e-07,4.119873459711657e-06,0.2865934784037626,0.9768203496932983,0.01766282320022583,-0.012073269113898277,0.0,0.7729743719100952,0.020365526899695396,0.8954212665557861,0.178968608379364,0.8578699231147766,-0.4181337356567383,0.9740902|0.0259098|0.0000000|0.0000000|0.0000000|0.0000000|0.0000000|0.0000000|0.0000000|0.0000000,0,0.9740901589393616,5.8181469922287015,0,0,0,0,0,
cross_town,Town02,mixed,20,235,11.75,117.93017578125,187.6062774658203,0.22167770564556122,-179.97372436523438,6.984891830066211e-09,499.49803358058756,1.3983822478535569e-09,1.52587890625e-05,2.663161087212984e-07,4.806519296039451e-06,0.33798230835028054,0.20069795846939087,0.8755781650543213,0.5566734075546265,0.0,0.8529743552207947,0.1003655269742012,0.3815329670906067,0.18256261944770813,0.19667571783065796,1.8536407947540283,0.9502407|0.0497593|0.0000000|0.0000000|0.0000000|0.0000000|0.0000000|0.0000000|0.0000000|0.0000000,0,0.9502406716346741,5.786019898730115,0,0,0,0,0,
cross_town,Town02,mixed,20,236,11.8,117.93017578125,187.6062774658203,0.22167770564556122,-179.97372436523438,6.984891830066211e-09,499.49803358058756,1.3983822478535569e-09,1.52587890625e-05,2.663161087212984e-07,5.493163782395477e-06,0.3239003831965482,0.963620126247406,0.023913323879241943,-0.2963246703147888,0.0,0.7729743719100952,0.020365526899695396,0.5223522186279297,0.20248524844646454,0.3198818564414978,-0.3730926513671875,0.7295972|0.2499819|0.0204209|0.0000000|0.0000000|0.0000000|0.0000000|0.0000000|0.0000000|0.0000000,0,0.7295972108840942,5.75192711804818,0,0,0,0,0,
cross_town,Town02,mixed,20,237,11.85,117.93017578125,187.6062774658203,0.22167770564556122,-179.97372436523438,6.984891830066211e-09,499.49803358058756,1.3983822478535569e-09,1.52587890625e-05,2.663161087212984e-07,4.1198757955194e-07,0.3168191070181882,0.19169262051582336,0.9013500213623047,0.594036340713501,0.0,0.8529743552207947,0.1003655269742012,0.5931649804115295,0.1736399382352829,0.42062631249427795,1.8020318746566772,1.0000000|0.0000000|0.0000000|0.0000000|0.0000000|0.0000000|0.0000000|0.0000000|0.0000000|0.0000000,0,1.0,5.712829907936444,0,0,0,0,0,
cross_town,Town02,mixed,20,238,11.9,117.93017578125,187.6062774658203,0.22167770564556122,-179.97372436523438,6.984891830066211e-09,499.49803358058756,1.3983822478535569e-09,1.52587890625e-05,2.663161087212984e-07,1.0986329513904211e-06,0.3252712661845243,0.9694036841392517,0.018667131662368774,-0.22660884261131287,0.0,0.7729743719100952,0.020365526899695396,0.508643388748169,0.2084011733531952,0.3002431094646454,-0.4641679525375366,0.7015502|0.2355414|0.0442765|0.0186320|0.0000000|0.0000000|0.0000000|0.0000000|0.0000000|0.0000000,0,0.7015501856803894,5.666940426755691,0,0,0,0,0,
cross_town,Town02,mixed,20,239,11.95,117.93017578125,187.6062774658203,0.22167770564556122,-179.97372436523438,6.984891830066211e-09,499.49803358058756,1.3983822478535569e-09,1.52587890625e-05,2.663161087212984e-07,1.785280545125066e-06,0.34429927416868567,0.2542182207107544,0.911848247051239,0.5099923014640808,0.0,0.8529743552207947,0.1003655269742012,0.3183633089065552,0.2084033489227295,0.10127073526382446,1.5818703174591064,0.7026612|0.2313399|0.0485414|0.0174575|0.0000000|0.0000000|0.0000000|0.0000000|0.0000000|0.0000000,0,0.7026611566543579,5.614019767324655,0,0,0,0,0,
cross_town,Town02,mixed,20,240,12.0,117.93017578125,187.6062774658203,0.22167770564556122,-179.97372436523438,6.984891830066211e-09,499.49803358058756,1.3983822478535569e-09,1.52587890625e-05,2.663161087212984e-07,2.4719237426390118e-06,0.31717255660124166,0.9712259769439697,0.017598390579223633,-0.28009548783302307,0.0,0.7729743719100952,0.020365526899695396,0.5896304845809937,0.2060929387807846,0.38451656699180603,-0.4544260501861572,0.7101668|0.2359698|0.0538635|0.0000000|0.0000000|0.0000000|0.0000000|0.0000000|0.0000000|0.0000000,0,0.7101667523384094,5.555316206264277,0,0,0,0,0,
cross_town,Town02,mixed,20,241,12.05,117.93017578125,187.6062774658203,0.22167770564556122,-179.97372436523438,6.984891830066211e-09,499.49803358058756,1.3983822478535569e-09,1.52587890625e-05,2.663161087212984e-07,3.1585697885786394e-06,0.3348120386225735,0.20699799060821533,0.8737326860427856,0.5079239010810852,0.0,0.8529743552207947,0.1003655269742012,0.4132356643676758,0.19050170481204987,0.22184698283672333,1.7628798484802246,0.9056613|0.0690114|0.0253272|0.0000000|0.0000000|0.0000000|0.0000000|0.0000000|0.0000000|0.0000000,0,0.9056612849235535,5.493194407603213,0,0,0,0,0,
cross_town,Town02,mixed,20,242,12.1,117.93017578125,187.6062774658203,0.22167770564556122,-179.97372436523438,6.984891830066211e-09,499.49803358058756,1.3983822478535569e-09,1.52587890625e-05,2.663161087212984e-07,3.84521488547585e-06,0.2761733586413419,0.9056211113929749,0.06581628322601318,-0.2766945958137512,0.0,0.7729743719100952,0.020365526899695396,0.9996224641799927,0.27222907543182373,2.198143720626831,0.31764090061187744,1.0000000|0.0000000|0.0000000|0.0000000|0.0000000|0.0000000|0.0000000|0.0000000|0.0000000|0.0000000,0,1.0,5.430524644439432,0,0,0,0,0,
cross_town,Town02,mixed,20,243,12.15,117.93017578125,187.6062774658203,0.22167770564556122,-179.97372436523438,6.984891830066211e-09,499.49803358058756,1.3983822478535569e-09,1.52587890625e-05,2.663161087212984e-07,4.531860176455269e-06,0.34674976416654946,0.2581580877304077,0.9088812470436096,0.5039258599281311,0.0,0.8529743552207947,0.1003655269742012,0.2938584089279175,0.21007147431373596,0.07074910402297974,1.61057710647583,0.6923614|0.2283213|0.0593275|0.0199899|0.0000000|0.0000000|0.0000000|0.0000000|0.0000000|0.0000000,0,0.6923613548278809,5.370041819620263,0,0,0,0,0,
cross_town,Town02,mixed,20,244,12.2,117.93017578125,187.6062774658203,0.22167770564556122,-179.97372436523438,6.984891830066211e-09,499.49803358058756,1.3983822478535569e-09,1.52587890625e-05,2.663161087212984e-07,5.21850669018624e-06,0.28312795706816074,0.985917329788208,0.007911980152130127,-0.012081210501492023,0.0,0.7729743719100952,0.020365526899695396,0.9300764799118042,0.19216066598892212,0.9548053741455078,-0.5185434818267822,0.8931592|0.0820911|0.0247497|0.0000000|0.0000000|0.0000000|0.0000000|0.0000000|0.0000000|0.0000000,0,0.8931591510772705,5.313783190865962,0,0,0,0,0,
cross_town,Town02,mixed,20,245,12.25,117.93017578125,187.6062774658203,0.22167770564556122,-179.97372436523438,6.984891830066211e-09,499.49803358058756,1.3983822478535569e-09,1.52587890625e-05,2.663161087212984e-07,1.3732936883310774e-07,0.3196194047553097,0.19093960523605347,0.9014636874198914,0.5843362212181091,0.0,0.8529743552207947,0.1003655269742012,0.5651620030403137,0.1736399382352829,0.39189475774765015,1.7779417037963867,1.0000000|0.0000000|0.0000000|0.0000000|0.0000000|0.0000000|0.0000000|0.0000000|0.0000000|0.0000000,0,1.0,5.262745173188029,0,0,0,0,0,
cross_town,Town02,mixed,20,246,12.3,117.93017578125,187.6062774658203,0.22167770564556122,-179.97372436523438,6.984891830066211e-09,499.49803358058756,1.3983822478535569e-09,1.52587890625e-05,2.663161087212984e-07,8.239754116897539e-07,0.3012560481650388,0.984463632106781,0.008335679769515991,-0.026299145072698593,0.0,0.7729743719100952,0.020365526899695396,0.7487955689430237,0.18786807358264923,0.585181713104248,-0.48299872875213623,0.9111260|0.0888740|0.0000000|0.0000000|0.0000000|0.0000000|0.0000000|0.0000000|0.0000000|0.0000000,0,0.9111259579658508,5.216784862300535,0,0,0,0,0,
cross_town,Town02,mixed,20,247,12.35,117.93017578125,187.6062774658203,0.22167770564556122,-179.97372436523438,6.984891830066211e-09,499.49803358058756,1.3983822478535569e-09,1.52587890625e-05,2.663161087212984e-07,1.5106226849376224e-06,0.348000555716232,0.26419952511787415,0.9004982113838196,0.5138759613037109,0.0,0.8529743552207947,0.1003655269742012,0.2813504934310913,0.20744946599006653,0.058107417076826096,1.6605603694915771,0.6956007|0.2408144|0.0635848|0.0000000|0.0000000|0.0000000|0.0000000|0.0000000|0.0000000|0.0000000,0,0.6956007480621338,5.1747426118012365,0,0,0,0,0,
cross_town,Town02,mixed,20,248,12.4,117.93017578125,187.6062774658203,0.22167770564556122,-179.97372436523438,6.984891830066211e-09,499.49803358058756,1.3983822478535569e-09,1.52587890625e-05,2.663161087212984e-07,2.1972656007761565e-06,0.3207776839358364,0.9615863561630249,0.022157013416290283,-0.29998376965522766,0.0,0.7729743719100952,0.020365526899695396,0.5535792112350464,0.1986793875694275,0.3551063537597656,-0.3119744062423706,0.7460222|0.2539778|0.0000000|0.0000000|0.0000000|0.0000000|0.0000000|0.0000000|0.0000000|0.0000000,0,0.7460222244262695,5.134769355542986,0,0,0,0,0,
cross_town,Town02,mixed,20,249,12.45,117.93017578125,187.6062774658203,0.22167770564556122,-179.97372436523438,6.984891830066211e-09,499.49803358058756,1.3983822478535569e-09,1.52587890625e-05,2.663161087212984e-07,2.883911140789355e-06,0.3370315874440229,0.25875070691108704,0.9101230502128601,0.515709400177002,0.0,0.8529743552207947,0.1003655269742012,0.391040176153183,0.20732934772968292,0.18193519115447998,1.5836634635925293,0.7003977|0.2257817|0.0738206|0.0000000|0.0000000|0.0000000|0.0000000|0.0000000|0.0000000|0.0000000,0,0.7003977298736572,5.094745943313259,0,0,0,0,0,
cross_town,Town02,mixed,20,250,12.5,117.93017578125,187.6062774658203,0.22167770564556122,-179.97372436523438,6.984891830066211e-09,499.49803358058756,1.3983822478535569e-09,1.52587890625e-05,2.663161087212984e-07,3.5705573945804776e-06,0.276135640822128,0.9769896268844604,0.0053632259368896484,-0.5189062356948853,0.0,0.7729743719100952,0.020365526899695396,0.9999996423721313,0.3366490304470062,3.851208448410034,-0.7124191522598267,0.8112351|0.1887649|0.0000000|0.0000000|0.0000000|0.0000000|0.0000000|0.0000000|0.0000000|0.0000000,0,0.8112350702285767,5.052732484346644,0,0,1,0,0,stuck
