protocol,town,weather,episode,t,sim_time_s,ego_x,ego_y,ego_z,ego_yaw_deg,route_s_m,route_remaining_m,route_completion_pct,cte_m,route_heading_rad,speed_kmh,reward,command_throttle,command_brake,command_steer,applied_throttle,applied_brake,applied_steer,sigma_bar,sigma_ale,sigma_epi,policy_entropy_proxy,attention,top_attention_index,top_attention_value,ttc_s,collision,off_route,timeout,red_light_violation,intervention,terminal_reason
cross_town,Town02,mixed,7,1,0.05,189.69888305664062,252.3280487060547,0.15079757571220398,90.03919219970703,0.0018463235132821598,500.16605343813944,0.0003691407453701041,1.52587890625e-05,0.0,0.46652653813557937,0.43375490978056275,0.026143163442611694,0.9504587650299072,-0.4687419831752777,0.0,0.07999999821186066,-0.07999999821186066,1.0,0.3094487488269806,12.885286331176758,2.209397077560425,1.0000000|0.0000000|0.0000000|0.0000000|0.0000000|0.0000000|0.0000000|0.0000000|0.0000000|0.0000000,0,1.0,,0,0,0,0,0,
cross_town,Town02,mixed,7,2,0.1,189.69888305664062,252.3280487060547,0.1611124724149704,90.03919219970703,0.0018463235132821598,500.16605343813944,0.0003691407453701041,1.52587890625e-05,0.0,0.8584084331992051,0.4337549097667188,0.04017961025238037,0.8490888476371765,-0.42521098256111145,0.0,0.1599999964237213,-0.1599999964237213,1.0,0.800000011920929,8.842040061950684,2.4421768188476562,1.0000000|0.0000000|0.0000000|0.0000000|0.0000000|0.0000000|0.0000000|0.0000000|0.0000000|0.0000000,0,1.0,,0,0,0,0,0,
cross_town,Town02,mixed,7,3,0.15,189.69888305664062,252.3280487060547,0.17358188331127167,90.03919219970703,0.0018463235132821598,500.16605343813944,0.0003691407453701041,1.52587890625e-05,0.0,0.8940873384479706,0.43375490980109616,0.06741899251937866,0.4040326476097107,0.03441670164465904,0.0,0.23999999463558197,-0.07999999821186066,1.0,0.3094487488269806,14.944598197937012,2.274487018585205,1.0000000|0.0000000|0.0000000|0.0000000|0.0000000|0.0000000|0.0000000|0.0000000|0.0000000|0.0000000,0,1.0,,0,0,0,0,0,
cross_town,Town02,mixed,7,4,0.2,189.69888305664062,252.3280487060547,0.18517296016216278,90.03919219970703,0.0018463235132821598,500.16605343813944,0.0003691407453701041,1.52587890625e-05,0.0,0.7842072665710998,0.4337553862953405,0.026139140129089355,0.8263726234436035,0.5183827877044678,0.0,0.3199999928474426,1.7881393032936899e-09,0.999995231628418,0.800000011920929,2.7618861198425293,1.9399967193603516,1.0000000|0.0000000|0.0000000|0.0000000|0.0000000|0.0000000|0.0000000|0.0000000|0.0000000|0.0000000,0,1.0,,0,0,0,0,0,
cross_town,Town02,mixed,7,5,0.25,189.69888305664062,252.3280487060547,0.19481013715267181,90.03919219970703,0.0018463235132821598,500.16605343813944,0.0003691407453701041,1.52587890625e-05,0.0,0.6320972085003328,0.43375490944647055,0.08428061008453369,0.6777187585830688,-0.314279168844223,0.0,0.4000000059604645,-0.07999999821186066,1.0,0.3094487488269806,11.400544166564941,2.469529867172241,1.0000000|0.0000000|0.0000000|0.0000000|0.0000000|0.0000000|0.0000000|0.0000000|0.0000000|0.0000000,0,1.0,,0,0,0,0,0,
cross_town,Town02,mixed,7,6,0.3,189.69888305664062,252.3280487060547,0.2023397833108902,90.03919219970703,0.0018463235132821598,500.16605343813944,0.0003691407453701041,1.52587890625e-05,0.0,0.48441268801720705,0.4337549094576795,0.07585224509239197,0.46079355478286743,0.14573588967323303,0.0,0.46079355478286743,1.7881393032936899e-09,1.0,0.3094487488269806,9.25597095489502,2.2321929931640625,1.0000000|0.0000000|0.0000000|0.0000000|0.0000000|0.0000000|0.0000000|0.0000000|0.0000000|0.0000000,0,1.0,,0,0,0,0,0,
cross_town,Town02,mixed,7,7,0.35,189.69888305664062,252.3280487060547,0.20799346268177032,90.03919219970703,0.0018463235132821598,500.16605343813944,0.0003691407453701041,1.52587890625e-05,0.0,0.35894702374954274,0.4341714437293012,0.011476635932922363,0.9498252868652344,0.5884029865264893,0.0,0.5407935380935669,0.07999999821186066,0.9958337545394897,0.800000011920929,1.069140911102295,1.4185174703598022,1.0000000|0.0000000|0.0000000|0.0000000|0.0000000|0.0000000|0.0000000|0.0000000|0.0000000|0.0000000,0,1.0,,0,0,0,0,0,
cross_town,Town02,mixed,7,8,0.4,189.69888305664062,252.3280487060547,0.21212272346019745,90.03919219970703,0.0018463235132821598,500.16605343813944,0.0003691407453701041,1.52587890625e-05,0.0,0.25964475274106774,0.4337546539461964,0.23618510365486145,0.7529072165489197,-0.41157597303390503,0.0,0.6207935214042664,-1.7881393032936899e-09,1.0,0.3094481825828552,6.614615440368652,2.0984270572662354,1.0000000|0.0000000|0.0000000|0.0000000|0.0000000|0.0000000|0.0000000|0.0000000|0.0000000|0.0000000,0,1.0,,0,0,0,0,0,
cross_town,Town02,mixed,7,9,0.45,189.69888305664062,252.3280487060547,0.21507762372493744,90.03919219970703,0.0018463235132821598,500.16605343813944,0.0003691407453701041,1.52587890625e-05,0.0,0.1844476684933189,0.439771937983947,0.0031572282314300537,0.9927150011062622,0.6108793020248413,0.0,0.7007935047149658,0.07999999821186066,0.9398270845413208,0.800000011920929,0.387118399143219,0.45779097080230713,1.0000000|0.0000000|0.0000000|0.0000000|0.0000000|0.0000000|0.0000000|0.0000000|0.0000000|0.0000000,0,1.0,847.6622313365433,0,0,0,0,0,
cross_town,Town02,mixed,7,10,0.5,189.69888305664062,252.3280487060547,0.21715930104255676,90.03919219970703,0.0018463235132821598,500.16605343813944,0.0003691407453701041,1.52587890625e-05,0.0,0.12918836921490948,0.43437616141684576,0.01101866364479065,0.9943882822990417,-0.15023300051689148,0.0,0.7807934880256653,-1.7881393032936899e-09,0.9937852621078491,0.800000011920929,0.9686492085456848,0.39447200298309326,1.0000000|0.0000000|0.0000000|0.0000000|0.0000000|0.0000000|0.0000000|0.0000000|0.0000000|0.0000000,0,1.0,641.9068580832459,0,0,0,0,0,
cross_town,Town02,mixed,7,11,0.55,189.69888305664062,252.3280487060547,0.218607559800148,90.03919219970703,0.0018463235132821598,500.16605343813944,0.0003691407453701041,1.52587890625e-05,0.0,0.0894629359245442,0.43470421725021535,0.06439241766929626,0.7912057042121887,0.7166534662246704,0.0,0.7912057042121887,0.07999999821186066,0.9905049204826355,0.30944740772247314,1.3524119853973389,2.158637523651123,1.0000000|0.0000000|0.0000000|0.0000000|0.0000000|0.0000000|0.0000000|0.0000000|0.0000000|0.0000000,0,1.0,550.3833938572737,0,0,0,0,0,
cross_town,Town02,mixed,7,12,0.6,189.69888305664062,252.3280487060547,0.21960502862930298,90.03919219970703,0.0018463235132821598,500.16605343813944,0.0003691407453701041,1.52587890625e-05,0.0,0.06137584224345187,0.4337953406552147,0.8973267078399658,0.7459365129470825,-0.3322203755378723,0.0,0.7112057209014893,-1.7881393032936899e-09,0.9995941519737244,0.3094475567340851,2.1428303718566895,-0.4339531660079956,1.0000000|0.0000000|0.0000000|0.0000000|0.0000000|0.0000000|0.0000000|0.0000000|0.0000000|0.0000000,0,1.0,464.0356067484929,0,0,0,0,0,
cross_town,Town02,mixed,7,13,0.65,189.69888305664062,252.3280487060547,0.22028620541095734,90.03919219970703,0.0018463235132821598,500.16605343813944,0.0003691407453701041,1.52587890625e-05,0.0,0.04177901297817954,0.4383155948527658,0.0012009143829345703,0.9939081072807312,0.7563034296035767,0.0,0.7912057042121887,0.07999999821186066,0.9543920755386353,0.800000011920929,0.4602482318878174,0.25175487995147705,1.0000000|0.0000000|0.0000000|0.0000000|0.0000000|0.0000000|0.0000000|0.0000000|0.0000000|0.0000000,0,1.0,190.51910601483877,0,0,0,0,0,
cross_town,Town02,mixed,7,14,0.7,189.69888305664062,252.3280487060547,0.22074812650680542,90.03919219970703,0.0018463235132821598,500.16605343813944,0.0003691407453701041,1.52587890625e-05,0.0,0.028249109164093324,0.4337551653984255,0.8945246338844299,0.7768770456314087,-0.35811465978622437,0.0,0.7112057209014893,-1.7881393032936899e-09,0.9999964237213135,0.30944809317588806,3.3260064125061035,-0.433738112449646,1.0000000|0.0000000|0.0000000|0.0000000|0.0000000|0.0000000|0.0000000|0.0000000|0.0000000|0.0000000,0,1.0,119.08479786293263,0,0,0,0,0,
cross_town,Town02,mixed,7,15,0.75,189.69888305664062,252.3280487060547,0.2210594117641449,90.03919219970703,0.0018463235132821598,500.16605343813944,0.0003691407453701041,1.52587890625e-05,0.0,0.018990794209277486,0.43375483548773425,0.19778519868850708,0.9319190979003906,-0.5042444467544556,0.0,0.7912057042121887,-0.07999999821186066,1.0,0.30944812297821045,5.053332328796387,1.2798752784729004,1.0000000|0.0000000|0.0000000|0.0000000|0.0000000|0.0000000|0.0000000|0.0000000|0.0000000|0.0000000,0,1.0,94.15836225455725,0,0,0,0,0,
cross_town,Town02,mixed,7,16,0.8,189.69888305664062,252.3280487060547,0.22126807272434235,90.03919219970703,0.0018463235132821598,500.16605343813944,0.0003691407453701041,1.52587890625e-05,0.0,0.012703765836300486,0.43402269529989024,0.021374523639678955,0.988040030002594,0.7506164312362671,0.0,0.8712056875228882,1.7881393032936899e-09,0.9973216652870178,0.3094483017921448,1.670516014099121,-0.08890974521636963,1.0000000|0.0000000|0.0000000|0.0000000|0.0000000|0.0000000|0.0000000|0.0000000|0.0000000|0.0000000,0,1.0,79.93447473485695,0,0,0,0,0,
cross_town,Town02,mixed,7,17,0.85,189.69888305664062,252.3280487060547,0.22140727937221527,90.03919219970703,0.0018463235132821598,500.16605343813944,0.0003691407453701041,1.52587890625e-05,0.0,0.008462356031012235,0.4337567373235194,0.15754389762878418,0.3734421133995056,0.6122626066207886,0.0,0.7912057042121887,0.07999999821186066,0.9999812841415405,0.3094484508037567,2.9125640392303467,2.1549689769744873,1.0000000|0.0000000|0.0000000|0.0000000|0.0000000|0.0000000|0.0000000|0.0000000|0.0000000|0.0000000,0,1.0,72.87207024373977,0,0,0,0,0,
cross_town,Town02,mixed,7,18,0.9,189.69888305664062,252.3280487060547,0.22140727937221527,90.03919219970703,0.0018463235132821598,500.16605343813944,0.0003691407453701041,1.52587890625e-05,0.0,0.0,0.4350612032434056,0.9055895805358887,0.7051729559898376,-0.3750246465206146,0.0,0.7112057209014893,-1.7881393032936899e-09,0.986936628818512,0.3094484806060791,1.2717500925064087,-0.40347743034362793,1.0000000|0.0000000|0.0000000|0.0000000|0.0000000|0.0000000|0.0000000|0.0000000|0.0000000|0.0000000,0,1.0,65.2444913513416,0,0,0,0,0,
cross_town,Town02,mixed,7,19,0.95,189.69888305664062,252.3280487060547,0.2215089052915573,90.03919219970703,0.0018463235132821598,500.16605343813944,0.0003691407453701041,1.52587890625e-05,0.0,0.0021905707893898406,0.43946765393471104,0.20221441984176636,0.9206677675247192,-0.5457658767700195,0.0,0.7912057042121887,-0.07999999821186066,0.9428723454475403,0.3094484806060791,0.8914621472358704,1.3421978950500488,1.0000000|0.0000000|0.0000000|0.0000000|0.0000000|0.0000000|0.0000000|0.0000000|0.0000000|0.0000000,0,1.0,59.32772778465457,0,0,0,0,0,
cross_town,Town02,mixed,7,20,1.0,189.69888305664062,252.3280487060547,0.221542090177536,90.03919219970703,0.0018463235132821598,500.16605343813944,0.0003691407453701041,1.52587890625e-05,0.0,0.0024230688580819397,0.4343384459946553,0.02528160810470581,0.9838923811912537,0.696382999420166,0.0,0.8712056875228882,1.7881393032936899e-09,0.9941644072532654,0.30944862961769104,1.4750304222106934,0.1322353482246399,1.0000000|0.0000000|0.0000000|0.0000000|0.0000000|0.0000000|0.0000000|0.0000000|0.0000000|0.0000000,0,1.0,52.809049850804925,0,0,0,0,0,
cross_town,Town02,mixed,7,21,1.05,189.69888305664062,252.3280487060547,0.22157405316829681,90.03919219970703,0.0018463235132821598,500.16605343813944,0.0003691407453701041,1.52587890625e-05,0.0,0.0021799620243088745,0.4337561770126294,0.15681800246238708,0.3672744035720825,0.615174412727356,0.0,0.7912057042121887,0.07999999821186066,0.9999871253967285,0.30944859981536865,3.0052032470703125,2.152890682220459,1.0000000|0.0000000|0.0000000|0.0000000|0.0000000|0.0000000|0.0000000|0.0000000|0.0000000|0.0000000,0,1.0,48.20514096049051,0,0,0,0,0,
cross_town,Town02,mixed,7,22,1.1,189.69888305664062,252.3280487060547,0.22160109877586365,90.03919219970703,0.0018463235132821598,500.16605343813944,0.0003691407453701041,1.52587890625e-05,0.0,0.0017811584057854334,0.434412621233129,0.8957839012145996,0.7581144571304321,-0.3751354515552521,0.0,0.7112057209014893,-1.7881393032936899e-09,0.9934226870536804,0.30944862961769104,1.444934368133545,-0.3884410858154297,1.0000000|0.0000000|0.0000000|0.0000000|0.0000000|0.0000000|0.0000000|0.0000000|0.0000000|0.0000000,0,1.0,43.40849612437228,0,0,0,0,0,
cross_town,Town02,mixed,7,23,1.15,189.69888305664062,252.3280487060547,0.22162246704101562,90.03919219970703,0.0018463235132821598,500.16605343813944,0.0003691407453701041,1.52587890625e-05,0.0,0.0013747673058202656,0.46215530795242615,0.23077911138534546,0.9419081211090088,-0.4480646550655365,0.0,0.7912057042121887,-0.07999999821186066,0.7159958481788635,0.30944862961769104,0.4217227101325989,1.2038952112197876,1.0000000|0.0000000|0.0000000|0.0000000|0.0000000|0.0000000|0.0000000|0.0000000|0.0000000|0.0000000,0,1.0,39.65700044711288,0,0,0,0,0,
cross_town,Town02,mixed,7,24,1.2,189.69888305664062,252.3280487060547,0.22163856029510498,90.03919219970703,0.0018463235132821598,500.16605343813944,0.0003691407453701041,1.52587890625e-05,0.0,0.0010277023190219015,0.43551673767163157,0.02487155795097351,0.9856914281845093,0.7204601168632507,0.0,0.8712056875228882,1.7881393032936899e-09,0.9823815226554871,0.30944862961769104,1.1958097219467163,0.09266990423202515,1.0000000|0.0000000|0.0000000|0.0000000|0.0000000|0.0000000|0.0000000|0.0000000|0.0000000|0.0000000,0,1.0,36.007694858315666,0,0,0,0,0,
cross_town,Town02,mixed,7,25,1.25,189.69888305664062,252.3280487060547,0.2216503918170929,90.03919219970703,0.0018463235132821598,500.16605343813944,0.0003691407453701041,1.52587890625e-05,0.0,0.0007476539234792342,0.43503369039710577,0.14092999696731567,0.42611163854599,0.6500427722930908,0.0,0.7912057042121887,0.07999999821186066,0.9872120022773743,0.30944862961769104,1.2771464586257935,2.1151156425476074,1.0000000|0.0000000|0.0000000|0.0000000|0.0000000|0.0000000|0.0000000|0.0000000|0.0000000|0.0000000,0,1.0,32.93949887325099,0,0,0,0,0,
cross_town,Town02,mixed,7,26,1.3,189.69888305664062,252.3280487060547,0.22165897488594055,90.03919219970703,0.0018463235132821598,500.16605343813944,0.0003691407453701041,1.52587890625e-05,0.0,0.0005312919617658393,0.4337551392051733,0.9213851690292358,0.6966310143470764,-0.32660558819770813,0.0,0.7112057209014893,-1.7881393032936899e-09,0.9999974966049194,0.30944862961769104,3.4148242473602295,-0.4745352268218994,1.0000000|0.0000000|0.0000000|0.0000000|0.0000000|0.0000000|0.0000000|0.0000000|0.0000000|0.0000000,0,1.0,30.121590208775693,0,0,0,0,0,
cross_town,Town02,mixed,7,27,1.35,189.69888305664062,252.3280487060547,0.2216614931821823,90.03919219970703,0.0018463235132821598,500.16605343813944,0.0003691407453701041,1.52587890625e-05,0.0,0.00016359328718683038,0.4337583097860798,0.19883084297180176,0.9189431667327881,-0.5566461086273193,0.0,0.7912057042121887,-0.07999999821186066,0.9999657869338989,0.30944862961769104,2.76169753074646,1.3646167516708374,1.0000000|0.0000000|0.0000000|0.0000000|0.0000000|0.0000000|0.0000000|0.0000000|0.0000000|0.0000000,0,1.0,27.923594508059168,0,0,0,0,0,
cross_town,Town02,mixed,7,28,1.4,189.69888305664062,252.3280487060547,0.22166430950164795,90.03919219970703,0.0018463235132821598,500.16605343813944,0.0003691407453701041,1.52587890625e-05,0.0,0.00021996688760140618,0.44475340506766786,0.008267462253570557,0.7371809482574463,0.6874454021453857,0.0,0.7371809482574463,1.7881393032936899e-09,0.8900148272514343,0.800000011920929,0.22272303700447083,0.41954541206359863,1.0000000|0.0000000|0.0000000|0.0000000|0.0000000|0.0000000|0.0000000|0.0000000|0.0000000|0.0000000,0,1.0,26.09069950396116,0,0,0,0,0,
cross_town,Town02,mixed,7,29,1.45,189.69888305664062,252.3280487060547,0.2216673195362091,90.03919219970703,0.0018463235132821598,500.16605343813944,0.0003691407453701041,1.52587890625e-05,0.0,0.0002120704667443773,0.43434565598228253,0.15714097023010254,0.9307469129562378,-0.24474158883094788,0.0,0.8171809315681458,-0.07999999821186066,0.9940925240516663,0.30944862961769104,1.4719561338424683,1.323009967803955,1.0000000|0.0000000|0.0000000|0.0000000|0.0000000|0.0000000|0.0000000|0.0000000|0.0000000|0.0000000,0,1.0,24.50424434955777,0,0,0,0,0,
cross_town,Town02,mixed,7,30,1.5,189.69888305664062,252.3280487060547,0.2216700315475464,90.03919219970703,0.0018463235132821598,500.16605343813944,0.0003691407453701041,1.52587890625e-05,0.0,0.00018058777148028524,0.4345317872213311,0.012920856475830078,0.2931993901729584,0.6597390174865723,0.0,0.7371809482574463,1.7881393032936899e-09,0.9922311902046204,0.800000011920929,0.912458598613739,0.7169524431228638,1.0000000|0.0000000|0.0000000|0.0000000|0.0000000|0.0000000|0.0000000|0.0000000|0.0000000|0.0000000,0,1.0,23.099936835921007,0,0,0,0,0,
cross_town,Town02,mixed,7,31,1.55,189.69888305664062,252.3280487060547,0.2216722071170807,90.03919219970703,0.0018463235132821598,500.16605343813944,0.0003691407453701041,1.52587890625e-05,0.0,0.00014278793905006523,0.4496354422020411,0.18054771423339844,0.9257603883743286,-0.1813405305147171,0.0,0.8171809315681458,-0.07999999821186066,0.8411946296691895,0.3094487190246582,0.6073371171951294,1.4229230880737305,1.0000000|0.0000000|0.0000000|0.0000000|0.0000000|0.0000000|0.0000000|0.0000000|0.0000000|0.0000000,0,1.0,21.840082718877984,0,0,0,0,0,
cross_town,Town02,mixed,7,32,1.6,189.69888305664062,252.3280487060547,0.2216738909482956,90.03919219970703,0.0018463235132821598,500.16605343813944,0.0003691407453701041,1.52587890625e-05,0.0,0.00011024166597907541,0.43396587580850393,0.029693424701690674,0.9562094211578369,0.6743446588516235,0.0,0.8971809148788452,1.7881393032936899e-09,0.997890293598175,0.3094487190246582,1.730324149131775,0.0024917125701904297,1.0000000|0.0000000|0.0000000|0.0000000|0.0000000|0.0000000|0.0000000|0.0000000|0.0000000|0.0000000,0,1.0,20.69974606328772,0,0,0,0,0,
cross_town,Town02,mixed,7,33,1.65,189.69888305664062,252.3280487060547,0.22167514264583588,90.03919219970703,0.0018463235132821598,500.16605343813944,0.0003691407453701041,1.52587890625e-05,0.0,7.99599667470891e-05,0.4337550012211803,0.12626928091049194,0.1864813268184662,0.4833841621875763,0.0,0.8171809315681458,0.07999999821186066,0.9999990463256836,0.3094487190246582,3.671375274658203,2.066286087036133,1.0000000|0.0000000|0.0000000|0.0000000|0.0000000|0.0000000|0.0000000|0.0000000|0.0000000|0.0000000,0,1.0,20.02419734816834,0,0,0,0,0,
cross_town,Town02,mixed,7,34,1.7,189.69888305664062,252.3280487060547,0.22167514264583588,90.03919219970703,0.0018463235132821598,500.16605343813944,0.0003691407453701041,1.52587890625e-05,0.0,5.5240632174261744e-05,0.43375491708983055,0.937712550163269,0.09686076641082764,-0.1878090649843216,0.0,0.7371809482574463,-1.7881393032936899e-09,0.9999998807907104,0.3094487190246582,4.338347434997559,-0.38121986389160156,1.0000000|0.0000000|0.0000000|0.0000000|0.0000000|0.0000000|0.0000000|0.0000000|0.0000000|0.0000000,0,1.0,20.363639569139504,0,0,0,0,0,
cross_town,Town02,mixed,7,35,1.75,189.69888305664062,252.3280487060547,0.22167648375034332,90.03919219970703,0.0018463235132821598,500.16605343813944,0.0003691407453701041,1.52587890625e-05,0.0,1.1673642864009996e-05,0.44257302561972134,0.1691482663154602,0.9260014295578003,-0.21222537755966187,0.0,0.8171809315681458,-0.07999999821186066,0.91181880235672,0.3094487190246582,0.774563193321228,1.3853068351745605,1.0000000|0.0000000|0.0000000|0.0000000|0.0000000|0.0000000|0.0000000|0.0000000|0.0000000|0.0000000,0,1.0,20.012296157019236,0,0,0,0,0,
cross_town,Town02,mixed,7,36,1.8,189.69888305664062,252.3280487060547,0.22167648375034332,90.03919219970703,0.0018463235132821598,500.16605343813944,0.0003691407453701041,1.52587890625e-05,0.0,2.1013279067465304e-05,0.4345298787988351,0.012919962406158447,0.2932671904563904,0.6597678661346436,0.0,0.7371809482574463,1.7881393032936899e-09,0.9922502636909485,0.800000011920929,0.9130814671516418,0.7169532775878906,1.0000000|0.0000000|0.0000000|0.0000000|0.0000000|0.0000000|0.0000000|0.0000000|0.0000000|0.0000000,0,1.0,19.945780992633452,0,0,0,0,0,
cross_town,Town02,mixed,7,37,1.85,189.69888305664062,252.3280487060547,0.22167648375034332,90.03919219970703,0.0018463235132821598,500.16605343813944,0.0003691407453701041,1.52587890625e-05,0.0,1.8608357225344664e-05,0.43702450672254417,0.002401292324066162,0.9936655759811401,0.8521149158477783,0.0,0.8171809315681458,0.07999999821186066,0.967303991317749,0.800000011920929,0.546815037727356,0.5617303252220154,1.0000000|0.0000000|0.0000000|0.0000000|0.0000000|0.0000000|0.0000000|0.0000000|0.0000000|0.0000000,0,1.0,19.219353498165905,0,0,0,0,0,
cross_town,Town02,mixed,7,38,1.9,189.69888305664062,252.3280487060547,0.22167648375034332,90.03919219970703,0.0018463235132821598,500.16605343813944,0.0003691407453701041,1.52587890625e-05,0.0,2.0050445057422508e-05,0.4403296673798182,0.3466531038284302,0.5874529480934143,0.39316561818122864,0.0,0.7371809482574463,0.1599999964237213,0.9342523813247681,0.800000011920929,0.3634806275367737,0.3856872320175171,1.0000000|0.0000000|0.0000000|0.0000000|0.0000000|0.0000000|0.0000000|0.0000000|0.0000000|0.0000000,0,1.0,18.948819179784937,0,0,0,0,0,
cross_town,Town02,mixed,7,39,1.95,189.69888305664062,252.3280487060547,0.22167648375034332,90.03919219970703,0.0018463235132821598,500.16605343813944,0.0003691407453701041,1.52587890625e-05,0.0,1.8196776711745346e-05,0.43375490551134666,0.8473007678985596,0.9414665699005127,-0.26278749108314514,0.0,0.8171809315681458,0.07999999821186066,1.0,0.3094487190246582,5.477478981018066,0.07445794343948364,1.0000000|0.0000000|0.0000000|0.0000000|0.0000000|0.0000000|0.0000000|0.0000000|0.0000000|0.0000000,0,1.0,18.763490458410942,0,0,0,0,0,
cross_town,Town02,mixed,7,40,2.0,189.69888305664062,252.3280487060547,0.22167761623859406,90.03919219970703,0.0018463235132821598,500.16605343813944,0.0003691407453701041,1.52587890625e-05,0.0,1.551867655304664e-05,0.4403297031414421,0.3466531038284302,0.5874528884887695,0.3931657075881958,0.0,0.7371809482574463,0.1599999964237213,0.9342520236968994,0.800000011920929,0.3634795546531677,0.3856872320175171,1.0000000|0.0000000|0.0000000|0.0000000|0.0000000|0.0000000|0.0000000|0.0000000|0.0000000|0.0000000,0,1.0,18.894685070658372,0,0,0,0,0,
cross_town,Town02,mixed,7,41,2.05,189.69888305664062,252.3280487060547,0.22167761623859406,90.03919219970703,0.0018463235132821598,500.16605343813944,0.0003691407453701041,1.52587890625e-05,0.0,8.687392069161931e-06,0.43375490551206786,0.803382158279419,0.9406237602233887,-0.3009324371814728,0.0,0.8171809315681458,0.07999999821186066,1.0,0.3094487190246582,6.479310035705566,0.110343337059021,1.0000000|0.0000000|0.0000000|0.0000000|0.0000000|0.0000000|0.0000000|0.0000000|0.0000000|0.0000000,0,1.0,16.65259428773582,0,0,0,0,0,
cross_town,Town02,mixed,7,42,2.1,189.69888305664062,252.3280487060547,0.22167761623859406,90.03919219970703,0.0018463235132821598,500.16605343813944,0.0003691407453701041,1.52587890625e-05,0.0,7.278456163046475e-06,0.4337549051688553,0.943073034286499,0.10530972480773926,-0.19162015616893768,0.0,0.7371809482574463,-1.7881393032936899e-09,1.0,0.3094487190246582,5.09608793258667,-0.39026594161987305,1.0000000|0.0000000|0.0000000|0.0000000|0.0000000|0.0000000|0.0000000|0.0000000|0.0000000|0.0000000,0,1.0,15.075986819475146,0,0,0,0,0,
cross_town,Town02,mixed,7,43,2.15,189.69888305664062,252.3280487060547,0.22167761623859406,90.03919219970703,0.0018463235132821598,500.16605343813944,0.0003691407453701041,1.52587890625e-05,0.0,5.081340810103431e-06,0.43533516207916273,0.1517322063446045,0.9295684695243835,-0.2366742491722107,0.0,0.8171809315681458,-0.07999999821186066,0.9841974377632141,0.3094487190246582,1.2234642505645752,1.3529086112976074,1.0000000|0.0000000|0.0000000|0.0000000|0.0000000|0.0000000|0.0000000|0.0000000|0.0000000|0.0000000,0,1.0,13.932326140238454,0,0,0,0,0,
cross_town,Town02,mixed,7,44,2.2,189.69888305664062,252.3280487060547,0.22167761623859406,90.03919219970703,0.0018463235132821598,500.16605343813944,0.0003691407453701041,1.52587890625e-05,0.0,0.0,0.44825737685436395,0.027719974517822266,0.9605036973953247,0.7183256149291992,0.0,0.8971809148788452,1.7881393032936899e-09,0.8549752831459045,0.3094487190246582,0.6340933442115784,-0.08940404653549194,1.0000000|0.0000000|0.0000000|0.0000000|0.0000000|0.0000000|0.0000000|0.0000000|0.0000000|0.0000000,0,1.0,13.202892125730614,0,0,0,0,0,
cross_town,Town02,mixed,7,45,2.25,189.69888305664062,252.3280487060547,0.2214689999818802,90.03919219970703,0.0018463235132821598,500.16605343813944,0.0003691407453701041,1.52587890625e-05,0.0,0.009180106781442703,0.4337584463715223,0.13399845361709595,0.20803886651992798,0.5102124810218811,0.0,0.8171809315681458,0.07999999821186066,0.9999645948410034,0.3094487190246582,2.752652645111084,2.0775375366210938,1.0000000|0.0000000|0.0000000|0.0000000|0.0000000|0.0000000|0.0000000|0.0000000|0.0000000|0.0000000,0,1.0,12.846268899566708,0,0,0,0,0,
cross_town,Town02,mixed,7,46,2.3,189.69888305664062,252.3280487060547,0.22141551971435547,90.03919219970703,0.0018463235132821598,500.16605343813944,0.0003691407453701041,1.52587890625e-05,0.0,0.0011558990233759335,0.4337600430893393,0.9257646203041077,0.1058344841003418,-0.17940908670425415,0.0,0.7371809482574463,-1.7881393032936899e-09,0.9999486207962036,0.3094487190246582,2.6595733165740967,-0.3713620901107788,1.0000000|0.0000000|0.0000000|0.0000000|0.0000000|0.0000000|0.0000000|0.0000000|0.0000000|0.0000000,0,1.0,12.812331593617735,0,0,0,0,0,
cross_town,Town02,mixed,7,47,2.35,189.69888305664062,252.3280487060547,0.22143077850341797,90.03919219970703,0.0018463235132821598,500.16605343813944,0.0003691407453701041,1.52587890625e-05,0.0,0.0021727179664605373,0.437049277727559,0.00240442156791687,0.9936563968658447,0.8520722985267639,0.0,0.8171809315681458,0.07999999821186066,0.9670562744140625,0.800000011920929,0.5448644757270813,0.5620696544647217,1.0000000|0.0000000|0.0000000|0.0000000|0.0000000|0.0000000|0.0000000|0.0000000|0.0000000|0.0000000,0,1.0,12.803998682070198,0,0,0,0,0,
cross_town,Town02,mixed,7,48,2.4,189.69888305664062,252.3280487060547,0.22147110104560852,90.03919219970703,0.0018463235132821598,500.16605343813944,0.0003691407453701041,1.52587890625e-05,0.0,0.003188095011017441,0.44037257080311715,0.3471367657184601,0.5876346230506897,0.3930719494819641,0.0,0.7371809482574463,0.1599999964237213,0.9338233470916748,0.800000011920929,0.3617399334907532,0.38515913486480713,1.0000000|0.0000000|0.0000000|0.0000000|0.0000000|0.0000000|0.0000000|0.0000000|0.0000000|0.0000000,0,1.0,12.99591859771935,0,0,0,0,0,
cross_town,Town02,mixed,7,49,2.45,189.69888305664062,252.3280487060547,0.22151575982570648,90.03919219970703,0.0018463235132821598,500.16605343813944,0.0003691407453701041,1.52587890625e-05,0.0,0.003141471729127061,0.4337549055122623,0.7937437295913696,0.9490921497344971,-0.33584436774253845,0.0,0.8171809315681458,0.07999999821186066,1.0,0.3094487190246582,6.303897380828857,0.170745849609375,1.0000000|0.0000000|0.0000000|0.0000000|0.0000000|0.0000000|0.0000000|0.0000000|0.0000000|0.0000000,0,1.0,13.0810366905307,0,0,0,0,0,
cross_town,Town02,mixed,7,50,2.5,189.69888305664062,252.3280487060547,0.22155585885047913,90.03919219970703,0.0018463235132821598,500.16605343813944,0.0003691407453701041,1.52587890625e-05,0.0,0.002689109835839633,0.4403888948390716,0.34735435247421265,0.5877165198326111,0.39302992820739746,0.0,0.7371809482574463,0.1599999964237213,0.9336299300193787,0.800000011920929,0.36095863580703735,0.3849220275878906,1.0000000|0.0000000|0.0000000|0.0000000|0.0000000|0.0000000|0.0000000|0.0000000|0.0000000|0.0000000,0,1.0,13.328098469255837,0,0,0,0,0,
cross_town,Town02,mixed,7,51,2.55,189.69888305664062,252.3280487060547,0.22158867120742798,90.03919219970703,0.0018463235132821598,500.16605343813944,0.0003691407453701041,1.52587890625e-05,0.0,0.0021400335730100196,0.4337270201818439,0.822039008140564,0.9486396312713623,-0.3117288649082184,0.0,0.8171809315681458,0.07999999821186066,1.0,0.30943068861961365,5.849284648895264,0.1417548656463623,1.0000000|0.0000000|0.0000000|0.0000000|0.0000000|0.0000000|0.0000000|0.0000000|0.0000000|0.0000000,0,1.0,13.427042307281464,0,0,0,0,0,
cross_town,Town02,mixed,7,52,2.6,189.69888305664062,252.3280487060547,0.22161395847797394,90.03919219970703,0.0018463235132821598,500.16605343813944,0.0003691407453701041,1.52587890625e-05,0.0,0.0016230925872682857,0.43374969804054686,0.9482409358024597,0.05191102623939514,-0.3379625380039215,0.0,0.7371809482574463,-1.7881393032936899e-09,0.999269425868988,0.3092823028564453,1.995936393737793,-0.3969041109085083,1.0000000|0.0000000|0.0000000|0.0000000|0.0000000|0.0000000|0.0000000|0.0000000|0.0000000|0.0000000,0,1.0,13.638378722934684,0,0,0,0,0,
cross_town,Town02,mixed,7,53,2.65,189.69888305664062,252.3280487060547,0.22162196040153503,90.03919219970703,0.0018463235132821598,500.16605343813944,0.0003691407453701041,1.52587890625e-05,0.0,0.0005436859166466032,0.45764123218680597,0.20739853382110596,0.9349667429924011,-0.15431807935237885,0.0,0.8171809315681458,-0.07999999821186066,0.759589433670044,0.3089829981327057,0.4786245822906494,1.3933707475662231,1.0000000|0.0000000|0.0000000|0.0000000|0.0000000|0.0000000|0.0000000|0.0000000|0.0000000|0.0000000,0,1.0,13.625553614002325,0,0,0,0,0,
cross_town,Town02,mixed,7,54,2.7,189.69888305664062,252.3280487060547,0.2216314971446991,90.03919219970703,0.0018463235132821598,500.16605343813944,0.0003691407453701041,1.52587890625e-05,0.0,0.0007421951401415752,0.4342770693824234,0.012922346591949463,0.29308897256851196,0.6596918106079102,0.0,0.7371809482574463,1.7881393032936899e-09,0.9921993613243103,0.800000011920929,0.911430835723877,0.7169511318206787,1.0000000|0.0000000|0.0000000|0.0000000|0.0000000|0.0000000|0.0000000|0.0000000|0.0000000|0.0000000,0,1.0,13.188796069374044,0,0,0,0,0,
cross_town,Town02,mixed,7,55,2.75,189.69888305664062,252.3280487060547,0.2216416895389557,90.03919219970703,0.0018463235132821598,500.16605343813944,0.0003691407453701041,1.52587890625e-05,0.0,0.0007191581768640636,0.44747679818529684,0.20870283246040344,0.9231590032577515,-0.058965131640434265,0.0,0.8171809315681458,-0.058965131640434265,0.8939729928970337,0.3079298138618469,0.7250656485557556,1.540815830230713,1.0000000|0.0000000|0.0000000|0.0000000|0.0000000|0.0000000|0.0000000|0.0000000|0.0000000|0.0000000,0,1.0,10.719035496966123,0,0,0,0,0,
cross_town,Town02,mixed,7,56,2.8,189.69888305664062,252.3280487060547,0.22165080904960632,90.03919219970703,0.0018463235132821598,500.16605343813944,0.0003691407453701041,1.52587890625e-05,0.0,0.000606548322349888,0.44514566713140674,0.017614662647247314,0.22472834587097168,0.4147898852825165,0.0,0.7371809482574463,0.02103486843407154,0.8806153535842896,0.800000011920929,0.19956757128238678,0.6990740299224854,1.0000000|0.0000000|0.0000000|0.0000000|0.0000000|0.0000000|0.0000000|0.0000000|0.0000000|0.0000000,0,1.0,9.012831736119788,0,0,0,0,0,
cross_town,Town02,mixed,7,57,2.85,189.69888305664062,252.3280487060547,0.22165820002555847,90.03919219970703,0.0018463235132821598,500.16605343813944,0.0003691407453701041,1.52587890625e-05,0.0,0.0004783859128131556,0.43570492206261874,0.7226343154907227,0.8951509594917297,-0.28012505173683167,0.0,0.8171809315681458,-0.058965131640434265,0.9731325507164001,0.3062751293182373,1.091125726699829,0.90659499168396,1.0000000|0.0000000|0.0000000|0.0000000|0.0000000|0.0000000|0.0000000|0.0000000|0.0000000|0.0000000,0,1.0,7.753039324012373,0,0,0,0,0,
cross_town,Town02,mixed,7,58,2.9,189.69888305664062,252.3280487060547,0.22166384756565094,90.03919219970703,0.0018463235132821598,500.16605343813944,0.0003691407453701041,1.52587890625e-05,0.0,0.00036138154920189005,0.44307840580118507,0.05705958604812622,0.9767712354660034,0.6383593082427979,0.0,0.8971809148788452,0.02103486843407154,0.8971920013427734,0.3052239716053009,0.7363777756690979,0.7753316164016724,1.0000000|0.0000000|0.0000000|0.0000000|0.0000000|0.0000000|0.0000000|0.0000000|0.0000000|0.0000000,0,1.0,6.7989485398995315,0,0,0,0,0,
cross_town,Town02,mixed,7,59,2.95,189.69888305664062,252.3280487060547,0.22166807949543,90.03919219970703,0.0018463235132821598,500.16605343813944,0.0003691407453701041,1.52587890625e-05,0.0,0.00026902776303096564,0.4327570080208298,0.20618832111358643,0.10103678703308105,-0.37358349561691284,0.0,0.8171809315681458,-0.058965131640434265,0.9978668093681335,0.3040240705013275,1.7329728603363037,1.4725024700164795,1.0000000|0.0000000|0.0000000|0.0000000|0.0000000|0.0000000|0.0000000|0.0000000|0.0000000|0.0000000,0,1.0,6.040118224212867,0,0,0,0,0,
cross_town,Town02,mixed,7,60,3.0,189.69888305664062,252.3280487060547,0.22167113423347473,90.03919219970703,0.0018463235132821598,500.16605343813944,0.0003691407453701041,1.52587890625e-05,0.0,0.00019208907473150673,0.43236741982800597,0.061817556619644165,0.9790852069854736,0.7107985019683838,0.0,0.8971809148788452,0.02103486843407154,0.9988676309585571,0.3026767373085022,1.8929054737091064,0.8034418821334839,1.0000000|0.0000000|0.0000000|0.0000000|0.0000000|0.0000000|0.0000000|0.0000000|0.0000000|0.0000000,0,1.0,5.422244416759314,0,0,0,0,0,
cross_town,Town02,mixed,7,61,3.05,189.69888305664062,252.3280487060547,0.22167259454727173,90.03919219970703,0.0018463235132821598,500.16605343813944,0.0003691407453701041,1.52587890625e-05,0.0,3.3783052674886064e-05,0.43936107335508207,0.6275565028190613,0.3294548988342285,0.6023315191268921,0.0,0.8171809315681458,0.10103486478328705,0.925654411315918,0.800000011920929,0.3304441571235657,0.5257807374000549,1.0000000|0.0000000|0.0000000|0.0000000|0.0000000|0.0000000|0.0000000|0.0000000|0.0000000|0.0000000,0,1.0,4.908137520570471,0,0,0,0,0,
cross_town,Town02,mixed,7,62,3.1,189.69888305664062,252.3280487060547,0.22167259454727173,90.03919219970703,0.0018463235132821598,500.16605343813944,0.0003691407453701041,1.52587890625e-05,0.0,6.550657224160887e-05,0.43215103813956046,0.9796677827835083,0.023490488529205322,-0.31226763129234314,0.0,0.7371809482574463,0.021034864708781242,0.9940661191940308,0.2995426058769226,1.4807398319244385,-0.7360430955886841,1.0000000|0.0000000|0.0000000|0.0000000|0.0000000|0.0000000|0.0000000|0.0000000|0.0000000|0.0000000,0,1.0,4.474530346267598,0,0,0,0,0,
cross_town,Town02,mixed,7,63,3.15,189.69888305664062,252.3280487060547,0.2216743379831314,90.03919219970703,0.0018463235132821598,500.16605343813944,0.0003691407453701041,1.52587890625e-05,0.0,6.969452287443257e-05,0.44620370835050277,0.30508750677108765,0.6343510150909424,0.27266737818717957,0.0,0.6571809649467468,0.10103486478328705,0.8494096994400024,0.2977571189403534,0.6347375512123108,1.2137455940246582,1.0000000|0.0000000|0.0000000|0.0000000|0.0000000|0.0000000|0.0000000|0.0000000|0.0000000|0.0000000,0,1.0,4.1105426464673105,0,0,0,0,0,
cross_town,Town02,mixed,7,64,3.2,189.69888305664062,252.3280487060547,0.2216743379831314,90.03919219970703,0.0018463235132821598,500.16605343813944,0.0003691407453701041,1.52587890625e-05,0.0,5.853654833019068e-05,0.4306936695293601,0.2641324996948242,0.5890792608261108,-0.6042061448097229,0.0,0.5890792608261108,0.021034864708781242,1.0,0.2958293855190277,5.246054172515869,1.019585132598877,1.0000000|0.0000000|0.0000000|0.0000000|0.0000000|0.0000000|0.0000000|0.0000000|0.0000000|0.0000000,0,1.0,3.990303646795978,0,0,0,0,0,
cross_town,Town02,mixed,7,65,3.25,189.69888305664062,252.3280487060547,0.22167597711086273,90.03919219970703,0.0018463235132821598,500.16605343813944,0.0003691407453701041,1.52587890625e-05,0.0,4.6623229841251036e-05,0.4302516191741541,0.09278413653373718,0.30961233377456665,0.16169282793998718,0.0,0.5090792775154114,0.10103486478328705,1.0,0.293803870677948,4.618395805358887,1.8256456851959229,1.0000000|0.0000000|0.0000000|0.0000000|0.0000000|0.0000000|0.0000000|0.0000000|0.0000000|0.0000000,0,1.0,4.398696234537935,0,0,0,0,0,
cross_town,Town02,mixed,7,66,3.3,189.69888305664062,252.3280487060547,0.22167597711086273,90.03919219970703,0.0018463235132821598,500.16605343813944,0.0003691407453701041,1.52587890625e-05,0.0,3.8383618406276547e-05,0.4298466861314012,0.14493191242218018,0.3674927353858948,-0.4331074655056,0.0,0.4290792644023895,0.021034864708781242,0.9999998807907104,0.29189345240592957,4.098611354827881,2.1386032104492188,1.0000000|0.0000000|0.0000000|0.0000000|0.0000000|0.0000000|0.0000000|0.0000000|0.0000000|0.0000000,0,1.0,4.826646551584469,0,0,0,0,0,
cross_town,Town02,mixed,7,67,3.35,189.69888305664062,252.3280487060547,0.2216770052909851,90.03919219970703,0.0018463235132821598,500.16605343813944,0.0003691407453701041,1.52587890625e-05,0.0,2.8358705761533066e-05,0.4294494958442487,0.016079306602478027,0.889160692691803,0.47124582529067993,0.0,0.5090792775154114,0.10103486478328705,1.0,0.800000011920929,5.056568145751953,1.73702073097229,1.0000000|0.0000000|0.0000000|0.0000000|0.0000000|0.0000000|0.0000000|0.0000000|0.0000000|0.0000000,0,1.0,4.898366231563156,0,0,0,0,0,
cross_town,Town02,mixed,7,68,3.4,189.69888305664062,252.3280487060547,0.2216770052909851,90.03919219970703,0.0018463235132821598,500.16605343813944,0.0003691407453701041,1.52587890625e-05,0.0,1.86425542431118e-05,0.4357330577333898,0.029777467250823975,0.9244709014892578,0.07250794768333435,0.0,0.5890792608261108,0.07250794768333435,0.9999997615814209,0.800000011920929,3.525801420211792,1.216806411743164,1.0000000|0.0000000|0.0000000|0.0000000|0.0000000|0.0000000|0.0000000|0.0000000|0.0000000|0.0000000,0,1.0,4.580410984888009,0,0,0,0,0,
cross_town,Town02,mixed,7,69,3.45,189.69888305664062,252.3280487060547,0.2216770052909851,90.03919219970703,0.0018463235132821598,500.16605343813944,0.0003691407453701041,1.52587890625e-05,0.0,1.6204860310588664e-05,0.43072347712313896,0.2120303213596344,0.27833786606788635,-0.4079071581363678,0.0,0.5090792775154114,-0.007492052391171455,0.9784893989562988,0.2869555652141571,1.1674106121063232,1.867647409439087,1.0000000|0.0000000|0.0000000|0.0000000|0.0000000|0.0000000|0.0000000|0.0000000|0.0000000|0.0000000,0,1.0,4.311195457770866,0,0,0,0,0,
cross_town,Town02,mixed,7,70,3.5,189.69888305664062,252.3280487060547,0.2216770052909851,90.03919219970703,0.0018463235132821598,500.16605343813944,0.0003691407453701041,1.52587890625e-05,0.0,7.003784117959044e-06,0.42821652881623695,0.00838974118232727,0.9741319417953491,0.6150864362716675,0.0,0.5890792608261108,0.07250794768333435,0.9986026883125305,0.800000011920929,1.3429453372955322,1.103594183921814,1.0000000|0.0000000|0.0000000|0.0000000|0.0000000|0.0000000|0.0000000|0.0000000|0.0000000|0.0000000,0,1.0,4.078323907288347,0,0,0,0,0,
cross_town,Town02,mixed,7,71,3.55,189.69888305664062,252.3280487060547,0.2216770052909851,90.03919219970703,0.0018463235132821598,500.16605343813944,0.0003691407453701041,1.52587890625e-05,0.0,6.7635447642896386e-06,0.43603949028891686,0.18427354097366333,0.24315282702445984,-0.3993431031703949,0.0,0.5090792775154114,-0.007492052391171455,0.9150218963623047,0.2834111750125885,0.8107272982597351,1.8434884548187256,1.0000000|0.0000000|0.0000000|0.0000000|0.0000000|0.0000000|0.0000000|0.0000000|0.0000000|0.0000000,0,1.0,3.8799418948395856,0,0,0,0,0,
cross_town,Town02,mixed,7,72,3.6,189.69888305664062,252.3280487060547,0.2216770052909851,90.03919219970703,0.0018463235132821598,500.16605343813944,0.0003691407453701041,1.52587890625e-05,0.0,7.587528047117491e-06,0.4361949440749913,0.07633259892463684,0.3061097264289856,0.10844330489635468,0.0,0.4290792644023895,0.07250794768333435,0.9077385663986206,0.2815231382846832,0.7900594472885132,2.1123571395874023,1.0000000|0.0000000|0.0000000|0.0000000|0.0000000|0.0000000|0.0000000|0.0000000|0.0000000|0.0000000,0,1.0,3.735229468291048,0,0,0,0,0,
cross_town,Town02,mixed,7,73,3.65,189.69888305664062,252.3280487060547,0.2216770052909851,90.03919219970703,0.0018463235132821598,500.16605343813944,0.0003691407453701041,1.52587890625e-05,0.0,6.900789186872304e-06,0.4263791095510609,0.03552091121673584,0.7216448783874512,0.302859902381897,0.0,0.5090792775154114,0.152507945895195,1.0,0.800000011920929,4.090014934539795,1.6721701622009277,1.0000000|0.0000000|0.0000000|0.0000000|0.0000000|0.0000000|0.0000000|0.0000000|0.0000000|0.0000000,0,1.0,3.8811521779083678,0,0,0,0,0,
cross_town,Town02,mixed,7,74,3.7,189.69888305664062,252.3280487060547,0.2216770052909851,90.03919219970703,0.0018463235132821598,500.16605343813944,0.0003691407453701041,1.52587890625e-05,0.0,5.081181442067198e-06,0.4258054051572769,0.19314885139465332,0.39895743131637573,-0.47214511036872864,0.0,0.4290792644023895,0.07250794768333435,0.9999982118606567,0.27764660120010376,3.5380489826202393,2.0089962482452393,1.0000000|0.0000000|0.0000000|0.0000000|0.0000000|0.0000000|0.0000000|0.0000000|0.0000000|0.0000000,0,1.0,3.9633322805425144,0,0,0,0,0,
cross_town,Town02,mixed,7,75,3.75,189.69888305664062,252.3280487060547,0.2216770052909851,90.03919219970703,0.0018463235132821598,500.16605343813944,0.0003691407453701041,1.52587890625e-05,0.0,5.2871747727456706e-06,0.42554145484168077,0.08046752214431763,0.40583980083465576,-0.30631157755851746,0.0,0.40583980083465576,-0.007492052391171455,0.9967189431190491,0.2758360803127289,1.6532377004623413,2.222844123840332,1.0000000|0.0000000|0.0000000|0.0000000|0.0000000|0.0000000|0.0000000|0.0000000|0.0000000|0.0000000,0,1.0,3.923556862125878,0,0,0,0,0,
cross_town,Town02,mixed,7,76,3.8,189.69888305664062,252.3280487060547,0.2216770052909851,90.03919219970703,0.0018463235132821598,500.16605343813944,0.0003691407453701041,1.52587890625e-05,0.0,6.0790487545840345e-06,0.42987204353859915,0.06738674640655518,0.38885927200317383,-0.05230766534805298,0.0,0.38885927200317383,-0.05230766534805298,0.9999995231628418,0.2740335762500763,3.8650615215301514,2.2309699058532715,1.0000000|0.0000000|0.0000000|0.0000000|0.0000000|0.0000000|0.0000000|0.0000000|0.0000000|0.0000000,0,1.0,3.880162918288057,0,0,0,0,0,
cross_town,Town02,mixed,7,77,3.85,189.69888305664062,252.3280487060547,0.2216770052909851,90.03919219970703,0.0018463235132821598,500.16605343813944,0.0003691407453701041,1.52587890625e-05,0.0,6.797792891028683e-06,0.42397286465830575,0.05662977695465088,0.2897050976753235,0.16645853221416473,0.0,0.308859258890152,0.027692334726452827,0.9999525547027588,0.2722364366054535,2.716722011566162,2.2045366764068604,1.0000000|0.0000000|0.0000000|0.0000000|0.0000000|0.0000000|0.0000000|0.0000000|0.0000000|0.0000000,0,1.0,3.815273536594751,0,0,0,0,0,
cross_town,Town02,mixed,7,78,3.9,189.69888305664062,252.3280487060547,0.2216770052909851,90.03919219970703,0.0018463235132821598,500.16605343813944,0.0003691407453701041,1.52587890625e-05,0.0,4.806553235827762e-07,0.42330714274596226,0.05957874655723572,0.48311471939086914,-0.3432622253894806,0.0,0.38885927200317383,-0.05230766534805298,1.0,0.27043673396110535,9.687827110290527,2.2029201984405518,1.0000000|0.0000000|0.0000000|0.0000000|0.0000000|0.0000000|0.0000000|0.0000000|0.0000000|0.0000000,0,1.0,3.7349893731777124,0,0,0,0,0,
cross_town,Town02,mixed,7,79,3.95,189.69888305664062,252.3280487060547,0.2216770052909851,90.03919219970703,0.0018463235132821598,500.16605343813944,0.0003691407453701041,1.52587890625e-05,0.0,1.6822917261058927e-06,0.42261588529007815,0.014147281646728516,0.8954553604125977,0.7248152494430542,0.0,0.4688592851161957,0.027692334726452827,1.0,0.800000011920929,4.698626518249512,1.4251254796981812,1.0000000|0.0000000|0.0000000|0.0000000|0.0000000|0.0000000|0.0000000|0.0000000|0.0000000|0.0000000,0,1.0,3.6497463553812772,0,0,0,0,0,
cross_town,Town02,mixed,7,80,4.0,189.69888305664062,252.3280487060547,0.2216770052909851,90.03919219970703,0.0018463235132821598,500.16605343813944,0.0003691407453701041,1.52587890625e-05,0.0,4.0224935805327685e-06,0.4219848414403143,0.013059377670288086,0.9165195226669312,0.5045014023780823,0.0,0.5488592982292175,0.10769233107566833,0.9990860223770142,0.800000011920929,1.449212670326233,1.5223560333251953,1.0000000|0.0000000|0.0000000|0.0000000|0.0000000|0.0000000|0.0000000|0.0000000|0.0000000|0.0000000,0,1.0,3.581697343480267,0,0,0,0,0,
cross_town,Town02,mixed,7,81,4.05,189.69888305664062,252.3280487060547,0.2216770052909851,90.03919219970703,0.0018463235132821598,500.16605343813944,0.0003691407453701041,1.52587890625e-05,0.0,4.119891892338918e-06,0.42115811728491337,0.022053122520446777,0.9525651931762695,-0.06895048916339874,0.0,0.628859281539917,0.02769233100116253,0.9998756647109985,0.800000011920929,1.9481948614120483,0.951910674571991,1.0000000|0.0000000|0.0000000|0.0000000|0.0000000|0.0000000|0.0000000|0.0000000|0.0000000|0.0000000,0,1.0,3.546318033611026,0,0,0,0,0,
cross_town,Town02,mixed,7,82,4.1,189.69888305664062,252.3280487060547,0.2216770052909851,90.03919219970703,0.0018463235132821598,500.16605343813944,0.0003691407453701041,1.52587890625e-05,0.0,5.321528916173164e-06,0.4222285709519373,0.0016384422779083252,0.9963125586509705,0.49567586183547974,0.0,0.7088592648506165,0.10769233107566833,0.9814534187316895,0.800000011920929,0.6921879649162292,0.3550044298171997,1.0000000|0.0000000|0.0000000|0.0000000|0.0000000|0.0000000|0.0000000|0.0000000|0.0000000|0.0000000,0,1.0,3.5115522106711423,0,0,0,0,0,
cross_town,Town02,mixed,7,83,4.15,189.69888305664062,252.3280487060547,0.22167804837226868,90.03919219970703,0.0018463235132821598,500.16605343813944,0.0003691407453701041,1.52587890625e-05,0.0,4.97864097172131e-06,0.4195775107918755,0.5191590189933777,0.567696750164032,-0.6885302066802979,0.0,0.628859281539917,0.02769233100116253,1.0,0.26128125190734863,8.249174118041992,0.7387986183166504,1.0000000|0.0000000|0.0000000|0.0000000|0.0000000|0.0000000|0.0000000|0.0000000|0.0000000|0.0000000,0,1.0,3.4766004333670932,0,0,0,0,0,
cross_town,Town02,mixed,7,84,4.2,189.69888305664062,252.3280487060547,0.22167804837226868,90.03919219970703,0.0018463235132821598,500.16605343813944,0.0003691407453701041,1.52587890625e-05,0.0,5.597339197481333e-06,0.42063489141184585,0.133617103099823,0.3673761487007141,-0.051739055663347244,0.0,0.5488592982292175,-0.051739055663347244,0.9822960495948792,0.259456604719162,1.2445706129074097,1.4486652612686157,1.0000000|0.0000000|0.0000000|0.0000000|0.0000000|0.0000000|0.0000000|0.0000000|0.0000000|0.0000000,0,1.0,3.4415049015777215,0,0,0,0,0,
cross_town,Town02,mixed,7,85,4.25,189.69888305664062,252.3280487060547,0.22167804837226868,90.03919219970703,0.0018463235132821598,500.16605343813944,0.0003691407453701041,1.52587890625e-05,0.0,5.184278273186749e-06,0.4179093034404472,0.005879431962966919,0.9844645857810974,0.723227858543396,0.0,0.628859281539917,0.02826094441115856,0.9999885559082031,0.800000011920929,2.5434718132019043,0.5236489772796631,1.0000000|0.0000000|0.0000000|0.0000000|0.0000000|0.0000000|0.0000000|0.0000000|0.0000000|0.0000000,0,1.0,3.4062911641049296,0,0,0,0,0,
cross_town,Town02,mixed,7,86,4.3,189.69888305664062,252.3280487060547,0.22167804837226868,90.03919219970703,0.0018463235132821598,500.16605343813944,0.0003691407453701041,1.52587890625e-05,0.0,0.0,0.42727636461536206,0.12702623009681702,0.36915451288223267,-0.05409621074795723,0.0,0.5488592982292175,-0.051739055663347244,0.8975754380226135,0.255830854177475,0.7868117094039917,1.466249704360962,1.0000000|0.0000000|0.0000000|0.0000000|0.0000000|0.0000000|0.0000000|0.0000000|0.0000000|0.0000000,0,1.0,3.3709410064603595,0,0,0,0,0,
cross_town,Town02,mixed,7,87,4.35,189.69888305664062,252.3280487060547,0.22167804837226868,90.03919219970703,0.0018463235132821598,500.16605343813944,0.0003691407453701041,1.52587890625e-05,0.0,7.896693099652959e-07,0.41613340014217903,0.005879431962966919,0.9844645261764526,0.7232279777526855,0.0,0.628859281539917,0.02826094441115856,0.9999885559082031,0.800000011920929,2.5434651374816895,0.5236492156982422,1.0000000|0.0000000|0.0000000|0.0000000|0.0000000|0.0000000|0.0000000|0.0000000|0.0000000|0.0000000,0,1.0,3.335440093130483,0,0,0,0,0,
cross_town,Town02,mixed,7,88,4.4,189.69888305664062,252.3280487060547,0.22167804837226868,90.03919219970703,0.0018463235132821598,500.16605343813944,0.0003691407453701041,1.52587890625e-05,0.0,1.4419764541038353e-06,0.42235466169226493,0.14948028326034546,0.42673221230506897,-0.13657653331756592,0.0,0.5488592982292175,-0.051739055663347244,0.9284791946411133,0.25223633646965027,0.8886533975601196,1.394017219543457,1.0000000|0.0000000|0.0000000|0.0000000|0.0000000|0.0000000|0.0000000|0.0000000|0.0000000|0.0000000,0,1.0,3.2998431771944605,0,0,0,0,0,
cross_town,Town02,mixed,7,89,4.45,189.69888305664062,252.3280487060547,0.22167804837226868,90.03919219970703,0.0018463235132821598,500.16605343813944,0.0003691407453701041,1.52587890625e-05,0.0,2.0599610799096267e-06,0.41565823873302227,0.06799516081809998,0.2310163676738739,0.4193844795227051,0.0,0.4688592851161957,0.02826094441115856,0.9858594536781311,0.2504507005214691,1.310666561126709,2.150419235229492,1.0000000|0.0000000|0.0000000|0.0000000|0.0000000|0.0000000|0.0000000|0.0000000|0.0000000|0.0000000,0,1.0,3.2640950227546477,0,0,0,0,0,
cross_town,Town02,mixed,7,90,4.5,189.69888305664062,252.3280487060547,0.22167804837226868,90.03919219970703,0.0018463235132821598,500.16605343813944,0.0003691407453701041,1.52587890625e-05,0.0,2.8839318277395843e-06,0.41377015264370304,0.08545827865600586,0.5046358704566956,-0.19673357903957367,0.0,0.5046358704566956,-0.051739055663347244,0.9948616623878479,0.24867287278175354,1.5677950382232666,2.055363178253174,1.0000000|0.0000000|0.0000000|0.0000000|0.0000000|0.0000000|0.0000000|0.0000000|0.0000000|0.0000000,0,1.0,3.2283400493035157,0,0,0,0,0,
cross_town,Town02,mixed,7,91,4.55,189.69888305664062,252.3280487060547,0.22167804837226868,90.03919219970703,0.0018463235132821598,500.16605343813944,0.0003691407453701041,1.52587890625e-05,0.0,3.845217664838458e-06,0.435825538270954,0.06918829679489136,0.2737625241279602,0.34114497900009155,0.0,0.4246358573436737,0.02826094441115856,0.7639144062995911,0.24690282344818115,0.546662449836731,2.208498001098633,1.0000000|0.0000000|0.0000000|0.0000000|0.0000000|0.0000000|0.0000000|0.0000000|0.0000000|0.0000000,0,1.0,3.084318435512848,0,0,0,0,0,
cross_town,Town02,mixed,7,92,4.6,189.69888305664062,252.3280487060547,0.22167804837226868,90.03919219970703,0.0018463235132821598,500.16605343813944,0.0003691407453701041,1.52587890625e-05,0.0,4.566194337479072e-06,0.41110861047190256,0.01848304271697998,0.8696907758712769,0.431866317987442,0.0,0.5046358704566956,0.10826094448566437,1.0,0.800000011920929,4.427151679992676,1.7674202919006348,1.0000000|0.0000000|0.0000000|0.0000000|0.0000000|0.0000000|0.0000000|0.0000000|0.0000000|0.0000000,0,1.0,2.9491074572173814,0,0,0,0,0,
cross_town,Town02,mixed,7,93,4.65,189.69888305664062,252.3280487060547,0.22167804837226868,90.03919219970703,0.0018463235132821598,500.16605343813944,0.0003691407453701041,1.52587890625e-05,0.0,5.218511832647481e-06,0.4099296832035753,0.19216209650039673,0.36314576864242554,-0.4531276822090149,0.0,0.4246358573436737,0.02826094441115856,1.0,0.24325358867645264,6.386402130126953,1.838324785232544,1.0000000|0.0000000|0.0000000|0.0000000|0.0000000|0.0000000|0.0000000|0.0000000|0.0000000|0.0000000,0,1.0,2.8356924405601305,0,0,0,0,0,
cross_town,Town02,mixed,7,94,4.7,189.69888305664062,252.3280487060547,0.22167804837226868,90.03919219970703,0.0018463235132821598,500.16605343813944,0.0003691407453701041,1.52587890625e-05,0.0,5.8708283887911735e-06,0.4107163933995288,0.07687681913375854,0.4816542863845825,-0.19052420556545258,0.0,0.4816542863845825,-0.051739055663347244,0.980032205581665,0.2413558065891266,1.2320095300674438,2.063166379928589,1.0000000|0.0000000|0.0000000|0.0000000|0.0000000|0.0000000|0.0000000|0.0000000|0.0000000|0.0000000,0,1.0,2.9470264841942737,0,0,0,0,0,
cross_town,Town02,mixed,7,95,4.75,189.69888305664062,252.3280487060547,0.22167804837226868,90.03919219970703,0.0018463235132821598,500.16605343813944,0.0003691407453701041,1.52587890625e-05,0.0,4.119893019065259e-07,0.41936838367730883,0.06241583824157715,0.3063036799430847,0.3050574064254761,0.0,0.40165427327156067,0.02826094441115856,0.882055401802063,0.2394784390926361,0.7635315656661987,2.191190719604492,1.0000000|0.0000000|0.0000000|0.0000000|0.0000000|0.0000000|0.0000000|0.0000000|0.0000000|0.0000000,0,1.0,3.081287308996383,0,0,0,0,0,
cross_town,Town02,mixed,7,96,4.8,189.69888305664062,252.3280487060547,0.22167804837226868,90.03919219970703,0.0018463235132821598,500.16605343813944,0.0003691407453701041,1.52587890625e-05,0.0,1.0986359255699447e-06,0.4068822096602284,0.07487007975578308,0.4914563298225403,-0.19075845181941986,0.0,0.4816542863845825,-0.051739055663347244,0.9950897693634033,0.2377622425556183,1.590118169784546,2.153869867324829,1.0000000|0.0000000|0.0000000|0.0000000|0.0000000|0.0000000|0.0000000|0.0000000|0.0000000|0.0000000,0,1.0,3.00235303553842,0,0,0,0,0,
cross_town,Town02,mixed,7,97,4.85,189.69888305664062,252.3280487060547,0.22167804837226868,90.03919219970703,0.0018463235132821598,500.16605343813944,0.0003691407453701041,1.52587890625e-05,0.0,1.7852821883778564e-06,0.4471385171658398,0.06198239326477051,0.2953377366065979,0.3082634210586548,0.0,0.40165427327156067,0.02826094441115856,0.5801897048950195,0.23604893684387207,0.34483909606933594,2.225203275680542,1.0000000|0.0000000|0.0000000|0.0000000|0.0000000|0.0000000|0.0000000|0.0000000|0.0000000|0.0000000,0,1.0,2.924073583030944,0,0,0,0,0,
cross_town,Town02,mixed,7,98,4.9,189.69888305664062,252.3280487060547,0.22167804837226868,90.03919219970703,0.0018463235132821598,500.16605343813944,0.0003691407453701041,1.52587890625e-05,0.0,2.5405911183254513e-06,0.40514599067344387,0.07435175776481628,0.5283557176589966,-0.2089402675628662,0.0,0.4816542863845825,-0.051739055663347244,0.9872223734855652,0.23432089388370514,1.352478265762329,2.1247944831848145,1.0000000|0.0000000|0.0000000|0.0000000|0.0000000|0.0000000|0.0000000|0.0000000|0.0000000|0.0000000,0,1.0,2.844568077411805,0,0,0,0,0,
cross_town,Town02,mixed,7,99,4.95,189.69888305664062,252.3280487060547,0.22167804837226868,90.03919219970703,0.0018463235132821598,500.16605343813944,0.0003691407453701041,1.52587890625e-05,0.0,3.3645643236110197e-06,0.4512633925435301,0.06223946809768677,0.29139548540115356,0.3128558397293091,0.0,0.40165427327156067,0.02826094441115856,0.5125870704650879,0.23257526755332947,0.2800144553184509,2.230151891708374,1.0000000|0.0000000|0.0000000|0.0000000|0.0000000|0.0000000|0.0000000|0.0000000|0.0000000|0.0000000,0,1.0,2.7742101314123846,0,0,0,0,0,
cross_town,Town02,mixed,7,100,5.0,189.69888305664062,252.3280487060547,0.22167804837226868,90.03919219970703,0.0018463235132821598,500.16605343813944,0.0003691407453701041,1.52587890625e-05,0.0,4.119873197188822e-06,0.401123191174419,0.06768837571144104,0.47794368863105774,-0.17229719460010529,0.0,0.47794368863105774,-0.051739055663347244,1.0,0.23081403970718384,4.456655979156494,2.059232711791992,1.0000000|0.0000000|0.0000000|0.0000000|0.0000000|0.0000000|0.0000000|0.0000000|0.0000000|0.0000000,0,1.0,2.720896645841071,0,0,0,0,0,
cross_town,Town02,mixed,7,101,5.05,189.69888305664062,252.3280487060547,0.22167804837226868,90.03919219970703,0.0018463235132821598,500.16605343813944,0.0003691407453701041,1.52587890625e-05,0.0,4.772187419020084e-06,0.3997184774302852,0.009200811386108398,0.9622489213943481,0.6947437524795532,0.0,0.5579437017440796,0.02826094441115856,0.9996613264083862,0.800000011920929,1.697567343711853,0.8892927169799805,1.0000000|0.0000000|0.0000000|0.0000000|0.0000000|0.0000000|0.0000000|0.0000000|0.0000000|0.0000000,0,1.0,2.706084436496145,0,0,0,0,0,
cross_town,Town02,mixed,7,102,5.1,189.69888305664062,252.3280487060547,0.22167804837226868,90.03919219970703,0.0018463235132821598,500.16605343813944,0.0003691407453701041,1.52587890625e-05,0.0,5.4588315863660285e-06,0.41922226186801287,0.11256200075149536,0.42894965410232544,-0.13501997292041779,0.0,0.47794368863105774,-0.051739055663347244,0.7899520397186279,0.22728896141052246,0.6038700938224792,1.5943877696990967,1.0000000|0.0000000|0.0000000|0.0000000|0.0000000|0.0000000|0.0000000|0.0000000|0.0000000|0.0000000,0,1.0,2.6931161673029957,0,0,0,0,0,
cross_town,Town02,mixed,7,103,5.15,189.69888305664062,252.3280487060547,0.22167804837226868,90.03919219970703,0.0018463235132821598,500.16605343813944,0.0003691407453701041,1.52587890625e-05,0.0,1.3733468549547245e-07,0.42640161942150073,0.06659728288650513,0.31340643763542175,0.30172303318977356,0.0,0.3979436755180359,0.02826094441115856,0.703218400478363,0.22555726766586304,0.49011048674583435,2.1881659030914307,1.0000000|0.0000000|0.0000000|0.0000000|0.0000000|0.0000000|0.0000000|0.0000000|0.0000000|0.0000000,0,1.0,2.6897511601093607,0,0,0,0,0,
cross_town,Town02,mixed,7,104,5.2,189.69888305664062,252.3280487060547,0.22167804837226868,90.03919219970703,0.0018463235132821598,500.16605343813944,0.0003691407453701041,1.52587890625e-05,0.0,9.613128592979552e-07,0.3952087414205343,0.021147489547729492,0.8503098487854004,0.35777831077575684,0.0,0.47794368863105774,0.10826094448566437,1.0,0.800000011920929,7.0744805335998535,1.8648219108581543,1.0000000|0.0000000|0.0000000|0.0000000|0.0000000|0.0000000|0.0000000|0.0000000|0.0000000|0.0000000,0,1.0,2.6941427398980986,0,0,0,0,0,
cross_town,Town02,mixed,7,105,5.25,189.69888305664062,252.3280487060547,0.22167804837226868,90.03919219970703,0.0018463235132821598,500.16605343813944,0.0003691407453701041,1.52587890625e-05,0.0,1.6822834144617432e-06,0.4621019266995128,0.21742728352546692,0.5722777843475342,-0.5149799585342407,0.0,0.5579437017440796,0.02826094441115856,0.315742164850235,0.22217939794063568,0.08446837216615677,1.7792232036590576,1.0000000|0.0000000|0.0000000|0.0000000|0.0000000|0.0000000|0.0000000|0.0000000|0.0000000|0.0000000,0,1.0,2.7002921682468606,0,0,0,0,0,
cross_town,Town02,mixed,7,106,5.3,189.69888305664062,252.3280487060547,0.22167804837226868,90.03919219970703,0.0018463235132821598,500.16605343813944,0.0003691407453701041,1.52587890625e-05,0.0,2.368927445149743e-06,0.4040324915760446,0.11355337500572205,0.45190638303756714,-0.12223338335752487,0.0,0.47794368863105774,-0.051739055663347244,0.8809317350387573,0.2205408364534378,0.7797799706459045,1.5805988311767578,1.0000000|0.0000000|0.0000000|0.0000000|0.0000000|0.0000000|0.0000000|0.0000000|0.0000000|0.0000000,0,1.0,2.7017270839154905,0,0,0,0,0,
cross_town,Town02,mixed,7,107,5.35,189.69888305664062,252.3280487060547,0.22167804837226868,90.03919219970703,0.0018463235132821598,500.16605343813944,0.0003691407453701041,1.52587890625e-05,0.0,3.0555725773683623e-06,0.4530261959847307,0.06595438718795776,0.32079917192459106,0.3063979148864746,0.0,0.3979436755180359,0.02826094441115856,0.3752683103084564,0.21893486380577087,0.153644859790802,2.182309150695801,1.0000000|0.0000000|0.0000000|0.0000000|0.0000000|0.0000000|0.0000000|0.0000000|0.0000000|0.0000000,0,1.0,2.692218134195386,0,0,0,0,0,
cross_town,Town02,mixed,7,108,5.4,189.69888305664062,252.3280487060547,0.22167804837226868,90.03919219970703,0.0018463235132821598,500.16605343813944,0.0003691407453701041,1.52587890625e-05,0.0,3.742218549729043e-06,0.3889505261568036,0.021147489547729492,0.8503098487854004,0.3577781021595001,0.0,0.47794368863105774,0.10826094448566437,1.0,0.800000011920929,7.074515342712402,1.8648220300674438,1.0000000|0.0000000|0.0000000|0.0000000|0.0000000|0.0000000|0.0000000|0.0000000|0.0000000|0.0000000,0,1.0,2.6672636973416073,0,0,0,0,0,
cross_town,Town02,mixed,7,109,5.45,189.69888305664062,252.3280487060547,0.22167804837226868,90.03919219970703,0.0018463235132821598,500.16605343813944,0.0003691407453701041,1.52587890625e-05,0.0,4.4288642970511985e-06,0.43030375634931856,0.21810632944107056,0.571078360080719,-0.5024804472923279,0.0,0.5579437017440796,0.02826094441115856,0.5700448751449585,0.21579544246196747,0.35471311211586,1.737184762954712,1.0000000|0.0000000|0.0000000|0.0000000|0.0000000|0.0000000|0.0000000|0.0000000|0.0000000|0.0000000,0,1.0,2.6261404706400495,0,0,0,0,0,
cross_town,Town02,mixed,7,110,5.5,189.69888305664062,252.3280487060547,0.22167804837226868,90.03919219970703,0.0018463235132821598,500.16605343813944,0.0003691407453701041,1.52587890625e-05,0.0,5.149842718851435e-06,0.39195595471413647,0.14126205444335938,0.5152863264083862,-0.12430606782436371,0.0,0.5152863264083862,-0.051739055663347244,0.936602771282196,0.21424417197704315,0.9589658975601196,1.5326248407363892,1.0000000|0.0000000|0.0000000|0.0000000|0.0000000|0.0000000|0.0000000|0.0000000|0.0000000|0.0000000,0,1.0,2.5723576291980517,0,0,0,0,0,
cross_town,Town02,mixed,7,111,5.55,189.69888305664062,252.3280487060547,0.22167804837226868,90.03919219970703,0.0018463235132821598,500.16605343813944,0.0003691407453701041,1.52587890625e-05,0.0,5.9738160750637895e-06,0.43736735439388885,0.06897500157356262,0.3317294716835022,0.36897948384284973,0.0,0.4352863132953644,0.02826094441115856,0.4649893045425415,0.21269364655017853,0.25223827362060547,2.059175968170166,1.0000000|0.0000000|0.0000000|0.0000000|0.0000000|0.0000000|0.0000000|0.0000000|0.0000000|0.0000000,0,1.0,2.512094950680187,0,0,0,0,0,
cross_town,Town02,mixed,7,112,5.6,189.69888305664062,252.3280487060547,0.22167804837226868,90.03919219970703,0.0018463235132821598,500.16605343813944,0.0003691407453701041,1.52587890625e-05,0.0,6.179906282403069e-07,0.3921737382180963,0.07895928621292114,0.5348047018051147,-0.14291445910930634,0.0,0.5152863264083862,-0.051739055663347244,0.8988081812858582,0.21113796532154083,0.8348749876022339,2.0459532737731934,1.0000000|0.0000000|0.0000000|0.0000000|0.0000000|0.0000000|0.0000000|0.0000000|0.0000000|0.0000000,0,1.0,2.4524787164018256,0,0,0,0,0,
cross_town,Town02,mixed,7,113,5.65,189.69888305664062,252.3280487060547,0.22167804837226868,90.03919219970703,0.0018463235132821598,500.16605343813944,0.0003691407453701041,1.52587890625e-05,0.0,1.3389592837528757e-06,0.43385226922325426,0.06952250003814697,0.33555030822753906,0.3662823438644409,0.0,0.4352863132953644,0.02826094441115856,0.46329784393310547,0.20957566797733307,0.2536560297012329,2.0404534339904785,1.0000000|0.0000000|0.0000000|0.0000000|0.0000000|0.0000000|0.0000000|0.0000000|0.0000000|0.0000000,0,1.0,2.4001559277136666,0,0,0,0,0,
cross_town,Town02,mixed,7,114,5.7,189.69888305664062,252.3280487060547,0.22167804837226868,90.03919219970703,0.0018463235132821598,500.16605343813944,0.0003691407453701041,1.52587890625e-05,0.0,2.025605065202407e-06,0.3828682774179867,0.07911187410354614,0.5403175950050354,-0.1358536183834076,0.0,0.5152863264083862,-0.051739055663347244,0.9538621306419373,0.20800958573818207,1.0492119789123535,2.0430498123168945,1.0000000|0.0000000|0.0000000|0.0000000|0.0000000|0.0000000|0.0000000|0.0000000|0.0000000|0.0000000,0,1.0,2.359421730814065,0,0,0,0,0,
cross_town,Town02,mixed,7,115,5.75,189.69888305664062,252.3280487060547,0.22167804837226868,90.03919219970703,0.0018463235132821598,500.16605343813944,0.0003691407453701041,1.52587890625e-05,0.0,2.7122499122986217e-06,0.4132085325581502,0.06379613280296326,0.33082735538482666,0.37509220838546753,0.0,0.4352863132953644,0.02826094441115856,0.6307297348976135,0.20644597709178925,0.4273912012577057,2.04502010345459,1.0000000|0.0000000|0.0000000|0.0000000|0.0000000|0.0000000|0.0000000|0.0000000|0.0000000|0.0000000,0,1.0,2.331861642748581,0,0,0,0,0,
cross_town,Town02,mixed,7,116,5.8,189.69888305664062,252.3280487060547,0.22167804837226868,90.03919219970703,0.0018463235132821598,500.16605343813944,0.0003691407453701041,1.52587890625e-05,0.0,3.4332280956723226e-06,0.37894765876947656,0.07612419128417969,0.517473578453064,-0.14881055057048798,0.0,0.5152863264083862,-0.051739055663347244,0.9532611966133118,0.20489351451396942,1.0489351749420166,2.0290908813476562,1.0000000|0.0000000|0.0000000|0.0000000|0.0000000|0.0000000|0.0000000|0.0000000|0.0000000|0.0000000,0,1.0,2.316077412290559,0,0,0,0,0,
cross_town,Town02,mixed,7,117,5.85,189.69888305664062,252.3280487060547,0.22167804837226868,90.03919219970703,0.0018463235132821598,500.16605343813944,0.0003691407453701041,1.52587890625e-05,0.0,4.257203286026637e-06,0.3966114919815267,0.06145089864730835,0.3402671217918396,0.4096587598323822,0.0,0.4352863132953644,0.02826094441115856,0.7562865018844604,0.2033606320619583,0.5797461271286011,2.0176451206207275,1.0000000|0.0000000|0.0000000|0.0000000|0.0000000|0.0000000|0.0000000|0.0000000|0.0000000|0.0000000,0,1.0,2.3084186860436398,0,0,0,0,0,
cross_town,Town02,mixed,7,118,5.9,189.69888305664062,252.3280487060547,0.22167804837226868,90.03919219970703,0.0018463235132821598,500.16605343813944,0.0003691407453701041,1.52587890625e-05,0.0,4.943847486837525e-06,0.37853755875603756,0.07670551538467407,0.5236917734146118,-0.15113301575183868,0.0,0.5152863264083862,-0.051739055663347244,0.9164910912513733,0.201853409409523,0.8970462083816528,2.011334180831909,1.0000000|0.0000000|0.0000000|0.0000000|0.0000000|0.0000000|0.0000000|0.0000000|0.0000000|0.0000000,0,1.0,2.304678784615077,0,0,0,0,0,
cross_town,Town02,mixed,7,119,5.95,189.69888305664062,252.3280487060547,0.22167804837226868,90.03919219970703,0.0018463235132821598,500.16605343813944,0.0003691407453701041,1.52587890625e-05,0.0,5.630493319986871e-06,0.423853741373038,0.07147365808486938,0.3742113709449768,0.3923368752002716,0.0,0.4352863132953644,0.02826094441115856,0.44261521100997925,0.20037521421909332,0.24198603630065918,1.9595375061035156,1.0000000|0.0000000|0.0000000|0.0000000|0.0000000|0.0000000|0.0000000|0.0000000|0.0000000|0.0000000,0,1.0,2.299648352511107,0,0,0,0,0,
cross_town,Town02,mixed,7,120,6.0,189.69888305664062,252.3280487060547,0.22167804837226868,90.03919219970703,0.0018463235132821598,500.16605343813944,0.0003691407453701041,1.52587890625e-05,0.0,2.7466029139532727e-07,0.36602332810526594,0.01738777756690979,0.8781858086585999,0.4574751555919647,0.0,0.5152863264083862,0.10826094448566437,0.9999998807907104,0.800000011920929,3.6403632164001465,1.7268725633621216,1.0000000|0.0000000|0.0000000|0.0000000|0.0000000|0.0000000|0.0000000|0.0000000|0.0000000|0.0000000,0,1.0,2.28810168778975,0,0,0,0,0,
cross_town,Town02,mixed,7,121,6.05,189.69888305664062,252.3280487060547,0.22167804837226868,90.03919219970703,0.0018463235132821598,500.16605343813944,0.0003691407453701041,1.52587890625e-05,0.0,9.613062569825189e-07,0.363896414667088,0.032211482524871826,0.9266314506530762,0.018271666020154953,0.0,0.5952863097190857,0.02826094441115856,0.9999972581863403,0.800000011920929,2.9043335914611816,1.159132957458496,1.0000000|0.0000000|0.0000000|0.0000000|0.0000000|0.0000000|0.0000000|0.0000000|0.0000000|0.0000000,0,1.0,2.25353764333413,0,0,0,0,0,
cross_town,Town02,mixed,7,122,6.1,189.69888305664062,252.3280487060547,0.22167804837226868,90.03919219970703,0.0018463235132821598,500.16605343813944,0.0003691407453701041,1.52587890625e-05,0.0,1.7852800791735942e-06,0.388057860684444,0.18787658214569092,0.5408602356910706,-0.1260414570569992,0.0,0.5408602356910706,-0.051739055663347244,0.7366412281990051,0.1960957646369934,0.5610501766204834,1.2181811332702637,1.0000000|0.0000000|0.0000000|0.0000000|0.0000000|0.0000000|0.0000000|0.0000000|0.0000000|0.0000000,0,1.0,2.2150224303215564,0,0,0,0,0,
cross_town,Town02,mixed,7,123,6.15,189.69888305664062,252.3280487060547,0.22167804837226868,90.03919219970703,0.0018463235132821598,500.16605343813944,0.0003691407453701041,1.52587890625e-05,0.0,2.506256726699181e-06,0.42992001365917587,0.07176658511161804,0.41644442081451416,0.45037442445755005,0.0,0.4608602225780487,0.02826094441115856,0.29580315947532654,0.19469612836837769,0.0884629487991333,1.8318878412246704,1.0000000|0.0000000|0.0000000|0.0000000|0.0000000|0.0000000|0.0000000|0.0000000|0.0000000|0.0000000,0,1.0,2.1780652436280126,0,0,0,0,0,
cross_town,Town02,mixed,7,124,6.2,189.69888305664062,252.3280487060547,0.22167804837226868,90.03919219970703,0.0018463235132821598,500.16605343813944,0.0003691407453701041,1.52587890625e-05,0.0,3.158571349358796e-06,0.35725318784510335,0.013922125101089478,0.9080762267112732,0.4929262101650238,0.0,0.5408602356910706,0.10826094448566437,0.9997727274894714,0.800000011920929,1.7972943782806396,1.5725165605545044,1.0000000|0.0000000|0.0000000|0.0000000|0.0000000|0.0000000|0.0000000|0.0000000|0.0000000|0.0000000,0,1.0,2.1404627332434853,0,0,0,0,0,
cross_town,Town02,mixed,7,125,6.25,189.69888305664062,252.3280487060547,0.22167804837226868,90.03919219970703,0.0018463235132821598,500.16605343813944,0.0003691407453701041,1.52587890625e-05,0.0,3.845215865429894e-06,0.3549149891033584,0.02502262592315674,0.946285605430603,-0.05526052415370941,0.0,0.62086021900177,0.02826094441115856,0.999972939491272,0.800000011920929,2.329594373703003,1.0050444602966309,1.0000000|0.0000000|0.0000000|0.0000000|0.0000000|0.0000000|0.0000000|0.0000000|0.0000000|0.0000000,0,1.0,2.1032152997716445,0,0,0,0,0,
cross_town,Town02,mixed,7,126,6.3,189.69888305664062,252.3280487060547,0.22167804837226868,90.03919219970703,0.0018463235132821598,500.16605343813944,0.0003691407453701041,1.52587890625e-05,0.0,4.600529699240074e-06,0.3738864124322993,0.2549029588699341,0.5970479846000671,-0.21085716784000397,0.0,0.5970479846000671,-0.051739055663347244,0.7865894436836243,0.19054478406906128,0.6355773210525513,1.0455353260040283,1.0000000|0.0000000|0.0000000|0.0000000|0.0000000|0.0000000|0.0000000|0.0000000|0.0000000|0.0000000,0,1.0,2.065991470301716,0,0,0,0,0,
cross_town,Town02,mixed,7,127,6.35,189.69888305664062,252.3280487060547,0.22167804837226868,90.03919219970703,0.0018463235132821598,500.16605343813944,0.0003691407453701041,1.52587890625e-05,0.0,5.287172691011423e-06,0.3501296292421067,0.003536015748977661,0.9920524954795837,0.6870377063751221,0.0,0.6770479679107666,0.02826094441115856,1.0,0.800000011920929,6.932906150817871,0.2975863814353943,1.0000000|0.0000000|0.0000000|0.0000000|0.0000000|0.0000000|0.0000000|0.0000000|0.0000000|0.0000000,0,1.0,2.029018204283589,0,0,0,0,0,
cross_town,Town02,mixed,7,128,6.4,189.69888305664062,252.3280487060547,0.22167804837226868,90.03919219970703,0.0018463235132821598,500.16605343813944,0.0003691407453701041,1.52587890625e-05,0.0,0.0,0.3493858219613977,0.0008994042873382568,0.997118353843689,0.5771239995956421,0.0,0.7570479512214661,0.10826094448566437,0.9827910661697388,0.800000011920929,0.711241602897644,0.0715559720993042,1.0000000|0.0000000|0.0000000|0.0000000|0.0000000|0.0000000|0.0000000|0.0000000|0.0000000|0.0000000,0,1.0,1.9921497941098378,0,0,0,0,0,
cross_town,Town02,mixed,7,129,6.45,189.69888305664062,252.3280487060547,0.22167804837226868,90.03919219970703,0.0018463235132821598,500.16605343813944,0.0003691407453701041,1.52587890625e-05,0.0,6.52334585972285e-07,0.4077644138430545,0.8702027201652527,0.8081727027893066,-0.5739395618438721,0.0,0.6770479679107666,0.02826094441115856,0.373869389295578,0.18646784126758575,0.18461905419826508,-0.07617712020874023,1.0000000|0.0000000|0.0000000|0.0000000|0.0000000|0.0000000|0.0000000|0.0000000|0.0000000|0.0000000,0,1.0,1.9553875245743497,0,0,0,0,0,
cross_town,Town02,mixed,7,130,6.5,189.69888305664062,252.3280487060547,0.22167804837226868,90.03919219970703,0.0018463235132821598,500.16605343813944,0.0003691407453701041,1.52587890625e-05,0.0,1.3733035951380203e-06,0.3806565726529157,0.40584996342658997,0.6176426410675049,-0.2762164771556854,0.0,0.6176426410675049,-0.051739055663347244,0.6193225979804993,0.1851264387369156,0.4365420937538147,0.13618147373199463,1.0000000|0.0000000|0.0000000|0.0000000|0.0000000|0.0000000|0.0000000|0.0000000|0.0000000|0.0000000,0,1.0,1.9187471228972064,0,0,0,0,0,
cross_town,Town02,mixed,7,131,6.55,189.69888305664062,252.3280487060547,0.22167804837226868,90.03919219970703,0.0018463235132821598,500.16605343813944,0.0003691407453701041,1.52587890625e-05,0.0,2.025612754098745e-06,0.3720105611456881,0.039822787046432495,0.5714119076728821,0.520678699016571,0.0,0.5714119076728821,0.02826094441115856,0.6801784634590149,0.18379417061805725,0.5048538446426392,1.670242428779602,1.0000000|0.0000000|0.0000000|0.0000000|0.0000000|0.0000000|0.0000000|0.0000000|0.0000000|0.0000000,0,1.0,1.9799280792666474,0,0,0,0,0,
cross_town,Town02,mixed,7,132,6.6,189.69888305664062,252.3280487060547,0.22167804837226868,90.03919219970703,0.0018463235132821598,500.16605343813944,0.0003691407453701041,1.52587890625e-05,0.0,2.7122500417907673e-06,0.3404062215964637,0.20706558227539062,0.6148012280464172,-0.1798551380634308,0.0,0.6148012280464172,-0.051739055663347244,0.9720388650894165,0.18249674141407013,1.204648733139038,1.232905387878418,1.0000000|0.0000000|0.0000000|0.0000000|0.0000000|0.0000000|0.0000000|0.0000000|0.0000000|0.0000000,0,1.0,2.0995054254652823,0,0,0,0,0,
cross_town,Town02,mixed,7,133,6.65,189.69888305664062,252.3280487060547,0.22167804837226868,90.03919219970703,0.0018463235132821598,500.16605343813944,0.0003691407453701041,1.52587890625e-05,0.0,3.433232030191044e-06,0.3691376392896977,0.04599791765213013,0.583299458026886,0.5079323053359985,0.0,0.583299458026886,0.02826094441115856,0.6618377566337585,0.1813008338212967,0.48657283186912537,1.5168864727020264,1.0000000|0.0000000|0.0000000|0.0000000|0.0000000|0.0000000|0.0000000|0.0000000|0.0000000|0.0000000,0,1.0,2.2041619262862016,0,0,0,0,0,
cross_town,Town02,mixed,7,134,6.7,189.69888305664062,252.3280487060547,0.22167804837226868,90.03919219970703,0.0018463235132821598,500.16605343813944,0.0003691407453701041,1.52587890625e-05,0.0,4.394548823538943e-06,0.3391924274996345,0.24554169178009033,0.6834294199943542,-0.2793375253677368,0.0,0.6632994413375854,-0.051739055663347244,0.9392792582511902,0.1801941692829132,1.0045125484466553,1.1802856922149658,1.0000000|0.0000000|0.0000000|0.0000000|0.0000000|0.0000000|0.0000000|0.0000000|0.0000000|0.0000000,0,1.0,2.26652318434616,0,0,0,0,0,
cross_town,Town02,mixed,7,135,6.75,189.69888305664062,252.3280487060547,0.22167804837226868,90.03919219970703,0.0018463235132821598,500.16605343813944,0.0003691407453701041,1.52587890625e-05,0.0,5.012517152463339e-06,0.3309661971394945,0.0021202564239501953,0.9952975511550903,0.7043206095695496,0.0,0.7432994246482849,0.02826094441115856,0.999916672706604,0.800000011920929,2.048210620880127,-0.2532825469970703,1.0000000|0.0000000|0.0000000|0.0000000|0.0000000|0.0000000|0.0000000|0.0000000|0.0000000|0.0000000,0,1.0,2.280563718582657,0,0,0,0,0,
cross_town,Town02,mixed,7,136,6.8,189.69888305664062,252.3280487060547,0.22167804837226868,90.03919219970703,0.0018463235132821598,500.16605343813944,0.0003691407453701041,1.52587890625e-05,0.0,5.6304954086500605e-06,0.33911260477644634,0.43066877126693726,0.8410750031471252,-0.1709919273853302,0.0,0.8232994079589844,-0.051739055663347244,0.8967551589012146,0.17814835906028748,0.8622716069221497,0.25228750705718994,1.0000000|0.0000000|0.0000000|0.0000000|0.0000000|0.0000000|0.0000000|0.0000000|0.0000000|0.0000000,0,1.0,2.2450735342070303,0,0,0,0,0,
cross_town,Town02,mixed,7,137,6.85,189.69888305664062,252.3280487060547,0.22167804837226868,90.03919219970703,0.0018463235132821598,500.16605343813944,0.0003691407453701041,1.52587890625e-05,0.0,3.7766533735870934e-07,0.345873683486244,0.08595645427703857,0.5989010334014893,0.6509240865707397,0.0,0.7432994246482849,0.02826094441115856,0.8070041537284851,0.17716073989868164,0.680504322052002,2.014491558074951,1.0000000|0.0000000|0.0000000|0.0000000|0.0000000|0.0000000|0.0000000|0.0000000|0.0000000|0.0000000,0,1.0,2.188438602209179,0,0,0,0,0,
cross_town,Town02,mixed,7,138,6.9,189.69888305664062,252.3280487060547,0.22167804837226868,90.03919219970703,0.0018463235132821598,500.16605343813944,0.0003691407453701041,1.52587890625e-05,0.0,1.0643086993795557e-06,0.3279259251321478,0.002786993980407715,0.9930983781814575,0.5875335931777954,0.0,0.8232994079589844,0.10826094448566437,0.9635379910469055,0.800000011920929,0.5185853242874146,0.5500780344009399,1.0000000|0.0000000|0.0000000|0.0000000|0.0000000|0.0000000|0.0000000|0.0000000|0.0000000|0.0000000,0,1.0,2.0791848322547515,0,0,0,0,0,
cross_town,Town02,mixed,7,139,6.95,189.69888305664062,252.3280487060547,0.22167804837226868,90.03919219970703,0.0018463235132821598,500.16605343813944,0.0003691407453701041,1.52587890625e-05,0.0,1.7509547575563284e-06,0.32945704326370545,0.9886444807052612,0.12210258841514587,-0.2799604833126068,0.0,0.7432994246482849,0.02826094441115856,0.9242863059043884,0.17516762018203735,0.9503480792045593,-0.2099841833114624,1.0000000|0.0000000|0.0000000|0.0000000|0.0000000|0.0000000|0.0000000|0.0000000|0.0000000|0.0000000,0,1.0,1.9927449174740874,0,0,0,0,0,
cross_town,Town02,mixed,7,140,7.0,189.69888305664062,252.3280487060547,0.22167804837226868,90.03919219970703,0.0018463235132821598,500.16605343813944,0.0003691407453701041,1.52587890625e-05,0.0,2.4376017771906313e-06,0.3354053621153677,0.4090600907802582,0.8360728025436401,-0.04381808638572693,0.0,0.8232994079589844,-0.04381808638572693,0.8540316224098206,0.17413996160030365,0.7675045728683472,0.3584848642349243,1.0000000|0.0000000|0.0000000|0.0000000|0.0000000|0.0000000|0.0000000|0.0000000|0.0000000|0.0000000,0,1.0,1.8672692709699268,0,0,0,0,0,
cross_town,Town02,mixed,7,141,7.05,189.69888305664062,252.3280487060547,0.22167804837226868,90.03919219970703,0.0018463235132821598,500.16605343813944,0.0003691407453701041,1.52587890625e-05,0.0,3.124243910869671e-06,0.32524959724590635,0.026252955198287964,0.10095643997192383,0.39248397946357727,0.0,0.7432994246482849,0.03618191182613373,0.9145132899284363,0.800000011920929,0.2925078868865967,0.8259888291358948,1.0000000|0.0000000|0.0000000|0.0000000|0.0000000|0.0000000|0.0000000|0.0000000|0.0000000|0.0000000,0,1.0,1.7633011726935623,0,0,0,0,0,
cross_town,Town02,mixed,7,142,7.1,189.69888305664062,252.3280487060547,0.22167804837226868,90.03919219970703,0.0018463235132821598,500.16605343813944,0.0003691407453701041,1.52587890625e-05,0.0,3.845215125666433e-06,0.3144456934070756,0.0038265883922576904,0.9925346374511719,0.38489535450935364,0.0,0.8232994079589844,0.11618191003799438,0.9943588376045227,0.800000011920929,0.9930025339126587,0.5878592729568481,1.0000000|0.0000000|0.0000000|0.0000000|0.0000000|0.0000000|0.0000000|0.0000000|0.0000000|0.0000000,0,1.0,1.6495508424979966,0,0,0,0,0,
cross_town,Town02,mixed,7,143,7.15,189.69888305664062,252.3280487060547,0.22167804837226868,90.03919219970703,0.0018463235132821598,500.16605343813944,0.0003691407453701041,1.52587890625e-05,0.0,4.737864441712921e-06,0.31135776338507376,0.3931233882904053,0.5313324332237244,-0.011794299818575382,0.0,0.7432994246482849,0.03618191182613373,0.9954181909561157,0.800000011920929,1.0452691316604614,-0.5164998769760132,1.0000000|0.0000000|0.0000000|0.0000000|0.0000000|0.0000000|0.0000000|0.0000000|0.0000000|0.0000000,0,1.0,1.5507910671348493,0,0,0,0,0,
cross_town,Town02,mixed,7,144,7.2,189.69888305664062,252.3280487060547,0.22167804837226868,90.03919219970703,0.0018463235132821598,500.16605343813944,0.0003691407453701041,1.52587890625e-05,0.0,5.493170608875428e-06,0.3234455763159318,0.4651569724082947,0.8328577876091003,-0.3557228147983551,0.0,0.8232994079589844,-0.04381808638572693,0.8445886373519897,0.16967198252677917,0.7535215616226196,0.22371208667755127,1.0000000|0.0000000|0.0000000|0.0000000|0.0000000|0.0000000|0.0000000|0.0000000|0.0000000|0.0000000,0,1.0,1.63777844210905,0,0,0,0,0,
cross_town,Town02,mixed,7,145,7.25,189.69888305664062,252.3280487060547,0.22167804837226868,90.03919219970703,0.0018463235132821598,500.16605343813944,0.0003691407453701041,1.52587890625e-05,0.0,1.3733178864350446e-07,0.3674061109674834,0.10677486658096313,0.5536006689071655,0.704742968082428,0.0,0.7432994246482849,0.03618191182613373,0.3798120617866516,0.16851863265037537,0.20889487862586975,1.8890842199325562,1.0000000|0.0000000|0.0000000|0.0000000|0.0000000|0.0000000|0.0000000|0.0000000|0.0000000|0.0000000,0,1.0,2.083590159424742,0,0,0,0,0,
cross_town,Town02,mixed,7,146,7.3,189.69888305664062,252.3280487060547,0.22167804837226868,90.03919219970703,0.0018463235132821598,500.16605343813944,0.0003691407453701041,1.52587890625e-05,0.0,8.23977203640318e-07,0.35302301623520654,0.51209956407547,0.8975387215614319,-0.7080852389335632,0.0,0.8232994079589844,-0.04381808638572693,0.5057350993156433,0.16756905615329742,0.3381662666797638,-0.14638924598693848,1.0000000|0.0000000|0.0000000|0.0000000|0.0000000|0.0000000|0.0000000|0.0000000|0.0000000|0.0000000,0,1.0,3.1408569448147703,0,0,0,0,0,
cross_town,Town02,mixed,7,147,7.35,189.69888305664062,252.3280487060547,0.22167804837226868,90.03919219970703,0.0018463235132821598,500.16605343813944,0.0003691407453701041,1.52587890625e-05,0.0,1.5106235093401428e-06,0.3111221752549052,0.026252925395965576,0.1009567379951477,0.3924843668937683,0.0,0.7432994246482849,0.03618191182613373,0.914513349533081,0.800000011920929,0.29250797629356384,0.8259888291358948,1.0000000|0.0000000|0.0000000|0.0000000|0.0000000|0.0000000|0.0000000|0.0000000|0.0000000|0.0000000,0,1.0,6.582547171909873,0,0,0,0,0,
cross_town,Town02,mixed,7,148,7.4,189.69888305664062,252.3280487060547,0.22167804837226868,90.03919219970703,0.0018463235132821598,500.16605343813944,0.0003691407453701041,1.52587890625e-05,0.0,2.1972762002314816e-06,0.30287631603649096,0.0038265883922576904,0.9925346374511719,0.3848956227302551,0.0,0.8232994079589844,0.11618191003799438,0.9943589568138123,0.800000011920929,0.9930063486099243,0.5878592729568481,1.0000000|0.0000000|0.0000000|0.0000000|0.0000000|0.0000000|0.0000000|0.0000000|0.0000000|0.0000000,0,1.0,11.908191326624532,0,0,0,0,0,
cross_town,Town02,mixed,7,149,7.45,189.69888305664062,252.3280487060547,0.22167804837226868,90.03919219970703,0.0018463235132821598,500.16605343813944,0.0003691407453701041,1.52587890625e-05,0.0,3.0212434368965585e-06,0.3582457205688248,0.9812078475952148,0.3056347370147705,-0.2710225582122803,0.0,0.7432994246482849,0.03618191182613373,0.44068729877471924,0.16643238067626953,0.27397435903549194,-0.6110697984695435,1.0000000|0.0000000|0.0000000|0.0000000|0.0000000|0.0000000|0.0000000|0.0000000|0.0000000|0.0000000,0,1.0,11.862469325742417,0,0,0,0,0,
cross_town,Town02,mixed,7,150,7.5,189.69888305664062,252.3280487060547,0.22167804837226868,90.03919219970703,0.0018463235132821598,500.16605343813944,0.0003691407453701041,1.52587890625e-05,0.0,3.673554644992522e-06,0.35461086715713813,0.4213007092475891,0.9455857872962952,-0.8255454301834106,0.0,0.8232994079589844,-0.04381808638572693,0.47712790966033936,0.1664332002401352,0.31067875027656555,-0.18200039863586426,1.0000000|0.0000000|0.0000000|0.0000000|0.0000000|0.0000000|0.0000000|0.0000000|0.0000000|0.0000000,0,1.0,11.192536416869416,0,0,0,0,0,
cross_town,Town02,mixed,7,151,7.55,189.69888305664062,252.3280487060547,0.22167804837226868,90.03919219970703,0.0018463235132821598,500.16605343813944,0.0003691407453701041,1.52587890625e-05,0.0,4.36020081182127e-06,0.37629649554393696,0.10920137166976929,0.5860501527786255,0.4452838599681854,0.0,0.7432994246482849,0.03618191182613373,0.26037290692329407,0.166436567902565,0.07255561649799347,2.2080905437469482,1.0000000|0.0000000|0.0000000|0.0000000|0.0000000|0.0000000|0.0000000|0.0000000|0.0000000|0.0000000,0,1.0,10.755605462575879,0,0,0,0,0,
cross_town,Town02,mixed,7,152,7.6,189.69888305664062,252.3280487060547,0.22167804837226868,90.03919219970703,0.0018463235132821598,500.16605343813944,0.0003691407453701041,1.52587890625e-05,0.0,5.149845696773353e-06,0.3505065206924707,0.3998342752456665,0.9584082961082458,-0.8379522562026978,0.0,0.8232994079589844,-0.04381808638572693,0.518358588218689,0.16644027829170227,0.3519265651702881,-0.15862560272216797,1.0000000|0.0000000|0.0000000|0.0000000|0.0000000|0.0000000|0.0000000|0.0000000|0.0000000|0.0000000,0,1.0,10.563743539806023,0,0,0,0,0,
cross_town,Town02,mixed,7,153,7.65,189.69888305664062,252.3280487060547,0.22167804837226868,90.03919219970703,0.0018463235132821598,500.16605343813944,0.0003691407453701041,1.52587890625e-05,0.0,5.87082130611551e-06,0.3758196900817224,0.11084532737731934,0.593157172203064,0.4211067259311676,0.0,0.7432994246482849,0.03618191182613373,0.2652965784072876,0.16644340753555298,0.07890196144580841,2.2015938758850098,1.0000000|0.0000000|0.0000000|0.0000000|0.0000000|0.0000000|0.0000000|0.0000000|0.0000000|0.0000000,0,1.0,10.56899465640515,0,0,0,0,0,
cross_town,Town02,mixed,7,154,7.7,189.69888305664062,252.3280487060547,0.22167804837226868,90.03919219970703,0.0018463235132821598,500.16605343813944,0.0003691407453701041,1.52587890625e-05,0.0,5.493186074106811e-07,0.35400576874151346,0.4256671667098999,0.9446825981140137,-0.8225061297416687,0.0,0.8232994079589844,-0.04381808638572693,0.4834848940372467,0.16644595563411713,0.31703296303749084,-0.18612003326416016,1.0000000|0.0000000|0.0000000|0.0000000|0.0000000|0.0000000|0.0000000|0.0000000|0.0000000|0.0000000,0,1.0,10.674454159857888,0,0,0,0,0,
cross_town,Town02,mixed,7,155,7.75,189.69888305664062,252.3280487060547,0.22167804837226868,90.03919219970703,0.0018463235132821598,500.16605343813944,0.0003691407453701041,1.52587890625e-05,0.0,1.2016378406959743e-06,0.31090636448778897,0.026252925395965576,0.1009567379951477,0.39248421788215637,0.0,0.7432994246482849,0.03618191182613373,0.9145126938819885,0.800000011920929,0.2925059497356415,0.8259888291358948,1.0000000|0.0000000|0.0000000|0.0000000|0.0000000|0.0000000|0.0000000|0.0000000|0.0000000|0.0000000,0,1.0,10.815026494419826,0,0,0,0,0,
cross_town,Town02,mixed,7,156,7.8,189.69888305664062,252.3280487060547,0.22167804837226868,90.03919219970703,0.0018463235132821598,500.16605343813944,0.0003691407453701041,1.52587890625e-05,0.0,1.9912763341490264e-06,0.35137982191617456,0.4360647201538086,0.9360554814338684,-0.8165566325187683,0.0,0.8232994079589844,-0.04381808638572693,0.5098057389259338,0.16644899547100067,0.34335801005363464,-0.19305646419525146,1.0000000|0.0000000|0.0000000|0.0000000|0.0000000|0.0000000|0.0000000|0.0000000|0.0000000|0.0000000,0,1.0,10.966441321281437,0,0,0,0,0,
cross_town,Town02,mixed,7,157,7.85,189.69888305664062,252.3280487060547,0.22167804837226868,90.03919219970703,0.0018463235132821598,500.16605343813944,0.0003691407453701041,1.52587890625e-05,0.0,2.712253112572466e-06,0.3109112447703007,0.026252955198287964,0.10095641016960144,0.39248397946357727,0.0,0.7432994246482849,0.03618191182613373,0.9145129919052124,0.800000011920929,0.29250675439834595,0.8259890079498291,1.0000000|0.0000000|0.0000000|0.0000000|0.0000000|0.0000000|0.0000000|0.0000000|0.0000000|0.0000000,0,1.0,11.113238625478093,0,0,0,0,0,
cross_town,Town02,mixed,7,158,7.9,189.69888305664062,252.3280487060547,0.22167804837226868,90.03919219970703,0.0018463235132821598,500.16605343813944,0.0003691407453701041,1.52587890625e-05,0.0,3.364565617861403e-06,0.3564994904109427,0.4198882579803467,0.9452833533287048,-0.8242223262786865,0.0,0.8232994079589844,-0.04381808638572693,0.4586428105831146,0.16645078361034393,0.292097270488739,-0.17326509952545166,1.0000000|0.0000000|0.0000000|0.0000000|0.0000000|0.0000000|0.0000000|0.0000000|0.0000000|0.0000000,0,1.0,11.143201434248672,0,0,0,0,0,
cross_town,Town02,mixed,7,159,7.95,189.69888305664062,252.3280487060547,0.22167804837226868,90.03919219970703,0.0018463235132821598,500.16605343813944,0.0003691407453701041,1.52587890625e-05,0.0,4.0512090301218035e-06,0.3637206199475712,0.11410802602767944,0.5754221677780151,0.41010987758636475,0.0,0.7432994246482849,0.03618191182613373,0.3864315152168274,0.16645123064517975,0.21796445548534393,2.2729384899139404,1.0000000|0.0000000|0.0000000|0.0000000|0.0000000|0.0000000|0.0000000|0.0000000|0.0000000|0.0000000,0,1.0,11.151047265079924,0,0,0,0,0,
cross_town,Town02,mixed,7,160,8.0,189.69888305664062,252.3280487060547,0.22167804837226868,90.03919219970703,0.0018463235132821598,500.16605343813944,0.0003691407453701041,1.52587890625e-05,0.0,4.875188326930049e-06,0.3561129066058585,0.41202816367149353,0.9496650099754333,-0.8299919366836548,0.0,0.8232994079589844,-0.04381808638572693,0.4625086486339569,0.16645123064517975,0.29598692059516907,-0.17026245594024658,1.0000000|0.0000000|0.0000000|0.0000000|0.0000000|0.0000000|0.0000000|0.0000000|0.0000000|0.0000000,0,1.0,11.536886243467055,0,0,0,0,0,
cross_town,Town02,mixed,7,161,8.05,189.69888305664062,252.3280487060547,0.22167804837226868,90.03919219970703,0.0018463235132821598,500.16605343813944,0.0003691407453701041,1.52587890625e-05,0.0,5.733495734804378e-06,0.36923946169104027,0.11179924011230469,0.5775263905525208,0.4319787621498108,0.0,0.7432994246482849,0.03618191182613373,0.331243097782135,0.16645123064517975,0.15790677070617676,2.2608802318573,1.0000000|0.0000000|0.0000000|0.0000000|0.0000000|0.0000000|0.0000000|0.0000000|0.0000000|0.0000000,0,1.0,12.018475330416456,0,0,0,0,0,
cross_town,Town02,mixed,7,162,8.1,189.69888305664062,252.3280487060547,0.22167804837226868,90.03919219970703,0.0018463235132821598,500.16605343813944,0.0003691407453701041,1.52587890625e-05,0.0,2.0602080573974436e-07,0.30292793539251683,0.003826618194580078,0.9925345182418823,0.38489532470703125,0.0,0.8232994079589844,0.11618191003799438,0.9943583607673645,0.800000011920929,0.9929831624031067,0.5878599882125854,1.0000000|0.0000000|0.0000000|0.0000000|0.0000000|0.0000000|0.0000000|0.0000000|0.0000000|0.0000000,0,1.0,12.367356005993178,0,0,0,0,0,
cross_town,Town02,mixed,7,163,8.15,189.69888305664062,252.3280487060547,0.22167804837226868,90.03919219970703,0.0018463235132821598,500.16605343813944,0.0003691407453701041,1.52587890625e-05,0.0,8.926471798632675e-07,0.3623409780570451,0.9804189205169678,0.31209444999694824,-0.26600703597068787,0.0,0.7432994246482849,0.03618191182613373,0.40022793412208557,0.16645123064517975,0.2324199229478836,-0.602148175239563,1.0000000|0.0000000|0.0000000|0.0000000|0.0000000|0.0000000|0.0000000|0.0000000|0.0000000|0.0000000,0,1.0,12.606261561541531,0,0,0,0,0,
cross_town,Town02,mixed,7,164,8.2,189.69888305664062,252.3280487060547,0.22167804837226868,90.03919219970703,0.0018463235132821598,500.16605343813944,0.0003691407453701041,1.52587890625e-05,0.0,1.6822847475455108e-06,0.35189327624525507,0.40550947189331055,0.9543631076812744,-0.8343296051025391,0.0,0.8232994079589844,-0.04381808638572693,0.5047049522399902,0.16645123064517975,0.33825385570526123,-0.16460967063903809,1.0000000|0.0000000|0.0000000|0.0000000|0.0000000|0.0000000|0.0000000|0.0000000|0.0000000|0.0000000,0,1.0,12.718954017750278,0,0,0,0,0,
cross_town,Town02,mixed,7,165,8.25,189.69888305664062,252.3280487060547,0.22167804837226868,90.03919219970703,0.0018463235132821598,500.16605343813944,0.0003691407453701041,1.52587890625e-05,0.0,2.3689319890733105e-06,0.35696283307756865,0.11365669965744019,0.566389799118042,0.4137971103191376,0.0,0.7432994246482849,0.03618191182613373,0.45400938391685486,0.16645123064517975,0.2874278128147125,2.28886342048645,1.0000000|0.0000000|0.0000000|0.0000000|0.0000000|0.0000000|0.0000000|0.0000000|0.0000000|0.0000000,0,1.0,12.711635038450787,0,0,0,0,0,
cross_town,Town02,mixed,7,166,8.3,189.69888305664062,252.3280487060547,0.22167804837226868,90.03919219970703,0.0018463235132821598,500.16605343813944,0.0003691407453701041,1.52587890625e-05,0.0,3.021244957356726e-06,0.34931265738691764,0.4008212685585022,0.9553800821304321,-0.8389931917190552,0.0,0.8232994079589844,-0.04381808638572693,0.5305111408233643,0.16645123064517975,0.36409786343574524,-0.167824387550354,1.0000000|0.0000000|0.0000000|0.0000000|0.0000000|0.0000000|0.0000000|0.0000000|0.0000000|0.0000000,0,1.0,12.59798588232463,0,0,0,0,0,
cross_town,Town02,mixed,7,167,8.35,189.69888305664062,252.3280487060547,0.22167804837226868,90.03919219970703,0.0018463235132821598,500.16605343813944,0.0003691407453701041,1.52587890625e-05,0.0,3.7078860434325124e-06,0.3691244932719654,0.11329364776611328,0.5779923796653748,0.4005484879016876,0.0,0.7432994246482849,0.03618191182613373,0.33239278197288513,0.16645123064517975,0.15920309722423553,2.255934715270996,1.0000000|0.0000000|0.0000000|0.0000000|0.0000000|0.0000000|0.0000000|0.0000000|0.0000000|0.0000000,0,1.0,12.393371596834232,0,0,0,0,0,
cross_town,Town02,mixed,7,168,8.4,189.69888305664062,252.3280487060547,0.22167804837226868,90.03919219970703,0.0018463235132821598,500.16605343813944,0.0003691407453701041,1.52587890625e-05,0.0,4.531865658986138e-06,0.3029279115506598,0.0038265883922576904,0.9925345778465271,0.3848952651023865,0.0,0.8232994079589844,0.11618191003799438,0.9943585991859436,0.800000011920929,0.9929906725883484,0.587859570980072,1.0000000|0.0000000|0.0000000|0.0000000|0.0000000|0.0000000|0.0000000|0.0000000|0.0000000|0.0000000,0,1.0,12.131810479885292,0,0,0,0,0,
cross_town,Town02,mixed,7,169,8.45,189.69888305664062,252.3280487060547,0.22167804837226868,90.03919219970703,0.0018463235132821598,500.16605343813944,0.0003691407453701041,1.52587890625e-05,0.0,5.355840079092119e-06,0.360001316935677,0.9823796153068542,0.2470008134841919,-0.20983950793743134,0.0,0.7432994246482849,0.03618191182613373,0.42362454533576965,0.16645123064517975,0.25657084584236145,-0.6698688268661499,1.0000000|0.0000000|0.0000000|0.0000000|0.0000000|0.0000000|0.0000000|0.0000000|0.0000000|0.0000000,0,1.0,11.876163528125524,0,0,0,0,0,
cross_town,Town02,mixed,7,170,8.5,189.69888305664062,252.3280487060547,0.22167804837226868,90.03919219970703,0.0018463235132821598,500.16605343813944,0.0003691407453701041,1.52587890625e-05,0.0,0.0,0.3569648953982777,0.4199582040309906,0.9473353624343872,-0.8212394714355469,0.0,0.8232994079589844,-0.04381808638572693,0.4539887607097626,0.16645123064517975,0.28740695118904114,-0.16733825206756592,1.0000000|0.0000000|0.0000000|0.0000000|0.0000000|0.0000000|0.0000000|0.0000000|0.0000000|0.0000000,0,1.0,11.699374032520694,0,0,0,0,0,
cross_town,Town02,mixed,7,171,8.55,189.69888305664062,252.3280487060547,0.22167804837226868,90.03919219970703,0.0018463235132821598,500.16605343813944,0.0003691407453701041,1.52587890625e-05,0.0,6.866476109061395e-07,0.31091241267408803,0.026252925395965576,0.10095685720443726,0.3924846351146698,0.0,0.7432994246482849,0.03618191182613373,0.9145135879516602,0.800000011920929,0.2925085425376892,0.8259891271591187,1.0000000|0.0000000|0.0000000|0.0000000|0.0000000|0.0000000|0.0000000|0.0000000|0.0000000|0.0000000,0,1.0,11.643591407728549,0,0,0,0,0,
cross_town,Town02,mixed,7,172,8.6,189.69888305664062,252.3280487060547,0.22167804837226868,90.03919219970703,0.0018463235132821598,500.16605343813944,0.0003691407453701041,1.52587890625e-05,0.0,1.3732964516732762e-06,0.36295063820566614,0.41585761308670044,0.9512711763381958,-0.8285707235336304,0.0,0.8232994079589844,-0.04381808638572693,0.3941313326358795,0.16645123064517975,0.22605398297309875,-0.1727105975151062,1.0000000|0.0000000|0.0000000|0.0000000|0.0000000|0.0000000|0.0000000|0.0000000|0.0000000|0.0000000,0,1.0,11.695594512007977,0,0,0,0,0,
cross_town,Town02,mixed,7,173,8.65,189.69888305664062,252.3280487060547,0.22167804837226868,90.03919219970703,0.0018463235132821598,500.16605343813944,0.0003691407453701041,1.52587890625e-05,0.0,2.1286065383654583e-06,0.37343689528192964,0.11178618669509888,0.5900201797485352,0.43872737884521484,0.0,0.7432994246482849,0.03618191182613373,0.28926876187324524,0.16645123064517975,0.10881423950195312,2.217924118041992,1.0000000|0.0000000|0.0000000|0.0000000|0.0000000|0.0000000|0.0000000|0.0000000|0.0000000|0.0000000,0,1.0,11.816004217807572,0,0,0,0,0,
cross_town,Town02,mixed,7,174,8.7,189.69888305664062,252.3280487060547,0.22167804837226868,90.03919219970703,0.0018463235132821598,500.16605343813944,0.0003691407453701041,1.52587890625e-05,0.0,2.952577174536998e-06,0.35741098550047357,0.42755988240242004,0.9449681043624878,-0.8219521045684814,0.0,0.8232994079589844,-0.04381808638572693,0.4495278596878052,0.16645123064517975,0.28290411829948425,-0.1874450445175171,1.0000000|0.0000000|0.0000000|0.0000000|0.0000000|0.0000000|0.0000000|0.0000000|0.0000000|0.0000000,0,1.0,11.974553993347332,0,0,0,0,0,
cross_town,Town02,mixed,7,175,8.75,189.69888305664062,252.3280487060547,0.22167804837226868,90.03919219970703,0.0018463235132821598,500.16605343813944,0.0003691407453701041,1.52587890625e-05,0.0,3.6048904153724256e-06,0.3697257640668341,0.11327102780342102,0.5809465646743774,0.41933125257492065,0.0,0.7432994246482849,0.03618191182613373,0.32638007402420044,0.16645123064517975,0.15239788591861725,2.253108024597168,1.0000000|0.0000000|0.0000000|0.0000000|0.0000000|0.0000000|0.0000000|0.0000000|0.0000000|0.0000000,0,1.0,12.154584037604208,0,0,0,0,0,
cross_town,Town02,mixed,7,176,8.8,189.69888305664062,252.3280487060547,0.22167804837226868,90.03919219970703,0.0018463235132821598,500.16605343813944,0.0003691407453701041,1.52587890625e-05,0.0,4.29153496826166e-06,0.36394664672102406,0.4239521622657776,0.9482936859130859,-0.8258729577064514,0.0,0.8232994079589844,-0.04381808638572693,0.3841712474822998,0.16645123064517975,0.21557863056659698,-0.1843881607055664,1.0000000|0.0000000|0.0000000|0.0000000|0.0000000|0.0000000|0.0000000|0.0000000|0.0000000|0.0000000,0,1.0,12.345502452796078,0,0,0,0,0,
cross_town,Town02,mixed,7,177,8.85,189.69888305664062,252.3280487060547,0.22167804837226868,90.03919219970703,0.0018463235132821598,500.16605343813944,0.0003691407453701041,1.52587890625e-05,0.0,5.012516766712697e-06,0.3736901583978125,0.11334457993507385,0.5927301049232483,0.3849785625934601,0.0,0.7432994246482849,0.03618191182613373,0.2867361307144165,0.16645123064517975,0.10572650283575058,2.2118616104125977,1.0000000|0.0000000|0.0000000|0.0000000|0.0000000|0.0000000|0.0000000|0.0000000|0.0000000|0.0000000,0,1.0,12.523624242446884,0,0,0,0,0,
cross_town,Town02,mixed,7,178,8.9,189.69888305664062,252.3280487060547,0.22167804837226868,90.03919219970703,0.0018463235132821598,500.16605343813944,0.0003691407453701041,1.52587890625e-05,0.0,5.767825214049544e-06,0.3544159981318898,0.4303375482559204,0.9442119598388672,-0.8171721696853638,0.0,0.8232994079589844,-0.04381808638572693,0.47947773337364197,0.16645123064517975,0.3130149841308594,-0.1851334571838379,1.0000000|0.0000000|0.0000000|0.0000000|0.0000000|0.0000000|0.0000000|0.0000000|0.0000000|0.0000000,0,1.0,12.667579426787688,0,0,0,0,0,
cross_town,Town02,mixed,7,179,8.95,189.69888305664062,252.3280487060547,0.22167804837226868,90.03919219970703,0.0018463235132821598,500.16605343813944,0.0003691407453701041,1.52587890625e-05,0.0,3.4335069784728235e-07,0.3618278744527287,0.11279946565628052,0.5737477540969849,0.4298032820224762,0.0,0.7432994246482849,0.03618191182613373,0.4053589701652527,0.16645123064517975,0.23775255680084229,2.253330707550049,1.0000000|0.0000000|0.0000000|0.0000000|0.0000000|0.0000000|0.0000000|0.0000000|0.0000000|0.0000000,0,1.0,12.762704213390695,0,0,0,0,0,
cross_town,Town02,mixed,7,180,9.0,189.69888305664062,252.3280487060547,0.22167804837226868,90.03919219970703,0.0018463235132821598,500.16605343813944,0.0003691407453701041,1.52587890625e-05,0.0,1.0299815898770398e-06,0.3633189025231785,0.4244276285171509,0.9424166083335876,-0.8210995197296143,0.0,0.8232994079589844,-0.04381808638572693,0.3904486894607544,0.16645123064517975,0.22219212353229523,-0.16859853267669678,1.0000000|0.0000000|0.0000000|0.0000000|0.0000000|0.0000000|0.0000000|0.0000000|0.0000000|0.0000000,0,1.0,12.802316169057827,0,0,0,0,0,
cross_town,Town02,mixed,7,181,9.05,189.69888305664062,252.3280487060547,0.22167804837226868,90.03919219970703,0.0018463235132821598,500.16605343813944,0.0003691407453701041,1.52587890625e-05,0.0,1.7166218958552127e-06,0.3685276391812749,0.11425718665122986,0.583429217338562,0.4126277565956116,0.0,0.7432994246482849,0.03618191182613373,0.33836132287979126,0.16645123064517975,0.1658974438905716,2.249563217163086,1.0000000|0.0000000|0.0000000|0.0000000|0.0000000|0.0000000|0.0000000|0.0000000|0.0000000|0.0000000,0,1.0,12.78961695052474,0,0,0,0,0,
cross_town,Town02,mixed,7,182,9.1,189.69888305664062,252.3280487060547,0.22167804837226868,90.03919219970703,0.0018463235132821598,500.16605343813944,0.0003691407453701041,1.52587890625e-05,0.0,2.3689305948982214e-06,0.3647499414988943,0.42810434103012085,0.9448949098587036,-0.8260422348976135,0.0,0.8232994079589844,-0.04381808638572693,0.376138299703598,0.16645123064517975,0.20705580711364746,-0.19087225198745728,1.0000000|0.0000000|0.0000000|0.0000000|0.0000000|0.0000000|0.0000000|0.0000000|0.0000000|0.0000000,0,1.0,12.739357941689907,0,0,0,0,0,
cross_town,Town02,mixed,7,183,9.15,189.69888305664062,252.3280487060547,0.22167804837226868,90.03919219970703,0.0018463235132821598,500.16605343813944,0.0003691407453701041,1.52587890625e-05,0.0,3.0555733494008865e-06,0.3760069164344259,0.11345791816711426,0.6034924983978271,0.39136025309562683,0.0,0.7432994246482849,0.03618191182613373,0.26356855034828186,0.16645123064517975,0.07667309790849686,2.201735019683838,1.0000000|0.0000000|0.0000000|0.0000000|0.0000000|0.0000000|0.0000000|0.0000000|0.0000000|0.0000000,0,1.0,12.675046731121673,0,0,0,0,0,
cross_town,Town02,mixed,7,184,9.2,189.69888305664062,252.3280487060547,0.22167804837226868,90.03919219970703,0.0018463235132821598,500.16605343813944,0.0003691407453701041,1.52587890625e-05,0.0,3.845222162143784e-06,0.3636788102694937,0.3968775272369385,0.957983136177063,-0.8404865264892578,0.0,0.8232994079589844,-0.04381808638572693,0.38684961199760437,0.16645123064517975,0.21840524673461914,-0.15475714206695557,1.0000000|0.0000000|0.0000000|0.0000000|0.0000000|0.0000000|0.0000000|0.0000000|0.0000000|0.0000000,0,1.0,12.62189399887193,0,0,0,0,0,
cross_town,Town02,mixed,7,185,9.25,189.69888305664062,252.3280487060547,0.22167804837226868,90.03919219970703,0.0018463235132821598,500.16605343813944,0.0003691407453701041,1.52587890625e-05,0.0,4.669196560218745e-06,0.3714873435803836,0.11313953995704651,0.5838854908943176,0.40689191222190857,0.0,0.7432994246482849,0.03618191182613373,0.3087642788887024,0.16645123064517975,0.13207310438156128,2.24090576171875,1.0000000|0.0000000|0.0000000|0.0000000|0.0000000|0.0000000|0.0000000|0.0000000|0.0000000|0.0000000,0,1.0,12.599026877097218,0,0,0,0,0,
cross_town,Town02,mixed,7,186,9.3,189.69888305664062,252.3280487060547,0.22167804837226868,90.03919219970703,0.0018463235132821598,500.16605343813944,0.0003691407453701041,1.52587890625e-05,0.0,5.321504195627017e-06,0.3647204103776402,0.4396984577178955,0.9364286661148071,-0.8084900379180908,0.0,0.8232994079589844,-0.04381808638572693,0.3764336109161377,0.16645123064517975,0.20737040042877197,-0.1709306240081787,1.0000000|0.0000000|0.0000000|0.0000000|0.0000000|0.0000000|0.0000000|0.0000000|0.0000000|0.0000000,0,1.0,12.615660338240538,0,0,0,0,0,
cross_town,Town02,mixed,7,187,9.35,189.69888305664062,252.3280487060547,0.22167804837226868,90.03919219970703,0.0018463235132821598,500.16605343813944,0.0003691407453701041,1.52587890625e-05,0.0,1.3733178864355732e-07,0.3109122875043341,0.026252955198287964,0.10095623135566711,0.3924834728240967,0.0,0.7432994246482849,0.03618191182613373,0.9145148396492004,0.800000011920929,0.2925128638744354,0.8259887099266052,1.0000000|0.0000000|0.0000000|0.0000000|0.0000000|0.0000000|0.0000000|0.0000000|0.0000000|0.0000000,0,1.0,12.67164927328225,0,0,0,0,0,
cross_town,Town02,mixed,7,188,9.4,189.69888305664062,252.3280487060547,0.22167804837226868,90.03919219970703,0.0018463235132821598,500.16605343813944,0.0003691407453701041,1.52587890625e-05,0.0,8.239766569310798e-07,0.3029278638669439,0.0038265585899353027,0.9925346374511719,0.3848949670791626,0.0,0.8232994079589844,0.11618191003799438,0.9943590760231018,0.800000011920929,0.9930143356323242,0.5878587961196899,1.0000000|0.0000000|0.0000000|0.0000000|0.0000000|0.0000000|0.0000000|0.0000000|0.0000000|0.0000000,0,1.0,12.760187407100707,0,0,0,0,0,
cross_town,Town02,mixed,7,189,9.45,189.69888305664062,252.3280487060547,0.22167804837226868,90.03919219970703,0.0018463235132821598,500.16605343813944,0.0003691407453701041,1.52587890625e-05,0.0,1.5106235093017392e-06,0.34925092485632386,0.9821482300758362,0.3159791827201843,-0.3029724061489105,0.0,0.7432994246482849,0.03618191182613373,0.531128466129303,0.16645123064517975,0.3647175431251526,-0.6146916151046753,1.0000000|0.0000000|0.0000000|0.0000000|0.0000000|0.0000000|0.0000000|0.0000000|0.0000000|0.0000000,0,1.0,12.870208479692986,0,0,0,0,0,
cross_town,Town02,mixed,7,190,9.5,189.69888305664062,252.3280487060547,0.22167804837226868,90.03919219970703,0.0018463235132821598,500.16605343813944,0.0003691407453701041,1.52587890625e-05,0.0,2.1286133948909634e-06,0.30292787578787284,0.0038265883922576904,0.9925346374511719,0.3848956227302551,0.0,0.8232994079589844,0.11618191003799438,0.9943589568138123,0.800000011920929,0.9930063486099243,0.5878592729568481,1.0000000|0.0000000|0.0000000|0.0000000|0.0000000|0.0000000|0.0000000|0.0000000|0.0000000|0.0000000,0,1.0,12.988898599085822,0,0,0,0,0,
cross_town,Town02,mixed,7,191,9.55,189.69888305664062,252.3280487060547,0.22167804837226868,90.03919219970703,0.0018463235132821598,500.16605343813944,0.0003691407453701041,1.52587890625e-05,0.0,2.8839197861303986e-06,0.365213594109673,0.9816279411315918,0.27405601739883423,-0.22651122510433197,0.0,0.7432994246482849,0.03618191182613373,0.37150177359580994,0.16645123064517975,0.2021038830280304,-0.6307797431945801,1.0000000|0.0000000|0.0000000|0.0000000|0.0000000|0.0000000|0.0000000|0.0000000|0.0000000|0.0000000,0,1.0,13.020830431891595,0,0,0,0,0,
cross_town,Town02,mixed,7,192,9.6,189.69888305664062,252.3280487060547,0.22167804837226868,90.03919219970703,0.0018463235132821598,500.16605343813944,0.0003691407453701041,1.52587890625e-05,0.0,3.5705566629002146e-06,0.3687430056640096,0.44191116094589233,0.9330183863639832,-0.810654878616333,0.0,0.8232994079589844,-0.04381808638572693,0.33620765805244446,0.16645123064517975,0.16348865628242493,-0.17006206512451172,1.0000000|0.0000000|0.0000000|0.0000000|0.0000000|0.0000000|0.0000000|0.0000000|0.0000000|0.0000000,0,1.0,12.97675869686716,0,0,0,0,0,
cross_town,Town02,mixed,7,193,9.65,189.69888305664062,252.3280487060547,0.22167804837226868,90.03919219970703,0.0018463235132821598,500.16605343813944,0.0003691407453701041,1.52587890625e-05,0.0,4.257204479977024e-06,0.31091234710897886,0.026252955198287964,0.10095641016960144,0.3924836218357086,0.0,0.7432994246482849,0.03618191182613373,0.9145142436027527,0.800000011920929,0.2925107777118683,0.8259888887405396,1.0000000|0.0000000|0.0000000|0.0000000|0.0000000|0.0000000|0.0000000|0.0000000|0.0000000|0.0000000,0,1.0,12.931262367696604,0,0,0,0,0,
cross_town,Town02,mixed,7,194,9.7,189.69888305664062,252.3280487060547,0.22167804837226868,90.03919219970703,0.0018463235132821598,500.16605343813944,0.0003691407453701041,1.52587890625e-05,0.0,5.012518554161784e-06,0.3608745726653524,0.4633038640022278,0.9210673570632935,-0.793459415435791,0.0,0.8232994079589844,-0.04381808638572693,0.4148919880390167,0.16645123064517975,0.24760417640209198,-0.19106221199035645,1.0000000|0.0000000|0.0000000|0.0000000|0.0000000|0.0000000|0.0000000|0.0000000|0.0000000|0.0000000,0,1.0,12.884375732862948,0,0,0,0,0,
cross_town,Town02,mixed,7,195,9.75,189.69888305664062,252.3280487060547,0.22167804837226868,90.03919219970703,0.0018463235132821598,500.16605343813944,0.0003691407453701041,1.52587890625e-05,0.0,5.733493618892315e-06,0.37495777633871497,0.11127567291259766,0.5922855138778687,0.42500007152557373,0.0,0.7432994246482849,0.03618191182613373,0.2740599513053894,0.16645123064517975,0.0900186225771904,2.212034225463867,1.0000000|0.0000000|0.0000000|0.0000000|0.0000000|0.0000000|0.0000000|0.0000000|0.0000000|0.0000000,0,1.0,12.836303652073667,0,0,0,0,0,
cross_town,Town02,mixed,7,196,9.8,189.69888305664062,252.3280487060547,0.22167804837226868,90.03919219970703,0.0018463235132821598,500.16605343813944,0.0003691407453701041,1.52587890625e-05,0.0,5.493186074110952e-07,0.3508583727189488,0.4026481509208679,0.9563106298446655,-0.8365920782089233,0.0,0.8232994079589844,-0.04381808638572693,0.5150539875030518,0.16645123064517975,0.3486073315143585,-0.16258323192596436,1.0000000|0.0000000|0.0000000|0.0000000|0.0000000|0.0000000|0.0000000|0.0000000|0.0000000|0.0000000,0,1.0,12.787194114071578,0,0,0,0,0,
cross_town,Town02,mixed,7,197,9.85,189.69888305664062,252.3280487060547,0.22167804837226868,90.03919219970703,0.0018463235132821598,500.16605343813944,0.0003691407453701041,1.52587890625e-05,0.0,1.2359647970927012e-06,0.31091250208105514,0.026252925395965576,0.1009567379951477,0.39248421788215637,0.0,0.7432994246482849,0.03618191182613373,0.9145126938819885,0.800000011920929,0.2925059497356415,0.8259888291358948,1.0000000|0.0000000|0.0000000|0.0000000|0.0000000|0.0000000|0.0000000|0.0000000|0.0000000|0.0000000,0,1.0,12.737276470553072,0,0,0,0,0,
cross_town,Town02,mixed,7,198,9.9,189.69888305664062,252.3280487060547,0.22167804837226868,90.03919219970703,0.0018463235132821598,500.16605343813944,0.0003691407453701041,1.52587890625e-05,0.0,1.8539522666473835e-06,0.362458935649056,0.4302184283733368,0.9427797794342041,-0.8196833729743958,0.0,0.8232994079589844,-0.04381808638572693,0.3990483582019806,0.16645123064517975,0.23119080066680908,-0.18353796005249023,1.0000000|0.0000000|0.0000000|0.0000000|0.0000000|0.0000000|0.0000000|0.0000000|0.0000000|0.0000000,0,1.0,12.686728852340345,0,0,0,0,0,
cross_town,Town02,mixed,7,199,9.95,189.69888305664062,252.3280487060547,0.22167804837226868,90.03919219970703,0.0018463235132821598,500.16605343813944,0.0003691407453701041,1.52587890625e-05,0.0,2.6435879258974273e-06,0.31091248419966167,0.026252955198287964,0.1009564995765686,0.39248403906822205,0.0,0.7432994246482849,0.03618191182613373,0.9145128726959229,0.800000011920929,0.2925064265727997,0.82598876953125,1.0000000|0.0000000|0.0000000|0.0000000|0.0000000|0.0000000|0.0000000|0.0000000|0.0000000|0.0000000,0,1.0,12.635758669120069,0,0,0,0,0,
cross_town,Town02,mixed,7,200,10.0,189.69888305664062,252.3280487060547,0.22167804837226868,90.03919219970703,0.0018463235132821598,500.16605343813944,0.0003691407453701041,1.52587890625e-05,0.0,3.330231056943159e-06,0.35236189988340816,0.41915491223335266,0.9453041553497314,-0.8222046494483948,0.0,0.8232994079589844,-0.04381808638572693,0.5000187158584595,0.16645123064517975,0.3335675001144409,-0.17133092880249023,1.0000000|0.0000000|0.0000000|0.0000000|0.0000000|0.0000000|0.0000000|0.0000000|0.0000000|0.0000000,0,1.0,12.584510068984182,0,0,0,0,0,
cross_town,Town02,mixed,7,201,10.05,189.69888305664062,252.3280487060547,0.22167804837226868,90.03919219970703,0.0018463235132821598,500.16605343813944,0.0003691407453701041,1.52587890625e-05,0.0,4.119875575676343e-06,0.31091230538572745,0.026252955198287964,0.10095632076263428,0.3924837112426758,0.0,0.7432994246482849,0.03618191182613373,0.9145146608352661,0.800000011920929,0.29251208901405334,0.8259889483451843,1.0000000|0.0000000|0.0000000|0.0000000|0.0000000|0.0000000|0.0000000|0.0000000|0.0000000|0.0000000,0,1.0,12.533135063697467,0,0,0,0,0,
cross_town,Town02,mixed,7,202,10.1,189.69888305664062,252.3280487060547,0.22167804837226868,90.03919219970703,0.0018463235132821598,500.16605343813944,0.0003691407453701041,1.52587890625e-05,0.0,4.840851810074668e-06,0.34435394433226063,0.4369429349899292,0.9352492094039917,-0.8104332685470581,0.0,0.8232994079589844,-0.04381808638572693,0.5800982713699341,0.16645123064517975,0.4143429696559906,-0.1856175661087036,1.0000000|0.0000000|0.0000000|0.0000000|0.0000000|0.0000000|0.0000000|0.0000000|0.0000000|0.0000000,0,1.0,12.481748392304702,0,0,0,0,0,
cross_town,Town02,mixed,7,203,10.15,189.69888305664062,252.3280487060547,0.22167804837226868,90.03919219970703,0.0018463235132821598,500.16605343813944,0.0003691407453701041,1.52587890625e-05,0.0,5.52749667387614e-06,0.3569859268971869,0.11381179094314575,0.5652983784675598,0.4207063913345337,0.0,0.7432994246482849,0.03618191182613373,0.4537784457206726,0.16645123064517975,0.2871949076652527,2.294217824935913,1.0000000|0.0000000|0.0000000|0.0000000|0.0000000|0.0000000|0.0000000|0.0000000|0.0000000|0.0000000,0,1.0,12.430423512373512,0,0,0,0,0,
cross_town,Town02,mixed,7,204,10.2,189.69888305664062,252.3280487060547,0.22167804837226868,90.03919219970703,0.0018463235132821598,500.16605343813944,0.0003691407453701041,1.52587890625e-05,0.0,2.746602856641384e-07,0.30292794731344663,0.003826618194580078,0.9925345778465271,0.38489532470703125,0.0,0.8232994079589844,0.11618191003799438,0.994358241558075,0.800000011920929,0.9929735064506531,0.5878599882125854,1.0000000|0.0000000|0.0000000|0.0000000|0.0000000|0.0000000|0.0000000|0.0000000|0.0000000|0.0000000,0,1.0,12.379233814475045,0,0,0,0,0,
cross_town,Town02,mixed,7,205,10.25,189.69888305664062,252.3280487060547,0.22167804837226868,90.03919219970703,0.0018463235132821598,500.16605343813944,0.0003691407453701041,1.52587890625e-05,0.0,9.61306225303493e-07,0.3500097635098883,0.9812454581260681,0.28225645422935486,-0.24449306726455688,0.0,0.7432994246482849,0.03618191182613373,0.5235400795936584,0.16645123064517975,0.3571062684059143,-0.641441822052002,1.0000000|0.0000000|0.0000000|0.0000000|0.0000000|0.0000000|0.0000000|0.0000000|0.0000000|0.0000000,0,1.0,12.328201254935856,0,0,0,0,0,
cross_town,Town02,mixed,7,206,10.3,189.69888305664062,252.3280487060547,0.22167804837226868,90.03919219970703,0.0018463235132821598,500.16605343813944,0.0003691407453701041,1.52587890625e-05,0.0,1.6479533824197309e-06,0.3648439022609183,0.45580992102622986,0.9282325506210327,-0.8031187057495117,0.0,0.8232994079589844,-0.04381808638572693,0.37519869208335876,0.16645123064517975,0.20605424046516418,-0.1923670768737793,1.0000000|0.0000000|0.0000000|0.0000000|0.0000000|0.0000000|0.0000000|0.0000000|0.0000000|0.0000000,0,1.0,12.277352234806207,0,0,0,0,0,
cross_town,Town02,mixed,7,207,10.35,189.69888305664062,252.3280487060547,0.22167804837226868,90.03919219970703,0.0018463235132821598,500.16605343813944,0.0003691407453701041,1.52587890625e-05,0.0,2.403261722930721e-06,0.3754954340764471,0.1126699447631836,0.5975003242492676,0.4070546329021454,0.0,0.7432994246482849,0.03618191182613373,0.26868337392807007,0.16645123064517975,0.08322056382894516,2.2026455402374268,1.0000000|0.0000000|0.0000000|0.0000000|0.0000000|0.0000000|0.0000000|0.0000000|0.0000000|0.0000000,0,1.0,12.226681659538526,0,0,0,0,0,
cross_town,Town02,mixed,7,208,10.4,189.69888305664062,252.3280487060547,0.22167804837226868,90.03919219970703,0.0018463235132821598,500.16605343813944,0.0003691407453701041,1.52587890625e-05,0.0,3.227235209936924e-06,0.35257263806547606,0.42275547981262207,0.9453355073928833,-0.8198867440223694,0.0,0.8232994079589844,-0.04381808638572693,0.49791133403778076,0.16645123064517975,0.3314600884914398,-0.17604351043701172,1.0000000|0.0000000|0.0000000|0.0000000|0.0000000|0.0000000|0.0000000|0.0000000|0.0000000|0.0000000,0,1.0,12.176196366170458,0,0,0,0,0,
cross_town,Town02,mixed,7,209,10.45,189.69888305664062,252.3280487060547,0.22167804837226868,90.03919219970703,0.0018463235132821598,500.16605343813944,0.0003691407453701041,1.52587890625e-05,0.0,3.948212274991221e-06,0.3743171396562048,0.11187723278999329,0.5905452370643616,0.40559807419776917,0.0,0.7432994246482849,0.03618191182613373,0.28046631813049316,0.16645123064517975,0.09801135957241058,2.2029809951782227,1.0000000|0.0000000|0.0000000|0.0000000|0.0000000|0.0000000|0.0000000|0.0000000|0.0000000|0.0000000,0,1.0,12.125861206335902,0,0,0,0,0,
cross_town,Town02,mixed,7,210,10.5,189.69888305664062,252.3280487060547,0.22167804837226868,90.03919219970703,0.0018463235132821598,500.16605343813944,0.0003691407453701041,1.52587890625e-05,0.0,4.600525914545099e-06,0.3029278996297308,0.0038265883922576904,0.9925345778465271,0.3848955035209656,0.0,0.8232994079589844,0.11618191003799438,0.9943587183952332,0.800000011920929,0.9929943084716797,0.5878597497940063,1.0000000|0.0000000|0.0000000|0.0000000|0.0000000|0.0000000|0.0000000|0.0000000|0.0000000|0.0000000,0,1.0,12.075677025222799,0,0,0,0,0,
cross_town,Town02,mixed,7,211,10.55,189.69888305664062,252.3280487060547,0.22167804837226868,90.03919219970703,0.0018463235132821598,500.16605343813944,0.0003691407453701041,1.52587890625e-05,0.0,5.287171185389632e-06,0.30282195237364246,0.39312368631362915,0.53133225440979,-0.011794284917414188,0.0,0.7432994246482849,0.03618191182613373,0.9954181909561157,0.800000011920929,1.045268177986145,-0.5164997577667236,1.0000000|0.0000000|0.0000000|0.0000000|0.0000000|0.0000000|0.0000000|0.0000000|0.0000000|0.0000000,0,1.0,12.025600773374507,0,0,0,0,0,
cross_town,Town02,mixed,7,212,10.6,189.69888305664062,252.3280487060547,0.22167804837226868,90.03919219970703,0.0018463235132821598,500.16605343813944,0.0003691407453701041,1.52587890625e-05,0.0,0.0,0.30292794731344647,0.003826618194580078,0.9925345778465271,0.38489529490470886,0.0,0.8232994079589844,0.11618191003799438,0.994358241558075,0.800000011920929,0.9929735064506531,0.5878598093986511,1.0000000|0.0000000|0.0000000|0.0000000|0.0000000|0.0000000|0.0000000|0.0000000|0.0000000|0.0000000,0,1.0,11.975618206837073,0,0,0,0,0,
cross_town,Town02,mixed,7,213,10.65,189.69888305664062,252.3280487060547,0.22167804837226868,90.03919219970703,0.0018463235132821598,500.16605343813944,0.0003691407453701041,1.52587890625e-05,0.0,8.239805888413444e-07,0.37099492874826867,0.9822044372558594,0.24057668447494507,-0.17359665036201477,0.0,0.7432994246482849,0.03618191182613373,0.3136884272098541,0.16645123064517975,0.13781589269638062,-0.647964596748352,1.0000000|0.0000000|0.0000000|0.0000000|0.0000000|0.0000000|0.0000000|0.0000000|0.0000000|0.0000000,0,1.0,11.925702118588564,0,0,0,0,0,
cross_town,Town02,mixed,7,214,10.7,189.69888305664062,252.3280487060547,0.22167804837226868,90.03919219970703,0.0018463235132821598,500.16605343813944,0.0003691407453701041,1.52587890625e-05,0.0,1.6136181840870259e-06,0.349695885450501,0.4018409848213196,0.9573358297348022,-0.8402680158615112,0.0,0.8232994079589844,-0.04381808638572693,0.5266788601875305,0.16645123064517975,0.3602530062198639,-0.16771888732910156,1.0000000|0.0000000|0.0000000|0.0000000|0.0000000|0.0000000|0.0000000|0.0000000|0.0000000|0.0000000,0,1.0,11.875837267794752,0,0,0,0,0,
cross_town,Town02,mixed,7,215,10.75,189.69888305664062,252.3280487060547,0.22167804837226868,90.03919219970703,0.0018463235132821598,500.16605343813944,0.0003691407453701041,1.52587890625e-05,0.0,2.300262572339765e-06,0.3755911054917761,0.11281326413154602,0.6001694798469543,0.3912024199962616,0.0,0.7432994246482849,0.03618191182613373,0.2677266597747803,0.16645123064517975,0.0820019394159317,2.199728488922119,1.0000000|0.0000000|0.0000000|0.0000000|0.0000000|0.0000000|0.0000000|0.0000000|0.0000000|0.0000000,0,1.0,11.825996732969971,0,0,0,0,0,
cross_town,Town02,mixed,7,216,10.8,189.69888305664062,252.3280487060547,0.22167804837226868,90.03919219970703,0.0018463235132821598,500.16605343813944,0.0003691407453701041,1.52587890625e-05,0.0,2.952579957848425e-06,0.3639453383990713,0.45895132422447205,0.9217259883880615,-0.7945298552513123,0.0,0.8232994079589844,-0.04381808638572693,0.384184330701828,0.16645123064517975,0.21559247374534607,-0.17865633964538574,1.0000000|0.0000000|0.0000000|0.0000000|0.0000000|0.0000000|0.0000000|0.0000000|0.0000000|0.0000000,0,1.0,11.776177504422474,0,0,0,0,0,
cross_town,Town02,mixed,7,217,10.85,189.69888305664062,252.3280487060547,0.22167804837226868,90.03919219970703,0.0018463235132821598,500.16605343813944,0.0003691407453701041,1.52587890625e-05,0.0,3.639222975653415e-06,0.3700777294942327,0.11132234334945679,0.5800141096115112,0.42899370193481445,0.0,0.7432994246482849,0.03618191182613373,0.3228604197502136,0.16645123064517975,0.1483844518661499,2.235135555267334,1.0000000|0.0000000|0.0000000|0.0000000|0.0000000|0.0000000|0.0000000|0.0000000|0.0000000|0.0000000,0,1.0,11.726352374368602,0,0,0,0,0,
cross_town,Town02,mixed,7,218,10.9,189.69888305664062,252.3280487060547,0.22167804837226868,90.03919219970703,0.0018463235132821598,500.16605343813944,0.0003691407453701041,1.52587890625e-05,0.0,4.325867351760427e-06,0.3622059169122168,0.46253007650375366,0.9217590093612671,-0.7960662841796875,0.0,0.8232994079589844,-0.04381808638572693,0.40157854557037354,0.16645123064517975,0.2338257133960724,-0.1914617419242859,1.0000000|0.0000000|0.0000000|0.0000000|0.0000000|0.0000000|0.0000000|0.0000000|0.0000000|0.0000000,0,1.0,11.676525810129952,0,0,0,0,0,
cross_town,Town02,mixed,7,219,10.95,189.69888305664062,252.3280487060547,0.22167804837226868,90.03919219970703,0.0018463235132821598,500.16605343813944,0.0003691407453701041,1.52587890625e-05,0.0,4.943849400021328e-06,0.3204604389974065,0.11615902185440063,0.5412290692329407,0.37595394253730774,0.0,0.7432994246482849,0.03618191182613373,0.8190333247184753,0.16645123064517975,0.7110017538070679,2.3246142864227295,1.0000000|0.0000000|0.0000000|0.0000000|0.0000000|0.0000000|0.0000000|0.0000000|0.0000000|0.0000000,0,1.0,11.626687301692721,0,0,0,0,0,
cross_town,Town02,mixed,7,220,11.0,189.69888305664062,252.3280487060547,0.22167804837226868,90.03919219970703,0.0018463235132821598,500.16605343813944,0.0003691407453701041,1.52587890625e-05,0.0,5.561838040416802e-06,0.3516987028428503,0.42283475399017334,0.9453002214431763,-0.8210314512252808,0.0,0.8232994079589844,-0.04381808638572693,0.5066506862640381,0.16645123064517975,0.3401997983455658,-0.17949938774108887,1.0000000|0.0000000|0.0000000|0.0000000|0.0000000|0.0000000|0.0000000|0.0000000|0.0000000|0.0000000,0,1.0,11.576825050320206,0,0,0,0,0,
cross_town,Town02,mixed,7,221,11.05,189.69888305664062,252.3280487060547,0.22167804837226868,90.03919219970703,0.0018463235132821598,500.16605343813944,0.0003691407453701041,1.52587890625e-05,0.0,4.806600876622974e-07,0.3544851514407573,0.11570173501968384,0.5686101913452148,0.3990005552768707,0.0,0.7432994246482849,0.03618191182613373,0.4787862002849579,0.16645123064517975,0.3123221695423126,2.2872424125671387,1.0000000|0.0000000|0.0000000|0.0000000|0.0000000|0.0000000|0.0000000|0.0000000|0.0000000|0.0000000,0,1.0,11.526944811736172,0,0,0,0,0,
cross_town,Town02,mixed,7,222,11.1,189.69888305664062,252.3280487060547,0.22167804837226868,90.03919219970703,0.0018463235132821598,500.16605343813944,0.0003691407453701041,1.52587890625e-05,0.0,1.235962151830914e-06,0.36649655726637276,0.42575669288635254,0.9440843462944031,-0.8232567310333252,0.0,0.8232994079589844,-0.04381808638572693,0.3586721420288086,0.16645123064517975,0.18826574087142944,-0.17396330833435059,1.0000000|0.0000000|0.0000000|0.0000000|0.0000000|0.0000000|0.0000000|0.0000000|0.0000000|0.0000000,0,1.0,11.477045580292721,0,0,0,0,0,
cross_town,Town02,mixed,7,223,11.15,189.69888305664062,252.3280487060547,0.22167804837226868,90.03919219970703,0.0018463235132821598,500.16605343813944,0.0003691407453701041,1.52587890625e-05,0.0,1.922607987886165e-06,0.36904685524191344,0.11098182201385498,0.5794094204902649,0.44507744908332825,0.0,0.7432994246482849,0.03618191182613373,0.333169162273407,0.16645123064517975,0.16007724404335022,2.2412021160125732,1.0000000|0.0000000|0.0000000|0.0000000|0.0000000|0.0000000|0.0000000|0.0000000|0.0000000|0.0000000,0,1.0,11.427125765108096,0,0,0,0,0,
cross_town,Town02,mixed,7,224,11.2,189.69888305664062,252.3280487060547,0.22167804837226868,90.03919219970703,0.0018463235132821598,500.16605343813944,0.0003691407453701041,1.52587890625e-05,0.0,2.6092531521499113e-06,0.3509886207887122,0.4069592356681824,0.9555436372756958,-0.8339471817016602,0.0,0.8232994079589844,-0.04381808638572693,0.5137515068054199,0.16645123064517975,0.34730374813079834,-0.16430485248565674,1.0000000|0.0000000|0.0000000|0.0000000|0.0000000|0.0000000|0.0000000|0.0000000|0.0000000|0.0000000,0,1.0,11.377184645675422,0,0,0,0,0,
cross_town,Town02,mixed,7,225,11.25,189.69888305664062,252.3280487060547,0.22167804837226868,90.03919219970703,0.0018463235132821598,500.16605343813944,0.0003691407453701041,1.52587890625e-05,0.0,3.2958990481437254e-06,0.3618601384469458,0.11630338430404663,0.5787482261657715,0.38343051075935364,0.0,0.7432994246482849,0.03618191182613373,0.4050363302230835,0.16645123064517975,0.23741789162158966,2.2816944122314453,1.0000000|0.0000000|0.0000000|0.0000000|0.0000000|0.0000000|0.0000000|0.0000000|0.0000000|0.0000000,0,1.0,11.327223660849873,0,0,0,0,0,
cross_town,Town02,mixed,7,226,11.3,189.69888305664062,252.3280487060547,0.22167804837226868,90.03919219970703,0.0018463235132821598,500.16605343813944,0.0003691407453701041,1.52587890625e-05,0.0,4.051209148161157e-06,0.30292787578787284,0.0038265883922576904,0.9925345778465271,0.3848954737186432,0.0,0.8232994079589844,0.11618191003799438,0.9943589568138123,0.800000011920929,0.9930071830749512,0.587859034538269,1.0000000|0.0000000|0.0000000|0.0000000|0.0000000|0.0000000|0.0000000|0.0000000|0.0000000|0.0000000,0,1.0,11.313163621307973,0,0,0,0,0,
cross_town,Town02,mixed,7,227,11.35,189.69888305664062,252.3280487060547,0.22167804837226868,90.03919219970703,0.0018463235132821598,500.16605343813944,0.0003691407453701041,1.52587890625e-05,0.0,4.875183708037149e-06,0.3624351086923071,0.9801151752471924,0.3426549434661865,-0.3002825379371643,0.0,0.7432994246482849,0.03618191182613373,0.3992866277694702,0.16645123064517975,0.23143914341926575,-0.5726810693740845,1.0000000|0.0000000|0.0000000|0.0000000|0.0000000|0.0000000|0.0000000|0.0000000|0.0000000|0.0000000,0,1.0,11.3898292648605,0,0,0,0,0,
cross_town,Town02,mixed,7,228,11.4,189.69888305664062,252.3280487060547,0.22167804837226868,90.03919219970703,0.0018463235132821598,500.16605343813944,0.0003691407453701041,1.52587890625e-05,0.0,5.596161017416793e-06,0.36800359812464195,0.43294358253479004,0.9394850730895996,-0.8195793032646179,0.0,0.8232994079589844,-0.04381808638572693,0.3436017334461212,0.16645123064517975,0.17172762751579285,-0.17658543586730957,1.0000000|0.0000000|0.0000000|0.0000000|0.0000000|0.0000000|0.0000000|0.0000000|0.0000000|0.0000000,0,1.0,11.546898531009985,0,0,0,0,0,
cross_town,Town02,mixed,7,229,11.45,189.69888305664062,252.3280487060547,0.22167804837226868,90.03919219970703,0.0018463235132821598,500.16605343813944,0.0003691407453701041,1.52587890625e-05,0.0,1.3733178864321017e-07,0.37451808479513604,0.11267441511154175,0.5937117338180542,0.40837985277175903,0.0,0.7432994246482849,0.03618191182613373,0.2784568667411804,0.16645123064517975,0.09551651775836945,2.207425832748413,1.0000000|0.0000000|0.0000000|0.0000000|0.0000000|0.0000000|0.0000000|0.0000000|0.0000000|0.0000000,0,1.0,11.743875239871864,0,0,0,0,0,
cross_town,Town02,mixed,7,230,11.5,189.69888305664062,252.3280487060547,0.22167804837226868,90.03919219970703,0.0018463235132821598,500.16605343813944,0.0003691407453701041,1.52587890625e-05,0.0,8.239772036400475e-07,0.3650126966544577,0.4664067029953003,0.9202571511268616,-0.7960613369941711,0.0,0.8232994079589844,-0.04381808638572693,0.3735107481479645,0.16645123064517975,0.20425260066986084,-0.18582701683044434,1.0000000|0.0000000|0.0000000|0.0000000|0.0000000|0.0000000|0.0000000|0.0000000|0.0000000|0.0000000,0,1.0,11.974941301207334,0,0,0,0,0,
cross_town,Town02,mixed,7,231,11.55,189.69888305664062,252.3280487060547,0.22167804837226868,90.03919219970703,0.0018463235132821598,500.16605343813944,0.0003691407453701041,1.52587890625e-05,0.0,1.51062016103185e-06,0.31091243651594597,0.026252925395965576,0.1009567379951477,0.3924843668937683,0.0,0.7432994246482849,0.03618191182613373,0.914513349533081,0.800000011920929,0.29250797629356384,0.8259888291358948,1.0000000|0.0000000|0.0000000|0.0000000|0.0000000|0.0000000|0.0000000|0.0000000|0.0000000|0.0000000,0,1.0,12.36019317148795,0,0,0,0,0,
cross_town,Town02,mixed,7,232,11.6,189.69888305664062,252.3280487060547,0.22167804837226868,90.03919219970703,0.0018463235132821598,500.16605343813944,0.0003691407453701041,1.52587890625e-05,0.0,2.197271961979618e-06,0.352028364212174,0.4061887562274933,0.9509730339050293,-0.8335729241371155,0.0,0.8232994079589844,-0.04381808638572693,0.5033540725708008,0.16645123064517975,0.336902916431427,-0.16778159141540527,1.0000000|0.0000000|0.0000000|0.0000000|0.0000000|0.0000000|0.0000000|0.0000000|0.0000000|0.0000000,0,1.0,13.05945024507327,0,0,0,0,0,
cross_town,Town02,mixed,7,233,11.65,189.69888305664062,252.3280487060547,0.22167804837226868,90.03919219970703,0.0018463235132821598,500.16605343813944,0.0003691407453701041,1.52587890625e-05,0.0,2.952582771255462e-06,0.36829631355490167,0.11260619759559631,0.5765461325645447,0.41461697220802307,0.0,0.7432994246482849,0.03618191182613373,0.34067457914352417,0.16645123064517975,0.16847637295722961,2.2515993118286133,1.0000000|0.0000000|0.0000000|0.0000000|0.0000000|0.0000000|0.0000000|0.0000000|0.0000000|0.0000000,0,1.0,13.01052088390427,0,0,0,0,0,
cross_town,Town02,mixed,7,234,11.7,189.69888305664062,252.3280487060547,0.22167804837226868,90.03919219970703,0.0018463235132821598,500.16605343813944,0.0003691407453701041,1.52587890625e-05,0.0,3.5705572744315946e-06,0.3029278996297306,0.0038265883922576904,0.9925346374511719,0.38489535450935364,0.0,0.8232994079589844,0.11618191003799438,0.9943587183952332,0.800000011920929,0.992993950843811,0.5878592729568481,1.0000000|0.0000000|0.0000000|0.0000000|0.0000000|0.0000000|0.0000000|0.0000000|0.0000000|0.0000000,0,1.0,12.961001110921668,0,0,0,0,0,
cross_town,Town02,mixed,7,235,11.75,189.69888305664062,252.3280487060547,0.22167804837226868,90.03919219970703,0.0018463235132821598,500.16605343813944,0.0003691407453701041,1.52587890625e-05,0.0,4.188541525275719e-06,0.37087443497862305,0.9830095171928406,0.2156704068183899,-0.15638341009616852,0.0,0.7432994246482849,0.03618191182613373,0.31489336490631104,0.16645123064517975,0.1392136514186859,-0.6768596172332764,1.0000000|0.0000000|0.0000000|0.0000000|0.0000000|0.0000000|0.0000000|0.0000000|0.0000000|0.0000000,0,1.0,12.911614344282803,0,0,0,0,0,
cross_town,Town02,mixed,7,236,11.8,189.69888305664062,252.3280487060547,0.22167804837226868,90.03919219970703,0.0018463235132821598,500.16605343813944,0.0003691407453701041,1.52587890625e-05,0.0,4.875186465471958e-06,0.3626957031794972,0.46266794204711914,0.9234738349914551,-0.7922772765159607,0.0,0.8232994079589844,-0.04381808638572693,0.39668068289756775,0.16645123064517975,0.22871997952461243,-0.18723958730697632,1.0000000|0.0000000|0.0000000|0.0000000|0.0000000|0.0000000|0.0000000|0.0000000|0.0000000|0.0000000,0,1.0,12.862265728154068,0,0,0,0,0,
cross_town,Town02,mixed,7,237,11.85,189.69888305664062,252.3280487060547,0.22167804837226868,90.03919219970703,0.0018463235132821598,500.16605343813944,0.0003691407453701041,1.52587890625e-05,0.0,5.527498347768076e-06,0.31091225770201164,0.026252955198287964,0.10095620155334473,0.3924833834171295,0.0,0.7432994246482849,0.03618191182613373,0.9145151376724243,0.800000011920929,0.292513906955719,0.8259888291358948,1.0000000|0.0000000|0.0000000|0.0000000|0.0000000|0.0000000|0.0000000|0.0000000|0.0000000|0.0000000,0,1.0,12.812881113558314,0,0,0,0,0,
cross_town,Town02,mixed,7,238,11.9,189.69888305664062,252.3280487060547,0.22167804837226868,90.03919219970703,0.0018463235132821598,500.16605343813944,0.0003691407453701041,1.52587890625e-05,0.0,5.493203974136446e-07,0.36349277523245294,0.4477371871471405,0.9310110807418823,-0.8061711192131042,0.0,0.8232994079589844,-0.04381808638572693,0.3887099623680115,0.16645123064517975,0.2203642576932907,-0.18199503421783447,1.0000000|0.0000000|0.0000000|0.0000000|0.0000000|0.0000000|0.0000000|0.0000000|0.0000000|0.0000000,0,1.0,12.763270511742524,0,0,0,0,0,
cross_town,Town02,mixed,7,239,11.95,189.69888305664062,252.3280487060547,0.22167804837226868,90.03919219970703,0.0018463235132821598,500.16605343813944,0.0003691407453701041,1.52587890625e-05,0.0,1.3046292842681208e-06,0.31091250208105525,0.026252925395965576,0.1009567379951477,0.39248421788215637,0.0,0.7432994246482849,0.03618191182613373,0.9145126938819885,0.800000011920929,0.2925059497356415,0.8259888291358948,1.0000000|0.0000000|0.0000000|0.0000000|0.0000000|0.0000000|0.0000000|0.0000000|0.0000000|0.0000000,0,1.0,12.714464437058824,0,0,0,0,0,
cross_town,Town02,mixed,7,240,12.0,189.69888305664062,252.3280487060547,0.22167804837226868,90.03919219970703,0.0018463235132821598,500.16605343813944,0.0003691407453701041,1.52587890625e-05,0.0,2.1286055122359215e-06,0.36442293551649535,0.41766923666000366,0.9469084739685059,-0.8257573843002319,0.0,0.8232994079589844,-0.04381808638572693,0.3794083595275879,0.16645123064517975,0.21053369343280792,-0.16588258743286133,1.0000000|0.0000000|0.0000000|0.0000000|0.0000000|0.0000000|0.0000000|0.0000000|0.0000000|0.0000000,0,1.0,12.664893123075357,0,0,0,0,0,
cross_town,Town02,mixed,7,241,12.05,189.69888305664062,252.3280487060547,0.22167804837226868,90.03919219970703,0.0018463235132821598,500.16605343813944,0.0003691407453701041,1.52587890625e-05,0.0,2.849579826093843e-06,0.31091247227873287,0.026252955198287964,0.10095641016960144,0.3924839198589325,0.0,0.7432994246482849,0.03618191182613373,0.9145129919052124,0.800000011920929,0.2925068736076355,0.82598876953125,1.0000000|0.0000000|0.0000000|0.0000000|0.0000000|0.0000000|0.0000000|0.0000000|0.0000000|0.0000000,0,1.0,12.615552201252838,0,0,0,0,0,
cross_town,Town02,mixed,7,242,12.1,189.69888305664062,252.3280487060547,0.22167804837226868,90.03919219970703,0.0018463235132821598,500.16605343813944,0.0003691407453701041,1.52587890625e-05,0.0,3.5362245091075804e-06,0.3597477230140158,0.41967543959617615,0.9474711418151855,-0.8287338614463806,0.0,0.8232994079589844,-0.04381808638572693,0.4261604845523834,0.16645123064517975,0.25916534662246704,-0.18393701314926147,1.0000000|0.0000000|0.0000000|0.0000000|0.0000000|0.0000000|0.0000000|0.0000000|0.0000000|0.0000000,0,1.0,12.566255461594846,0,0,0,0,0,
cross_town,Town02,mixed,7,243,12.15,189.69888305664062,252.3280487060547,0.22167804837226868,90.03919219970703,0.0018463235132821598,500.16605343813944,0.0003691407453701041,1.52587890625e-05,0.0,4.222870058613832e-06,0.37307298508371795,0.11343705654144287,0.5909218192100525,0.40334761142730713,0.0,0.7432994246482849,0.03618191182613373,0.29290786385536194,0.16645123064517975,0.11322307586669922,2.237480640411377,1.0000000|0.0000000|0.0000000|0.0000000|0.0000000|0.0000000|0.0000000|0.0000000|0.0000000|0.0000000,0,1.0,12.517307554764187,0,0,0,0,0,
cross_town,Town02,mixed,7,244,12.2,189.69888305664062,252.3280487060547,0.22167804837226868,90.03919219970703,0.0018463235132821598,500.16605343813944,0.0003691407453701041,1.52587890625e-05,0.0,4.909515657525134e-06,0.36126355853762115,0.43628358840942383,0.9381940364837646,-0.8163167238235474,0.0,0.8232994079589844,-0.04381808638572693,0.41100212931632996,0.16645123064517975,0.2435927391052246,-0.18682962656021118,1.0000000|0.0000000|0.0000000|0.0000000|0.0000000|0.0000000|0.0000000|0.0000000|0.0000000|0.0000000,0,1.0,12.467776325690698,0,0,0,0,0,
cross_town,Town02,mixed,7,245,12.25,189.69888305664062,252.3280487060547,0.22167804837226868,90.03919219970703,0.0018463235132821598,500.16605343813944,0.0003691407453701041,1.52587890625e-05,0.0,5.63049375371428e-06,0.3778713825055548,0.10947200655937195,0.5939561128616333,0.43435993790626526,0.0,0.7432994246482849,0.03618191182613373,0.2449238896369934,0.16645123064517975,0.05208100005984306,2.19049072265625,1.0000000|0.0000000|0.0000000|0.0000000|0.0000000|0.0000000|0.0000000|0.0000000|0.0000000|0.0000000,0,1.0,12.418745739874387,0,0,0,0,0,
cross_town,Town02,mixed,7,246,12.3,189.69888305664062,252.3280487060547,0.22167804837226868,90.03919219970703,0.0018463235132821598,500.16605343813944,0.0003691407453701041,1.52587890625e-05,0.0,3.433326554556277e-07,0.3648734959670492,0.4407394230365753,0.9396461248397827,-0.812118411064148,0.0,0.8232994079589844,-0.04381808638572693,0.37490275502204895,0.16645123064517975,0.2057386189699173,-0.1770908236503601,1.0000000|0.0000000|0.0000000|0.0000000|0.0000000|0.0000000|0.0000000|0.0000000|0.0000000|0.0000000,0,1.0,12.369300973297143,0,0,0,0,0,
cross_town,Town02,mixed,7,247,12.35,189.69888305664062,252.3280487060547,0.22167804837226868,90.03919219970703,0.0018463235132821598,500.16605343813944,0.0003691407453701041,1.52587890625e-05,0.0,1.0643007578729903e-06,0.3695068093844838,0.11404305696487427,0.5822342038154602,0.39330533146858215,0.0,0.7432994246482849,0.03618191182613373,0.328569620847702,0.16645123064517975,0.15488335490226746,2.2524044513702393,1.0000000|0.0000000|0.0000000|0.0000000|0.0000000|0.0000000|0.0000000|0.0000000|0.0000000|0.0000000,0,1.0,12.320010146246371,0,0,0,0,0,
cross_town,Town02,mixed,7,248,12.4,189.69888305664062,252.3280487060547,0.22167804837226868,90.03919219970703,0.0018463235132821598,500.16605343813944,0.0003691407453701041,1.52587890625e-05,0.0,1.7509468655762934e-06,0.3029278757878729,0.0038265585899353027,0.9925346374511719,0.3848951756954193,0.0,0.8232994079589844,0.11618191003799438,0.9943589568138123,0.800000011920929,0.9930055737495422,0.5878591537475586,1.0000000|0.0000000|0.0000000|0.0000000|0.0000000|0.0000000|0.0000000|0.0000000|0.0000000|0.0000000,0,1.0,12.270743155489875,0,0,0,0,0,
cross_town,Town02,mixed,7,249,12.45,189.69888305664062,252.3280487060547,0.22167804837226868,90.03919219970703,0.0018463235132821598,500.16605343813944,0.0003691407453701041,1.52587890625e-05,0.0,2.4375933598000378e-06,0.3585595848866888,0.9809502363204956,0.31818580627441406,-0.28508102893829346,0.0,0.7432994246482849,0.03618191182613373,0.4380418658256531,0.16645123064517975,0.2712705433368683,-0.6088351011276245,1.0000000|0.0000000|0.0000000|0.0000000|0.0000000|0.0000000|0.0000000|0.0000000|0.0000000|0.0000000,0,1.0,12.221715623330454,0,0,0,0,0,
cross_town,Town02,mixed,7,250,12.5,189.69888305664062,252.3280487060547,0.22167804837226868,90.03919219970703,0.0018463235132821598,500.16605343813944,0.0003691407453701041,1.52587890625e-05,0.0,3.2272355817145612e-06,0.3642485770293661,0.44023218750953674,0.9391986131668091,-0.8168692588806152,0.0,0.8232994079589844,-0.04381808638572693,0.38115194439888,0.16645123064517975,0.21238338947296143,-0.19632446765899658,1.0000000|0.0000000|0.0000000|0.0000000|0.0000000|0.0000000|0.0000000|0.0000000|0.0000000|0.0000000,0,1.0,12.172279923554553,0,0,1,0,0,stuck
