protocol,town,weather,episode,t,sim_time_s,ego_x,ego_y,ego_z,ego_yaw_deg,route_s_m,route_remaining_m,route_completion_pct,cte_m,route_heading_rad,speed_kmh,reward,command_throttle,command_brake,command_steer,applied_throttle,applied_brake,applied_steer,sigma_bar,sigma_ale,sigma_epi,policy_entropy_proxy,attention,top_attention_index,top_attention_value,ttc_s,collision,off_route,timeout,red_light_violation,intervention,terminal_reason
cross_town,Town02,mixed,17,1,0.05,151.40260314941406,105.44043731689453,0.15079757571220398,179.96104431152344,1.5258785420708232e-05,500.13329088571624,3.0509436650674825e-06,0.0,5.326322183307752e-07,0.46652460694319425,0.4339112456628636,0.06792715191841125,0.9131548404693604,-0.6888518333435059,0.0,0.07999999821186066,-0.07999999821186066,1.0,0.800000011920929,14.279525756835938,2.7153825759887695,1.0000000|0.0000000|0.0000000|0.0000000|0.0000000|0.0000000|0.0000000|0.0000000|0.0000000|0.0000000,0,1.0,,0,0,0,0,0,
cross_town,Town02,mixed,17,2,0.1,151.40260314941406,105.44043731689453,0.161112442612648,179.96104431152344,1.5258785420708232e-05,500.13329088571624,3.0509436650674825e-06,0.0,5.326322183307752e-07,0.8584049999719685,0.433911245325486,0.10546344518661499,0.6748901605606079,0.42958900332450867,0.0,0.1599999964237213,1.7881393032936899e-09,1.0,0.3103710412979126,19.329082489013672,1.6306207180023193,1.0000000|0.0000000|0.0000000|0.0000000|0.0000000|0.0000000|0.0000000|0.0000000|0.0000000|0.0000000,0,1.0,,0,0,0,0,0,
cross_town,Town02,mixed,17,3,0.15,151.40260314941406,105.44043731689453,0.17358183860778809,179.96104431152344,1.5258785420708232e-05,500.13329088571624,3.0509436650674825e-06,0.0,5.326322183307752e-07,0.8940872311592764,0.4339112459878607,0.1386488676071167,0.7190859317779541,0.2385197877883911,0.0,0.23999999463558197,0.07999999821186066,1.0,0.3103710412979126,16.883094787597656,1.4253127574920654,1.0000000|0.0000000|0.0000000|0.0000000|0.0000000|0.0000000|0.0000000|0.0000000|0.0000000|0.0000000,0,1.0,,0,0,0,0,0,
cross_town,Town02,mixed,17,4,0.2,151.40260314941406,105.44043731689453,0.1851729154586792,179.96104431152344,1.5258785420708232e-05,500.13329088571624,3.0509436650674825e-06,0.0,5.326322183307752e-07,0.7842081785202133,0.4339138679209528,0.06779709458351135,0.6981744766235352,-0.17049996554851532,0.0,0.3199999928474426,-1.7881393032936899e-09,0.9999737739562988,0.800000011920929,2.336721897125244,2.0911269187927246,1.0000000|0.0000000|0.0000000|0.0000000|0.0000000|0.0000000|0.0000000|0.0000000|0.0000000|0.0000000,0,1.0,,0,0,0,0,0,
cross_town,Town02,mixed,17,5,0.25,151.40260314941406,105.44043731689453,0.19481010735034943,179.96104431152344,1.5258785420708232e-05,500.13329088571624,3.0509436650674825e-06,0.0,5.326322183307752e-07,0.6320981204510167,0.4339180164128635,0.024800658226013184,0.8486277461051941,0.32466021180152893,0.0,0.4000000059604645,0.07999999821186066,0.9999322891235352,0.800000011920929,2.0999841690063477,1.9700355529785156,1.0000000|0.0000000|0.0000000|0.0000000|0.0000000|0.0000000|0.0000000|0.0000000|0.0000000|0.0000000,0,1.0,,0,0,0,0,0,
cross_town,Town02,mixed,17,6,0.3,151.40260314941406,105.44043731689453,0.20233973860740662,179.96104431152344,1.5258785420708232e-05,500.13329088571624,3.0509436650674825e-06,0.0,5.326322183307752e-07,0.4844137609005389,0.43391124566791756,0.20560353994369507,0.5814428925514221,0.2456057071685791,0.0,0.48000001907348633,0.1599999964237213,1.0,0.3103710412979126,30.04397201538086,1.8260993957519531,1.0000000|0.0000000|0.0000000|0.0000000|0.0000000|0.0000000|0.0000000|0.0000000|0.0000000|0.0000000,0,1.0,,0,0,0,0,0,
cross_town,Town02,mixed,17,7,0.35,151.40260314941406,105.44043731689453,0.20799343287944794,179.96104431152344,1.5258785420708232e-05,500.13329088571624,3.0509436650674825e-06,0.0,5.326322183307752e-07,0.35895115435291697,0.43391124565804684,0.287898451089859,0.48224765062332153,-0.20667581260204315,0.0,0.48224765062332153,0.07999999821186066,1.0,0.3103710412979126,31.508930206298828,2.1667895317077637,1.0000000|0.0000000|0.0000000|0.0000000|0.0000000|0.0000000|0.0000000|0.0000000|0.0000000|0.0000000,0,1.0,,0,0,0,0,0,
cross_town,Town02,mixed,17,8,0.4,151.40260314941406,105.44043731689453,0.21212272346019745,179.96104431152344,1.5258785420708232e-05,500.13329088571624,3.0509436650674825e-06,0.0,5.326322183307752e-07,0.2596512973320033,0.4415711904242533,0.24088987708091736,0.43876147270202637,0.08408807963132858,0.0,0.43876147270202637,0.08408807963132858,1.0,0.3103710412979126,23.031352996826172,1.8502693176269531,1.0000000|0.0000000|0.0000000|0.0000000|0.0000000|0.0000000|0.0000000|0.0000000|0.0000000|0.0000000,0,1.0,,0,0,0,0,0,
cross_town,Town02,mixed,17,9,0.45,151.40260314941406,105.44043731689453,0.21507766842842102,179.96104431152344,1.5258785420708232e-05,500.13329088571624,3.0509436650674825e-06,0.0,5.326322183307752e-07,0.1844495594510831,0.43391125615934495,0.0426996648311615,0.7105963826179504,0.2250877171754837,0.0,0.5187614560127258,0.16408808529376984,0.9999998807907104,0.800000011920929,3.5986411571502686,1.6181449890136719,1.0000000|0.0000000|0.0000000|0.0000000|0.0000000|0.0000000|0.0000000|0.0000000|0.0000000|0.0000000,0,1.0,,0,0,0,0,0,
cross_town,Town02,mixed,17,10,0.5,151.40260314941406,105.44043731689453,0.21715934574604034,179.96104431152344,1.5258785420708232e-05,500.13329088571624,3.0509436650674825e-06,0.0,5.326322183307752e-07,0.1291915878686942,0.43391124566247646,0.2524770498275757,0.5222424864768982,-0.10870686173439026,0.0,0.5222424864768982,0.08408808708190918,1.0,0.3103710412979126,44.77048873901367,2.19217586517334,1.0000000|0.0000000|0.0000000|0.0000000|0.0000000|0.0000000|0.0000000|0.0000000|0.0000000|0.0000000,0,1.0,,0,0,0,0,0,
cross_town,Town02,mixed,17,11,0.55,151.40260314941406,105.44043731689453,0.21860763430595398,179.96104431152344,1.5258785420708232e-05,500.13329088571624,3.0509436650674825e-06,0.0,5.326322183307752e-07,0.089463626595227,0.43393223243060985,0.013744771480560303,0.963237464427948,0.19001679122447968,0.0,0.6022424697875977,0.16408808529376984,0.9997901320457458,0.800000011920929,1.8171179294586182,1.1156198978424072,1.0000000|0.0000000|0.0000000|0.0000000|0.0000000|0.0000000|0.0000000|0.0000000|0.0000000|0.0000000,0,1.0,,0,0,0,0,0,
cross_town,Town02,mixed,17,12,0.6,151.40260314941406,105.44043731689453,0.21960510313510895,179.96104431152344,1.5258785420708232e-05,500.13329088571624,3.0509436650674825e-06,0.0,5.326322183307752e-07,0.061377592384942954,0.4463560219476333,0.022848844528198242,0.9388713240623474,-0.4105420410633087,0.0,0.6822424530982971,0.08408808708190918,0.875552237033844,0.800000011920929,0.187742218375206,0.5342901945114136,1.0000000|0.0000000|0.0000000|0.0000000|0.0000000|0.0000000|0.0000000|0.0000000|0.0000000|0.0000000,0,1.0,618.1982697849692,0,0,0,0,0,
cross_town,Town02,mixed,17,13,0.65,151.40260314941406,105.44043731689453,0.2202862948179245,179.96104431152344,1.5258785420708232e-05,500.13329088571624,3.0509436650674825e-06,0.0,5.326322183307752e-07,0.041777433831424474,0.433971565204827,0.007372140884399414,0.9945346117019653,-0.0633949264883995,0.0,0.7622424364089966,0.004088087007403374,0.999396800994873,0.800000011920929,1.553189754486084,0.34711647033691406,1.0000000|0.0000000|0.0000000|0.0000000|0.0000000|0.0000000|0.0000000|0.0000000|0.0000000|0.0000000,0,1.0,189.92410648811688,0,0,0,0,0,
cross_town,Town02,mixed,17,14,0.7,151.40260314941406,105.44043731689453,0.220748171210289,179.96104431152344,1.5258785420708232e-05,500.13329088571624,3.0509436650674825e-06,0.0,5.326322183307752e-07,0.028251409158246067,0.43391124530623415,0.6565417051315308,0.14843744039535522,0.2641298174858093,0.0,0.6822424530982971,0.08408808708190918,1.0,0.3103710412979126,5.086138725280762,1.8583178520202637,1.0000000|0.0000000|0.0000000|0.0000000|0.0000000|0.0000000|0.0000000|0.0000000|0.0000000|0.0000000,0,1.0,151.28859049767993,0,0,0,0,0,
cross_town,Town02,mixed,17,15,0.75,151.40260314941406,105.44043731689453,0.22105945646762848,179.96104431152344,1.5258785420708232e-05,500.13329088571624,3.0509436650674825e-06,0.0,5.326322183307752e-07,0.018991858702269788,0.4339112453090154,0.7903134822845459,0.18413949012756348,-0.23714995384216309,0.0,0.6022424697875977,0.004088087007403374,1.0,0.3103710412979126,24.75506591796875,0.6244935393333435,1.0000000|0.0000000|0.0000000|0.0000000|0.0000000|0.0000000|0.0000000|0.0000000|0.0000000|0.0000000,0,1.0,123.37365001201246,0,0,0,0,0,
cross_town,Town02,mixed,17,16,0.8,151.40260314941406,105.44043731689453,0.22126811742782593,179.96104431152344,1.5258785420708232e-05,500.13329088571624,3.0509436650674825e-06,0.0,5.326322183307752e-07,0.012705345004330978,0.4339123340291964,0.18964999914169312,0.19508260488510132,0.4196358919143677,0.0,0.5222424864768982,0.08408808708190918,1.0,0.3103710412979126,8.916812896728516,1.7967625856399536,1.0000000|0.0000000|0.0000000|0.0000000|0.0000000|0.0000000|0.0000000|0.0000000|0.0000000|0.0000000,0,1.0,122.83723970070709,0,0,0,0,0,
cross_town,Town02,mixed,17,17,0.85,151.40260314941406,105.44043731689453,0.22140730917453766,179.96104431152344,1.5258785420708232e-05,500.13329088571624,3.0509436650674825e-06,0.0,5.326322183307752e-07,0.008463558027468558,0.437213732206294,0.28291934728622437,0.38390275835990906,0.023639479652047157,0.0,0.44224247336387634,0.023639479652047157,1.0,0.31037765741348267,9.130561828613281,1.8276005983352661,1.0000000|0.0000000|0.0000000|0.0000000|0.0000000|0.0000000|0.0000000|0.0000000|0.0000000|0.0000000,0,1.0,106.15398161392916,0,0,0,0,0,
cross_town,Town02,mixed,17,18,0.9,151.40260314941406,105.44043731689453,0.22140730917453766,179.96104431152344,1.5258785420708232e-05,500.13329088571624,3.0509436650674825e-06,0.0,5.326322183307752e-07,0.0,0.433929174030336,0.17671865224838257,0.43548619747161865,0.48656564950942993,0.0,0.43548619747161865,0.10363947600126266,1.0,0.3104156255722046,11.210638046264648,1.9618425369262695,1.0000000|0.0000000|0.0000000|0.0000000|0.0000000|0.0000000|0.0000000|0.0000000|0.0000000|0.0000000,0,1.0,94.87628096892007,0,0,0,0,0,
cross_town,Town02,mixed,17,19,0.95,151.40260314941406,105.44043731689453,0.2215089350938797,179.96104431152344,1.5258785420708232e-05,500.13329088571624,3.0509436650674825e-06,0.0,5.326322183307752e-07,0.002191841071175466,0.43940465532476786,0.23226037621498108,0.5843844413757324,0.14663094282150269,0.0,0.5154861807823181,0.14663094282150269,1.0,0.3104802668094635,20.2617130279541,1.9121497869491577,1.0000000|0.0000000|0.0000000|0.0000000|0.0000000|0.0000000|0.0000000|0.0000000|0.0000000|0.0000000,0,1.0,87.19017702718611,0,0,0,0,0,
cross_town,Town02,mixed,17,20,1.0,151.40260314941406,105.44043731689453,0.2215421199798584,179.96104431152344,1.5258785420708232e-05,500.13329088571624,3.0509436650674825e-06,0.0,5.326322183307752e-07,0.00242536927443347,0.4339580240891941,0.05601826310157776,0.8809760808944702,-0.19565966725349426,0.0,0.5954861640930176,0.06663094460964203,1.0,0.800000011920929,4.961101055145264,1.06636643409729,1.0000000|0.0000000|0.0000000|0.0000000|0.0000000|0.0000000|0.0000000|0.0000000|0.0000000|0.0000000,0,1.0,80.34718147098651,0,0,0,0,0,
cross_town,Town02,mixed,17,21,1.05,151.40260314941406,105.44043731689453,0.2215740978717804,179.96104431152344,1.5258785420708232e-05,500.13329088571624,3.0509436650674825e-06,0.0,5.326322183307752e-07,0.0021795156948167826,0.43397474157375454,0.3272743821144104,0.29733163118362427,-0.1513664275407791,0.0,0.5154861807823181,-0.013369055464863777,1.0,0.31065651774406433,34.74195098876953,1.7509864568710327,1.0000000|0.0000000|0.0000000|0.0000000|0.0000000|0.0000000|0.0000000|0.0000000|0.0000000|0.0000000,0,1.0,73.79915329741533,0,0,0,0,0,
cross_town,Town02,mixed,17,22,1.1,151.40260314941406,105.44043731689453,0.22160117328166962,179.96104431152344,1.5258785420708232e-05,500.13329088571624,3.0509436650674825e-06,0.0,5.326322183307752e-07,0.0017821198097540604,0.4341997838275957,0.0076968371868133545,0.9779210686683655,0.6293811798095703,0.0,0.5954861640930176,0.06663094460964203,0.9979331493377686,0.800000011920929,1.2449169158935547,1.0112459659576416,1.0000000|0.0000000|0.0000000|0.0000000|0.0000000|0.0000000|0.0000000|0.0000000|0.0000000|0.0000000,0,1.0,68.13603940265044,0,0,0,0,0,
cross_town,Town02,mixed,17,23,1.15,151.40260314941406,105.44043731689453,0.2216225415468216,179.96104431152344,1.5258785420708232e-05,500.13329088571624,3.0509436650674825e-06,0.0,5.326322183307752e-07,0.0013743209535637035,0.43799454261219206,0.002774655818939209,0.9938312768936157,0.25409847497940063,0.0,0.675486147403717,0.14663094282150269,0.9601801633834839,0.800000011920929,0.4956890940666199,0.5406787395477295,1.0000000|0.0000000|0.0000000|0.0000000|0.0000000|0.0000000|0.0000000|0.0000000|0.0000000|0.0000000,0,1.0,62.6905481633516,0,0,0,0,0,
cross_town,Town02,mixed,17,24,1.2,151.40260314941406,105.44043731689453,0.22163863480091095,179.96104431152344,1.5258785420708232e-05,500.13329088571624,3.0509436650674825e-06,0.0,5.326322183307752e-07,0.0010252647568333533,0.4340335885122876,0.6572301387786865,0.2949677109718323,-0.07648476213216782,0.0,0.5954861640930176,0.06663094460964203,1.0,0.31099143624305725,14.653554916381836,1.4384729862213135,1.0000000|0.0000000|0.0000000|0.0000000|0.0000000|0.0000000|0.0000000|0.0000000|0.0000000|0.0000000,0,1.0,57.881084989753894,0,0,0,0,0,
cross_town,Town02,mixed,17,25,1.25,151.40260314941406,105.44043731689453,0.22165046632289886,179.96104431152344,1.5258785420708232e-05,500.13329088571624,3.0509436650674825e-06,0.0,5.326322183307752e-07,0.0007448730177431124,0.43405585066966285,0.37288495898246765,0.29958856105804443,-0.1487710177898407,0.0,0.5154861807823181,-0.013369055464863777,1.0,0.3111211359500885,9.819883346557617,1.693623661994934,1.0000000|0.0000000|0.0000000|0.0000000|0.0000000|0.0000000|0.0000000|0.0000000|0.0000000|0.0000000,0,1.0,53.247791104141655,0,0,0,0,0,
cross_town,Town02,mixed,17,26,1.3,151.40260314941406,105.44043731689453,0.22165897488594055,179.96104431152344,1.5258785420708232e-05,500.13329088571624,3.0509436650674825e-06,0.0,5.326322183307752e-07,0.0005336265321637816,0.4340793567015201,0.14404600858688354,0.23098063468933105,0.5005725622177124,0.0,0.43548616766929626,0.06663094460964203,0.9999998807907104,0.31125882267951965,4.253655910491943,1.9395720958709717,1.0000000|0.0000000|0.0000000|0.0000000|0.0000000|0.0000000|0.0000000|0.0000000|0.0000000|0.0000000,0,1.0,49.43429644669214,0,0,0,0,0,
cross_town,Town02,mixed,17,27,1.35,151.40260314941406,105.44043731689453,0.2216614931821823,179.96104431152344,1.5258785420708232e-05,500.13329088571624,3.0509436650674825e-06,0.0,5.326322183307752e-07,0.00016259769467977486,0.43410406733233986,0.20297569036483765,0.6061534285545349,0.297148197889328,0.0,0.5154861807823181,0.14663094282150269,1.0,0.3114045262336731,14.687765121459961,1.8391754627227783,1.0000000|0.0000000|0.0000000|0.0000000|0.0000000|0.0000000|0.0000000|0.0000000|0.0000000|0.0000000,0,1.0,46.242535400377186,0,0,0,0,0,
cross_town,Town02,mixed,17,28,1.4,151.40260314941406,105.44043731689453,0.22166430950164795,179.96104431152344,1.5258785420708232e-05,500.13329088571624,3.0509436650674825e-06,0.0,5.326322183307752e-07,0.00022134018403159765,0.43413023370046633,0.3631748557090759,0.6309986710548401,-0.07608692348003387,0.0,0.5954861640930176,0.06663094460964203,1.0,0.3115583062171936,16.354042053222656,1.948598861694336,1.0000000|0.0000000|0.0000000|0.0000000|0.0000000|0.0000000|0.0000000|0.0000000|0.0000000|0.0000000,0,1.0,43.50710242445917,0,0,0,0,0,
cross_town,Town02,mixed,17,29,1.45,151.40260314941406,105.44043731689453,0.2216673642396927,179.96104431152344,1.5258785420708232e-05,500.13329088571624,3.0509436650674825e-06,0.0,5.326322183307752e-07,0.00021430205709176568,0.43415779072289273,0.3795487880706787,0.290992796421051,-0.1297338902950287,0.0,0.5154861807823181,-0.013369055464863777,1.0,0.3117215633392334,10.486635208129883,1.7300493717193604,1.0000000|0.0000000|0.0000000|0.0000000|0.0000000|0.0000000|0.0000000|0.0000000|0.0000000|0.0000000,0,1.0,41.11448478472894,0,0,0,0,0,
cross_town,Town02,mixed,17,30,1.5,151.40260314941406,105.44043731689453,0.22167007625102997,179.96104431152344,1.5258785420708232e-05,500.13329088571624,3.0509436650674825e-06,0.0,5.326322183307752e-07,0.00017942048642184276,0.4341868703225218,0.13771605491638184,0.23979508876800537,0.5162510871887207,0.0,0.43548616766929626,0.06663094460964203,1.0,0.3118940591812134,5.575118064880371,1.9179364442825317,1.0000000|0.0000000|0.0000000|0.0000000|0.0000000|0.0000000|0.0000000|0.0000000|0.0000000|0.0000000,0,1.0,38.99448735894493,0,0,0,0,0,
cross_town,Town02,mixed,17,31,1.55,151.40260314941406,105.44043731689453,0.22167223691940308,179.96104431152344,1.5258785420708232e-05,500.13329088571624,3.0509436650674825e-06,0.0,5.326322183307752e-07,0.0001417236684194979,0.4342173592212266,0.19638299942016602,0.6099878549575806,0.27797964215278625,0.0,0.5154861807823181,0.14663094282150269,1.0,0.31207671761512756,12.532618522644043,1.8366678953170776,1.0000000|0.0000000|0.0000000|0.0000000|0.0000000|0.0000000|0.0000000|0.0000000|0.0000000|0.0000000,0,1.0,37.09767341552995,0,0,0,0,0,
cross_town,Town02,mixed,17,32,1.6,151.40260314941406,105.44043731689453,0.22167392075061798,179.96104431152344,1.5258785420708232e-05,500.13329088571624,3.0509436650674825e-06,0.0,5.326322183307752e-07,0.00010958862649912703,0.4342493955353163,0.3639349341392517,0.6370189189910889,-0.0781870186328888,0.0,0.5954861640930176,0.06663094460964203,1.0,0.3122689425945282,12.355184555053711,1.9228390455245972,1.0000000|0.0000000|0.0000000|0.0000000|0.0000000|0.0000000|0.0000000|0.0000000|0.0000000|0.0000000,0,1.0,35.434986689409385,0,0,0,0,0,
cross_town,Town02,mixed,17,33,1.65,151.40260314941406,105.44043731689453,0.22167518734931946,179.96104431152344,1.5258785420708232e-05,500.13329088571624,3.0509436650674825e-06,0.0,5.326322183307752e-07,7.951375117087623e-05,0.43820844969861417,0.0027748048305511475,0.9938348531723022,0.25438952445983887,0.0,0.675486147403717,0.14663094282150269,0.9607441425323486,0.800000011920929,0.49940189719200134,0.5407336950302124,1.0000000|0.0000000|0.0000000|0.0000000|0.0000000|0.0000000|0.0000000|0.0000000|0.0000000|0.0000000,0,1.0,35.29297069514536,0,0,0,0,0,
cross_town,Town02,mixed,17,34,1.7,151.40260314941406,105.44043731689453,0.22167518734931946,179.96104431152344,1.5258785420708232e-05,500.13329088571624,3.0509436650674825e-06,0.0,5.326322183307752e-07,5.819321203472055e-05,0.434317834817164,0.6446215510368347,0.3683050274848938,-0.09746373444795609,0.0,0.5954861640930176,0.06663094460964203,1.0,0.31268438696861267,7.151476860046387,1.4424264430999756,1.0000000|0.0000000|0.0000000|0.0000000|0.0000000|0.0000000|0.0000000|0.0000000|0.0000000|0.0000000,0,1.0,34.638355651563785,0,0,0,0,0,
cross_town,Town02,mixed,17,35,1.75,151.40260314941406,105.44043731689453,0.2216765135526657,179.96104431152344,1.5258785420708232e-05,500.13329088571624,3.0509436650674825e-06,0.0,5.326322183307752e-07,9.133862535462074e-06,0.43435429934458153,0.43257153034210205,0.3818982243537903,-0.12776197493076324,0.0,0.5154861807823181,-0.013369055464863777,0.9999994039535522,0.3129075765609741,3.7519733905792236,1.5985310077667236,1.0000000|0.0000000|0.0000000|0.0000000|0.0000000|0.0000000|0.0000000|0.0000000|0.0000000|0.0000000,0,1.0,34.741363460957416,0,0,0,0,0,
cross_town,Town02,mixed,17,36,1.8,151.40260314941406,105.44043731689453,0.2216765135526657,179.96104431152344,1.5258785420708232e-05,500.13329088571624,3.0509436650674825e-06,0.0,5.326322183307752e-07,2.0016157025677152e-05,0.4345983913206921,0.0076958537101745605,0.9779118299484253,0.6294589042663574,0.0,0.5954861640930176,0.06663094460964203,0.9979376792907715,0.800000011920929,1.2454601526260376,1.0112847089767456,1.0000000|0.0000000|0.0000000|0.0000000|0.0000000|0.0000000|0.0000000|0.0000000|0.0000000|0.0000000,0,1.0,30.984506900914347,0,0,0,0,0,
cross_town,Town02,mixed,17,37,1.85,151.40260314941406,105.44043731689453,0.2216765135526657,179.96104431152344,1.5258785420708232e-05,500.13329088571624,3.0509436650674825e-06,0.0,5.326322183307752e-07,2.1011387972984176e-05,0.4383540271992885,0.002774834632873535,0.9938349723815918,0.2544052302837372,0.0,0.675486147403717,0.14663094282150269,0.9607744216918945,0.800000011920929,0.49960240721702576,0.5407365560531616,1.0000000|0.0000000|0.0000000|0.0000000|0.0000000|0.0000000|0.0000000|0.0000000|0.0000000|0.0000000,0,1.0,27.58059097151832,0,0,0,0,0,
cross_town,Town02,mixed,17,38,1.9,151.40260314941406,105.44043731689453,0.2216765135526657,179.96104431152344,1.5258785420708232e-05,500.13329088571624,3.0509436650674825e-06,0.0,5.326322183307752e-07,1.8574263186315466e-05,0.4371878226427987,0.01782679557800293,0.9791690111160278,-0.2683153748512268,0.0,0.7554861307144165,0.06663094460964203,0.9728444218635559,0.800000011920929,0.5946601033210754,0.008766531944274902,1.0000000|0.0000000|0.0000000|0.0000000|0.0000000|0.0000000|0.0000000|0.0000000|0.0000000|0.0000000,0,1.0,26.09154649438516,0,0,0,0,0,
cross_town,Town02,mixed,17,39,1.95,151.40260314941406,105.44043731689453,0.2216765135526657,179.96104431152344,1.5258785420708232e-05,500.13329088571624,3.0509436650674825e-06,0.0,5.326322183307752e-07,1.8196145568924587e-05,0.43451444686052204,0.9311807751655579,0.09027957916259766,-0.31245046854019165,0.0,0.675486147403717,-0.013369055464863777,1.0,0.31390491127967834,19.424806594848633,0.9845799207687378,1.0000000|0.0000000|0.0000000|0.0000000|0.0000000|0.0000000|0.0000000|0.0000000|0.0000000|0.0000000,0,1.0,24.728427595482636,0,0,0,0,0,
cross_town,Town02,mixed,17,40,2.0,151.40260314941406,105.44043731689453,0.22167766094207764,179.96104431152344,1.5258785420708232e-05,500.13329088571624,3.0509436650674825e-06,0.0,5.326322183307752e-07,1.5005221602650819e-05,0.4417700786393145,0.261752724647522,0.35781681537628174,0.006379015278071165,0.0,0.5954861640930176,0.006379015278071165,1.0,0.31418076157569885,33.129356384277344,1.279714584350586,1.0000000|0.0000000|0.0000000|0.0000000|0.0000000|0.0000000|0.0000000|0.0000000|0.0000000|0.0000000,0,1.0,24.07233903502797,0,0,0,0,0,
cross_town,Town02,mixed,17,41,2.05,151.40260314941406,105.44043731689453,0.22167766094207764,179.96104431152344,1.5258785420708232e-05,500.13329088571624,3.0509436650674825e-06,0.0,5.326322183307752e-07,8.106873690124325e-06,0.43460306952667327,0.14975830912590027,0.2602856159210205,0.4265868365764618,0.0,0.5154861807823181,0.08637901395559311,1.0,0.31446754932403564,17.177539825439453,1.733612298965454,1.0000000|0.0000000|0.0000000|0.0000000|0.0000000|0.0000000|0.0000000|0.0000000|0.0000000|0.0000000,0,1.0,23.568308160064834,0,0,0,0,0,
cross_town,Town02,mixed,17,42,2.1,151.40260314941406,105.44043731689453,0.22167766094207764,179.96104431152344,1.5258785420708232e-05,500.13329088571624,3.0509436650674825e-06,0.0,5.326322183307752e-07,7.107433670773829e-06,0.43464947730070896,0.29865357279777527,0.6479634046554565,-0.0554339624941349,0.0,0.5954861640930176,0.006379013881087303,1.0,0.31476518511772156,14.60657024383545,1.7512474060058594,1.0000000|0.0000000|0.0000000|0.0000000|0.0000000|0.0000000|0.0000000|0.0000000|0.0000000|0.0000000,0,1.0,24.040632046150574,0,0,0,0,0,
cross_town,Town02,mixed,17,43,2.15,151.40260314941406,105.44043731689453,0.22167766094207764,179.96104431152344,1.5258785420708232e-05,500.13329088571624,3.0509436650674825e-06,0.0,5.326322183307752e-07,6.353300965825059e-06,0.434697231619076,0.1407989263534546,0.266706645488739,0.4152924120426178,0.0,0.5154861807823181,0.08637901395559311,1.0,0.3150738775730133,20.43056297302246,1.730546474456787,1.0000000|0.0000000|0.0000000|0.0000000|0.0000000|0.0000000|0.0000000|0.0000000|0.0000000|0.0000000,0,1.0,24.343167546895266,0,0,0,0,0,
cross_town,Town02,mixed,17,44,2.2,151.40260314941406,105.44043731689453,0.22167766094207764,179.96104431152344,1.5258785420708232e-05,500.13329088571624,3.0509436650674825e-06,0.0,5.326322183307752e-07,2.3346001558318273e-06,0.4364723321255736,0.286492258310318,0.5986536741256714,0.015939826145768166,0.0,0.5954861640930176,0.015939826145768166,1.0,0.31539350748062134,8.992453575134277,1.7522075176239014,1.0000000|0.0000000|0.0000000|0.0000000|0.0000000|0.0000000|0.0000000|0.0000000|0.0000000|0.0000000,0,1.0,25.19279753246126,0,0,0,0,0,
cross_town,Town02,mixed,17,45,2.25,151.40260314941406,105.44043731689453,0.22167766094207764,179.96104431152344,1.5258785420708232e-05,500.13329088571624,3.0509436650674825e-06,0.0,5.326322183307752e-07,5.220151722669007e-06,0.43479676869458195,0.14670971035957336,0.2595326900482178,0.30062177777290344,0.0,0.5154861807823181,0.09593982249498367,1.0,0.31572434306144714,41.02410125732422,1.7654480934143066,1.0000000|0.0000000|0.0000000|0.0000000|0.0000000|0.0000000|0.0000000|0.0000000|0.0000000|0.0000000,0,1.0,25.653810593578317,0,0,0,0,0,
cross_town,Town02,mixed,17,46,2.3,151.40260314941406,105.44043731689453,0.22167766094207764,179.96104431152344,1.5258785420708232e-05,500.13329088571624,3.0509436650674825e-06,0.0,5.326322183307752e-07,3.7431996352155102e-06,0.43484847927748677,0.326042115688324,0.6177117824554443,-0.04761876165866852,0.0,0.5954861640930176,0.015939822420477867,1.0,0.3160662055015564,8.340974807739258,1.8342944383621216,1.0000000|0.0000000|0.0000000|0.0000000|0.0000000|0.0000000|0.0000000|0.0000000|0.0000000|0.0000000,0,1.0,25.833936389194886,0,0,0,0,0,
cross_town,Town02,mixed,17,47,2.35,151.40260314941406,105.44043731689453,0.22167766094207764,179.96104431152344,1.5258785420708232e-05,500.13329088571624,3.0509436650674825e-06,0.0,5.326322183307752e-07,5.973885948107217e-06,0.4349014310697854,0.1481592059135437,0.2820664644241333,0.32936131954193115,0.0,0.5154861807823181,0.09593982249498367,1.0,0.31641921401023865,32.089149475097656,1.7575902938842773,1.0000000|0.0000000|0.0000000|0.0000000|0.0000000|0.0000000|0.0000000|0.0000000|0.0000000|0.0000000,0,1.0,26.174438622990266,0,0,0,0,0,
cross_town,Town02,mixed,17,48,2.4,151.40260314941406,105.44043731689453,0.22167766094207764,179.96104431152344,1.5258785420708232e-05,500.13329088571624,3.0509436650674825e-06,0.0,5.326322183307752e-07,5.048037767629878e-06,0.43495559834033776,0.30997106432914734,0.6352512240409851,-0.04349352791905403,0.0,0.5954861640930176,0.015939822420477867,1.0,0.31678321957588196,20.03091812133789,1.806300401687622,1.0000000|0.0000000|0.0000000|0.0000000|0.0000000|0.0000000|0.0000000|0.0000000|0.0000000|0.0000000,0,1.0,26.76185961862955,0,0,0,0,0,
cross_town,Town02,mixed,17,49,2.45,151.40260314941406,105.44043731689453,0.22167766094207764,179.96104431152344,1.5258785420708232e-05,500.13329088571624,3.0509436650674825e-06,0.0,5.326322183307752e-07,6.3171475868314176e-06,0.4350109892908309,0.1388695240020752,0.25439780950546265,0.2730334401130676,0.0,0.5154861807823181,0.09593982249498367,1.0,0.3171583116054535,60.39567947387695,1.7871172428131104,1.0000000|0.0000000|0.0000000|0.0000000|0.0000000|0.0000000|0.0000000|0.0000000|0.0000000|0.0000000,0,1.0,27.200169311481833,0,0,0,0,0,
cross_town,Town02,mixed,17,50,2.5,151.40260314941406,105.44043731689453,0.22167766094207764,179.96104431152344,1.5258785420708232e-05,500.13329088571624,3.0509436650674825e-06,0.0,5.326322183307752e-07,6.180369832207617e-06,0.4350675431251161,0.3265768885612488,0.633783221244812,-0.029026275500655174,0.0,0.5954861640930176,0.015939822420477867,1.0,0.31754469871520996,10.453850746154785,1.8097968101501465,1.0000000|0.0000000|0.0000000|0.0000000|0.0000000|0.0000000|0.0000000|0.0000000|0.0000000|0.0000000,0,1.0,27.789121200574755,0,0,0,0,0,
cross_town,Town02,mixed,17,51,2.55,151.40260314941406,105.44043731689453,0.22167766094207764,179.96104431152344,1.5258785420708232e-05,500.13329088571624,3.0509436650674825e-06,0.0,5.326322183307752e-07,7.00773347092449e-06,0.43512523029212125,0.1464805006980896,0.29375576972961426,0.34842392802238464,0.0,0.5154861807823181,0.09593982249498367,1.0,0.31794223189353943,29.075536727905273,1.7604594230651855,1.0000000|0.0000000|0.0000000|0.0000000|0.0000000|0.0000000|0.0000000|0.0000000|0.0000000|0.0000000,0,1.0,28.12625622139029,0,0,0,0,0,
cross_town,Town02,mixed,17,52,2.6,151.40260314941406,105.44043731689453,0.22167766094207764,179.96104431152344,1.5258785420708232e-05,500.13329088571624,3.0509436650674825e-06,0.0,5.326322183307752e-07,1.3733437861539797e-07,0.43518403982494025,0.31696265935897827,0.6187819242477417,-0.030706103891134262,0.0,0.5954861640930176,0.015939822420477867,1.0,0.31835097074508667,16.741209030151367,1.8106157779693604,1.0000000|0.0000000|0.0000000|0.0000000|0.0000000|0.0000000|0.0000000|0.0000000|0.0000000|0.0000000,0,1.0,28.679618934061317,0,0,0,0,0,
cross_town,Town02,mixed,17,53,2.65,151.40260314941406,105.44043731689453,0.22167766094207764,179.96104431152344,1.5258785420708232e-05,500.13329088571624,3.0509436650674825e-06,0.0,5.326322183307752e-07,4.806550043707042e-07,0.4352801237101763,0.002913057804107666,0.9928714036941528,0.44836825132369995,0.0,0.675486147403717,0.09593982249498367,0.9996380805969238,0.800000011920929,1.6809146404266357,0.6509147882461548,1.0000000|0.0000000|0.0000000|0.0000000|0.0000000|0.0000000|0.0000000|0.0000000|0.0000000|0.0000000,0,1.0,28.99307205419586,0,0,0,0,0,
cross_town,Town02,mixed,17,54,2.7,151.40260314941406,105.44043731689453,0.22167766094207764,179.96104431152344,1.5258785420708232e-05,500.13329088571624,3.0509436650674825e-06,0.0,5.326322183307752e-07,8.239771592863144e-07,0.43568908026232644,0.007382094860076904,0.993097186088562,-0.057161472737789154,0.0,0.7554861307144165,0.015939822420477867,0.99616539478302,0.800000011920929,1.0899598598480225,0.398360013961792,1.0000000|0.0000000|0.0000000|0.0000000|0.0000000|0.0000000|0.0000000|0.0000000|0.0000000|0.0000000,0,1.0,29.387697700201038,0,0,0,0,0,
cross_town,Town02,mixed,17,55,2.75,151.40260314941406,105.44043731689453,0.22167766094207764,179.96104431152344,1.5258785420708232e-05,500.13329088571624,3.0509436650674825e-06,0.0,5.326322183307752e-07,1.1672996383138028e-06,0.43536851751760064,0.9136103987693787,0.05391132831573486,-0.0790531262755394,0.0,0.675486147403717,-0.06406017392873764,1.0,0.3196505308151245,51.88147735595703,1.6785430908203125,1.0000000|0.0000000|0.0000000|0.0000000|0.0000000|0.0000000|0.0000000|0.0000000|0.0000000|0.0000000,0,1.0,29.130260839505862,0,0,0,0,0,
cross_town,Town02,mixed,17,56,2.8,151.40260314941406,105.44043731689453,0.22167766094207764,179.96104431152344,1.5258785420708232e-05,500.13329088571624,3.0509436650674825e-06,0.0,5.326322183307752e-07,1.4419594569069722e-06,0.4354324071650386,0.06527471542358398,0.5337588787078857,0.6288297772407532,0.0,0.5954861640930176,0.015939826145768166,1.0,0.3201115131378174,34.31073760986328,1.0056803226470947,1.0000000|0.0000000|0.0000000|0.0000000|0.0000000|0.0000000|0.0000000|0.0000000|0.0000000|0.0000000,0,1.0,29.620611193301396,0,0,0,0,0,
cross_town,Town02,mixed,17,57,2.85,151.40260314941406,105.44043731689453,0.22167766094207764,179.96104431152344,1.5258785420708232e-05,500.13329088571624,3.0509436650674825e-06,0.0,5.326322183307752e-07,1.5793012156759195e-06,0.4354973021136306,0.15127184987068176,0.23370632529258728,0.31192106008529663,0.0,0.5154861807823181,0.09593982249498367,1.0,0.32058408856391907,42.001747131347656,1.8022009134292603,1.0000000|0.0000000|0.0000000|0.0000000|0.0000000|0.0000000|0.0000000|0.0000000|0.0000000|0.0000000,0,1.0,29.572938694323636,0,0,0,0,0,
cross_town,Town02,mixed,17,58,2.9,151.40260314941406,105.44043731689453,0.22167766094207764,179.96104431152344,1.5258785420708232e-05,500.13329088571624,3.0509436650674825e-06,0.0,5.326322183307752e-07,6.977588994706714e-07,0.43556316249794164,0.2931678593158722,0.6236838698387146,-0.020824220031499863,0.0,0.5954861640930176,0.015939822420477867,1.0,0.32106858491897583,21.239261627197266,1.7422350645065308,1.0000000|0.0000000|0.0000000|0.0000000|0.0000000|0.0000000|0.0000000|0.0000000|0.0000000|0.0000000,0,1.0,30.143146892994494,0,0,0,0,0,
cross_town,Town02,mixed,17,59,2.95,151.40260314941406,105.44043731689453,0.22167766094207764,179.96104431152344,1.5258785420708232e-05,500.13329088571624,3.0509436650674825e-06,0.0,5.326322183307752e-07,2.128623277414362e-06,0.4356299347554536,0.1526234745979309,0.2756132483482361,0.38303908705711365,0.0,0.5154861807823181,0.09593982249498367,1.0,0.32156503200531006,26.824275970458984,1.7808265686035156,1.0000000|0.0000000|0.0000000|0.0000000|0.0000000|0.0000000|0.0000000|0.0000000|0.0000000|0.0000000,0,1.0,30.102822079625902,0,0,0,0,0,
cross_town,Town02,mixed,17,60,3.0,151.40260314941406,105.44043731689453,0.22167766094207764,179.96104431152344,1.5258785420708232e-05,500.13329088571624,3.0509436650674825e-06,0.0,5.326322183307752e-07,0.0,0.4432140339115039,0.02185925841331482,0.9452483057975769,0.10762106627225876,0.0,0.5954861640930176,0.10762106627225876,0.9999982118606567,0.800000011920929,3.0106611251831055,1.1596238613128662,1.0000000|0.0000000|0.0000000|0.0000000|0.0000000|0.0000000|0.0000000|0.0000000|0.0000000|0.0000000,0,1.0,30.22100403726935,0,0,0,0,0,
cross_town,Town02,mixed,17,61,3.05,151.40260314941406,105.44043731689453,0.22167766094207764,179.96104431152344,1.5258785420708232e-05,500.13329088571624,3.0509436650674825e-06,0.0,5.326322183307752e-07,3.433256928266002e-07,0.43576611751747657,0.3838915526866913,0.5897899270057678,-0.09008411318063736,0.0,0.5897899270057678,0.027621066197752953,1.0,0.3225935697555542,19.105274200439453,1.676231861114502,1.0000000|0.0000000|0.0000000|0.0000000|0.0000000|0.0000000|0.0000000|0.0000000|0.0000000|0.0000000,0,1.0,30.19734780742165,0,0,0,0,0,
cross_town,Town02,mixed,17,62,3.1,151.40260314941406,105.44043731689453,0.22167766094207764,179.96104431152344,1.5258785420708232e-05,500.13329088571624,3.0509436650674825e-06,0.0,5.326322183307752e-07,6.86648385511865e-07,0.4358352404779975,0.16739392280578613,0.3473387360572815,0.3147318959236145,0.0,0.5097899436950684,0.10762106627225876,1.0,0.3231258988380432,34.33648681640625,1.806185007095337,1.0000000|0.0000000|0.0000000|0.0000000|0.0000000|0.0000000|0.0000000|0.0000000|0.0000000|0.0000000,0,1.0,30.38134818521523,0,0,0,0,0,
cross_town,Town02,mixed,17,63,3.15,151.40260314941406,105.44043731689453,0.22167766094207764,179.96104431152344,1.5258785420708232e-05,500.13329088571624,3.0509436650674825e-06,0.0,5.326322183307752e-07,1.029970766160648e-06,0.43741490460963334,0.034724533557891846,0.9164345264434814,0.03592265397310257,0.0,0.5897899270057678,0.03592265397310257,0.9999996423721313,0.800000011920929,3.397050142288208,1.2052274942398071,1.0000000|0.0000000|0.0000000|0.0000000|0.0000000|0.0000000|0.0000000|0.0000000|0.0000000|0.0000000,0,1.0,30.44163707706936,0,0,0,0,0,
cross_town,Town02,mixed,17,64,3.2,151.40260314941406,105.44043731689453,0.22167766094207764,179.96104431152344,1.5258785420708232e-05,500.13329088571624,3.0509436650674825e-06,0.0,5.326322183307752e-07,1.2736583418222144e-06,0.4401978703850269,0.002679169178009033,0.9932476282119751,0.36906567215919495,0.0,0.6697899103164673,0.11592265218496323,0.9577348232269287,0.800000011920929,0.4801519513130188,0.6165190935134888,1.0000000|0.0000000|0.0000000|0.0000000|0.0000000|0.0000000|0.0000000|0.0000000|0.0000000|0.0000000,0,1.0,30.725037527579385,0,0,0,0,0,
cross_town,Town02,mixed,17,65,3.25,151.40260314941406,105.44043731689453,0.22167766094207764,179.96104431152344,1.5258785420708232e-05,500.13329088571624,3.0509436650674825e-06,0.0,5.326322183307752e-07,1.4419704725391847e-06,0.43604018223075014,0.6957656741142273,0.5145301818847656,-0.0586661659181118,0.0,0.5897899270057678,0.03592265397310257,1.0,0.3247542381286621,19.480388641357422,1.7686362266540527,1.0000000|0.0000000|0.0000000|0.0000000|0.0000000|0.0000000|0.0000000|0.0000000|0.0000000|0.0000000,0,1.0,30.870786572324423,0,0,0,0,0,
cross_town,Town02,mixed,17,66,3.3,151.40260314941406,105.44043731689453,0.22167766094207764,179.96104431152344,1.5258785420708232e-05,500.13329088571624,3.0509436650674825e-06,0.0,5.326322183307752e-07,6.304000812974945e-07,0.43610825176723134,0.21932661533355713,0.3506286144256592,0.24435141682624817,0.0,0.5097899436950684,0.11592265218496323,1.0,0.32531213760375977,40.35474395751953,1.817797303199768,1.0000000|0.0000000|0.0000000|0.0000000|0.0000000|0.0000000|0.0000000|0.0000000|0.0000000|0.0000000,0,1.0,31.226878827332122,0,0,0,0,0,
cross_town,Town02,mixed,17,67,3.35,151.40260314941406,105.44043731689453,0.22167766094207764,179.96104431152344,1.5258785420708232e-05,500.13329088571624,3.0509436650674825e-06,0.0,5.326322183307752e-07,2.059949747845433e-06,0.436175861770734,0.29594117403030396,0.6466289758682251,-0.0420120544731617,0.0,0.5897899270057678,0.03592265397310257,1.0,0.3258698880672455,46.21477127075195,1.7140754461288452,1.0000000|0.0000000|0.0000000|0.0000000|0.0000000|0.0000000|0.0000000|0.0000000|0.0000000|0.0000000,0,1.0,31.402309193737906,0,0,0,0,0,
cross_town,Town02,mixed,17,68,3.4,151.40260314941406,105.44043731689453,0.22167766094207764,179.96104431152344,1.5258785420708232e-05,500.13329088571624,3.0509436650674825e-06,0.0,5.326322183307752e-07,2.370684261682594e-06,0.4362429443148014,0.22240573167800903,0.35715174674987793,0.2831815481185913,0.0,0.5097899436950684,0.11592265218496323,1.0,0.3264300227165222,24.507986068725586,1.8098092079162598,1.0000000|0.0000000|0.0000000|0.0000000|0.0000000|0.0000000|0.0000000|0.0000000|0.0000000|0.0000000,0,1.0,31.808218253590947,0,0,0,0,0,
cross_town,Town02,mixed,17,69,3.45,151.40260314941406,105.44043731689453,0.22167766094207764,179.96104431152344,1.5258785420708232e-05,500.13329088571624,3.0509436650674825e-06,0.0,5.326322183307752e-07,2.059976981205713e-07,0.43630976069721117,0.34749937057495117,0.6012769937515259,0.030413219705224037,0.0,0.5897899270057678,0.03592265397310257,1.0,0.32699188590049744,15.693107604980469,1.9238969087600708,1.0000000|0.0000000|0.0000000|0.0000000|0.0000000|0.0000000|0.0000000|0.0000000|0.0000000|0.0000000,0,1.0,31.9747428231985,0,0,0,0,0,
cross_town,Town02,mixed,17,70,3.5,151.40260314941406,105.44043731689453,0.22167766094207764,179.96104431152344,1.5258785420708232e-05,500.13329088571624,3.0509436650674825e-06,0.0,5.326322183307752e-07,5.493195284556732e-07,0.44060261067323536,0.002679169178009033,0.9932476282119751,0.3690654933452606,0.0,0.6697899103164673,0.11592265218496323,0.9577357172966003,0.800000011920929,0.4801574647426605,0.6165193915367126,1.0000000|0.0000000|0.0000000|0.0000000|0.0000000|0.0000000|0.0000000|0.0000000|0.0000000|0.0000000,0,1.0,32.327141197901646,0,0,0,0,0,
cross_town,Town02,mixed,17,71,3.55,151.40260314941406,105.44043731689453,0.22167766094207764,179.96104431152344,1.5258785420708232e-05,500.13329088571624,3.0509436650674825e-06,0.0,5.326322183307752e-07,8.583094800765415e-07,0.43644291015263675,0.7497555017471313,0.482279509305954,-0.15638069808483124,0.0,0.5897899270057678,0.03592265397310257,1.0,0.328126460313797,4.568404197692871,1.7547850608825684,1.0000000|0.0000000|0.0000000|0.0000000|0.0000000|0.0000000|0.0000000|0.0000000|0.0000000|0.0000000,0,1.0,32.4420320792335,0,0,0,0,0,
cross_town,Town02,mixed,17,72,3.6,151.40260314941406,105.44043731689453,0.22167766094207764,179.96104431152344,1.5258785420708232e-05,500.13329088571624,3.0509436650674825e-06,0.0,5.326322183307752e-07,1.033874090004281e-06,0.44073565766965006,0.002679169178009033,0.9932476282119751,0.3690654933452606,0.0,0.6697899103164673,0.11592265218496323,0.9577349424362183,0.800000011920929,0.48015284538269043,0.6165192723274231,1.0000000|0.0000000|0.0000000|0.0000000|0.0000000|0.0000000|0.0000000|0.0000000|0.0000000|0.0000000,0,1.0,32.74189572576467,0,0,0,0,0,
cross_town,Town02,mixed,17,73,3.65,151.40260314941406,105.44043731689453,0.22167766094207764,179.96104431152344,1.5258785420708232e-05,500.13329088571624,3.0509436650674825e-06,0.0,5.326322183307752e-07,1.3733014235765355e-06,0.43792216997952543,0.008213609457015991,0.9913547039031982,-0.13831429183483124,0.0,0.7497898936271667,0.03592265397310257,0.9865614771842957,0.800000011920929,0.774026095867157,0.3160731792449951,1.0000000|0.0000000|0.0000000|0.0000000|0.0000000|0.0000000|0.0000000|0.0000000|0.0000000|0.0000000,0,1.0,32.80878891775448,0,0,0,0,0,
cross_town,Town02,mixed,17,74,3.7,151.40260314941406,105.44043731689453,0.22167766094207764,179.96104431152344,1.5258785420708232e-05,500.13329088571624,3.0509436650674825e-06,0.0,5.326322183307752e-07,1.716624108331985e-06,0.43762552003481264,0.005986958742141724,0.9896630048751831,0.4511047899723053,0.0,0.8297898769378662,0.11592265218496323,0.9902966618537903,0.800000011920929,0.8563835024833679,0.6271592378616333,1.0000000|0.0000000|0.0000000|0.0000000|0.0000000|0.0000000|0.0000000|0.0000000|0.0000000|0.0000000,0,1.0,33.07530906066917,0,0,0,0,0,
cross_town,Town02,mixed,17,75,3.75,151.40260314941406,105.44043731689453,0.22167766094207764,179.96104431152344,1.5258785420708232e-05,500.13329088571624,3.0509436650674825e-06,0.0,5.326322183307752e-07,1.9912788539653204e-06,0.4367358477158189,0.9856756329536438,0.18651369214057922,-0.0689329132437706,0.0,0.7497898936271667,0.03592265397310257,1.0,0.33058708906173706,15.526323318481445,0.675159215927124,1.0000000|0.0000000|0.0000000|0.0000000|0.0000000|0.0000000|0.0000000|0.0000000|0.0000000|0.0000000,0,1.0,33.11898401370644,0,0,0,0,0,
cross_town,Town02,mixed,17,76,3.8,151.40260314941406,105.44043731689453,0.22167766094207764,179.96104431152344,1.5258785420708232e-05,500.13329088571624,3.0509436650674825e-06,0.0,5.326322183307752e-07,1.0377332955923568e-06,0.43681822805357123,0.9521493911743164,0.030039042234420776,-0.4164212644100189,0.0,0.6697899103164673,-0.04407734423875809,1.0,0.3313210904598236,63.40883255004883,1.4834189414978027,1.0000000|0.0000000|0.0000000|0.0000000|0.0000000|0.0000000|0.0000000|0.0000000|0.0000000|0.0000000,0,1.0,33.38935728337547,0,0,0,0,0,
cross_town,Town02,mixed,17,77,3.85,151.40260314941406,105.44043731689453,0.22167766094207764,179.96104431152344,1.5258785420708232e-05,500.13329088571624,3.0509436650674825e-06,0.0,5.326322183307752e-07,6.867204748196055e-08,0.4369384823718281,0.002010047435760498,0.9942148923873901,0.6920320987701416,0.0,0.7497898936271667,0.03592265397310257,0.9996345043182373,0.800000011920929,1.678479552268982,-0.13869112730026245,1.0000000|0.0000000|0.0000000|0.0000000|0.0000000|0.0000000|0.0000000|0.0000000|0.0000000|0.0000000,0,1.0,33.44830963672552,0,0,0,0,0,
cross_town,Town02,mixed,17,78,3.9,151.40260314941406,105.44043731689453,0.22167766094207764,179.96104431152344,1.5258785420708232e-05,500.13329088571624,3.0509436650674825e-06,0.0,5.326322183307752e-07,4.119901279196913e-07,0.43698632130932485,0.9492304921150208,0.030731946229934692,-0.4029342830181122,0.0,0.6697899103164673,-0.04407734423875809,1.0,0.3328664004802704,55.54625701904297,1.4764368534088135,1.0000000|0.0000000|0.0000000|0.0000000|0.0000000|0.0000000|0.0000000|0.0000000|0.0000000|0.0000000,0,1.0,33.74683995584649,0,0,0,0,0,
cross_town,Town02,mixed,17,79,3.95,151.40260314941406,105.44043731689453,0.22167766094207764,179.96104431152344,1.5258785420708232e-05,500.13329088571624,3.0509436650674825e-06,0.0,5.326322183307752e-07,6.523244826971129e-07,0.43707151052626847,0.09086549282073975,0.3238685429096222,0.37382009625434875,0.0,0.5897899270057678,0.03592265397310257,1.0,0.3336698114871979,89.47903442382812,1.2776005268096924,1.0000000|0.0000000|0.0000000|0.0000000|0.0000000|0.0000000|0.0000000|0.0000000|0.0000000|0.0000000,0,1.0,33.84561794851159,0,0,0,0,0,
cross_town,Town02,mixed,17,80,4.0,151.40260314941406,105.44043731689453,0.22167766094207764,179.96104431152344,1.5258785420708232e-05,500.13329088571624,3.0509436650674825e-06,0.0,5.326322183307752e-07,9.313365877846565e-07,0.4371571028921497,0.17931628227233887,0.3997027277946472,0.24751292169094086,0.0,0.5097899436950684,0.11592265218496323,1.0,0.33449384570121765,65.9705581665039,1.9030425548553467,1.0000000|0.0000000|0.0000000|0.0000000|0.0000000|0.0000000|0.0000000|0.0000000|0.0000000|0.0000000,0,1.0,34.192062745142024,0,0,0,0,0,
cross_town,Town02,mixed,17,81,4.05,151.40260314941406,105.44043731689453,0.22167766094207764,179.96104431152344,1.5258785420708232e-05,500.13329088571624,3.0509436650674825e-06,0.0,5.326322183307752e-07,1.2359694060057421e-06,0.437243295080027,0.20574283599853516,0.6481369733810425,-0.0713975578546524,0.0,0.5897899270057678,0.03592265397310257,1.0,0.335335373878479,114.09051513671875,1.8161605596542358,1.0000000|0.0000000|0.0000000|0.0000000|0.0000000|0.0000000|0.0000000|0.0000000|0.0000000|0.0000000,0,1.0,34.303713211530344,0,0,0,0,0,
cross_town,Town02,mixed,17,82,4.1,151.40260314941406,105.44043731689453,0.22167766094207764,179.96104431152344,1.5258785420708232e-05,500.13329088571624,3.0509436650674825e-06,0.0,5.326322183307752e-07,1.5792932134768051e-06,0.4415561958527802,0.002679169178009033,0.9932476282119751,0.3690658211708069,0.0,0.6697899103164673,0.11592265218496323,0.9577351808547974,0.800000011920929,0.4801543653011322,0.6165190935134888,1.0000000|0.0000000|0.0000000|0.0000000|0.0000000|0.0000000|0.0000000|0.0000000|0.0000000|0.0000000,0,1.0,34.67566027799905,0,0,0,0,0,
cross_town,Town02,mixed,17,83,4.15,151.40260314941406,105.44043731689453,0.22167766094207764,179.96104431152344,1.5258785420708232e-05,500.13329088571624,3.0509436650674825e-06,0.0,5.326322183307752e-07,1.8539512327361266e-06,0.43741653711674017,0.5175949335098267,0.6470139026641846,-0.08019376546144485,0.0,0.6470139026641846,0.03592265397310257,1.0,0.33707574009895325,35.123451232910156,1.9296016693115234,1.0000000|0.0000000|0.0000000|0.0000000|0.0000000|0.0000000|0.0000000|0.0000000|0.0000000|0.0000000,0,1.0,34.69151016048085,0,0,0,0,0,
cross_town,Town02,mixed,17,84,4.2,151.40260314941406,105.44043731689453,0.22167766094207764,179.96104431152344,1.5258785420708232e-05,500.13329088571624,3.0509436650674825e-06,0.0,5.326322183307752e-07,2.0256225828121006e-06,0.43760818820002734,0.0011292695999145508,0.9970515966415405,0.5222747921943665,0.0,0.727013885974884,0.11592265218496323,0.9989527463912964,0.800000011920929,1.415154218673706,0.11893618106842041,1.0000000|0.0000000|0.0000000|0.0000000|0.0000000|0.0000000|0.0000000|0.0000000|0.0000000|0.0000000,0,1.0,35.03978720440108,0,0,0,0,0,
cross_town,Town02,mixed,17,85,4.25,151.40260314941406,105.44043731689453,0.22167766094207764,179.96104431152344,1.5258785420708232e-05,500.13329088571624,3.0509436650674825e-06,0.0,5.326322183307752e-07,2.2659470264372535e-06,0.43774276696924674,0.03855574131011963,0.9733152985572815,-0.1485598087310791,0.0,0.8070138692855835,0.03592265397310257,0.9984785914421082,0.800000011920929,1.321643590927124,0.2812138795852661,1.0000000|0.0000000|0.0000000|0.0000000|0.0000000|0.0000000|0.0000000|0.0000000|0.0000000|0.0000000,0,1.0,34.876077140971226,0,0,0,0,0,
cross_town,Town02,mixed,17,86,4.3,151.40260314941406,105.44043731689453,0.22167766094207764,179.96104431152344,1.5258785420708232e-05,500.13329088571624,3.0509436650674825e-06,0.0,5.326322183307752e-07,2.746617647218714e-07,0.43804305755511536,0.7755582928657532,0.21898949146270752,0.11399666965007782,0.0,0.727013885974884,0.11399666965007782,1.0,0.3398241102695465,27.975330352783203,1.5153889656066895,1.0000000|0.0000000|0.0000000|0.0000000|0.0000000|0.0000000|0.0000000|0.0000000|0.0000000|0.0000000,0,1.0,35.087450646235425,0,0,0,0,0,
cross_town,Town02,mixed,17,87,4.35,151.40260314941406,105.44043731689453,0.22167766094207764,179.96104431152344,1.5258785420708232e-05,500.13329088571624,3.0509436650674825e-06,0.0,5.326322183307752e-07,5.83651830819506e-07,0.4379062261712232,0.03821521997451782,0.9738405346870422,-0.1403476744890213,0.0,0.8070138692855835,0.03399667143821716,0.9985871315002441,0.800000011920929,1.3401775360107422,0.28781402111053467,1.0000000|0.0000000|0.0000000|0.0000000|0.0000000|0.0000000|0.0000000|0.0000000|0.0000000|0.0000000,0,1.0,34.90317106680962,0,0,0,0,0,
cross_town,Town02,mixed,17,88,4.4,151.40260314941406,105.44043731689453,0.22167766094207764,179.96104431152344,1.5258785420708232e-05,500.13329088571624,3.0509436650674825e-06,0.0,5.326322183307752e-07,3.3380729597088047e-07,0.44424826727643113,0.7388303279876709,0.26561596989631653,0.06670381128787994,0.0,0.727013885974884,0.06670381128787994,1.0,0.34174612164497375,18.703571319580078,1.528145432472229,1.0000000|0.0000000|0.0000000|0.0000000|0.0000000|0.0000000|0.0000000|0.0000000|0.0000000|0.0000000,0,1.0,35.108466239058835,0,0,0,0,0,
cross_town,Town02,mixed,17,89,4.45,151.40260314941406,105.44043731689453,0.22167766094207764,179.96104431152344,1.5258785420708232e-05,500.13329088571624,3.0509436650674825e-06,0.0,5.326322183307752e-07,1.09864049186302e-06,0.43842731967636006,0.011038333177566528,0.992943525314331,-0.18946540355682373,0.0,0.8070138692855835,-0.013296188786625862,0.9951173067092896,0.800000011920929,1.0292925834655762,0.39344799518585205,1.0000000|0.0000000|0.0000000|0.0000000|0.0000000|0.0000000|0.0000000|0.0000000|0.0000000|0.0000000,0,1.0,34.916479059234405,0,0,0,0,0,
cross_town,Town02,mixed,17,90,4.5,151.40260314941406,105.44043731689453,0.22167766094207764,179.96104431152344,1.5258785420708232e-05,500.13329088571624,3.0509436650674825e-06,0.0,5.326322183307752e-07,1.4419637164399366e-06,0.43802586297193047,0.07776641845703125,0.7586085200309753,0.6954962015151978,0.0,0.7586085200309753,0.06670381128787994,1.0,0.3437407910823822,80.48592376708984,2.0597386360168457,1.0000000|0.0000000|0.0000000|0.0000000|0.0000000|0.0000000|0.0000000|0.0000000|0.0000000|0.0000000,0,1.0,35.1122867738957,0,0,0,0,0,
cross_town,Town02,mixed,17,91,4.55,151.40260314941406,105.44043731689453,0.22167766094207764,179.96104431152344,1.5258785420708232e-05,500.13329088571624,3.0509436650674825e-06,0.0,5.326322183307752e-07,1.716686995681323e-06,0.4383272763946976,0.027923017740249634,0.9729337692260742,-0.2234276831150055,0.0,0.8386085033416748,-0.013296188786625862,0.9978525638580322,0.800000011920929,1.235330581665039,0.413576602935791,1.0000000|0.0000000|0.0000000|0.0000000|0.0000000|0.0000000|0.0000000|0.0000000|0.0000000|0.0000000,0,1.0,34.90782144236951,0,0,0,0,0,
cross_town,Town02,mixed,17,92,4.6,151.40260314941406,105.44043731689453,0.22167766094207764,179.96104431152344,1.5258785420708232e-05,500.13329088571624,3.0509436650674825e-06,0.0,5.326322183307752e-07,1.9226226815257754e-06,0.43819878991698225,0.057594358921051025,0.6521921157836914,0.7935871481895447,0.0,0.7586085200309753,0.06670381128787994,1.0,0.3458086848258972,56.158058166503906,2.148179769515991,1.0000000|0.0000000|0.0000000|0.0000000|0.0000000|0.0000000|0.0000000|0.0000000|0.0000000|0.0000000,0,1.0,35.09437699666903,0,0,0,0,0,
cross_town,Town02,mixed,17,93,4.65,151.40260314941406,105.44043731689453,0.22167766094207764,179.96104431152344,1.5258785420708232e-05,500.13329088571624,3.0509436650674825e-06,0.0,5.326322183307752e-07,2.128672678366318e-06,0.43828478658038605,0.9513276219367981,0.1489298939704895,-0.32104286551475525,0.0,0.6786085367202759,-0.013296188786625862,1.0,0.3468688428401947,21.54604148864746,1.50559401512146,1.0000000|0.0000000|0.0000000|0.0000000|0.0000000|0.0000000|0.0000000|0.0000000|0.0000000|0.0000000,0,1.0,34.879839576126486,0,0,0,0,0,
cross_town,Town02,mixed,17,94,4.7,151.40260314941406,105.44043731689453,0.22167766094207764,179.96104431152344,1.5258785420708232e-05,500.13329088571624,3.0509436650674825e-06,0.0,5.326322183307752e-07,1.3733443508837377e-07,0.43918953963857765,0.0015341639518737793,0.9950726628303528,0.6562603712081909,0.0,0.7586085200309753,0.06670381128787994,0.9918075203895569,0.800000011920929,0.8990793228149414,0.10423439741134644,1.0000000|0.0000000|0.0000000|0.0000000|0.0000000|0.0000000|0.0000000|0.0000000|0.0000000|0.0000000,0,1.0,35.054713560156976,0,0,0,0,0,
cross_town,Town02,mixed,17,95,4.75,151.40260314941406,105.44043731689453,0.22167766094207764,179.96104431152344,1.5258785420708232e-05,500.13329088571624,3.0509436650674825e-06,0.0,5.326322183307752e-07,4.806545412158772e-07,0.43867015874135923,0.027922987937927246,0.9729337692260742,-0.22342729568481445,0.0,0.8386085033416748,-0.013296188786625862,0.9978525638580322,0.800000011920929,1.2353335618972778,0.41357648372650146,1.0000000|0.0000000|0.0000000|0.0000000|0.0000000|0.0000000|0.0000000|0.0000000|0.0000000|0.0000000,0,1.0,34.93194591065675,0,0,0,0,0,
cross_town,Town02,mixed,17,96,4.8,151.40260314941406,105.44043731689453,0.22167766094207764,179.96104431152344,1.5258785420708232e-05,500.13329088571624,3.0509436650674825e-06,0.0,5.326322183307752e-07,3.341640472403033e-07,0.4385399529507981,0.05605202913284302,0.6673577427864075,0.7894566059112549,0.0,0.7586085200309753,0.06670381128787994,1.0,0.35015934705734253,53.45133590698242,2.138585329055786,1.0000000|0.0000000|0.0000000|0.0000000|0.0000000|0.0000000|0.0000000|0.0000000|0.0000000|0.0000000,0,1.0,35.131320190618176,0,0,0,0,0,
cross_town,Town02,mixed,17,97,4.85,151.40260314941406,105.44043731689453,0.22167766094207764,179.96104431152344,1.5258785420708232e-05,500.13329088571624,3.0509436650674825e-06,0.0,5.326322183307752e-07,1.06430324039577e-06,0.4386240183245661,0.9306356906890869,0.2472173571586609,-0.2939024567604065,0.0,0.6786085367202759,-0.013296188786625862,1.0,0.35129132866859436,19.760089874267578,1.579268217086792,1.0000000|0.0000000|0.0000000|0.0000000|0.0000000|0.0000000|0.0000000|0.0000000|0.0000000|0.0000000,0,1.0,34.92810367061771,0,0,0,0,0,
cross_town,Town02,mixed,17,98,4.9,151.40260314941406,105.44043731689453,0.22167766094207764,179.96104431152344,1.5258785420708232e-05,500.13329088571624,3.0509436650674825e-06,0.0,5.326322183307752e-07,1.2359816853488286e-06,0.4387073909274282,0.20895391702651978,0.32710570096969604,0.12674686312675476,0.0,0.5986085534095764,0.06670381128787994,1.0,0.3524423837661743,268.8738098144531,1.4553924798965454,1.0000000|0.0000000|0.0000000|0.0000000|0.0000000|0.0000000|0.0000000|0.0000000|0.0000000|0.0000000,0,1.0,35.11702826943553,0,0,0,0,0,
cross_town,Town02,mixed,17,99,4.95,151.40260314941406,105.44043731689453,0.22167766094207764,179.96104431152344,1.5258785420708232e-05,500.13329088571624,3.0509436650674825e-06,0.0,5.326322183307752e-07,1.4792697003572837e-06,0.4387901917194488,0.2563985288143158,0.5803409814834595,-0.056195326149463654,0.0,0.5803409814834595,-0.013296188786625862,1.0,0.353610098361969,125.0650634765625,1.7972993850708008,1.0000000|0.0000000|0.0000000|0.0000000|0.0000000|0.0000000|0.0000000|0.0000000|0.0000000|0.0000000,0,1.0,34.911629416462496,0,0,0,0,0,
cross_town,Town02,mixed,17,100,5.0,151.40260314941406,105.44043731689453,0.22167766094207764,179.96104431152344,1.5258785420708232e-05,500.13329088571624,3.0509436650674825e-06,0.0,5.326322183307752e-07,1.785297407423059e-06,0.4388815600923696,0.0038299262523651123,0.9906119704246521,0.6270301342010498,0.0,0.6603409647941589,0.06670381128787994,0.9999066591262817,0.800000011920929,2.0199413299560547,0.6217409372329712,1.0000000|0.0000000|0.0000000|0.0000000|0.0000000|0.0000000|0.0000000|0.0000000|0.0000000|0.0000000,0,1.0,35.10019214978921,0,0,0,0,0,
cross_town,Town02,mixed,17,101,5.05,151.40260314941406,105.44043731689453,0.22167766094207764,179.96104431152344,1.5258785420708232e-05,500.13329088571624,3.0509436650674825e-06,0.0,5.326322183307752e-07,2.0963934010903632e-06,0.43895359249656796,0.45735713839530945,0.362002432346344,-0.2364862859249115,0.0,0.5803409814834595,-0.013296188786625862,1.0,0.35600027441978455,53.48900604248047,1.5951638221740723,1.0000000|0.0000000|0.0000000|0.0000000|0.0000000|0.0000000|0.0000000|0.0000000|0.0000000|0.0000000,0,1.0,34.89529001367942,0,0,0,0,0,
cross_town,Town02,mixed,17,102,5.1,151.40260314941406,105.44043731689453,0.22167766094207764,179.96104431152344,1.5258785420708232e-05,500.13329088571624,3.0509436650674825e-06,0.0,5.326322183307752e-07,0.0,0.43904346623089885,0.0038299262523651123,0.9906119704246521,0.6270302534103394,0.0,0.6603409647941589,0.06670381128787994,0.9999066591262817,0.800000011920929,2.019932270050049,0.6217408180236816,1.0000000|0.0000000|0.0000000|0.0000000|0.0000000|0.0000000|0.0000000|0.0000000|0.0000000|0.0000000,0,1.0,35.08681518543021,0,0,0,0,0,
cross_town,Town02,mixed,17,103,5.15,151.40260314941406,105.44043731689453,0.22167766094207764,179.96104431152344,1.5258785420708232e-05,500.13329088571624,3.0509436650674825e-06,0.0,5.326322183307752e-07,3.433256377282645e-07,0.4391139405945096,0.3793138563632965,0.372214674949646,-0.17836089432239532,0.0,0.5803409814834595,-0.013296188786625862,1.0,0.3584619462490082,100.04940032958984,1.6247060298919678,1.0000000|0.0000000|0.0000000|0.0000000|0.0000000|0.0000000|0.0000000|0.0000000|0.0000000|0.0000000,0,1.0,34.88341687488288,0,0,0,0,0,
cross_town,Town02,mixed,17,104,5.2,151.40260314941406,105.44043731689453,0.22167766094207764,179.96104431152344,1.5258785420708232e-05,500.13329088571624,3.0509436650674825e-06,0.0,5.326322183307752e-07,6.866481247628122e-07,0.43919283316486424,0.0641900897026062,0.4458516538143158,0.3450886905193329,0.0,0.50034099817276,0.06670381128787994,1.0,0.3597203493118286,614.0540161132812,2.029123067855835,1.0000000|0.0000000|0.0000000|0.0000000|0.0000000|0.0000000|0.0000000|0.0000000|0.0000000|0.0000000,0,1.0,35.07340467449275,0,0,0,0,0,
cross_town,Town02,mixed,17,105,5.25,151.40260314941406,105.44043731689453,0.22167766094207764,179.96104431152344,1.5258785420708232e-05,500.13329088571624,3.0509436650674825e-06,0.0,5.326322183307752e-07,9.613113381253023e-07,0.43927141755865406,0.016315847635269165,0.9398263692855835,0.29202502965927124,0.0,0.5803409814834595,0.1467038094997406,0.9999948740005493,0.800000011920929,2.747650384902954,1.274729609489441,1.0000000|0.0000000|0.0000000|0.0000000|0.0000000|0.0000000|0.0000000|0.0000000|0.0000000|0.0000000,0,1.0,34.870115961372576,0,0,0,0,0,
cross_town,Town02,mixed,17,106,5.3,151.40260314941406,105.44043731689453,0.22167766094207764,179.96104431152344,1.5258785420708232e-05,500.13329088571624,3.0509436650674825e-06,0.0,5.326322183307752e-07,1.3046286632817478e-06,0.4393479976250428,0.0864647626876831,0.7526662945747375,-0.11850742995738983,0.0,0.6603409647941589,0.06670381128787994,1.0,0.3622894883155823,228.0397186279297,1.9186854362487793,1.0000000|0.0000000|0.0000000|0.0000000|0.0000000|0.0000000|0.0000000|0.0000000|0.0000000|0.0000000,0,1.0,35.05791286609264,0,0,0,0,0,
cross_town,Town02,mixed,17,107,5.35,151.40260314941406,105.44043731689453,0.22167766094207764,179.96104431152344,1.5258785420708232e-05,500.13329088571624,3.0509436650674825e-06,0.0,5.326322183307752e-07,1.5106269189539745e-06,0.44684190341085805,0.0020652711391448975,0.9967892169952393,0.08173791319131851,0.0,0.7403409481048584,0.08173791319131851,0.9999107122421265,0.800000011920929,2.030792474746704,0.16677254438400269,1.0000000|0.0000000|0.0000000|0.0000000|0.0000000|0.0000000|0.0000000|0.0000000|0.0000000|0.0000000,0,1.0,34.891272418082956,0,0,0,0,0,
cross_town,Town02,mixed,17,108,5.4,151.40260314941406,105.44043731689453,0.22167766094207764,179.96104431152344,1.5258785420708232e-05,500.13329088571624,3.0509436650674825e-06,0.0,5.326322183307752e-07,1.6479673400912297e-06,0.4394993720211792,0.8493714332580566,0.42031654715538025,-0.31092122197151184,0.0,0.6603409647941589,0.0017379132332280278,1.0,0.36492958664894104,79.148681640625,1.703963041305542,1.0000000|0.0000000|0.0000000|0.0000000|0.0000000|0.0000000|0.0000000|0.0000000|0.0000000|0.0000000,0,1.0,35.08827460220656,0,0,0,0,0,
cross_town,Town02,mixed,17,109,5.45,151.40260314941406,105.44043731689453,0.22167766094207764,179.96104431152344,1.5258785420708232e-05,500.13329088571624,3.0509436650674825e-06,0.0,5.326322183307752e-07,1.9226292264187303e-06,0.44248172734671065,0.0015318691730499268,0.9955848455429077,0.6101195812225342,0.0,0.7403409481048584,0.08173791319131851,0.9709185361862183,0.800000011920929,0.5770357847213745,0.2272491455078125,1.0000000|0.0000000|0.0000000|0.0000000|0.0000000|0.0000000|0.0000000|0.0000000|0.0000000|0.0000000,0,1.0,34.884637080066575,0,0,0,0,0,
cross_town,Town02,mixed,17,110,5.5,151.40260314941406,105.44043731689453,0.22167766094207764,179.96104431152344,1.5258785420708232e-05,500.13329088571624,3.0509436650674825e-06,0.0,5.326322183307752e-07,2.197281837364227e-06,0.439646709559091,0.8425900340080261,0.4401112198829651,-0.32029035687446594,0.0,0.6603409647941589,0.0017379132332280278,1.0,0.3676401972770691,97.24339294433594,1.7008363008499146,1.0000000|0.0000000|0.0000000|0.0000000|0.0000000|0.0000000|0.0000000|0.0000000|0.0000000|0.0000000,0,1.0,35.07310796076964,0,0,0,0,0,
cross_town,Town02,mixed,17,111,5.55,151.40260314941406,105.44043731689453,0.22167766094207764,179.96104431152344,1.5258785420708232e-05,500.13329088571624,3.0509436650674825e-06,0.0,5.326322183307752e-07,2.0599778059204685e-07,0.43971882575046745,0.17952904105186462,0.4947819709777832,0.1592293530702591,0.0,0.5803409814834595,0.08173791319131851,1.0,0.3690214455127716,466.4671325683594,1.7255829572677612,1.0000000|0.0000000|0.0000000|0.0000000|0.0000000|0.0000000|0.0000000|0.0000000|0.0000000|0.0000000,0,1.0,34.869554137601696,0,0,0,0,0,
cross_town,Town02,mixed,17,112,5.6,151.40260314941406,105.44043731689453,0.22167766094207764,179.96104431152344,1.5258785420708232e-05,500.13329088571624,3.0509436650674825e-06,0.0,5.326322183307752e-07,5.493197941288914e-07,0.4423852950332136,0.005200624465942383,0.9886083602905273,0.1525930017232895,0.0,0.6603409647941589,0.1525930017232895,0.9905999302864075,0.800000011920929,0.8643984794616699,0.7260210514068604,1.0000000|0.0000000|0.0000000|0.0000000|0.0000000|0.0000000|0.0000000|0.0000000|0.0000000|0.0000000,0,1.0,35.058235041577824,0,0,0,0,0,
cross_town,Town02,mixed,17,113,5.65,151.40260314941406,105.44043731689453,0.22167766094207764,179.96104431152344,1.5258785420708232e-05,500.13329088571624,3.0509436650674825e-06,0.0,5.326322183307752e-07,8.631733313995681e-07,0.4454011275656584,0.014446526765823364,0.9798554182052612,-0.3462538719177246,0.0,0.7403409481048584,0.07259300351142883,0.9445863962173462,0.800000011920929,0.40898045897483826,0.1398695707321167,1.0000000|0.0000000|0.0000000|0.0000000|0.0000000|0.0000000|0.0000000|0.0000000|0.0000000|0.0000000,0,1.0,34.850996461679365,0,0,0,0,0,
cross_town,Town02,mixed,17,114,5.7,151.40260314941406,105.44043731689453,0.22167766094207764,179.96104431152344,1.5258785420708232e-05,500.13329088571624,3.0509436650674825e-06,0.0,5.326322183307752e-07,1.1329671056368028e-06,0.4399285455178557,0.838970422744751,0.3269933760166168,-0.35279372334480286,0.0,0.6603409647941589,-0.007406996563076973,1.0,0.3732721209526062,133.19503784179688,1.6482105255126953,1.0000000|0.0000000|0.0000000|0.0000000|0.0000000|0.0000000|0.0000000|0.0000000|0.0000000|0.0000000,0,1.0,35.04156284986538,0,0,0,0,0,
cross_town,Town02,mixed,17,115,5.75,151.40260314941406,105.44043731689453,0.22167766094207764,179.96104431152344,1.5258785420708232e-05,500.13329088571624,3.0509436650674825e-06,0.0,5.326322183307752e-07,1.3046438973961902e-06,0.44144209041257626,0.0016893446445465088,0.9950297474861145,0.6273350715637207,0.0,0.7403409481048584,0.07259300351142883,0.985541045665741,0.800000011920929,0.7554694414138794,0.17772316932678223,1.0000000|0.0000000|0.0000000|0.0000000|0.0000000|0.0000000|0.0000000|0.0000000|0.0000000|0.0000000,0,1.0,34.835532070669736,0,0,0,0,0,
cross_town,Town02,mixed,17,116,5.8,151.40260314941406,105.44043731689453,0.22167766094207764,179.96104431152344,1.5258785420708232e-05,500.13329088571624,3.0509436650674825e-06,0.0,5.326322183307752e-07,1.5477938729531582e-06,0.4400625351661336,0.7834734916687012,0.510259747505188,-0.4068582057952881,0.0,0.6603409647941589,-0.007406996563076973,1.0,0.3761919438838959,330.9963073730469,1.6160614490509033,1.0000000|0.0000000|0.0000000|0.0000000|0.0000000|0.0000000|0.0000000|0.0000000|0.0000000|0.0000000,0,1.0,35.020334809231024,0,0,0,0,0,
cross_town,Town02,mixed,17,117,5.85,151.40260314941406,105.44043731689453,0.22167766094207764,179.96104431152344,1.5258785420708232e-05,500.13329088571624,3.0509436650674825e-06,0.0,5.326322183307752e-07,1.8539601722158372e-06,0.4415733869591302,0.0016893446445465088,0.9950297474861145,0.6273350119590759,0.0,0.7403409481048584,0.07259300351142883,0.9855411648750305,0.800000011920929,0.7554714679718018,0.1777229905128479,1.0000000|0.0000000|0.0000000|0.0000000|0.0000000|0.0000000|0.0000000|0.0000000|0.0000000|0.0000000,0,1.0,34.814578985572645,0,0,0,0,0,
cross_town,Town02,mixed,17,118,5.9,151.40260314941406,105.44043731689453,0.22167766094207764,179.96104431152344,1.5258785420708232e-05,500.13329088571624,3.0509436650674825e-06,0.0,5.326322183307752e-07,2.1649847503857824e-06,0.44019085740201247,0.7858030796051025,0.441732257604599,-0.3740362226963043,0.0,0.6603409647941589,-0.007406996563076973,1.0,0.379168838262558,247.14401245117188,1.6235463619232178,1.0000000|0.0000000|0.0000000|0.0000000|0.0000000|0.0000000|0.0000000|0.0000000|0.0000000|0.0000000,0,1.0,35.02863097179121,0,0,0,0,0,
cross_town,Town02,mixed,17,119,5.95,151.40260314941406,105.44043731689453,0.22167766094207764,179.96104431152344,1.5258785420708232e-05,500.13329088571624,3.0509436650674825e-06,0.0,5.326322183307752e-07,6.867206381594451e-08,0.4416983596372679,0.0016893446445465088,0.9950296878814697,0.6273350119590759,0.0,0.7403409481048584,0.07259300351142883,0.9855411648750305,0.800000011920929,0.7554701566696167,0.1777227520942688,1.0000000|0.0000000|0.0000000|0.0000000|0.0000000|0.0000000|0.0000000|0.0000000|0.0000000|0.0000000,0,1.0,34.82939071513787,0,0,0,0,0,
cross_town,Town02,mixed,17,120,6.0,151.40260314941406,105.44043731689453,0.22167766094207764,179.96104431152344,1.5258785420708232e-05,500.13329088571624,3.0509436650674825e-06,0.0,5.326322183307752e-07,4.119902132326467e-07,0.44085584106777803,0.01657712459564209,0.9866844415664673,-0.24290567636489868,0.0,0.8203409314155579,-0.007406996563076973,0.9945630431175232,0.800000011920929,1.0022708177566528,0.3300374746322632,1.0000000|0.0000000|0.0000000|0.0000000|0.0000000|0.0000000|0.0000000|0.0000000|0.0000000|0.0000000,0,1.0,35.0215690232202,0,0,0,0,0,
cross_town,Town02,mixed,17,121,6.05,151.40260314941406,105.44043731689453,0.22167766094207764,179.96104431152344,1.5258785420708232e-05,500.13329088571624,3.0509436650674825e-06,0.0,5.326322183307752e-07,7.553130677096999e-07,0.4403698585267325,0.08069515228271484,0.6720046997070312,0.5541107654571533,0.0,0.7403409481048584,0.07259300351142883,1.0,0.3836713433265686,364.22772216796875,1.8170478343963623,1.0000000|0.0000000|0.0000000|0.0000000|0.0000000|0.0000000|0.0000000|0.0000000|0.0000000|0.0000000,0,1.0,34.8197167943124,0,0,0,0,0,
cross_town,Town02,mixed,17,122,6.1,151.40260314941406,105.44043731689453,0.22167766094207764,179.96104431152344,1.5258785420708232e-05,500.13329088571624,3.0509436650674825e-06,0.0,5.326322183307752e-07,1.0300820213311043e-06,0.44042549123936137,0.7272199392318726,0.5340567231178284,-0.40958961844444275,0.0,0.6603409647941589,-0.007406996563076973,1.0,0.3851640224456787,537.3890991210938,1.5904467105865479,1.0000000|0.0000000|0.0000000|0.0000000|0.0000000|0.0000000|0.0000000|0.0000000|0.0000000|0.0000000,0,1.0,35.01025675498253,0,0,0,0,0,
cross_town,Town02,mixed,17,123,6.15,151.40260314941406,105.44043731689453,0.22167766094207764,179.96104431152344,1.5258785420708232e-05,500.13329088571624,3.0509436650674825e-06,0.0,5.326322183307752e-07,1.3389602805438872e-06,0.44047915754150513,0.14780205488204956,0.5624951720237732,0.19792799651622772,0.0,0.5803409814834595,0.07259300351142883,1.0,0.38664528727531433,505.0113220214844,1.6221131086349487,1.0000000|0.0000000|0.0000000|0.0000000|0.0000000|0.0000000|0.0000000|0.0000000|0.0000000|0.0000000,0,1.0,34.80880922202335,0,0,0,0,0,
cross_town,Town02,mixed,17,124,6.2,151.40260314941406,105.44043731689453,0.22167766094207764,179.96104431152344,1.5258785420708232e-05,500.13329088571624,3.0509436650674825e-06,0.0,5.326322183307752e-07,1.5106329043468987e-06,0.4437150223097677,0.16229715943336487,0.7348858118057251,0.011589369736611843,0.0,0.6603409647941589,0.011589369736611843,1.0,0.3881160020828247,516.6325073242188,2.125627040863037,1.0000000|0.0000000|0.0000000|0.0000000|0.0000000|0.0000000|0.0000000|0.0000000|0.0000000|0.0000000,0,1.0,34.99237779500506,0,0,0,0,0,
cross_town,Town02,mixed,17,125,6.25,151.40260314941406,105.44043731689453,0.22167766094207764,179.96104431152344,1.5258785420708232e-05,500.13329088571624,3.0509436650674825e-06,0.0,5.326322183307752e-07,1.7166309109574633e-06,0.44342211520588054,0.0012952685356140137,0.9961532354354858,0.6077902913093567,0.0,0.7403409481048584,0.09158936887979507,0.9707863926887512,0.800000011920929,0.5758675336837769,0.2360582947731018,1.0000000|0.0000000|0.0000000|0.0000000|0.0000000|0.0000000|0.0000000|0.0000000|0.0000000|0.0000000,0,1.0,34.78789107552252,0,0,0,0,0,
cross_town,Town02,mixed,17,126,6.3,151.40260314941406,105.44043731689453,0.22167766094207764,179.96104431152344,1.5258785420708232e-05,500.13329088571624,3.0509436650674825e-06,0.0,5.326322183307752e-07,9.352557349026579e-07,0.44120023268370917,0.02700430154800415,0.9793899059295654,-0.2229745239019394,0.0,0.8203409314155579,0.011589368805289268,0.9930052161216736,0.800000011920929,0.9388921856880188,0.2758673429489136,1.0000000|0.0000000|0.0000000|0.0000000|0.0000000|0.0000000|0.0000000|0.0000000|0.0000000|0.0000000,0,1.0,34.97963143296419,0,0,0,0,0,
cross_town,Town02,mixed,17,127,6.35,151.40260314941406,105.44043731689453,0.22167766094207764,179.96104431152344,1.5258785420708232e-05,500.13329088571624,3.0509436650674825e-06,0.0,5.326322183307752e-07,2.334608243833973e-06,0.44297360199581265,0.06778013706207275,0.964055061340332,0.9171661138534546,0.0,0.9003409147262573,0.09158936887979507,0.9752715229988098,0.800000011920929,0.6186901330947876,1.8348746299743652,1.0000000|0.0000000|0.0000000|0.0000000|0.0000000|0.0000000|0.0000000|0.0000000|0.0000000|0.0000000,0,1.0,34.784336341437694,0,0,0,0,0,
cross_town,Town02,mixed,17,128,6.4,151.40260314941406,105.44043731689453,0.22167766094207764,179.96104431152344,1.5258785420708232e-05,500.13329088571624,3.0509436650674825e-06,0.0,5.326322183307752e-07,2.746615344423582e-07,0.44637537616400885,0.6114521026611328,0.10842639207839966,-0.035430580377578735,0.0,0.8203409314155579,0.011589368805289268,0.9412537813186646,0.800000011920929,0.3934965431690216,-0.6194199323654175,1.0000000|0.0000000|0.0000000|0.0000000|0.0000000|0.0000000|0.0000000|0.0000000|0.0000000|0.0000000,0,1.0,34.97904651499437,0,0,0,0,0,
cross_town,Town02,mixed,17,129,6.45,151.40260314941406,105.44043731689453,0.22167766094207764,179.96104431152344,1.5258785420708232e-05,500.13329088571624,3.0509436650674825e-06,0.0,5.326322183307752e-07,6.179838109529595e-07,0.442973631798383,0.06778010725975037,0.9640551209449768,0.9171661734580994,0.0,0.9003409147262573,0.09158936887979507,0.9752712249755859,0.800000011920929,0.6186867952346802,1.8348747491836548,1.0000000|0.0000000|0.0000000|0.0000000|0.0000000|0.0000000|0.0000000|0.0000000|0.0000000|0.0000000,0,1.0,34.77061520343133,0,0,0,0,0,
cross_town,Town02,mixed,17,130,6.5,151.40260314941406,105.44043731689453,0.22167766094207764,179.96104431152344,1.5258785420708232e-05,500.13329088571624,3.0509436650674825e-06,0.0,5.326322183307752e-07,7.950474120152881e-07,0.4463755132547281,0.6114521026611328,0.10842651128768921,-0.0354296900331974,0.0,0.8203409314155579,0.011589368805289268,0.9412524104118347,0.800000011920929,0.3934902250766754,-0.619420051574707,1.0000000|0.0000000|0.0000000|0.0000000|0.0000000|0.0000000|0.0000000|0.0000000|0.0000000|0.0000000,0,1.0,34.97080341747929,0,0,0,0,0,
cross_town,Town02,mixed,17,131,6.55,151.40260314941406,105.44043731689453,0.22167766094207764,179.96104431152344,1.5258785420708232e-05,500.13329088571624,3.0509436650674825e-06,0.0,5.326322183307752e-07,1.0986402510151246e-06,0.4429736317982614,0.06778013706207275,0.964055061340332,0.9171661734580994,0.0,0.9003409147262573,0.09158936887979507,0.9752712249755859,0.800000011920929,0.6186865568161011,1.8348745107650757,1.0000000|0.0000000|0.0000000|0.0000000|0.0000000|0.0000000|0.0000000|0.0000000|0.0000000|0.0000000,0,1.0,34.763204328081045,0,0,0,0,0,
cross_town,Town02,mixed,17,132,6.6,151.40260314941406,105.44043731689453,0.22167766094207764,179.96104431152344,1.5258785420708232e-05,500.13329088571624,3.0509436650674825e-06,0.0,5.326322183307752e-07,1.4419616580740067e-06,0.4463754298082252,0.6114519834518433,0.1084265410900116,-0.03542951121926308,0.0,0.8203409314155579,0.011589368805289268,0.9412532448768616,0.800000011920929,0.3934939503669739,-0.6194195747375488,1.0000000|0.0000000|0.0000000|0.0000000|0.0000000|0.0000000|0.0000000|0.0000000|0.0000000|0.0000000,0,1.0,34.96719666854687,0,0,0,0,0,
cross_town,Town02,mixed,17,133,6.65,151.40260314941406,105.44043731689453,0.22167766094207764,179.96104431152344,1.5258785420708232e-05,500.13329088571624,3.0509436650674825e-06,0.0,5.326322183307752e-07,1.6480232700623012e-06,0.44297364371931164,0.06778013706207275,0.964055061340332,0.9171661734580994,0.0,0.9003409147262573,0.09158936887979507,0.9752711057662964,0.800000011920929,0.6186858415603638,1.8348747491836548,1.0000000|0.0000000|0.0000000|0.0000000|0.0000000|0.0000000|0.0000000|0.0000000|0.0000000|0.0000000,0,1.0,34.76944168288954,0,0,0,0,0,
cross_town,Town02,mixed,17,134,6.7,151.40260314941406,105.44043731689453,0.22167766094207764,179.96104431152344,1.5258785420708232e-05,500.13329088571624,3.0509436650674825e-06,0.0,5.326322183307752e-07,1.9912817750544464e-06,0.4463754178873243,0.6114519834518433,0.10842657089233398,-0.03542957082390785,0.0,0.8203409314155579,0.011589368805289268,0.9412533640861511,0.800000011920929,0.3934946656227112,-0.6194194555282593,1.0000000|0.0000000|0.0000000|0.0000000|0.0000000|0.0000000|0.0000000|0.0000000|0.0000000|0.0000000,0,1.0,34.955293743996705,0,0,0,0,0,
cross_town,Town02,mixed,17,135,6.75,151.40260314941406,105.44043731689453,0.22167766094207764,179.96104431152344,1.5258785420708232e-05,500.13329088571624,3.0509436650674825e-06,0.0,5.326322183307752e-07,2.2659416375346547e-06,0.4429735781542021,0.06778022646903992,0.964055061340332,0.9171661138534546,0.0,0.9003409147262573,0.09158936887979507,0.9752717614173889,0.800000011920929,0.6186927556991577,1.8348742723464966,1.0000000|0.0000000|0.0000000|0.0000000|0.0000000|0.0000000|0.0000000|0.0000000|0.0000000|0.0000000,0,1.0,34.753552560403826,0,0,0,0,0,
cross_town,Town02,mixed,17,136,6.8,151.40260314941406,105.44043731689453,0.22167766094207764,179.96104431152344,1.5258785420708232e-05,500.13329088571624,3.0509436650674825e-06,0.0,5.326322183307752e-07,1.3733437478128806e-07,0.4463754059663975,0.6114521026611328,0.10842645168304443,-0.03543052077293396,0.0,0.8203409314155579,0.011589368805289268,0.9412534832954407,0.800000011920929,0.3934948742389679,-0.6194202899932861,1.0000000|0.0000000|0.0000000|0.0000000|0.0000000|0.0000000|0.0000000|0.0000000|0.0000000|0.0000000,0,1.0,34.94763443161419,0,0,0,0,0,
cross_town,Town02,mixed,17,137,6.85,151.40260314941406,105.44043731689453,0.22167766094207764,179.96104431152344,1.5258785420708232e-05,500.13329088571624,3.0509436650674825e-06,0.0,5.326322183307752e-07,4.1199650713326646e-07,0.44297365564024094,0.06778013706207275,0.9640551209449768,0.9171662330627441,0.0,0.9003409147262573,0.09158936887979507,0.9752709865570068,0.800000011920929,0.6186845302581787,1.8348749876022339,1.0000000|0.0000000|0.0000000|0.0000000|0.0000000|0.0000000|0.0000000|0.0000000|0.0000000|0.0000000,0,1.0,34.75525427439684,0,0,0,0,0,
cross_town,Town02,mixed,17,138,6.9,151.40260314941406,105.44043731689453,0.22167766094207764,179.96104431152344,1.5258785420708232e-05,500.13329088571624,3.0509436650674825e-06,0.0,5.326322183307752e-07,4.31053583841745e-07,0.44637550133377096,0.6114521026611328,0.10842657089233398,-0.03542951121926308,0.0,0.8203409314155579,0.011589368805289268,0.9412525296211243,0.800000011920929,0.3934905230998993,-0.6194196939468384,1.0000000|0.0000000|0.0000000|0.0000000|0.0000000|0.0000000|0.0000000|0.0000000|0.0000000|0.0000000,0,1.0,34.944526991881446,0,0,0,0,0,
cross_town,Town02,mixed,17,139,6.95,151.40260314941406,105.44043731689453,0.22167766094207764,179.96104431152344,1.5258785420708232e-05,500.13329088571624,3.0509436650674825e-06,0.0,5.326322183307752e-07,1.0299749214952365e-06,0.4429736556399974,0.06778013706207275,0.964055061340332,0.9171661138534546,0.0,0.9003409147262573,0.09158936887979507,0.9752709865570068,0.800000011920929,0.6186844110488892,1.8348746299743652,1.0000000|0.0000000|0.0000000|0.0000000|0.0000000|0.0000000|0.0000000|0.0000000|0.0000000|0.0000000,0,1.0,34.75581541851904,0,0,0,0,0,
cross_town,Town02,mixed,17,140,7.0,151.40260314941406,105.44043731689453,0.22167766094207764,179.96104431152344,1.5258785420708232e-05,500.13329088571624,3.0509436650674825e-06,0.0,5.326322183307752e-07,1.3732963694358907e-06,0.4463753880849421,0.6114519834518433,0.1084265410900116,-0.03542963042855263,0.0,0.8203409314155579,0.011589368805289268,0.941253662109375,0.800000011920929,0.39349621534347534,-0.6194194555282593,1.0000000|0.0000000|0.0000000|0.0000000|0.0000000|0.0000000|0.0000000|0.0000000|0.0000000|0.0000000,0,1.0,34.95115058502341,0,0,0,0,0,
cross_town,Town02,mixed,17,141,7.05,151.40260314941406,105.44043731689453,0.22167766094207764,179.96104431152344,1.5258785420708232e-05,500.13329088571624,3.0509436650674825e-06,0.0,5.326322183307752e-07,4.3115694032303954e-07,0.442973590075069,0.06778013706207275,0.964055061340332,0.9171661734580994,0.0,0.9003409147262573,0.09158936887979507,0.9752716422080994,0.800000011920929,0.6186909079551697,1.8348747491836548,1.0000000|0.0000000|0.0000000|0.0000000|0.0000000|0.0000000|0.0000000|0.0000000|0.0000000|0.0000000,0,1.0,34.745592357300445,0,0,0,0,0,
cross_town,Town02,mixed,17,142,7.1,151.40260314941406,105.44043731689453,0.22167766094207764,179.96104431152344,1.5258785420708232e-05,500.13329088571624,3.0509436650674825e-06,0.0,5.326322183307752e-07,1.8539584191669993e-06,0.4463755013335755,0.6114521026611328,0.10842657089233398,-0.03542951121926308,0.0,0.8203409314155579,0.011589368805289268,0.9412525296211243,0.800000011920929,0.3934905230998993,-0.6194196939468384,1.0000000|0.0000000|0.0000000|0.0000000|0.0000000|0.0000000|0.0000000|0.0000000|0.0000000|0.0000000,0,1.0,34.94101014812871,0,0,0,0,0,
cross_town,Town02,mixed,17,143,7.15,151.40260314941406,105.44043731689453,0.22167766094207764,179.96104431152344,1.5258785420708232e-05,500.13329088571624,3.0509436650674825e-06,0.0,5.326322183307752e-07,2.1648805733294305e-06,0.4429736317983691,0.06778019666671753,0.964055061340332,0.9171661138534546,0.0,0.9003409147262573,0.09158936887979507,0.9752712249755859,0.800000011920929,0.6186869144439697,1.8348745107650757,1.0000000|0.0000000|0.0000000|0.0000000|0.0000000|0.0000000|0.0000000|0.0000000|0.0000000|0.0000000,0,1.0,34.74201616699972,0,0,0,0,0,
cross_town,Town02,mixed,17,144,7.2,151.40260314941406,105.44043731689453,0.22167766094207764,179.96104431152344,1.5258785420708232e-05,500.13329088571624,3.0509436650674825e-06,0.0,5.326322183307752e-07,0.0,0.4463755251755655,0.6114521622657776,0.10842645168304443,-0.035430580377578735,0.0,0.8203409314155579,0.011589368805289268,0.9412522912025452,0.800000011920929,0.393489807844162,-0.6194204092025757,1.0000000|0.0000000|0.0000000|0.0000000|0.0000000|0.0000000|0.0000000|0.0000000|0.0000000|0.0000000,0,1.0,34.94636921872685,0,0,0,0,0,
cross_town,Town02,mixed,17,145,7.25,151.40260314941406,105.44043731689453,0.22167766094207764,179.96104431152344,1.5258785420708232e-05,500.13329088571624,3.0509436650674825e-06,0.0,5.326322183307752e-07,3.4332585299399685e-07,0.44297361987742206,0.06778013706207275,0.964055061340332,0.9171662330627441,0.0,0.9003409147262573,0.09158936887979507,0.9752713441848755,0.800000011920929,0.6186882257461548,1.8348751068115234,1.0000000|0.0000000|0.0000000|0.0000000|0.0000000|0.0000000|0.0000000|0.0000000|0.0000000|0.0000000,0,1.0,34.74245145010378,0,0,0,0,0,
cross_town,Town02,mixed,17,146,7.3,151.40260314941406,105.44043731689453,0.22167766094207764,179.96104431152344,1.5258785420708232e-05,500.13329088571624,3.0509436650674825e-06,0.0,5.326322183307752e-07,6.866478719604269e-07,0.4463755013338294,0.6114521026611328,0.10842657089233398,-0.03542951121926308,0.0,0.8203409314155579,0.011589368805289268,0.9412525296211243,0.800000011920929,0.3934905230998993,-0.6194196939468384,1.0000000|0.0000000|0.0000000|0.0000000|0.0000000|0.0000000|0.0000000|0.0000000|0.0000000|0.0000000,0,1.0,34.94715938456508,0,0,0,0,0,
cross_town,Town02,mixed,17,147,7.35,151.40260314941406,105.44043731689453,0.22167766094207764,179.96104431152344,1.5258785420708232e-05,500.13329088571624,3.0509436650674825e-06,0.0,5.326322183307752e-07,9.613063910874873e-07,0.4429736317983832,0.06778007745742798,0.9640551805496216,0.9171661734580994,0.0,0.9003409147262573,0.09158936887979507,0.9752712249755859,0.800000011920929,0.6186869144439697,1.8348748683929443,1.0000000|0.0000000|0.0000000|0.0000000|0.0000000|0.0000000|0.0000000|0.0000000|0.0000000|0.0000000,0,1.0,34.752217478203995,0,0,0,0,0,
cross_town,Town02,mixed,17,148,7.4,151.40260314941406,105.44043731689453,0.22167766094207764,179.96104431152344,1.5258785420708232e-05,500.13329088571624,3.0509436650674825e-06,0.0,5.326322183307752e-07,1.132975148825336e-06,0.4463753880850042,0.6114519834518433,0.1084265410900116,-0.03542963042855263,0.0,0.8203409314155579,0.011589368805289268,0.941253662109375,0.800000011920929,0.39349621534347534,-0.6194194555282593,1.0000000|0.0000000|0.0000000|0.0000000|0.0000000|0.0000000|0.0000000|0.0000000|0.0000000|0.0000000,0,1.0,34.94390023769713,0,0,0,0,0,
cross_town,Town02,mixed,17,149,7.45,151.40260314941406,105.44043731689453,0.22167766094207764,179.96104431152344,1.5258785420708232e-05,500.13329088571624,3.0509436650674825e-06,0.0,5.326322183307752e-07,1.3733116306497584e-06,0.44297363179838306,0.06778013706207275,0.964055061340332,0.9171661734580994,0.0,0.9003409147262573,0.09158936887979507,0.9752712249755859,0.800000011920929,0.6186873912811279,1.8348745107650757,1.0000000|0.0000000|0.0000000|0.0000000|0.0000000|0.0000000|0.0000000|0.0000000|0.0000000|0.0000000,0,1.0,34.746245244822084,0,0,0,0,0,
cross_town,Town02,mixed,17,150,7.5,151.40260314941406,105.44043731689453,0.22167766094207764,179.96104431152344,1.5258785420708232e-05,500.13329088571624,3.0509436650674825e-06,0.0,5.326322183307752e-07,1.6479639647381997e-06,0.4463753761640753,0.6114519238471985,0.10842657089233398,-0.03542974963784218,0.0,0.8203409314155579,0.011589368805289268,0.9412537813186646,0.800000011920929,0.3934963345527649,-0.6194194555282593,1.0000000|0.0000000|0.0000000|0.0000000|0.0000000|0.0000000|0.0000000|0.0000000|0.0000000|0.0000000,0,1.0,34.94423174556151,0,0,0,0,0,
cross_town,Town02,mixed,17,151,7.55,151.40260314941406,105.44043731689453,0.22167766094207764,179.96104431152344,1.5258785420708232e-05,500.13329088571624,3.0509436650674825e-06,0.0,5.326322183307752e-07,1.9912868173036666e-06,0.4429736317983832,0.06778022646903992,0.964055061340332,0.9171661734580994,0.0,0.9003409147262573,0.09158936887979507,0.9752712249755859,0.800000011920929,0.6186865568161011,1.8348745107650757,1.0000000|0.0000000|0.0000000|0.0000000|0.0000000|0.0000000|0.0000000|0.0000000|0.0000000|0.0000000,0,1.0,34.74756072139912,0,0,0,0,0,
cross_town,Town02,mixed,17,152,7.6,151.40260314941406,105.44043731689453,0.22167766094207764,179.96104431152344,1.5258785420708232e-05,500.13329088571624,3.0509436650674825e-06,0.0,5.326322183307752e-07,2.2659406361917863e-06,0.44637547153150703,0.6114521026611328,0.10842633247375488,-0.035430699586868286,0.0,0.8203409314155579,0.011589368805289268,0.9412528276443481,0.800000011920929,0.393492192029953,-0.6194205284118652,1.0000000|0.0000000|0.0000000|0.0000000|0.0000000|0.0000000|0.0000000|0.0000000|0.0000000|0.0000000,0,1.0,34.94622552223745,0,0,0,0,0,
cross_town,Town02,mixed,17,153,7.65,151.40260314941406,105.44043731689453,0.22167766094207764,179.96104431152344,1.5258785420708232e-05,500.13329088571624,3.0509436650674825e-06,0.0,5.326322183307752e-07,2.0599780197822343e-07,0.4429735662332739,0.06778028607368469,0.964055061340332,0.9171660542488098,0.0,0.9003409147262573,0.09158936887979507,0.9752718806266785,0.800000011920929,0.6186935901641846,1.834873914718628,1.0000000|0.0000000|0.0000000|0.0000000|0.0000000|0.0000000|0.0000000|0.0000000|0.0000000|0.0000000,0,1.0,34.750131886327004,0,0,0,0,0,
cross_town,Town02,mixed,17,154,7.7,151.40260314941406,105.44043731689453,0.22167766094207764,179.96104431152344,1.5258785420708232e-05,500.13329088571624,3.0509436650674825e-06,0.0,5.326322183307752e-07,5.493189978547768e-07,0.4463753761640752,0.6114519238471985,0.10842663049697876,-0.035429272800683975,0.0,0.8203409314155579,0.011589368805289268,0.9412537813186646,0.800000011920929,0.3934963345527649,-0.6194196939468384,1.0000000|0.0000000|0.0000000|0.0000000|0.0000000|0.0000000|0.0000000|0.0000000|0.0000000|0.0000000,0,1.0,34.94938865964546,0,0,0,0,0,
cross_town,Town02,mixed,17,155,7.75,151.40260314941406,105.44043731689453,0.22167766094207764,179.96104431152344,1.5258785420708232e-05,500.13329088571624,3.0509436650674825e-06,0.0,5.326322183307752e-07,8.63112775835292e-07,0.4429736019960315,0.06778013706207275,0.964055061340332,0.9171661138534546,0.0,0.9003409147262573,0.09158936887979507,0.9752715229988098,0.800000011920929,0.6186906099319458,1.8348746299743652,1.0000000|0.0000000|0.0000000|0.0000000|0.0000000|0.0000000|0.0000000|0.0000000|0.0000000|0.0000000,0,1.0,34.745145078090374,0,0,0,0,0,
cross_town,Town02,mixed,17,156,7.8,151.40260314941406,105.44043731689453,0.22167766094207764,179.96104431152344,1.5258785420708232e-05,500.13329088571624,3.0509436650674825e-06,0.0,5.326322183307752e-07,1.1329672569811384e-06,0.44637552517556567,0.6114519834518433,0.10842657089233398,-0.03542957082390785,0.0,0.8203409314155579,0.011589368805289268,0.9412522912025452,0.800000011920929,0.3934895396232605,-0.6194195747375488,1.0000000|0.0000000|0.0000000|0.0000000|0.0000000|0.0000000|0.0000000|0.0000000|0.0000000|0.0000000,0,1.0,34.95069019179889,0,0,0,0,0,
cross_town,Town02,mixed,17,157,7.85,151.40260314941406,105.44043731689453,0.22167766094207764,179.96104431152344,1.5258785420708232e-05,500.13329088571624,3.0509436650674825e-06,0.0,5.326322183307752e-07,1.3046440161315946e-06,0.4429736317983521,0.06778013706207275,0.964055061340332,0.9171661734580994,0.0,0.9003409147262573,0.09158936887979507,0.9752712249755859,0.800000011920929,0.6186873912811279,1.8348745107650757,1.0000000|0.0000000|0.0000000|0.0000000|0.0000000|0.0000000|0.0000000|0.0000000|0.0000000|0.0000000,0,1.0,34.75610807818022,0,0,0,0,0,
cross_town,Town02,mixed,17,158,7.9,151.40260314941406,105.44043731689453,0.22167766094207764,179.96104431152344,1.5258785420708232e-05,500.13329088571624,3.0509436650674825e-06,0.0,5.326322183307752e-07,1.5477662777792898e-06,0.446375417887294,0.6114519238471985,0.10842657089233398,-0.03542963042855263,0.0,0.8203409314155579,0.011589368805289268,0.9412533640861511,0.800000011920929,0.3934946358203888,-0.6194194555282593,1.0000000|0.0000000|0.0000000|0.0000000|0.0000000|0.0000000|0.0000000|0.0000000|0.0000000|0.0000000,0,1.0,34.95666590269377,0,0,0,0,0,
cross_town,Town02,mixed,17,159,7.95,151.40260314941406,105.44043731689453,0.22167766094207764,179.96104431152344,1.5258785420708232e-05,500.13329088571624,3.0509436650674825e-06,0.0,5.326322183307752e-07,1.8539604281464928e-06,0.4429736139168636,0.06778019666671753,0.964055061340332,0.9171661734580994,0.0,0.9003409147262573,0.09158936887979507,0.9752714037895203,0.800000011920929,0.6186894178390503,1.8348746299743652,1.0000000|0.0000000|0.0000000|0.0000000|0.0000000|0.0000000|0.0000000|0.0000000|0.0000000|0.0000000,0,1.0,34.762278314447734,0,0,0,0,0,
cross_town,Town02,mixed,17,160,8.0,151.40260314941406,105.44043731689453,0.22167766094207764,179.96104431152344,1.5258785420708232e-05,500.13329088571624,3.0509436650674825e-06,0.0,5.326322183307752e-07,2.1649650761345846e-06,0.446375441729062,0.6114518642425537,0.10842639207839966,-0.03543063998222351,0.0,0.8203409314155579,0.011589368805289268,0.941253125667572,0.800000011920929,0.3934933841228485,-0.6194206476211548,1.0000000|0.0000000|0.0000000|0.0000000|0.0000000|0.0000000|0.0000000|0.0000000|0.0000000|0.0000000,0,1.0,34.9634054789082,0,0,0,0,0,
cross_town,Town02,mixed,17,161,8.05,151.40260314941406,105.44043731689453,0.22167766094207764,179.96104431152344,1.5258785420708232e-05,500.13329088571624,3.0509436650674825e-06,0.0,5.326322183307752e-07,6.86720729661687e-08,0.4429736198773291,0.06778028607368469,0.964055061340332,0.9171661138534546,0.0,0.9003409147262573,0.09158936887979507,0.9752713441848755,0.800000011920929,0.6186876893043518,1.8348737955093384,1.0000000|0.0000000|0.0000000|0.0000000|0.0000000|0.0000000|0.0000000|0.0000000|0.0000000|0.0000000,0,1.0,34.76960504397438,0,0,0,0,0,
cross_town,Town02,mixed,17,162,8.1,151.40260314941406,105.44043731689453,0.22167766094207764,179.96104431152344,1.5258785420708232e-05,500.13329088571624,3.0509436650674825e-06,0.0,5.326322183307752e-07,4.1199027247541604e-07,0.4463754000059011,0.6114519238471985,0.10842663049697876,-0.035429272800683975,0.0,0.8203409314155579,0.011589368805289268,0.9412535429000854,0.800000011920929,0.3934955298900604,-0.6194196939468384,1.0000000|0.0000000|0.0000000|0.0000000|0.0000000|0.0000000|0.0000000|0.0000000|0.0000000|0.0000000,0,1.0,34.962978329204496,0,0,0,0,0,
cross_town,Town02,mixed,17,163,8.15,151.40260314941406,105.44043731689453,0.22167766094207764,179.96104431152344,1.5258785420708232e-05,500.13329088571624,3.0509436650674825e-06,0.0,5.326322183307752e-07,7.553132220699119e-07,0.4429735900751319,0.06778007745742798,0.9640551209449768,0.9171661734580994,0.0,0.9003409147262573,0.09158936887979507,0.9752716422080994,0.800000011920929,0.6186912059783936,1.8348746299743652,1.0000000|0.0000000|0.0000000|0.0000000|0.0000000|0.0000000|0.0000000|0.0000000|0.0000000|0.0000000,0,1.0,34.75783793044689,0,0,0,0,0,
cross_town,Town02,mixed,17,164,8.2,151.40260314941406,105.44043731689453,0.22167766094207764,179.96104431152344,1.5258785420708232e-05,500.13329088571624,3.0509436650674825e-06,0.0,5.326322183307752e-07,1.0300806923818979e-06,0.4463755430570801,0.6114521026611328,0.10842651128768921,-0.0354294516146183,0.0,0.8203409314155579,0.011589368805289268,0.9412521123886108,0.800000011920929,0.3934890031814575,-0.6194195747375488,1.0000000|0.0000000|0.0000000|0.0000000|0.0000000|0.0000000|0.0000000|0.0000000|0.0000000|0.0000000,0,1.0,34.9601793981497,0,0,0,0,0,
cross_town,Town02,mixed,17,165,8.25,151.40260314941406,105.44043731689453,0.22167766094207764,179.96104431152344,1.5258785420708232e-05,500.13329088571624,3.0509436650674825e-06,0.0,5.326322183307752e-07,1.3389604683004741e-06,0.44297361391698675,0.06778013706207275,0.964055061340332,0.9171661734580994,0.0,0.9003409147262573,0.09158936887979507,0.9752714037895203,0.800000011920929,0.6186891794204712,1.8348745107650757,1.0000000|0.0000000|0.0000000|0.0000000|0.0000000|0.0000000|0.0000000|0.0000000|0.0000000|0.0000000,0,1.0,34.76775552243537,0,0,0,0,0,
cross_town,Town02,mixed,17,166,8.3,151.40260314941406,105.44043731689453,0.22167766094207764,179.96104431152344,1.5258785420708232e-05,500.13329088571624,3.0509436650674825e-06,0.0,5.326322183307752e-07,1.510632904380718e-06,0.4463754000059325,0.6114518642425537,0.10842660069465637,-0.03542963042855263,0.0,0.8203409314155579,0.011589368805289268,0.9412535429000854,0.800000011920929,0.3934955298900604,-0.6194194555282593,1.0000000|0.0000000|0.0000000|0.0000000|0.0000000|0.0000000|0.0000000|0.0000000|0.0000000|0.0000000,0,1.0,34.968646220351744,0,0,0,0,0,
cross_town,Town02,mixed,17,167,8.35,151.40260314941406,105.44043731689453,0.22167766094207764,179.96104431152344,1.5258785420708232e-05,500.13329088571624,3.0509436650674825e-06,0.0,5.326322183307752e-07,1.7166309110084797e-06,0.44297363179838317,0.06778019666671753,0.964055061340332,0.9171661138534546,0.0,0.9003409147262573,0.09158936887979507,0.9752712249755859,0.800000011920929,0.6186864972114563,1.8348746299743652,1.0000000|0.0000000|0.0000000|0.0000000|0.0000000|0.0000000|0.0000000|0.0000000|0.0000000|0.0000000,0,1.0,34.78297403188827,0,0,0,0,0,
cross_town,Town02,mixed,17,168,8.4,151.40260314941406,105.44043731689453,0.22167766094207764,179.96104431152344,1.5258785420708232e-05,500.13329088571624,3.0509436650674825e-06,0.0,5.326322183307752e-07,9.352802055866329e-07,0.4463754059663323,0.6114519238471985,0.10842651128768921,-0.03542986884713173,0.0,0.8203409314155579,0.011589368805289268,0.9412534832954407,0.800000011920929,0.3934948742389679,-0.6194198131561279,1.0000000|0.0000000|0.0000000|0.0000000|0.0000000|0.0000000|0.0000000|0.0000000|0.0000000|0.0000000,0,1.0,34.98700036159468,0,0,0,0,0,
cross_town,Town02,mixed,17,169,8.45,151.40260314941406,105.44043731689453,0.22167766094207764,179.96104431152344,1.5258785420708232e-05,500.13329088571624,3.0509436650674825e-06,0.0,5.326322183307752e-07,2.334608243738537e-06,0.4429736019958119,0.06778013706207275,0.964055061340332,0.9171661138534546,0.0,0.9003409147262573,0.09158936887979507,0.9752715229988098,0.800000011920929,0.6186901330947876,1.8348746299743652,1.0000000|0.0000000|0.0000000|0.0000000|0.0000000|0.0000000|0.0000000|0.0000000|0.0000000|0.0000000,0,1.0,34.79556281688277,0,0,0,0,0,
cross_town,Town02,mixed,17,170,8.5,151.40260314941406,105.44043731689453,0.22167766094207764,179.96104431152344,1.5258785420708232e-05,500.13329088571624,3.0509436650674825e-06,0.0,5.326322183307752e-07,2.7466153444286583e-07,0.4463753761640087,0.6114521026611328,0.10842639207839966,-0.035430580377578735,0.0,0.8203409314155579,0.011589368805289268,0.9412537813186646,0.800000011920929,0.3934965431690216,-0.6194199323654175,1.0000000|0.0000000|0.0000000|0.0000000|0.0000000|0.0000000|0.0000000|0.0000000|0.0000000|0.0000000,0,1.0,35.000015318541564,0,0,0,0,0,
cross_town,Town02,mixed,17,171,8.55,151.40260314941406,105.44043731689453,0.22167766094207764,179.96104431152344,1.5258785420708232e-05,500.13329088571624,3.0509436650674825e-06,0.0,5.326322183307752e-07,6.179838109531594e-07,0.442973631798383,0.06778010725975037,0.9640551209449768,0.9171661734580994,0.0,0.9003409147262573,0.09158936887979507,0.9752712249755859,0.800000011920929,0.6186867952346802,1.8348747491836548,1.0000000|0.0000000|0.0000000|0.0000000|0.0000000|0.0000000|0.0000000|0.0000000|0.0000000|0.0000000,0,1.0,34.809184038239614,0,0,0,0,0,
cross_town,Town02,mixed,17,172,8.6,151.40260314941406,105.44043731689453,0.22167766094207764,179.96104431152344,1.5258785420708232e-05,500.13329088571624,3.0509436650674825e-06,0.0,5.326322183307752e-07,8.241076014667973e-07,0.44637551325475777,0.6114521026611328,0.10842651128768921,-0.0354296900331974,0.0,0.8203409314155579,0.011589368805289268,0.9412524104118347,0.800000011920929,0.3934902250766754,-0.619420051574707,1.0000000|0.0000000|0.0000000|0.0000000|0.0000000|0.0000000|0.0000000|0.0000000|0.0000000|0.0000000,0,1.0,35.00576875316675,0,0,0,0,0,
cross_town,Town02,mixed,17,173,8.65,151.40260314941406,105.44043731689453,0.22167766094207764,179.96104431152344,1.5258785420708232e-05,500.13329088571624,3.0509436650674825e-06,0.0,5.326322183307752e-07,1.1673029281794127e-06,0.4429736198774519,0.06778013706207275,0.964055061340332,0.9171661734580994,0.0,0.9003409147262573,0.09158936887979507,0.9752713441848755,0.800000011920929,0.61868816614151,1.8348745107650757,1.0000000|0.0000000|0.0000000|0.0000000|0.0000000|0.0000000|0.0000000|0.0000000|0.0000000|0.0000000,0,1.0,34.8124553974996,0,0,0,0,0,
cross_town,Town02,mixed,17,174,8.7,151.40260314941406,105.44043731689453,0.22167766094207764,179.96104431152344,1.5258785420708232e-05,500.13329088571624,3.0509436650674825e-06,0.0,5.326322183307752e-07,1.3733059165993964e-06,0.4463754834524354,0.6114519834518433,0.1084265410900116,-0.03542951121926308,0.0,0.8203409314155579,0.011589368805289268,0.9412527084350586,0.800000011920929,0.3934919536113739,-0.6194195747375488,1.0000000|0.0000000|0.0000000|0.0000000|0.0000000|0.0000000|0.0000000|0.0000000|0.0000000|0.0000000,0,1.0,35.0096115326493,0,0,0,0,0,
cross_town,Town02,mixed,17,175,8.75,151.40260314941406,105.44043731689453,0.22167766094207764,179.96104431152344,1.5258785420708232e-05,500.13329088571624,3.0509436650674825e-06,0.0,5.326322183307752e-07,1.6479642726561053e-06,0.4429735900751318,0.06778013706207275,0.964055061340332,0.9171661734580994,0.0,0.9003409147262573,0.09158936887979507,0.9752716422080994,0.800000011920929,0.6186909079551697,1.8348747491836548,1.0000000|0.0000000|0.0000000|0.0000000|0.0000000|0.0000000|0.0000000|0.0000000|0.0000000|0.0000000,0,1.0,34.81797661733938,0,0,0,0,0,
cross_town,Town02,mixed,17,176,8.8,151.40260314941406,105.44043731689453,0.22167766094207764,179.96104431152344,1.5258785420708232e-05,500.13329088571624,3.0509436650674825e-06,0.0,5.326322183307752e-07,1.991282212503952e-06,0.44637541788732665,0.6114519834518433,0.10842657089233398,-0.03542957082390785,0.0,0.8203409314155579,0.011589368805289268,0.9412533640861511,0.800000011920929,0.3934946656227112,-0.6194194555282593,1.0000000|0.0000000|0.0000000|0.0000000|0.0000000|0.0000000|0.0000000|0.0000000|0.0000000|0.0000000,0,1.0,35.02502258883286,0,0,0,0,0,
cross_town,Town02,mixed,17,177,8.85,151.40260314941406,105.44043731689453,0.22167766094207764,179.96104431152344,1.5258785420708232e-05,500.13329088571624,3.0509436650674825e-06,0.0,5.326322183307752e-07,2.2659420773177587e-06,0.44297357815420285,0.06778022646903992,0.964055061340332,0.9171661138534546,0.0,0.9003409147262573,0.09158936887979507,0.9752717614173889,0.800000011920929,0.6186927556991577,1.8348742723464966,1.0000000|0.0000000|0.0000000|0.0000000|0.0000000|0.0000000|0.0000000|0.0000000|0.0000000|0.0000000,0,1.0,34.83353290657492,0,0,0,0,0,
cross_town,Town02,mixed,17,178,8.9,151.40260314941406,105.44043731689453,0.22167766094207764,179.96104431152344,1.5258785420708232e-05,500.13329088571624,3.0509436650674825e-06,0.0,5.326322183307752e-07,1.3733437478033144e-07,0.4463754059663975,0.6114521026611328,0.10842645168304443,-0.03543052077293396,0.0,0.8203409314155579,0.011589368805289268,0.9412534832954407,0.800000011920929,0.3934948742389679,-0.6194202899932861,1.0000000|0.0000000|0.0000000|0.0000000|0.0000000|0.0000000|0.0000000|0.0000000|0.0000000|0.0000000,0,1.0,35.03861719080351,0,0,0,0,0,
cross_town,Town02,mixed,17,179,8.95,151.40260314941406,105.44043731689453,0.22167766094207764,179.96104431152344,1.5258785420708232e-05,500.13329088571624,3.0509436650674825e-06,0.0,5.326322183307752e-07,4.4632424498380106e-07,0.442973655640241,0.06778013706207275,0.9640551209449768,0.9171662330627441,0.0,0.9003409147262573,0.09158936887979507,0.9752709865570068,0.800000011920929,0.6186845302581787,1.8348749876022339,1.0000000|0.0000000|0.0000000|0.0000000|0.0000000|0.0000000|0.0000000|0.0000000|0.0000000|0.0000000,0,1.0,34.856865208329204,0,0,0,0,0,
cross_town,Town02,mixed,17,180,9.0,151.40260314941406,105.44043731689453,0.22167766094207764,179.96104431152344,1.5258785420708232e-05,500.13329088571624,3.0509436650674825e-06,0.0,5.326322183307752e-07,6.588879831097848e-07,0.44637550133379533,0.6114521026611328,0.10842657089233398,-0.03542951121926308,0.0,0.8203409314155579,0.011589368805289268,0.9412525296211243,0.800000011920929,0.3934905230998993,-0.6194196939468384,1.0000000|0.0000000|0.0000000|0.0000000|0.0000000|0.0000000|0.0000000|0.0000000|0.0000000|0.0000000,0,1.0,35.065502807834015,0,0,0,0,0,
cross_town,Town02,mixed,17,181,9.05,151.40260314941406,105.44043731689453,0.22167766094207764,179.96104431152344,1.5258785420708232e-05,500.13329088571624,3.0509436650674825e-06,0.0,5.326322183307752e-07,9.61309836172336e-07,0.44297361987732786,0.06778007745742798,0.9640551209449768,0.9171661734580994,0.0,0.9003409147262573,0.09158936887979507,0.9752713441848755,0.800000011920929,0.6186875104904175,1.8348746299743652,1.0000000|0.0000000|0.0000000|0.0000000|0.0000000|0.0000000|0.0000000|0.0000000|0.0000000|0.0000000,0,1.0,34.87783630353703,0,0,0,0,0,
cross_town,Town02,mixed,17,182,9.1,151.40260314941406,105.44043731689453,0.22167766094207764,179.96104431152344,1.5258785420708232e-05,500.13329088571624,3.0509436650674825e-06,0.0,5.326322183307752e-07,1.3046314448047053e-06,0.44637538808497357,0.6114519834518433,0.1084265410900116,-0.03542963042855263,0.0,0.8203409314155579,0.011589368805289268,0.941253662109375,0.800000011920929,0.39349621534347534,-0.6194194555282593,1.0000000|0.0000000|0.0000000|0.0000000|0.0000000|0.0000000|0.0000000|0.0000000|0.0000000|0.0000000,0,1.0,35.08702896005302,0,0,0,0,0,
cross_town,Town02,mixed,17,183,9.15,151.40260314941406,105.44043731689453,0.22167766094207764,179.96104431152344,1.5258785420708232e-05,500.13329088571624,3.0509436650674825e-06,0.0,5.326322183307752e-07,3.985827236858326e-07,0.44297360199599767,0.06778013706207275,0.964055061340332,0.9171661734580994,0.0,0.9003409147262573,0.09158936887979507,0.9752715229988098,0.800000011920929,0.6186902523040771,1.8348746299743652,1.0000000|0.0000000|0.0000000|0.0000000|0.0000000|0.0000000|0.0000000|0.0000000|0.0000000|0.0000000,0,1.0,34.890514606049244,0,0,0,0,0,
cross_town,Town02,mixed,17,184,9.2,151.40260314941406,105.44043731689453,0.22167766094207764,179.96104431152344,1.5258785420708232e-05,500.13329088571624,3.0509436650674825e-06,0.0,5.326322183307752e-07,1.785290485219263e-06,0.44637550133357506,0.6114521026611328,0.10842657089233398,-0.03542951121926308,0.0,0.8203409314155579,0.011589368805289268,0.9412525296211243,0.800000011920929,0.3934905230998993,-0.6194196939468384,1.0000000|0.0000000|0.0000000|0.0000000|0.0000000|0.0000000|0.0000000|0.0000000|0.0000000|0.0000000,0,1.0,35.10686813541893,0,0,0,0,0,
cross_town,Town02,mixed,17,185,9.25,151.40260314941406,105.44043731689453,0.22167766094207764,179.96104431152344,1.5258785420708232e-05,500.13329088571624,3.0509436650674825e-06,0.0,5.326322183307752e-07,2.096279080574713e-06,0.4429736317983691,0.06778022646903992,0.964055061340332,0.9171661734580994,0.0,0.9003409147262573,0.09158936887979507,0.9752712249755859,0.800000011920929,0.6186866760253906,1.8348743915557861,1.0000000|0.0000000|0.0000000|0.0000000|0.0000000|0.0000000|0.0000000|0.0000000|0.0000000|0.0000000,0,1.0,34.92098110251443,0,0,0,0,0,
cross_town,Town02,mixed,17,186,9.3,151.40260314941406,105.44043731689453,0.22167766094207764,179.96104431152344,1.5258785420708232e-05,500.13329088571624,3.0509436650674825e-06,0.0,5.326322183307752e-07,0.0,0.4463754536499918,0.6114521622657776,0.10842645168304443,-0.03543063998222351,0.0,0.8203409314155579,0.011589368805289268,0.9412530064582825,0.800000011920929,0.39349302649497986,-0.6194204092025757,1.0000000|0.0000000|0.0000000|0.0000000|0.0000000|0.0000000|0.0000000|0.0000000|0.0000000|0.0000000,0,1.0,35.13216759284059,0,0,0,0,0,
cross_town,Town02,mixed,17,187,9.35,151.40260314941406,105.44043731689453,0.22167766094207764,179.96104431152344,1.5258785420708232e-05,500.13329088571624,3.0509436650674825e-06,0.0,5.326322183307752e-07,3.4332585299562913e-07,0.4429736198774221,0.06778013706207275,0.964055061340332,0.9171662330627441,0.0,0.9003409147262573,0.09158936887979507,0.9752713441848755,0.800000011920929,0.6186882257461548,1.8348751068115234,1.0000000|0.0000000|0.0000000|0.0000000|0.0000000|0.0000000|0.0000000|0.0000000|0.0000000|0.0000000,0,1.0,34.94653567867675,0,0,0,0,0,
cross_town,Town02,mixed,17,188,9.4,151.40260314941406,105.44043731689453,0.22167766094207764,179.96104431152344,1.5258785420708232e-05,500.13329088571624,3.0509436650674825e-06,0.0,5.326322183307752e-07,5.49326089330919e-07,0.4463755013338294,0.6114521026611328,0.10842657089233398,-0.03542951121926308,0.0,0.8203409314155579,0.011589368805289268,0.9412525296211243,0.800000011920929,0.3934905230998993,-0.6194196939468384,1.0000000|0.0000000|0.0000000|0.0000000|0.0000000|0.0000000|0.0000000|0.0000000|0.0000000|0.0000000,0,1.0,35.15859043421521,0,0,0,0,0,
cross_town,Town02,mixed,17,189,9.45,151.40260314941406,105.44043731689453,0.22167766094207764,179.96104431152344,1.5258785420708232e-05,500.13329088571624,3.0509436650674825e-06,0.0,5.326322183307752e-07,8.239857344019667e-07,0.4429736019960608,0.06778013706207275,0.964055061340332,0.9171661138534546,0.0,0.9003409147262573,0.09158936887979507,0.9752715229988098,0.800000011920929,0.6186906099319458,1.8348746299743652,1.0000000|0.0000000|0.0000000|0.0000000|0.0000000|0.0000000|0.0000000|0.0000000|0.0000000|0.0000000,0,1.0,34.96392237498141,0,0,0,0,0,
cross_town,Town02,mixed,17,190,9.5,151.40260314941406,105.44043731689453,0.22167766094207764,179.96104431152344,1.5258785420708232e-05,500.13329088571624,3.0509436650674825e-06,0.0,5.326322183307752e-07,1.1673021200177833e-06,0.446375459610578,0.611452043056488,0.1084265410900116,-0.0354294516146183,0.0,0.8203409314155579,0.011589368805289268,0.9412529468536377,0.800000011920929,0.39349281787872314,-0.6194196939468384,1.0000000|0.0000000|0.0000000|0.0000000|0.0000000|0.0000000|0.0000000|0.0000000|0.0000000|0.0000000,0,1.0,35.18329215140045,0,0,0,0,0,
cross_town,Town02,mixed,17,191,9.55,151.40260314941406,105.44043731689453,0.22167766094207764,179.96104431152344,1.5258785420708232e-05,500.13329088571624,3.0509436650674825e-06,0.0,5.326322183307752e-07,1.4076364090357648e-06,0.4429736317983832,0.06778013706207275,0.964055061340332,0.9171661734580994,0.0,0.9003409147262573,0.09158936887979507,0.9752712249755859,0.800000011920929,0.6186873912811279,1.8348745107650757,1.0000000|0.0000000|0.0000000|0.0000000|0.0000000|0.0000000|0.0000000|0.0000000|0.0000000|0.0000000,0,1.0,34.99942249887926,0,0,0,0,0,
cross_town,Town02,mixed,17,192,9.6,151.40260314941406,105.44043731689453,0.22167766094207764,179.96104431152344,1.5258785420708232e-05,500.13329088571624,3.0509436650674825e-06,0.0,5.326322183307752e-07,1.579370349938073e-06,0.44637537616407413,0.6114519238471985,0.10842657089233398,-0.03542974963784218,0.0,0.8203409314155579,0.011589368805289268,0.9412537813186646,0.800000011920929,0.3934963345527649,-0.6194194555282593,1.0000000|0.0000000|0.0000000|0.0000000|0.0000000|0.0000000|0.0000000|0.0000000|0.0000000|0.0000000,0,1.0,35.20036302962158,0,0,0,0,0,
cross_town,Town02,mixed,17,193,9.65,151.40260314941406,105.44043731689453,0.22167766094207764,179.96104431152344,1.5258785420708232e-05,500.13329088571624,3.0509436650674825e-06,0.0,5.326322183307752e-07,1.922625695786768e-06,0.4429736139169869,0.06778022646903992,0.964055061340332,0.9171661138534546,0.0,0.9003409147262573,0.09158936887979507,0.9752714037895203,0.800000011920929,0.6186889410018921,1.8348747491836548,1.0000000|0.0000000|0.0000000|0.0000000|0.0000000|0.0000000|0.0000000|0.0000000|0.0000000|0.0000000,0,1.0,35.025894458573035,0,0,0,0,0,
cross_town,Town02,mixed,17,194,9.7,151.40260314941406,105.44043731689453,0.22167766094207764,179.96104431152344,1.5258785420708232e-05,500.13329088571624,3.0509436650674825e-06,0.0,5.326322183307752e-07,2.1972811168542486e-06,0.44637545365011283,0.6114518642425537,0.10842639207839966,-0.03543063998222351,0.0,0.8203409314155579,0.011589368805289268,0.9412530064582825,0.800000011920929,0.39349299669265747,-0.6194206476211548,1.0000000|0.0000000|0.0000000|0.0000000|0.0000000|0.0000000|0.0000000|0.0000000|0.0000000|0.0000000,0,1.0,35.2318811750547,0,0,0,0,0,
cross_town,Town02,mixed,17,195,9.75,151.40260314941406,105.44043731689453,0.22167766094207764,179.96104431152344,1.5258785420708232e-05,500.13329088571624,3.0509436650674825e-06,0.0,5.326322183307752e-07,2.0599780197818058e-07,0.44297361391698964,0.06778028607368469,0.964055061340332,0.9171661138534546,0.0,0.9003409147262573,0.09158936887979507,0.9752714037895203,0.800000011920929,0.6186890006065369,1.8348737955093384,1.0000000|0.0000000|0.0000000|0.0000000|0.0000000|0.0000000|0.0000000|0.0000000|0.0000000|0.0000000,0,1.0,35.05549115300957,0,0,0,0,0,
cross_town,Town02,mixed,17,196,9.8,151.40260314941406,105.44043731689453,0.22167766094207764,179.96104431152344,1.5258785420708232e-05,500.13329088571624,3.0509436650674825e-06,0.0,5.326322183307752e-07,5.493189978524719e-07,0.44637537616407513,0.6114519238471985,0.10842663049697876,-0.035429272800683975,0.0,0.8203409314155579,0.011589368805289268,0.9412537813186646,0.800000011920929,0.3934963345527649,-0.6194196939468384,1.0000000|0.0000000|0.0000000|0.0000000|0.0000000|0.0000000|0.0000000|0.0000000|0.0000000|0.0000000,0,1.0,35.27177643645834,0,0,0,0,0,
cross_town,Town02,mixed,17,197,9.85,151.40260314941406,105.44043731689453,0.22167766094207764,179.96104431152344,1.5258785420708232e-05,500.13329088571624,3.0509436650674825e-06,0.0,5.326322183307752e-07,2.7191612364374116e-07,0.44297360199599894,0.06778013706207275,0.964055061340332,0.9171661138534546,0.0,0.9003409147262573,0.09158936887979507,0.9752715229988098,0.800000011920929,0.6186906099319458,1.8348746299743652,1.0000000|0.0000000|0.0000000|0.0000000|0.0000000|0.0000000|0.0000000|0.0000000|0.0000000|0.0000000,0,1.0,35.08954231204171,0,0,0,0,0,
cross_town,Town02,mixed,17,198,9.9,151.40260314941406,105.44043731689453,0.22167766094207764,179.96104431152344,1.5258785420708232e-05,500.13329088571624,3.0509436650674825e-06,0.0,5.326322183307752e-07,1.167299513050727e-06,0.44637554305683363,0.6114519834518433,0.1084265410900116,-0.03542974963784218,0.0,0.8203409314155579,0.011589368805289268,0.9412521123886108,0.800000011920929,0.3934890329837799,-0.619420051574707,1.0000000|0.0000000|0.0000000|0.0000000|0.0000000|0.0000000|0.0000000|0.0000000|0.0000000|0.0000000,0,1.0,35.306631196573605,0,0,0,0,0,
cross_town,Town02,mixed,17,199,9.95,151.40260314941406,105.44043731689453,0.22167766094207764,179.96104431152344,1.5258785420708232e-05,500.13329088571624,3.0509436650674825e-06,0.0,5.326322183307752e-07,1.3389696804873954e-06,0.44297363179832044,0.06778013706207275,0.964055061340332,0.9171661734580994,0.0,0.9003409147262573,0.09158936887979507,0.9752712249755859,0.800000011920929,0.6186873912811279,1.8348745107650757,1.0000000|0.0000000|0.0000000|0.0000000|0.0000000|0.0000000|0.0000000|0.0000000|0.0000000|0.0000000,0,1.0,35.12507858835222,0,0,0,0,0,
cross_town,Town02,mixed,17,200,10.0,151.40260314941406,105.44043731689453,0.22167766094207764,179.96104431152344,1.5258785420708232e-05,500.13329088571624,3.0509436650674825e-06,0.0,5.326322183307752e-07,1.5134809488544188e-06,0.44637540000589904,0.6114518642425537,0.10842660069465637,-0.03542963042855263,0.0,0.8203409314155579,0.011589368805289268,0.9412535429000854,0.800000011920929,0.3934955298900604,-0.6194194555282593,1.0000000|0.0000000|0.0000000|0.0000000|0.0000000|0.0000000|0.0000000|0.0000000|0.0000000|0.0000000,0,1.0,35.34331143170807,0,0,0,0,0,
cross_town,Town02,mixed,17,201,10.05,151.40260314941406,105.44043731689453,0.22167766094207764,179.96104431152344,1.5258785420708232e-05,500.13329088571624,3.0509436650674825e-06,0.0,5.326322183307752e-07,1.8539612007530017e-06,0.4429736317982582,0.06778019666671753,0.964055061340332,0.9171661138534546,0.0,0.9003409147262573,0.09158936887979507,0.9752712249755859,0.800000011920929,0.6186864972114563,1.8348746299743652,1.0000000|0.0000000|0.0000000|0.0000000|0.0000000|0.0000000|0.0000000|0.0000000|0.0000000|0.0000000,0,1.0,35.16249615226696,0,0,0,0,0,
cross_town,Town02,mixed,17,202,10.1,151.40260314941406,105.44043731689453,0.22167766094207764,179.96104431152344,1.5258785420708232e-05,500.13329088571624,3.0509436650674825e-06,0.0,5.326322183307752e-07,2.128667019574418e-06,0.4463754417291451,0.6114518642425537,0.10842639207839966,-0.03543063998222351,0.0,0.8203409314155579,0.011589368805289268,0.941253125667572,0.800000011920929,0.3934933841228485,-0.6194206476211548,1.0000000|0.0000000|0.0000000|0.0000000|0.0000000|0.0000000|0.0000000|0.0000000|0.0000000|0.0000000,0,1.0,35.391598464435,0,0,0,0,0,
cross_town,Town02,mixed,17,203,10.15,151.40260314941406,105.44043731689453,0.22167766094207764,179.96104431152344,1.5258785420708232e-05,500.13329088571624,3.0509436650674825e-06,0.0,5.326322183307752e-07,6.867207296606132e-08,0.442973613916987,0.06778019666671753,0.964055061340332,0.9171661138534546,0.0,0.9003409147262573,0.09158936887979507,0.9752714037895203,0.800000011920929,0.6186890006065369,1.834874153137207,1.0000000|0.0000000|0.0000000|0.0000000|0.0000000|0.0000000|0.0000000|0.0000000|0.0000000|0.0000000,0,1.0,35.204819122993875,0,0,0,0,0,
cross_town,Town02,mixed,17,204,10.2,151.40260314941406,105.44043731689453,0.22167766094207764,179.96104431152344,1.5258785420708232e-05,500.13329088571624,3.0509436650674825e-06,0.0,5.326322183307752e-07,4.11990272475487e-07,0.44637540000593234,0.6114519238471985,0.10842663049697876,-0.035429272800683975,0.0,0.8203409314155579,0.011589368805289268,0.9412535429000854,0.800000011920929,0.3934955298900604,-0.6194196939468384,1.0000000|0.0000000|0.0000000|0.0000000|0.0000000|0.0000000|0.0000000|0.0000000|0.0000000|0.0000000,0,1.0,35.42517264313282,0,0,0,0,0,
cross_town,Town02,mixed,17,205,10.25,151.40260314941406,105.44043731689453,0.22167766094207764,179.96104431152344,1.5258785420708232e-05,500.13329088571624,3.0509436650674825e-06,0.0,5.326322183307752e-07,3.985529570143861e-07,0.4429735900750698,0.06778007745742798,0.9640551209449768,0.9171661734580994,0.0,0.9003409147262573,0.09158936887979507,0.9752716422080994,0.800000011920929,0.6186912059783936,1.8348746299743652,1.0000000|0.0000000|0.0000000|0.0000000|0.0000000|0.0000000|0.0000000|0.0000000|0.0000000|0.0000000,0,1.0,35.24580379057475,0,0,0,0,0,
cross_town,Town02,mixed,17,206,10.3,151.40260314941406,105.44043731689453,0.22167766094207764,179.96104431152344,1.5258785420708232e-05,500.13329088571624,3.0509436650674825e-06,0.0,5.326322183307752e-07,1.0299703500077702e-06,0.4463755013335822,0.6114521026611328,0.10842657089233398,-0.03542951121926308,0.0,0.8203409314155579,0.011589368805289268,0.9412525296211243,0.800000011920929,0.3934905230998993,-0.6194196939468384,1.0000000|0.0000000|0.0000000|0.0000000|0.0000000|0.0000000|0.0000000|0.0000000|0.0000000|0.0000000,0,1.0,35.46766215442606,0,0,0,0,0,
cross_town,Town02,mixed,17,207,10.35,151.40260314941406,105.44043731689453,0.22167766094207764,179.96104431152344,1.5258785420708232e-05,500.13329088571624,3.0509436650674825e-06,0.0,5.326322183307752e-07,1.2359705495745553e-06,0.44297361987739126,0.06778013706207275,0.964055061340332,0.9171661734580994,0.0,0.9003409147262573,0.09158936887979507,0.9752713441848755,0.800000011920929,0.61868816614151,1.8348745107650757,1.0000000|0.0000000|0.0000000|0.0000000|0.0000000|0.0000000|0.0000000|0.0000000|0.0000000|0.0000000,0,1.0,35.289096242142094,0,0,0,0,0,
cross_town,Town02,mixed,17,208,10.4,151.40260314941406,105.44043731689453,0.22167766094207764,179.96104431152344,1.5258785420708232e-05,500.13329088571624,3.0509436650674825e-06,0.0,5.326322183307752e-07,3.026531425042902e-07,0.4463754596105182,0.6114519238471985,0.10842657089233398,-0.03542963042855263,0.0,0.8203409314155579,0.011589368805289268,0.9412529468536377,0.800000011920929,0.39349275827407837,-0.6194194555282593,1.0000000|0.0000000|0.0000000|0.0000000|0.0000000|0.0000000|0.0000000|0.0000000|0.0000000|0.0000000,0,1.0,35.512204407730984,0,0,0,0,0,
cross_town,Town02,mixed,17,209,10.45,151.40260314941406,105.44043731689453,0.22167766094207764,179.96104431152344,1.5258785420708232e-05,500.13329088571624,3.0509436650674825e-06,0.0,5.326322183307752e-07,1.7166352708104416e-06,0.44297361391673895,0.06778007745742798,0.9640551209449768,0.9171661734580994,0.0,0.9003409147262573,0.09158936887979507,0.9752714037895203,0.800000011920929,0.6186893582344055,1.8348746299743652,1.0000000|0.0000000|0.0000000|0.0000000|0.0000000|0.0000000|0.0000000|0.0000000|0.0000000|0.0000000,0,1.0,35.334364653981076,0,0,0,0,0,
cross_town,Town02,mixed,17,210,10.5,151.40260314941406,105.44043731689453,0.22167766094207764,179.96104431152344,1.5258785420708232e-05,500.13329088571624,3.0509436650674825e-06,0.0,5.326322183307752e-07,2.0277734563978515e-06,0.4463754059663846,0.6114519238471985,0.10842651128768921,-0.03542986884713173,0.0,0.8203409314155579,0.011589368805289268,0.9412534832954407,0.800000011920929,0.3934948742389679,-0.6194198131561279,1.0000000|0.0000000|0.0000000|0.0000000|0.0000000|0.0000000|0.0000000|0.0000000|0.0000000|0.0000000,0,1.0,35.5587244158416,0,0,0,0,0,
cross_town,Town02,mixed,17,211,10.55,151.40260314941406,105.44043731689453,0.22167766094207764,179.96104431152344,1.5258785420708232e-05,500.13329088571624,3.0509436650674825e-06,0.0,5.326322183307752e-07,2.3346105411614827e-06,0.4429735781540804,0.06778022646903992,0.964055061340332,0.9171661138534546,0.0,0.9003409147262573,0.09158936887979507,0.9752717614173889,0.800000011920929,0.6186920404434204,1.8348742723464966,1.0000000|0.0000000|0.0000000|0.0000000|0.0000000|0.0000000|0.0000000|0.0000000|0.0000000|0.0000000,0,1.0,35.381633231003455,0,0,0,0,0,
cross_town,Town02,mixed,17,212,10.6,151.40260314941406,105.44043731689453,0.22167766094207764,179.96104431152344,1.5258785420708232e-05,500.13329088571624,3.0509436650674825e-06,0.0,5.326322183307752e-07,2.7466153444190583e-07,0.4463753761640456,0.6114521026611328,0.10842639207839966,-0.035430580377578735,0.0,0.8203409314155579,0.011589368805289268,0.9412537813186646,0.800000011920929,0.3934965431690216,-0.6194199323654175,1.0000000|0.0000000|0.0000000|0.0000000|0.0000000|0.0000000|0.0000000|0.0000000|0.0000000|0.0000000,0,1.0,35.6072943213895,0,0,0,0,0,
cross_town,Town02,mixed,17,213,10.65,151.40260314941406,105.44043731689453,0.22167766094207764,179.96104431152344,1.5258785420708232e-05,500.13329088571624,3.0509436650674825e-06,0.0,5.326322183307752e-07,6.179838109521282e-07,0.44297363179838295,0.06778010725975037,0.9640551209449768,0.9171661734580994,0.0,0.9003409147262573,0.09158936887979507,0.9752712249755859,0.800000011920929,0.6186867952346802,1.8348747491836548,1.0000000|0.0000000|0.0000000|0.0000000|0.0000000|0.0000000|0.0000000|0.0000000|0.0000000|0.0000000,0,1.0,35.43097365218725,0,0,0,0,0,
cross_town,Town02,mixed,17,214,10.7,151.40260314941406,105.44043731689453,0.22167766094207764,179.96104431152344,1.5258785420708232e-05,500.13329088571624,3.0509436650674825e-06,0.0,5.326322183307752e-07,8.926416915064858e-07,0.4463755132547583,0.6114521026611328,0.10842651128768921,-0.0354296900331974,0.0,0.8203409314155579,0.011589368805289268,0.9412524104118347,0.800000011920929,0.3934902250766754,-0.619420051574707,1.0000000|0.0000000|0.0000000|0.0000000|0.0000000|0.0000000|0.0000000|0.0000000|0.0000000|0.0000000,0,1.0,35.65796840968304,0,0,0,0,0,
cross_town,Town02,mixed,17,215,10.75,151.40260314941406,105.44043731689453,0.22167766094207764,179.96104431152344,1.5258785420708232e-05,500.13329088571624,3.0509436650674825e-06,0.0,5.326322183307752e-07,1.2359642093858256e-06,0.44297360199606084,0.06778013706207275,0.964055061340332,0.9171661138534546,0.0,0.9003409147262573,0.09158936887979507,0.9752715229988098,0.800000011920929,0.6186901330947876,1.8348746299743652,1.0000000|0.0000000|0.0000000|0.0000000|0.0000000|0.0000000|0.0000000|0.0000000|0.0000000|0.0000000,0,1.0,35.48241733550483,0,0,0,0,0,
cross_town,Town02,mixed,17,216,10.8,151.40260314941406,105.44043731689453,0.22167766094207764,179.96104431152344,1.5258785420708232e-05,500.13329088571624,3.0509436650674825e-06,0.0,5.326322183307752e-07,1.4076332941524445e-06,0.446375459610578,0.6114519238471985,0.10842657089233398,-0.03542963042855263,0.0,0.8203409314155579,0.011589368805289268,0.9412529468536377,0.800000011920929,0.39349275827407837,-0.6194194555282593,1.0000000|0.0000000|0.0000000|0.0000000|0.0000000|0.0000000|0.0000000|0.0000000|0.0000000|0.0000000,0,1.0,35.71078122214673,0,0,0,0,0,
cross_town,Town02,mixed,17,217,10.85,151.40260314941406,105.44043731689453,0.22167766094207764,179.96104431152344,1.5258785420708232e-05,500.13329088571624,3.0509436650674825e-06,0.0,5.326322183307752e-07,1.5793058937802956e-06,0.4429736019960607,0.06778013706207275,0.964055061340332,0.9171661734580994,0.0,0.9003409147262573,0.09158936887979507,0.9752715229988098,0.800000011920929,0.6186902523040771,1.8348747491836548,1.0000000|0.0000000|0.0000000|0.0000000|0.0000000|0.0000000|0.0000000|0.0000000|0.0000000|0.0000000,0,1.0,35.53603297841682,0,0,0,0,0,
cross_town,Town02,mixed,17,218,10.9,151.40260314941406,105.44043731689453,0.22167766094207764,179.96104431152344,1.5258785420708232e-05,500.13329088571624,3.0509436650674825e-06,0.0,5.326322183307752e-07,1.9226241122750657e-06,0.4463754715315069,0.6114519834518433,0.10842657089233398,-0.03542957082390785,0.0,0.8203409314155579,0.011589368805289268,0.9412528276443481,0.800000011920929,0.393492192029953,-0.6194194555282593,1.0000000|0.0000000|0.0000000|0.0000000|0.0000000|0.0000000|0.0000000|0.0000000|0.0000000|0.0000000,0,1.0,35.769234581391274,0,0,0,0,0,
cross_town,Town02,mixed,17,219,10.95,151.40260314941406,105.44043731689453,0.22167766094207764,179.96104431152344,1.5258785420708232e-05,500.13329088571624,3.0509436650674825e-06,0.0,5.326322183307752e-07,2.197282390018862e-06,0.44297361391698975,0.06778019666671753,0.964055061340332,0.9171661138534546,0.0,0.9003409147262573,0.09158936887979507,0.9752714037895203,0.800000011920929,0.6186891794204712,1.8348742723464966,1.0000000|0.0000000|0.0000000|0.0000000|0.0000000|0.0000000|0.0000000|0.0000000|0.0000000|0.0000000,0,1.0,35.6250094108157,0,0,0,0,0,
cross_town,Town02,mixed,17,220,11.0,151.40260314941406,105.44043731689453,0.22167766094207764,179.96104431152344,1.5258785420708232e-05,500.13329088571624,3.0509436650674825e-06,0.0,5.326322183307752e-07,1.3733437477948245e-07,0.44637541788732643,0.6114521622657776,0.10842645168304443,-0.035430580377578735,0.0,0.8203409314155579,0.011589368805289268,0.9412533640861511,0.800000011920929,0.3934946358203888,-0.6194204092025757,1.0000000|0.0000000|0.0000000|0.0000000|0.0000000|0.0000000|0.0000000|0.0000000|0.0000000|0.0000000,0,1.0,35.946934474663884,0,0,0,0,0,
cross_town,Town02,mixed,17,221,11.05,151.40260314941406,105.44043731689453,0.22167766094207764,179.96104431152344,1.5258785420708232e-05,500.13329088571624,3.0509436650674825e-06,0.0,5.326322183307752e-07,4.806549796026167e-07,0.44297365564024094,0.06778013706207275,0.9640551209449768,0.9171662330627441,0.0,0.9003409147262573,0.09158936887979507,0.9752709865570068,0.800000011920929,0.6186845302581787,1.8348749876022339,1.0000000|0.0000000|0.0000000|0.0000000|0.0000000|0.0000000|0.0000000|0.0000000|0.0000000|0.0000000,0,1.0,35.936372443091976,0,0,0,0,0,
cross_town,Town02,mixed,17,222,11.1,151.40260314941406,105.44043731689453,0.22167766094207764,179.96104431152344,1.5258785420708232e-05,500.13329088571624,3.0509436650674825e-06,0.0,5.326322183307752e-07,7.554580936842522e-07,0.4463755251756867,0.6114521026611328,0.10842657089233398,-0.03542951121926308,0.0,0.8203409314155579,0.011589368805289268,0.9412522912025452,0.800000011920929,0.3934897482395172,-0.6194196939468384,1.0000000|0.0000000|0.0000000|0.0000000|0.0000000|0.0000000|0.0000000|0.0000000|0.0000000|0.0000000,0,1.0,36.42590129069586,0,0,0,0,0,
cross_town,Town02,mixed,17,223,11.15,151.40260314941406,105.44043731689453,0.22167766094207764,179.96104431152344,1.5258785420708232e-05,500.13329088571624,3.0509436650674825e-06,0.0,5.326322183307752e-07,1.0299716812868093e-06,0.442973655640238,0.06778013706207275,0.9640551209449768,0.9171661734580994,0.0,0.9003409147262573,0.09158936887979507,0.9752709865570068,0.800000011920929,0.6186848878860474,1.8348746299743652,1.0000000|0.0000000|0.0000000|0.0000000|0.0000000|0.0000000|0.0000000|0.0000000|0.0000000|0.0000000,0,1.0,36.548150581875746,0,0,0,0,0,
cross_town,Town02,mixed,17,224,11.2,151.40260314941406,105.44043731689453,0.22167766094207764,179.96104431152344,1.5258785420708232e-05,500.13329088571624,3.0509436650674825e-06,0.0,5.326322183307752e-07,1.2016488878407033e-06,0.4463753880850035,0.6114519834518433,0.1084265410900116,-0.03542963042855263,0.0,0.8203409314155579,0.011589368805289268,0.941253662109375,0.800000011920929,0.39349621534347534,-0.6194194555282593,1.0000000|0.0000000|0.0000000|0.0000000|0.0000000|0.0000000|0.0000000|0.0000000|0.0000000|0.0000000,0,1.0,37.15719971327199,0,0,0,0,0,
cross_town,Town02,mixed,17,225,11.25,151.40260314941406,105.44043731689453,0.22167766094207764,179.96104431152344,1.5258785420708232e-05,500.13329088571624,3.0509436650674825e-06,0.0,5.326322183307752e-07,1.4791004049612616e-06,0.44297360199602887,0.06778019666671753,0.964055061340332,0.9171661734580994,0.0,0.9003409147262573,0.09158936887979507,0.9752715229988098,0.800000011920929,0.6186902523040771,1.8348745107650757,1.0000000|0.0000000|0.0000000|0.0000000|0.0000000|0.0000000|0.0000000|0.0000000|0.0000000|0.0000000,0,1.0,37.34606419455806,0,0,0,0,0,
cross_town,Town02,mixed,17,226,11.3,151.40260314941406,105.44043731689453,0.22167766094207764,179.96104431152344,1.5258785420708232e-05,500.13329088571624,3.0509436650674825e-06,0.0,5.326322183307752e-07,1.7852927982698416e-06,0.4463754596104561,0.6114519834518433,0.10842657089233398,-0.03542957082390785,0.0,0.8203409314155579,0.011589368805289268,0.9412529468536377,0.800000011920929,0.39349237084388733,-0.6194194555282593,1.0000000|0.0000000|0.0000000|0.0000000|0.0000000|0.0000000|0.0000000|0.0000000|0.0000000|0.0000000,0,1.0,38.03018232527887,0,0,0,0,0,
cross_town,Town02,mixed,17,227,11.35,151.40260314941406,105.44043731689453,0.22167766094207764,179.96104431152344,1.5258785420708232e-05,500.13329088571624,3.0509436650674825e-06,0.0,5.326322183307752e-07,2.096275235184327e-06,0.44297363179826477,0.06778022646903992,0.964055061340332,0.9171661734580994,0.0,0.9003409147262573,0.09158936887979507,0.9752712249755859,0.800000011920929,0.6186866760253906,1.8348743915557861,1.0000000|0.0000000|0.0000000|0.0000000|0.0000000|0.0000000|0.0000000|0.0000000|0.0000000|0.0000000,0,1.0,38.19503061953892,0,0,0,0,0,
cross_town,Town02,mixed,17,228,11.4,151.40260314941406,105.44043731689453,0.22167766094207764,179.96104431152344,1.5258785420708232e-05,500.13329088571624,3.0509436650674825e-06,0.0,5.326322183307752e-07,0.0,0.44637545364999187,0.6114521622657776,0.10842645168304443,-0.03543063998222351,0.0,0.8203409314155579,0.011589368805289268,0.9412530064582825,0.800000011920929,0.39349302649497986,-0.6194204092025757,1.0000000|0.0000000|0.0000000|0.0000000|0.0000000|0.0000000|0.0000000|0.0000000|0.0000000|0.0000000,0,1.0,38.84463814683829,0,0,0,0,0,
cross_town,Town02,mixed,17,229,11.45,151.40260314941406,105.44043731689453,0.22167766094207764,179.96104431152344,1.5258785420708232e-05,500.13329088571624,3.0509436650674825e-06,0.0,5.326322183307752e-07,3.4332585299399685e-07,0.4429736198774222,0.06778013706207275,0.964055061340332,0.9171662330627441,0.0,0.9003409147262573,0.09158936887979507,0.9752713441848755,0.800000011920929,0.6186882257461548,1.8348751068115234,1.0000000|0.0000000|0.0000000|0.0000000|0.0000000|0.0000000|0.0000000|0.0000000|0.0000000|0.0000000,0,1.0,38.93863087389596,0,0,0,0,0,
cross_town,Town02,mixed,17,230,11.5,151.40260314941406,105.44043731689453,0.22167766094207764,179.96104431152344,1.5258785420708232e-05,500.13329088571624,3.0509436650674825e-06,0.0,5.326322183307752e-07,6.866478719588858e-07,0.4463755013338294,0.6114521026611328,0.10842657089233398,-0.03542951121926308,0.0,0.8203409314155579,0.011589368805289268,0.9412525296211243,0.800000011920929,0.3934905230998993,-0.6194196939468384,1.0000000|0.0000000|0.0000000|0.0000000|0.0000000|0.0000000|0.0000000|0.0000000|0.0000000|0.0000000,0,1.0,39.544448313292015,0,0,0,0,0,
cross_town,Town02,mixed,17,231,11.55,151.40260314941406,105.44043731689453,0.22167766094207764,179.96104431152344,1.5258785420708232e-05,500.13329088571624,3.0509436650674825e-06,0.0,5.326322183307752e-07,9.61311257764031e-07,0.4429736317983832,0.06778007745742798,0.9640551805496216,0.9171661734580994,0.0,0.9003409147262573,0.09158936887979507,0.9752712249755859,0.800000011920929,0.6186869144439697,1.8348748683929443,1.0000000|0.0000000|0.0000000|0.0000000|0.0000000|0.0000000|0.0000000|0.0000000|0.0000000|0.0000000,0,1.0,39.56910485930507,0,0,0,0,0,
cross_town,Town02,mixed,17,232,11.6,151.40260314941406,105.44043731689453,0.22167766094207764,179.96104431152344,1.5258785420708232e-05,500.13329088571624,3.0509436650674825e-06,0.0,5.326322183307752e-07,1.201633755512773e-06,0.44637538808500415,0.6114519834518433,0.1084265410900116,-0.03542963042855263,0.0,0.8203409314155579,0.011589368805289268,0.941253662109375,0.800000011920929,0.39349621534347534,-0.6194194555282593,1.0000000|0.0000000|0.0000000|0.0000000|0.0000000|0.0000000|0.0000000|0.0000000|0.0000000|0.0000000,0,1.0,40.1720120767842,0,0,0,0,0,
cross_town,Town02,mixed,17,233,11.65,151.40260314941406,105.44043731689453,0.22167766094207764,179.96104431152344,1.5258785420708232e-05,500.13329088571624,3.0509436650674825e-06,0.0,5.326322183307752e-07,1.3733125414159937e-06,0.4429736019960608,0.06778019666671753,0.964055061340332,0.9171661734580994,0.0,0.9003409147262573,0.09158936887979507,0.9752715229988098,0.800000011920929,0.6186902523040771,1.8348745107650757,1.0000000|0.0000000|0.0000000|0.0000000|0.0000000|0.0000000|0.0000000|0.0000000|0.0000000|0.0000000,0,1.0,40.18121550995968,0,0,0,0,0,
cross_town,Town02,mixed,17,234,11.7,151.40260314941406,105.44043731689453,0.22167766094207764,179.96104431152344,1.5258785420708232e-05,500.13329088571624,3.0509436650674825e-06,0.0,5.326322183307752e-07,1.5793104845486207e-06,0.44637537616407524,0.6114519238471985,0.10842657089233398,-0.03542974963784218,0.0,0.8203409314155579,0.011589368805289268,0.9412537813186646,0.800000011920929,0.3934963345527649,-0.6194194555282593,1.0000000|0.0000000|0.0000000|0.0000000|0.0000000|0.0000000|0.0000000|0.0000000|0.0000000|0.0000000,0,1.0,40.778831924645154,0,0,0,0,0,
cross_town,Town02,mixed,17,235,11.75,151.40260314941406,105.44043731689453,0.22167766094207764,179.96104431152344,1.5258785420708232e-05,500.13329088571624,3.0509436650674825e-06,0.0,5.326322183307752e-07,1.9226293787491817e-06,0.4429736139169897,0.06778022646903992,0.964055061340332,0.9171661138534546,0.0,0.9003409147262573,0.09158936887979507,0.9752714037895203,0.800000011920929,0.6186889410018921,1.8348747491836548,1.0000000|0.0000000|0.0000000|0.0000000|0.0000000|0.0000000|0.0000000|0.0000000|0.0000000|0.0000000,0,1.0,40.774877015053576,0,0,0,0,0,
cross_town,Town02,mixed,17,236,11.8,151.40260314941406,105.44043731689453,0.22167766094207764,179.96104431152344,1.5258785420708232e-05,500.13329088571624,3.0509436650674825e-06,0.0,5.326322183307752e-07,2.1972841511455977e-06,0.44637545365011355,0.6114518642425537,0.10842639207839966,-0.03543063998222351,0.0,0.8203409314155579,0.011589368805289268,0.9412530064582825,0.800000011920929,0.39349299669265747,-0.6194206476211548,1.0000000|0.0000000|0.0000000|0.0000000|0.0000000|0.0000000|0.0000000|0.0000000|0.0000000|0.0000000,0,1.0,41.42483293558589,0,0,0,0,0,
cross_town,Town02,mixed,17,237,11.85,151.40260314941406,105.44043731689453,0.22167766094207764,179.96104431152344,1.5258785420708232e-05,500.13329088571624,3.0509436650674825e-06,0.0,5.326322183307752e-07,2.0599780198066728e-07,0.4429736139169896,0.06778028607368469,0.964055061340332,0.9171661138534546,0.0,0.9003409147262573,0.09158936887979507,0.9752714037895203,0.800000011920929,0.6186890006065369,1.8348737955093384,1.0000000|0.0000000|0.0000000|0.0000000|0.0000000|0.0000000|0.0000000|0.0000000|0.0000000|0.0000000,0,1.0,41.44197479354406,0,0,0,0,0,
cross_town,Town02,mixed,17,238,11.9,151.40260314941406,105.44043731689453,0.22167766094207764,179.96104431152344,1.5258785420708232e-05,500.13329088571624,3.0509436650674825e-06,0.0,5.326322183307752e-07,5.493189978547768e-07,0.4463753761640751,0.6114519238471985,0.10842663049697876,-0.035429272800683975,0.0,0.8203409314155579,0.011589368805289268,0.9412537813186646,0.800000011920929,0.3934963345527649,-0.6194196939468384,1.0000000|0.0000000|0.0000000|0.0000000|0.0000000|0.0000000|0.0000000|0.0000000|0.0000000|0.0000000,0,1.0,42.14719320053806,0,0,0,0,0,
cross_town,Town02,mixed,17,239,11.95,151.40260314941406,105.44043731689453,0.22167766094207764,179.96104431152344,1.5258785420708232e-05,500.13329088571624,3.0509436650674825e-06,0.0,5.326322183307752e-07,2.719161223805011e-07,0.44297360199599894,0.06778013706207275,0.964055061340332,0.9171661138534546,0.0,0.9003409147262573,0.09158936887979507,0.9752715229988098,0.800000011920929,0.6186906099319458,1.8348746299743652,1.0000000|0.0000000|0.0000000|0.0000000|0.0000000|0.0000000|0.0000000|0.0000000|0.0000000|0.0000000,0,1.0,42.18061044767278,0,0,0,0,0,
cross_town,Town02,mixed,17,240,12.0,151.40260314941406,105.44043731689453,0.22167766094207764,179.96104431152344,1.5258785420708232e-05,500.13329088571624,3.0509436650674825e-06,0.0,5.326322183307752e-07,1.1672995130499598e-06,0.44637554305683363,0.6114519834518433,0.1084265410900116,-0.03542974963784218,0.0,0.8203409314155579,0.011589368805289268,0.9412521123886108,0.800000011920929,0.3934890329837799,-0.619420051574707,1.0000000|0.0000000|0.0000000|0.0000000|0.0000000|0.0000000|0.0000000|0.0000000|0.0000000|0.0000000,0,1.0,42.93167341851568,0,0,0,0,0,
cross_town,Town02,mixed,17,241,12.05,151.40260314941406,105.44043731689453,0.22167766094207764,179.96104431152344,1.5258785420708232e-05,500.13329088571624,3.0509436650674825e-06,0.0,5.326322183307752e-07,1.4762896874546493e-06,0.44297363179832006,0.06778013706207275,0.964055061340332,0.9171661734580994,0.0,0.9003409147262573,0.09158936887979507,0.9752712249755859,0.800000011920929,0.6186873912811279,1.8348745107650757,1.0000000|0.0000000|0.0000000|0.0000000|0.0000000|0.0000000|0.0000000|0.0000000|0.0000000|0.0000000,0,1.0,42.96307781670709,0,0,0,0,0,
cross_town,Town02,mixed,17,242,12.1,151.40260314941406,105.44043731689453,0.22167766094207764,179.96104431152344,1.5258785420708232e-05,500.13329088571624,3.0509436650674825e-06,0.0,5.326322183307752e-07,1.6136723601976609e-06,0.4463754596105773,0.6114519834518433,0.10842657089233398,-0.03542957082390785,0.0,0.8203409314155579,0.011589368805289268,0.9412529468536377,0.800000011920929,0.39349237084388733,-0.6194194555282593,1.0000000|0.0000000|0.0000000|0.0000000|0.0000000|0.0000000|0.0000000|0.0000000|0.0000000|0.0000000,0,1.0,43.733030755869315,0,0,0,0,0,
cross_town,Town02,mixed,17,243,12.15,151.40260314941406,105.44043731689453,0.22167766094207764,179.96104431152344,1.5258785420708232e-05,500.13329088571624,3.0509436650674825e-06,0.0,5.326322183307752e-07,1.7853068226975541e-06,0.44297363179838084,0.06778022646903992,0.964055061340332,0.9171661138534546,0.0,0.9003409147262573,0.09158936887979507,0.9752712249755859,0.800000011920929,0.6186864972114563,1.8348747491836548,1.0000000|0.0000000|0.0000000|0.0000000|0.0000000|0.0000000|0.0000000|0.0000000|0.0000000|0.0000000,0,1.0,43.37744538611238,0,0,0,0,0,
cross_town,Town02,mixed,17,244,12.2,151.40260314941406,105.44043731689453,0.22167766094207764,179.96104431152344,1.5258785420708232e-05,500.13329088571624,3.0509436650674825e-06,0.0,5.326322183307752e-07,2.0599602688620776e-06,0.4463754834524347,0.6114519238471985,0.10842651128768921,-0.03542986884713173,0.0,0.8203409314155579,0.011589368805289268,0.9412527084350586,0.800000011920929,0.39349180459976196,-0.6194198131561279,1.0000000|0.0000000|0.0000000|0.0000000|0.0000000|0.0000000|0.0000000|0.0000000|0.0000000|0.0000000,0,1.0,43.86283696855948,0,0,0,0,0,
cross_town,Town02,mixed,17,245,12.25,151.40260314941406,105.44043731689453,0.22167766094207764,179.96104431152344,1.5258785420708232e-05,500.13329088571624,3.0509436650674825e-06,0.0,5.326322183307752e-07,6.867207296595394e-08,0.4429736198774539,0.06778022646903992,0.964055061340332,0.9171661138534546,0.0,0.9003409147262573,0.09158936887979507,0.9752713441848755,0.800000011920929,0.6186883449554443,1.8348742723464966,1.0000000|0.0000000|0.0000000|0.0000000|0.0000000|0.0000000|0.0000000|0.0000000|0.0000000|0.0000000,0,1.0,47.620663806143625,0,0,0,0,0,
cross_town,Town02,mixed,17,246,12.3,151.40260314941406,105.44043731689453,0.22167766094207764,179.96104431152344,1.5258785420708232e-05,500.13329088571624,3.0509436650674825e-06,0.0,5.326322183307752e-07,4.11990272475487e-07,0.44637540000593295,0.6114519238471985,0.10842663049697876,-0.035429272800683975,0.0,0.8203409314155579,0.011589368805289268,0.9412535429000854,0.800000011920929,0.3934955298900604,-0.6194196939468384,1.0000000|0.0000000|0.0000000|0.0000000|0.0000000|0.0000000|0.0000000|0.0000000|0.0000000|0.0000000,0,1.0,51.74389855139369,0,0,0,0,0,
cross_town,Town02,mixed,17,247,12.35,151.40260314941406,105.44043731689453,0.22167766094207764,179.96104431152344,1.5258785420708232e-05,500.13329088571624,3.0509436650674825e-06,0.0,5.326322183307752e-07,3.985529570143861e-07,0.4429735900750698,0.06778007745742798,0.9640551209449768,0.9171661734580994,0.0,0.9003409147262573,0.09158936887979507,0.9752716422080994,0.800000011920929,0.6186912059783936,1.8348746299743652,1.0000000|0.0000000|0.0000000|0.0000000|0.0000000|0.0000000|0.0000000|0.0000000|0.0000000|0.0000000,0,1.0,53.18157313591231,0,0,0,0,0,
cross_town,Town02,mixed,17,248,12.4,151.40260314941406,105.44043731689453,0.22167766094207764,179.96104431152344,1.5258785420708232e-05,500.13329088571624,3.0509436650674825e-06,0.0,5.326322183307752e-07,1.0299703500089621e-06,0.4463755013335822,0.6114521026611328,0.10842657089233398,-0.03542951121926308,0.0,0.8203409314155579,0.011589368805289268,0.9412525296211243,0.800000011920929,0.3934905230998993,-0.6194196939468384,1.0000000|0.0000000|0.0000000|0.0000000|0.0000000|0.0000000|0.0000000|0.0000000|0.0000000|0.0000000,0,1.0,55.22489999411793,0,0,0,0,0,
cross_town,Town02,mixed,17,249,12.45,151.40260314941406,105.44043731689453,0.22167766094207764,179.96104431152344,1.5258785420708232e-05,500.13329088571624,3.0509436650674825e-06,0.0,5.326322183307752e-07,1.2703001465997563e-06,0.4429736198773911,0.06778013706207275,0.964055061340332,0.9171661734580994,0.0,0.9003409147262573,0.09158936887979507,0.9752713441848755,0.800000011920929,0.61868816614151,1.8348745107650757,1.0000000|0.0000000|0.0000000|0.0000000|0.0000000|0.0000000|0.0000000|0.0000000|0.0000000|0.0000000,0,1.0,55.487618681055935,0,0,0,0,0,
cross_town,Town02,mixed,17,250,12.5,151.40260314941406,105.44043731689453,0.22167766094207764,179.96104431152344,1.5258785420708232e-05,500.13329088571624,3.0509436650674825e-06,0.0,5.326322183307752e-07,3.3418114438272e-07,0.44637545961051844,0.6114519238471985,0.10842657089233398,-0.03542963042855263,0.0,0.8203409314155579,0.011589368805289268,0.9412529468536377,0.800000011920929,0.39349275827407837,-0.6194194555282593,1.0000000|0.0000000|0.0000000|0.0000000|0.0000000|0.0000000|0.0000000|0.0000000|0.0000000|0.0000000,0,1.0,56.87617635945094,0,0,1,0,0,stuck
