protocol,town,weather,episode,t,sim_time_s,ego_x,ego_y,ego_z,ego_yaw_deg,route_s_m,route_remaining_m,route_completion_pct,cte_m,route_heading_rad,speed_kmh,reward,command_throttle,command_brake,command_steer,applied_throttle,applied_brake,applied_steer,sigma_bar,sigma_ale,sigma_epi,policy_entropy_proxy,attention,top_attention_index,top_attention_value,ttc_s,collision,off_route,timeout,red_light_violation,intervention,terminal_reason
cross_town,Town02,mixed,18,1,0.05,-7.449415683746338,208.91993713378906,0.15079757571220398,89.98705291748047,0.0,500.6872872837705,0.0,4.76837158203125e-07,2.663161087212984e-07,0.46652337312789754,0.4285284931203903,0.09657725691795349,0.7459291815757751,0.027440084144473076,0.0,0.07999999821186066,0.027440084144473076,1.0,0.2362009882926941,28.596200942993164,0.8438732624053955,0.5282753|0.3440022|0.0831027|0.0446199|0.0000000|0.0000000|0.0000000|0.0000000|0.0000000|0.0000000,0,0.5282752513885498,,0,0,0,0,0,
cross_town,Town02,mixed,18,2,0.1,-7.449415683746338,208.91993713378906,0.161112442612648,89.98705291748047,0.0,500.6872872837705,0.0,4.76837158203125e-07,2.663161087212984e-07,0.8584078967571331,0.4280232512330777,0.135470449924469,0.746165931224823,0.06170366704463959,0.0,0.1599999964237213,0.06170366704463959,1.0,0.23785632848739624,51.688377380371094,0.8414374589920044,0.5217181|0.3057136|0.0903535|0.0822147|0.0000000|0.0000000|0.0000000|0.0000000|0.0000000|0.0000000,0,0.5217181444168091,,0,0,0,0,0,
cross_town,Town02,mixed,18,3,0.15,-7.449415683746338,208.91993713378906,0.17358183860778809,89.98705291748047,0.0,500.6872872837705,0.0,4.76837158203125e-07,2.663161087212984e-07,0.8940892696380625,0.4217520429732182,0.1553773283958435,0.7574362754821777,-0.0418151393532753,0.0,0.23999999463558197,-0.01829633302986622,1.0,0.24167025089263916,5.450712203979492,1.1636452674865723,0.4888909|0.3013324|0.0916280|0.0782897|0.0398589|0.0000000|0.0000000|0.0000000|0.0000000|0.0000000,0,0.48889094591140747,,0,0,0,0,0,
cross_town,Town02,mixed,18,4,0.2,-7.449415683746338,208.91993713378906,0.1851729154586792,89.98705291748047,0.0,500.6872872837705,0.0,4.76837158203125e-07,2.663161087212984e-07,0.7842064619064376,0.4217520429763221,0.15483331680297852,0.7320162057876587,0.21765798330307007,0.0,0.3199999928474426,0.06170366704463959,1.0,0.25003018975257874,28.351638793945312,1.3351819515228271,0.8903047|0.1096953|0.0000000|0.0000000|0.0000000|0.0000000|0.0000000|0.0000000|0.0000000|0.0000000,0,0.890304684638977,,0,0,0,0,0,
cross_town,Town02,mixed,18,5,0.25,-7.449415683746338,208.91993713378906,0.19481006264686584,89.98705291748047,0.0,500.6872872837705,0.0,4.76837158203125e-07,2.663161087212984e-07,0.6321011245268763,0.42175222178322785,0.17563757300376892,0.7041813135147095,-0.11911124736070633,0.0,0.4000000059604645,-0.01829633302986622,0.9999982118606567,0.24132303893566132,3.5620453357696533,1.4587407112121582,0.4893743|0.3057218|0.0831239|0.0859784|0.0358017|0.0000000|0.0000000|0.0000000|0.0000000|0.0000000,0,0.4893742799758911,,0,0,0,0,0,
cross_town,Town02,mixed,18,6,0.3,-7.44941520690918,208.91993713378906,0.20233973860740662,89.98705291748047,0.0,500.6872872837705,0.0,0.0,2.663161087212984e-07,0.4844080746176076,0.42175217340401255,0.15107226371765137,0.4612742066383362,0.23367391526699066,0.0,0.4612742066383362,0.06170366704463959,0.9999997615814209,0.2408328652381897,4.092300891876221,1.6558839082717896,0.5036516|0.2958271|0.0840369|0.0756682|0.0408163|0.0000000|0.0000000|0.0000000|0.0000000|0.0000000,0,0.5036515593528748,,0,0,0,0,0,
cross_town,Town02,mixed,18,7,0.35,-7.44941520690918,208.91993713378906,0.20799343287944794,89.98705291748047,0.0,500.6872872837705,0.0,0.0,2.663161087212984e-07,0.35894482433801683,0.4217521495843315,0.21205851435661316,0.575069010257721,-0.17942745983600616,0.0,0.5412741899490356,-0.01829633302986622,1.0,0.23861339688301086,6.587975978851318,1.6798020601272583,0.5053384|0.3157055|0.0920399|0.0869162|0.0000000|0.0000000|0.0000000|0.0000000|0.0000000|0.0000000,0,0.5053383708000183,,0,0,0,0,0,
cross_town,Town02,mixed,18,8,0.4,-7.44941520690918,208.91993713378906,0.21212264895439148,89.98705291748047,0.0,500.6872872837705,0.0,0.0,2.663161087212984e-07,0.25964359939100207,0.42175868225047575,0.15099209547042847,0.30738505721092224,0.317126989364624,0.0,0.4612741768360138,0.06170366704463959,0.9999346733093262,0.241568922996521,2.667536497116089,1.5489014387130737,0.4878269|0.3051825|0.0875212|0.0789399|0.0405295|0.0000000|0.0000000|0.0000000|0.0000000|0.0000000,0,0.4878268539905548,,0,0,0,0,0,
cross_town,Town02,mixed,18,9,0.45,-7.44941520690918,208.91993713378906,0.21507754921913147,89.98705291748047,0.0,500.6872872837705,0.0,0.0,2.663161087212984e-07,0.18444894254277022,0.42175214958482676,0.2077564299106598,0.5841754674911499,-0.16505832970142365,0.0,0.5412741899490356,-0.01829633302986622,1.0,0.2359331101179123,5.73766565322876,1.6105737686157227,0.5486566|0.3234116|0.0879425|0.0399895|0.0000000|0.0000000|0.0000000|0.0000000|0.0000000|0.0000000,0,0.5486565828323364,,0,0,0,0,0,
cross_town,Town02,mixed,18,10,0.5,-7.44941520690918,208.91993713378906,0.2171591967344284,89.98705291748047,0.0,500.6872872837705,0.0,0.0,2.663161087212984e-07,0.12918987125184905,0.4218132736806334,0.12791359424591064,0.2970956563949585,0.3219863474369049,0.0,0.4612741768360138,0.06170366704463959,0.9994722008705139,0.2642940878868103,2.122274875640869,1.6417032480239868,0.6133168|0.1646513|0.1448375|0.0771945|0.0000000|0.0000000|0.0000000|0.0000000|0.0000000|0.0000000,0,0.6133167743682861,,0,0,0,0,0,
cross_town,Town02,mixed,18,11,0.55,-7.44941520690918,208.91993713378906,0.21860744059085846,89.98705291748047,0.0,500.6872872837705,0.0,0.0,2.663161087212984e-07,0.08946228548936991,0.4337106823580551,0.192524254322052,0.5963271260261536,0.08727908879518509,0.0,0.5412741899490356,0.08727908879518509,0.9500657320022583,0.30053770542144775,0.9359181523323059,1.8833080530166626,0.4346453|0.3719156|0.1934391|0.0000000|0.0000000|0.0000000|0.0000000|0.0000000|0.0000000|0.0000000,0,0.43464532494544983,,0,0,0,0,0,
cross_town,Town02,mixed,18,12,0.6,-7.44941520690918,208.91993713378906,0.21960493922233582,89.98705291748047,0.0,500.6872872837705,0.0,0.0,2.663161087212984e-07,0.06137999296427335,0.42220884408638093,0.303753137588501,0.6184459924697876,-0.41375333070755005,0.0,0.6184459924697876,0.007279088720679283,0.9972027540206909,0.23762820661067963,1.7314469814300537,1.6189017295837402,0.5229422|0.3094354|0.0923064|0.0753160|0.0000000|0.0000000|0.0000000|0.0000000|0.0000000|0.0000000,0,0.5229422450065613,207.7599586060506,0,0,0,0,0,
cross_town,Town02,mixed,18,13,0.65,-7.44941520690918,208.91993713378906,0.22028613090515137,89.98705291748047,0.0,500.6872872837705,0.0,0.0,2.663161087212984e-07,0.04177767522641469,0.4222183159331242,0.19581973552703857,0.40920019149780273,0.14449818432331085,0.0,0.5384460091590881,0.08727908879518509,0.998519241809845,0.2414010763168335,1.8870255947113037,1.396329641342163,0.4966885|0.2985952|0.0904373|0.0749839|0.0392950|0.0000000|0.0000000|0.0000000|0.0000000|0.0000000,0,0.49668851494789124,76.04236990618534,0,0,0,0,0,
cross_town,Town02,mixed,18,14,0.7,-7.44941520690918,208.91993713378906,0.22074805200099945,89.98705291748047,0.0,500.6872872837705,0.0,0.0,2.663161087212984e-07,0.02825072519545593,0.42228820886343515,0.29411402344703674,0.6331886053085327,-0.4018048346042633,0.0,0.6184459924697876,0.007279088720679283,0.9994891881942749,0.2418248951435089,2.1529507637023926,1.617566466331482,0.4920828|0.3014527|0.0868636|0.0789565|0.0406445|0.0000000|0.0000000|0.0000000|0.0000000|0.0000000,0,0.49208277463912964,48.57494659521377,0,0,0,0,0,
cross_town,Town02,mixed,18,15,0.75,-7.44941520690918,208.91993713378906,0.22105933725833893,89.98705291748047,0.0,500.6872872837705,0.0,0.0,2.663161087212984e-07,0.018989387713868905,0.4259547164991346,0.16027870774269104,0.38537102937698364,0.08482199907302856,0.0,0.5384460091590881,0.08482199907302856,0.9693657159805298,0.2643967568874359,1.0992341041564941,1.5732557773590088,0.6098112|0.1567700|0.1600479|0.0733709|0.0000000|0.0000000|0.0000000|0.0000000|0.0000000|0.0000000,0,0.6098111867904663,35.75116931135382,0,0,0,0,0,
cross_town,Town02,mixed,18,16,0.8,-7.44941520690918,208.91993713378906,0.22126799821853638,89.98705291748047,0.0,500.6872872837705,0.0,0.0,2.663161087212984e-07,0.012704177389196427,0.42286506104446636,0.3000324070453644,0.6507223844528198,-0.3567482829093933,0.0,0.6184459924697876,0.0048219989985227585,0.9977145195007324,0.23945870995521545,1.7802650928497314,1.6061124801635742,0.4999346|0.3230633|0.0891564|0.0878457|0.0000000|0.0000000|0.0000000|0.0000000|0.0000000|0.0000000,0,0.4999346435070038,29.057171469821693,0,0,0,0,0,
cross_town,Town02,mixed,18,17,0.85,-7.44941520690918,208.91993713378906,0.2214072048664093,89.98705291748047,0.0,500.6872872837705,0.0,0.0,2.663161087212984e-07,0.008462356041688185,0.4228643589846037,0.18660596013069153,0.42476212978363037,0.22960814833641052,0.0,0.5384460091590881,0.08482199907302856,0.9999996423721313,0.24255439639091492,4.011068820953369,1.3832015991210938,0.4926231|0.2980660|0.0893087|0.0823187|0.0376834|0.0000000|0.0000000|0.0000000|0.0000000|0.0000000,0,0.49262312054634094,24.71490037733561,0,0,0,0,0,
cross_town,Town02,mixed,18,18,0.9,-7.44941520690918,208.91993713378906,0.2214072048664093,89.98705291748047,0.0,500.6872872837705,0.0,0.0,2.663161087212984e-07,0.0,0.4294731969451685,0.4074684679508209,0.2745834290981293,0.0517105795443058,0.0,0.4584459960460663,0.0517105795443058,1.0,0.252901554107666,16.83760643005371,1.156819462776184,0.7905135|0.2094865|0.0000000|0.0000000|0.0000000|0.0000000|0.0000000|0.0000000|0.0000000|0.0000000,0,0.7905134558677673,21.525049941075793,0,0,0,0,0,
cross_town,Town02,mixed,18,19,0.95,-7.44941520690918,208.91993713378906,0.22150881588459015,89.98705291748047,0.0,500.6872872837705,0.0,0.0,2.663161087212984e-07,0.0021905707895238545,0.4233700599589519,0.18590760231018066,0.6311110854148865,-0.029336076229810715,0.0,0.5384460091590881,-0.028289420530200005,0.9999886751174927,0.2350517213344574,3.11198091506958,1.6577188968658447,0.5424541|0.3588500|0.0986960|0.0000000|0.0000000|0.0000000|0.0000000|0.0000000|0.0000000|0.0000000,0,0.5424540638923645,19.16085893365694,0,0,0,0,0,
cross_town,Town02,mixed,18,20,1.0,-7.44941520690918,208.91993713378906,0.22154201567173004,89.98705291748047,0.0,500.6872872837705,0.0,0.0,2.663161087212984e-07,0.0024231032248352028,0.4239514583181917,0.13730138540267944,0.332943856716156,0.4343917965888977,0.0,0.4584459960460663,0.0517105795443058,0.9969218373298645,0.2390817403793335,1.706007719039917,1.5923194885253906,0.5133619|0.3521520|0.0902450|0.0442412|0.0000000|0.0000000|0.0000000|0.0000000|0.0000000|0.0000000,0,0.5133618712425232,17.3289636726601,0,0,0,0,0,
cross_town,Town02,mixed,18,21,1.05,-7.44941520690918,208.91993713378906,0.22157397866249084,89.98705291748047,0.0,500.6872872837705,0.0,0.0,2.663161087212984e-07,0.0021799963899024164,0.4313150771646742,0.18628183007240295,0.5973639488220215,0.03597619757056236,0.0,0.5384460091590881,0.03597619757056236,0.9999996423721313,0.2396669089794159,3.989846706390381,1.7359111309051514,0.5144805|0.3476550|0.0919914|0.0458731|0.0000000|0.0000000|0.0000000|0.0000000|0.0000000|0.0000000,0,0.5144805312156677,15.872930754601411,0,0,0,0,0,
cross_town,Town02,mixed,18,22,1.1,-7.44941520690918,208.91993713378906,0.22160102427005768,89.98705291748047,0.0,500.6872872837705,0.0,0.0,2.663161087212984e-07,0.0017813643907125174,0.424538710331334,0.1980890929698944,0.4581550359725952,0.14528603851795197,0.0,0.4584459960460663,0.11597619950771332,0.9969479441642761,0.2403525859117508,1.706862449645996,1.6950416564941406,0.4912105|0.3726247|0.0933182|0.0428466|0.0000000|0.0000000|0.0000000|0.0000000|0.0000000|0.0000000,0,0.4912104904651642,14.681886024697446,0,0,0,0,0,
cross_town,Town02,mixed,18,23,1.15,-7.44941520690918,208.91993713378906,0.22162239253520966,89.98705291748047,0.0,500.6872872837705,0.0,0.0,2.663161087212984e-07,0.0013751448831965853,0.4245470521710034,0.20288324356079102,0.8449819087982178,-0.2867738902568817,0.0,0.5384460091590881,0.03597620129585266,0.9999991655349731,0.2451583594083786,3.741240978240967,1.667105793952942,0.4642159|0.3244720|0.0840790|0.0854084|0.0418248|0.0000000|0.0000000|0.0000000|0.0000000|0.0000000,0,0.4642159342765808,13.687580779741296,0,0,0,0,0,
cross_town,Town02,mixed,18,24,1.2,-7.44941520690918,208.91993713378906,0.2216385155916214,89.98705291748047,0.0,500.6872872837705,0.0,0.0,2.663161087212984e-07,0.001023719772770022,0.42487165693359036,0.1896173357963562,0.37130388617515564,0.3952432870864868,0.0,0.4584459960460663,0.11597619950771332,1.0,0.24816811084747314,5.32210111618042,1.74750816822052,0.6774769|0.1317082|0.1300503|0.0607646|0.0000000|0.0000000|0.0000000|0.0000000|0.0000000|0.0000000,0,0.6774768829345703,12.843880997063202,0,0,0,0,0,
cross_town,Town02,mixed,18,25,1.25,-7.44941520690918,208.91993713378906,0.22165034711360931,89.98705291748047,0.0,500.6872872837705,0.0,0.0,2.663161087212984e-07,0.000744667032310479,0.4252067595904157,0.20528042316436768,0.8303439617156982,-0.26285240054130554,0.0,0.5384460091590881,0.03597620129585266,1.0,0.24339145421981812,5.365710258483887,1.662216305732727,0.4734664|0.3392053|0.0948168|0.0925116|0.0000000|0.0000000|0.0000000|0.0000000|0.0000000|0.0000000,0,0.4734663665294647,12.118200849527298,0,0,0,0,0,
cross_town,Town02,mixed,18,26,1.3,-7.44941520690918,208.91993713378906,0.221658855676651,89.98705291748047,0.0,500.6872872837705,0.0,0.0,2.663161087212984e-07,0.0005318413097274184,0.4286385894239785,0.2163507342338562,0.3671378493309021,-0.025889595970511436,0.0,0.4584459960460663,-0.025889595970511436,1.0,0.26415735483169556,7.919215202331543,1.6889163255691528,0.5952563|0.1808062|0.1508882|0.0730493|0.0000000|0.0000000|0.0000000|0.0000000|0.0000000|0.0000000,0,0.5952562689781189,11.486748533284754,0,0,0,0,0,
cross_town,Town02,mixed,18,27,1.35,-7.44941520690918,208.91993713378906,0.22166137397289276,89.98705291748047,0.0,500.6872872837705,0.0,0.0,2.663161087212984e-07,0.0001640052854409196,0.4259048779313134,0.12328702211380005,0.32382938265800476,0.40158772468566895,0.0,0.37844598293304443,0.05411040410399437,1.0,0.23890940845012665,7.85794734954834,1.721853256225586,0.8135265|0.1864735|0.0000000|0.0000000|0.0000000|0.0000000|0.0000000|0.0000000|0.0000000|0.0000000,0,0.8135265111923218,10.931748743668924,0,0,0,0,0,
cross_town,Town02,mixed,18,28,1.4,-7.44941520690918,208.91993713378906,0.2216641902923584,89.98705291748047,0.0,500.6872872837705,0.0,0.0,2.663161087212984e-07,0.0002209625265568782,0.42951713244977047,0.16830569505691528,0.5914903283119202,-0.006641613785177469,0.0,0.4584459960460663,-0.006641613785177469,1.0,0.24419182538986206,6.913896083831787,1.7209744453430176,0.4991976|0.3490309|0.1001047|0.0516668|0.0000000|0.0000000|0.0000000|0.0000000|0.0000000|0.0000000,0,0.4991976320743561,10.43961136163492,0,0,0,0,0,
cross_town,Town02,mixed,18,29,1.45,-7.44941520690918,208.91993713378906,0.22166724503040314,89.98705291748047,0.0,500.6872872837705,0.0,0.0,2.663161087212984e-07,0.00021368407474987486,0.4266335265290203,0.11999881267547607,0.2849665880203247,0.4087706506252289,0.0,0.37844598293304443,0.07335838675498962,1.0,0.2954460680484772,53.81835174560547,2.016751289367676,1.0000000|0.0000000|0.0000000|0.0000000|0.0000000|0.0000000|0.0000000|0.0000000|0.0000000|0.0000000,0,1.0,9.999776096547047,0,0,0,0,0,
cross_town,Town02,mixed,18,30,1.5,-7.44941520690918,208.91993713378906,0.22166995704174042,89.98705291748047,0.0,500.6872872837705,0.0,0.0,2.663161087212984e-07,0.00017969514354876216,0.43399520703562505,0.20832473039627075,0.6224137544631958,0.04942139983177185,0.0,0.4584459960460663,0.04942139983177185,1.0,0.2632874846458435,9.07292366027832,1.5464316606521606,0.6001625|0.1794601|0.1471185|0.0732589|0.0000000|0.0000000|0.0000000|0.0000000|0.0000000|0.0000000,0,0.6001625061035156,9.603909321687318,0,0,0,0,0,
cross_town,Town02,mixed,18,31,1.55,-7.44941520690918,208.91993713378906,0.22167213261127472,89.98705291748047,0.0,500.6872872837705,0.0,0.0,2.663161087212984e-07,0.00014220428423444546,0.48408119130352534,0.2180754542350769,0.5223470330238342,0.08331095427274704,0.0,0.5223470330238342,0.08331095427274704,0.4958534836769104,0.2507745921611786,0.24507875740528107,1.4555671215057373,0.8777552|0.1222448|0.0000000|0.0000000|0.0000000|0.0000000|0.0000000|0.0000000|0.0000000|0.0000000,0,0.8777551651000977,9.245234177801418,0,0,0,0,0,
cross_town,Town02,mixed,18,32,1.6,-7.44941520690918,208.91993713378906,0.22167380154132843,89.98705291748047,0.0,500.6872872837705,0.0,0.0,2.663161087212984e-07,0.00010979461518693153,0.42771327087750943,0.28506386280059814,0.5748986005783081,-0.021757308393716812,0.0,0.5748986005783081,0.003310954198241234,0.9999867677688599,0.2583463788032532,3.0507895946502686,2.00968337059021,0.5924167|0.1876759|0.1455458|0.0743617|0.0000000|0.0000000|0.0000000|0.0000000|0.0000000|0.0000000,0,0.5924167037010193,8.924219786301279,0,0,0,0,0,
cross_town,Town02,mixed,18,33,1.65,-7.44941520690918,208.91993713378906,0.2216750681400299,89.98705291748047,0.0,500.6872872837705,0.0,0.0,2.663161087212984e-07,7.803736934011719e-05,0.42804328712018347,0.18816524744033813,0.3304421007633209,0.32556185126304626,0.0,0.49489858746528625,0.08331095427274704,0.9999979734420776,0.2942782938480377,3.479114532470703,1.5801630020141602,0.4905103|0.3334728|0.1760169|0.0000000|0.0000000|0.0000000|0.0000000|0.0000000|0.0000000|0.0000000,0,0.4905102849006653,9.003282802962648,0,0,0,0,0,
cross_town,Town02,mixed,18,34,1.7,-7.44941520690918,208.91993713378906,0.2216750681400299,89.98705291748047,0.0,500.6872872837705,0.0,0.0,2.663161087212984e-07,5.795288020041632e-05,0.4283641595098514,0.19039273262023926,0.5690608024597168,0.18644696474075317,0.0,0.5690608024597168,0.1633109599351883,0.9999651908874512,0.25447365641593933,2.8121893405914307,2.0622925758361816,0.7209464|0.1831188|0.0959348|0.0000000|0.0000000|0.0000000|0.0000000|0.0000000|0.0000000|0.0000000,0,0.7209464311599731,8.977085442126723,0,0,0,0,0,
cross_town,Town02,mixed,18,35,1.75,-7.44941520690918,208.91993713378906,0.22167640924453735,89.98705291748047,0.0,500.6872872837705,0.0,0.0,2.663161087212984e-07,9.065315113988665e-06,0.42872293139164425,0.3535152077674866,0.8280227184295654,-0.11967271566390991,0.0,0.6490607857704163,0.08331096172332764,0.9994357228279114,0.25364798307418823,2.1162030696868896,1.6593666076660156,0.3777767|0.3499639|0.1321808|0.0931238|0.0469548|0.0000000|0.0000000|0.0000000|0.0000000|0.0000000,0,0.37777671217918396,9.007786025460872,0,0,0,0,0,
cross_town,Town02,mixed,18,36,1.8,-7.44941520690918,208.91993713378906,0.22167640924453735,89.98705291748047,0.0,500.6872872837705,0.0,0.0,2.663161087212984e-07,2.2316018580653452e-05,0.4291640852443579,0.7570422887802124,0.6021572351455688,-0.3353240191936493,0.0,0.5690608024597168,0.0033109616488218307,0.9979853630065918,0.250779390335083,1.8005462884902954,1.1969797611236572,0.4051324|0.3576579|0.1414926|0.0957170|0.0000000|0.0000000|0.0000000|0.0000000|0.0000000|0.0000000,0,0.4051324129104614,8.82102724496644,0,0,0,0,0,
cross_town,Town02,mixed,18,37,1.85,-7.44941520690918,208.91993713378906,0.22167640924453735,89.98705291748047,0.0,500.6872872837705,0.0,0.0,2.663161087212984e-07,1.9157409841002634e-05,0.4292501275792104,0.1656402051448822,0.34177595376968384,0.4901718199253082,0.0,0.48906078934669495,0.08331096172332764,0.9999980926513672,0.26128461956977844,3.5269432067871094,1.5967278480529785,0.5799184|0.2070825|0.1363148|0.0766843|0.0000000|0.0000000|0.0000000|0.0000000|0.0000000|0.0000000,0,0.579918384552002,8.816479727704408,0,0,0,0,0,
cross_town,Town02,mixed,18,38,1.9,-7.44941520690918,208.91993713378906,0.22167640924453735,89.98705291748047,0.0,500.6872872837705,0.0,0.0,2.663161087212984e-07,1.9294741290846925e-05,0.43044217437562105,0.25031453371047974,0.587017834186554,-0.3344501852989197,0.0,0.5690608024597168,0.0033109616488218307,0.990869402885437,0.2586152255535126,1.4131205081939697,1.8012468814849854,0.7270908|0.1743528|0.0985564|0.0000000|0.0000000|0.0000000|0.0000000|0.0000000|0.0000000|0.0000000,0,0.7270907759666443,8.81786140360594,0,0,0,0,0,
cross_town,Town02,mixed,18,39,1.95,-7.44941520690918,208.91993713378906,0.22167640924453735,89.98705291748047,0.0,500.6872872837705,0.0,0.0,2.663161087212984e-07,1.8676935460541364e-05,0.4296211720404661,0.13179922103881836,0.33986806869506836,0.13915181159973145,0.0,0.48906078934669495,0.08331096172332764,1.0,0.25768864154815674,11.744683265686035,1.7620787620544434,0.6480748|0.2613338|0.0905914|0.0000000|0.0000000|0.0000000|0.0000000|0.0000000|0.0000000|0.0000000,0,0.6480748057365417,8.719533640811829,0,0,0,0,0,
cross_town,Town02,mixed,18,40,2.0,-7.44941520690918,208.91993713378906,0.22167754173278809,89.98705291748047,0.0,500.6872872837705,0.0,0.0,2.663161087212984e-07,1.6480042483835482e-05,0.4301147402221636,0.24464479088783264,0.6250118017196655,-0.3576892912387848,0.0,0.5690608024597168,0.0033109616488218307,0.9950643181800842,0.25976985692977905,1.5668078660964966,1.842287302017212,0.7127399|0.1725262|0.1147339|0.0000000|0.0000000|0.0000000|0.0000000|0.0000000|0.0000000|0.0000000,0,0.712739884853363,8.534648178951096,0,0,0,0,0,
cross_town,Town02,mixed,18,41,2.05,-7.44941520690918,208.91993713378906,0.22167754173278809,89.98705291748047,0.0,500.6872872837705,0.0,0.0,2.663161087212984e-07,8.17124504949855e-06,0.4296239257745236,0.1727624237537384,0.3356368839740753,0.42960530519485474,0.0,0.48906078934669495,0.08331096172332764,0.9999724626541138,0.2600926160812378,2.86519193649292,1.573735237121582,0.5795236|0.2741150|0.1463613|0.0000000|0.0000000|0.0000000|0.0000000|0.0000000|0.0000000|0.0000000,0,0.5795236229896545,8.460480927416912,0,0,0,0,0,
cross_town,Town02,mixed,18,42,2.1,-7.44941520690918,208.91993713378906,0.22167754173278809,89.98705291748047,0.0,500.6872872837705,0.0,0.0,2.663161087212984e-07,7.20977802931466e-06,0.4296227694447894,0.2373102307319641,0.7121678590774536,-0.2529768943786621,0.0,0.5690608024597168,0.0033109616488218307,0.9999840259552002,0.2566510736942291,3.0050272941589355,1.6791746616363525,0.3533581|0.3385029|0.1714200|0.0883498|0.0483691|0.0000000|0.0000000|0.0000000|0.0000000|0.0000000,0,0.3533581495285034,8.487900341234084,0,0,0,0,0,
cross_town,Town02,mixed,18,43,2.15,-7.44941520690918,208.91993713378906,0.22167754173278809,89.98705291748047,0.0,500.6872872837705,0.0,0.0,2.663161087212984e-07,3.641267024635997e-06,0.4296211839614146,0.1679832935333252,0.39038190245628357,0.2879374921321869,0.0,0.48906078934669495,0.08331096172332764,0.9999998807907104,0.25398343801498413,4.184542179107666,1.6156253814697266,0.3798957|0.3399946|0.1871395|0.0929701|0.0000000|0.0000000|0.0000000|0.0000000|0.0000000|0.0000000,0,0.37989574670791626,8.41078178936849,0,0,0,0,0,
cross_town,Town02,mixed,18,44,2.2,-7.44941520690918,208.91993713378906,0.22167754173278809,89.98705291748047,0.0,500.6872872837705,0.0,0.0,2.663161087212984e-07,2.0599376017187806e-06,0.4296211720402819,0.25599217414855957,0.6651913523674011,-0.12074574828147888,0.0,0.5690608024597168,0.0033109616488218307,1.0,0.26142454147338867,5.190985679626465,1.8584116697311401,0.5598820|0.3004614|0.1396567|0.0000000|0.0000000|0.0000000|0.0000000|0.0000000|0.0000000|0.0000000,0,0.5598819851875305,8.13830591853184,0,0,0,0,0,
cross_town,Town02,mixed,18,45,2.25,-7.44941520690918,208.91993713378906,0.22167754173278809,89.98705291748047,0.0,500.6872872837705,0.0,0.0,2.663161087212984e-07,4.7035221945784996e-06,0.4296211720404503,0.15989452600479126,0.3840005099773407,0.2854052186012268,0.0,0.48906078934669495,0.08331096172332764,1.0,0.25368788838386536,4.631145000457764,1.6157302856445312,0.3985294|0.3425255|0.2015638|0.0573814|0.0000000|0.0000000|0.0000000|0.0000000|0.0000000|0.0000000,0,0.39852938055992126,8.1760499437671,0,0,0,0,0,
cross_town,Town02,mixed,18,46,2.3,-7.44941520690918,208.91993713378906,0.22167754173278809,89.98705291748047,0.0,500.6872872837705,0.0,0.0,2.663161087212984e-07,7.382472340947184e-06,0.4296211720404506,0.23720601201057434,0.7126391530036926,-0.26467472314834595,0.0,0.5690608024597168,0.0033109616488218307,1.0,0.25430727005004883,5.22858190536499,1.5754610300064087,0.3943745|0.3193886|0.1991401|0.0870968|0.0000000|0.0000000|0.0000000|0.0000000|0.0000000|0.0000000,0,0.39437445998191833,8.12188336778373,0,0,0,0,0,
cross_town,Town02,mixed,18,47,2.35,-7.44941520690918,208.91993713378906,0.22167754173278809,89.98705291748047,0.0,500.6872872837705,0.0,0.0,2.663161087212984e-07,5.567216434173758e-06,0.4296212435660734,0.17148178815841675,0.3422485291957855,0.44742292165756226,0.0,0.48906078934669495,0.08331096172332764,0.9999992847442627,0.2676789164543152,3.768240451812744,1.5951939821243286,0.4712745|0.3076139|0.1388696|0.0822419|0.0000000|0.0000000|0.0000000|0.0000000|0.0000000|0.0000000,0,0.4712744951248169,8.035203176692818,0,0,0,0,0,
cross_town,Town02,mixed,18,48,2.4,-7.44941520690918,208.91993713378906,0.22167754173278809,89.98705291748047,0.0,500.6872872837705,0.0,0.0,2.663161087212984e-07,5.493167666338706e-06,0.4296239257745937,0.23922687768936157,0.7077665328979492,-0.24293823540210724,0.0,0.5690608024597168,0.0033109616488218307,0.9999724626541138,0.2585224211215973,2.866445541381836,1.6703122854232788,0.3572664|0.3008286|0.1979091|0.0862186|0.0577773|0.0000000|0.0000000|0.0000000|0.0000000|0.0000000,0,0.3572664260864258,8.004343060958314,0,0,0,0,0,
cross_town,Town02,mixed,18,49,2.45,-7.44941520690918,208.91993713378906,0.22167754173278809,89.98705291748047,0.0,500.6872872837705,0.0,0.0,2.663161087212984e-07,6.7634594693311145e-06,0.4296211720402787,0.15270614624023438,0.4220191240310669,0.5233033299446106,0.0,0.48906078934669495,0.08331096172332764,1.0,0.2685880661010742,11.289788246154785,1.7017176151275635,0.6813892|0.1967678|0.1218430|0.0000000|0.0000000|0.0000000|0.0000000|0.0000000|0.0000000|0.0000000,0,0.6813892126083374,8.165643031592587,0,0,0,0,0,
cross_town,Town02,mixed,18,50,2.5,-7.44941520690918,208.91993713378906,0.22167754173278809,89.98705291748047,0.0,500.6872872837705,0.0,0.0,2.663161087212984e-07,4.909516865525101e-06,0.42962496149952434,0.23290839791297913,0.6601724028587341,-0.17942214012145996,0.0,0.5690608024597168,0.0033109616488218307,0.9999997615814209,0.26798030734062195,4.015023231506348,1.903387188911438,0.4587824|0.3269270|0.1327948|0.0814958|0.0000000|0.0000000|0.0000000|0.0000000|0.0000000|0.0000000,0,0.4587824046611786,9.659644546336006,0,0,0,0,0,
cross_town,Town02,mixed,18,51,2.55,-7.44941520690918,208.91993713378906,0.22167754173278809,89.98705291748047,0.0,500.6872872837705,0.0,0.0,2.663161087212984e-07,2.888825493913563e-06,0.4296566457995214,0.13602674007415771,0.3472428321838379,0.12340138852596283,0.0,0.48906078934669495,0.08331096172332764,1.0,0.2566145658493042,12.13764762878418,1.7557697296142578,0.5358032|0.3299187|0.1342781|0.0000000|0.0000000|0.0000000|0.0000000|0.0000000|0.0000000|0.0000000,0,0.5358031988143921,11.847426307199962,0,0,0,0,0,
cross_town,Town02,mixed,18,52,2.6,-7.44941520690918,208.91993713378906,0.22167754173278809,89.98705291748047,0.0,500.6872872837705,0.0,0.0,2.663161087212984e-07,3.4377864158867006e-08,0.42972057145253784,0.1815384030342102,0.6622060537338257,0.22910159826278687,0.0,0.5690608024597168,0.1633109599351883,1.0,0.27233877778053284,4.789271354675293,2.0219931602478027,0.6499034|0.2070467|0.1430499|0.0000000|0.0000000|0.0000000|0.0000000|0.0000000|0.0000000|0.0000000,0,0.649903416633606,14.701093225196791,0,0,0,0,0,
cross_town,Town02,mixed,18,53,2.65,-7.44941520690918,208.91993713378906,0.22167754173278809,89.98705291748047,0.0,500.6872872837705,0.0,0.0,2.663161087212984e-07,6.8710937614264e-08,0.4345032102559207,0.44820305705070496,0.7769662141799927,-0.39510372281074524,0.0,0.6490607857704163,0.08331096172332764,0.9531306028366089,0.27993619441986084,0.9731605648994446,1.7698484659194946,0.5878720|0.2585774|0.1535506|0.0000000|0.0000000|0.0000000|0.0000000|0.0000000|0.0000000|0.0000000,0,0.5878720283508301,14.197672582508188,0,0,0,0,0,
cross_town,Town02,mixed,18,54,2.7,-7.44941520690918,208.91993713378906,0.22167754173278809,89.98705291748047,0.0,500.6872872837705,0.0,0.0,2.663161087212984e-07,1.0463970576222836e-07,0.4320897409396864,0.3609868288040161,0.6847928166389465,0.015406793914735317,0.0,0.6847928166389465,0.015406793914735317,1.0,0.2744920253753662,7.918487548828125,1.8517522811889648,0.6298849|0.2240130|0.1461022|0.0000000|0.0000000|0.0000000|0.0000000|0.0000000|0.0000000|0.0000000,0,0.6298848986625671,14.210062836593949,0,0,0,0,0,
cross_town,Town02,mixed,18,55,2.75,-7.44941520690918,208.91993713378906,0.22167754173278809,89.98705291748047,0.0,500.6872872837705,0.0,0.0,2.663161087212984e-07,2.7467362223429854e-07,0.4370157018789574,0.49684566259384155,0.3890841007232666,-0.009820484556257725,0.0,0.6047928333282471,-0.009820484556257725,1.0,0.2664247453212738,5.776783466339111,1.4310370683670044,0.4458232|0.3835993|0.1705775|0.0000000|0.0000000|0.0000000|0.0000000|0.0000000|0.0000000|0.0000000,0,0.44582322239875793,13.704497759459139,0,0,0,0,0,
cross_town,Town02,mixed,18,56,2.8,-7.44941520690918,208.91993713378906,0.22167754173278809,89.98705291748047,0.0,500.6872872837705,0.0,0.0,2.663161087212984e-07,4.46374570449859e-07,0.43030770419661757,0.1260685920715332,0.3296528458595276,0.32647910714149475,0.0,0.5247928500175476,0.0701795145869255,0.9997653365135193,0.2568688988685608,2.332413911819458,1.6209447383880615,0.3876658|0.2865700|0.2670275|0.0587367|0.0000000|0.0000000|0.0000000|0.0000000|0.0000000|0.0000000,0,0.3876657783985138,13.683253081966681,0,0,0,0,0,
cross_town,Town02,mixed,18,57,2.85,-7.44941520690918,208.91993713378906,0.22167754173278809,89.98705291748047,0.0,500.6872872837705,0.0,0.0,2.663161087212984e-07,5.837277292810836e-07,0.4304952809752971,0.3009135127067566,0.47588324546813965,-0.14370857179164886,0.0,0.47588324546813965,-0.0098204854875803,0.9999997615814209,0.25752076506614685,4.020489692687988,1.5036969184875488,0.3905042|0.2816786|0.2668013|0.0610159|0.0000000|0.0000000|0.0000000|0.0000000|0.0000000|0.0000000,0,0.3905041515827179,13.240792838700786,0,0,0,0,0,
cross_town,Town02,mixed,18,58,2.9,-7.44941520690918,208.91993713378906,0.22167754173278809,89.98705291748047,0.0,500.6872872837705,0.0,0.0,2.663161087212984e-07,6.526991502514695e-07,0.4307294887290812,0.13297855854034424,0.43802666664123535,0.43509218096733093,0.0,0.43802666664123535,0.0701795145869255,1.0,0.27840331196784973,13.421686172485352,1.8386859893798828,0.5961125|0.2436427|0.1602448|0.0000000|0.0000000|0.0000000|0.0000000|0.0000000|0.0000000|0.0000000,0,0.5961124897003174,13.33211795957393,0,0,0,0,0,
cross_town,Town02,mixed,18,59,2.95,-7.44941520690918,208.91993713378906,0.22167754173278809,89.98705291748047,0.0,500.6872872837705,0.0,0.0,2.663161087212984e-07,6.867374184730732e-07,0.43321774762998494,0.18380838632583618,0.5533607602119446,0.13754607737064362,0.0,0.5180266499519348,0.13754607737064362,1.0,0.2641831040382385,8.082590103149414,1.7483654022216797,0.4547444|0.3208178|0.1337882|0.0906496|0.0000000|0.0000000|0.0000000|0.0000000|0.0000000|0.0000000,0,0.454744428396225,13.179188596528485,0,0,0,0,0,
cross_town,Town02,mixed,18,60,3.0,-7.44941520690918,208.91993713378906,0.22167754173278809,89.98705291748047,0.0,500.6872872837705,0.0,0.0,2.663161087212984e-07,0.0,0.43147661660899334,0.4011729955673218,0.6120697259902954,-0.16748981177806854,0.0,0.5980266332626343,0.05754607915878296,0.9977729916572571,0.2600376009941101,1.7661834955215454,1.6047053337097168,0.3909291|0.2611781|0.2766619|0.0712309|0.0000000|0.0000000|0.0000000|0.0000000|0.0000000|0.0000000,0,0.39092913269996643,13.67212170503611,0,0,0,0,0,
cross_town,Town02,mixed,18,61,3.05,-7.44941520690918,208.91993713378906,0.22167754173278809,89.98705291748047,0.0,500.6872872837705,0.0,0.0,2.663161087212984e-07,3.4409594506026136e-08,0.4315369944267709,0.43451130390167236,0.3525790572166443,-0.05169333145022392,0.0,0.5180266499519348,-0.022453920915722847,1.0,0.2727361023426056,5.373299598693848,1.8412127494812012,0.3927282|0.3668138|0.1484361|0.0920219|0.0000000|0.0000000|0.0000000|0.0000000|0.0000000|0.0000000,0,0.39272817969322205,13.836839554448138,0,0,0,0,0,
cross_town,Town02,mixed,18,62,3.1,-7.44941520690918,208.91993713378906,0.22167754173278809,89.98705291748047,0.0,500.6872872837705,0.0,0.0,2.663161087212984e-07,6.873100722398098e-08,0.43182986522043254,0.11606383323669434,0.27215152978897095,0.4268503487110138,0.0,0.43802663683891296,0.05754607915878296,0.9999995231628418,0.26520729064941406,3.8903098106384277,1.8216482400894165,0.3376487|0.2555568|0.2473983|0.0982074|0.0611888|0.0000000|0.0000000|0.0000000|0.0000000|0.0000000,0,0.33764874935150146,14.260635734675068,0,0,0,0,0,
cross_town,Town02,mixed,18,63,3.15,-7.44941520690918,208.91993713378906,0.22167754173278809,89.98705291748047,0.0,500.6872872837705,0.0,0.0,2.663161087212984e-07,2.403545888012798e-07,0.4363720325967407,0.18063652515411377,0.5550065636634827,0.11106868088245392,0.0,0.5180266499519348,0.11106868088245392,1.0,0.266488254070282,6.3487348556518555,1.5829553604125977,0.3338659|0.2571089|0.2364301|0.1049374|0.0676577|0.0000000|0.0000000|0.0000000|0.0000000|0.0000000,0,0.3338658809661865,14.289915644300658,0,0,0,0,0,
cross_town,Town02,mixed,18,64,3.2,-7.44941520690918,208.91993713378906,0.22167754173278809,89.98705291748047,0.0,500.6872872837705,0.0,0.0,2.663161087212984e-07,4.120445090587355e-07,0.4478040089485041,0.3323756158351898,0.5851477980613708,-0.26149436831474304,0.0,0.5851477980613708,0.031068680807948112,0.8462998867034912,0.26723533868789673,0.6592322587966919,1.691084623336792,0.3284705|0.2674344|0.2324327|0.1015256|0.0701368|0.0000000|0.0000000|0.0000000|0.0000000|0.0000000,0,0.32847049832344055,14.039118681095347,0,0,0,0,0,
cross_town,Town02,mixed,18,65,3.25,-7.44941520690918,208.91993713378906,0.22167754173278809,89.98705291748047,0.0,500.6872872837705,0.0,0.0,2.663161087212984e-07,5.150814015596929e-07,0.43274221908692256,0.20930135250091553,0.27371373772621155,0.12339211255311966,0.0,0.5051478147506714,0.11106868088245392,0.9999862909317017,0.26465335488319397,3.033963680267334,1.673233985900879,0.3481474|0.2905160|0.2519213|0.1094152|0.0000000|0.0000000|0.0000000|0.0000000|0.0000000|0.0000000,0,0.3481474220752716,14.03544267678155,0,0,0,0,0,
cross_town,Town02,mixed,18,66,3.3,-7.44941520690918,208.91993713378906,0.22167754173278809,89.98705291748047,0.0,500.6872872837705,0.0,0.0,2.663161087212984e-07,1.0086180583388164e-06,0.4334981534670216,0.2808034420013428,0.6944082975387573,-0.28945717215538025,0.0,0.5851477980613708,0.031068680807948112,0.9955021739006042,0.275030255317688,1.574885368347168,1.8301223516464233,0.4019279|0.3408289|0.1545787|0.1026645|0.0000000|0.0000000|0.0000000|0.0000000|0.0000000|0.0000000,0,0.4019278883934021,14.047078001963728,0,0,0,0,0,
cross_town,Town02,mixed,18,67,3.35,-7.44941520690918,208.91993713378906,0.22167754173278809,89.98705291748047,0.0,500.6872872837705,0.0,0.0,2.663161087212984e-07,5.49393377081337e-07,0.4333558860869997,0.20093005895614624,0.26579728722572327,0.18999113142490387,0.0,0.5051478147506714,0.11106868088245392,0.9999914169311523,0.2696689963340759,3.1462531089782715,1.6432404518127441,0.3340271|0.2640868|0.2227595|0.1066843|0.0724423|0.0000000|0.0000000|0.0000000|0.0000000|0.0000000,0,0.33402711153030396,13.909264904420748,0,0,0,0,0,
cross_town,Town02,mixed,18,68,3.4,-7.44941520690918,208.91993713378906,0.22167754173278809,89.98705291748047,0.0,500.6872872837705,0.0,0.0,2.663161087212984e-07,5.836984460024883e-07,0.43372796736248076,0.2933613955974579,0.6112310886383057,-0.07729945331811905,0.0,0.5851477980613708,0.031068680807948112,0.999315619468689,0.2698783874511719,2.0516910552978516,1.787302851676941,0.4638247|0.3688475|0.1673278|0.0000000|0.0000000|0.0000000|0.0000000|0.0000000|0.0000000|0.0000000,0,0.4638247489929199,13.757935931947337,0,0,0,0,0,
cross_town,Town02,mixed,18,69,3.45,-7.44941520690918,208.91993713378906,0.22167754173278809,89.98705291748047,0.0,500.6872872837705,0.0,0.0,2.663161087212984e-07,6.880666620923864e-08,0.44085312865254567,0.26169031858444214,0.12061011791229248,0.00765511579811573,0.0,0.5051478147506714,0.00765511579811573,1.0,0.2674943506717682,9.957864761352539,1.4980814456939697,0.4669372|0.4134892|0.1195736|0.0000000|0.0000000|0.0000000|0.0000000|0.0000000|0.0000000|0.0000000,0,0.4669371545314789,13.566420509246774,0,0,0,0,0,
cross_town,Town02,mixed,18,70,3.5,-7.44941520690918,208.91993713378906,0.22167754173278809,89.98705291748047,0.0,500.6872872837705,0.0,0.0,2.663161087212984e-07,1.030349734202777e-07,0.4338308446466195,0.26034533977508545,0.1250336766242981,0.3362230658531189,0.0,0.42514780163764954,0.08765511214733124,1.0,0.26232701539993286,9.430819511413574,1.6255106925964355,0.5154412|0.4845588|0.0000000|0.0000000|0.0000000|0.0000000|0.0000000|0.0000000|0.0000000|0.0000000,0,0.5154412388801575,13.416951151337129,0,0,0,0,0,
cross_town,Town02,mixed,18,71,3.55,-7.44941520690918,208.91993713378906,0.22167754173278809,89.98705291748047,0.0,500.6872872837705,0.0,0.0,2.663161087212984e-07,1.392437774101194e-07,0.4390264834589118,0.19934427738189697,0.57686448097229,0.04214974492788315,0.0,0.5051478147506714,0.04214974492788315,0.9999946355819702,0.27015572786331177,3.2612671852111816,1.5600956678390503,0.3292678|0.2976583|0.2448365|0.1282374|0.0000000|0.0000000|0.0000000|0.0000000|0.0000000|0.0000000,0,0.32926782965660095,13.690665706594128,0,0,0,0,0,
cross_town,Town02,mixed,18,72,3.6,-7.44941520690918,208.91993713378906,0.22167754173278809,89.98705291748047,0.0,500.6872872837705,0.0,0.0,2.663161087212984e-07,1.6559156540036464e-06,0.43383316436602537,0.18475669622421265,0.3271586298942566,0.287509024143219,0.0,0.42514780163764954,0.1221497431397438,0.9999772310256958,0.2739643454551697,2.897956132888794,1.680365800857544,0.3067194|0.2764072|0.2255765|0.1152478|0.0760490|0.0000000|0.0000000|0.0000000|0.0000000|0.0000000,0,0.30671942234039307,13.474237117205137,0,0,0,0,0,
cross_town,Town02,mixed,18,73,3.65,-7.44941520690918,208.91993713378906,0.22167754173278809,89.98705291748047,0.0,500.6872872837705,0.0,0.0,2.663161087212984e-07,1.375581219313907e-07,0.43383141039285894,0.19511497020721436,0.6378282308578491,-0.1116836741566658,0.0,0.5051478147506714,0.04214974492788315,0.9999960660934448,0.2717730700969696,3.34187388420105,1.6768362522125244,0.3280143|0.2851243|0.2610110|0.1258503|0.0000000|0.0000000|0.0000000|0.0000000|0.0000000|0.0000000,0,0.3280143439769745,13.679000751407276,0,0,0,0,0,
cross_town,Town02,mixed,18,74,3.7,-7.44941520690918,208.91993713378906,0.22167754173278809,89.98705291748047,0.0,500.6872872837705,0.0,0.0,2.663161087212984e-07,1.3923251909715242e-07,0.43383122660034507,0.20086267590522766,0.3564242124557495,0.30296629667282104,0.0,0.42514780163764954,0.1221497431397438,0.9999995231628418,0.2758633494377136,3.895845413208008,1.6684629917144775,0.3178349|0.2471889|0.2277116|0.1270596|0.0802052|0.0000000|0.0000000|0.0000000|0.0000000|0.0000000,0,0.31783485412597656,12.552767534399463,0,0,0,0,0,
cross_town,Town02,mixed,18,75,3.75,-7.44941520690918,208.91993713378906,0.22167754173278809,89.98705291748047,0.0,500.6872872837705,0.0,0.0,2.663161087212984e-07,1.866256679140394e-07,0.4338364515254287,0.2128797173500061,0.630357027053833,-0.11298451572656631,0.0,0.5051478147506714,0.04214974492788315,0.9999492168426514,0.27658846974372864,2.6951680183410645,1.8726425170898438,0.3260632|0.2507206|0.2120229|0.1247724|0.0864210|0.0000000|0.0000000|0.0000000|0.0000000|0.0000000,0,0.32606321573257446,11.79457224015355,0,0,0,0,0,
cross_town,Town02,mixed,18,76,3.8,-7.44941520690918,208.91993713378906,0.22167754173278809,89.98705291748047,0.0,500.6872872837705,0.0,0.0,2.663161087212984e-07,1.397223952650584e-07,0.43383156749767304,0.17426303029060364,0.5821903944015503,0.47299057245254517,0.0,0.5821903944015503,0.1221497431397438,1.0,0.29057925939559937,5.944491386413574,1.8364536762237549,0.5148093|0.2789422|0.2062485|0.0000000|0.0000000|0.0000000|0.0000000|0.0000000|0.0000000|0.0000000,0,0.514809250831604,10.990153822290464,0,0,0,0,0,
cross_town,Town02,mixed,18,77,3.85,-7.44941520690918,208.91993713378906,0.22167754173278809,89.98705291748047,0.0,500.6872872837705,0.0,0.0,2.663161087212984e-07,3.4516229565375235e-08,0.45240452028195877,0.58970046043396,0.5712867975234985,-0.40333205461502075,0.0,0.5021904110908508,0.04214974492788315,0.8142725229263306,0.2783603072166443,0.5911434292793274,1.7466890811920166,0.4400123|0.2812011|0.1645312|0.1142554|0.0000000|0.0000000|0.0000000|0.0000000|0.0000000|0.0000000,0,0.4400123357772827,10.720959931684332,0,0,0,0,0,
cross_town,Town02,mixed,18,78,3.9,-7.44941520690918,208.91993713378906,0.22167754173278809,89.98705291748047,0.0,500.6872872837705,0.0,0.0,2.663161087212984e-07,3.445108833418069e-08,0.4338319668533661,0.14360827207565308,0.5332485437393188,0.2427455186843872,0.0,0.5332485437393188,0.1221497431397438,1.0,0.2913341522216797,9.021925926208496,1.647381067276001,0.4962016|0.2983874|0.2054110|0.0000000|0.0000000|0.0000000|0.0000000|0.0000000|0.0000000|0.0000000,0,0.4962015748023987,10.27509430635621,0,0,0,0,0,
cross_town,Town02,mixed,18,79,3.95,-7.44941520690918,208.91993713378906,0.22167754173278809,89.98705291748047,0.0,500.6872872837705,0.0,0.0,2.663161087212984e-07,3.4573233005546206e-08,0.4344606656882491,0.3259889483451843,0.38547277450561523,-0.22832204401493073,0.0,0.453248530626297,0.04214974492788315,0.9937146306037903,0.27349773049354553,1.4923090934753418,1.7155046463012695,0.7706233|0.2293767|0.0000000|0.0000000|0.0000000|0.0000000|0.0000000|0.0000000|0.0000000|0.0000000,0,0.7706232666969299,10.105284273037832,0,0,0,0,0,
cross_town,Town02,mixed,18,80,4.0,-7.44941520690918,208.91993713378906,0.22167754173278809,89.98705291748047,0.0,500.6872872837705,0.0,0.0,2.663161087212984e-07,4.006400430809157e-08,0.4338323059461929,0.18723204731941223,0.6264337301254272,0.13494087755680084,0.0,0.5332485437393188,0.1221497431397438,0.9999995231628418,0.2694840431213379,3.891028642654419,1.4637893438339233,0.6067099|0.3932901|0.0000000|0.0000000|0.0000000|0.0000000|0.0000000|0.0000000|0.0000000|0.0000000,0,0.606709897518158,9.794518798378878,0,0,0,0,0,
cross_town,Town02,mixed,18,81,4.05,-7.44941520690918,208.91993713378906,0.22167754173278809,89.98705291748047,0.0,500.6872872837705,0.0,0.0,2.663161087212984e-07,3.5552563709957364e-08,0.44341139884896524,0.4740498960018158,0.35614246129989624,-0.3350001275539398,0.0,0.453248530626297,0.04214974492788315,0.9042096734046936,0.2795253396034241,0.781699538230896,1.6763718128204346,0.4603163|0.2639417|0.1622303|0.1135116|0.0000000|0.0000000|0.0000000|0.0000000|0.0000000|0.0000000,0,0.4603163003921509,9.700120681760572,0,0,0,0,0,
cross_town,Town02,mixed,18,82,4.1,-7.44941520690918,208.91993713378906,0.22167754173278809,89.98705291748047,0.0,500.6872872837705,0.0,0.0,2.663161087212984e-07,3.653046836840224e-08,0.43383244173717933,0.19147640466690063,0.5736243724822998,0.18448427319526672,0.0,0.5332485437393188,0.1221497431397438,1.0,0.2749130427837372,5.724895000457764,1.5813990831375122,0.5594566|0.3134733|0.1270701|0.0000000|0.0000000|0.0000000|0.0000000|0.0000000|0.0000000|0.0000000,0,0.5594566464424133,9.438737752552779,0,0,0,0,0,
cross_town,Town02,mixed,18,83,4.15,-7.44941520690918,208.91993713378906,0.22167754173278809,89.98705291748047,0.0,500.6872872837705,0.0,0.0,2.663161087212984e-07,3.715648775038559e-08,0.4357237235323877,0.36118072271347046,0.5834616422653198,-0.4958803057670593,0.0,0.5834616422653198,0.04214974492788315,0.9810875058174133,0.27934378385543823,1.2078651189804077,1.9949607849121094,0.5863295|0.2485867|0.1650838|0.0000000|0.0000000|0.0000000|0.0000000|0.0000000|0.0000000|0.0000000,0,0.5863295197486877,9.363339904283729,0,0,0,0,0,
cross_town,Town02,mixed,18,84,4.2,-7.44941520690918,208.91993713378906,0.22167754173278809,89.98705291748047,0.0,500.6872872837705,0.0,0.0,2.663161087212984e-07,7.407287387858026e-08,0.4338338427637378,0.2480214238166809,0.3932073414325714,0.1421605944633484,0.0,0.5034616589546204,0.1221497431397438,0.9999865293502808,0.28069868683815,3.02374267578125,1.755250334739685,0.4351269|0.2637854|0.1766413|0.1244464|0.0000000|0.0000000|0.0000000|0.0000000|0.0000000|0.0000000,0,0.4351268708705902,9.120234412014737,0,0,0,0,0,
cross_town,Town02,mixed,18,85,4.25,-7.44941520690918,208.91993713378906,0.22167754173278809,89.98705291748047,0.0,500.6872872837705,0.0,0.0,2.663161087212984e-07,1.3844614784839368e-07,0.4338912204515658,0.32465478777885437,0.6182050704956055,-0.1807960420846939,0.0,0.5834616422653198,0.04214974492788315,0.9994125366210938,0.27964285016059875,2.0801424980163574,1.6809101104736328,0.4386362|0.2564934|0.1904618|0.1144086|0.0000000|0.0000000|0.0000000|0.0000000|0.0000000|0.0000000,0,0.4386361837387085,9.051612268627899,0,0,0,0,0,
cross_town,Town02,mixed,18,86,4.3,-7.44941520690918,208.91993713378906,0.22167754173278809,89.98705291748047,0.0,500.6872872837705,0.0,0.0,2.663161087212984e-07,1.5537373961939777e-06,0.4338324741135781,0.2765050530433655,0.2824162542819977,0.15107695758342743,0.0,0.5034616589546204,0.1221497431397438,1.0,0.2828008532524109,4.908649921417236,1.6959855556488037,0.3828765|0.2095991|0.1606421|0.1466472|0.1002352|0.0000000|0.0000000|0.0000000|0.0000000|0.0000000,0,0.3828764855861664,8.824219312028065,0,0,0,0,0,
cross_town,Town02,mixed,18,87,4.35,-7.44941520690918,208.91993713378906,0.22167754173278809,89.98705291748047,0.0,500.6872872837705,0.0,0.0,2.663161087212984e-07,6.888082442700973e-08,0.4343963459737348,0.3240107297897339,0.6179621815681458,-0.3225989043712616,0.0,0.5834616422653198,0.04214974492788315,0.9943612813949585,0.28341513872146606,1.5096944570541382,1.8537191152572632,0.3889354|0.1918641|0.1578505|0.1544936|0.1068564|0.0000000|0.0000000|0.0000000|0.0000000|0.0000000,0,0.388935387134552,8.759243078092533,0,0,0,0,0,
cross_town,Town02,mixed,18,88,4.4,-7.44941520690918,208.91993713378906,0.22167754173278809,89.98705291748047,0.0,500.6872872837705,0.0,0.0,2.663161087212984e-07,1.0306521260382721e-07,0.4338324741135719,0.28995582461357117,0.29104083776474,0.17012649774551392,0.0,0.5034616589546204,0.1221497431397438,1.0,0.28398585319519043,6.0053324699401855,1.7013576030731201,0.3892377|0.1926511|0.1526345|0.1548020|0.1106747|0.0000000|0.0000000|0.0000000|0.0000000|0.0000000,0,0.3892377018928528,8.546172822775892,0,0,0,0,0,
cross_town,Town02,mixed,18,89,4.45,-7.44941520690918,208.91993713378906,0.22167754173278809,89.98705291748047,0.0,500.6872872837705,0.0,0.0,2.663161087212984e-07,1.0513884805382023e-07,0.43383247411367837,0.3005709648132324,0.6655243635177612,-0.09266107529401779,0.0,0.5834616422653198,0.04214974492788315,1.0,0.29465198516845703,18.532060623168945,1.2995538711547852,0.5728485|0.4271515|0.0000000|0.0000000|0.0000000|0.0000000|0.0000000|0.0000000|0.0000000|0.0000000,0,0.5728484988212585,8.48205105283187,0,0,0,0,0,
cross_town,Town02,mixed,18,90,4.5,-7.44941520690918,208.91993713378906,0.22167754173278809,89.98705291748047,0.0,500.6872872837705,0.0,0.0,2.663161087212984e-07,1.6216523606231436e-06,0.4342627362023083,0.18402588367462158,0.5368088483810425,0.5093494653701782,0.0,0.5368088483810425,0.1221497431397438,0.9956973791122437,0.29861849546432495,1.5624375343322754,1.8871698379516602,0.4371198|0.3361391|0.2267412|0.0000000|0.0000000|0.0000000|0.0000000|0.0000000|0.0000000|0.0000000,0,0.4371197521686554,8.281538803190818,0,0,0,0,0,
cross_town,Town02,mixed,18,91,4.55,-7.44941520690918,208.91993713378906,0.22167754173278809,89.98705291748047,0.0,500.6872872837705,0.0,0.0,2.663161087212984e-07,1.6217352838972254e-06,0.433856786848162,0.43628719449043274,0.5280801653862,-0.1880836933851242,0.0,0.5280801653862,0.04214974492788315,0.9997568726539612,0.2826415002346039,2.2977395057678223,1.7265117168426514,0.4815901|0.2108210|0.1669996|0.1405893|0.0000000|0.0000000|0.0000000|0.0000000|0.0000000|0.0000000,0,0.4815901219844818,8.21741711607493,0,0,0,0,0,
cross_town,Town02,mixed,18,92,4.6,-7.44941520690918,208.91993713378906,0.22167754173278809,89.98705291748047,0.0,500.6872872837705,0.0,0.0,2.663161087212984e-07,1.6214280163015645e-06,0.46926714336989,0.21292626857757568,0.2978726029396057,0.1675659567117691,0.0,0.4480801522731781,0.1221497431397438,0.6456533074378967,0.2825711965560913,0.36742550134658813,1.72552490234375,0.5183598|0.1928655|0.1612893|0.1274854|0.0000000|0.0000000|0.0000000|0.0000000|0.0000000|0.0000000,0,0.5183598399162292,8.027910391855048,0,0,0,0,0,
cross_town,Town02,mixed,18,93,4.65,-7.44941520690918,208.91993713378906,0.22167754173278809,89.98705291748047,0.0,500.6872872837705,0.0,0.0,2.663161087212984e-07,1.0438232718439309e-07,0.43443041002857347,0.30239325761795044,0.4336778223514557,0.03718556463718414,0.0,0.4336778223514557,0.04214974492788315,0.9940206408500671,0.27926528453826904,1.4990971088409424,1.6227056980133057,0.6421058|0.1765120|0.1813822|0.0000000|0.0000000|0.0000000|0.0000000|0.0000000|0.0000000|0.0000000,0,0.6421058177947998,7.963633518706829,0,0,0,0,0,
cross_town,Town02,mixed,18,94,4.7,-7.44941520690918,208.91993713378906,0.22167754173278809,89.98705291748047,0.0,500.6872872837705,0.0,0.0,2.663161087212984e-07,1.905774790037835e-09,0.43383247411356635,0.18240401148796082,0.6157311201095581,0.14214128255844116,0.0,0.5136778354644775,0.1221497431397438,1.0,0.27746081352233887,7.081081390380859,1.499853491783142,0.6231920|0.2286238|0.1481842|0.0000000|0.0000000|0.0000000|0.0000000|0.0000000|0.0000000|0.0000000,0,0.6231920123100281,7.783975739977249,0,0,0,0,0,
cross_town,Town02,mixed,18,95,4.75,-7.44941520690918,208.91993713378906,0.22167754173278809,89.98705291748047,0.0,500.6872872837705,0.0,0.0,2.663161087212984e-07,4.682684726602295e-09,0.4346604779970403,0.23939353227615356,0.590129017829895,-0.19816869497299194,0.0,0.590129017829895,0.04214974492788315,0.9917199611663818,0.3123007118701935,1.384098768234253,1.873189926147461,0.4924443|0.5075557|0.0000000|0.0000000|0.0000000|0.0000000|0.0000000|0.0000000|0.0000000|0.0000000,1,0.5075557231903076,7.719678881226774,0,0,0,0,0,
cross_town,Town02,mixed,18,96,4.8,-7.44941520690918,208.91993713378906,0.22167754173278809,89.98705291748047,0.0,500.6872872837705,0.0,0.0,2.663161087212984e-07,7.823650847732817e-09,0.4404074394884345,0.2892295718193054,0.3470045328140259,0.07275614142417908,0.0,0.5101290345191956,0.07275614142417908,0.9998093247413635,0.281990110874176,2.359178304672241,1.7494983673095703,0.5082068|0.1945177|0.1683239|0.1289516|0.0000000|0.0000000|0.0000000|0.0000000|0.0000000|0.0000000,0,0.5082067847251892,7.548875396787009,0,0,0,0,0,
cross_town,Town02,mixed,18,97,4.85,-7.44941520690918,208.91993713378906,0.22167754173278809,89.98705291748047,0.0,500.6872872837705,0.0,0.0,2.663161087212984e-07,1.32590211154807e-07,0.4773245108138706,0.2470783293247223,0.36376452445983887,-0.08919767290353775,0.0,0.4301290214061737,-0.007243858650326729,0.5650796294212341,0.28377673029899597,0.28167420625686646,1.7984497547149658,0.5188707|0.2111109|0.1421984|0.1278200|0.0000000|0.0000000|0.0000000|0.0000000|0.0000000|0.0000000,0,0.5188706517219543,7.484494883865269,0,0,0,0,0,
cross_town,Town02,mixed,18,98,4.9,-7.44941520690918,208.91993713378906,0.22167754173278809,89.98705291748047,0.0,500.6872872837705,0.0,0.0,2.663161087212984e-07,6.948224306151964e-08,0.43383248567675475,0.1387845277786255,0.3583420515060425,0.40450066328048706,0.0,0.3583420515060425,0.07275614142417908,0.9999998807907104,0.28369709849357605,4.17665958404541,1.7906365394592285,0.4811125|0.2027393|0.1787024|0.1374458|0.0000000|0.0000000|0.0000000|0.0000000|0.0000000|0.0000000,0,0.4811124801635742,7.321356834812815,0,0,0,0,0,
cross_town,Town02,mixed,18,99,4.95,-7.44941520690918,208.91993713378906,0.22167754173278809,89.98705291748047,0.0,500.6872872837705,0.0,0.0,2.663161087212984e-07,1.621479727556537e-06,0.4338324741136652,0.16652250289916992,0.6696975231170654,0.18095774948596954,0.0,0.43834206461906433,0.15275613963603973,1.0,0.2791860103607178,4.7749834060668945,1.3813782930374146,0.6460311|0.2270615|0.1269074|0.0000000|0.0000000|0.0000000|0.0000000|0.0000000|0.0000000|0.0000000,0,0.6460311412811279,7.256970113602867,0,0,0,0,0,
cross_town,Town02,mixed,18,100,5.0,-7.44941520690918,208.91993713378906,0.22167754173278809,89.98705291748047,0.0,500.6872872837705,0.0,0.0,2.663161087212984e-07,1.0347636418584532e-07,0.4341671065099635,0.19422483444213867,0.7888811230659485,-0.3640901744365692,0.0,0.5183420777320862,0.07275614142417908,0.99665367603302,0.2830860912799835,1.641047477722168,2.200763702392578,0.5098593|0.1982503|0.1493267|0.1425637|0.0000000|0.0000000|0.0000000|0.0000000|0.0000000|0.0000000,0,0.5098592638969421,7.101601621341426,0,0,0,0,0,
cross_town,Town02,mixed,18,101,5.05,-7.44941520690918,208.91993713378906,0.22167754173278809,89.98705291748047,0.0,500.6872872837705,0.0,0.0,2.663161087212984e-07,1.6214753587437534e-06,0.4608363521106669,0.28729161620140076,0.49465301632881165,-0.23144708573818207,0.0,0.49465301632881165,-0.007243858650326729,0.7299612164497375,0.2870408594608307,0.4615655839443207,1.6258946657180786,0.5453969|0.1475618|0.1525459|0.0955873|0.0589080|0.0000000|0.0000000|0.0000000|0.0000000|0.0000000,0,0.5453968644142151,7.037435125969161,0,0,0,0,0,
cross_town,Town02,mixed,18,102,5.1,-7.44941520690918,208.91993713378906,0.22167754173278809,89.98705291748047,0.0,500.6872872837705,0.0,0.0,2.663161087212984e-07,0.0,0.44327958941537215,0.14206376671791077,0.322889506816864,0.4335157871246338,0.0,0.4146530032157898,0.07275614142417908,0.9055288434028625,0.28612780570983887,0.7789283394813538,1.7658699750900269,0.4919755|0.1901891|0.1283900|0.1308407|0.0586048|0.0000000|0.0000000|0.0000000|0.0000000|0.0000000,0,0.49197548627853394,6.888984826462951,0,0,0,0,0,
cross_town,Town02,mixed,18,103,5.15,-7.44941520690918,208.91993713378906,0.22167754173278809,89.98705291748047,0.0,500.6872872837705,0.0,0.0,2.663161087212984e-07,3.4152240905612333e-09,0.43615386009324064,0.17625021934509277,0.6346054077148438,-0.11653569340705872,0.0,0.49465301632881165,-0.007243858650326729,0.9767861366271973,0.28703832626342773,1.1478416919708252,1.9582641124725342,0.4736526|0.1991925|0.1326315|0.1364397|0.0580837|0.0000000|0.0000000|0.0000000|0.0000000|0.0000000,0,0.47365257143974304,6.825114068115928,0,0,0,0,0,
cross_town,Town02,mixed,18,104,5.2,-7.44941520690918,208.91993713378906,0.22167754173278809,89.98705291748047,0.0,500.6872872837705,0.0,0.0,2.663161087212984e-07,6.555180525694559e-09,0.47626539588091454,0.14105114340782166,0.40861976146698,0.36349210143089294,0.0,0.4146530032157898,0.07275614142417908,0.5756707787513733,0.2842289209365845,0.29202768206596375,1.6731327772140503,0.6327307|0.1746162|0.0989903|0.0936629|0.0000000|0.0000000|0.0000000|0.0000000|0.0000000|0.0000000,0,0.6327306628227234,6.683090102126912,0,0,0,0,0,
cross_town,Town02,mixed,18,105,5.25,-7.44941520690918,208.91993713378906,0.22167754173278809,89.98705291748047,0.0,500.6872872837705,0.0,0.0,2.663161087212984e-07,9.383108829567631e-09,0.43383261680719937,0.1176556944847107,0.5755683779716492,-0.019930830225348473,0.0,0.49465301632881165,-0.007243858650326729,0.9999985694885254,0.3222053647041321,3.540051221847534,2.114780902862549,0.4987028|0.2518474|0.2494499|0.0000000|0.0000000|0.0000000|0.0000000|0.0000000|0.0000000|0.0000000,0,0.4987027645111084,6.619519498603413,0,0,0,0,0,
cross_town,Town02,mixed,18,106,5.3,-7.44941520690918,208.91993713378906,0.22167754173278809,89.98705291748047,0.0,500.6872872837705,0.0,0.0,2.663161087212984e-07,6.968221639197661e-08,0.4415263605129487,0.1507093906402588,0.4098072350025177,0.3591190278530121,0.0,0.4146530032157898,0.07275614142417908,0.9230611324310303,0.28232884407043457,0.8388422727584839,1.6385822296142578,0.6805177|0.1380379|0.0997268|0.0817177|0.0000000|0.0000000|0.0000000|0.0000000|0.0000000|0.0000000,0,0.6805176734924316,6.483477515242039,0,0,0,0,0,
cross_town,Town02,mixed,18,107,5.35,-7.44941520690918,208.91993713378906,0.22167754173278809,89.98705291748047,0.0,500.6872872837705,0.0,0.0,2.663161087212984e-07,2.1516404112556988e-07,0.4399178755294555,0.18349292874336243,0.6666159629821777,-0.12277533113956451,0.0,0.49465301632881165,-0.007243858650326729,0.9391459822654724,0.28282976150512695,0.9012937545776367,1.796339988708496,0.5674897|0.2250630|0.1208259|0.0866214|0.0000000|0.0000000|0.0000000|0.0000000|0.0000000|0.0000000,0,0.567489743232727,6.422873223920008,0,0,0,0,0,
cross_town,Town02,mixed,18,108,5.4,-7.44941520690918,208.91993713378906,0.22167754173278809,89.98705291748047,0.0,500.6872872837705,0.0,0.0,2.663161087212984e-07,1.68987315814588e-06,0.4389983427530085,0.14598873257637024,0.4025224447250366,0.3418625295162201,0.0,0.4146530032157898,0.07275614142417908,0.9483413100242615,0.2835574448108673,0.943956732749939,1.6456975936889648,0.6687079|0.1314663|0.1176557|0.0821700|0.0000000|0.0000000|0.0000000|0.0000000|0.0000000|0.0000000,0,0.6687079071998596,6.300793763719815,0,0,0,0,0,
cross_town,Town02,mixed,18,109,5.45,-7.44941520690918,208.91993713378906,0.22167754173278809,89.98705291748047,0.0,500.6872872837705,0.0,0.0,2.663161087212984e-07,2.436958075202114e-07,0.4824847531318017,0.17882239818572998,0.5888822078704834,-0.05806199088692665,0.0,0.49465301632881165,-0.007243858650326729,0.5134772062301636,0.2864699065685272,0.22701048851013184,1.9687235355377197,0.5113009|0.1969373|0.1419528|0.0973969|0.0524121|0.0000000|0.0000000|0.0000000|0.0000000|0.0000000,0,0.5113009214401245,6.255970904876561,0,0,0,0,0,
cross_town,Town02,mixed,18,110,5.5,-7.44941520690918,208.91993713378906,0.22167754173278809,89.98705291748047,0.0,500.6872872837705,0.0,0.0,2.663161087212984e-07,2.4163812879422285e-07,0.488853083253499,0.1444595456123352,0.38984888792037964,0.3551280200481415,0.0,0.4146530032157898,0.07275614142417908,0.44979390501976013,0.2834096848964691,0.16621443629264832,1.7001303434371948,0.6236235|0.1508570|0.1137420|0.1117775|0.0000000|0.0000000|0.0000000|0.0000000|0.0000000|0.0000000,0,0.6236234903335571,6.1592643755819765,0,0,0,0,0,
cross_town,Town02,mixed,18,111,5.55,-7.44941520690918,208.91993713378906,0.22167754173278809,89.98705291748047,0.0,500.6872872837705,0.0,0.0,2.663161087212984e-07,3.438778635462273e-08,0.44386559272016307,0.21921268105506897,0.5820901989936829,0.06384050846099854,0.0,0.49465301632881165,0.06384050846099854,0.9755149483680725,0.280041366815567,1.141183614730835,1.8629450798034668,0.6655079|0.1808371|0.1536551|0.0000000|0.0000000|0.0000000|0.0000000|0.0000000|0.0000000|0.0000000,0,0.6655078530311584,6.139408066585926,0,0,0,0,0,
cross_town,Town02,mixed,18,112,5.6,-7.44941520690918,208.91993713378906,0.22167754173278809,89.98705291748047,0.0,500.6872872837705,0.0,0.0,2.663161087212984e-07,6.871905417627837e-08,0.48062273979303666,0.20251774787902832,0.6250654458999634,-0.2279578000307083,0.0,0.5746530294418335,-0.01615949161350727,0.532097339630127,0.2865033745765686,0.2456381767988205,1.997338891029358,0.4998538|0.1825242|0.1340427|0.1043487|0.0792306|0.0000000|0.0000000|0.0000000|0.0000000|0.0000000,0,0.49985381960868835,6.064194659631648,0,0,0,0,0,
cross_town,Town02,mixed,18,113,5.65,-7.44941520690918,208.91993713378906,0.22167754173278809,89.98705291748047,0.0,500.6872872837705,0.0,0.0,2.663161087212984e-07,1.0305339730978115e-07,0.4445261907589205,0.11609405279159546,0.3143860697746277,0.37595322728157043,0.0,0.49465301632881165,0.06384050846099854,0.8930628299713135,0.2771003842353821,0.7535034418106079,1.6478254795074463,0.7322138|0.1722322|0.0955540|0.0000000|0.0000000|0.0000000|0.0000000|0.0000000|0.0000000|0.0000000,0,0.7322137951850891,6.060855094622581,0,0,0,0,0,
cross_town,Town02,mixed,18,114,5.7,-7.44941520690918,208.91993713378906,0.22167754173278809,89.98705291748047,0.0,500.6872872837705,0.0,0.0,2.663161087212984e-07,2.746724635271631e-07,0.43795539260027483,0.23960211873054504,0.48739737272262573,-0.20562279224395752,0.0,0.48739737272262573,-0.01615949161350727,0.9587708115577698,0.2722007632255554,1.0144256353378296,1.6019604206085205,0.7194694|0.2805306|0.0000000|0.0000000|0.0000000|0.0000000|0.0000000|0.0000000|0.0000000|0.0000000,0,0.719469428062439,5.994185685716246,0,0,0,0,0,
cross_town,Town02,mixed,18,115,5.75,-7.44941520690918,208.91993713378906,0.22167754173278809,89.98705291748047,0.0,500.6872872837705,0.0,0.0,2.663161087212984e-07,4.463739040691526e-07,0.43520723700640285,0.1396494209766388,0.31714338064193726,0.4619147777557373,0.0,0.4073973596096039,0.06384050846099854,0.9862523674964905,0.27900853753089905,1.2892529964447021,1.7268295288085938,0.5936180|0.2463040|0.1600781|0.0000000|0.0000000|0.0000000|0.0000000|0.0000000|0.0000000|0.0000000,0,0.5936179757118225,5.994741457665528,0,0,0,0,0,
cross_town,Town02,mixed,18,116,5.8,-7.44941520690918,208.91993713378906,0.22167754173278809,89.98705291748047,0.0,500.6872872837705,0.0,0.0,2.663161087212984e-07,5.839963483350839e-07,0.44332833409426187,0.16152828931808472,0.650481104850769,-0.11091537773609161,0.0,0.48739737272262573,-0.01615949161350727,0.9050413966178894,0.2834986746311188,0.7801361680030823,2.0988783836364746,0.5120232|0.2036089|0.1517770|0.1325909|0.0000000|0.0000000|0.0000000|0.0000000|0.0000000|0.0000000,0,0.5120231509208679,5.925110327740821,0,0,0,0,0,
cross_town,Town02,mixed,18,117,5.85,-7.44941520690918,208.91993713378906,0.22167754173278809,89.98705291748047,0.0,500.6872872837705,0.0,0.0,2.663161087212984e-07,7.210852533957659e-07,0.4338339400303101,0.14352577924728394,0.32047826051712036,0.48227232694625854,0.0,0.4073973596096039,0.06384050846099854,0.9999853372573853,0.2836015224456787,2.9985222816467285,1.7295399904251099,0.5450325|0.2363881|0.1364148|0.0821646|0.0000000|0.0000000|0.0000000|0.0000000|0.0000000|0.0000000,0,0.5450325012207031,5.9194083176915155,0,0,0,0,0,
cross_town,Town02,mixed,18,118,5.9,-7.44941520690918,208.91993713378906,0.22167754173278809,89.98705291748047,0.0,500.6872872837705,0.0,0.0,2.663161087212984e-07,8.05652584777669e-07,0.4338324741135883,0.13886010646820068,0.5851135849952698,0.1872805505990982,0.0,0.48739737272262573,0.1438405066728592,1.0,0.2984808683395386,21.542041778564453,1.8018591403961182,1.0000000|0.0000000|0.0000000|0.0000000|0.0000000|0.0000000|0.0000000|0.0000000|0.0000000|0.0000000,0,1.0,5.841393968768602,0,0,0,0,0,
cross_town,Town02,mixed,18,119,5.95,-7.44941520690918,208.91993713378906,0.22167754173278809,89.98705291748047,0.0,500.6872872837705,0.0,0.0,2.663161087212984e-07,3.43567295118875e-08,0.48079855001049526,0.2763863801956177,0.614800214767456,-0.3535749316215515,0.0,0.5673973560333252,0.06384050846099854,0.530339241027832,0.2827036380767822,0.2476728856563568,2.3280234336853027,0.5962659|0.1918507|0.1485609|0.0633226|0.0000000|0.0000000|0.0000000|0.0000000|0.0000000|0.0000000,0,0.5962658524513245,5.825712973999461,0,0,0,0,0,
cross_town,Town02,mixed,18,120,6.0,-7.44941520690918,208.91993713378906,0.22167754173278809,89.98705291748047,0.0,500.6872872837705,0.0,0.0,2.663161087212984e-07,6.870649145608432e-08,0.4338324737559569,0.14234578609466553,0.6352022886276245,-0.03151736781001091,0.0,0.6352022886276245,-0.01615949161350727,1.0,0.3008977770805359,26.622028350830078,1.631716251373291,0.5084987|0.4915012|0.0000000|0.0000000|0.0000000|0.0000000|0.0000000|0.0000000|0.0000000|0.0000000,0,0.5084987282752991,5.740294592564274,0,0,0,0,0,
cross_town,Town02,mixed,18,121,6.05,-7.44941520690918,208.91993713378906,0.22167754173278809,89.98705291748047,0.0,500.6872872837705,0.0,0.0,2.663161087212984e-07,1.0304356739215696e-07,0.4382447314274081,0.10810470581054688,0.48792222142219543,0.5647004842758179,0.0,0.555202305316925,0.06384050846099854,0.955877423286438,0.2828030288219452,0.986111044883728,1.5537426471710205,0.4943210|0.2059869|0.1633937|0.1362984|0.0000000|0.0000000|0.0000000|0.0000000|0.0000000|0.0000000,0,0.4943210184574127,5.716973543114231,0,0,0,0,0,
cross_town,Town02,mixed,18,122,6.1,-7.44941520690918,208.91993713378906,0.22167754173278809,89.98705291748047,0.0,500.6872872837705,0.0,0.0,2.663161087212984e-07,2.059981111951506e-07,0.43572877168772295,0.2486133873462677,0.5330497622489929,-0.43470194935798645,0.0,0.5330497622489929,-0.01615949161350727,0.9810370206832886,0.28283238410949707,1.2036975622177124,2.1440892219543457,0.4811230|0.2012275|0.1944612|0.1231884|0.0000000|0.0000000|0.0000000|0.0000000|0.0000000|0.0000000,0,0.48112303018569946,5.628916828052266,0,0,0,0,0,
cross_town,Town02,mixed,18,123,6.15,-7.44941520690918,208.91993713378906,0.22167754173278809,89.98705291748047,0.0,500.6872872837705,0.0,0.0,2.663161087212984e-07,3.7769485085642576e-07,0.44988645434496477,0.12103849649429321,0.32868635654449463,0.394259512424469,0.0,0.45304974913597107,0.06384050846099854,0.8394601941108704,0.27267327904701233,0.6408810019493103,1.733105182647705,0.7065338|0.2934662|0.0000000|0.0000000|0.0000000|0.0000000|0.0000000|0.0000000|0.0000000|0.0000000,0,0.7065337896347046,5.603198840275482,0,0,0,0,0,
cross_town,Town02,mixed,18,124,6.2,-7.44941520690918,208.91993713378906,0.22167754173278809,89.98705291748047,0.0,500.6872872837705,0.0,0.0,2.663161087212984e-07,5.631650901561307e-07,0.4549982678901358,0.17420172691345215,0.6259763240814209,-0.15500783920288086,0.0,0.5330497622489929,-0.01615949161350727,0.7883420586585999,0.282083123922348,0.5466569662094116,2.184732437133789,0.4808598|0.2047216|0.1911004|0.1233182|0.0000000|0.0000000|0.0000000|0.0000000|0.0000000|0.0000000,0,0.48085981607437134,5.517563368546357,0,0,0,0,0,
cross_town,Town02,mixed,18,125,6.25,-7.44941520690918,208.91993713378906,0.22167754173278809,89.98705291748047,0.0,500.6872872837705,0.0,0.0,2.663161087212984e-07,7.212704971568092e-07,0.46528877735235386,0.1189579963684082,0.39132601022720337,0.5108065009117126,0.0,0.45304974913597107,0.06384050846099854,0.6854369640350342,0.28176766633987427,0.412950336933136,1.7661645412445068,0.4780347|0.2177714|0.1789009|0.1252930|0.0000000|0.0000000|0.0000000|0.0000000|0.0000000|0.0000000,0,0.4780346751213074,5.493873325315714,0,0,0,0,0,
cross_town,Town02,mixed,18,126,6.3,-7.44941520690918,208.91993713378906,0.22167754173278809,89.98705291748047,0.0,500.6872872837705,0.0,0.0,2.663161087212984e-07,7.55391100132753e-07,0.43999134532954587,0.2081611454486847,0.5141187310218811,-0.006242488045245409,0.0,0.5141187310218811,-0.006242488045245409,0.956271767616272,0.2786567211151123,0.9926055073738098,1.8097561597824097,0.6028832|0.2380075|0.1591094|0.0000000|0.0000000|0.0000000|0.0000000|0.0000000|0.0000000|0.0000000,0,0.6028831601142883,5.412663500953418,0,0,0,0,0,
cross_town,Town02,mixed,18,127,6.35,-7.44941520690918,208.91993713378906,0.22167754173278809,89.98705291748047,0.0,500.6872872837705,0.0,0.0,2.663161087212984e-07,7.897238336242671e-07,0.48984479382750973,0.1309630274772644,0.4970179498195648,0.40381959080696106,0.0,0.4970179498195648,0.07375751435756683,0.4398767948150635,0.2770054340362549,0.16257905960083008,1.7765538692474365,0.5307131|0.2520010|0.2172859|0.0000000|0.0000000|0.0000000|0.0000000|0.0000000|0.0000000|0.0000000,0,0.5307130813598633,5.392317589573505,0,0,0,0,0,
cross_town,Town02,mixed,18,128,6.4,-7.44941520690918,208.91993713378906,0.22167754173278809,89.98705291748047,0.0,500.6872872837705,0.0,0.0,2.663161087212984e-07,3.439813746485215e-08,0.43383247375605144,0.2225455939769745,0.45123663544654846,-0.18187777698040009,0.0,0.45123663544654846,-0.0062424857169389725,1.0,0.27205583453178406,4.405697822570801,1.521214485168457,0.7993149|0.2006851|0.0000000|0.0000000|0.0000000|0.0000000|0.0000000|0.0000000|0.0000000|0.0000000,0,0.7993148565292358,5.314742396919958,0,0,0,0,0,
cross_town,Town02,mixed,18,129,6.45,-7.44941520690918,208.91993713378906,0.22167754173278809,89.98705291748047,0.0,500.6872872837705,0.0,0.0,2.663161087212984e-07,7.152137350686601e-08,0.4894998770963897,0.1625274419784546,0.5153005719184875,0.21788223087787628,0.0,0.5153005719184875,0.07375751435756683,0.4433259665966034,0.2703744173049927,0.1727069765329361,1.9253451824188232,0.6556101|0.3443899|0.0000000|0.0000000|0.0000000|0.0000000|0.0000000|0.0000000|0.0000000|0.0000000,0,0.6556101441383362,5.296492467533461,0,0,0,0,0,
cross_town,Town02,mixed,18,130,6.5,-7.44941520690918,208.91993713378906,0.22167754173278809,89.98705291748047,0.0,500.6872872837705,0.0,0.0,2.663161087212984e-07,1.7166476351084317e-07,0.49239939272520117,0.22055402398109436,0.5987638235092163,-0.36868610978126526,0.0,0.595300555229187,-0.0062424857169389725,0.4143308103084564,0.28050440549850464,0.13297303020954132,2.1815848350524902,0.4348917|0.2637459|0.1860804|0.1152820|0.0000000|0.0000000|0.0000000|0.0000000|0.0000000|0.0000000,0,0.4348916709423065,5.220554625607716,0,0,0,0,0,
cross_town,Town02,mixed,18,131,6.55,-7.44941520690918,208.91993713378906,0.22167754173278809,89.98705291748047,0.0,500.6872872837705,0.0,0.0,2.663161087212984e-07,3.4335866292066503e-07,0.44091185450670667,0.110921710729599,0.38797011971473694,0.4940759539604187,0.0,0.5153005719184875,0.07375751435756683,0.9292061924934387,0.2757529020309448,0.867887020111084,1.6756154298782349,0.4887823|0.3074188|0.2037990|0.0000000|0.0000000|0.0000000|0.0000000|0.0000000|0.0000000|0.0000000,0,0.48878225684165955,5.202355145713072,0,0,0,0,0,
cross_town,Town02,mixed,18,132,6.6,-7.44941520690918,208.91993713378906,0.22167754173278809,89.98705291748047,0.0,500.6872872837705,0.0,0.0,2.663161087212984e-07,5.153421370908823e-07,0.4338324737560508,0.14771467447280884,0.5944828391075134,-0.1506883054971695,0.0,0.5944828391075134,-0.0062424857169389725,1.0,0.28754234313964844,52.627838134765625,1.8242442607879639,0.6165377|0.3834623|0.0000000|0.0000000|0.0000000|0.0000000|0.0000000|0.0000000|0.0000000|0.0000000,0,0.6165376901626587,5.126350881656115,0,0,0,0,0,
cross_town,Town02,mixed,18,133,6.65,-7.44941520690918,208.91993713378906,0.22167754173278809,89.98705291748047,0.0,500.6872872837705,0.0,0.0,2.663161087212984e-07,6.523957742491317e-07,0.4569120717060298,0.11198699474334717,0.4039202928543091,0.5613055229187012,0.0,0.514482855796814,0.07375751435756683,0.7692040205001831,0.27397337555885315,0.5269821882247925,1.7498639822006226,0.5052966|0.3082310|0.1864724|0.0000000|0.0000000|0.0000000|0.0000000|0.0000000|0.0000000|0.0000000,0,0.5052966475486755,5.106697760253039,0,0,0,0,0,
cross_town,Town02,mixed,18,134,6.7,-7.44941520690918,208.91993713378906,0.22167754173278809,89.98705291748047,0.0,500.6872872837705,0.0,0.0,2.663161087212984e-07,7.553985191645671e-07,0.43383247375605083,0.13560104370117188,0.550812304019928,-0.16304439306259155,0.0,0.550812304019928,-0.0062424857169389725,1.0,0.290498822927475,18.619516372680664,1.8067240715026855,0.5033038|0.2905996|0.2060966|0.0000000|0.0000000|0.0000000|0.0000000|0.0000000|0.0000000|0.0000000,0,0.5033037662506104,5.029666720341843,0,0,0,0,0,
cross_town,Town02,mixed,18,135,6.75,-7.44941520690918,208.91993713378906,0.22167754173278809,89.98705291748047,0.0,500.6872872837705,0.0,0.0,2.663161087212984e-07,7.899804958964644e-07,0.46856833815691484,0.11581140756607056,0.4276356101036072,0.46251723170280457,0.0,0.47081229090690613,0.07375751435756683,0.6526413559913635,0.27801650762557983,0.37965095043182373,1.7817580699920654,0.4020448|0.3114026|0.1773394|0.1092133|0.0000000|0.0000000|0.0000000|0.0000000|0.0000000|0.0000000,0,0.40204477310180664,5.007926157637009,0,0,0,0,0,
cross_town,Town02,mixed,18,136,6.8,-7.44941520690918,208.91993713378906,0.22167754173278809,89.98705291748047,0.0,500.6872872837705,0.0,0.0,2.663161087212984e-07,3.437719629402922e-08,0.43619963050005034,0.22261309623718262,0.5374665856361389,-0.13180145621299744,0.0,0.5374665856361389,-0.0062424857169389725,0.976328432559967,0.27844759821891785,1.1514335870742798,1.8475549221038818,0.6080064|0.2344763|0.1575174|0.0000000|0.0000000|0.0000000|0.0000000|0.0000000|0.0000000|0.0000000,0,0.6080064177513123,4.930282250482265,0,0,0,0,0,
cross_town,Town02,mixed,18,137,6.85,-7.44941520690918,208.91993713378906,0.22167754173278809,89.98705291748047,0.0,500.6872872837705,0.0,0.0,2.663161087212984e-07,1.4854524093206692e-06,0.4574896585952227,0.12312841415405273,0.4872228801250458,0.423491507768631,0.0,0.4872228801250458,0.07375751435756683,0.7634281516075134,0.2718660235404968,0.5210257768630981,1.8524049520492554,0.4808961|0.3957331|0.1233708|0.0000000|0.0000000|0.0000000|0.0000000|0.0000000|0.0000000|0.0000000,0,0.4808960556983948,4.906928280896651,0,0,0,0,0,
cross_town,Town02,mixed,18,138,6.9,-7.44941520690918,208.91993713378906,0.22167754173278809,89.98705291748047,0.0,500.6872872837705,0.0,0.0,2.663161087212984e-07,6.874830657928984e-08,0.4338324737556398,0.14356759190559387,0.5866085290908813,-0.1907566636800766,0.0,0.5672228932380676,-0.0062424857169389725,1.0,0.27931275963783264,26.16805648803711,1.939305305480957,0.7693192|0.2306808|0.0000000|0.0000000|0.0000000|0.0000000|0.0000000|0.0000000|0.0000000|0.0000000,0,0.7693192362785339,4.829392002773228,0,0,0,0,0,
cross_town,Town02,mixed,18,139,6.95,-7.44941520690918,208.91993713378906,0.22167754173278809,89.98705291748047,0.0,500.6872872837705,0.0,0.0,2.663161087212984e-07,2.060053895750069e-07,0.44476062178718156,0.11745566129684448,0.39194321632385254,0.4555090665817261,0.0,0.4872228801250458,0.07375751435756683,0.8907185196876526,0.27052074670791626,0.7540045380592346,1.8246376514434814,0.4776057|0.3961449|0.1262494|0.0000000|0.0000000|0.0000000|0.0000000|0.0000000|0.0000000|0.0000000,0,0.4776057004928589,4.805467900860574,0,0,0,0,0,
cross_town,Town02,mixed,18,140,7.0,-7.44941520690918,208.91993713378906,0.22167754173278809,89.98705291748047,0.0,500.6872872837705,0.0,0.0,2.663161087212984e-07,1.1448832754056157e-06,0.45755602240669285,0.182474285364151,0.5804715156555176,-0.2579542398452759,0.0,0.5672228932380676,-0.0062424857169389725,0.7627645134925842,0.27595677971839905,0.5160171985626221,2.227083206176758,0.3916258|0.3406163|0.1356094|0.0915119|0.0406368|0.0000000|0.0000000|0.0000000|0.0000000|0.0000000,0,0.3916257619857788,4.728838870830704,0,0,0,0,0,
cross_town,Town02,mixed,18,141,7.05,-7.44941520690918,208.91993713378906,0.22167754173278809,89.98705291748047,0.0,500.6872872837705,0.0,0.0,2.663161087212984e-07,5.493836644444802e-07,0.43382013147379783,0.08969175815582275,0.4003537893295288,0.21251645684242249,0.0,0.4872228801250458,0.07375751435756683,1.0,0.27381008863449097,33.799434661865234,1.6499873399734497,0.7106435|0.2893566|0.0000000|0.0000000|0.0000000|0.0000000|0.0000000|0.0000000|0.0000000|0.0000000,0,0.710643470287323,4.704680752304913,0,0,0,0,0,
cross_town,Town02,mixed,18,142,7.1,-7.44941520690918,208.91993713378906,0.22167754173278809,89.98705291748047,0.0,500.6872872837705,0.0,0.0,2.663161087212984e-07,6.977581878613776e-07,0.44628113025444766,0.17681297659873962,0.5869783163070679,-0.2815333902835846,0.0,0.5672228932380676,-0.0062424857169389725,0.8721970319747925,0.27551525831222534,0.7046162486076355,2.196225166320801,0.3478672|0.3662435|0.1420645|0.0989560|0.0448688|0.0000000|0.0000000|0.0000000|0.0000000|0.0000000,1,0.36624354124069214,4.629313800395618,0,0,0,0,0,
cross_town,Town02,mixed,18,143,7.15,-7.44941520690918,208.91993713378906,0.22167754173278809,89.98705291748047,0.0,500.6872872837705,0.0,0.0,2.663161087212984e-07,7.056060830456997e-07,0.4334450991721929,0.14771705865859985,0.31025153398513794,0.35415390133857727,0.0,0.4872228801250458,0.07375751435756683,0.9972483515739441,0.2782157063484192,1.6949844360351562,1.6251559257507324,0.6136796|0.2305905|0.1557300|0.0000000|0.0000000|0.0000000|0.0000000|0.0000000|0.0000000|0.0000000,0,0.6136795878410339,4.60520297193618,0,0,0,0,0,
cross_town,Town02,mixed,18,144,7.2,-7.44941520690918,208.91993713378906,0.22167754173278809,89.98705291748047,0.0,500.6872872837705,0.0,0.0,2.663161087212984e-07,0.0,0.4328263195954922,0.12455934286117554,0.5078409910202026,-0.19367851316928864,0.0,0.5078409910202026,-0.0062424857169389725,1.0,0.2750314772129059,50.26394271850586,1.8071391582489014,0.6323493|0.2169674|0.1506834|0.0000000|0.0000000|0.0000000|0.0000000|0.0000000|0.0000000|0.0000000,0,0.6323492527008057,4.530772378626207,0,0,0,0,0,
cross_town,Town02,mixed,18,145,7.25,-7.44941520690918,208.91993713378906,0.22167754173278809,89.98705291748047,0.0,500.6872872837705,0.0,0.0,2.663161087212984e-07,3.440748452911567e-08,0.43247027000190463,0.09874218702316284,0.39625483751296997,0.13436846435070038,0.0,0.4278409779071808,0.07375751435756683,1.0,0.2739419639110565,17.623985290527344,1.8135871887207031,0.6300740|0.2187080|0.1512181|0.0000000|0.0000000|0.0000000|0.0000000|0.0000000|0.0000000|0.0000000,0,0.6300739645957947,4.506658927420139,0,0,0,0,0,
cross_town,Town02,mixed,18,146,7.3,-7.44941520690918,208.91993713378906,0.22167754173278809,89.98705291748047,0.0,500.6872872837705,0.0,0.0,2.663161087212984e-07,6.886599523366477e-08,0.43210052200047694,0.23871517181396484,0.5345063805580139,0.19308578968048096,0.0,0.5078409910202026,0.1537575125694275,1.0,0.26195380091667175,26.764251708984375,1.0821149349212646,1.0000000|0.0000000|0.0000000|0.0000000|0.0000000|0.0000000|0.0000000|0.0000000|0.0000000|0.0000000,0,1.0,4.432897712577233,0,0,0,0,0,
cross_town,Town02,mixed,18,147,7.35,-7.44941520690918,208.91993713378906,0.22167754173278809,89.98705291748047,0.0,500.6872872837705,0.0,0.0,2.663161087212984e-07,1.3733258088206466e-07,0.432127079136363,0.3071708679199219,0.6526150703430176,-0.4539662003517151,0.0,0.5878409743309021,0.07375751435756683,0.9959034323692322,0.26299506425857544,1.6103814840316772,2.0906319618225098,0.4651896|0.3852663|0.1495442|0.0000000|0.0000000|0.0000000|0.0000000|0.0000000|0.0000000|0.0000000,0,0.4651895761489868,4.408257661549755,0,0,0,0,0,
cross_town,Town02,mixed,18,148,7.4,-7.44941520690918,208.91993713378906,0.22167754173278809,89.98705291748047,0.0,500.6872872837705,0.0,0.0,2.663161087212984e-07,3.090110188213409e-07,0.43141175274250054,0.3016907870769501,0.5936570763587952,-0.4867483675479889,0.0,0.5936570763587952,-0.0062424857169389725,0.9990782737731934,0.26904094219207764,1.978062391281128,1.8097907304763794,0.4294530|0.3171584|0.1244148|0.0793733|0.0496005|0.0000000|0.0000000|0.0000000|0.0000000|0.0000000,0,0.4294529855251312,4.334969652706938,0,0,0,0,0,
cross_town,Town02,mixed,18,149,7.45,-7.44941520690918,208.91993713378906,0.22167754173278809,89.98705291748047,0.0,500.6872872837705,0.0,0.0,2.663161087212984e-07,4.807123232337194e-07,0.43090889268347904,0.13794651627540588,0.31986165046691895,0.25644850730895996,0.0,0.5136570930480957,0.07375751435756683,0.999984622001648,0.2790899872779846,2.9908106327056885,1.5931158065795898,0.7002429|0.1846270|0.1151302|0.0000000|0.0000000|0.0000000|0.0000000|0.0000000|0.0000000|0.0000000,0,0.7002428770065308,4.309632396611113,0,0,0,0,0,
cross_town,Town02,mixed,18,150,7.5,-7.44941520690918,208.91993713378906,0.22167754173278809,89.98705291748047,0.0,500.6872872837705,0.0,0.0,2.663161087212984e-07,8.737707765490648e-07,0.43047929045102284,0.20109373331069946,0.6142454743385315,-0.32852616906166077,0.0,0.5936570763587952,-0.0062424857169389725,1.0,0.2574331760406494,10.88656234741211,1.7290410995483398,0.7942250|0.2057750|0.0000000|0.0000000|0.0000000|0.0000000|0.0000000|0.0000000|0.0000000|0.0000000,0,0.7942250370979309,4.236677043039583,0,0,0,0,0,
cross_town,Town02,mixed,18,151,7.55,-7.44941520690918,208.91993713378906,0.22167754173278809,89.98705291748047,0.0,500.6872872837705,0.0,0.0,2.663161087212984e-07,7.897472123858215e-07,0.4349376856165825,0.12068614363670349,0.33126136660575867,0.25115126371383667,0.0,0.5136570930480957,0.07375751435756683,0.9509801268577576,0.2721670866012573,0.9691494107246399,1.705993413925171,0.7971051|0.2028950|0.0000000|0.0000000|0.0000000|0.0000000|0.0000000|0.0000000|0.0000000|0.0000000,0,0.797105073928833,4.210585296060169,0,0,0,0,0,
cross_town,Town02,mixed,18,152,7.6,-7.44941520690918,208.91993713378906,0.22167754173278809,89.98705291748047,0.0,500.6872872837705,0.0,0.0,2.663161087212984e-07,8.240727760774618e-07,0.429685960744272,0.1892605721950531,0.5490890741348267,-0.34315159916877747,0.0,0.5490890741348267,-0.0062424857169389725,0.9988909363746643,0.264559805393219,1.9362118244171143,2.073822498321533,0.4482729|0.3138488|0.1131077|0.0770152|0.0477554|0.0000000|0.0000000|0.0000000|0.0000000|0.0000000,0,0.4482729136943817,4.138020294532105,0,0,0,0,0,
cross_town,Town02,mixed,18,153,7.65,-7.44941520690918,208.91993713378906,0.22167754173278809,89.98705291748047,0.0,500.6872872837705,0.0,0.0,2.663161087212984e-07,3.4387857825257385e-08,0.430663203034056,0.14074572920799255,0.28451812267303467,0.3815881609916687,0.0,0.4690890610218048,0.07375751435756683,0.9843448996543884,0.27760836482048035,1.2576868534088135,1.6689406633377075,0.6488950|0.2453324|0.1057727|0.0000000|0.0000000|0.0000000|0.0000000|0.0000000|0.0000000|0.0000000,0,0.6488949656486511,4.111262361540667,0,0,0,0,0,
cross_town,Town02,mixed,18,154,7.7,-7.44941520690918,208.91993713378906,0.22167754173278809,89.98705291748047,0.0,500.6872872837705,0.0,0.0,2.663161087212984e-07,6.885935229511573e-08,0.43286989254120356,0.14733684062957764,0.5627161264419556,-0.2157684564590454,0.0,0.5490890741348267,-0.0062424857169389725,0.9573208093643188,0.2614232301712036,1.016183853149414,2.189148426055908,0.4743910|0.3056261|0.1029519|0.0674595|0.0495716|0.0000000|0.0000000|0.0000000|0.0000000|0.0000000,0,0.47439101338386536,4.039219650022681,0,0,0,0,0,
cross_town,Town02,mixed,18,155,7.75,-7.44941520690918,208.91993713378906,0.22167754173278809,89.98705291748047,0.0,500.6872872837705,0.0,0.0,2.663161087212984e-07,1.0300090503370186e-07,0.4859917387465177,0.1058947741985321,0.4017210900783539,0.30270516872406006,0.0,0.4690890610218048,0.07375751435756683,0.42096570134162903,0.2566271424293518,0.16367027163505554,1.7216439247131348,0.5430946|0.3103830|0.0853500|0.0611724|0.0000000|0.0000000|0.0000000|0.0000000|0.0000000|0.0000000,0,0.5430945754051208,4.011931258931929,0,0,0,0,0,
cross_town,Town02,mixed,18,156,7.8,-7.44941520690918,208.91993713378906,0.22167754173278809,89.98705291748047,0.0,500.6872872837705,0.0,0.0,2.663161087212984e-07,2.746892762881847e-07,0.4275548460338948,0.021181941032409668,0.9401077032089233,0.33668258786201477,0.0,0.5490890741348267,0.1537575125694275,1.0,0.800000011920929,8.8558988571167,1.336749792098999,1.0000000|0.0000000|0.0000000|0.0000000|0.0000000|0.0000000|0.0000000|0.0000000|0.0000000|0.0000000,0,1.0,3.9405176737817103,0,0,0,0,0,
cross_town,Town02,mixed,18,157,7.85,-7.44941520690918,208.91993713378906,0.22167754173278809,89.98705291748047,0.0,500.6872872837705,0.0,0.0,2.663161087212984e-07,4.2959667406899093e-07,0.42917109117149593,0.2894737720489502,0.6679927110671997,-0.5103538632392883,0.0,0.6290890574455261,0.07375751435756683,0.9783105850219727,0.2585362195968628,1.1937143802642822,1.9499468803405762,0.4967080|0.2733747|0.0989968|0.0751307|0.0557897|0.0000000|0.0000000|0.0000000|0.0000000|0.0000000,0,0.4967079758644104,3.912887512574732,0,0,0,0,0,
cross_town,Town02,mixed,18,158,7.9,-7.44941520690918,208.91993713378906,0.22167754173278809,89.98705291748047,0.0,500.6872872837705,0.0,0.0,2.663161087212984e-07,9.413602197220617e-07,0.426909549048629,0.43711569905281067,0.5796486139297485,-0.565933108329773,0.0,0.5796486139297485,-0.0062424857169389725,0.9951866269111633,0.2481752187013626,1.5847054719924927,1.2034173011779785,0.5858900|0.3066359|0.1074741|0.0000000|0.0000000|0.0000000|0.0000000|0.0000000|0.0000000|0.0000000,0,0.585889995098114,3.8421973516639922,0,0,0,0,0,
cross_town,Town02,mixed,18,159,7.95,-7.44941520690918,208.91993713378906,0.22167754173278809,89.98705291748047,0.0,500.6872872837705,0.0,0.0,2.663161087212984e-07,6.867399330508663e-07,0.4315628785586377,0.10074445605278015,0.390207976102829,0.4531700611114502,0.0,0.4996486008167267,0.07375751435756683,0.9427064061164856,0.25549986958503723,0.9446418881416321,1.617335557937622,0.5237435|0.2487065|0.1022720|0.0697733|0.0555047|0.0000000|0.0000000|0.0000000|0.0000000|0.0000000,0,0.5237434506416321,3.813992536034454,0,0,0,0,0,
cross_town,Town02,mixed,18,160,8.0,-7.44941520690918,208.91993713378906,0.22167754173278809,89.98705291748047,0.0,500.6872872837705,0.0,0.0,2.663161087212984e-07,7.210683207941123e-07,0.42521601903375106,0.17002636194229126,0.5915930271148682,-0.39982765913009644,0.0,0.5796486139297485,-0.0062424857169389725,1.0,0.23893019556999207,6.165049076080322,1.6057374477386475,0.8445986|0.1554014|0.0000000|0.0000000|0.0000000|0.0000000|0.0000000|0.0000000|0.0000000|0.0000000,0,0.8445985913276672,3.7439053350338782,0,0,0,0,0,
cross_town,Town02,mixed,18,161,8.05,-7.44941520690918,208.91993713378906,0.22167754173278809,89.98705291748047,0.0,500.6872872837705,0.0,0.0,2.663161087212984e-07,3.4516411371084365e-08,0.4347628553594911,0.09753888845443726,0.34354063868522644,0.2924163043498993,0.0,0.4996486008167267,0.07375751435756683,0.8981340527534485,0.24870158731937408,0.7954638004302979,1.522390604019165,0.5714120|0.2563659|0.1034866|0.0687355|0.0000000|0.0000000|0.0000000|0.0000000|0.0000000|0.0000000,0,0.5714119672775269,3.7153154164614337,0,0,0,0,0,
cross_town,Town02,mixed,18,162,8.1,-7.44941520690918,208.91993713378906,0.22167754173278809,89.98705291748047,0.0,500.6872872837705,0.0,0.0,2.663161087212984e-07,3.4525730274017475e-08,0.4243194635489754,0.18709248304367065,0.6302663683891296,-0.4187224805355072,0.0,0.5796486139297485,-0.0062424857169389725,0.9959248304367065,0.24701496958732605,1.627673864364624,1.9056379795074463,0.5775514|0.2618527|0.0989576|0.0616383|0.0000000|0.0000000|0.0000000|0.0000000|0.0000000|0.0000000,0,0.5775513648986816,3.6458310549899386,0,0,0,0,0,
cross_town,Town02,mixed,18,163,8.15,-7.44941520690918,208.91993713378906,0.22167754173278809,89.98705291748047,0.0,500.6872872837705,0.0,0.0,2.663161087212984e-07,3.497246894175952e-08,0.43268222114001487,0.10138708353042603,0.3490753769874573,0.28515130281448364,0.0,0.4996486008167267,0.07375751435756683,0.9054153561592102,0.24565622210502625,0.8190683126449585,1.5095727443695068,0.5877023|0.2474163|0.1006933|0.0641880|0.0000000|0.0000000|0.0000000|0.0000000|0.0000000|0.0000000,0,0.5877023339271545,3.6167481143325273,0,0,0,0,0,
cross_town,Town02,mixed,18,164,8.2,-7.44941520690918,208.91993713378906,0.22167754173278809,89.98705291748047,0.0,500.6872872837705,0.0,0.0,2.663161087212984e-07,1.4530481854922627e-07,0.42297219126223495,0.16629630327224731,0.6469215154647827,-0.41136887669563293,0.0,0.5796486139297485,-0.0062424857169389725,0.9953692555427551,0.24376770853996277,1.598835825920105,1.7502635717391968,0.5980930|0.2440050|0.0950522|0.0628497|0.0000000|0.0000000|0.0000000|0.0000000|0.0000000|0.0000000,0,0.5980930328369141,3.5477523273531575,0,0,0,0,0,
cross_town,Town02,mixed,18,165,8.25,-7.44941520690918,208.91993713378906,0.22167754173278809,89.98705291748047,0.0,500.6872872837705,0.0,0.0,2.663161087212984e-07,1.6216273146152825e-06,0.45347456603863817,0.10311704874038696,0.36822593212127686,0.3227176070213318,0.0,0.4996486008167267,0.07375751435756683,0.682942807674408,0.24260711669921875,0.4492250978946686,1.5501621961593628,0.6037104|0.2592322|0.0696044|0.0674531|0.0000000|0.0000000|0.0000000|0.0000000|0.0000000|0.0000000,0,0.603710412979126,3.518185581044275,0,0,0,0,0,
cross_town,Town02,mixed,18,166,8.3,-7.44941520690918,208.91993713378906,0.22167754173278809,89.98705291748047,0.0,500.6872872837705,0.0,0.0,2.663161087212984e-07,1.033060905060327e-07,0.42207616975744744,0.17710033059120178,0.6564788818359375,-0.4441101849079132,0.0,0.5796486139297485,-0.0062424857169389725,0.9892393350601196,0.24025630950927734,1.3900024890899658,1.8031082153320312,0.6187366|0.2292820|0.0973319|0.0546494|0.0000000|0.0000000|0.0000000|0.0000000|0.0000000|0.0000000,0,0.6187366247177124,3.44974116283052,0,0,0,0,0,
cross_town,Town02,mixed,18,167,8.35,-7.44941520690918,208.91993713378906,0.22167754173278809,89.98705291748047,0.0,500.6872872837705,0.0,0.0,2.663161087212984e-07,1.0362664654483138e-07,0.4434324893998279,0.10250252485275269,0.36562490463256836,0.2683359980583191,0.0,0.4996486008167267,0.07375751435756683,0.767713725566864,0.23764753341674805,0.5612139701843262,1.504111409187317,0.6448652|0.2304692|0.0661428|0.0585229|0.0000000|0.0000000|0.0000000|0.0000000|0.0000000|0.0000000,0,0.6448651552200317,3.4195789576058284,0,0,0,0,0,
cross_town,Town02,mixed,18,168,8.4,-7.44941520690918,208.91993713378906,0.22167754173278809,89.98705291748047,0.0,500.6872872837705,0.0,0.0,2.663161087212984e-07,1.037126114911047e-07,0.4195342765038912,0.19052654504776,0.657017707824707,-0.45357251167297363,0.0,0.5796486139297485,-0.0062424857169389725,0.9984273910522461,0.23738661408424377,1.8759758472442627,1.748885154724121,0.6300009|0.2393586|0.0713204|0.0593201|0.0000000|0.0000000|0.0000000|0.0000000|0.0000000|0.0000000,0,0.6300008893013,3.351817650837858,0,0,0,0,0,
cross_town,Town02,mixed,18,169,8.45,-7.44941520690918,208.91993713378906,0.22167754173278809,89.98705291748047,0.0,500.6872872837705,0.0,0.0,2.663161087212984e-07,1.6213545565797824e-06,0.42334585139935793,0.0987040102481842,0.3950393795967102,0.24258393049240112,0.0,0.4996486008167267,0.07375751435756683,0.9517475962638855,0.23547643423080444,1.0099871158599854,1.4439895153045654,0.6356924|0.2250927|0.0819753|0.0572396|0.0000000|0.0000000|0.0000000|0.0000000|0.0000000|0.0000000,0,0.6356924176216125,3.3211724950322594,0,0,0,0,0,
cross_town,Town02,mixed,18,170,8.5,-7.44941520690918,208.91993713378906,0.22167754173278809,89.98705291748047,0.0,500.6872872837705,0.0,0.0,2.663161087212984e-07,3.441208159761644e-08,0.41785141449945934,0.16400504112243652,0.6464361548423767,-0.3801475167274475,0.0,0.5796486139297485,-0.0062424857169389725,0.9977993369102478,0.23802253603935242,1.7911821603775024,1.7636487483978271,0.6117136|0.1934545|0.0824204|0.0595659|0.0528456|0.0000000|0.0000000|0.0000000|0.0000000|0.0000000,0,0.6117135882377625,3.2539588603975114,0,0,0,0,0,
cross_town,Town02,mixed,18,171,8.55,-7.44941520690918,208.91993713378906,0.22167754173278809,89.98705291748047,0.0,500.6872872837705,0.0,0.0,2.663161087212984e-07,3.4576160383315777e-08,0.41671031668531067,0.16259166598320007,0.3153296709060669,0.2859070599079132,0.0,0.4996486008167267,0.07375751435756683,1.0,0.27882617712020874,8.73829460144043,1.549430012702942,0.6410388|0.1943258|0.1646355|0.0000000|0.0000000|0.0000000|0.0000000|0.0000000|0.0000000|0.0000000,0,0.6410387754440308,3.222897728202452,0,0,0,0,0,
cross_town,Town02,mixed,18,172,8.6,-7.44941520690918,208.91993713378906,0.22167754173278809,89.98705291748047,0.0,500.6872872837705,0.0,0.0,2.663161087212984e-07,1.2599316528814655e-07,0.4157540735890999,0.15069431066513062,0.5954669713973999,0.2842455804347992,0.0,0.5796486139297485,0.1537575125694275,1.0,0.30439531803131104,18.407827377319336,2.013359308242798,0.4075135|0.3291512|0.2633353|0.0000000|0.0000000|0.0000000|0.0000000|0.0000000|0.0000000|0.0000000,0,0.4075135290622711,3.156332484893002,0,0,0,0,0,
cross_town,Town02,mixed,18,173,8.65,-7.44941520690918,208.91993713378906,0.22167754173278809,89.98705291748047,0.0,500.6872872837705,0.0,0.0,2.663161087212984e-07,3.5615768955335663e-08,0.41476363000460886,0.3657956123352051,0.6668991446495056,-0.4250618517398834,0.0,0.659648597240448,0.07375751435756683,1.0,0.21282653510570526,17.537874221801758,1.5959270000457764,0.9083571|0.0916429|0.0000000|0.0000000|0.0000000|0.0000000|0.0000000|0.0000000|0.0000000|0.0000000,0,0.9083570837974548,3.1246981284194946,0,0,0,0,0,
cross_town,Town02,mixed,18,174,8.7,-7.44941520690918,208.91993713378906,0.22167754173278809,89.98705291748047,0.0,500.6872872837705,0.0,0.0,2.663161087212984e-07,1.4590733001090792e-07,0.4162552551548225,0.5132376551628113,0.7152172327041626,-0.647838830947876,0.0,0.7152172327041626,-0.0062424857169389725,0.974801242351532,0.2266639769077301,1.1871953010559082,0.5726145505905151,0.6770602|0.1914371|0.0797915|0.0517111|0.0000000|0.0000000|0.0000000|0.0000000|0.0000000|0.0000000,0,0.6770602464675903,3.058647783271308,0,0,0,0,0,
cross_town,Town02,mixed,18,175,8.75,-7.44941520690918,208.91993713378906,0.22167754173278809,89.98705291748047,0.0,500.6872872837705,0.0,0.0,2.663161087212984e-07,1.0382938577063837e-07,0.41277659091240926,0.08492928743362427,0.731171190738678,0.5153588056564331,0.0,0.731171190738678,0.07375751435756683,0.998938262462616,0.2298188954591751,1.9818671941757202,1.663802146911621,0.6370251|0.1843483|0.0727250|0.0604535|0.0454482|0.0000000|0.0000000|0.0000000|0.0000000|0.0000000,0,0.6370251178741455,3.0265753457252003,0,0,0,0,0,
cross_town,Town02,mixed,18,176,8.8,-7.44941520690918,208.91993713378906,0.22167754173278809,89.98705291748047,0.0,500.6872872837705,0.0,0.0,2.663161087212984e-07,1.6554494982642654e-06,0.4115649119114085,0.7232580184936523,0.8384054899215698,-0.6656985878944397,0.0,0.8111711740493774,-0.0062424857169389725,1.0,0.22047685086727142,7.987931728363037,-0.0006985664367675781,0.7871422|0.0798586|0.0744927|0.0585065|0.0000000|0.0000000|0.0000000|0.0000000|0.0000000|0.0000000,0,0.7871422171592712,2.96127142785216,0,0,0,0,0,
cross_town,Town02,mixed,18,177,8.85,-7.44941520690918,208.91993713378906,0.22167754173278809,89.98705291748047,0.0,500.6872872837705,0.0,0.0,2.663161087212984e-07,2.4286200095612486e-07,0.4104200303555971,0.17282795906066895,0.8461255431175232,0.7101485729217529,0.0,0.8461255431175232,0.07375751435756683,1.0,0.2195529192686081,9.595453262329102,2.105339288711548,0.7812544|0.0884984|0.0721833|0.0580639|0.0000000|0.0000000|0.0000000|0.0000000|0.0000000|0.0000000,0,0.7812544107437134,2.9287765846739435,0,0,0,0,0,
cross_town,Town02,mixed,18,178,8.9,-7.44941520690918,208.91993713378906,0.22167754173278809,89.98705291748047,0.0,500.6872872837705,0.0,0.0,2.663161087212984e-07,1.858569222369524e-09,0.40923403893531063,0.6853018403053284,0.04036489129066467,-0.0962400734424591,0.0,0.7661255598068237,-0.0062424857169389725,0.9999759197235107,0.27910199761390686,2.8791098594665527,0.8785373568534851,0.5903299|0.2515196|0.1581505|0.0000000|0.0000000|0.0000000|0.0000000|0.0000000|0.0000000|0.0000000,0,0.5903299450874329,2.864053035253629,0,0,0,0,0,
cross_town,Town02,mixed,18,179,8.95,-7.44941520690918,208.91993713378906,0.22167754173278809,89.98705291748047,0.0,500.6872872837705,0.0,0.0,2.663161087212984e-07,1.5195002073793893e-06,0.41247106906743275,0.16842737793922424,0.8244496583938599,0.6237869262695312,0.0,0.8244496583938599,0.07375751435756683,0.9552996158599854,0.2173706591129303,1.0481398105621338,2.3827569484710693,0.7113807|0.1761666|0.0656648|0.0467879|0.0000000|0.0000000|0.0000000|0.0000000|0.0000000|0.0000000,0,0.711380660533905,2.8311107286175345,0,0,0,0,0,
cross_town,Town02,mixed,18,180,9.0,-7.44941520690918,208.91993713378906,0.22167754173278809,89.98705291748047,0.0,500.6872872837705,0.0,0.0,2.663161087212984e-07,6.890065172103831e-08,0.40672376199752736,0.9169765710830688,0.052191197872161865,-0.4825800657272339,0.0,0.7444496750831604,-0.0062424857169389725,0.9999995231628418,0.2216372787952423,3.8994269371032715,0.0945364236831665,0.6624913|0.1646609|0.0712850|0.0591669|0.0423959|0.0000000|0.0000000|0.0000000|0.0000000|0.0000000,0,0.6624913215637207,2.767014459459781,0,0,0,0,0,
cross_town,Town02,mixed,18,181,9.05,-7.44941520690918,208.91993713378906,0.22167754173278809,89.98705291748047,0.0,500.6872872837705,0.0,0.0,2.663161087212984e-07,1.0313834232131813e-07,0.4054011535656515,0.11309808492660522,0.678834080696106,0.7486830353736877,0.0,0.678834080696106,0.07375751435756683,1.0,0.29964160919189453,6.123356819152832,1.6029207706451416,0.4739468|0.5260532|0.0000000|0.0000000|0.0000000|0.0000000|0.0000000|0.0000000|0.0000000|0.0000000,1,0.526053249835968,2.7336306574782254,0,0,0,0,0,
cross_town,Town02,mixed,18,182,9.1,-7.44941520690918,208.91993713378906,0.22167754173278809,89.98705291748047,0.0,500.6872872837705,0.0,0.0,2.663161087212984e-07,1.0328612257568626e-07,0.4072624131891166,0.5254500508308411,0.7987015247344971,-0.6176948547363281,0.0,0.7588340640068054,-0.0062424857169389725,0.9676612615585327,0.2124267816543579,1.1372272968292236,0.02358013391494751,0.7204054|0.1720264|0.0614685|0.0460998|0.0000000|0.0000000|0.0000000|0.0000000|0.0000000|0.0000000,0,0.7204053997993469,2.670248039566441,0,0,0,0,0,
cross_town,Town02,mixed,18,183,9.15,-7.44941520690918,208.91993713378906,0.22167754173278809,89.98705291748047,0.0,500.6872872837705,0.0,0.0,2.663161087212984e-07,1.0347468020438865e-07,0.4034647663835171,0.17457938194274902,0.8071581125259399,0.5503436923027039,0.0,0.8071581125259399,0.07375751435756683,0.9914267063140869,0.2047845721244812,1.4828388690948486,2.154050827026367,0.7743071|0.1752926|0.0504003|0.0000000|0.0000000|0.0000000|0.0000000|0.0000000|0.0000000|0.0000000,0,0.774307131767273,2.636396136993557,0,0,0,0,0,
cross_town,Town02,mixed,18,184,9.2,-7.44941520690918,208.91993713378906,0.22167754173278809,89.98705291748047,0.0,500.6872872837705,0.0,0.0,2.663161087212984e-07,1.6393040169143613e-07,0.40113266745249965,0.8655398488044739,0.16443070769309998,-0.40730348229408264,0.0,0.7271581292152405,-0.0062424857169389725,1.0,0.21345166862010956,5.241078853607178,0.15104174613952637,0.6937147|0.1500019|0.0617625|0.0573046|0.0372162|0.0000000|0.0000000|0.0000000|0.0000000|0.0000000,0,0.6937147378921509,2.573585749440936,0,0,0,0,0,
cross_town,Town02,mixed,18,185,9.25,-7.44941520690918,208.91993713378906,0.22167754173278809,89.98705291748047,0.0,500.6872872837705,0.0,0.0,2.663161087212984e-07,1.627409757496344e-07,0.39961340957830765,0.23180922865867615,0.4314499795436859,0.40169426798820496,0.0,0.647158145904541,0.07375751435756683,0.9999257326126099,0.2829667329788208,2.5940768718719482,1.661116600036621,0.4783731|0.1994964|0.1903681|0.1317625|0.0000000|0.0000000|0.0000000|0.0000000|0.0000000|0.0000000,0,0.47837305068969727,2.539365994660246,0,0,0,0,0,
cross_town,Town02,mixed,18,186,9.3,-7.44941520690918,208.91993713378906,0.22167754173278809,89.98705291748047,0.0,500.6872872837705,0.0,0.0,2.663161087212984e-07,0.0,0.4113130699187108,0.47106635570526123,0.6809775829315186,-0.5842325091362,0.0,0.6809775829315186,-0.0062424857169389725,0.8670883178710938,0.20445407927036285,0.7644098997116089,0.5614144802093506,0.7458463|0.1544950|0.0602706|0.0393881|0.0000000|0.0000000|0.0000000|0.0000000|0.0000000|0.0000000,0,0.7458463311195374,2.4772271241725603,0,0,0,0,0,
cross_town,Town02,mixed,18,187,9.35,-7.44941520690918,208.91993713378906,0.22167754173278809,89.98705291748047,0.0,500.6872872837705,0.0,0.0,2.663161087212984e-07,3.5076171341057277e-09,0.40365227653310726,0.13093432784080505,0.6369510889053345,0.5187555551528931,0.0,0.6369510889053345,0.07375751435756683,0.9273022413253784,0.2985388934612274,0.8379534482955933,1.1395381689071655,0.5243088|0.4756913|0.0000000|0.0000000|0.0000000|0.0000000|0.0000000|0.0000000|0.0000000|0.0000000,0,0.5243088006973267,2.443540368789602,0,0,0,0,0,
cross_town,Town02,mixed,18,188,9.4,-7.44941520690918,208.91993713378906,0.22167754173278809,89.98705291748047,0.0,500.6872872837705,0.0,0.0,2.663161087212984e-07,6.3649642073891444e-09,0.39468379191232345,0.3881198465824127,0.7314701676368713,-0.5739602446556091,0.0,0.7169510722160339,-0.0062424857169389725,1.0,0.1907043606042862,11.92186450958252,0.8601199388504028,0.8819366|0.0693768|0.0486866|0.0000000|0.0000000|0.0000000|0.0000000|0.0000000|0.0000000|0.0000000,0,0.8819366097450256,2.3862959445963683,0,0,0,0,0,
cross_town,Town02,mixed,18,189,9.45,-7.44941520690918,208.91993713378906,0.22167754173278809,89.98705291748047,0.0,500.6872872837705,0.0,0.0,2.663161087212984e-07,9.67382138043486e-09,0.3946607141520841,0.09655922651290894,0.7342077493667603,0.5098084807395935,0.0,0.7342077493667603,0.07375751435756683,0.9827075600624084,0.20660383999347687,1.303406000137329,1.5297080278396606,0.6968063|0.1480045|0.0605270|0.0566094|0.0380529|0.0000000|0.0000000|0.0000000|0.0000000|0.0000000,0,0.6968062520027161,2.3605179071957036,0,0,0,0,0,
cross_town,Town02,mixed,18,190,9.5,-7.44941520690918,208.91993713378906,0.22167754173278809,89.98705291748047,0.0,500.6872872837705,0.0,0.0,2.663161087212984e-07,6.939729695022347e-08,0.4003700356543625,0.5189775228500366,0.8391016125679016,-0.6376032829284668,0.0,0.8142077326774597,-0.0062424857169389725,0.9075343608856201,0.20240819454193115,0.8685653805732727,-0.082039475440979,0.7236142|0.1336707|0.0569405|0.0493290|0.0364457|0.0000000|0.0000000|0.0000000|0.0000000|0.0000000,0,0.7236141562461853,2.3123806437118506,0,0,0,0,0,
cross_town,Town02,mixed,18,191,9.55,-7.44941520690918,208.91993713378906,0.22167754173278809,89.98705291748047,0.0,500.6872872837705,0.0,0.0,2.663161087212984e-07,2.0746707450543297e-07,0.3892927853419732,0.14938277006149292,0.8245447874069214,0.6826288104057312,0.0,0.8245447874069214,0.07375751435756683,0.9997441172599792,0.20111259818077087,2.366562843322754,2.191586971282959,0.7234950|0.1326523|0.0533604|0.0544755|0.0360167|0.0000000|0.0000000|0.0000000|0.0000000|0.0000000,0,0.7234950065612793,2.2962751077230315,0,0,0,0,0,
cross_town,Town02,mixed,18,192,9.6,-7.44941520690918,208.91993713378906,0.22167754173278809,89.98705291748047,0.0,500.6872872837705,0.0,0.0,2.663161087212984e-07,2.748826725496001e-07,0.3873599815982012,0.8925188779830933,0.05460885167121887,-0.31591612100601196,0.0,0.7445448040962219,-0.0062424857169389725,1.0,0.18960151076316833,7.5755462646484375,0.23878133296966553,0.8392300|0.0589802|0.0611099|0.0406800|0.0000000|0.0000000|0.0000000|0.0000000|0.0000000|0.0000000,0,0.8392300009727478,2.254767340011712,0,0,0,0,0,
cross_town,Town02,mixed,18,193,9.65,-7.44941520690918,208.91993713378906,0.22167754173278809,89.98705291748047,0.0,500.6872872837705,0.0,0.0,2.663161087212984e-07,3.099117332080825e-07,0.3854117589256816,0.13716745376586914,0.7880886793136597,0.5174530148506165,0.0,0.7880886793136597,0.07375751435756683,0.9999690055847168,0.19784940779209137,2.8980555534362793,1.9409054517745972,0.7280033|0.1324064|0.0534892|0.0519572|0.0341440|0.0000000|0.0000000|0.0000000|0.0000000|0.0000000,0,0.7280032634735107,2.244887252636253,0,0,0,0,0,
cross_town,Town02,mixed,18,194,9.7,-7.44941520690918,208.91993713378906,0.22167754173278809,89.98705291748047,0.0,500.6872872837705,0.0,0.0,2.663161087212984e-07,3.0922496476551356e-07,0.3834084728772303,0.7450178861618042,0.5454950928688049,-0.13883495330810547,0.0,0.7080886960029602,-0.0062424857169389725,0.9999998807907104,0.1907651275396347,4.247771263122559,0.1908610463142395,0.7693924|0.1388011|0.0570731|0.0347334|0.0000000|0.0000000|0.0000000|0.0000000|0.0000000|0.0000000,0,0.7693923711776733,2.2053025004612956,0,0,0,0,0,
cross_town,Town02,mixed,18,195,9.75,-7.44941520690918,208.91993713378906,0.22167754173278809,89.98705291748047,0.0,500.6872872837705,0.0,0.0,2.663161087212984e-07,3.4387857825413186e-08,0.38313020570706063,0.08600234985351562,0.765411376953125,0.4231052100658417,0.0,0.765411376953125,0.07375751435756683,0.9823493361473083,0.18399465084075928,1.320798397064209,1.4259302616119385,0.8466850|0.0597592|0.0572098|0.0363460|0.0000000|0.0000000|0.0000000|0.0000000|0.0000000|0.0000000,0,0.846684992313385,2.196847297882846,0,0,0,0,0,
cross_town,Town02,mixed,18,196,9.8,-7.44941520690918,208.91993713378906,0.22167754173278809,89.98705291748047,0.0,500.6872872837705,0.0,0.0,2.663161087212984e-07,6.871836511536903e-08,0.3793049137198372,0.6312887668609619,0.7642860412597656,-0.25419071316719055,0.0,0.7642860412597656,-0.0062424857169389725,0.9996687173843384,0.18938423693180084,2.313659906387329,0.35388779640197754,0.7576005|0.1332032|0.0588547|0.0503416|0.0000000|0.0000000|0.0000000|0.0000000|0.0000000|0.0000000,0,0.7576004862785339,2.1553995859610824,0,0,0,0,0,
cross_town,Town02,mixed,18,197,9.85,-7.44941520690918,208.91993713378906,0.22167754173278809,89.98705291748047,0.0,500.6872872837705,0.0,0.0,2.663161087212984e-07,1.45124669738893e-06,0.37750734622484433,0.17329591512680054,0.811363697052002,0.5525713562965393,0.0,0.811363697052002,0.07375751435756683,0.9962615370750427,0.1852228343486786,1.7111084461212158,2.2029690742492676,0.7813905|0.1365423|0.0482884|0.0337788|0.0000000|0.0000000|0.0000000|0.0000000|0.0000000|0.0000000,0,0.7813904881477356,2.1448411232491376,0,0,0,0,0,
cross_town,Town02,mixed,18,198,9.9,-7.44941520690918,208.91993713378906,0.22167754173278809,89.98705291748047,0.0,500.6872872837705,0.0,0.0,2.663161087212984e-07,1.7166678793306126e-07,0.3749424910115029,0.8255723714828491,0.1680907905101776,-0.3376610577106476,0.0,0.7313637137413025,-0.0062424857169389725,0.9999899864196777,0.19186922907829285,3.1857852935791016,0.11909878253936768,0.7319088|0.1203270|0.0524133|0.0505379|0.0312786|0.0135344|0.0000000|0.0000000|0.0000000|0.0000000,0,0.7319087982177734,2.0999862396833344,0,0,0,0,0,
cross_town,Town02,mixed,18,199,9.95,-7.44941520690918,208.91993713378906,0.22167754173278809,89.98705291748047,0.0,500.6872872837705,0.0,0.0,2.663161087212984e-07,3.433590292236559e-07,0.3737410461421151,0.11271557211875916,0.7360063791275024,0.532920777797699,0.0,0.7360063791275024,0.07375751435756683,0.9895971417427063,0.1836751252412796,1.4551289081573486,1.7649950981140137,0.7804164|0.1217582|0.0514875|0.0321875|0.0141504|0.0000000|0.0000000|0.0000000|0.0000000|0.0000000,0,0.7804163694381714,2.0858101581751605,0,0,0,0,0,
cross_town,Town02,mixed,18,200,10.0,-7.44941520690918,208.91993713378906,0.22167754173278809,89.98705291748047,0.0,500.6872872837705,0.0,0.0,2.663161087212984e-07,4.80714962708866e-07,0.39125059763031883,0.4202910363674164,0.8962759971618652,-0.6398168802261353,0.0,0.8160063624382019,-0.0062424857169389725,0.7915179133415222,0.18432924151420593,0.6491955518722534,-0.037592530250549316,0.7655256|0.1268755|0.0588880|0.0340567|0.0146542|0.0000000|0.0000000|0.0000000|0.0000000|0.0000000,0,0.7655256390571594,2.0379883084911756,0,0,0,0,0,
cross_town,Town02,mixed,18,201,10.05,-7.44941520690918,208.91993713378906,0.22167754173278809,89.98705291748047,0.0,500.6872872837705,0.0,0.0,2.663161087212984e-07,9.403699544228018e-07,0.3858756650376761,0.1296900510787964,0.8191944360733032,0.6936981678009033,0.0,0.8191944360733032,0.07375751435756683,0.8217683434486389,0.18721674382686615,0.6948767900466919,2.224203586578369,0.7380829|0.1221689|0.0469147|0.0459914|0.0319346|0.0149075|0.0000000|0.0000000|0.0000000|0.0000000,0,0.7380829453468323,2.0210517693659353,0,0,0,0,0,
cross_town,Town02,mixed,18,202,10.1,-7.44941520690918,208.91993713378906,0.22167754173278809,89.98705291748047,0.0,500.6872872837705,0.0,0.0,2.663161087212984e-07,6.180500296750676e-07,0.3656417018097998,0.8133141994476318,0.11686086654663086,-0.26539522409439087,0.0,0.7391944527626038,-0.0062424857169389725,0.9999957084655762,0.18329304456710815,3.403179883956909,0.13558554649353027,0.7535810|0.1186549|0.0499391|0.0441809|0.0336441|0.0000000|0.0000000|0.0000000|0.0000000|0.0000000,0,0.7535809874534607,1.9715855537866163,0,0,0,0,0,
cross_town,Town02,mixed,18,203,10.15,-7.44941520690918,208.91993713378906,0.22167754173278809,89.98705291748047,0.0,500.6872872837705,0.0,0.0,2.663161087212984e-07,3.435673680288814e-08,0.36739008945955187,0.12778303027153015,0.7485237121582031,0.4992676377296448,0.0,0.7485237121582031,0.07375751435756683,0.9578664302825928,0.17352056503295898,1.107445240020752,1.8059072494506836,0.8104373|0.1269914|0.0462604|0.0163109|0.0000000|0.0000000|0.0000000|0.0000000|0.0000000|0.0000000,0,0.8104373216629028,1.9534514953879882,0,0,0,0,0,
cross_town,Town02,mixed,18,204,10.2,-7.44941520690918,208.91993713378906,0.22167754173278809,89.98705291748047,0.0,500.6872872837705,0.0,0.0,2.663161087212984e-07,6.870611554503598e-08,0.3631468205882196,0.4294121265411377,0.8928735256195068,-0.4337867498397827,0.0,0.8285236954689026,-0.0062424857169389725,0.9750311374664307,0.17433306574821472,1.2418763637542725,0.3184502124786377,0.7957705|0.1225761|0.0479892|0.0336643|0.0000000|0.0000000|0.0000000|0.0000000|0.0000000|0.0000000,0,0.795770525932312,1.9040530785462662,0,0,0,0,0,
cross_town,Town02,mixed,18,205,10.25,-7.44941520690918,208.91993713378906,0.22167754173278809,89.98705291748047,0.0,500.6872872837705,0.0,0.0,2.663161087212984e-07,1.0497015022883308e-07,0.3784331628423185,0.11791837215423584,0.7902836799621582,0.7115866541862488,0.0,0.7902836799621582,0.07375751435756683,0.7963650822639465,0.1806824952363968,0.6602497696876526,2.157595634460449,0.7505203|0.1138234|0.0462184|0.0474740|0.0272215|0.0147425|0.0000000|0.0000000|0.0000000|0.0000000,0,0.7505202889442444,1.8863315993038872,0,0,0,0,0,
cross_town,Town02,mixed,18,206,10.3,-7.44941520690918,208.91993713378906,0.22167754173278809,89.98705291748047,0.0,500.6872872837705,0.0,0.0,2.663161087212984e-07,2.4033461416306993e-07,0.36281865407500596,0.661780834197998,0.6590144634246826,0.05703591927886009,0.0,0.7102836966514587,0.05703591927886009,0.9995385408401489,0.16253486275672913,2.2576301097869873,0.35835492610931396,0.8578477|0.1229122|0.0192401|0.0000000|0.0000000|0.0000000|0.0000000|0.0000000|0.0000000|0.0000000,0,0.8578476905822754,1.8380539386728982,0,0,0,0,0,
cross_town,Town02,mixed,18,207,10.35,-7.44941520690918,208.91993713378906,0.22167754173278809,89.98705291748047,0.0,500.6872872837705,0.0,0.0,2.663161087212984e-07,4.1201753921771116e-07,0.398759341237213,0.5787113308906555,0.8298794031143188,-0.4802466928958893,0.0,0.7902836799621582,-0.022964080795645714,0.5397595167160034,0.16915631294250488,0.3706873059272766,-0.3389749526977539,0.8058532|0.1159061|0.0475331|0.0307076|0.0000000|0.0000000|0.0000000|0.0000000|0.0000000|0.0000000,0,0.8058531880378723,1.821735138131927,0,0,0,0,0,
cross_town,Town02,mixed,18,208,10.4,-7.44941520690918,208.91993713378906,0.22167754173278809,89.98705291748047,0.0,500.6872872837705,0.0,0.0,2.663161087212984e-07,5.627691709618859e-07,0.37254533822852126,0.1597346067428589,0.7751361131668091,0.603002667427063,0.0,0.7751361131668091,0.05703591927886009,0.7743763327598572,0.16519927978515625,0.6430980563163757,2.087578296661377,0.8537812|0.0478907|0.0487313|0.0323405|0.0172562|0.0000000|0.0000000|0.0000000|0.0000000|0.0000000,0,0.8537812232971191,1.7747930840571158,0,0,0,0,0,
cross_town,Town02,mixed,18,209,10.45,-7.44941520690918,208.91993713378906,0.22167754173278809,89.98705291748047,0.0,500.6872872837705,0.0,0.0,2.663161087212984e-07,6.977957457204142e-07,0.3472247263232352,0.44443053007125854,0.7719128131866455,-0.03168053925037384,0.0,0.7719128131866455,-0.022964080795645714,0.9995757937431335,0.15207648277282715,2.2891459465026855,0.4330904483795166,0.9250883|0.0577783|0.0171334|0.0000000|0.0000000|0.0000000|0.0000000|0.0000000|0.0000000|0.0000000,0,0.9250883460044861,1.7599407481159308,0,0,0,0,0,
cross_town,Town02,mixed,18,210,10.5,-7.44941520690918,208.91993713378906,0.22167754173278809,89.98705291748047,0.0,500.6872872837705,0.0,0.0,2.663161087212984e-07,7.210727066451907e-07,0.3753122856246987,0.1537134051322937,0.7303597927093506,0.5263739228248596,0.0,0.7303597927093506,0.05703591927886009,0.6901145577430725,0.15578559041023254,0.5443781614303589,2.012909412384033,0.8976518|0.0498084|0.0321411|0.0203987|0.0000000|0.0000000|0.0000000|0.0000000|0.0000000|0.0000000,0,0.8976517915725708,1.7140044354202237,0,0,0,0,0,
cross_town,Town02,mixed,18,211,10.55,-7.44941520690918,208.91993713378906,0.22167754173278809,89.98705291748047,0.0,500.6872872837705,0.0,0.0,2.663161087212984e-07,7.553957628824766e-07,0.35496436408348975,0.5193844437599182,0.8346170783042908,-0.33318910002708435,0.0,0.81035977602005,-0.022964080795645714,0.8645555377006531,0.16048990190029144,0.8029235601425171,0.18143147230148315,0.8584822|0.0479822|0.0445576|0.0320192|0.0169588|0.0000000|0.0000000|0.0000000|0.0000000|0.0000000,0,0.8584821820259094,1.700131152171274,0,0,0,0,0,
cross_town,Town02,mixed,18,212,10.6,-7.44941520690918,208.91993713378906,0.22167754173278809,89.98705291748047,0.0,500.6872872837705,0.0,0.0,2.663161087212984e-07,3.439728972620507e-08,0.4069158181507331,0.1496548056602478,0.7669637203216553,0.6626691818237305,0.0,0.7669637203216553,0.05703591927886009,0.3154481053352356,0.16347841918468475,0.1428290158510208,2.0379862785339355,0.8081732|0.1084055|0.0403023|0.0285187|0.0146003|0.0000000|0.0000000|0.0000000|0.0000000|0.0000000,0,0.8081732392311096,1.6547515796588939,0,0,0,0,0,
cross_town,Town02,mixed,18,213,10.65,-7.44941520690918,208.91993713378906,0.22167754173278809,89.98705291748047,0.0,500.6872872837705,0.0,0.0,2.663161087212984e-07,1.304938349965238e-07,0.34228149092042587,0.3789840638637543,0.8572095036506653,0.002026976551860571,0.0,0.8469637036323547,0.002026976551860571,0.9722589254379272,0.16270720958709717,1.226469874382019,0.6643880605697632,0.8050175|0.1110753|0.0409493|0.0278354|0.0151225|0.0000000|0.0000000|0.0000000|0.0000000|0.0000000,0,0.8050174713134766,1.6413558667401233,0,0,0,0,0,
cross_town,Town02,mixed,18,214,10.7,-7.44941520690918,208.91993713378906,0.22167754173278809,89.98705291748047,0.0,500.6872872837705,0.0,0.0,2.663161087212984e-07,1.0300349967408798e-07,0.334904135120181,0.12300458550453186,0.5906479358673096,0.5019289255142212,0.0,0.7669637203216553,0.08202697336673737,0.9749801158905029,0.16345468163490295,1.2522318363189697,2.2574520111083984,0.7921116|0.0994165|0.0403561|0.0426720|0.0254438|0.0000000|0.0000000|0.0000000|0.0000000|0.0000000,0,0.7921115756034851,1.5961096599391977,0,0,0,0,0,
cross_town,Town02,mixed,18,215,10.75,-7.44941520690918,208.91993713378906,0.22167754173278809,89.98705291748047,0.0,500.6872872837705,0.0,0.0,2.663161087212984e-07,2.746829114885982e-07,0.32930574317794825,0.6767736673355103,0.715714693069458,-0.059798985719680786,0.0,0.715714693069458,0.0020269732922315598,1.0,0.15412373840808868,4.760745048522949,0.2945152521133423,0.8658851|0.0475671|0.0428583|0.0257615|0.0179281|0.0000000|0.0000000|0.0000000|0.0000000|0.0000000,0,0.8658850789070129,1.582852317235924,0,0,0,0,0,
cross_town,Town02,mixed,18,216,10.8,-7.44941520690918,208.91993713378906,0.22167754173278809,89.98705291748047,0.0,500.6872872837705,0.0,0.0,2.663161087212984e-07,1.0768853714660098e-06,0.3261777738281026,0.3237190246582031,0.5315077900886536,0.23509973287582397,0.0,0.6357147097587585,0.08202697336673737,0.9998010993003845,0.28468701243400574,2.3458619117736816,1.4739532470703125,0.4570875|0.1902776|0.1799899|0.1077188|0.0649262|0.0000000|0.0000000|0.0000000|0.0000000|0.0000000,0,0.45708751678466797,1.538116313512515,0,0,0,0,0,
cross_town,Town02,mixed,18,217,10.85,-7.44941520690918,208.91993713378906,0.22167754173278809,89.98705291748047,0.0,500.6872872837705,0.0,0.0,2.663161087212984e-07,9.075268851385834e-07,0.3237590675869931,0.4676178991794586,0.8321515321731567,-0.5236248970031738,0.0,0.715714693069458,0.0020269732922315598,0.992144763469696,0.15119808912277222,1.5584766864776611,0.08999228477478027,0.8687582|0.0452633|0.0403955|0.0279039|0.0176792|0.0000000|0.0000000|0.0000000|0.0000000|0.0000000,0,0.8687582015991211,1.5251664472179038,0,0,0,0,0,
cross_town,Town02,mixed,18,218,10.9,-7.44941520690918,208.91993713378906,0.22167754173278809,89.98705291748047,0.0,500.6872872837705,0.0,0.0,2.663161087212984e-07,6.867409549738396e-07,0.35046390262200566,0.09987908601760864,0.7461385726928711,0.4729400873184204,0.0,0.7461385726928711,0.08202697336673737,0.6927719116210938,0.1354646384716034,0.5678129196166992,1.4003503322601318,0.9541977|0.0273463|0.0184561|0.0000000|0.0000000|0.0000000|0.0000000|0.0000000|0.0000000|0.0000000,0,0.9541977047920227,1.4809625314690862,0,0,0,0,0,
cross_town,Town02,mixed,18,219,10.95,-7.44941520690918,208.91993713378906,0.22167754173278809,89.98705291748047,0.0,500.6872872837705,0.0,0.0,2.663161087212984e-07,7.210696218677632e-07,0.316477932776254,0.6830930709838867,0.4801454544067383,-0.5364672541618347,0.0,0.6661385893821716,0.0020269732922315598,0.9999943971633911,0.3040597140789032,3.218332290649414,1.9503860473632812,0.3316365|0.3315084|0.2144031|0.1224520|0.0000000|0.0000000|0.0000000|0.0000000|0.0000000|0.0000000,0,0.331636518239975,1.4688028351259284,0,0,0,0,0,
cross_town,Town02,mixed,18,220,11.0,-7.44941520690918,208.91993713378906,0.22167754173278809,89.98705291748047,0.0,500.6872872837705,0.0,0.0,2.663161087212984e-07,3.437712965028946e-08,0.3476042230051842,0.11878550052642822,0.75360107421875,0.34082865715026855,0.0,0.7461385726928711,0.08202697336673737,0.6556634306907654,0.153812974691391,0.5071940422058105,0.8014158010482788,0.8100808|0.0986047|0.0396638|0.0368547|0.0147959|0.0000000|0.0000000|0.0000000|0.0000000|0.0000000,0,0.8100808262825012,1.4261004449091301,0,0,0,0,0,
cross_town,Town02,mixed,18,221,11.05,-7.44941520690918,208.91993713378906,0.22167754173278809,89.98705291748047,0.0,500.6872872837705,0.0,0.0,2.663161087212984e-07,1.3020168385423927e-07,0.3693024318856979,0.45227620005607605,0.9097181558609009,-0.4433273375034332,0.0,0.8261385560035706,0.0020269732922315598,0.40537217259407043,0.1475033313035965,0.2567141652107239,0.48536574840545654,0.8392726|0.1051662|0.0401940|0.0153672|0.0000000|0.0000000|0.0000000|0.0000000|0.0000000|0.0000000,0,0.8392726182937622,1.415213926778244,0,0,0,0,0,
cross_town,Town02,mixed,18,222,11.1,-7.44941520690918,208.91993713378906,0.22167754173278809,89.98705291748047,0.0,500.6872872837705,0.0,0.0,2.663161087212984e-07,1.0303604449664764e-07,0.3067948249882549,0.055053919553756714,0.5558569431304932,0.7436159253120422,0.0,0.7461385726928711,0.08202697336673737,0.9967942833900452,0.28210803866386414,1.652796983718872,2.055103302001953,0.4790449|0.2057498|0.1881589|0.1270465|0.0000000|0.0000000|0.0000000|0.0000000|0.0000000|0.0000000,0,0.4790448546409607,1.3747558678665608,0,0,0,0,0,
cross_town,Town02,mixed,18,223,11.15,-7.44941520690918,208.91993713378906,0.22167754173278809,89.98705291748047,0.0,500.6872872837705,0.0,0.0,2.663161087212984e-07,2.7467600834607394e-07,0.30309575266459665,0.5233398079872131,0.8527098894119263,-0.162780299782753,0.0,0.8261385560035706,0.0020269732922315598,0.9999982118606567,0.14111703634262085,3.668458938598633,0.42763280868530273,0.8831251|0.0477011|0.0423214|0.0268524|0.0000000|0.0000000|0.0000000|0.0000000|0.0000000|0.0000000,0,0.8831250667572021,1.366379820298288,0,0,0,0,0,
cross_town,Town02,mixed,18,224,11.2,-7.44941520690918,208.91993713378906,0.22167754173278809,89.98705291748047,0.0,500.6872872837705,0.0,0.0,2.663161087212984e-07,1.0769401848193162e-06,0.2997021547491887,0.1213495135307312,0.7303064465522766,0.7062176465988159,0.0,0.7461385726928711,0.08202697336673737,0.9999120235443115,0.13869331777095795,2.6960363388061523,2.1917290687561035,0.8913126|0.0464200|0.0443635|0.0179040|0.0000000|0.0000000|0.0000000|0.0000000|0.0000000|0.0000000,0,0.8913125991821289,1.3287605020678013,0,0,0,0,0,
cross_town,Town02,mixed,18,225,11.25,-7.44941520690918,208.91993713378906,0.22167754173278809,89.98705291748047,0.0,500.6872872837705,0.0,0.0,2.663161087212984e-07,6.180585643347071e-07,0.29763599424182424,0.49771302938461304,0.8849684000015259,-0.25299271941185,0.0,0.8261385560035706,0.0020269732922315598,0.9865561723709106,0.13013409078121185,1.4437904357910156,0.48121368885040283,0.9325726|0.0488785|0.0185488|0.0000000|0.0000000|0.0000000|0.0000000|0.0000000|0.0000000|0.0000000,0,0.932572603225708,1.323826486912124,0,0,0,0,0,
cross_town,Town02,mixed,18,226,11.3,-7.44941520690918,208.91993713378906,0.22167754173278809,89.98705291748047,0.0,500.6872872837705,0.0,0.0,2.663161087212984e-07,6.870111578951733e-07,0.3504111545978981,0.132578045129776,0.7368769645690918,0.7264699935913086,0.0,0.7461385726928711,0.08202697336673737,0.42470815777778625,0.1385081708431244,0.2856230139732361,2.1729233264923096,0.8571661|0.1018861|0.0409478|0.0000000|0.0000000|0.0000000|0.0000000|0.0000000|0.0000000|0.0000000,0,0.857166051864624,1.2906451723980528,0,0,0,0,0,
cross_town,Town02,mixed,18,227,11.35,-7.44941520690918,208.91993713378906,0.22167754173278809,89.98705291748047,0.0,500.6872872837705,0.0,0.0,2.663161087212984e-07,6.982803865452779e-07,0.2916086479608264,0.49671798944473267,0.8753412961959839,-0.26844629645347595,0.0,0.8261385560035706,0.0020269732922315598,0.9788256287574768,0.1326863020658493,1.325703501701355,0.4313533306121826,0.9085208|0.0459757|0.0270325|0.0184709|0.0000000|0.0000000|0.0000000|0.0000000|0.0000000|0.0000000,0,0.9085208177566528,1.2907006987339096,0,0,0,0,0,
cross_town,Town02,mixed,18,228,11.4,-7.44941520690918,208.91993713378906,0.22167754173278809,89.98705291748047,0.0,500.6872872837705,0.0,0.0,2.663161087212984e-07,0.0,0.3251253025689939,0.12809887528419495,0.7414166927337646,0.7439876794815063,0.0,0.7461385726928711,0.08202697336673737,0.6098611354827881,0.14493374526500702,0.4667483866214752,2.1241135597229004,0.8149289|0.0957903|0.0376204|0.0374930|0.0141674|0.0000000|0.0000000|0.0000000|0.0000000|0.0000000,0,0.8149289488792419,1.2628887455592346,0,0,0,0,0,
cross_town,Town02,mixed,18,229,11.45,-7.44941520690918,208.91993713378906,0.22167754173278809,89.98705291748047,0.0,500.6872872837705,0.0,0.0,2.663161087212984e-07,3.4262589768575468e-09,0.3392569542515325,0.48320814967155457,0.8671334981918335,-0.2989650070667267,0.0,0.8261385560035706,0.0020269732922315598,0.43515661358833313,0.143637016415596,0.29115232825279236,0.5439983606338501,0.8184947|0.0890046|0.0418859|0.0347112|0.0159036|0.0000000|0.0000000|0.0000000|0.0000000|0.0000000,0,0.8184946775436401,1.2698540349914935,0,0,0,0,0,
cross_town,Town02,mixed,18,230,11.5,-7.44941520690918,208.91993713378906,0.22167754173278809,89.98705291748047,0.0,500.6872872837705,0.0,0.0,2.663161087212984e-07,6.5761569881241945e-09,0.33986817456189333,0.14312833547592163,0.7275405526161194,0.7011935710906982,0.0,0.7461385726928711,0.08202697336673737,0.3960222005844116,0.12669111788272858,0.26779207587242126,2.2007594108581543,0.9008566|0.0991435|0.0000000|0.0000000|0.0000000|0.0000000|0.0000000|0.0000000|0.0000000|0.0000000,0,0.9008565545082092,1.2498884139646265,0,0,0,0,0,
cross_town,Town02,mixed,18,231,11.55,-7.44941520690918,208.91993713378906,0.22167754173278809,89.98705291748047,0.0,500.6872872837705,0.0,0.0,2.663161087212984e-07,1.5886036780978276e-06,0.32582095575798314,0.4666464924812317,0.8589258193969727,-0.3611375689506531,0.0,0.8261385560035706,0.0020269732922315598,0.5041577816009521,0.14351844787597656,0.3606394827365875,0.4687858819961548,0.8093936|0.0893085|0.0389196|0.0364988|0.0258795|0.0000000|0.0000000|0.0000000|0.0000000|0.0000000,0,0.8093936443328857,1.2668426099965475,0,0,0,0,0,
cross_town,Town02,mixed,18,232,11.6,-7.44941520690918,208.91993713378906,0.22167754173278809,89.98705291748047,0.0,500.6872872837705,0.0,0.0,2.663161087212984e-07,1.5875329352372948e-06,0.2748789752617086,0.13608556985855103,0.7208842039108276,0.671576201915741,0.0,0.7461385726928711,0.08202697336673737,0.9819083213806152,0.11589932441711426,1.3826123476028442,2.169578790664673,0.9696392|0.0303607|0.0000000|0.0000000|0.0000000|0.0000000|0.0000000|0.0000000|0.0000000|0.0000000,0,0.969639241695404,1.2583004289886799,0,0,0,0,0,
cross_town,Town02,mixed,18,233,11.65,-7.44941520690918,208.91993713378906,0.22167754173278809,89.98705291748047,0.0,500.6872872837705,0.0,0.0,2.663161087212984e-07,6.95896635494304e-08,0.3378546721836086,0.4309608042240143,0.9020161628723145,-0.28158652782440186,0.0,0.8261385560035706,0.0020269732922315598,0.3215179145336151,0.1328350007534027,0.1804637908935547,0.6580910682678223,0.8575581|0.1017731|0.0243241|0.0163447|0.0000000|0.0000000|0.0000000|0.0000000|0.0000000|0.0000000,0,0.8575581312179565,1.2913097874964414,0,0,0,0,0,
cross_town,Town02,mixed,18,234,11.7,-7.44941520690918,208.91993713378906,0.22167754173278809,89.98705291748047,0.0,500.6872872837705,0.0,0.0,2.663161087212984e-07,1.3809515488770762e-07,0.2670528455899252,0.12604132294654846,0.7234320640563965,0.7028725147247314,0.0,0.7461385726928711,0.08202697336673737,0.9999926090240479,0.12390535324811935,3.328261137008667,2.087528705596924,0.9151908|0.0429856|0.0418236|0.0000000|0.0000000|0.0000000|0.0000000|0.0000000|0.0000000|0.0000000,0,0.9151908159255981,1.3042785479438415,0,0,0,0,0,
cross_town,Town02,mixed,18,235,11.75,-7.44941520690918,208.91993713378906,0.22167754173278809,89.98705291748047,0.0,500.6872872837705,0.0,0.0,2.663161087212984e-07,2.1505173399321754e-07,0.33105355625646904,0.47807103395462036,0.8525047302246094,-0.3468082547187805,0.0,0.8261385560035706,0.0020269732922315598,0.33208906650543213,0.14081040024757385,0.18450169265270233,0.46625852584838867,0.8062829|0.0949259|0.0406424|0.0358837|0.0222651|0.0000000|0.0000000|0.0000000|0.0000000|0.0000000,0,0.8062828779220581,1.3771180449832616,0,0,0,0,0,
cross_town,Town02,mixed,18,236,11.8,-7.44941520690918,208.91993713378906,0.22167754173278809,89.98705291748047,0.0,500.6872872837705,0.0,0.0,2.663161087212984e-07,2.760303831373269e-07,0.26311335599633284,0.1303388774394989,0.7231583595275879,0.6964219808578491,0.0,0.7461385726928711,0.08202697336673737,0.9854387044906616,0.1195712611079216,1.4341087341308594,2.1060242652893066,0.9316856|0.0415606|0.0267539|0.0000000|0.0000000|0.0000000|0.0000000|0.0000000|0.0000000|0.0000000,0,0.9316855669021606,1.4368073861476423,0,0,0,0,0,
cross_town,Town02,mixed,18,237,11.85,-7.44941520690918,208.91993713378906,0.22167754173278809,89.98705291748047,0.0,500.6872872837705,0.0,0.0,2.663161087212984e-07,6.880682747682882e-08,0.2668414664998504,0.47928526997566223,0.8923217058181763,-0.23701705038547516,0.0,0.8261385560035706,0.0020269732922315598,0.9245225191116333,0.11121512204408646,1.0151456594467163,0.5670876502990723,0.9720978|0.0279022|0.0000000|0.0000000|0.0000000|0.0000000|0.0000000|0.0000000|0.0000000|0.0000000,0,0.9720978140830994,1.587249460762802,0,0,0,0,0,
cross_town,Town02,mixed,18,238,11.9,-7.44941520690918,208.91993713378906,0.22167754173278809,89.98705291748047,0.0,500.6872872837705,0.0,0.0,2.663161087212984e-07,1.3743872938187277e-07,0.2595823584866551,0.12251776456832886,0.7304102182388306,0.7193390130996704,0.0,0.7461385726928711,0.08202697336673737,0.9761754870414734,0.12945125997066498,1.2987810373306274,2.139519214630127,0.8758964|0.0421482|0.0378537|0.0247777|0.0193240|0.0000000|0.0000000|0.0000000|0.0000000|0.0000000,0,0.8758963942527771,1.826555533322439,0,0,0,0,0,
cross_town,Town02,mixed,18,239,11.95,-7.44941520690918,208.91993713378906,0.22167754173278809,89.98705291748047,0.0,500.6872872837705,0.0,0.0,2.663161087212984e-07,1.7169508502792363e-07,0.2898165473787756,0.45336636900901794,0.8560689687728882,-0.5142446756362915,0.0,0.8261385560035706,0.0020269732922315598,0.6566867828369141,0.14022421836853027,0.5219167470932007,0.39461565017700195,0.8015693|0.0851466|0.0377810|0.0346549|0.0218748|0.0189734|0.0000000|0.0000000|0.0000000|0.0000000,0,0.8015692830085754,2.208097339089468,0,0,0,0,0,
cross_town,Town02,mixed,18,240,12.0,-7.44941520690918,208.91993713378906,0.22167754173278809,89.98705291748047,0.0,500.6872872837705,0.0,0.0,2.663161087212984e-07,1.717589010316188e-07,0.2708029981920023,0.12698963284492493,0.7353928089141846,0.7104506492614746,0.0,0.7461385726928711,0.08202697336673737,0.8333307504653931,0.12323394417762756,0.7791208624839783,2.1781554222106934,0.9015262|0.0397562|0.0364975|0.0222202|0.0000000|0.0000000|0.0000000|0.0000000|0.0000000|0.0000000,0,0.901526153087616,2.9109860913363503,0,0,0,0,0,
cross_town,Town02,mixed,18,241,12.05,-7.44941520690918,208.91993713378906,0.22167754173278809,89.98705291748047,0.0,500.6872872837705,0.0,0.0,2.663161087212984e-07,1.7306564938513007e-07,0.31211348370370695,0.4478376805782318,0.8640176057815552,-0.6141984462738037,0.0,0.8261385560035706,0.0020269732922315598,0.40955257415771484,0.12127341330051422,0.28727272152900696,0.3281201124191284,0.9115267|0.0411124|0.0261838|0.0211771|0.0000000|0.0000000|0.0000000|0.0000000|0.0000000|0.0000000,0,0.9115266799926758,3.8427470955789698,0,0,0,0,0,
cross_town,Town02,mixed,18,242,12.1,-7.44941520690918,208.91993713378906,0.22167754173278809,89.98705291748047,0.0,500.6872872837705,0.0,0.0,2.663161087212984e-07,2.408200016986416e-07,0.26572118627815833,0.11653098464012146,0.7367566227912903,0.6937988996505737,0.0,0.7461385726928711,0.08202697336673737,0.8649211525917053,0.1391666829586029,0.8250282406806946,2.241145133972168,0.8025988|0.0839634|0.0380001|0.0321559|0.0222428|0.0210390|0.0000000|0.0000000|0.0000000|0.0000000,0,0.802598774433136,5.184879809713134,0,0,0,0,0,
cross_town,Town02,mixed,18,243,12.15,-7.44941520690918,208.91993713378906,0.22167754173278809,89.98705291748047,0.0,500.6872872837705,0.0,0.0,2.663161087212984e-07,1.7582298291989717e-06,0.3177796008075341,0.3565791845321655,0.9348207712173462,-0.8903135657310486,0.0,0.8261385560035706,0.0020269732922315598,0.3373432457447052,0.11875028163194656,0.21246066689491272,0.20974409580230713,0.8999832|0.1000168|0.0000000|0.0000000|0.0000000|0.0000000|0.0000000|0.0000000|0.0000000|0.0000000,0,0.8999832272529602,6.944168459919978,0,0,0,0,0,
cross_town,Town02,mixed,18,244,12.2,-7.44941520690918,208.91993713378906,0.22167754173278809,89.98705291748047,0.0,500.6872872837705,0.0,0.0,2.663161087212984e-07,1.7580854518512211e-06,0.30914940100400146,0.11838051676750183,0.739485502243042,0.6698570251464844,0.0,0.7461385726928711,0.08202697336673737,0.41868463158607483,0.13461551070213318,0.2833406329154968,2.3045825958251953,0.8221343|0.0949821|0.0369856|0.0237855|0.0221126|0.0000000|0.0000000|0.0000000|0.0000000|0.0000000,0,0.822134256362915,9.364694925227768,0,0,0,0,0,
cross_town,Town02,mixed,18,245,12.25,-7.44941520690918,208.91993713378906,0.22167754173278809,89.98705291748047,0.0,500.6872872837705,0.0,0.0,2.663161087212984e-07,1.4511905170234527e-09,0.312861812100225,0.30156150460243225,0.9147353172302246,-0.8324962258338928,0.0,0.8261385560035706,0.0020269732922315598,0.38003429770469666,0.12657201290130615,0.2510773241519928,0.09191131591796875,0.8802128|0.0363673|0.0378804|0.0244073|0.0211323|0.0000000|0.0000000|0.0000000|0.0000000|0.0000000,0,0.8802127838134766,9.301137718185277,0,0,0,0,0,
cross_town,Town02,mixed,18,246,12.3,-7.44941520690918,208.91993713378906,0.22167754173278809,89.98705291748047,0.0,500.6872872837705,0.0,0.0,2.663161087212984e-07,4.160002689170258e-09,0.3093525130569015,0.11760810017585754,0.759306788444519,0.6550519466400146,0.0,0.759306788444519,0.08202697336673737,0.4150769114494324,0.13836488127708435,0.27588099241256714,2.3289430141448975,0.8035105|0.0862560|0.0334755|0.0346486|0.0212249|0.0208844|0.0000000|0.0000000|0.0000000|0.0000000,0,0.8035104870796204,9.261623448001878,0,0,0,0,0,
cross_town,Town02,mixed,18,247,12.35,-7.44941520690918,208.91993713378906,0.22167754173278809,89.98705291748047,0.0,500.6872872837705,0.0,0.0,2.663161087212984e-07,6.913935012358917e-08,0.3121199002036754,0.32791411876678467,0.9604350328445435,-0.9122039675712585,0.0,0.8393067717552185,0.0020269732922315598,0.3873777687549591,0.13386312127113342,0.2515498399734497,0.19470596313476562,0.8258408|0.0907988|0.0366836|0.0236778|0.0229990|0.0000000|0.0000000|0.0000000|0.0000000|0.0000000,0,0.8258407711982727,9.194814532482058,0,0,0,0,0,
cross_town,Town02,mixed,18,248,12.4,-7.44941520690918,208.91993713378906,0.22167754173278809,89.98705291748047,0.0,500.6872872837705,0.0,0.0,2.663161087212984e-07,1.0320547644906779e-07,0.2910144199333352,0.11318075656890869,0.6715793013572693,0.5403895378112793,0.0,0.759306788444519,0.08202697336673737,0.598406970500946,0.1354195773601532,0.4642883837223053,2.52890682220459,0.8167359|0.0877051|0.0380464|0.0328190|0.0246936|0.0000000|0.0000000|0.0000000|0.0000000|0.0000000,0,0.8167359232902527,9.153569850499446,0,0,0,0,0,
cross_town,Town02,mixed,18,249,12.45,-7.44941520690918,208.91993713378906,0.22167754173278809,89.98705291748047,0.0,500.6872872837705,0.0,0.0,2.663161087212984e-07,1.3940813910119577e-07,0.3200674520917101,0.3325854539871216,0.9626305103302002,-0.9148116707801819,0.0,0.8393067717552185,0.0020269732922315598,0.3078427314758301,0.1347218155860901,0.1627221703529358,0.201493501663208,0.8211966|0.0918322|0.0385998|0.0236857|0.0246857|0.0000000|0.0000000|0.0000000|0.0000000|0.0000000,0,0.8211966156959534,9.087444959220981,0,0,0,0,0,
cross_town,Town02,mixed,18,250,12.5,-7.44941520690918,208.91993713378906,0.22167754173278809,89.98705291748047,0.0,500.6872872837705,0.0,0.0,2.663161087212984e-07,1.655754496665883e-06,0.28653892085049176,0.1182316243648529,0.6572729349136353,0.5378119945526123,0.0,0.759306788444519,0.08202697336673737,0.6430857181549072,0.11625035107135773,0.5309452414512634,2.579315662384033,0.9308515|0.0426820|0.0264666|0.0000000|0.0000000|0.0000000|0.0000000|0.0000000|0.0000000|0.0000000,0,0.9308514595031738,9.047669384228959,0,0,1,0,0,stuck
