protocol,town,weather,episode,t,sim_time_s,ego_x,ego_y,ego_z,ego_yaw_deg,route_s_m,route_remaining_m,route_completion_pct,cte_m,route_heading_rad,speed_kmh,reward,command_throttle,command_brake,command_steer,applied_throttle,applied_brake,applied_steer,sigma_bar,sigma_ale,sigma_epi,policy_entropy_proxy,attention,top_attention_index,top_attention_value,ttc_s,collision,off_route,timeout,red_light_violation,intervention,terminal_reason
cross_town,Town02,mixed,10,1,0.05,9.530014991760254,302.556640625,0.15079757571220398,179.9609375,0.0,500.0229893708359,0.0,2.86102294921875e-06,2.663161091653876e-07,0.46652514338531087,0.43423666585502574,0.03464129567146301,0.5993524789810181,-0.17556700110435486,0.0,0.07999999821186066,-0.07999999821186066,0.9999997615814209,0.2724568545818329,3.998511552810669,1.3550442457199097,0.6575994|0.3424005|0.0000000|0.0000000|0.0000000|0.0000000|0.0000000|0.0000000|0.0000000|0.0000000,0,0.6575994491577148,,0,0,0,0,0,
cross_town,Town02,mixed,10,2,0.1,9.530014991760254,302.556640625,0.161112442612648,179.9609375,0.0,500.0229893708359,0.0,2.86102294921875e-06,2.663161091653876e-07,0.858406341075956,0.4342366539303398,0.04847240447998047,0.6856711506843567,-0.1743336319923401,0.0,0.1599999964237213,-0.1599999964237213,0.9999998807907104,0.2730347514152527,4.135968208312988,1.4568803310394287,0.6328719|0.3671282|0.0000000|0.0000000|0.0000000|0.0000000|0.0000000|0.0000000|0.0000000|0.0000000,0,0.6328718662261963,,0,0,0,0,0,
cross_town,Town02,mixed,10,3,0.15,9.530014991760254,302.556640625,0.17358183860778809,179.9609375,0.0,500.0229893708359,0.0,2.86102294921875e-06,2.663161091653876e-07,0.8940874993801196,0.43423664202424767,0.0723499059677124,0.7314297556877136,-0.009443442337214947,0.0,0.23999999463558197,-0.07999999821186066,1.0,0.2728387415409088,44.42450714111328,1.477112054824829,0.6412588|0.3587412|0.0000000|0.0000000|0.0000000|0.0000000|0.0000000|0.0000000|0.0000000|0.0000000,0,0.6412588357925415,,0,0,0,0,0,
cross_town,Town02,mixed,10,4,0.2,9.530014991760254,302.556640625,0.18517284095287323,179.9609375,0.0,500.0229893708359,0.0,2.86102294921875e-06,2.663161091653876e-07,0.7842068374158739,0.44184510535867666,0.07933220267295837,0.7310348153114319,-0.08772098273038864,0.0,0.3199999928474426,-0.08772098273038864,1.0,0.27333053946495056,11.239762306213379,1.4532302618026733,0.6202154|0.3797847|0.0000000|0.0000000|0.0000000|0.0000000|0.0000000|0.0000000|0.0000000|0.0000000,0,0.6202153563499451,,0,0,0,0,0,
cross_town,Town02,mixed,10,5,0.25,9.530014991760254,302.556640625,0.19481010735034943,179.9609375,0.0,500.0229893708359,0.0,2.86102294921875e-06,2.663161091653876e-07,0.6320981204509846,0.4342366416640851,0.08271592855453491,0.7403458952903748,-0.0018524427432566881,0.0,0.4000000059604645,-0.007720982655882835,1.0,0.28782159090042114,35.816139221191406,1.4021589756011963,1.0000000|0.0000000|0.0000000|0.0000000|0.0000000|0.0000000|0.0000000|0.0000000|0.0000000|0.0000000,0,1.0,,0,0,0,0,0,
cross_town,Town02,mixed,10,6,0.3,9.530014991760254,302.556640625,0.20233973860740662,179.9609375,0.0,500.0229893708359,0.0,2.86102294921875e-06,2.663161091653876e-07,0.48441376090051663,0.4349078021117035,0.09417170286178589,0.6903561353683472,0.06870348751544952,0.0,0.48000001907348633,0.06870348751544952,1.0,0.2725335359573364,11.415716171264648,1.5178927183151245,0.6542560|0.3457439|0.0000000|0.0000000|0.0000000|0.0000000|0.0000000|0.0000000|0.0000000|0.0000000,0,0.6542560458183289,,0,0,0,0,0,
cross_town,Town02,mixed,10,7,0.35,9.530014991760254,302.556640625,0.20799346268177032,179.9609375,0.0,500.0229893708359,0.0,2.86102294921875e-06,2.663161091653876e-07,0.35895115435385977,0.4404251831782066,0.09035521745681763,0.6398347616195679,0.033479031175374985,0.0,0.5600000023841858,0.033479031175374985,1.0,0.26445499062538147,25.0256290435791,1.52593994140625,1.0000000|0.0000000|0.0000000|0.0000000|0.0000000|0.0000000|0.0000000|0.0000000|0.0000000|0.0000000,0,1.0,243.98585938247805,0,0,0,0,0,
cross_town,Town02,mixed,10,8,0.4,9.530014991760254,302.556640625,0.21212275326251984,179.9609375,0.0,500.0229893708359,0.0,2.86102294921875e-06,2.663161091653876e-07,0.2596494197845662,0.43422373102635514,0.1710473895072937,0.6738464832305908,0.15210548043251038,0.0,0.6399999856948853,0.11347903311252594,1.0,0.2644388675689697,54.766693115234375,1.2275267839431763,1.0000000|0.0000000|0.0000000|0.0000000|0.0000000|0.0000000|0.0000000|0.0000000|0.0000000|0.0000000,0,1.0,113.21749090753791,0,0,0,0,0,
cross_town,Town02,mixed,10,9,0.45,9.530014991760254,302.556640625,0.2150776982307434,179.9609375,0.0,500.0229893708359,0.0,2.86102294921875e-06,2.663161091653876e-07,0.18444993495947246,0.4342071160905025,0.16108408570289612,0.5344650149345398,-0.22202397882938385,0.0,0.5600000023841858,0.03347903490066528,1.0,0.2878209948539734,111.33912658691406,1.7282147407531738,1.0000000|0.0000000|0.0000000|0.0000000|0.0000000|0.0000000|0.0000000|0.0000000|0.0000000|0.0000000,0,1.0,76.57318868636575,0,0,0,0,0,
cross_town,Town02,mixed,10,10,0.5,9.530014991760254,302.556640625,0.21715934574604034,179.9609375,0.0,500.0229893708359,0.0,2.86102294921875e-06,2.663161091653876e-07,0.12919001877310798,0.43418474101555,0.14897841215133667,0.6406021118164062,0.11430715024471283,0.0,0.6399999856948853,0.11347903311252594,1.0,0.27298927307128906,60.482421875,1.2738604545593262,0.6297283|0.3702717|0.0000000|0.0000000|0.0000000|0.0000000|0.0000000|0.0000000|0.0000000|0.0000000,0,0.6297283172607422,59.1276181474615,0,0,0,0,0,
cross_town,Town02,mixed,10,11,0.55,9.530014991760254,302.556640625,0.2186075896024704,179.9609375,0.0,500.0229893708359,0.0,2.86102294921875e-06,2.663161091653876e-07,0.08946231902418483,0.43415635660512003,0.1803939938545227,0.4936298727989197,-0.1495271623134613,0.0,0.5600000023841858,0.03347903490066528,1.0,0.2727588713169098,132.34759521484375,1.6914896965026855,0.6357087|0.3642913|0.0000000|0.0000000|0.0000000|0.0000000|0.0000000|0.0000000|0.0000000|0.0000000,0,0.6357086896896362,46.813575336117744,0,0,0,0,0,
cross_town,Town02,mixed,10,12,0.6,9.530014991760254,302.556640625,0.21960505843162537,179.9609375,0.0,500.0229893708359,0.0,2.86102294921875e-06,2.663161091653876e-07,0.06137796790239906,0.4405439833605338,0.1548101305961609,0.696196436882019,0.0658549964427948,0.0,0.6399999856948853,0.0658549964427948,1.0,0.2723500430583954,40.936439514160156,1.1641545295715332,0.6480865|0.3519134|0.0000000|0.0000000|0.0000000|0.0000000|0.0000000|0.0000000|0.0000000|0.0000000,0,0.6480865478515625,39.204582282580645,0,0,0,0,0,
cross_town,Town02,mixed,10,13,0.65,9.530014991760254,302.556640625,0.22028625011444092,179.9609375,0.0,500.0229893708359,0.0,2.86102294921875e-06,2.663161091653876e-07,0.04177990481448791,0.4346610503681673,0.17808860540390015,0.5328257083892822,-0.011066927574574947,0.0,0.5600000023841858,-0.011066927574574947,1.0,0.27193284034729004,229.3025360107422,1.4539000988006592,0.6595957|0.3404044|0.0000000|0.0000000|0.0000000|0.0000000|0.0000000|0.0000000|0.0000000|0.0000000,0,0.6595956683158875,34.095844551447136,0,0,0,0,0,
cross_town,Town02,mixed,10,14,0.7,9.530014991760254,302.556640625,0.220748171210289,179.9609375,0.0,500.0229893708359,0.0,2.86102294921875e-06,2.663161091653876e-07,0.028251000121323127,0.43403563429335634,0.13929268717765808,0.7493212223052979,0.15862008929252625,0.0,0.6399999856948853,0.06893306970596313,1.0,0.27179133892059326,56.512451171875,0.9351599216461182,0.6585914|0.3414086|0.0000000|0.0000000|0.0000000|0.0000000|0.0000000|0.0000000|0.0000000|0.0000000,0,0.6585914492607117,30.337421838132983,0,0,0,0,0,
cross_town,Town02,mixed,10,15,0.75,9.530014991760254,302.556640625,0.22105945646762848,179.9609375,0.0,500.0229893708359,0.0,2.86102294921875e-06,2.663161091653876e-07,0.01899137758753173,0.44156259148167626,0.20251715183258057,0.47583138942718506,0.05972028523683548,0.0,0.5600000023841858,0.05972028523683548,1.0,0.26319774985313416,268.76544189453125,1.4544800519943237,1.0000000|0.0000000|0.0000000|0.0000000|0.0000000|0.0000000|0.0000000|0.0000000|0.0000000|0.0000000,0,1.0,27.403024250230448,0,0,0,0,0,
cross_town,Town02,mixed,10,16,0.8,9.530014991760254,302.556640625,0.22126811742782593,179.9609375,0.0,500.0229893708359,0.0,2.86102294921875e-06,2.663161091653876e-07,0.012705207528874505,0.4412549550576902,0.1806643009185791,0.5197007060050964,0.07686908543109894,0.0,0.5197007060050964,0.07686908543109894,1.0,0.26288244128227234,232.67172241210938,1.2668194770812988,1.0000000|0.0000000|0.0000000|0.0000000|0.0000000|0.0000000|0.0000000|0.0000000|0.0000000|0.0000000,0,1.0,24.980569712041603,0,0,0,0,0,
cross_town,Town02,mixed,10,17,0.85,9.530014991760254,302.556640625,0.22140730917453766,179.9609375,0.0,500.0229893708359,0.0,2.86102294921875e-06,2.663161091653876e-07,0.008461944480667337,0.4377734957184785,0.12357562780380249,0.5087710618972778,0.020801467821002007,0.0,0.5087710618972778,0.020801467821002007,1.0,0.2711363434791565,74.24048614501953,1.5527623891830444,0.6598737|0.3401264|0.0000000|0.0000000|0.0000000|0.0000000|0.0000000|0.0000000|0.0000000|0.0000000,0,0.6598736643791199,22.94382608805293,0,0,0,0,0,
cross_town,Town02,mixed,10,18,0.9,9.530014991760254,302.556640625,0.22140730917453766,179.9609375,0.0,500.0229893708359,0.0,2.86102294921875e-06,2.663161091653876e-07,0.0,0.4405634390218129,0.11966842412948608,0.6240321397781372,0.048410240560770035,0.0,0.5887710452079773,0.048410240560770035,1.0,0.27091217041015625,71.84684753417969,1.2987685203552246,0.6589106|0.3410895|0.0000000|0.0000000|0.0000000|0.0000000|0.0000000|0.0000000|0.0000000|0.0000000,0,0.6589105725288391,21.19731973524899,0,0,0,0,0,
cross_town,Town02,mixed,10,19,0.95,9.530014991760254,302.556640625,0.2215089350938797,179.9609375,0.0,500.0229893708359,0.0,2.86102294921875e-06,2.663161091653876e-07,0.0021922530436740135,0.4406643351080071,0.14374497532844543,0.66909259557724,0.02360834926366806,0.0,0.6687710285186768,0.02360834926366806,1.0,0.2878214418888092,117.2802505493164,1.2926450967788696,1.0000000|0.0000000|0.0000000|0.0000000|0.0000000|0.0000000|0.0000000|0.0000000|0.0000000|0.0000000,0,1.0,18.860870501443802,0,0,0,0,0,
cross_town,Town02,mixed,10,20,1.0,9.530014991760254,302.556640625,0.2215421199798584,179.9609375,0.0,500.0229893708359,0.0,2.86102294921875e-06,2.663161091653876e-07,0.002427978562897818,0.44131044489466104,0.14669480919837952,0.6505250930786133,0.02648223750293255,0.0,0.6505250930786133,0.02648223750293255,1.0,0.28782153129577637,209.53256225585938,1.232797384262085,1.0000000|0.0000000|0.0000000|0.0000000|0.0000000|0.0000000|0.0000000|0.0000000|0.0000000|0.0000000,0,1.0,17.725181515522266,0,0,0,0,0,
cross_town,Town02,mixed,10,21,1.05,9.530014991760254,302.556640625,0.2215740978717804,179.9609375,0.0,500.0229893708359,0.0,2.86102294921875e-06,2.663161091653876e-07,0.00217955006078757,0.4412292032329424,0.15266048908233643,0.6488420963287354,0.028177686035633087,0.0,0.6488420963287354,0.028177686035633087,1.0,0.28782153129577637,160.1774444580078,1.212266445159912,1.0000000|0.0000000|0.0000000|0.0000000|0.0000000|0.0000000|0.0000000|0.0000000|0.0000000|0.0000000,0,1.0,16.711439098116116,0,0,0,0,0,
cross_town,Town02,mixed,10,22,1.1,9.530014991760254,302.556640625,0.22160117328166962,179.9609375,0.0,500.0229893708359,0.0,2.86102294921875e-06,2.663161091653876e-07,0.0017821539659638682,0.4357526241904558,0.16589149832725525,0.5069898962974548,0.09517695754766464,0.0,0.5688421130180359,0.09517695754766464,1.0,0.26990678906440735,285.2108154296875,1.3067353963851929,0.6508757|0.3491243|0.0000000|0.0000000|0.0000000|0.0000000|0.0000000|0.0000000|0.0000000|0.0000000,0,0.6508756875991821,15.829291497843698,0,0,0,0,0,
cross_town,Town02,mixed,10,23,1.15,9.530014991760254,302.556640625,0.2216225415468216,179.9609375,0.0,500.0229893708359,0.0,2.86102294921875e-06,2.663161091653876e-07,0.001374217964431163,0.4380810983510396,0.1639614701271057,0.49332013726234436,0.04551783204078674,0.0,0.49332013726234436,0.04551783204078674,1.0,0.268931120634079,201.63681030273438,1.3919742107391357,0.6730682|0.3269318|0.0000000|0.0000000|0.0000000|0.0000000|0.0000000|0.0000000|0.0000000|0.0000000,0,0.6730682253837585,15.060670363260785,0,0,0,0,0,
cross_town,Town02,mixed,10,24,1.2,9.530014991760254,302.556640625,0.22163863480091095,179.9609375,0.0,500.0229893708359,0.0,2.86102294921875e-06,2.663161091653876e-07,0.001025093039167201,0.43669541771008663,0.1277197003364563,0.4976401627063751,-0.013926261104643345,0.0,0.4976401627063751,-0.013926261104643345,1.0,0.269001305103302,194.446044921875,1.4502055644989014,0.6572524|0.3427476|0.0000000|0.0000000|0.0000000|0.0000000|0.0000000|0.0000000|0.0000000|0.0000000,0,0.6572524309158325,14.3828008559403,0,0,0,0,0,
cross_town,Town02,mixed,10,25,1.25,9.530014991760254,302.556640625,0.22165046632289886,179.9609375,0.0,500.0229893708359,0.0,2.86102294921875e-06,2.663161091653876e-07,0.000744667032382407,0.44005445256122794,0.16734054684638977,0.6349149942398071,0.011422022245824337,0.0,0.577640175819397,0.011422022245824337,1.0,0.25859278440475464,105.31413269042969,1.2219552993774414,1.0000000|0.0000000|0.0000000|0.0000000|0.0000000|0.0000000|0.0000000|0.0000000|0.0000000|0.0000000,0,1.0,13.779047580067598,0,0,0,0,0,
cross_town,Town02,mixed,10,26,1.3,9.530014991760254,302.556640625,0.22165897488594055,179.9609375,0.0,500.0229893708359,0.0,2.86102294921875e-06,2.663161091653876e-07,0.0005333518676993229,0.4330296510522392,0.17633676528930664,0.7069332599639893,0.19359859824180603,0.0,0.6576401591300964,0.09142202138900757,1.0,0.26775556802749634,228.495361328125,1.0246174335479736,0.6722833|0.3277167|0.0000000|0.0000000|0.0000000|0.0000000|0.0000000|0.0000000|0.0000000|0.0000000,0,0.6722832918167114,13.238694521456258,0,0,0,0,0,
cross_town,Town02,mixed,10,27,1.35,9.530014991760254,302.556640625,0.2216614931821823,179.9609375,0.0,500.0229893708359,0.0,2.86102294921875e-06,2.663161091653876e-07,0.000164039659919617,0.4329088404814167,0.2607192397117615,0.4555533230304718,-0.05272970721125603,0.0,0.577640175819397,0.011422021314501762,1.0,0.2573317885398865,148.02984619140625,1.539595127105713,1.0000000|0.0000000|0.0000000|0.0000000|0.0000000|0.0000000|0.0000000|0.0000000|0.0000000|0.0000000,0,1.0,12.971904334067217,0,0,0,0,0,
cross_town,Town02,mixed,10,28,1.4,9.530014991760254,302.556640625,0.22166435420513153,179.9609375,0.0,500.0229893708359,0.0,2.86102294921875e-06,2.663161091653876e-07,0.00021828460051841618,0.4327869758718357,0.18250557780265808,0.677740216255188,0.20840395987033844,0.0,0.6576401591300964,0.09142202138900757,1.0,0.2664415240287781,225.30416870117188,1.030855417251587,0.6863337|0.3136663|0.0000000|0.0000000|0.0000000|0.0000000|0.0000000|0.0000000|0.0000000|0.0000000,0,0.6863337159156799,12.988544128081463,0,0,0,0,0,
cross_town,Town02,mixed,10,29,1.45,9.530014991760254,302.556640625,0.2216673642396927,179.9609375,0.0,500.0229893708359,0.0,2.86102294921875e-06,2.663161091653876e-07,0.0002105598384749343,0.4326631525900184,0.21855062246322632,0.48144447803497314,-0.08086532354354858,0.0,0.577640175819397,0.011422021314501762,1.0,0.26617103815078735,226.8578338623047,1.58522629737854,0.6806292|0.3193708|0.0000000|0.0000000|0.0000000|0.0000000|0.0000000|0.0000000|0.0000000|0.0000000,0,0.6806291937828064,12.972014227080189,0,0,0,0,0,
cross_town,Town02,mixed,10,30,1.5,9.530014991760254,302.556640625,0.22167007625102997,179.9609375,0.0,500.0229893708359,0.0,2.86102294921875e-06,2.663161091653876e-07,0.0001792831452091136,0.4325326466097642,0.18718263506889343,0.6336351633071899,0.2111477553844452,0.0,0.6336351633071899,0.09142202138900757,1.0,0.26571911573410034,245.9670867919922,1.061213731765747,0.6807005|0.3192995|0.0000000|0.0000000|0.0000000|0.0000000|0.0000000|0.0000000|0.0000000|0.0000000,0,0.6807005405426025,12.241576591258301,0,0,0,0,0,
cross_town,Town02,mixed,10,31,1.55,9.530014991760254,302.556640625,0.22167223691940308,179.9609375,0.0,500.0229893708359,0.0,2.86102294921875e-06,2.663161091653876e-07,0.00014199831434181853,0.43239671619439835,0.21126538515090942,0.47555428743362427,-0.00032139895483851433,0.0,0.5536351799964905,0.011422021314501762,1.0,0.264745831489563,202.58595275878906,1.5052149295806885,0.6959491|0.3040509|0.0000000|0.0000000|0.0000000|0.0000000|0.0000000|0.0000000|0.0000000|0.0000000,0,0.6959490776062012,11.842092446441084,0,0,0,0,0,
cross_town,Town02,mixed,10,32,1.6,9.530014991760254,302.556640625,0.22167392075061798,179.9609375,0.0,500.0229893708359,0.0,2.86102294921875e-06,2.663161091653876e-07,0.00010965728318251492,0.43225567256585634,0.17785000801086426,0.6418634653091431,0.18952475488185883,0.0,0.6336351633071899,0.09142202138900757,1.0,0.26411089301109314,224.2286376953125,1.05159330368042,0.7001900|0.2998100|0.0000000|0.0000000|0.0000000|0.0000000|0.0000000|0.0000000|0.0000000|0.0000000,0,0.700190007686615,11.6124599050529,0,0,0,0,0,
cross_town,Town02,mixed,10,33,1.65,9.530014991760254,302.556640625,0.22167518734931946,179.9609375,0.0,500.0229893708359,0.0,2.86102294921875e-06,2.663161091653876e-07,7.9513571912477e-05,0.43650427645050927,0.25188058614730835,0.3903868794441223,0.039105791598558426,0.0,0.5536351799964905,0.039105791598558426,1.0,0.2532360255718231,140.9971466064453,1.4779069423675537,1.0000000|0.0000000|0.0000000|0.0000000|0.0000000|0.0000000|0.0000000|0.0000000|0.0000000|0.0000000,0,1.0,11.209574484637875,0,0,0,0,0,
cross_town,Town02,mixed,10,34,1.7,9.530014991760254,302.556640625,0.22167518734931946,179.9609375,0.0,500.0229893708359,0.0,2.86102294921875e-06,2.663161091653876e-07,5.510329975299769e-05,0.4386107431477586,0.1286296546459198,0.672255277633667,0.009831495583057404,0.0,0.6336351633071899,0.009831495583057404,1.0,0.28782153129577637,56.0755615234375,1.3269553184509277,1.0000000|0.0000000|0.0000000|0.0000000|0.0000000|0.0000000|0.0000000|0.0000000|0.0000000|0.0000000,0,1.0,11.269648160915349,0,0,0,0,0,
cross_town,Town02,mixed,10,35,1.75,9.530014991760254,302.556640625,0.2216765135526657,179.9609375,0.0,500.0229893708359,0.0,2.86102294921875e-06,2.663161091653876e-07,9.133793033845408e-06,0.43181036559118496,0.20042684674263,0.5842324495315552,0.1532016545534134,0.0,0.5842324495315552,0.08983149379491806,1.0,0.2624676525592804,242.16238403320312,1.218317985534668,0.7028717|0.2971283|0.0000000|0.0000000|0.0000000|0.0000000|0.0000000|0.0000000|0.0000000|0.0000000,0,0.7028717398643494,11.533827666234254,0,0,0,0,0,
cross_town,Town02,mixed,10,36,1.8,9.530014991760254,302.556640625,0.2216765135526657,179.9609375,0.0,500.0229893708359,0.0,2.86102294921875e-06,2.663161091653876e-07,1.998184302261811e-05,0.4354993016832777,0.2326163649559021,0.42045658826828003,0.1464671790599823,0.0,0.5042324662208557,0.1464671790599823,1.0,0.2575051784515381,152.74667358398438,1.369008183479309,0.9274206|0.0725795|0.0000000|0.0000000|0.0000000|0.0000000|0.0000000|0.0000000|0.0000000|0.0000000,0,0.9274205565452576,12.816333558244764,0,0,0,0,0,
cross_town,Town02,mixed,10,37,1.85,9.530014991760254,302.556640625,0.2216765135526657,179.9609375,0.0,500.0229893708359,0.0,2.86102294921875e-06,2.663161091653876e-07,2.0942715030211164e-05,0.4315528039202837,0.14120936393737793,0.4251984655857086,-0.004421446938067675,0.0,0.4251984655857086,0.06646718084812164,1.0,0.2652902901172638,183.63897705078125,1.5187506675720215,0.6818223|0.2597776|0.0584001|0.0000000|0.0000000|0.0000000|0.0000000|0.0000000|0.0000000|0.0000000,0,0.6818222999572754,16.48971848179369,0,0,0,0,0,
cross_town,Town02,mixed,10,38,1.9,9.530014991760254,302.556640625,0.2216765135526657,179.9609375,0.0,500.0229893708359,0.0,2.86102294921875e-06,2.663161091653876e-07,1.850555303173054e-05,0.43146590860396494,0.11433976888656616,0.5846158862113953,-0.04403400421142578,0.0,0.5051984786987305,-0.013532819226384163,1.0,0.2645920515060425,118.67594909667969,1.4996864795684814,0.6927482|0.2462075|0.0610443|0.0000000|0.0000000|0.0000000|0.0000000|0.0000000|0.0000000|0.0000000,0,0.6927481889724731,17.279322991697025,0,0,0,0,0,
cross_town,Town02,mixed,10,39,1.95,9.530014991760254,302.556640625,0.2216765135526657,179.9609375,0.0,500.0229893708359,0.0,2.86102294921875e-06,2.663161091653876e-07,1.8058801127462958e-05,0.4314078447138521,0.18401074409484863,0.6765839457511902,0.10983878374099731,0.0,0.5851984620094299,0.06646718084812164,1.0,0.259846955537796,68.46571350097656,1.2321758270263672,0.7275171|0.2724829|0.0000000|0.0000000|0.0000000|0.0000000|0.0000000|0.0000000|0.0000000|0.0000000,0,0.7275170683860779,16.763294976758125,0,0,0,0,0,
cross_town,Town02,mixed,10,40,2.0,9.530014991760254,302.556640625,0.22167766094207764,179.9609375,0.0,500.0229893708359,0.0,2.86102294921875e-06,2.663161091653876e-07,1.6033664924479785e-05,0.43137853002785526,0.18741095066070557,0.6078822612762451,0.16971133649349213,0.0,0.6078822612762451,0.1464671790599823,1.0,0.2639889717102051,133.16836547851562,1.2346450090408325,0.6863603|0.2583606|0.0552791|0.0000000|0.0000000|0.0000000|0.0000000|0.0000000|0.0000000|0.0000000,0,0.6863602995872498,16.269228923857874,0,0,0,0,0,
cross_town,Town02,mixed,10,41,2.05,9.530014991760254,302.556640625,0.22167766094207764,179.9609375,0.0,500.0229893708359,0.0,2.86102294921875e-06,2.663161091653876e-07,9.441423793346842e-06,0.43137408685796,0.13082629442214966,0.4626266062259674,0.37771016359329224,0.0,0.5278822779655457,0.22646717727184296,1.0,0.800000011920929,240.70828247070312,1.5142323970794678,1.0000000|0.0000000|0.0000000|0.0000000|0.0000000|0.0000000|0.0000000|0.0000000|0.0000000|0.0000000,0,1.0,15.79217454566291,0,0,0,0,0,
cross_town,Town02,mixed,10,42,2.1,9.530014991760254,302.556640625,0.22167766094207764,179.9609375,0.0,500.0229893708359,0.0,2.86102294921875e-06,2.663161091653876e-07,6.969463543019107e-06,0.43137405625774833,0.10838142037391663,0.4386449456214905,-0.355770468711853,0.0,0.4478822648525238,0.1464671790599823,1.0,0.28782153129577637,191.0145721435547,1.902519702911377,1.0000000|0.0000000|0.0000000|0.0000000|0.0000000|0.0000000|0.0000000|0.0000000|0.0000000|0.0000000,0,1.0,15.32932016977871,0,0,0,0,0,
cross_town,Town02,mixed,10,43,2.15,9.530014991760254,302.556640625,0.22167766094207764,179.9609375,0.0,500.0229893708359,0.0,2.86102294921875e-06,2.663161091653876e-07,4.737864933299125e-06,0.43137341930164286,0.08814471960067749,0.5970316529273987,0.011251641437411308,0.0,0.5278822779655457,0.06646718084812164,1.0,0.2643652856349945,63.088714599609375,1.6202629804611206,0.6778442|0.2608713|0.0612845|0.0000000|0.0000000|0.0000000|0.0000000|0.0000000|0.0000000|0.0000000,0,0.677844226360321,14.87900323908357,0,0,0,0,0,
cross_town,Town02,mixed,10,44,2.2,9.530014991760254,302.556640625,0.22167766094207764,179.9609375,0.0,500.0229893708359,0.0,2.86102294921875e-06,2.663161091653876e-07,2.3346117549772386e-06,0.43857499804649713,0.13811206817626953,0.6131420731544495,0.08641497790813446,0.0,0.6078822612762451,0.08641497790813446,1.0,0.2650972008705139,26.37581443786621,1.3533556461334229,0.6656715|0.2663485|0.0679800|0.0000000|0.0000000|0.0000000|0.0000000|0.0000000|0.0000000|0.0000000,0,0.6656715273857117,14.440176499029405,0,0,0,0,0,
cross_town,Town02,mixed,10,45,2.25,9.530014991760254,302.556640625,0.22167766094207764,179.9609375,0.0,500.0229893708359,0.0,2.86102294921875e-06,2.663161091653876e-07,5.218583403048442e-06,0.4381399569688972,0.15501078963279724,0.5660130381584167,0.1139756515622139,0.0,0.5660130381584167,0.1139756515622139,1.0,0.2640194892883301,63.8519172668457,1.5328264236450195,0.6894011|0.2446790|0.0659199|0.0000000|0.0000000|0.0000000|0.0000000|0.0000000|0.0000000|0.0000000,0,0.6894010901451111,14.012247138222751,0,0,0,0,0,
cross_town,Town02,mixed,10,46,2.3,9.530014991760254,302.556640625,0.22167766094207764,179.9609375,0.0,500.0229893708359,0.0,2.86102294921875e-06,2.663161091653876e-07,2.33708288129387e-06,0.43137046781749605,0.16541129350662231,0.4545181393623352,-0.1011151447892189,0.0,0.4860130250453949,0.03397565335035324,1.0,0.3325973451137543,197.0531005859375,1.813386082649231,1.0000000|0.0000000|0.0000000|0.0000000|0.0000000|0.0000000|0.0000000|0.0000000|0.0000000|0.0000000,0,1.0,13.594734489250465,0,0,0,0,0,
cross_town,Town02,mixed,10,47,2.35,9.530014991760254,302.556640625,0.22167766094207764,179.9609375,0.0,500.0229893708359,0.0,2.86102294921875e-06,2.663161091653876e-07,4.466618590635722e-06,0.43136959627251237,0.11448180675506592,0.7171919345855713,0.13009236752986908,0.0,0.5660130381584167,0.1139756515622139,1.0,0.2601486146450043,14.55235481262207,1.377446174621582,0.7113827|0.2886173|0.0000000|0.0000000|0.0000000|0.0000000|0.0000000|0.0000000|0.0000000|0.0000000,0,0.7113827466964722,13.187336346927669,0,0,0,0,0,
cross_town,Town02,mixed,10,48,2.4,9.530014991760254,302.556640625,0.22167766094207764,179.9609375,0.0,500.0229893708359,0.0,2.86102294921875e-06,2.663161091653876e-07,4.120211999086829e-06,0.4336989228697878,0.12990593910217285,0.6228216886520386,0.047205083072185516,0.0,0.6228216886520386,0.047205083072185516,1.0,0.26027658581733704,37.93522644042969,1.5105865001678467,0.7080183|0.2919817|0.0000000|0.0000000|0.0000000|0.0000000|0.0000000|0.0000000|0.0000000|0.0000000,0,0.7080183029174805,12.789792363932754,0,0,0,0,0,
cross_town,Town02,mixed,10,49,2.45,9.530014991760254,302.556640625,0.22167766094207764,179.9609375,0.0,500.0229893708359,0.0,2.86102294921875e-06,2.663161091653876e-07,6.660461227614878e-06,0.43423837949981364,0.15089595317840576,0.6543595194816589,-0.016106370836496353,0.0,0.6543595194816589,-0.016106370836496353,1.0,0.28782153129577637,113.06437683105469,1.2760292291641235,1.0000000|0.0000000|0.0000000|0.0000000|0.0000000|0.0000000|0.0000000|0.0000000|0.0000000|0.0000000,0,1.0,12.401863861348465,0,0,0,0,0,
cross_town,Town02,mixed,10,50,2.5,9.530014991760254,302.556640625,0.22167766094207764,179.9609375,0.0,500.0229893708359,0.0,2.86102294921875e-06,2.663161091653876e-07,6.424353356769123e-06,0.43136807184182985,0.16936612129211426,0.7006165385246277,0.27518534660339355,0.0,0.7006165385246277,0.0638936311006546,1.0,0.2645423114299774,268.41070556640625,1.1303106546401978,0.6796949|0.2431100|0.0771952|0.0000000|0.0000000|0.0000000|0.0000000|0.0000000|0.0000000|0.0000000,0,0.6796948909759521,12.023363884307482,0,0,0,0,0,
cross_town,Town02,mixed,10,51,2.55,9.530014991760254,302.556640625,0.22167766094207764,179.9609375,0.0,500.0229893708359,0.0,2.86102294921875e-06,2.663161091653876e-07,2.9567258889449435e-06,0.4313679038771359,0.17268991470336914,0.5045309066772461,-0.09412888437509537,0.0,0.6206165552139282,-0.016106368973851204,1.0,0.2966088354587555,225.5902557373047,1.6598987579345703,0.7807180|0.2192820|0.0000000|0.0000000|0.0000000|0.0000000|0.0000000|0.0000000|0.0000000|0.0000000,0,0.7807180285453796,11.65408559757947,0,0,0,0,0,
cross_town,Town02,mixed,10,52,2.6,9.530014991760254,302.556640625,0.22167766094207764,179.9609375,0.0,500.0229893708359,0.0,2.86102294921875e-06,2.663161091653876e-07,1.3735092588847982e-07,0.4313678397607082,0.1888200044631958,0.7996798753738403,0.2321968823671341,0.0,0.7006165385246277,0.0638936311006546,1.0,0.2652600407600403,143.05113220214844,1.0890443325042725,0.6649490|0.2507644|0.0842867|0.0000000|0.0000000|0.0000000|0.0000000|0.0000000|0.0000000|0.0000000,0,0.6649489998817444,11.293862702128806,0,0,0,0,0,
cross_town,Town02,mixed,10,53,2.65,9.530014991760254,302.556640625,0.22167766094207764,179.9609375,0.0,500.0229893708359,0.0,2.86102294921875e-06,2.663161091653876e-07,4.806863659268274e-07,0.43136789224307936,0.19600516557693481,0.5414867997169495,-0.026622839272022247,0.0,0.6206165552139282,-0.016106368973851204,1.0,0.25969773530960083,266.9104919433594,1.6648850440979004,0.7247332|0.2752668|0.0000000|0.0000000|0.0000000|0.0000000|0.0000000|0.0000000|0.0000000|0.0000000,0,0.7247331738471985,10.942623223290957,0,0,0,0,0,
cross_town,Town02,mixed,10,54,2.7,9.530014991760254,302.556640625,0.22167766094207764,179.9609375,0.0,500.0229893708359,0.0,2.86102294921875e-06,2.663161091653876e-07,7.89649665185074e-07,0.43136794472457385,0.12332424521446228,0.8698114156723022,0.1257883608341217,0.0,0.7006165385246277,0.0638936311006546,1.0,0.2979792058467865,100.45547485351562,1.0070381164550781,0.7354894|0.2645106|0.0000000|0.0000000|0.0000000|0.0000000|0.0000000|0.0000000|0.0000000|0.0000000,0,0.7354893684387207,10.601756978145263,0,0,0,0,0,
cross_town,Town02,mixed,10,55,2.75,9.530014991760254,302.556640625,0.22167766094207764,179.9609375,0.0,500.0229893708359,0.0,2.86102294921875e-06,2.663161091653876e-07,1.0986340476949472e-06,0.4384904878621731,0.1793961524963379,0.5275945663452148,0.04233836755156517,0.0,0.6206165552139282,0.04233836755156517,1.0,0.26544857025146484,277.7302551269531,1.7594881057739258,0.6585280|0.2570815|0.0843905|0.0000000|0.0000000|0.0000000|0.0000000|0.0000000|0.0000000|0.0000000,0,0.6585279703140259,10.46744741959577,0,0,0,0,0,
cross_town,Town02,mixed,10,56,2.8,9.530014991760254,302.556640625,0.22167766094207764,179.9609375,0.0,500.0229893708359,0.0,2.86102294921875e-06,2.663161091653876e-07,1.4419576178152605e-06,0.43136811344637993,0.2274724841117859,0.5501854419708252,0.21310541033744812,0.0,0.5501854419708252,0.12233836948871613,1.0,0.2586776912212372,112.2008285522461,1.3062987327575684,0.8671662|0.1328339|0.0000000|0.0000000|0.0000000|0.0000000|0.0000000|0.0000000|0.0000000|0.0000000,0,0.8671661615371704,10.292000016878193,0,0,0,0,0,
cross_town,Town02,mixed,10,57,2.85,9.530014991760254,302.556640625,0.22167766094207764,179.9609375,0.0,500.0229893708359,0.0,2.86102294921875e-06,2.663161091653876e-07,1.785286971843407e-06,0.43446713783430435,0.11355406045913696,0.6120266914367676,0.06055203080177307,0.0,0.6120266914367676,0.06055203080177307,1.0,0.2664671540260315,7.073315620422363,1.588266134262085,0.6520903|0.2415741|0.1063356|0.0000000|0.0000000|0.0000000|0.0000000|0.0000000|0.0000000|0.0000000,0,0.6520902514457703,10.102344411892481,0,0,0,0,0,
cross_town,Town02,mixed,10,58,2.9,9.530014991760254,302.556640625,0.22167766094207764,179.9609375,0.0,500.0229893708359,0.0,2.86102294921875e-06,2.663161091653876e-07,2.094272775582558e-06,0.4313682584544848,0.21523365378379822,0.5337952971458435,0.1953774243593216,0.0,0.5337952971458435,0.14055202901363373,1.0,0.2576432228088379,112.33599853515625,1.36345636844635,0.8774087|0.1225913|0.0000000|0.0000000|0.0000000|0.0000000|0.0000000|0.0000000|0.0000000|0.0000000,0,0.8774087429046631,9.830797614760423,0,0,0,0,0,
cross_town,Town02,mixed,10,59,2.95,9.530014991760254,302.556640625,0.22167766094207764,179.9609375,0.0,500.0229893708359,0.0,2.86102294921875e-06,2.663161091653876e-07,2.4032602280481298e-06,0.4313683167532842,0.09095430374145508,0.5928186774253845,0.013932187110185623,0.0,0.5928186774253845,0.06055203080177307,1.0,0.2990785539150238,31.761905670166016,1.8541618585586548,0.7121840|0.2878160|0.0000000|0.0000000|0.0000000|0.0000000|0.0000000|0.0000000|0.0000000|0.0000000,0,0.7121840119361877,9.573253859261648,0,0,0,0,0,
cross_town,Town02,mixed,10,60,3.0,9.530014991760254,302.556640625,0.22167766094207764,179.9609375,0.0,500.0229893708359,0.0,2.86102294921875e-06,2.663161091653876e-07,0.0,0.43136836265885725,0.1578594446182251,0.5757833123207092,0.16221658885478973,0.0,0.5757833123207092,0.14055202901363373,1.0,0.26013660430908203,43.49431610107422,1.5048651695251465,0.7383924|0.2616077|0.0000000|0.0000000|0.0000000|0.0000000|0.0000000|0.0000000|0.0000000|0.0000000,0,0.7383923530578613,9.43455215363968,0,0,0,0,0,
cross_town,Town02,mixed,10,61,3.05,9.530014991760254,302.556640625,0.22167766094207764,179.9609375,0.0,500.0229893708359,0.0,2.86102294921875e-06,2.663161091653876e-07,3.0901371417121343e-07,0.43620546103428737,0.1481405794620514,0.5426831841468811,0.09187852591276169,0.0,0.5426831841468811,0.09187852591276169,1.0,0.25873106718063354,56.535606384277344,1.4845346212387085,0.8547817|0.1452183|0.0000000|0.0000000|0.0000000|0.0000000|0.0000000|0.0000000|0.0000000|0.0000000,0,0.8547816872596741,9.403123983004459,0,0,0,0,0,
cross_town,Town02,mixed,10,62,3.1,9.530014991760254,302.556640625,0.22167766094207764,179.9609375,0.0,500.0229893708359,0.0,2.86102294921875e-06,2.663161091653876e-07,6.179829644847305e-07,0.4386735786502139,0.11825764179229736,0.6081398129463196,0.1095518171787262,0.0,0.6081398129463196,0.1095518171787262,1.0,0.26713818311691284,8.28967571258545,1.5099763870239258,0.6528905|0.2219252|0.1251843|0.0000000|0.0000000|0.0000000|0.0000000|0.0000000|0.0000000|0.0000000,0,0.6528905034065247,9.068574054908105,0,0,0,0,0,
cross_town,Town02,mixed,10,63,3.15,9.530014991760254,302.556640625,0.22167766094207764,179.9609375,0.0,500.0229893708359,0.0,2.86102294921875e-06,2.663161091653876e-07,9.61312972114377e-07,0.4313683776030752,0.08934476971626282,0.6912705302238464,-0.028189977630972862,0.0,0.688139796257019,0.02955181710422039,1.0,0.30118775367736816,90.93582916259766,1.9053648710250854,0.6606227|0.3393773|0.0000000|0.0000000|0.0000000|0.0000000|0.0000000|0.0000000|0.0000000|0.0000000,0,0.6606227159500122,8.609523908793168,0,0,0,0,0,
cross_town,Town02,mixed,10,64,3.2,9.530014991760254,302.556640625,0.22167766094207764,179.9609375,0.0,500.0229893708359,0.0,2.86102294921875e-06,2.663161091653876e-07,1.2703010497670726e-06,0.43136837760307506,0.15429174900054932,0.5447748303413391,0.17102530598640442,0.0,0.6081398129463196,0.1095518171787262,1.0,0.2660609483718872,179.7427215576172,1.4943524599075317,0.6766255|0.2039549|0.1194195|0.0000000|0.0000000|0.0000000|0.0000000|0.0000000|0.0000000|0.0000000,0,0.6766255497932434,8.433136084056791,0,0,0,0,0,
cross_town,Town02,mixed,10,65,3.25,9.530014991760254,302.556640625,0.22167766094207764,179.9609375,0.0,500.0229893708359,0.0,2.86102294921875e-06,2.663161091653876e-07,1.6136174041841495e-06,0.4313683779607029,0.11996060609817505,0.4694432318210602,0.37267205119132996,0.0,0.5281398296356201,0.18955181539058685,1.0,0.800000011920929,143.0259246826172,1.5140902996063232,1.0000000|0.0000000|0.0000000|0.0000000|0.0000000|0.0000000|0.0000000|0.0000000|0.0000000|0.0000000,0,1.0,8.47372899938626,0,0,0,0,0,
cross_town,Town02,mixed,10,66,3.3,9.530014991760254,302.556640625,0.22167766094207764,179.9609375,0.0,500.0229893708359,0.0,2.86102294921875e-06,2.663161091653876e-07,1.9226102368425e-06,0.43136834735700574,0.09077748656272888,0.5572240352630615,-0.07399602979421616,0.0,0.5572240352630615,0.1095518171787262,1.0,0.2673529386520386,19.906295776367188,1.836177110671997,0.6590168|0.1975056|0.1434775|0.0000000|0.0000000|0.0000000|0.0000000|0.0000000|0.0000000|0.0000000,0,0.6590168476104736,8.613497485725333,0,0,0,0,0,
cross_town,Town02,mixed,10,67,3.35,9.530014991760254,302.556640625,0.22167766094207764,179.9609375,0.0,500.0229893708359,0.0,2.86102294921875e-06,2.663161091653876e-07,2.231603256083479e-06,0.4338411671842179,0.10690486431121826,0.6615924835205078,0.04367832839488983,0.0,0.637224018573761,0.04367832839488983,1.0,0.2608393430709839,16.709667205810547,1.6004283428192139,0.7619247|0.2380753|0.0000000|0.0000000|0.0000000|0.0000000|0.0000000|0.0000000|0.0000000|0.0000000,0,0.7619247436523438,8.850725142197373,0,0,0,0,0,
cross_town,Town02,mixed,10,68,3.4,9.530014991760254,302.556640625,0.22167766094207764,179.9609375,0.0,500.0229893708359,0.0,2.86102294921875e-06,2.663161091653876e-07,2.5063441391929395e-06,0.4313683349638348,0.17022061347961426,0.5776034593582153,0.12752966582775116,0.0,0.5776034593582153,0.12367832660675049,1.0,0.2682802677154541,130.0955352783203,1.521425485610962,0.6446626|0.1980593|0.1572781|0.0000000|0.0000000|0.0000000|0.0000000|0.0000000|0.0000000|0.0000000,0,0.6446625590324402,9.03069245441712,0,0,0,0,0,
cross_town,Town02,mixed,10,69,3.45,9.530014991760254,302.556640625,0.22167766094207764,179.9609375,0.0,500.0229893708359,0.0,2.86102294921875e-06,2.663161091653876e-07,1.7171342643628185e-07,0.43807530453799526,0.11278671026229858,0.6115396022796631,0.0952029749751091,0.0,0.6115396022796631,0.0952029749751091,1.0,0.26701974868774414,40.84362030029297,1.6939492225646973,0.6688580|0.1777489|0.1533931|0.0000000|0.0000000|0.0000000|0.0000000|0.0000000|0.0000000|0.0000000,0,0.668857991695404,9.198825155498897,0,0,0,0,0,
cross_town,Town02,mixed,10,70,3.5,9.530014991760254,302.556640625,0.22167766094207764,179.9609375,0.0,500.0229893708359,0.0,2.86102294921875e-06,2.663161091653876e-07,4.806548710064794e-07,0.43790316430407145,0.14575934410095215,0.5657548904418945,0.12609465420246124,0.0,0.5657548904418945,0.12609465420246124,1.0,0.26720336079597473,82.51648712158203,1.5809767246246338,0.6661842|0.1698245|0.1639913|0.0000000|0.0000000|0.0000000|0.0000000|0.0000000|0.0000000|0.0000000,0,0.6661842465400696,9.252626447931071,0,0,0,0,0,
cross_town,Town02,mixed,10,71,3.55,9.530014991760254,302.556640625,0.22167766094207764,179.9609375,0.0,500.0229893708359,0.0,2.86102294921875e-06,2.663161091653876e-07,8.239860376766506e-07,0.4347559504255274,0.11310666799545288,0.6073073148727417,0.06628695130348206,0.0,0.6073073148727417,0.06628695130348206,1.0,0.267671674489975,28.810375213623047,1.658219337463379,0.6574531|0.1825460|0.1600009|0.0000000|0.0000000|0.0000000|0.0000000|0.0000000|0.0000000|0.0000000,0,0.6574530601501465,9.220169210938653,0,0,0,0,0,
cross_town,Town02,mixed,10,72,3.6,9.530014991760254,302.556640625,0.22167766094207764,179.9609375,0.0,500.0229893708359,0.0,2.86102294921875e-06,2.663161091653876e-07,1.1329711885279e-06,0.431368304360113,0.2057831883430481,0.5283037424087524,0.19557680189609528,0.0,0.5283037424087524,0.1462869495153427,1.0,0.2594793736934662,122.7852554321289,1.3400442600250244,0.8034932|0.1965068|0.0000000|0.0000000|0.0000000|0.0000000|0.0000000|0.0000000|0.0000000|0.0000000,0,0.8034932017326355,9.158231111534134,0,0,0,0,0,
cross_town,Town02,mixed,10,73,3.65,9.530014991760254,302.556640625,0.22167766094207764,179.9609375,0.0,500.0229893708359,0.0,2.86102294921875e-06,2.663161091653876e-07,1.4419604149413506e-06,0.4327593707159184,0.0804816484451294,0.5739592909812927,0.07389373332262039,0.0,0.5739592909812927,0.07389373332262039,1.0,0.3033447265625,265.3183288574219,1.7951560020446777,0.5596296|0.4403704|0.0000000|0.0000000|0.0000000|0.0000000|0.0000000|0.0000000|0.0000000|0.0000000,0,0.5596296191215515,9.831787036951672,0,0,0,0,0,
cross_town,Town02,mixed,10,74,3.7,9.530014991760254,302.556640625,0.22167766094207764,179.9609375,0.0,500.0229893708359,0.0,2.86102294921875e-06,2.663161091653876e-07,1.7852787690188959e-06,0.4368474110085118,0.1126987636089325,0.6384588479995728,0.11672001332044601,0.0,0.6384588479995728,0.11672001332044601,1.0,0.3033095598220825,88.99696350097656,1.6758826971054077,0.5393107|0.4606893|0.0000000|0.0000000|0.0000000|0.0000000|0.0000000|0.0000000|0.0000000|0.0000000,0,0.5393106937408447,10.320666675329917,0,0,0,0,0,
cross_town,Town02,mixed,10,75,3.75,9.530014991760254,302.556640625,0.22167766094207764,179.9609375,0.0,500.0229893708359,0.0,2.86102294921875e-06,2.663161091653876e-07,2.128602883728629e-06,0.4381129909631475,0.1631510853767395,0.5480703115463257,0.0888015553355217,0.0,0.5584588646888733,0.0888015553355217,1.0,0.25983062386512756,162.55813598632812,1.6421897411346436,0.7833869|0.2166130|0.0000000|0.0000000|0.0000000|0.0000000|0.0000000|0.0000000|0.0000000|0.0000000,0,0.7833869457244873,10.714611957233062,0,0,0,0,0,
cross_town,Town02,mixed,10,76,3.8,9.530014991760254,302.556640625,0.22167766094207764,179.9609375,0.0,500.0229893708359,0.0,2.86102294921875e-06,2.663161091653876e-07,2.4719250897968537e-06,0.4372765612564233,0.121509850025177,0.6211320757865906,0.1272263526916504,0.0,0.6211320757865906,0.1272263526916504,1.0,0.26019543409347534,11.044477462768555,1.5775952339172363,0.8116350|0.1883650|0.0000000|0.0000000|0.0000000|0.0000000|0.0000000|0.0000000|0.0000000|0.0000000,0,0.8116350173950195,10.911092971155684,0,0,0,0,0,
cross_town,Town02,mixed,10,77,3.85,9.530014991760254,302.556640625,0.22167766094207764,179.9609375,0.0,500.0229893708359,0.0,2.86102294921875e-06,2.663161091653876e-07,6.866458789168925e-08,0.4338447167755131,0.13994386792182922,0.5778934955596924,0.06137549504637718,0.0,0.5778934955596924,0.06137549504637718,1.0,0.26649191975593567,105.47566986083984,1.7145860195159912,0.6728607|0.1880666|0.1390727|0.0000000|0.0000000|0.0000000|0.0000000|0.0000000|0.0000000|0.0000000,0,0.6728606820106506,10.91196822864463,0,0,0,0,0,
cross_town,Town02,mixed,10,78,3.9,9.530014991760254,302.556640625,0.22167766094207764,179.9609375,0.0,500.0229893708359,0.0,2.86102294921875e-06,2.663161091653876e-07,4.1198731662098514e-07,0.4313683189467218,0.15216779708862305,0.613390326499939,0.16207724809646606,0.0,0.613390326499939,0.14137549698352814,1.0,0.2596377730369568,25.223861694335938,1.4423058032989502,0.8269171|0.1730829|0.0000000|0.0000000|0.0000000|0.0000000|0.0000000|0.0000000|0.0000000|0.0000000,0,0.8269171118736267,10.779773020692089,0,0,0,0,0,
cross_town,Town02,mixed,10,79,3.95,9.530014991760254,302.556640625,0.22167766094207764,179.9609375,0.0,500.0229893708359,0.0,2.86102294921875e-06,2.663161091653876e-07,7.553101294442021e-07,0.43136831966197753,0.13328570127487183,0.5816543102264404,0.02687196433544159,0.0,0.5816543102264404,0.06137549877166748,1.0,0.2667948603630066,92.98593139648438,1.7574493885040283,0.6643596|0.1974837|0.1381567|0.0000000|0.0000000|0.0000000|0.0000000|0.0000000|0.0000000|0.0000000,0,0.6643596291542053,10.567958665844872,0,0,0,0,0,
cross_town,Town02,mixed,10,80,4.0,9.530014991760254,302.556640625,0.22167766094207764,179.9609375,0.0,500.0229893708359,0.0,2.86102294921875e-06,2.663161091653876e-07,1.0986329208733426e-06,0.43136831966197753,0.16873052716255188,0.5780745148658752,0.18001535534858704,0.0,0.5780745148658752,0.14137549698352814,1.0,0.2594758868217468,41.79492950439453,1.4207453727722168,0.8350777|0.1649223|0.0000000|0.0000000|0.0000000|0.0000000|0.0000000|0.0000000|0.0000000|0.0000000,0,0.835077702999115,10.311128933416114,0,0,0,0,0,
cross_town,Town02,mixed,10,81,4.05,9.530014991760254,302.556640625,0.22167766094207764,179.9609375,0.0,500.0229893708359,0.0,2.86102294921875e-06,2.663161091653876e-07,1.4419557138482295e-06,0.4388450682071868,0.12363582849502563,0.5149641036987305,0.1283610463142395,0.0,0.5149641036987305,0.1283610463142395,1.0,0.25984784960746765,92.66742706298828,1.550405740737915,0.7541523|0.2458477|0.0000000|0.0000000|0.0000000|0.0000000|0.0000000|0.0000000|0.0000000|0.0000000,0,0.7541522979736328,10.03061230973269,0,0,0,0,0,
cross_town,Town02,mixed,10,82,4.1,9.530014991760254,302.556640625,0.22167766094207764,179.9609375,0.0,500.0229893708359,0.0,2.86102294921875e-06,2.663161091653876e-07,1.7852785076492314e-06,0.43262526688231995,0.13104689121246338,0.5125519037246704,0.055199965834617615,0.0,0.5125519037246704,0.055199965834617615,1.0,0.26009809970855713,21.574440002441406,1.5812066793441772,0.7425939|0.2574061|0.0000000|0.0000000|0.0000000|0.0000000|0.0000000|0.0000000|0.0000000|0.0000000,0,0.7425939440727234,9.758575673174086,0,0,0,0,0,
cross_town,Town02,mixed,10,83,4.15,9.530014991760254,302.556640625,0.22167766094207764,179.9609375,0.0,500.0229893708359,0.0,2.86102294921875e-06,2.663161091653876e-07,2.12860115185247e-06,0.43136831966197753,0.16523385047912598,0.6203715801239014,0.2084774523973465,0.0,0.5925518870353699,0.13519996404647827,1.0,0.2489112764596939,15.813227653503418,1.413388967514038,1.0000000|0.0000000|0.0000000|0.0000000|0.0000000|0.0000000|0.0000000|0.0000000|0.0000000|0.0000000,0,1.0,9.547483830195574,0,0,0,0,0,
cross_town,Town02,mixed,10,84,4.2,9.530014991760254,302.556640625,0.22167766094207764,179.9609375,0.0,500.0229893708359,0.0,2.86102294921875e-06,2.663161091653876e-07,2.4719238399799584e-06,0.43136831966197753,0.12054216861724854,0.48646554350852966,0.3876439929008484,0.0,0.5125519037246704,0.21519996225833893,1.0,0.800000011920929,212.41793823242188,1.5341832637786865,1.0000000|0.0000000|0.0000000|0.0000000|0.0000000|0.0000000|0.0000000|0.0000000|0.0000000|0.0000000,0,1.0,9.457917915833468,0,0,0,0,0,
cross_town,Town02,mixed,10,85,4.25,9.530014991760254,302.556640625,0.22167766094207764,179.9609375,0.0,500.0229893708359,0.0,2.86102294921875e-06,2.663161091653876e-07,2.8152467053784773e-06,0.43136831966197753,0.10976284742355347,0.5016376376152039,-0.09031008183956146,0.0,0.5016376376152039,0.13519996404647827,1.0,0.2662530541419983,27.262561798095703,1.8127110004425049,0.6507673|0.2363017|0.1129309|0.0000000|0.0000000|0.0000000|0.0000000|0.0000000|0.0000000|0.0000000,0,0.6507672667503357,9.575379399770524,0,0,0,0,0,
cross_town,Town02,mixed,10,86,4.3,9.530014991760254,302.556640625,0.22167766094207764,179.9609375,0.0,500.0229893708359,0.0,2.86102294921875e-06,2.663161091653876e-07,2.7465822854860405e-07,0.43136831966197753,0.10230123996734619,0.6530992388725281,0.2857235074043274,0.0,0.5816376209259033,0.21519996225833893,1.0,0.800000011920929,381.20257568359375,1.5437091588974,1.0000000|0.0000000|0.0000000|0.0000000|0.0000000|0.0000000|0.0000000|0.0000000|0.0000000|0.0000000,0,1.0,9.666878355033962,0,0,0,0,0,
cross_town,Town02,mixed,10,87,4.35,9.530014991760254,302.556640625,0.22167766094207764,179.9609375,0.0,500.0229893708359,0.0,2.86102294921875e-06,2.663161091653876e-07,6.179810219095478e-07,0.43136831966197753,0.10736346244812012,0.6073647737503052,-0.16249877214431763,0.0,0.6073647737503052,0.13519996404647827,1.0,0.296431303024292,171.6051483154297,1.8347580432891846,0.7181776|0.2818225|0.0000000|0.0000000|0.0000000|0.0000000|0.0000000|0.0000000|0.0000000|0.0000000,0,0.7181775569915771,9.812662549310282,0,0,0,0,0,
cross_town,Town02,mixed,10,88,4.4,9.530014991760254,302.556640625,0.22167766094207764,179.9609375,0.0,500.0229893708359,0.0,2.86102294921875e-06,2.663161091653876e-07,9.613037335538902e-07,0.436543220639367,0.0781208872795105,0.5305983424186707,0.08950989693403244,0.0,0.5305983424186707,0.08950989693403244,1.0,0.2946022152900696,183.7847137451172,1.718843936920166,0.7572378|0.2427623|0.0000000|0.0000000|0.0000000|0.0000000|0.0000000|0.0000000|0.0000000|0.0000000,0,0.7572377920150757,9.956550792011807,0,0,0,0,0,
cross_town,Town02,mixed,10,89,4.45,9.530014991760254,302.556640625,0.22167766094207764,179.9609375,0.0,500.0229893708359,0.0,2.86102294921875e-06,2.663161091653876e-07,1.3046267662313913e-06,0.43136831930434966,0.15489128232002258,0.5158005356788635,-0.0839245393872261,0.0,0.5158005356788635,0.009509896859526634,1.0,0.2850033938884735,431.89117431640625,1.685810923576355,1.0000000|0.0000000|0.0000000|0.0000000|0.0000000|0.0000000|0.0000000|0.0000000|0.0000000|0.0000000,0,1.0,10.062792550673276,0,0,0,0,0,
cross_town,Town02,mixed,10,90,4.5,9.530014991760254,302.556640625,0.22167766094207764,179.9609375,0.0,500.0229893708359,0.0,2.86102294921875e-06,2.663161091653876e-07,1.6479492298702206e-06,0.43136831930434966,0.174688458442688,0.7529067993164062,0.11674921959638596,0.0,0.595800518989563,0.08950989693403244,1.0,0.2648860216140747,49.605289459228516,1.3509626388549805,0.6429752|0.2696863|0.0873386|0.0000000|0.0000000|0.0000000|0.0000000|0.0000000|0.0000000|0.0000000,0,0.6429751515388489,10.111227698550962,0,0,0,0,0,
cross_town,Town02,mixed,10,91,4.55,9.530014991760254,302.556640625,0.22167766094207764,179.9609375,0.0,500.0229893708359,0.0,2.86102294921875e-06,2.663161091653876e-07,1.9912726712677894e-06,0.43670179518413477,0.14627882838249207,0.5624828338623047,0.1337302178144455,0.0,0.5624828338623047,0.1337302178144455,1.0,0.25826433300971985,43.34912109375,1.5730383396148682,0.8762209|0.1237791|0.0000000|0.0000000|0.0000000|0.0000000|0.0000000|0.0000000|0.0000000|0.0000000,0,0.8762208819389343,10.105630284363926,0,0,0,0,0,
cross_town,Town02,mixed,10,92,4.6,9.530014991760254,302.556640625,0.22167766094207764,179.9609375,0.0,500.0229893708359,0.0,2.86102294921875e-06,2.663161091653876e-07,2.300264056274305e-06,0.4313683196619774,0.09280365705490112,0.4891101121902466,0.0013058518525213003,0.0,0.4891101121902466,0.05373021960258484,1.0,0.2917366325855255,217.01577758789062,1.605850100517273,0.7770492|0.2229508|0.0000000|0.0000000|0.0000000|0.0000000|0.0000000|0.0000000|0.0000000|0.0000000,0,0.7770492434501648,10.069297017135057,0,0,0,0,0,
cross_town,Town02,mixed,10,93,4.65,9.530014991760254,302.556640625,0.22167766094207764,179.9609375,0.0,500.0229893708359,0.0,2.86102294921875e-06,2.663161091653876e-07,2.6435852540689413e-06,0.43136831966197736,0.14100444316864014,0.6190494894981384,0.16207355260849,0.0,0.569110095500946,0.1337302178144455,1.0,0.2647012770175934,35.23017883300781,1.460768461227417,0.6295666|0.2851436|0.0852899|0.0000000|0.0000000|0.0000000|0.0000000|0.0000000|0.0000000|0.0000000,0,0.6295665502548218,10.03080842090069,0,0,0,0,0,
cross_town,Town02,mixed,10,94,4.7,9.530014991760254,302.556640625,0.22167766094207764,179.9609375,0.0,500.0229893708359,0.0,2.86102294921875e-06,2.663161091653876e-07,1.3732909863612546e-07,0.43889820390619894,0.131046861410141,0.5209494829177856,0.12254557758569717,0.0,0.5209494829177856,0.12254557758569717,1.0,0.2591301202774048,98.39632415771484,1.4644025564193726,0.6723537|0.3276463|0.0000000|0.0000000|0.0000000|0.0000000|0.0000000|0.0000000|0.0000000|0.0000000,0,0.6723537445068359,10.012107738383392,0,0,0,0,0,
cross_town,Town02,mixed,10,95,4.75,9.530014991760254,302.556640625,0.22167766094207764,179.9609375,0.0,500.0229893708359,0.0,2.86102294921875e-06,2.663161091653876e-07,4.806518991751588e-07,0.43558292033402546,0.11911612749099731,0.5283297300338745,0.06880702078342438,0.0,0.5283297300338745,0.06880702078342438,1.0,0.26365411281585693,36.89194869995117,1.6019939184188843,0.6332462|0.2926191|0.0741347|0.0000000|0.0000000|0.0000000|0.0000000|0.0000000|0.0000000|0.0000000,0,0.6332462430000305,10.02258688354576,0,0,0,0,0,
cross_town,Town02,mixed,10,96,4.8,9.530014991760254,302.556640625,0.22167766094207764,179.9609375,0.0,500.0229893708359,0.0,2.86102294921875e-06,2.663161091653876e-07,8.239746784776926e-07,0.43136831930434966,0.07196429371833801,0.7407029271125793,-0.3513351082801819,0.0,0.608329713344574,-0.011192979291081429,1.0,0.3294767439365387,497.22064208984375,1.5604729652404785,1.0000000|0.0000000|0.0000000|0.0000000|0.0000000|0.0000000|0.0000000|0.0000000|0.0000000|0.0000000,0,1.0,10.059569570300656,0,0,0,0,0,
cross_town,Town02,mixed,10,97,4.85,9.530014991760254,302.556640625,0.22167766094207764,179.9609375,0.0,500.0229893708359,0.0,2.86102294921875e-06,2.663161091653876e-07,1.1672975584384677e-06,0.43136831930434966,0.2261977195739746,0.7191236019134521,0.3188728988170624,0.0,0.6883296966552734,0.06880702078342438,1.0,0.2489112764596939,121.3409194946289,1.1932663917541504,1.0000000|0.0000000|0.0000000|0.0000000|0.0000000|0.0000000|0.0000000|0.0000000|0.0000000|0.0000000,0,1.0,10.112729682336452,0,0,0,0,0,
cross_town,Town02,mixed,10,98,4.9,9.530014991760254,302.556640625,0.22167766094207764,179.9609375,0.0,500.0229893708359,0.0,2.86102294921875e-06,2.663161091653876e-07,1.5106201156504552e-06,0.4350085802047059,0.1996707320213318,0.5381481051445007,0.010785910300910473,0.0,0.608329713344574,0.010785910300910473,1.0,0.2558687925338745,241.7884063720703,1.6846556663513184,0.9156207|0.0843793|0.0000000|0.0000000|0.0000000|0.0000000|0.0000000|0.0000000|0.0000000|0.0000000,0,0.915620744228363,10.169444492883763,0,0,0,0,0,
cross_town,Town02,mixed,10,99,4.95,9.530014991760254,302.556640625,0.22167766094207764,179.9609375,0.0,500.0229893708359,0.0,2.86102294921875e-06,2.663161091653876e-07,1.8539427759053366e-06,0.4313683187679079,0.18486708402633667,0.654700756072998,0.32761627435684204,0.0,0.654700756072998,0.090785913169384,1.0,0.2579162120819092,132.23049926757812,1.1391135454177856,0.6589119|0.3410881|0.0000000|0.0000000|0.0000000|0.0000000|0.0000000|0.0000000|0.0000000|0.0000000,0,0.6589118838310242,10.219274637825825,0,0,0,0,0,
cross_town,Town02,mixed,10,100,5.0,9.530014991760254,302.556640625,0.22167766094207764,179.9609375,0.0,500.0229893708359,0.0,2.86102294921875e-06,2.663161091653876e-07,2.1972656126111625e-06,0.43904811945118716,0.18185284733772278,0.46191322803497314,0.0911940261721611,0.0,0.5747007727622986,0.0911940261721611,1.0,0.262953519821167,230.85433959960938,1.577074408531189,0.5874209|0.3525104|0.0600687|0.0000000|0.0000000|0.0000000|0.0000000|0.0000000|0.0000000|0.0000000,0,0.5874208807945251,10.256644408119556,0,0,0,0,0,
cross_town,Town02,mixed,10,101,5.05,9.530014991760254,302.556640625,0.22167766094207764,179.9609375,0.0,500.0229893708359,0.0,2.86102294921875e-06,2.663161091653876e-07,2.540588437040832e-06,0.432235566827296,0.15898442268371582,0.5477856993675232,0.16654184460639954,0.0,0.5477856993675232,0.16654184460639954,1.0,0.26315099000930786,84.98260498046875,1.332489013671875,0.5724522|0.3658342|0.0617137|0.0000000|0.0000000|0.0000000|0.0000000|0.0000000|0.0000000|0.0000000,0,0.572452187538147,10.28145751944474,0,0,0,0,0,
cross_town,Town02,mixed,10,102,5.1,9.530014991760254,302.556640625,0.22167766094207764,179.9609375,0.0,500.0229893708359,0.0,2.86102294921875e-06,2.663161091653876e-07,0.0,0.43136831966197753,0.07441285252571106,0.5057706236839294,-0.0762658342719078,0.0,0.5057706236839294,0.08654184639453888,1.0,0.2808001935482025,254.66232299804688,1.8024660348892212,0.8679266|0.1320734|0.0000000|0.0000000|0.0000000|0.0000000|0.0000000|0.0000000|0.0000000|0.0000000,0,0.8679265975952148,10.297806520049667,0,0,0,0,0,
cross_town,Town02,mixed,10,103,5.15,9.530014991760254,302.556640625,0.22167766094207764,179.9609375,0.0,500.0229893708359,0.0,2.86102294921875e-06,2.663161091653876e-07,3.433230200974189e-07,0.4383274717441531,0.10725337266921997,0.6010048389434814,0.11105115711688995,0.0,0.5857706069946289,0.11105115711688995,1.0,0.2558300793170929,12.921051025390625,1.5149734020233154,0.9205464|0.0794536|0.0000000|0.0000000|0.0000000|0.0000000|0.0000000|0.0000000|0.0000000|0.0000000,0,0.9205464124679565,10.311553884912986,0,0,0,0,0,
cross_town,Town02,mixed,10,104,5.2,9.530014991760254,302.556640625,0.22167766094207764,179.9609375,0.0,500.0229893708359,0.0,2.86102294921875e-06,2.663161091653876e-07,6.866465523893618e-07,0.43537828930380706,0.14343804121017456,0.6017017364501953,0.16635358333587646,0.0,0.6017017364501953,0.16635358333587646,1.0,0.2489112764596939,78.23573303222656,1.535405158996582,1.0000000|0.0000000|0.0000000|0.0000000|0.0000000|0.0000000|0.0000000|0.0000000|0.0000000|0.0000000,0,1.0,10.327916943614904,0,0,0,0,0,
cross_town,Town02,mixed,10,105,5.25,9.530014991760254,302.556640625,0.22167766094207764,179.9609375,0.0,500.0229893708359,0.0,2.86102294921875e-06,2.663161091653876e-07,1.029968464147309e-06,0.43136831966197753,0.11472636461257935,0.5878129601478577,0.06615350395441055,0.0,0.5878129601478577,0.08635358512401581,1.0,0.25656434893608093,163.3566436767578,1.5889067649841309,0.6342084|0.3657916|0.0000000|0.0000000|0.0000000|0.0000000|0.0000000|0.0000000|0.0000000|0.0000000,0,0.6342083811759949,10.349825379007468,0,0,0,0,0,
cross_town,Town02,mixed,10,106,5.3,9.530014991760254,302.556640625,0.22167766094207764,179.9609375,0.0,500.0229893708359,0.0,2.86102294921875e-06,2.663161091653876e-07,1.373291032826631e-06,0.43136831966197753,0.14394187927246094,0.5817971229553223,0.1729525476694107,0.0,0.5817971229553223,0.16635358333587646,1.0,0.25513753294944763,53.29765701293945,1.54337739944458,0.9307343|0.0692656|0.0000000|0.0000000|0.0000000|0.0000000|0.0000000|0.0000000|0.0000000|0.0000000,0,0.9307343363761902,10.377500855287272,0,0,0,0,0,
cross_town,Town02,mixed,10,107,5.35,9.530014991760254,302.556640625,0.22167766094207764,179.9609375,0.0,500.0229893708359,0.0,2.86102294921875e-06,2.663161091653876e-07,1.7166144011411126e-06,0.43136831966197753,0.11732926964759827,0.5288419723510742,0.048775967210531235,0.0,0.5288419723510742,0.08635358512401581,1.0,0.2602654695510864,95.16545104980469,1.5767087936401367,0.5852868|0.3670705|0.0476427|0.0000000|0.0000000|0.0000000|0.0000000|0.0000000|0.0000000|0.0000000,0,0.5852867960929871,10.388311826287184,0,0,0,0,0,
cross_town,Town02,mixed,10,108,5.4,9.530014991760254,302.556640625,0.22167766094207764,179.9609375,0.0,500.0229893708359,0.0,2.86102294921875e-06,2.663161091653876e-07,2.05993645211143e-06,0.4387006540603314,0.1653059720993042,0.5875913500785828,0.10337477922439575,0.0,0.5875913500785828,0.10337477922439575,1.0,0.2598778307437897,38.2425537109375,1.5122995376586914,0.5762082|0.3798817|0.0439101|0.0000000|0.0000000|0.0000000|0.0000000|0.0000000|0.0000000|0.0000000,0,0.5762081742286682,10.309838614011413,0,0,0,0,0,
cross_town,Town02,mixed,10,109,5.45,9.530014991760254,302.556640625,0.22167766094207764,179.9609375,0.0,500.0229893708359,0.0,2.86102294921875e-06,2.663161091653876e-07,2.4032595197907948e-06,0.43136831966197753,0.09699660539627075,0.34648144245147705,0.18790146708488464,0.0,0.5075913667678833,0.1833747774362564,1.0,0.26629897952079773,380.45745849609375,0.9267067909240723,1.0000000|0.0000000|0.0000000|0.0000000|0.0000000|0.0000000|0.0000000|0.0000000|0.0000000|0.0000000,0,1.0,10.135753620752663,0,0,0,0,0,
cross_town,Town02,mixed,10,110,5.5,9.530014991760254,302.556640625,0.22167766094207764,179.9609375,0.0,500.0229893708359,0.0,2.86102294921875e-06,2.663161091653876e-07,2.7465825722887993e-06,0.43136831966197753,0.10897928476333618,0.4887365698814392,-0.04623279348015785,0.0,0.4887365698814392,0.10337477922439575,1.0,0.2558426260948181,45.427852630615234,1.6572399139404297,0.5799605|0.4200395|0.0000000|0.0000000|0.0000000|0.0000000|0.0000000|0.0000000|0.0000000|0.0000000,0,0.5799605250358582,9.90565592653791,0,0,0,0,0,
cross_town,Town02,mixed,10,111,5.55,9.530014991760254,302.556640625,0.22167766094207764,179.9609375,0.0,500.0229893708359,0.0,2.86102294921875e-06,2.663161091653876e-07,2.059936576149739e-07,0.4377755097497656,0.14544367790222168,0.5496444702148438,0.07080677896738052,0.0,0.5496444702148438,0.07080677896738052,1.0,0.25503361225128174,76.18704223632812,1.5071091651916504,0.6075810|0.3924190|0.0000000|0.0000000|0.0000000|0.0000000|0.0000000|0.0000000|0.0000000|0.0000000,0,0.6075809597969055,9.645470539135937,0,0,0,0,0,
cross_town,Town02,mixed,10,112,5.6,9.530014991760254,302.556640625,0.22167766094207764,179.9609375,0.0,500.0229893708359,0.0,2.86102294921875e-06,2.663161091653876e-07,5.493191148608003e-07,0.431368318231466,0.18030476570129395,0.55433189868927,0.22388753294944763,0.0,0.55433189868927,0.15080678462982178,1.0,0.2489112764596939,23.5391902923584,1.3676857948303223,1.0000000|0.0000000|0.0000000|0.0000000|0.0000000|0.0000000|0.0000000|0.0000000|0.0000000|0.0000000,0,1.0,9.370682290534202,0,0,0,0,0,
cross_town,Town02,mixed,10,113,5.65,9.530014991760254,302.556640625,0.22167766094207764,179.9609375,0.0,500.0229893708359,0.0,2.86102294921875e-06,2.663161091653876e-07,8.92639281758415e-07,0.4313683196619775,0.10318997502326965,0.40310996770858765,-0.05857466161251068,0.0,0.47433188557624817,0.07080678641796112,1.0,0.26265427470207214,332.8084411621094,1.7031594514846802,1.0000000|0.0000000|0.0000000|0.0000000|0.0000000|0.0000000|0.0000000|0.0000000|0.0000000|0.0000000,0,1.0,9.090374251913817,0,0,0,0,0,
cross_town,Town02,mixed,10,114,5.7,9.530014991760254,302.556640625,0.22167766094207764,179.9609375,0.0,500.0229893708359,0.0,2.86102294921875e-06,2.663161091653876e-07,1.201632801184726e-06,0.43136831966197753,0.14269793033599854,0.5962927937507629,0.15268734097480774,0.0,0.55433189868927,0.15080678462982178,1.0,0.25447219610214233,61.0083122253418,1.409205675125122,0.5648705|0.4351296|0.0000000|0.0000000|0.0000000|0.0000000|0.0000000|0.0000000|0.0000000|0.0000000,0,0.5648704767227173,8.809800678721716,0,0,0,0,0,
cross_town,Town02,mixed,10,115,5.75,9.530014991760254,302.556640625,0.22167766094207764,179.9609375,0.0,500.0229893708359,0.0,2.86102294921875e-06,2.663161091653876e-07,1.5449523563421615e-06,0.4313683196619774,0.12075480818748474,0.47273144125938416,0.03400756046175957,0.0,0.47433188557624817,0.07080678641796112,1.0,0.2540973424911499,118.19903564453125,1.5106066465377808,0.5602004|0.4397996|0.0000000|0.0000000|0.0000000|0.0000000|0.0000000|0.0000000|0.0000000|0.0000000,0,0.5602003931999207,8.531967474725068,0,0,0,0,0,
cross_town,Town02,mixed,10,116,5.8,9.530014991760254,302.556640625,0.22167766094207764,179.9609375,0.0,500.0229893708359,0.0,2.86102294921875e-06,2.663161091653876e-07,1.8882752237270071e-06,0.4326194282692349,0.15179210901260376,0.6000816822052002,0.14400111138820648,0.0,0.55433189868927,0.14400111138820648,1.0,0.2535649240016937,74.65464782714844,1.3960490226745605,0.5682282|0.4317718|0.0000000|0.0000000|0.0000000|0.0000000|0.0000000|0.0000000|0.0000000|0.0000000,0,0.5682282447814941,8.258562370612486,0,0,0,0,0,
cross_town,Town02,mixed,10,117,5.85,9.530014991760254,302.556640625,0.22167766094207764,179.9609375,0.0,500.0229893708359,0.0,2.86102294921875e-06,2.663161091653876e-07,2.2315978959529875e-06,0.43136831966197753,0.11595287919044495,0.48389843106269836,0.04182159900665283,0.0,0.48389843106269836,0.06400111317634583,1.0,0.25308600068092346,105.2074966430664,1.5231584310531616,0.5712464|0.4287536|0.0000000|0.0000000|0.0000000|0.0000000|0.0000000|0.0000000|0.0000000|0.0000000,0,0.5712463855743408,7.990519110555781,0,0,0,0,0,
cross_town,Town02,mixed,10,118,5.9,9.530014991760254,302.556640625,0.22167766094207764,179.9609375,0.0,500.0229893708359,0.0,2.86102294921875e-06,2.663161091653876e-07,2.540589939953955e-06,0.43136831930434966,0.1594526469707489,0.5205248594284058,-0.05131688714027405,0.0,0.5205248594284058,-0.01599888689815998,1.0,0.25757884979248047,346.1491394042969,1.4318020343780518,1.0000000|0.0000000|0.0000000|0.0000000|0.0000000|0.0000000|0.0000000|0.0000000|0.0000000|0.0000000,0,1.0,7.729054370206318,0,0,0,0,0,
cross_town,Town02,mixed,10,119,5.95,9.530014991760254,302.556640625,0.22167766094207764,179.9609375,0.0,500.0229893708359,0.0,2.86102294921875e-06,2.663161091653876e-07,6.86645878897934e-08,0.43136831930434955,0.21035343408584595,0.7199957370758057,0.2740003764629364,0.0,0.6005248427391052,0.06400111317634583,1.0,0.25229644775390625,102.00386810302734,1.1604876518249512,0.5527677|0.4472323|0.0000000|0.0000000|0.0000000|0.0000000|0.0000000|0.0000000|0.0000000|0.0000000,0,0.5527676939964294,7.491478381388456,0,0,0,0,0,
cross_town,Town02,mixed,10,120,6.0,9.530014991760254,302.556640625,0.22167766094207764,179.9609375,0.0,500.0229893708359,0.0,2.86102294921875e-06,2.663161091653876e-07,4.119873166196064e-07,0.43136831966197753,0.16932305693626404,0.444691926240921,0.27330484986305237,0.0,0.5205248594284058,0.14400111138820648,1.0,0.251903235912323,179.51072692871094,0.9637179970741272,0.5355416|0.4644584|0.0000000|0.0000000|0.0000000|0.0000000|0.0000000|0.0000000|0.0000000|0.0000000,0,0.5355415940284729,7.417658707528936,0,0,0,0,0,
cross_town,Town02,mixed,10,121,6.05,9.530014991760254,302.556640625,0.22167766094207764,179.9609375,0.0,500.0229893708359,0.0,2.86102294921875e-06,2.663161091653876e-07,7.553102192292361e-07,0.43136831966197753,0.11484792828559875,0.45989689230918884,-0.020151512697339058,0.0,0.45989689230918884,0.06400111317634583,1.0,0.251313716173172,107.75130462646484,1.5311673879623413,0.5469438|0.4530561|0.0000000|0.0000000|0.0000000|0.0000000|0.0000000|0.0000000|0.0000000|0.0000000,0,0.5469438433647156,7.261604151544894,0,0,0,0,0,
cross_town,Town02,mixed,10,122,6.1,9.530014991760254,302.556640625,0.22167766094207764,179.9609375,0.0,500.0229893708359,0.0,2.86102294921875e-06,2.663161091653876e-07,1.0986339695848987e-06,0.43136831966197753,0.094637930393219,0.5961760878562927,0.32763102650642395,0.0,0.5398969054222107,0.14400111138820648,1.0,0.800000011920929,443.37701416015625,1.1738080978393555,1.0000000|0.0000000|0.0000000|0.0000000|0.0000000|0.0000000|0.0000000|0.0000000|0.0000000|0.0000000,0,1.0,7.099690074604128,0,0,0,0,0,
cross_town,Town02,mixed,10,123,6.15,9.530014991760254,302.556640625,0.22167766094207764,179.9609375,0.0,500.0229893708359,0.0,2.86102294921875e-06,2.663161091653876e-07,1.4419555244191002e-06,0.43136831966197753,0.1055319607257843,0.48626482486724854,0.005495385266840458,0.0,0.48626482486724854,0.06400111317634583,1.0,0.2503712773323059,109.6788558959961,1.563698649406433,0.5106681|0.4893319|0.0000000|0.0000000|0.0000000|0.0000000|0.0000000|0.0000000|0.0000000|0.0000000,0,0.5106680989265442,6.8849040248612,0,0,0,0,0,
cross_town,Town02,mixed,10,124,6.2,9.530014991760254,302.556640625,0.22167766094207764,179.9609375,0.0,500.0229893708359,0.0,2.86102294921875e-06,2.663161091653876e-07,1.7852782819963515e-06,0.43136831966197753,0.1407645344734192,0.5459195375442505,0.18743811547756195,0.0,0.5459195375442505,0.14400111138820648,1.0,0.24977853894233704,85.84298706054688,1.2722253799438477,0.5157421|0.4842579|0.0000000|0.0000000|0.0000000|0.0000000|0.0000000|0.0000000|0.0000000|0.0000000,0,0.5157421231269836,6.683682745819921,0,0,0,0,0,
cross_town,Town02,mixed,10,125,6.25,9.530014991760254,302.556640625,0.22167766094207764,179.9609375,0.0,500.0229893708359,0.0,2.86102294921875e-06,2.663161091653876e-07,2.128601147533178e-06,0.4312263259380443,0.11328014731407166,0.46530959010124207,-0.0015027022454887629,0.0,0.46591952443122864,0.06400111317634583,1.0,0.24918687343597412,145.90402221679688,1.5299246311187744,0.5169439|0.4830562|0.0000000|0.0000000|0.0000000|0.0000000|0.0000000|0.0000000|0.0000000|0.0000000,0,0.5169438719749451,6.63789160339889,0,0,0,0,0,
cross_town,Town02,mixed,10,126,6.3,9.530014991760254,302.556640625,0.22167766094207764,179.9609375,0.0,500.0229893708359,0.0,2.86102294921875e-06,2.663161091653876e-07,2.471924331197496e-06,0.4309567985489895,0.12975242733955383,0.5270297527313232,0.16010190546512604,0.0,0.5270297527313232,0.14400111138820648,1.0,0.24857819080352783,118.16801452636719,1.2597777843475342,0.5051701|0.4948299|0.0000000|0.0000000|0.0000000|0.0000000|0.0000000|0.0000000|0.0000000|0.0000000,0,0.5051701068878174,6.601893030294889,0,0,0,0,0,
cross_town,Town02,mixed,10,127,6.35,9.530014991760254,302.556640625,0.22167766094207764,179.9609375,0.0,500.0229893708359,0.0,2.86102294921875e-06,2.663161091653876e-07,2.8152465836553814e-06,0.4306725281648023,0.11511862277984619,0.4701652228832245,-0.009883688762784004,0.0,0.4701652228832245,0.06400111317634583,1.0,0.24793793261051178,113.5063247680664,1.5268988609313965,0.5155506|0.4844495|0.0000000|0.0000000|0.0000000|0.0000000|0.0000000|0.0000000|0.0000000|0.0000000,0,0.5155505537986755,6.181411314127765,0,0,0,0,0,
cross_town,Town02,mixed,10,128,6.4,9.530014991760254,302.556640625,0.22167766094207764,179.9609375,0.0,500.0229893708359,0.0,2.86102294921875e-06,2.663161091653876e-07,2.746582286975692e-07,0.4303630715056955,0.13441598415374756,0.5494624376296997,0.1674797534942627,0.0,0.5494624376296997,0.14400111138820648,1.0,0.24727459251880646,84.40391540527344,1.2655277252197266,0.5191404|0.4808596|0.0000000|0.0000000|0.0000000|0.0000000|0.0000000|0.0000000|0.0000000|0.0000000,0,0.5191404223442078,5.8449131681974915,0,0,0,0,0,
cross_town,Town02,mixed,10,129,6.45,9.530014991760254,302.556640625,0.22167766094207764,179.9609375,0.0,500.0229893708359,0.0,2.86102294921875e-06,2.663161091653876e-07,6.179830368201549e-07,0.4323572814156092,0.08680897951126099,0.2723817229270935,0.2108020931482315,0.0,0.46946242451667786,0.2108020931482315,1.0,0.2444165050983429,442.8340759277344,0.7255458831787109,1.0000000|0.0000000|0.0000000|0.0000000|0.0000000|0.0000000|0.0000000|0.0000000|0.0000000|0.0000000,0,1.0,5.583282928046346,0,0,0,0,0,
cross_town,Town02,mixed,10,130,6.5,9.530014991760254,302.556640625,0.22167766094207764,179.9609375,0.0,500.0229893708359,0.0,2.86102294921875e-06,2.663161091653876e-07,9.613057448127333e-07,0.42968226837926266,0.06591635942459106,0.532792329788208,-0.07585811614990234,0.0,0.532792329788208,0.13080209493637085,1.0,0.24301911890506744,484.41778564453125,1.2394803762435913,1.0000000|0.0000000|0.0000000|0.0000000|0.0000000|0.0000000|0.0000000|0.0000000|0.0000000|0.0000000,0,1.0,5.405045909497521,0,0,0,0,0,
cross_town,Town02,mixed,10,131,6.55,9.530014991760254,302.556640625,0.22167766094207764,179.9609375,0.0,500.0229893708359,0.0,2.86102294921875e-06,2.663161091653876e-07,1.30462655874098e-06,0.4368437167055131,0.12659934163093567,0.5594120025634766,0.1196061298251152,0.0,0.5594120025634766,0.1196061298251152,1.0,0.2489112764596939,6.512292385101318,1.619700312614441,1.0000000|0.0000000|0.0000000|0.0000000|0.0000000|0.0000000|0.0000000|0.0000000|0.0000000|0.0000000,0,1.0,5.23479672380554,0,0,0,0,0,
cross_town,Town02,mixed,10,132,6.6,9.530014991760254,302.556640625,0.22167766094207764,179.9609375,0.0,500.0229893708359,0.0,2.86102294921875e-06,2.663161091653876e-07,1.6479502816320358e-06,0.43616629336079116,0.11854562163352966,0.4337726831436157,0.10042689740657806,0.0,0.4794119894504547,0.10042689740657806,1.0,0.2440417855978012,182.62062072753906,1.3485963344573975,0.5534338|0.4465663|0.0000000|0.0000000|0.0000000|0.0000000|0.0000000|0.0000000|0.0000000|0.0000000,0,0.5534337759017944,5.093310009068532,0,0,0,0,0,
cross_town,Town02,mixed,10,133,6.65,9.530014991760254,302.556640625,0.22167766094207764,179.9609375,0.0,500.0229893708359,0.0,2.86102294921875e-06,2.663161091653876e-07,1.9912720585920544e-06,0.4334877292664717,0.14074543118476868,0.4531943202018738,0.052864741533994675,0.0,0.4531943202018738,0.052864741533994675,1.0,0.24300286173820496,121.908203125,1.3134434223175049,0.5737844|0.4262156|0.0000000|0.0000000|0.0000000|0.0000000|0.0000000|0.0000000|0.0000000|0.0000000,0,0.5737844109535217,4.949012605767202,0,0,0,0,0,
cross_town,Town02,mixed,10,134,6.7,9.530014991760254,302.556640625,0.22167766094207764,179.9609375,0.0,500.0229893708359,0.0,2.86102294921875e-06,2.663161091653876e-07,2.3345950762042387e-06,0.42809757978979374,0.09373947978019714,0.5810902714729309,0.39173686504364014,0.0,0.5331943035125732,0.13286474347114563,1.0,0.800000011920929,446.349853515625,1.1237156391143799,1.0000000|0.0000000|0.0000000|0.0000000|0.0000000|0.0000000|0.0000000|0.0000000|0.0000000|0.0000000,0,1.0,4.824529116432685,0,0,0,0,0,
cross_town,Town02,mixed,10,135,6.75,9.530014991760254,302.556640625,0.22167766094207764,179.9609375,0.0,500.0229893708359,0.0,2.86102294921875e-06,2.663161091653876e-07,2.677917995803522e-06,0.43238224376961487,0.1067049503326416,0.37269264459609985,0.08328106254339218,0.0,0.4531942903995514,0.08328106254339218,1.0,0.24135613441467285,204.43508911132812,1.3278679847717285,0.5648546|0.4351454|0.0000000|0.0000000|0.0000000|0.0000000|0.0000000|0.0000000|0.0000000|0.0000000,0,0.5648545622825623,4.694342905896894,0,0,0,0,0,
cross_town,Town02,mixed,10,136,6.8,9.530014991760254,302.556640625,0.22167766094207764,179.9609375,0.0,500.0229893708359,0.0,2.86102294921875e-06,2.663161091653876e-07,1.3732909861362795e-07,0.4344803524838589,0.13117370009422302,0.484864205121994,0.10121650993824005,0.0,0.484864205121994,0.10121650993824005,1.0,0.24019385874271393,101.80989837646484,1.275951623916626,0.5830052|0.4169948|0.0000000|0.0000000|0.0000000|0.0000000|0.0000000|0.0000000|0.0000000|0.0000000,0,0.5830052495002747,4.579120454063058,0,0,0,0,0,
cross_town,Town02,mixed,10,137,6.85,9.530014991760254,302.556640625,0.22167766094207764,179.9609375,0.0,500.0229893708359,0.0,2.86102294921875e-06,2.663161091653876e-07,4.806518990304467e-07,0.4266979736528214,0.10557273030281067,0.6477658748626709,0.2570509910583496,0.0,0.5648642182350159,0.1812165081501007,1.0,0.800000011920929,447.84625244140625,1.4285106658935547,1.0000000|0.0000000|0.0000000|0.0000000|0.0000000|0.0000000|0.0000000|0.0000000|0.0000000|0.0000000,0,1.0,4.457571003850752,0,0,0,0,0,
cross_town,Town02,mixed,10,138,6.9,9.530014991760254,302.556640625,0.22167766094207764,179.9609375,0.0,500.0229893708359,0.0,2.86102294921875e-06,2.663161091653876e-07,8.23976424640549e-07,0.4261863732630317,0.13909995555877686,0.47554394602775574,0.40012311935424805,0.0,0.484864205121994,0.26121652126312256,1.0,0.800000011920929,272.51953125,1.5286282300949097,1.0000000|0.0000000|0.0000000|0.0000000|0.0000000|0.0000000|0.0000000|0.0000000|0.0000000|0.0000000,0,1.0,4.347965926022071,0,0,0,0,0,
cross_town,Town02,mixed,10,139,6.95,9.530014991760254,302.556640625,0.22167766094207764,179.9609375,0.0,500.0229893708359,0.0,2.86102294921875e-06,2.663161091653876e-07,1.1672976038154262e-06,0.4256501195952191,0.07800251245498657,0.5735887885093689,0.013130934908986092,0.0,0.5648642182350159,0.1812165230512619,1.0,0.23694974184036255,162.23764038085938,1.951974868774414,0.6032428|0.3967572|0.0000000|0.0000000|0.0000000|0.0000000|0.0000000|0.0000000|0.0000000|0.0000000,0,0.603242814540863,4.232437568340633,0,0,0,0,0,
cross_town,Town02,mixed,10,140,7.0,9.530014991760254,302.556640625,0.22167766094207764,179.9609375,0.0,500.0229893708359,0.0,2.86102294921875e-06,2.663161091653876e-07,1.5106201197677232e-06,0.4311843587796968,0.07027435302734375,0.5379956364631653,0.14488759636878967,0.0,0.5379956364631653,0.14488759636878967,1.0,0.23587748408317566,274.72125244140625,1.5438928604125977,0.6061586|0.3938414|0.0000000|0.0000000|0.0000000|0.0000000|0.0000000|0.0000000|0.0000000|0.0000000,0,0.6061585545539856,4.127300151364042,0,0,0,0,0,
cross_town,Town02,mixed,10,141,7.05,9.530014991760254,302.556640625,0.22167766094207764,179.9609375,0.0,500.0229893708359,0.0,2.86102294921875e-06,2.663161091653876e-07,1.8539427789477313e-06,0.43217579751271545,0.10431146621704102,0.3540193438529968,0.14645583927631378,0.0,0.45799562335014343,0.14645583927631378,1.0,0.23471984267234802,228.31027221679688,1.183157205581665,0.6117160|0.3882841|0.0000000|0.0000000|0.0000000|0.0000000|0.0000000|0.0000000|0.0000000|0.0000000,0,0.6117159724235535,4.01741147400001,0,0,0,0,0,
cross_town,Town02,mixed,10,142,7.1,9.530014991760254,302.556640625,0.22167766094207764,179.9609375,0.0,500.0229893708359,0.0,2.86102294921875e-06,2.663161091653876e-07,2.1972662353659984e-06,0.42388074082553395,0.09457206726074219,0.4077259302139282,0.02566458284854889,0.0,0.4077259302139282,0.06645584106445312,1.0,0.23342961072921753,94.68632507324219,1.37240469455719,0.6212391|0.3787609|0.0000000|0.0000000|0.0000000|0.0000000|0.0000000|0.0000000|0.0000000|0.0000000,0,0.6212390661239624,3.9161118864415414,0,0,0,0,0,
cross_town,Town02,mixed,10,143,7.15,9.530014991760254,302.556640625,0.22167766094207764,179.9609375,0.0,500.0229893708359,0.0,2.86102294921875e-06,2.663161091653876e-07,2.540588951547356e-06,0.42600841486971003,0.11834368109703064,0.46471261978149414,0.1303820013999939,0.0,0.46471261978149414,0.1303820013999939,1.0,0.23192524909973145,92.79792785644531,1.261112928390503,0.6370055|0.3629945|0.0000000|0.0000000|0.0000000|0.0000000|0.0000000|0.0000000|0.0000000|0.0000000,0,0.6370055079460144,3.8108258517960225,0,0,0,0,0,
cross_town,Town02,mixed,10,144,7.2,9.530014991760254,302.556640625,0.22167766094207764,179.9609375,0.0,500.0229893708359,0.0,2.86102294921875e-06,2.663161091653876e-07,0.0,0.4266748789535964,0.10609877109527588,0.37240731716156006,0.07593818008899689,0.0,0.3847126066684723,0.07593818008899689,1.0,0.23085813224315643,109.3187255859375,1.2446311712265015,0.6349042|0.3650958|0.0000000|0.0000000|0.0000000|0.0000000|0.0000000|0.0000000|0.0000000|0.0000000,0,0.6349042057991028,3.7126922978329473,0,0,0,0,0,
cross_town,Town02,mixed,10,145,7.25,9.530014991760254,302.556640625,0.22167766094207764,179.9609375,0.0,500.0229893708359,0.0,2.86102294921875e-06,2.663161091653876e-07,3.4332313504534127e-07,0.42868158984647653,0.11675509810447693,0.4769689738750458,0.10232942551374435,0.0,0.46471261978149414,0.10232942551374435,1.0,0.22980310022830963,104.5569076538086,1.2409095764160156,0.6321514|0.3678486|0.0000000|0.0000000|0.0000000|0.0000000|0.0000000|0.0000000|0.0000000|0.0000000,0,0.6321513652801514,3.611715083574025,0,0,0,0,0,
cross_town,Town02,mixed,10,146,7.3,9.530014991760254,302.556640625,0.22167766094207764,179.9609375,0.0,500.0229893708359,0.0,2.86102294921875e-06,2.663161091653876e-07,6.866456189284273e-07,0.427754184608718,0.1030576229095459,0.6136600971221924,0.13138388097286224,0.0,0.5447126030921936,0.13138388097286224,1.0,0.2489112764596939,21.182525634765625,1.5999081134796143,1.0000000|0.0000000|0.0000000|0.0000000|0.0000000|0.0000000|0.0000000|0.0000000|0.0000000|0.0000000,0,1.0,3.5166045617823283,0,0,0,0,0,
cross_town,Town02,mixed,10,147,7.35,9.530014991760254,302.556640625,0.22167766094207764,179.9609375,0.0,500.0229893708359,0.0,2.86102294921875e-06,2.663161091653876e-07,9.956403791158577e-07,0.4202992805602372,0.10984852910041809,0.30655133724212646,0.3443513512611389,0.0,0.46471258997917175,0.2113838791847229,1.0,0.2262042611837387,174.5166473388672,0.8221223950386047,0.6701115|0.3298885|0.0000000|0.0000000|0.0000000|0.0000000|0.0000000|0.0000000|0.0000000|0.0000000,0,0.6701115369796753,3.4228354617834995,0,0,0,0,0,
cross_town,Town02,mixed,10,148,7.4,9.530014991760254,302.556640625,0.22167766094207764,179.9609375,0.0,500.0229893708359,0.0,2.86102294921875e-06,2.663161091653876e-07,1.3389588280748408e-06,0.4194732133739244,0.07950204610824585,0.39392122626304626,0.12055637687444687,0.0,0.39392122626304626,0.13138388097286224,1.0,0.2247510552406311,202.87649536132812,1.0478980541229248,0.6758054|0.3241946|0.0000000|0.0000000|0.0000000|0.0000000|0.0000000|0.0000000|0.0000000|0.0000000,0,0.675805389881134,3.341159010549001,0,0,0,0,0,
cross_town,Town02,mixed,10,149,7.45,9.530014991760254,302.556640625,0.22167766094207764,179.9609375,0.0,500.0229893708359,0.0,2.86102294921875e-06,2.663161091653876e-07,1.647950305485476e-06,0.41860937440897233,0.07374167442321777,0.5031810402870178,0.03405606746673584,0.0,0.4739212393760681,0.05138388276100159,1.0,0.21127615869045258,256.44549560546875,0.6518067121505737,1.0000000|0.0000000|0.0000000|0.0000000|0.0000000|0.0000000|0.0000000|0.0000000|0.0000000|0.0000000,0,1.0,3.268986312258804,0,0,0,0,0,
cross_town,Town02,mixed,10,150,7.5,9.530014991760254,302.556640625,0.22167766094207764,179.9609375,0.0,500.0229893708359,0.0,2.86102294921875e-06,2.663161091653876e-07,1.991271932041035e-06,0.4177088908396434,0.14922761917114258,0.32540878653526306,0.36424773931503296,0.0,0.39392122626304626,0.13138388097286224,1.0,0.2226818948984146,124.14593505859375,0.754811704158783,0.6634539|0.3365461|0.0000000|0.0000000|0.0000000|0.0000000|0.0000000|0.0000000|0.0000000|0.0000000,0,0.6634538769721985,3.20953146754988,0,0,0,0,0,
cross_town,Town02,mixed,10,151,7.55,9.530014991760254,302.556640625,0.22167766094207764,179.9609375,0.0,500.0229893708359,0.0,2.86102294921875e-06,2.663161091653876e-07,2.334594835583977e-06,0.4202291838736401,0.11382198333740234,0.42357659339904785,0.07205748558044434,0.0,0.42357659339904785,0.07205748558044434,1.0,0.21995604038238525,138.4718017578125,1.0724170207977295,0.6986870|0.3013131|0.0000000|0.0000000|0.0000000|0.0000000|0.0000000|0.0000000|0.0000000|0.0000000,0,0.698686957359314,3.1569460442470882,0,0,0,0,0,
cross_town,Town02,mixed,10,152,7.6,9.530014991760254,302.556640625,0.22167766094207764,179.9609375,0.0,500.0229893708359,0.0,2.86102294921875e-06,2.663161091653876e-07,2.677917417347916e-06,0.4158017079779897,0.1178150475025177,0.38066041469573975,0.203990176320076,0.0,0.38066041469573975,0.152057483792305,1.0,0.21865509450435638,65.18485260009766,1.016892433166504,0.6979015|0.3020985|0.0000000|0.0000000|0.0000000|0.0000000|0.0000000|0.0000000|0.0000000|0.0000000,0,0.6979014873504639,3.11234516830421,0,0,0,0,0,
cross_town,Town02,mixed,10,153,7.65,9.530014991760254,302.556640625,0.22167766094207764,179.9609375,0.0,500.0229893708359,0.0,2.86102294921875e-06,2.663161091653876e-07,2.0599365761638515e-07,0.41479588674258516,0.09509992599487305,0.4584313929080963,0.049795228987932205,0.0,0.4584313929080963,0.07205748558044434,1.0,0.21643927693367004,209.94485473632812,0.9039371609687805,0.7174169|0.2825831|0.0000000|0.0000000|0.0000000|0.0000000|0.0000000|0.0000000|0.0000000|0.0000000,0,0.7174169421195984,3.068981881301817,0,0,0,0,0,
cross_town,Town02,mixed,10,154,7.7,9.530014991760254,302.556640625,0.22167766094207764,179.9609375,0.0,500.0229893708359,0.0,2.86102294921875e-06,2.663161091653876e-07,5.493164593606246e-07,0.4137549838276651,0.09192270040512085,0.25358569622039795,0.4248882830142975,0.0,0.37843137979507446,0.152057483792305,1.0,0.20174354314804077,119.00789642333984,0.4250544309616089,1.0000000|0.0000000|0.0000000|0.0000000|0.0000000|0.0000000|0.0000000|0.0000000|0.0000000|0.0000000,0,1.0,3.0293438058855124,0,0,0,0,0,
cross_town,Town02,mixed,10,155,7.75,9.530014991760254,302.556640625,0.22167766094207764,179.9609375,0.0,500.0229893708359,0.0,2.86102294921875e-06,2.663161091653876e-07,8.926391685271218e-07,0.4126778908681274,0.10087865591049194,0.42917394638061523,0.04977034404873848,0.0,0.42917394638061523,0.07205748558044434,1.0,0.21412929892539978,184.1624755859375,1.053208589553833,0.7088584|0.2911415|0.0000000|0.0000000|0.0000000|0.0000000|0.0000000|0.0000000|0.0000000|0.0000000,0,0.7088584303855896,2.986895601399786,0,0,0,0,0,
cross_town,Town02,mixed,10,156,7.8,9.530014991760254,302.556640625,0.22167766094207764,179.9609375,0.0,500.0229893708359,0.0,2.86102294921875e-06,2.663161091653876e-07,1.2359620547580444e-06,0.4115633220108382,0.11335635185241699,0.32358938455581665,0.34932205080986023,0.0,0.3491739332675934,0.152057483792305,1.0,0.2116667479276657,75.417236328125,0.8563071489334106,0.7308300|0.2691701|0.0000000|0.0000000|0.0000000|0.0000000|0.0000000|0.0000000|0.0000000|0.0000000,0,0.7308299541473389,2.945739144173752,0,0,0,0,0,
cross_town,Town02,mixed,10,157,7.85,9.530014991760254,302.556640625,0.22167766094207764,179.9609375,0.0,500.0229893708359,0.0,2.86102294921875e-06,2.663161091653876e-07,1.5792846104116059e-06,0.41040926793261817,0.06582140922546387,0.6081438064575195,-0.11907323449850082,0.0,0.42917394638061523,0.07205748558044434,1.0,0.1960601508617401,336.222412109375,0.6076987981796265,1.0000000|0.0000000|0.0000000|0.0000000|0.0000000|0.0000000|0.0000000|0.0000000|0.0000000|0.0000000,0,1.0,2.9000446299223603,0,0,0,0,0,
cross_town,Town02,mixed,10,158,7.9,9.530014991760254,302.556640625,0.22167766094207764,179.9609375,0.0,500.0229893708359,0.0,2.86102294921875e-06,2.663161091653876e-07,1.9226074820708533e-06,0.4100532747684809,0.10629916191101074,0.6284638047218323,0.14755892753601074,0.0,0.5091739296913147,0.14755892753601074,1.0,0.2489112764596939,16.82924461364746,1.562267541885376,1.0000000|0.0000000|0.0000000|0.0000000|0.0000000|0.0000000|0.0000000|0.0000000|0.0000000|0.0000000,0,1.0,2.854941868835542,0,0,0,0,0,
cross_town,Town02,mixed,10,159,7.95,9.530014991760254,302.556640625,0.22167766094207764,179.9609375,0.0,500.0229893708359,0.0,2.86102294921875e-06,2.663161091653876e-07,2.2659301806960836e-06,0.4079745380706936,0.10660004615783691,0.3499627709388733,0.3923146426677704,0.0,0.42917391657829285,0.2275589257478714,1.0,0.20622511208057404,161.02572631835938,0.8093874454498291,0.7539238|0.2460763|0.0000000|0.0000000|0.0000000|0.0000000|0.0000000|0.0000000|0.0000000|0.0000000,0,0.753923773765564,2.8053196498717803,0,0,0,0,0,
cross_town,Town02,mixed,10,160,8.0,9.530014991760254,302.556640625,0.22167766094207764,179.9609375,0.0,500.0229893708359,0.0,2.86102294921875e-06,2.663161091653876e-07,2.609252908872681e-06,0.40668927721514525,0.06187647581100464,0.547215461730957,-0.474480003118515,0.0,0.5091739296913147,0.14755892753601074,1.0,0.19041167199611664,183.5609588623047,0.46263742446899414,1.0000000|0.0000000|0.0000000|0.0000000|0.0000000|0.0000000|0.0000000|0.0000000|0.0000000|0.0000000,0,1.0,2.7567142666596975,0,0,0,0,0,
cross_town,Town02,mixed,10,161,8.05,9.530014991760254,302.556640625,0.22167766094207764,179.9609375,0.0,500.0229893708359,0.0,2.86102294921875e-06,2.663161091653876e-07,6.866458770188531e-08,0.40535551966689565,0.10644376277923584,0.3190770745277405,0.44201797246932983,0.0,0.42917391657829285,0.2275589257478714,1.0,0.2036450207233429,101.2509994506836,0.5879733562469482,0.7496907|0.2503093|0.0000000|0.0000000|0.0000000|0.0000000|0.0000000|0.0000000|0.0000000|0.0000000,0,0.7496906518936157,2.704501429841576,0,0,0,0,0,
cross_town,Town02,mixed,10,162,8.1,9.530014991760254,302.556640625,0.22167766094207764,179.9609375,0.0,500.0229893708359,0.0,2.86102294921875e-06,2.663161091653876e-07,4.1198731661752e-07,0.4039712009743133,0.07299590110778809,0.4545612335205078,-0.2165992558002472,0.0,0.4545612335205078,0.14755892753601074,1.0,0.2023039311170578,232.10507202148438,0.5429563522338867,0.7485828|0.2514171|0.0000000|0.0000000|0.0000000|0.0000000|0.0000000|0.0000000|0.0000000|0.0000000,0,0.7485828399658203,2.6541021392079793,0,0,0,0,0,
cross_town,Town02,mixed,10,163,8.15,9.530014991760254,302.556640625,0.22167766094207764,179.9609375,0.0,500.0229893708359,0.0,2.86102294921875e-06,2.663161091653876e-07,7.553101572990277e-07,0.40253397638453287,0.10124105215072632,0.5651620626449585,0.03229271620512009,0.0,0.5345612168312073,0.06755892932415009,1.0,0.2489112764596939,21.079118728637695,1.6930744647979736,1.0000000|0.0000000|0.0000000|0.0000000|0.0000000|0.0000000|0.0000000|0.0000000|0.0000000|0.0000000,0,1.0,2.6011089468559754,0,0,0,0,0,
cross_town,Town02,mixed,10,164,8.2,9.530014991760254,302.556640625,0.22167766094207764,179.9609375,0.0,500.0229893708359,0.0,2.86102294921875e-06,2.663161091653876e-07,1.0643045866068864e-06,0.4010419422007578,0.1371040940284729,0.23822495341300964,0.5376801490783691,0.0,0.4545612037181854,0.14755892753601074,1.0,0.19826148450374603,242.75753784179688,0.3424863815307617,0.7671242|0.2328758|0.0000000|0.0000000|0.0000000|0.0000000|0.0000000|0.0000000|0.0000000|0.0000000,0,0.7671241760253906,2.550523507093665,0,0,0,0,0,
cross_town,Town02,mixed,10,165,8.25,9.530014991760254,302.556640625,0.22167766094207764,179.9609375,0.0,500.0229893708359,0.0,2.86102294921875e-06,2.663161091653876e-07,1.4076233585753813e-06,0.3994928985594812,0.10625216364860535,0.6519600749015808,0.26269274950027466,0.0,0.5345612168312073,0.2275589257478714,1.0,0.800000011920929,390.3481140136719,1.5531854629516602,1.0000000|0.0000000|0.0000000|0.0000000|0.0000000|0.0000000|0.0000000|0.0000000|0.0000000|0.0000000,0,1.0,2.497994575911637,0,0,0,0,0,
cross_town,Town02,mixed,10,166,8.3,9.530014991760254,302.556640625,0.22167766094207764,179.9609375,0.0,500.0229893708359,0.0,2.86102294921875e-06,2.663161091653876e-07,1.7509460782161295e-06,0.39788506623423786,0.062279701232910156,0.5598437190055847,-0.024974899366497993,0.0,0.5598437190055847,0.14755892753601074,1.0,0.19439278542995453,120.9612808227539,0.7268345355987549,0.7811199|0.2188801|0.0000000|0.0000000|0.0000000|0.0000000|0.0000000|0.0000000|0.0000000|0.0000000,0,0.7811199426651001,2.448058123451209,0,0,0,0,0,
cross_town,Town02,mixed,10,167,8.35,9.530014991760254,302.556640625,0.22167766094207764,179.9609375,0.0,500.0229893708359,0.0,2.86102294921875e-06,2.663161091653876e-07,2.0942689574846413e-06,0.4021384294938347,0.13199645280838013,0.5496504902839661,0.10928590595722198,0.0,0.5496504902839661,0.10928590595722198,1.0,0.2489112764596939,38.59954071044922,1.6177117824554443,1.0000000|0.0000000|0.0000000|0.0000000|0.0000000|0.0000000|0.0000000|0.0000000|0.0000000|0.0000000,0,1.0,2.396397306629014,0,0,0,0,0,
cross_town,Town02,mixed,10,168,8.4,9.530014991760254,302.556640625,0.22167766094207764,179.9609375,0.0,500.0229893708359,0.0,2.86102294921875e-06,2.663161091653876e-07,2.4375915835185678e-06,0.3997705419435732,0.13404035568237305,0.6073142886161804,0.15395167469978333,0.0,0.6073142886161804,0.15395167469978333,1.0,0.2489112764596939,21.98501968383789,1.5182390213012695,1.0000000|0.0000000|0.0000000|0.0000000|0.0000000|0.0000000|0.0000000|0.0000000|0.0000000|0.0000000,0,1.0,2.347196111636159,0,0,0,0,0,
cross_town,Town02,mixed,10,169,8.45,9.530014991760254,302.556640625,0.22167766094207764,179.9609375,0.0,500.0229893708359,0.0,2.86102294921875e-06,2.663161091653876e-07,2.780914367307825e-06,0.3959241197145841,0.07659399509429932,0.5659624934196472,0.09309957176446915,0.0,0.5659624934196472,0.09309957176446915,1.0,0.18950098752975464,252.1565399169922,0.5524806976318359,0.7873539|0.2126461|0.0000000|0.0000000|0.0000000|0.0000000|0.0000000|0.0000000|0.0000000|0.0000000,0,0.7873538732528687,2.296227070897347,0,0,0,0,0,
cross_town,Town02,mixed,10,170,8.5,9.530014991760254,302.556640625,0.22167766094207764,179.9609375,0.0,500.0229893708359,0.0,2.86102294921875e-06,2.663161091653876e-07,2.7466387081019565e-07,0.39082362001462073,0.10427969694137573,0.34799858927726746,0.45487648248672485,0.0,0.48596248030662537,0.1730995774269104,1.0,0.1876477152109146,222.73501586914062,0.06635940074920654,0.7921028|0.2078972|0.0000000|0.0000000|0.0000000|0.0000000|0.0000000|0.0000000|0.0000000|0.0000000,0,0.7921028137207031,2.2474558638356,0,0,0,0,0,
cross_town,Town02,mixed,10,171,8.55,9.530014991760254,302.556640625,0.22167766094207764,179.9609375,0.0,500.0229893708359,0.0,2.86102294921875e-06,2.663161091653876e-07,6.179810169637341e-07,0.3914023837538963,0.101511150598526,0.3879626393318176,0.23871977627277374,0.0,0.4059624671936035,0.23871977627277374,1.0,0.18578176200389862,198.08619689941406,0.4185546636581421,0.7967885|0.2032115|0.0000000|0.0000000|0.0000000|0.0000000|0.0000000|0.0000000|0.0000000|0.0000000,0,0.7967884540557861,2.1968097134302162,0,0,0,0,0,
cross_town,Town02,mixed,10,172,8.6,9.530014991760254,302.556640625,0.22167766094207764,179.9609375,0.0,500.0229893708359,0.0,2.86102294921875e-06,2.663161091653876e-07,9.613037217307335e-07,0.38688346466803314,0.08617904782295227,0.5028418302536011,-0.09679426997900009,0.0,0.48596248030662537,0.15871977806091309,1.0,0.2489112764596939,58.44475173950195,1.7087585926055908,1.0000000|0.0000000|0.0000000|0.0000000|0.0000000|0.0000000|0.0000000|0.0000000|0.0000000|0.0000000,0,1.0,2.148117036801431,0,0,0,0,0,
cross_town,Town02,mixed,10,173,8.65,9.530014991760254,302.556640625,0.22167766094207764,179.9609375,0.0,500.0229893708359,0.0,2.86102294921875e-06,2.663161091653876e-07,1.3046264521100944e-06,0.38480216353856306,0.12120646238327026,0.5601017475128174,0.019648835062980652,0.0,0.5601017475128174,0.07871977984905243,1.0,0.2489112764596939,25.05947494506836,1.6435918807983398,1.0000000|0.0000000|0.0000000|0.0000000|0.0000000|0.0000000|0.0000000|0.0000000|0.0000000|0.0000000,0,1.0,2.097499431311785,0,0,0,0,0,
cross_town,Town02,mixed,10,174,8.7,9.530014991760254,302.556640625,0.22167766094207764,179.9609375,0.0,500.0229893708359,0.0,2.86102294921875e-06,2.663161091653876e-07,1.6479492522456928e-06,0.382647179487545,0.107953280210495,0.3471500277519226,0.4600886106491089,0.0,0.48010173439979553,0.15871977806091309,1.0,0.1805412322282791,283.33050537109375,-0.0004055500030517578,0.8053986|0.1946014|0.0000000|0.0000000|0.0000000|0.0000000|0.0000000|0.0000000|0.0000000|0.0000000,0,0.8053985834121704,2.0578344895557406,0,0,0,0,0,
cross_town,Town02,mixed,10,175,8.75,9.530014991760254,302.556640625,0.22167766094207764,179.9609375,0.0,500.0229893708359,0.0,2.86102294921875e-06,2.663161091653876e-07,1.9912725360006503e-06,0.3804374861629847,0.10540428757667542,0.3852176070213318,0.2570509612560272,0.0,0.4001017212867737,0.23871977627277374,1.0,0.17838135361671448,267.5802307128906,0.3748505115509033,0.8128169|0.1871831|0.0000000|0.0000000|0.0000000|0.0000000|0.0000000|0.0000000|0.0000000|0.0000000,0,0.8128169178962708,2.039810154638257,0,0,0,0,0,
cross_town,Town02,mixed,10,176,8.8,9.530014991760254,302.556640625,0.22167766094207764,179.9609375,0.0,500.0229893708359,0.0,2.86102294921875e-06,2.663161091653876e-07,2.3345947528663954e-06,0.378198445046616,0.0519869327545166,0.5438687801361084,-0.3753845989704132,0.0,0.48010173439979553,0.15871977806091309,1.0,0.1760525405406952,242.852783203125,0.4860876798629761,0.8220259|0.1779741|0.0000000|0.0000000|0.0000000|0.0000000|0.0000000|0.0000000|0.0000000|0.0000000,0,0.8220258951187134,2.044416574090869,0,0,0,0,0,
cross_town,Town02,mixed,10,177,8.85,9.530014991760254,302.556640625,0.22167766094207764,179.9609375,0.0,500.0229893708359,0.0,2.86102294921875e-06,2.663161091653876e-07,2.6779173968880787e-06,0.3759431364965852,0.0977587103843689,0.48519811034202576,0.07714663445949554,0.0,0.48519811034202576,0.07871977984905243,1.0,0.15845900774002075,204.9119415283203,0.23024523258209229,1.0000000|0.0000000|0.0000000|0.0000000|0.0000000|0.0000000|0.0000000|0.0000000|0.0000000|0.0000000,0,1.0,2.0517106959681106,0,0,0,0,0,
cross_town,Town02,mixed,10,178,8.9,9.530014991760254,302.556640625,0.22167766094207764,179.9609375,0.0,500.0229893708359,0.0,2.86102294921875e-06,2.663161091653876e-07,1.3732909868403806e-07,0.3736795741919915,0.12602567672729492,0.2899402678012848,0.5433765649795532,0.0,0.4051980972290039,0.15871977806091309,1.0,0.17333972454071045,340.39691162109375,0.4828866720199585,0.8194572|0.1805428|0.0000000|0.0000000|0.0000000|0.0000000|0.0000000|0.0000000|0.0000000|0.0000000,0,0.8194571733474731,2.068227651041471,0,0,0,0,0,
cross_town,Town02,mixed,10,179,8.95,9.530014991760254,302.556640625,0.22167766094207764,179.9609375,0.0,500.0229893708359,0.0,2.86102294921875e-06,2.663161091653876e-07,4.463284822588671e-07,0.3714121492600251,0.10378259420394897,0.3729775846004486,0.30894601345062256,0.0,0.3729775846004486,0.23871977627277374,1.0,0.17154963314533234,359.783203125,0.6514440774917603,0.8235418|0.1764582|0.0000000|0.0000000|0.0000000|0.0000000|0.0000000|0.0000000|0.0000000|0.0000000,0,0.8235418200492859,2.081935429720559,0,0,0,0,0,
cross_town,Town02,mixed,10,180,9.0,9.530014991760254,302.556640625,0.22167766094207764,179.9609375,0.0,500.0229893708359,0.0,2.86102294921875e-06,2.663161091653876e-07,7.896423962917812e-07,0.36914751985326566,0.05473926663398743,0.4473765194416046,-0.2909165024757385,0.0,0.4473765194416046,0.15871977806091309,1.0,0.16998425126075745,340.8125,0.6328632831573486,0.8255872|0.1744128|0.0000000|0.0000000|0.0000000|0.0000000|0.0000000|0.0000000|0.0000000|0.0000000,0,0.8255871534347534,2.105733457502524,0,0,0,0,0,
cross_town,Town02,mixed,10,181,9.05,9.530014991760254,302.556640625,0.22167766094207764,179.9609375,0.0,500.0229893708359,0.0,2.86102294921875e-06,2.663161091653876e-07,1.0986337579629256e-06,0.3668890018521547,0.0949384868144989,0.5721380710601807,0.009498261846601963,0.0,0.5273765325546265,0.07871977984905243,1.0,0.2489112764596939,29.654850006103516,1.7002544403076172,1.0000000|0.0000000|0.0000000|0.0000000|0.0000000|0.0000000|0.0000000|0.0000000|0.0000000|0.0000000,0,1.0,2.1247046151920377,0,0,0,0,0,
cross_town,Town02,mixed,10,182,9.1,9.530014991760254,302.556640625,0.22167766094207764,179.9609375,0.0,500.0229893708359,0.0,2.86102294921875e-06,2.663161091653876e-07,1.4076262647089897e-06,0.3646430924694669,0.13201904296875,0.40766772627830505,0.46917885541915894,0.0,0.4473765194416046,0.15871977806091309,1.0,0.1667657196521759,312.8525085449219,0.3773845434188843,0.8317198|0.1682802|0.0000000|0.0000000|0.0000000|0.0000000|0.0000000|0.0000000|0.0000000|0.0000000,0,0.8317198157310486,2.1553759737784226,0,0,0,0,0,
cross_town,Town02,mixed,10,183,9.15,9.530014991760254,302.556640625,0.22167766094207764,179.9609375,0.0,500.0229893708359,0.0,2.86102294921875e-06,2.663161091653876e-07,1.7509461189492167e-06,0.36240641940912977,0.1096024215221405,0.4622562527656555,0.30605682730674744,0.0,0.4622562527656555,0.23871977627277374,1.0,0.16640937328338623,370.16314697265625,0.6780557632446289,0.8228177|0.1771823|0.0000000|0.0000000|0.0000000|0.0000000|0.0000000|0.0000000|0.0000000|0.0000000,0,0.8228177428245544,2.1666961633269435,0,0,0,0,0,
cross_town,Town02,mixed,10,184,9.2,9.530014991760254,302.556640625,0.22167766094207764,179.9609375,0.0,500.0229893708359,0.0,2.86102294921875e-06,2.663161091653876e-07,2.094268879991953e-06,0.3601708621240136,0.08105003833770752,0.594376802444458,-0.21966740489006042,0.0,0.542256236076355,0.15871977806091309,1.0,0.16373151540756226,208.207275390625,0.7133468389511108,0.8373910|0.1626090|0.0000000|0.0000000|0.0000000|0.0000000|0.0000000|0.0000000|0.0000000|0.0000000,0,0.8373910188674927,2.1830219159291553,0,0,0,0,0,
cross_town,Town02,mixed,10,185,9.25,9.530014991760254,302.556640625,0.22167766094207764,179.9609375,0.0,500.0229893708359,0.0,2.86102294921875e-06,2.663161091653876e-07,2.437591485199548e-06,0.3579594564818377,0.12390998005867004,0.5427627563476562,0.36547526717185974,0.0,0.5427627563476562,0.23871977627277374,1.0,0.800000011920929,264.32305908203125,1.5609196424484253,1.0000000|0.0000000|0.0000000|0.0000000|0.0000000|0.0000000|0.0000000|0.0000000|0.0000000|0.0000000,0,1.0,2.2609957411207215,0,0,0,0,0,
cross_town,Town02,mixed,10,186,9.3,9.530014991760254,302.556640625,0.22167766094207764,179.9609375,0.0,500.0229893708359,0.0,2.86102294921875e-06,2.663161091653876e-07,0.0,0.3558789790499433,0.07771643996238708,0.650597333908081,-0.16460631787776947,0.0,0.6227627396583557,0.15871977806091309,1.0,0.16171160340309143,214.9066619873047,1.0576462745666504,0.8345101|0.1654899|0.0000000|0.0000000|0.0000000|0.0000000|0.0000000|0.0000000|0.0000000|0.0000000,0,0.8345101475715637,2.4178581851219842,0,0,0,0,0,
cross_town,Town02,mixed,10,187,9.35,9.530014991760254,302.556640625,0.22167766094207764,179.9609375,0.0,500.0229893708359,0.0,2.86102294921875e-06,2.663161091653876e-07,3.4332279166617934e-07,0.35391629316934897,0.1045302152633667,0.7245211005210876,-0.25254517793655396,0.0,0.7027627229690552,0.07871977984905243,1.0,0.16092124581336975,255.44873046875,0.7754656076431274,0.8321441|0.1678559|0.0000000|0.0000000|0.0000000|0.0000000|0.0000000|0.0000000|0.0000000|0.0000000,0,0.8321440815925598,2.558701638718585,0,0,0,0,0,
cross_town,Town02,mixed,10,188,9.4,9.530014991760254,302.556640625,0.22167766094207764,179.9609375,0.0,500.0229893708359,0.0,2.86102294921875e-06,2.663161091653876e-07,6.523194481621726e-07,0.35204369326105717,0.1727723777294159,0.7042708396911621,0.1963396817445755,0.0,0.7042708396911621,0.15871977806091309,1.0,0.1420232504606247,422.3160095214844,0.0522083044052124,1.0000000|0.0000000|0.0000000|0.0000000|0.0000000|0.0000000|0.0000000|0.0000000|0.0000000|0.0000000,0,1.0,2.6844856233030794,0,0,0,0,0,
cross_town,Town02,mixed,10,189,9.45,9.530014991760254,302.556640625,0.22167766094207764,179.9609375,0.0,500.0229893708359,0.0,2.86102294921875e-06,2.663161091653876e-07,9.956360078768042e-07,0.35026347207647324,0.13354724645614624,0.7705675363540649,-0.23576121032238007,0.0,0.7705675363540649,0.07871977984905243,1.0,0.1580691784620285,304.1990051269531,0.9878528714179993,0.8414357|0.1585643|0.0000000|0.0000000|0.0000000|0.0000000|0.0000000|0.0000000|0.0000000|0.0000000,0,0.8414356708526611,2.8363651894233195,0,0,0,0,0,
cross_town,Town02,mixed,10,190,9.5,9.530014991760254,302.556640625,0.22167766094207764,179.9609375,0.0,500.0229893708359,0.0,2.86102294921875e-06,2.663161091653876e-07,1.3389586915641447e-06,0.3485740486157336,0.21661263704299927,0.80057692527771,0.22339418530464172,0.0,0.80057692527771,0.15871977806091309,1.0,0.15686358511447906,283.38677978515625,0.9127296209335327,0.8447823|0.1552177|0.0000000|0.0000000|0.0000000|0.0000000|0.0000000|0.0000000|0.0000000|0.0000000,0,0.844782292842865,2.9919355421592915,0,0,0,0,0,
cross_town,Town02,mixed,10,191,9.55,9.530014991760254,302.556640625,0.22167766094207764,179.9609375,0.0,500.0229893708359,0.0,2.86102294921875e-06,2.663161091653876e-07,1.6822814404695427e-06,0.35041751581273,0.19122278690338135,0.9192981123924255,0.2181120663881302,0.0,0.8805769085884094,0.2181120663881302,1.0,0.13902026414871216,285.92645263671875,1.3036930561065674,1.0000000|0.0000000|0.0000000|0.0000000|0.0000000|0.0000000|0.0000000|0.0000000|0.0000000|0.0000000,0,1.0,3.156149476214786,0,0,0,0,0,
cross_town,Town02,mixed,10,192,9.6,9.530014991760254,302.556640625,0.22167766094207764,179.9609375,0.0,500.0229893708359,0.0,2.86102294921875e-06,2.663161091653876e-07,2.0256042023660397e-06,0.34545004688499986,0.6463184356689453,0.7884272933006287,-0.5201036930084229,0.0,0.80057692527771,0.13811206817626953,1.0,0.15519979596138,124.22673034667969,1.154311180114746,0.8460838|0.1539162|0.0000000|0.0000000|0.0000000|0.0000000|0.0000000|0.0000000|0.0000000|0.0000000,0,0.8460838198661804,3.333641369807086,0,0,0,0,0,
cross_town,Town02,mixed,10,193,9.65,9.530014991760254,302.556640625,0.22167766094207764,179.9609375,0.0,500.0229893708359,0.0,2.86102294921875e-06,2.663161091653876e-07,2.368927002084921e-06,0.3440116813671274,0.24135062098503113,0.9003397226333618,0.3885098099708557,0.0,0.8805769085884094,0.2181120663881302,1.0,0.15437322854995728,178.8382568359375,1.6818771362304688,0.8473524|0.1526476|0.0000000|0.0000000|0.0000000|0.0000000|0.0000000|0.0000000|0.0000000|0.0000000,0,0.8473523855209351,3.5289006996928944,0,0,0,0,0,
cross_town,Town02,mixed,10,194,9.7,9.530014991760254,302.556640625,0.22167766094207764,179.9609375,0.0,500.0229893708359,0.0,2.86102294921875e-06,2.663161091653876e-07,2.6779181504449792e-06,0.3426450464701446,0.632370114326477,0.767370343208313,-0.49281224608421326,0.0,0.80057692527771,0.13811206817626953,1.0,0.15402913093566895,141.22007751464844,1.1623977422714233,0.8447251|0.1552749|0.0000000|0.0000000|0.0000000|0.0000000|0.0000000|0.0000000|0.0000000|0.0000000,0,0.8447250723838806,3.690905517152471,0,0,0,0,0,
cross_town,Town02,mixed,10,195,9.75,9.530014991760254,302.556640625,0.22167766094207764,179.9609375,0.0,500.0229893708359,0.0,2.86102294921875e-06,2.663161091653876e-07,2.0599884683884422e-07,0.34132072323756163,0.2761962115764618,0.9081321358680725,0.4617232382297516,0.0,0.8805769085884094,0.2181120663881302,1.0,0.15228992700576782,134.19581604003906,1.780861735343933,0.8548316|0.1451684|0.0000000|0.0000000|0.0000000|0.0000000|0.0000000|0.0000000|0.0000000|0.0000000,0,0.8548315763473511,3.772361265790491,0,0,0,0,0,
cross_town,Town02,mixed,10,196,9.8,9.530014991760254,302.556640625,0.22167766094207764,179.9609375,0.0,500.0229893708359,0.0,2.86102294921875e-06,2.663161091653876e-07,5.149948606710497e-07,0.3400106981880272,0.6787247657775879,0.7862619161605835,-0.47841301560401917,0.0,0.80057692527771,0.13811206817626953,1.0,0.15295207500457764,105.36088562011719,1.1649296283721924,0.8439296|0.1560704|0.0000000|0.0000000|0.0000000|0.0000000|0.0000000|0.0000000|0.0000000|0.0000000,0,0.843929648399353,3.7933999154572584,0,0,0,0,0,
cross_town,Town02,mixed,10,197,9.85,9.530014991760254,302.556640625,0.22167766094207764,179.9609375,0.0,500.0229893708359,0.0,2.86102294921875e-06,2.663161091653876e-07,8.583074149821003e-07,0.33869628164607635,0.25846537947654724,0.90436851978302,0.4908095598220825,0.0,0.8805769085884094,0.2181120663881302,1.0,0.15174375474452972,137.93040466308594,1.8003361225128174,0.8496280|0.1503720|0.0000000|0.0000000|0.0000000|0.0000000|0.0000000|0.0000000|0.0000000|0.0000000,0,0.8496279716491699,3.754424534798355,0,0,0,0,0,
cross_town,Town02,mixed,10,198,9.9,9.530014991760254,302.556640625,0.22167766094207764,179.9609375,0.0,500.0229893708359,0.0,2.86102294921875e-06,2.663161091653876e-07,1.2016296438937997e-06,0.3373558527631044,0.6487005949020386,0.775412917137146,-0.45108887553215027,0.0,0.80057692527771,0.13811206817626953,1.0,0.1510440707206726,105.2240219116211,1.1444330215454102,0.8508849|0.1491151|0.0000000|0.0000000|0.0000000|0.0000000|0.0000000|0.0000000|0.0000000|0.0000000,0,0.8508849143981934,3.6587224663781828,0,0,0,0,0,
cross_town,Town02,mixed,10,199,9.95,9.530014991760254,302.556640625,0.22167766094207764,179.9609375,0.0,500.0229893708359,0.0,2.86102294921875e-06,2.663161091653876e-07,1.544952457475724e-06,0.33597378061823985,0.27424389123916626,0.9080823659896851,0.5056585669517517,0.0,0.8805769085884094,0.2181120663881302,1.0,0.15057481825351715,118.04942321777344,1.7823607921600342,0.8501030|0.1498971|0.0000000|0.0000000|0.0000000|0.0000000|0.0000000|0.0000000|0.0000000|0.0000000,0,0.850102961063385,3.5349037115567468,0,0,0,0,0,
cross_town,Town02,mixed,10,200,10.0,9.530014991760254,302.556640625,0.22167766094207764,179.9609375,0.0,500.0229893708359,0.0,2.86102294921875e-06,2.663161091653876e-07,1.853943701208507e-06,0.33454297098009406,0.6548595428466797,0.7747852802276611,-0.4497590959072113,0.0,0.80057692527771,0.13811206817626953,1.0,0.14974120259284973,98.00291442871094,1.134412407875061,0.8523762|0.1476238|0.0000000|0.0000000|0.0000000|0.0000000|0.0000000|0.0000000|0.0000000|0.0000000,0,0.8523762226104736,3.4121291802350884,0,0,0,0,0,
cross_town,Town02,mixed,10,201,10.05,9.530014991760254,302.556640625,0.22167766094207764,179.9609375,0.0,500.0229893708359,0.0,2.86102294921875e-06,2.663161091653876e-07,2.162935361953147e-06,0.33306893246936864,0.2595313787460327,0.9041565656661987,0.48851433396339417,0.0,0.8805769085884094,0.2181120663881302,1.0,0.14957602322101593,149.87611389160156,1.7908568382263184,0.8488057|0.1511943|0.0000000|0.0000000|0.0000000|0.0000000|0.0000000|0.0000000|0.0000000|0.0000000,0,0.8488057255744934,3.31825993659178,0,0,0,0,0,
cross_town,Town02,mixed,10,202,10.1,9.530014991760254,302.556640625,0.22167766094207764,179.9609375,0.0,500.0229893708359,0.0,2.86102294921875e-06,2.663161091653876e-07,2.5062559703648143e-06,0.33156587925461184,0.6659821271896362,0.7706193327903748,-0.3937667906284332,0.0,0.80057692527771,0.13811206817626953,1.0,0.1480513960123062,83.59394836425781,1.1007061004638672,0.8567438|0.1432562|0.0000000|0.0000000|0.0000000|0.0000000|0.0000000|0.0000000|0.0000000|0.0000000,0,0.8567438125610352,3.2627009870516526,0,0,0,0,0,
cross_town,Town02,mixed,10,203,10.15,9.530014991760254,302.556640625,0.22167766094207764,179.9609375,0.0,500.0229893708359,0.0,2.86102294921875e-06,2.663161091653876e-07,6.866458771663127e-08,0.3300486967033263,0.2728613615036011,0.9074984788894653,0.5073169469833374,0.0,0.8805769085884094,0.2181120663881302,1.0,0.14804500341415405,125.91221618652344,1.7804861068725586,0.8517384|0.1482616|0.0000000|0.0000000|0.0000000|0.0000000|0.0000000|0.0000000|0.0000000|0.0000000,0,0.8517383933067322,3.2359434701263057,0,0,0,0,0,
cross_town,Town02,mixed,10,204,10.2,9.530014991760254,302.556640625,0.22167766094207764,179.9609375,0.0,500.0229893708359,0.0,2.86102294921875e-06,2.663161091653876e-07,4.119873166225184e-07,0.3285259609174604,0.6471500396728516,0.23116964101791382,-0.24273112416267395,0.0,0.80057692527771,0.13811206817626953,1.0,0.800000011920929,528.8741455078125,0.5950202941894531,1.0000000|0.0000000|0.0000000|0.0000000|0.0000000|0.0000000|0.0000000|0.0000000|0.0000000|0.0000000,0,1.0,3.2203219810942296,0,0,0,0,0,
cross_town,Town02,mixed,10,205,10.25,9.530014991760254,302.556640625,0.22167766094207764,179.9609375,0.0,500.0229893708359,0.0,2.86102294921875e-06,2.663161091653876e-07,7.553101287264851e-07,0.326998226854721,0.27913784980773926,0.907556414604187,0.5244388580322266,0.0,0.8805769085884094,0.2181120663881302,1.0,0.14728134870529175,109.5657730102539,1.7724838256835938,0.8482603|0.1517397|0.0000000|0.0000000|0.0000000|0.0000000|0.0000000|0.0000000|0.0000000|0.0000000,0,0.8482602834701538,3.1998133052501707,0,0,0,0,0,
cross_town,Town02,mixed,10,206,10.3,9.530014991760254,302.556640625,0.22167766094207764,179.9609375,0.0,500.0229893708359,0.0,2.86102294921875e-06,2.663161091653876e-07,1.098632847999465e-06,0.32547102676737244,0.6471032500267029,0.7692977786064148,-0.3847294747829437,0.0,0.80057692527771,0.13811206817626953,1.0,0.14472831785678864,73.03398132324219,1.0711513757705688,0.8646435|0.1353565|0.0000000|0.0000000|0.0000000|0.0000000|0.0000000|0.0000000|0.0000000|0.0000000,0,0.8646435141563416,3.216015107187414,0,0,0,0,0,
cross_town,Town02,mixed,10,207,10.35,9.530014991760254,302.556640625,0.22167766094207764,179.9609375,0.0,500.0229893708359,0.0,2.86102294921875e-06,2.663161091653876e-07,1.4419555351774088e-06,0.32398177422123703,0.26709291338920593,0.907448410987854,0.5234695672988892,0.0,0.8805769085884094,0.2181120663881302,1.0,0.14624935388565063,112.5533447265625,1.7748090028762817,0.8472851|0.1527149|0.0000000|0.0000000|0.0000000|0.0000000|0.0000000|0.0000000|0.0000000|0.0000000,0,0.8472850918769836,3.3275064018687828,0,0,0,0,0,
cross_town,Town02,mixed,10,208,10.4,9.530014991760254,302.556640625,0.22167766094207764,179.9609375,0.0,500.0229893708359,0.0,2.86102294921875e-06,2.663161091653876e-07,1.785278515023619e-06,0.3225710131398321,0.6583570241928101,0.7730212807655334,-0.3670102059841156,0.0,0.80057692527771,0.13811206817626953,1.0,0.14509576559066772,80.23350524902344,1.106020450592041,0.8522470|0.1477530|0.0000000|0.0000000|0.0000000|0.0000000|0.0000000|0.0000000|0.0000000|0.0000000,0,0.8522469997406006,3.5437550778751916,0,0,0,0,0,
cross_town,Town02,mixed,10,209,10.45,9.530014991760254,302.556640625,0.22167766094207764,179.9609375,0.0,500.0229893708359,0.0,2.86102294921875e-06,2.663161091653876e-07,2.128601131438968e-06,0.3212715630409346,0.2813594341278076,0.9091248512268066,0.5088793039321899,0.0,0.8805769085884094,0.2181120663881302,1.0,0.14400599896907806,115.35453796386719,1.7498204708099365,0.8569263|0.1430738|0.0000000|0.0000000|0.0000000|0.0000000|0.0000000|0.0000000|0.0000000|0.0000000,0,0.8569262623786926,3.8718827482293863,0,0,0,0,0,
cross_town,Town02,mixed,10,210,10.5,9.530014991760254,302.556640625,0.22167766094207764,179.9609375,0.0,500.0229893708359,0.0,2.86102294921875e-06,2.663161091653876e-07,2.471923829264779e-06,0.32009359221209016,0.6062390804290771,0.7339341640472412,0.08014439791440964,0.0,0.80057692527771,0.13811206817626953,1.0,0.12593846023082733,26.577539443969727,0.9620466232299805,1.0000000|0.0000000|0.0000000|0.0000000|0.0000000|0.0000000|0.0000000|0.0000000|0.0000000|0.0000000,0,1.0,4.279258075383063,0,0,0,0,0,
cross_town,Town02,mixed,10,211,10.55,9.530014991760254,302.556640625,0.22167766094207764,179.9609375,0.0,500.0229893708359,0.0,2.86102294921875e-06,2.663161091653876e-07,2.815246579030511e-06,0.31903443960331024,0.28322649002075195,0.9091775417327881,0.5504559278488159,0.0,0.8805769085884094,0.2181120663881302,1.0,0.14277757704257965,99.12215423583984,1.7458491325378418,0.8596018|0.1403982|0.0000000|0.0000000|0.0000000|0.0000000|0.0000000|0.0000000|0.0000000|0.0000000,0,0.8596017956733704,4.76811461113555,0,0,0,0,0,
cross_town,Town02,mixed,10,212,10.6,9.530014991760254,302.556640625,0.22167766094207764,179.9609375,0.0,500.0229893708359,0.0,2.86102294921875e-06,2.663161091653876e-07,2.746582287019105e-07,0.31809123977115844,0.6934912800788879,0.7390985488891602,-0.18545648455619812,0.0,0.80057692527771,0.13811206817626953,1.0,0.14258325099945068,69.93134307861328,1.0400813817977905,0.8581066|0.1418934|0.0000000|0.0000000|0.0000000|0.0000000|0.0000000|0.0000000|0.0000000|0.0000000,0,0.8581066131591797,5.36431162031836,0,0,0,0,0,
cross_town,Town02,mixed,10,213,10.65,9.530014991760254,302.556640625,0.22167766094207764,179.9609375,0.0,500.0229893708359,0.0,2.86102294921875e-06,2.663161091653876e-07,6.179810901252336e-07,0.31726660681715096,0.31293588876724243,0.9142520427703857,0.5718218088150024,0.0,0.8805769085884094,0.2181120663881302,1.0,0.14181187748908997,91.7757568359375,1.70804762840271,0.8616194|0.1383806|0.0000000|0.0000000|0.0000000|0.0000000|0.0000000|0.0000000|0.0000000|0.0000000,0,0.8616193532943726,6.1948821510025,0,0,0,0,0,
cross_town,Town02,mixed,10,214,10.7,9.530014991760254,302.556640625,0.22167766094207764,179.9609375,0.0,500.0229893708359,0.0,2.86102294921875e-06,2.663161091653876e-07,9.613050621346117e-07,0.31678239224291976,0.6975613832473755,0.7222591042518616,-0.15397517383098602,0.0,0.80057692527771,0.13811206817626953,1.0,0.14216050505638123,76.95873260498047,1.0398595333099365,0.8564816|0.1435185|0.0000000|0.0000000|0.0000000|0.0000000|0.0000000|0.0000000|0.0000000|0.0000000,0,0.8564815521240234,9.47301059511077,0,0,0,0,0,
cross_town,Town02,mixed,10,215,10.75,9.530014991760254,302.556640625,0.22167766094207764,179.9609375,0.0,500.0229893708359,0.0,2.86102294921875e-06,2.663161091653876e-07,1.3046264556394285e-06,0.31676622881993327,0.4141586422920227,0.9197412133216858,0.6537814140319824,0.0,0.8805769085884094,0.2181120663881302,1.0,0.14247189462184906,58.34775924682617,1.6866028308868408,0.8526302|0.1473698|0.0000000|0.0000000|0.0000000|0.0000000|0.0000000|0.0000000|0.0000000|0.0000000,0,0.8526301980018616,9.361672960795387,0,0,0,0,0,
cross_town,Town02,mixed,10,216,10.8,9.530014991760254,302.556640625,0.22167766094207764,179.9609375,0.0,500.0229893708359,0.0,2.86102294921875e-06,2.663161091653876e-07,1.647949211042693e-06,0.31676469218869147,0.7483062744140625,0.6746419668197632,0.11065620183944702,0.0,0.80057692527771,0.13811206817626953,1.0,0.14209163188934326,89.71327209472656,0.9566690325737,0.8556312|0.1443689|0.0000000|0.0000000|0.0000000|0.0000000|0.0000000|0.0000000|0.0000000|0.0000000,0,0.8556311726570129,9.492561550847732,0,0,0,0,0,
cross_town,Town02,mixed,10,217,10.85,9.530014991760254,302.556640625,0.22167766094207764,179.9609375,0.0,500.0229893708359,0.0,2.86102294921875e-06,2.663161091653876e-07,1.9912719866856936e-06,0.3167620180063634,0.38621434569358826,0.9215295314788818,0.6365294456481934,0.0,0.8805769085884094,0.2181120663881302,1.0,0.1440810263156891,65.43572998046875,1.6879892349243164,0.8485823|0.1392935|0.0121243|0.0000000|0.0000000|0.0000000|0.0000000|0.0000000|0.0000000|0.0000000,0,0.8485822677612305,9.37831669282936,0,0,0,0,0,
cross_town,Town02,mixed,10,218,10.9,9.530014991760254,302.556640625,0.22167766094207764,179.9609375,0.0,500.0229893708359,0.0,2.86102294921875e-06,2.663161091653876e-07,2.3345953940797482e-06,0.3167595433391407,0.7402916550636292,0.6838251352310181,0.10387219488620758,0.0,0.80057692527771,0.13811206817626953,1.0,0.14480708539485931,79.42787170410156,0.9766592979431152,0.8432226|0.1438300|0.0129474|0.0000000|0.0000000|0.0000000|0.0000000|0.0000000|0.0000000|0.0000000,0,0.8432226181030273,9.511748020293046,0,0,0,0,0,
cross_town,Town02,mixed,10,219,10.95,9.530014991760254,302.556640625,0.22167766094207764,179.9609375,0.0,500.0229893708359,0.0,2.86102294921875e-06,2.663161091653876e-07,2.6779177041921165e-06,0.3167575076892184,0.440233051776886,0.9171652793884277,0.6553345918655396,0.0,0.8805769085884094,0.2181120663881302,1.0,0.14430442452430725,50.89801788330078,1.6722815036773682,0.8463843|0.1416781|0.0119376|0.0000000|0.0000000|0.0000000|0.0000000|0.0000000|0.0000000|0.0000000,0,0.8463843464851379,9.395321389266288,0,0,0,0,0,
cross_town,Town02,mixed,10,220,11.0,9.530014991760254,302.556640625,0.22167766094207764,179.9609375,0.0,500.0229893708359,0.0,2.86102294921875e-06,2.663161091653876e-07,1.0303033186799302e-07,0.31675593103571686,0.74925696849823,0.6966344714164734,0.0780462771654129,0.0,0.80057692527771,0.13811206817626953,1.0,0.14346349239349365,87.39092254638672,0.9938455820083618,0.8531600|0.1346554|0.0121846|0.0000000|0.0000000|0.0000000|0.0000000|0.0000000|0.0000000|0.0000000,0,0.8531599640846252,9.531937151004684,0,0,0,0,0,
cross_town,Town02,mixed,10,221,11.05,9.530014991760254,302.556640625,0.22167766094207764,179.9609375,0.0,500.0229893708359,0.0,2.86102294921875e-06,2.663161091653876e-07,4.119930689194729e-07,0.31675475352208643,0.40796124935150146,0.9035277366638184,0.6632131338119507,0.0,0.8805769085884094,0.2181120663881302,1.0,0.12406396865844727,129.0200958251953,1.6372418403625488,1.0000000|0.0000000|0.0000000|0.0000000|0.0000000|0.0000000|0.0000000|0.0000000|0.0000000|0.0000000,0,1.0,9.413726995987405,0,0,0,0,0,
cross_town,Town02,mixed,10,222,11.1,9.530014991760254,302.556640625,0.22167766094207764,179.9609375,0.0,500.0229893708359,0.0,2.86102294921875e-06,2.663161091653876e-07,7.55312361866533e-07,0.3167538554110472,0.7441819906234741,0.6908673048019409,0.09001782536506653,0.0,0.80057692527771,0.13811206817626953,1.0,0.14409685134887695,82.45466613769531,1.001891016960144,0.8492141|0.1365527|0.0142332|0.0000000|0.0000000|0.0000000|0.0000000|0.0000000|0.0000000|0.0000000,0,0.8492141366004944,9.553913724883643,0,0,0,0,0,
cross_town,Town02,mixed,10,223,11.15,9.530014991760254,302.556640625,0.22167766094207764,179.9609375,0.0,500.0229893708359,0.0,2.86102294921875e-06,2.663161091653876e-07,1.0986340536679432e-06,0.31675317683400167,0.385978102684021,0.9220724701881409,0.6360278129577637,0.0,0.8805769085884094,0.2181120663881302,1.0,0.1421256810426712,62.5950927734375,1.6790125370025635,0.8553238|0.1446762|0.0000000|0.0000000|0.0000000|0.0000000|0.0000000|0.0000000|0.0000000|0.0000000,0,0.8553237915039062,9.433970748767695,0,0,0,0,0,
cross_town,Town02,mixed,10,224,11.2,9.530014991760254,302.556640625,0.22167766094207764,179.9609375,0.0,500.0229893708359,0.0,2.86102294921875e-06,2.663161091653876e-07,1.4419556579781747e-06,0.32331152667246926,0.7453054785728455,0.6379716396331787,0.18754559755325317,0.0,0.80057692527771,0.18754559755325317,1.0,0.1444566547870636,95.00691986083984,0.9854105710983276,0.8464977|0.1385605|0.0149418|0.0000000|0.0000000|0.0000000|0.0000000|0.0000000|0.0000000|0.0000000,0,0.846497654914856,9.63857048261794,0,0,0,0,0,
cross_town,Town02,mixed,10,225,11.25,9.530014991760254,302.556640625,0.22167766094207764,179.9609375,0.0,500.0229893708359,0.0,2.86102294921875e-06,2.663161091653876e-07,1.7852783133641592e-06,0.3167522958090054,0.43054866790771484,0.9064923524856567,0.6539813280105591,0.0,0.8805769085884094,0.267545610666275,1.0,0.1281919628381729,73.7506103515625,1.4835399389266968,0.9799385|0.0200615|0.0000000|0.0000000|0.0000000|0.0000000|0.0000000|0.0000000|0.0000000|0.0000000,0,0.9799385070800781,10.199862025631816,0,0,0,0,0,
cross_town,Town02,mixed,10,226,11.3,9.530014991760254,302.556640625,0.22167766094207764,179.9609375,0.0,500.0229893708359,0.0,2.86102294921875e-06,2.663161091653876e-07,2.1286012728126233e-06,0.31675201925293084,0.8536393046379089,0.32433339953422546,-0.11476875096559525,0.0,0.80057692527771,0.18754561245441437,1.0,0.14391116797924042,115.4201889038086,0.6539565324783325,0.8512166|0.1328152|0.0159682|0.0000000|0.0000000|0.0000000|0.0000000|0.0000000|0.0000000|0.0000000,0,0.8512165546417236,12.810224774196248,0,0,0,0,0,
cross_town,Town02,mixed,10,227,11.35,9.530014991760254,302.556640625,0.22167766094207764,179.9609375,0.0,500.0229893708359,0.0,2.86102294921875e-06,2.663161091653876e-07,2.47192377412974e-06,0.31675201925293084,0.4800197184085846,0.9082955121994019,0.5663850903511047,0.0,0.8805769085884094,0.267545610666275,1.0,0.1442261040210724,60.841094970703125,1.4657422304153442,0.8485785|0.1354244|0.0159971|0.0000000|0.0000000|0.0000000|0.0000000|0.0000000|0.0000000|0.0000000,0,0.8485784530639648,17.24162294042716,0,0,0,0,0,
cross_town,Town02,mixed,10,228,11.4,9.530014991760254,302.556640625,0.22167766094207764,179.9609375,0.0,500.0229893708359,0.0,2.86102294921875e-06,2.663161091653876e-07,0.0,0.31675201925293084,0.8509863018989563,0.30519962310791016,-0.09975644201040268,0.0,0.80057692527771,0.18754561245441437,1.0,0.14506639540195465,94.44305419921875,0.65903639793396,0.8424937|0.1403121|0.0171943|0.0000000|0.0000000|0.0000000|0.0000000|0.0000000|0.0000000|0.0000000,0,0.8424936532974243,26.31591986535431,0,0,0,0,0,
cross_town,Town02,mixed,10,229,11.45,9.530014991760254,302.556640625,0.22167766094207764,179.9609375,0.0,500.0229893708359,0.0,2.86102294921875e-06,2.663161091653876e-07,3.0900347049763595e-07,0.3167520192529308,0.3981612026691437,0.3290988802909851,-0.25052201747894287,0.0,0.7205769419670105,0.10754561424255371,1.0,0.2568134367465973,301.1698913574219,1.960160732269287,0.8978523|0.1021477|0.0000000|0.0000000|0.0000000|0.0000000|0.0000000|0.0000000|0.0000000|0.0000000,0,0.8978523015975952,42.85777536603242,0,0,0,0,0,
cross_town,Town02,mixed,10,230,11.5,9.530014991760254,302.556640625,0.22167766094207764,179.9609375,0.0,500.0229893708359,0.0,2.86102294921875e-06,2.663161091653876e-07,6.52313272788838e-07,0.3167520192529307,0.3440128266811371,0.8430707454681396,0.43525806069374084,0.0,0.80057692527771,0.18754561245441437,1.0,0.14490534365177155,152.50601196289062,1.6886991262435913,0.8441717|0.1378158|0.0180125|0.0000000|0.0000000|0.0000000|0.0000000|0.0000000|0.0000000|0.0000000,0,0.8441717028617859,41.77730976067343,0,0,0,0,0,
cross_town,Town02,mixed,10,231,11.55,9.530014991760254,302.556640625,0.22167766094207764,179.9609375,0.0,500.0229893708359,0.0,2.86102294921875e-06,2.663161091653876e-07,9.956359728975602e-07,0.31675201925293084,0.4720573425292969,0.9004529714584351,0.57450270652771,0.0,0.8805769085884094,0.267545610666275,1.0,0.14544303715229034,54.142921447753906,1.4678947925567627,0.8409727|0.1392002|0.0198271|0.0000000|0.0000000|0.0000000|0.0000000|0.0000000|0.0000000|0.0000000,0,0.8409726619720459,42.27372338082891,0,0,0,0,0,
cross_town,Town02,mixed,10,232,11.6,9.530014991760254,302.556640625,0.22167766094207764,179.9609375,0.0,500.0229893708359,0.0,2.86102294921875e-06,2.663161091653876e-07,1.3389586916646439e-06,0.31675201925293084,0.8483261466026306,0.29020795226097107,-0.07636580616235733,0.0,0.80057692527771,0.18754561245441437,1.0,0.14450639486312866,81.35981750488281,0.6460796594619751,0.8474290|0.1344408|0.0181302|0.0000000|0.0000000|0.0000000|0.0000000|0.0000000|0.0000000|0.0000000,0,0.8474289774894714,43.763292716342804,0,0,0,0,0,
cross_town,Town02,mixed,10,233,11.65,9.530014991760254,302.556640625,0.22167766094207764,179.9609375,0.0,500.0229893708359,0.0,2.86102294921875e-06,2.663161091653876e-07,1.682281438469439e-06,0.31675201925293084,0.3714996874332428,0.3489033579826355,-0.1738494634628296,0.0,0.7205769419670105,0.10754561424255371,1.0,0.2582148313522339,287.7515869140625,1.9716072082519531,0.8791445|0.1208555|0.0000000|0.0000000|0.0000000|0.0000000|0.0000000|0.0000000|0.0000000|0.0000000,0,0.879144549369812,45.061606421686584,0,0,0,0,0,
cross_town,Town02,mixed,10,234,11.7,9.530014991760254,302.556640625,0.22167766094207764,179.9609375,0.0,500.0229893708359,0.0,2.86102294921875e-06,2.663161091653876e-07,2.025604199255551e-06,0.31675201889530297,0.2233021855354309,0.5276195406913757,0.025404399260878563,0.0,0.640576958656311,0.027545614168047905,1.0,0.2585565149784088,268.74456787109375,1.8956220149993896,0.8746986|0.1253015|0.0000000|0.0000000|0.0000000|0.0000000|0.0000000|0.0000000|0.0000000|0.0000000,0,0.8746985793113708,46.18036653703815,0,0,0,0,0,
cross_town,Town02,mixed,10,235,11.75,9.530014991760254,302.556640625,0.22167766094207764,179.9609375,0.0,500.0229893708359,0.0,2.86102294921875e-06,2.663161091653876e-07,2.3345953655659612e-06,0.31675201889530297,0.19162219762802124,0.5831329822540283,0.20800435543060303,0.0,0.5831329822540283,0.10754561424255371,1.0,0.2579824924468994,165.48834228515625,1.363938331604004,0.8821464|0.1178536|0.0000000|0.0000000|0.0000000|0.0000000|0.0000000|0.0000000|0.0000000|0.0000000,0,0.8821463584899902,46.98406874580615,0,0,0,0,0,
cross_town,Town02,mixed,10,236,11.8,9.530014991760254,302.556640625,0.22167766094207764,179.9609375,0.0,500.0229893708359,0.0,2.86102294921875e-06,2.663161091653876e-07,2.6435867095654643e-06,0.3167520192529307,0.404478520154953,0.7596845626831055,0.376169890165329,0.0,0.6631329655647278,0.18754561245441437,1.0,0.14448776841163635,275.9645690917969,1.5836248397827148,0.8468708|0.1361417|0.0169874|0.0000000|0.0000000|0.0000000|0.0000000|0.0000000|0.0000000|0.0000000,0,0.8468708395957947,47.61157646542266,0,0,0,0,0,
cross_town,Town02,mixed,10,237,11.85,9.530014991760254,302.556640625,0.22167766094207764,179.9609375,0.0,500.0229893708359,0.0,2.86102294921875e-06,2.663161091653876e-07,2.059936576533118e-07,0.31675201925293067,0.26211708784103394,0.819080650806427,0.04600607231259346,0.0,0.7431329488754272,0.10754561424255371,1.0,0.14483430981636047,156.15408325195312,1.7797975540161133,0.8434114|0.1407093|0.0158793|0.0000000|0.0000000|0.0000000|0.0000000|0.0000000|0.0000000|0.0000000,0,0.8434114456176758,47.389932098234205,0,0,0,0,0,
cross_town,Town02,mixed,10,238,11.9,9.530014991760254,302.556640625,0.22167766094207764,179.9609375,0.0,500.0229893708359,0.0,2.86102294921875e-06,2.663161091653876e-07,5.493164591587549e-07,0.31675201925293084,0.3579759895801544,0.8389341235160828,0.4698476493358612,0.0,0.8231329321861267,0.18754561245441437,1.0,0.1454528570175171,134.359375,1.8737010955810547,0.8389990|0.1442413|0.0167598|0.0000000|0.0000000|0.0000000|0.0000000|0.0000000|0.0000000|0.0000000,0,0.8389989733695984,46.683465531128356,0,0,0,0,0,
cross_town,Town02,mixed,10,239,11.95,9.530014991760254,302.556640625,0.22167766094207764,179.9609375,0.0,500.0229893708359,0.0,2.86102294921875e-06,2.663161091653876e-07,8.926391452807493e-07,0.31675201925293084,0.5422595143318176,0.9154124855995178,0.4735468029975891,0.0,0.9031329154968262,0.267545610666275,1.0,0.14171770215034485,60.539459228515625,1.3102822303771973,0.8585865|0.1414135|0.0000000|0.0000000|0.0000000|0.0000000|0.0000000|0.0000000|0.0000000|0.0000000,0,0.8585864901542664,45.34907547294124,0,0,0,0,0,
cross_town,Town02,mixed,10,240,12.0,9.530014991760254,302.556640625,0.22167766094207764,179.9609375,0.0,500.0229893708359,0.0,2.86102294921875e-06,2.663161091653876e-07,1.2359629376813046e-06,0.31675201925293084,0.8550644516944885,0.24468380212783813,0.06652446836233139,0.0,0.8231329321861267,0.18754561245441437,1.0,0.12406237423419952,124.1476821899414,0.44794797897338867,1.0000000|0.0000000|0.0000000|0.0000000|0.0000000|0.0000000|0.0000000|0.0000000|0.0000000|0.0000000,0,1.0,44.17986730707318,0,0,0,0,0,
cross_town,Town02,mixed,10,241,12.05,9.530014991760254,302.556640625,0.22167766094207764,179.9609375,0.0,500.0229893708359,0.0,2.86102294921875e-06,2.663161091653876e-07,1.5792846122823203e-06,0.31675201925293084,0.5330480337142944,0.9160081148147583,0.47198933362960815,0.0,0.9031329154968262,0.267545610666275,1.0,0.14528536796569824,58.98736572265625,1.332999348640442,0.8410872|0.1409387|0.0179741|0.0000000|0.0000000|0.0000000|0.0000000|0.0000000|0.0000000|0.0000000,0,0.8410871624946594,43.43320645167332,0,0,0,0,0,
cross_town,Town02,mixed,10,242,12.1,9.530014991760254,302.556640625,0.22167766094207764,179.9609375,0.0,500.0229893708359,0.0,2.86102294921875e-06,2.663161091653876e-07,1.9226074659112854e-06,0.31675201925293084,0.869295597076416,0.2735636234283447,-0.19472822546958923,0.0,0.8231329321861267,0.18754561245441437,1.0,0.1413285732269287,116.10009765625,0.6134917736053467,0.8617031|0.1382969|0.0000000|0.0000000|0.0000000|0.0000000|0.0000000|0.0000000|0.0000000|0.0000000,0,0.861703097820282,43.70228469567222,0,0,0,0,0,
cross_town,Town02,mixed,10,243,12.15,9.530014991760254,302.556640625,0.22167766094207764,179.9609375,0.0,500.0229893708359,0.0,2.86102294921875e-06,2.663161091653876e-07,2.265930963091848e-06,0.31675201925293084,0.3641599416732788,0.2536916136741638,-0.2251562625169754,0.0,0.7431329488754272,0.10754561424255371,1.0,0.2489112764596939,302.2052307128906,1.9587485790252686,1.0000000|0.0000000|0.0000000|0.0000000|0.0000000|0.0000000|0.0000000|0.0000000|0.0000000|0.0000000,0,1.0,44.73084017502655,0,0,0,0,0,
cross_town,Town02,mixed,10,244,12.2,9.530014991760254,302.556640625,0.22167766094207764,179.9609375,0.0,500.0229893708359,0.0,2.86102294921875e-06,2.663161091653876e-07,2.6092529064186577e-06,0.3167520192529308,0.35714197158813477,0.8357067108154297,0.46459245681762695,0.0,0.8231329321861267,0.18754561245441437,1.0,0.14182160794734955,136.6424102783203,1.809053897857666,0.8577542|0.1422458|0.0000000|0.0000000|0.0000000|0.0000000|0.0000000|0.0000000|0.0000000|0.0000000,0,0.8577542304992676,47.01675247771488,0,0,0,0,0,
cross_town,Town02,mixed,10,245,12.25,9.530014991760254,302.556640625,0.22167766094207764,179.9609375,0.0,500.0229893708359,0.0,2.86102294921875e-06,2.663161091653876e-07,6.866458785348097e-08,0.31675201925293084,0.3913469910621643,0.2654319107532501,-0.24703553318977356,0.0,0.7431329488754272,0.10754561424255371,1.0,0.25668391585350037,327.57305908203125,1.9714895486831665,0.8989756|0.1010245|0.0000000|0.0000000|0.0000000|0.0000000|0.0000000|0.0000000|0.0000000|0.0000000,0,0.8989755511283875,52.14412105875404,0,0,0,0,0,
cross_town,Town02,mixed,10,246,12.3,9.530014991760254,302.556640625,0.22167766094207764,179.9609375,0.0,500.0229893708359,0.0,2.86102294921875e-06,2.663161091653876e-07,4.119910857855278e-07,0.31675201925293084,0.3585571050643921,0.8358495235443115,0.472614586353302,0.0,0.8231329321861267,0.18754561245441437,1.0,0.14143510162830353,126.3831787109375,1.829932689666748,0.8608499|0.1391501|0.0000000|0.0000000|0.0000000|0.0000000|0.0000000|0.0000000|0.0000000|0.0000000,0,0.8608498573303223,93.20997879121978,0,0,0,0,0,
cross_town,Town02,mixed,10,247,12.35,9.530014991760254,302.556640625,0.22167766094207764,179.9609375,0.0,500.0229893708359,0.0,2.86102294921875e-06,2.663161091653876e-07,7.553118806159975e-07,0.31675201925293084,0.5161875486373901,0.9038258790969849,0.5072088837623596,0.0,0.9031329154968262,0.267545610666275,1.0,0.14461266994476318,45.18098449707031,1.327831506729126,0.8458143|0.1372840|0.0169016|0.0000000|0.0000000|0.0000000|0.0000000|0.0000000|0.0000000|0.0000000,0,0.8458143472671509,513.4443481411616,0,0,0,0,0,
cross_town,Town02,mixed,10,248,12.4,9.530014991760254,302.556640625,0.22167766094207764,179.9609375,0.0,500.0229893708359,0.0,2.86102294921875e-06,2.663161091653876e-07,1.0643045925562428e-06,0.3167520192529308,0.8502776026725769,0.2637743353843689,0.02223091386258602,0.0,0.8231329321861267,0.18754561245441437,1.0,0.12817440927028656,84.55109405517578,0.47682416439056396,0.9796221|0.0203780|0.0000000|0.0000000|0.0000000|0.0000000|0.0000000|0.0000000|0.0000000|0.0000000,0,0.9796220660209656,527.069104279875,0,0,0,0,0,
cross_town,Town02,mixed,10,249,12.45,9.530014991760254,302.556640625,0.22167766094207764,179.9609375,0.0,500.0229893708359,0.0,2.86102294921875e-06,2.663161091653876e-07,1.4076234622018764e-06,0.3167520192529306,0.38986146450042725,0.27720022201538086,-0.2469349205493927,0.0,0.7431329488754272,0.10754561424255371,1.0,0.2570228576660156,323.95806884765625,1.9284131526947021,0.8945738|0.1054262|0.0000000|0.0000000|0.0000000|0.0000000|0.0000000|0.0000000|0.0000000|0.0000000,0,0.8945738077163696,389.45172883847493,0,0,0,0,0,
cross_town,Town02,mixed,10,250,12.5,9.530014991760254,302.556640625,0.22167766094207764,179.9609375,0.0,500.0229893708359,0.0,2.86102294921875e-06,2.663161091653876e-07,1.7509460924583828e-06,0.31675201889530297,0.26102274656295776,0.5197942852973938,-0.05977839231491089,0.0,0.6631329655647278,0.027545614168047905,1.0,0.2582201361656189,286.5764465332031,1.8796532154083252,0.8790144|0.1209857|0.0000000|0.0000000|0.0000000|0.0000000|0.0000000|0.0000000|0.0000000|0.0000000,0,0.8790143728256226,323.3196944260289,0,0,1,0,0,stuck
