protocol,town,weather,episode,t,sim_time_s,ego_x,ego_y,ego_z,ego_yaw_deg,route_s_m,route_remaining_m,route_completion_pct,cte_m,route_heading_rad,speed_kmh,reward,command_throttle,command_brake,command_steer,applied_throttle,applied_brake,applied_steer,sigma_bar,sigma_ale,sigma_epi,policy_entropy_proxy,attention,top_attention_index,top_attention_value,ttc_s,collision,off_route,timeout,red_light_violation,intervention,terminal_reason
cross_town,Town02,mixed,11,1,0.05,189.7357177734375,121.20982360839844,0.15079757571220398,90.07781982421875,7.6293872533980525e-06,500.4354450179987,1.5245497122630576e-06,0.0,2.663161091653876e-07,0.4665253579617568,0.456854767458863,0.03318113088607788,0.3756861090660095,-0.013024789281189442,0.0,0.07999999821186066,-0.013024789281189442,0.9112241268157959,0.800000011920929,0.2821683883666992,-1.905153512954712,1.0000000|0.0000000|0.0000000|0.0000000|0.0000000|0.0000000|0.0000000|0.0000000|0.0000000|0.0000000,0,1.0,,0,0,0,0,0,
cross_town,Town02,mixed,11,2,0.1,189.7357177734375,121.20982360839844,0.161112442612648,90.07781982421875,7.6293872533980525e-06,500.4354450179987,1.5245497122630576e-06,0.0,2.663161091653876e-07,0.858406609296818,0.4575310789250087,0.023991435766220093,0.23941922187805176,0.06652747094631195,0.0,0.1599999964237213,0.06652747094631195,0.8305540084838867,0.800000011920929,0.09738967567682266,-1.443881869316101,1.0000000|0.0000000|0.0000000|0.0000000|0.0000000|0.0000000|0.0000000|0.0000000|0.0000000|0.0000000,0,1.0,,0,0,0,0,0,
cross_town,Town02,mixed,11,3,0.15,189.7357177734375,121.20982360839844,0.17358183860778809,90.07781982421875,7.6293872533980525e-06,500.4354450179987,1.5245497122630576e-06,0.0,2.663161091653876e-07,0.8940883040430986,0.44570146852487474,0.02557969093322754,0.44634634256362915,0.23456227779388428,0.0,0.23999999463558197,0.1465274691581726,0.9479928612709045,0.800000011920929,0.4257418215274811,-1.5639697313308716,1.0000000|0.0000000|0.0000000|0.0000000|0.0000000|0.0000000|0.0000000|0.0000000|0.0000000|0.0000000,0,1.0,,0,0,0,0,0,
cross_town,Town02,mixed,11,4,0.2,189.7357177734375,121.20982360839844,0.18517287075519562,90.07781982421875,7.6293872533980525e-06,500.4354450179987,1.5245497122630576e-06,0.0,2.663161091653876e-07,0.784205549955391,0.44409294144280625,0.038595229387283325,0.23309540748596191,0.20490232110023499,0.0,0.23309540748596191,0.20490232110023499,0.9999866485595703,0.800000011920929,2.506997585296631,-1.6583521366119385,1.0000000|0.0000000|0.0000000|0.0000000|0.0000000|0.0000000|0.0000000|0.0000000|0.0000000|0.0000000,0,1.0,,0,0,0,0,0,
cross_town,Town02,mixed,11,5,0.25,189.7357177734375,121.20982360839844,0.19481006264686584,90.07781982421875,7.6293872533980525e-06,500.4354450179987,1.5245497122630576e-06,0.0,2.663161091653876e-07,0.6320979058742693,0.44485366020867234,0.045415908098220825,0.13287311792373657,0.1522148847579956,0.0,0.15309540927410126,0.1522148847579956,0.9999593496322632,0.800000011920929,2.227548599243164,-1.4240533113479614,1.0000000|0.0000000|0.0000000|0.0000000|0.0000000|0.0000000|0.0000000|0.0000000|0.0000000|0.0000000,0,1.0,,0,0,0,0,0,
cross_town,Town02,mixed,11,6,0.3,189.7357177734375,121.20982360839844,0.20233970880508423,90.07781982421875,7.6293872533980525e-06,500.4354450179987,1.5245497122630576e-06,0.0,2.663161091653876e-07,0.4844124197959904,0.4405007665739602,0.055927783250808716,0.45687970519065857,0.25142166018486023,0.0,0.23309540748596191,0.23221488296985626,0.9999998807907104,0.800000011920929,3.84181547164917,-1.82955002784729,1.0000000|0.0000000|0.0000000|0.0000000|0.0000000|0.0000000|0.0000000|0.0000000|0.0000000|0.0000000,0,1.0,,0,0,0,0,0,
cross_town,Town02,mixed,11,7,0.35,189.7357177734375,121.20982360839844,0.20799338817596436,90.07781982421875,7.6293872533980525e-06,500.4354450179987,1.5245497122630576e-06,0.0,2.663161091653876e-07,0.35894399285358025,0.4439760928723554,0.06205913424491882,0.13501185178756714,0.10344947874546051,0.0,0.15309540927410126,0.1522148847579956,0.9652466177940369,0.800000011920929,0.5310269594192505,-1.4969512224197388,1.0000000|0.0000000|0.0000000|0.0000000|0.0000000|0.0000000|0.0000000|0.0000000|0.0000000|0.0000000,0,1.0,887.8375280813649,0,0,0,0,0,
cross_town,Town02,mixed,11,8,0.4,189.7357177734375,121.20982360839844,0.2121226042509079,90.07781982421875,7.6293872533980525e-06,500.4354450179987,1.5245497122630576e-06,0.0,2.663161091653876e-07,0.2596473008394307,0.44052225404439105,0.05435830354690552,0.442720890045166,0.24975961446762085,0.0,0.23309540748596191,0.23221488296985626,0.9997850060462952,0.800000011920929,1.8111549615859985,-1.8690383434295654,1.0000000|0.0000000|0.0000000|0.0000000|0.0000000|0.0000000|0.0000000|0.0000000|0.0000000|0.0000000,0,1.0,503.0359769901898,0,0,0,0,0,
cross_town,Town02,mixed,11,9,0.45,189.7357177734375,121.20982360839844,0.21507754921913147,90.07781982421875,7.6293872533980525e-06,500.4354450179987,1.5245497122630576e-06,0.0,2.663161091653876e-07,0.18444678336550482,0.44743337088717927,0.059246957302093506,0.1310359239578247,0.10552703589200974,0.0,0.15309540927410126,0.1522148847579956,0.9306738376617432,0.800000011920929,0.3492717146873474,-1.4893455505371094,1.0000000|0.0000000|0.0000000|0.0000000|0.0000000|0.0000000|0.0000000|0.0000000|0.0000000|0.0000000,0,1.0,365.1416592830329,0,0,0,0,0,
cross_town,Town02,mixed,11,10,0.5,189.7357177734375,121.20982360839844,0.2171591967344284,90.07781982421875,7.6293872533980525e-06,500.4354450179987,1.5245497122630576e-06,0.0,2.663161091653876e-07,0.12918995171786726,0.4408795183198686,0.05362316966056824,0.4343762993812561,0.2468964159488678,0.0,0.23309540748596191,0.23221488296985626,0.996212363243103,0.800000011920929,1.093050241470337,-1.8870571851730347,1.0000000|0.0000000|0.0000000|0.0000000|0.0000000|0.0000000|0.0000000|0.0000000|0.0000000|0.0000000,0,1.0,295.0758033358766,0,0,0,0,0,
cross_town,Town02,mixed,11,11,0.55,189.7357177734375,121.20982360839844,0.21860748529434204,90.07781982421875,7.6293872533980525e-06,500.4354450179987,1.5245497122630576e-06,0.0,2.663161091653876e-07,0.08946530967951764,0.4494244938456435,0.05793660879135132,0.1296592354774475,0.10700386762619019,0.0,0.15309540927410126,0.1522148847579956,0.9107626080513,0.800000011920929,0.2807455360889435,-1.485917091369629,1.0000000|0.0000000|0.0000000|0.0000000|0.0000000|0.0000000|0.0000000|0.0000000|0.0000000|0.0000000,0,1.0,254.659845866368,0,0,0,0,0,
cross_town,Town02,mixed,11,12,0.6,189.7357177734375,121.20982360839844,0.21960493922233582,90.07781982421875,7.6293872533980525e-06,500.4354450179987,1.5245497122630576e-06,0.0,2.663161091653876e-07,0.06137989237949799,0.44124963933139416,0.05326154828071594,0.4298964738845825,0.24511928856372833,0.0,0.23309540748596191,0.23221488296985626,0.9925111532211304,0.800000011920929,0.9217049479484558,-1.8962221145629883,1.0000000|0.0000000|0.0000000|0.0000000|0.0000000|0.0000000|0.0000000|0.0000000|0.0000000|0.0000000,0,1.0,219.5088401729253,0,0,0,0,0,
cross_town,Town02,mixed,11,13,0.65,189.7357177734375,121.20982360839844,0.22028613090515137,90.07781982421875,7.6293872533980525e-06,500.4354450179987,1.5245497122630576e-06,0.0,2.663161091653876e-07,0.041778875515640565,0.4496009772410333,0.05733382701873779,0.1290144920349121,0.10752759128808975,0.0,0.15309540927410126,0.1522148847579956,0.9089977741241455,0.800000011920929,0.27536481618881226,-1.484829068183899,1.0000000|0.0000000|0.0000000|0.0000000|0.0000000|0.0000000|0.0000000|0.0000000|0.0000000|0.0000000,0,1.0,193.27902984876152,0,0,0,0,0,
cross_town,Town02,mixed,11,14,0.7,189.7357177734375,121.20982360839844,0.22074805200099945,90.07781982421875,7.6293872533980525e-06,500.4354450179987,1.5245497122630576e-06,0.0,2.663161091653876e-07,0.028247325495240137,0.4413523083320027,0.053082942962646484,0.4274553060531616,0.24431535601615906,0.0,0.23309540748596191,0.23221488296985626,0.9914844632148743,0.800000011920929,0.8893283605575562,-1.899017572402954,1.0000000|0.0000000|0.0000000|0.0000000|0.0000000|0.0000000|0.0000000|0.0000000|0.0000000|0.0000000,0,1.0,174.39794063683564,0,0,0,0,0,
cross_town,Town02,mixed,11,15,0.75,189.7357177734375,121.20982360839844,0.22105933725833893,90.07781982421875,7.6293872533980525e-06,500.4354450179987,1.5245497122630576e-06,0.0,2.663161091653876e-07,0.018990452215538904,0.44939214640761677,0.05709683895111084,0.128731369972229,0.10746408253908157,0.0,0.15309540927410126,0.1522148847579956,0.9110860824584961,0.800000011920929,0.28174203634262085,-1.4849469661712646,1.0000000|0.0000000|0.0000000|0.0000000|0.0000000|0.0000000|0.0000000|0.0000000|0.0000000|0.0000000,0,1.0,165.80426214594743,0,0,0,0,0,
cross_town,Town02,mixed,11,16,0.8,189.7357177734375,121.20982360839844,0.22126799821853638,90.07781982421875,7.6293872533980525e-06,500.4354450179987,1.5245497122630576e-06,0.0,2.663161091653876e-07,0.012703765835968963,0.4413991158596137,0.052998363971710205,0.426239013671875,0.24395518004894257,0.0,0.23309540748596191,0.23221488296985626,0.9910163879394531,0.800000011920929,0.8758329153060913,-1.8998793363571167,1.0000000|0.0000000|0.0000000|0.0000000|0.0000000|0.0000000|0.0000000|0.0000000|0.0000000|0.0000000,0,1.0,149.39174662686665,0,0,0,0,0,
cross_town,Town02,mixed,11,17,0.85,189.7357177734375,121.20982360839844,0.2214072048664093,90.07781982421875,7.6293872533980525e-06,500.4354450179987,1.5245497122630576e-06,0.0,2.663161091653876e-07,0.00846170391988943,0.4492586618056391,0.05698636174201965,0.12859892845153809,0.10743258893489838,0.0,0.15309540927410126,0.1522148847579956,0.912420928478241,0.800000011920929,0.28588995337486267,-1.4850016832351685,1.0000000|0.0000000|0.0000000|0.0000000|0.0000000|0.0000000|0.0000000|0.0000000|0.0000000|0.0000000,0,1.0,139.66834551728218,0,0,0,0,0,
cross_town,Town02,mixed,11,18,0.9,189.7357177734375,121.20982360839844,0.2214072048664093,90.07781982421875,7.6293872533980525e-06,500.4354450179987,1.5245497122630576e-06,0.0,2.663161091653876e-07,0.0,0.44142112189405386,0.05295926332473755,0.4256766438484192,0.2437877207994461,0.0,0.23309540748596191,0.23221488296985626,0.9907963275909424,0.800000011920929,0.8697274923324585,-1.9002760648727417,1.0000000|0.0000000|0.0000000|0.0000000|0.0000000|0.0000000|0.0000000|0.0000000|0.0000000|0.0000000,0,1.0,127.58910454154791,0,0,0,0,0,
cross_town,Town02,mixed,11,19,0.95,189.7357177734375,121.20982360839844,0.22150881588459015,90.07781982421875,7.6293872533980525e-06,500.4354450179987,1.5245497122630576e-06,0.0,2.663161091653876e-07,0.0021928366274609947,0.4491552179446924,0.05689644813537598,0.1284908950328827,0.10740616917610168,0.0,0.15309540927410126,0.1522148847579956,0.9134553670883179,0.800000011920929,0.2891436219215393,-1.4850482940673828,1.0000000|0.0000000|0.0000000|0.0000000|0.0000000|0.0000000|0.0000000|0.0000000|0.0000000|0.0000000,0,1.0,120.32148506005697,0,0,0,0,0,
cross_town,Town02,mixed,11,20,1.0,189.7357177734375,121.20982360839844,0.22154204547405243,90.07781982421875,7.6293872533980525e-06,500.4354450179987,1.5245497122630576e-06,0.0,2.663161091653876e-07,0.0024239958976203357,0.4414340739837301,0.05293607711791992,0.4253419041633606,0.2436876893043518,0.0,0.23309540748596191,0.23221488296985626,0.9906668066978455,0.800000011920929,0.8662000894546509,-1.9005122184753418,1.0000000|0.0000000|0.0000000|0.0000000|0.0000000|0.0000000|0.0000000|0.0000000|0.0000000|0.0000000,0,1.0,109.85236696328863,0,0,0,0,0,
cross_town,Town02,mixed,11,21,1.05,189.7357177734375,121.20982360839844,0.22157397866249084,90.07781982421875,7.6293872533980525e-06,500.4354450179987,1.5245497122630576e-06,0.0,2.663161091653876e-07,0.0021761168287141005,0.44917553120737225,0.0569135844707489,0.1285114884376526,0.10741128027439117,0.0,0.15309540927410126,0.1522148847579956,0.9132522344589233,0.800000011920929,0.2885017395019531,-1.4850389957427979,1.0000000|0.0000000|0.0000000|0.0000000|0.0000000|0.0000000|0.0000000|0.0000000|0.0000000|0.0000000,0,1.0,101.71297448799942,0,0,0,0,0,
cross_town,Town02,mixed,11,22,1.1,189.7357177734375,121.20982360839844,0.22160106897354126,90.07781982421875,7.6293872533980525e-06,500.4354450179987,1.5245497122630576e-06,0.0,2.663161091653876e-07,0.0017810896739969364,0.4414341097462137,0.052936017513275146,0.42534103989601135,0.2436874806880951,0.0,0.23309540748596191,0.23221488296985626,0.9906664490699768,0.800000011920929,0.8661909103393555,-1.9005119800567627,1.0000000|0.0000000|0.0000000|0.0000000|0.0000000|0.0000000|0.0000000|0.0000000|0.0000000|0.0000000,0,1.0,95.3449303960516,0,0,0,0,0,
cross_town,Town02,mixed,11,23,1.15,189.7357177734375,121.20982360839844,0.22162239253520966,90.07781982421875,7.6293872533980525e-06,500.4354450179987,1.5245497122630576e-06,0.0,2.663161091653876e-07,0.0013739776010741466,0.4491702025523026,0.056908994913101196,0.12850594520568848,0.10740990936756134,0.0,0.15309540927410126,0.1522148847579956,0.9133055210113525,0.800000011920929,0.2886699438095093,-1.4850404262542725,1.0000000|0.0000000|0.0000000|0.0000000|0.0000000|0.0000000|0.0000000|0.0000000|0.0000000|0.0000000,0,1.0,90.02435352393285,0,0,0,0,0,
cross_town,Town02,mixed,11,24,1.2,189.7357177734375,121.20982360839844,0.221638485789299,90.07781982421875,7.6293872533980525e-06,500.4354450179987,1.5245497122630576e-06,0.0,2.663161091653876e-07,0.001027187356021833,0.4414357429136551,0.05293303728103638,0.42529821395874023,0.243674635887146,0.0,0.23309540748596191,0.23221488296985626,0.9906501173973083,0.800000011920929,0.8657487034797668,-1.9005423784255981,1.0000000|0.0000000|0.0000000|0.0000000|0.0000000|0.0000000|0.0000000|0.0000000|0.0000000|0.0000000,0,1.0,85.41683271149118,0,0,0,0,0,
cross_town,Town02,mixed,11,25,1.25,189.7357177734375,121.20982360839844,0.22165030241012573,90.07781982421875,7.6293872533980525e-06,500.4354450179987,1.5245497122630576e-06,0.0,2.663161091653876e-07,0.000747138961036459,0.44916389042050253,0.056903719902038574,0.12849962711334229,0.10740823298692703,0.0,0.15309540927410126,0.1522148847579956,0.9133686423301697,0.800000011920929,0.28886932134628296,-1.4850437641143799,1.0000000|0.0000000|0.0000000|0.0000000|0.0000000|0.0000000|0.0000000|0.0000000|0.0000000|0.0000000,0,1.0,81.34548617189844,0,0,0,0,0,
cross_town,Town02,mixed,11,26,1.3,189.7357177734375,121.20982360839844,0.221658855676651,90.07781982421875,7.6293872533980525e-06,500.4354450179987,1.5245497122630576e-06,0.0,2.663161091653876e-07,0.0005334548604944561,0.44143701845322514,0.05293071269989014,0.42526477575302124,0.24366460740566254,0.0,0.23309540748596191,0.23221488296985626,0.9906373620033264,0.800000011920929,0.8654042482376099,-1.9005663394927979,1.0000000|0.0000000|0.0000000|0.0000000|0.0000000|0.0000000|0.0000000|0.0000000|0.0000000|0.0000000,0,1.0,77.69888008255539,0,0,0,0,0,
cross_town,Town02,mixed,11,27,1.35,189.7357177734375,121.20982360839844,0.22166137397289276,90.07781982421875,7.6293872533980525e-06,500.4354450179987,1.5245497122630576e-06,0.0,2.663161091653876e-07,0.00016235737550975094,0.44915975981860534,0.05690017342567444,0.12849542498588562,0.10740724205970764,0.0,0.15309540927410126,0.1522148847579956,0.913409948348999,0.800000011920929,0.289000004529953,-1.4850454330444336,1.0000000|0.0000000|0.0000000|0.0000000|0.0000000|0.0000000|0.0000000|0.0000000|0.0000000|0.0000000,0,1.0,74.40426332699974,0,0,0,0,0,
cross_town,Town02,mixed,11,28,1.4,189.7357177734375,121.20982360839844,0.2216641902923584,90.07781982421875,7.6293872533980525e-06,500.4354450179987,1.5245497122630576e-06,0.0,2.663161091653876e-07,0.0002208251942701041,0.4414382165063103,0.05292856693267822,0.42523354291915894,0.2436552345752716,0.0,0.23309540748596191,0.23221488296985626,0.9906253814697266,0.800000011920929,0.8650838732719421,-1.900587558746338,1.0000000|0.0000000|0.0000000|0.0000000|0.0000000|0.0000000|0.0000000|0.0000000|0.0000000|0.0000000,0,1.0,71.4054975124844,0,0,0,0,0,
cross_town,Town02,mixed,11,29,1.45,189.7357177734375,121.20982360839844,0.22166724503040314,90.07781982421875,7.6293872533980525e-06,500.4354450179987,1.5245497122630576e-06,0.0,2.663161091653876e-07,0.00021351241596416747,0.44915710741191295,0.05689799785614014,0.12849271297454834,0.10740657895803452,0.0,0.15309540927410126,0.1522148847579956,0.9134364724159241,0.800000011920929,0.2890838384628296,-1.4850468635559082,1.0000000|0.0000000|0.0000000|0.0000000|0.0000000|0.0000000|0.0000000|0.0000000|0.0000000|0.0000000,0,1.0,68.66141670069308,0,0,0,0,0,
cross_town,Town02,mixed,11,30,1.5,189.7357177734375,121.20982360839844,0.22166995704174042,90.07781982421875,7.6293872533980525e-06,500.4354450179987,1.5245497122630576e-06,0.0,2.663161091653876e-07,0.00017942052541506135,0.4414381092181562,0.05292868614196777,0.4252361059188843,0.24365602433681488,0.0,0.23309540748596191,0.23221488296985626,0.9906264543533325,0.800000011920929,0.865111231803894,-1.900585651397705,1.0000000|0.0000000|0.0000000|0.0000000|0.0000000|0.0000000|0.0000000|0.0000000|0.0000000|0.0000000,0,1.0,66.135584031777,0,0,0,0,0,
cross_town,Town02,mixed,11,31,1.55,189.7357177734375,121.20982360839844,0.22167213261127472,90.07781982421875,7.6293872533980525e-06,500.4354450179987,1.5245497122630576e-06,0.0,2.663161091653876e-07,0.0001403160620664795,0.4491567795862946,0.05689769983291626,0.12849247455596924,0.10740656405687332,0.0,0.15309540927410126,0.1522148847579956,0.9134397506713867,0.800000011920929,0.2890944182872772,-1.4850468635559082,1.0000000|0.0000000|0.0000000|0.0000000|0.0000000|0.0000000|0.0000000|0.0000000|0.0000000|0.0000000,0,1.0,63.80261022166175,0,0,0,0,0,
cross_town,Town02,mixed,11,32,1.6,189.7357177734375,121.20982360839844,0.22167380154132843,90.07781982421875,7.6293872533980525e-06,500.4354450179987,1.5245497122630576e-06,0.0,2.663161091653876e-07,0.00010804397812913417,0.4414382582293257,0.05292844772338867,0.4252324104309082,0.24365493655204773,0.0,0.23309540748596191,0.23221488296985626,0.9906249642372131,0.800000011920929,0.8650720715522766,-1.9005882740020752,1.0000000|0.0000000|0.0000000|0.0000000|0.0000000|0.0000000|0.0000000|0.0000000|0.0000000|0.0000000,0,1.0,61.63779022923412,0,0,0,0,0,
cross_town,Town02,mixed,11,33,1.65,189.7357177734375,121.20982360839844,0.2216750681400299,90.07781982421875,7.6293872533980525e-06,500.4354450179987,1.5245497122630576e-06,0.0,2.663161091653876e-07,7.886124163247429e-05,0.44915615969645056,0.05689716339111328,0.12849175930023193,0.10740644484758377,0.0,0.15309540927410126,0.1522148847579956,0.9134459495544434,0.800000011920929,0.2891138195991516,-1.48504638671875,1.0000000|0.0000000|0.0000000|0.0000000|0.0000000|0.0000000|0.0000000|0.0000000|0.0000000|0.0000000,0,1.0,59.623289215616225,0,0,0,0,0,
cross_town,Town02,mixed,11,34,1.7,189.7357177734375,121.20982360839844,0.2216750681400299,90.07781982421875,7.6293872533980525e-06,500.4354450179987,1.5245497122630576e-06,0.0,2.663161091653876e-07,5.7197573261988465e-05,0.4414383774387877,0.05292820930480957,0.4252289831638336,0.24365383386611938,0.0,0.23309540748596191,0.23221488296985626,0.9906237721443176,0.800000011920929,0.8650395274162292,-1.9005906581878662,1.0000000|0.0000000|0.0000000|0.0000000|0.0000000|0.0000000|0.0000000|0.0000000|0.0000000|0.0000000,0,1.0,57.74335567682989,0,0,0,0,0,
cross_town,Town02,mixed,11,35,1.75,189.7357177734375,121.20982360839844,0.22167640924453735,90.07781982421875,7.6293872533980525e-06,500.4354450179987,1.5245497122630576e-06,0.0,2.663161091653876e-07,1.0540008324763964e-05,0.44915573054468283,0.05689683556556702,0.1284913420677185,0.10740627348423004,0.0,0.15309540927410126,0.1522148847579956,0.9134502410888672,0.800000011920929,0.2891271710395813,-1.4850469827651978,1.0000000|0.0000000|0.0000000|0.0000000|0.0000000|0.0000000|0.0000000|0.0000000|0.0000000|0.0000000,0,1.0,55.98238951743286,0,0,0,0,0,
cross_town,Town02,mixed,11,36,1.8,189.7357177734375,121.20982360839844,0.22167640924453735,90.07781982421875,7.6293872533980525e-06,500.4354450179987,1.5245497122630576e-06,0.0,2.663161091653876e-07,2.101207976176164e-05,0.4414385204901906,0.05292797088623047,0.4252253770828247,0.24365273118019104,0.0,0.23309540748596191,0.23221488296985626,0.990622341632843,0.800000011920929,0.8650022745132446,-1.9005934000015259,1.0000000|0.0000000|0.0000000|0.0000000|0.0000000|0.0000000|0.0000000|0.0000000|0.0000000|0.0000000,0,1.0,54.33065977571629,0,0,0,0,0,
cross_town,Town02,mixed,11,37,1.85,189.7357177734375,121.20982360839844,0.22167640924453735,90.07781982421875,7.6293872533980525e-06,500.4354450179987,1.5245497122630576e-06,0.0,2.663161091653876e-07,2.1492045656620354e-05,0.44915540271878485,0.056896597146987915,0.12849101424217224,0.10740619897842407,0.0,0.15309540927410126,0.1522148847579956,0.9134535193443298,0.800000011920929,0.28913769125938416,-1.4850469827651978,1.0000000|0.0000000|0.0000000|0.0000000|0.0000000|0.0000000|0.0000000|0.0000000|0.0000000|0.0000000,0,1.0,52.77744113041418,0,0,0,0,0,
cross_town,Town02,mixed,11,38,1.9,189.7357177734375,121.20982360839844,0.22167640924453735,90.07781982421875,7.6293872533980525e-06,500.4354450179987,1.5245497122630576e-06,0.0,2.663161091653876e-07,1.9088764581511307e-05,0.4414384966483746,0.052928030490875244,0.4252259433269501,0.24365289509296417,0.0,0.23309540748596191,0.23221488296985626,0.9906225800514221,0.800000011920929,0.8650075793266296,-1.9005928039550781,1.0000000|0.0000000|0.0000000|0.0000000|0.0000000|0.0000000|0.0000000|0.0000000|0.0000000|0.0000000,0,1.0,51.31492729941087,0,0,0,0,0,
cross_town,Town02,mixed,11,39,1.95,189.7357177734375,121.20982360839844,0.22167640924453735,90.07781982421875,7.6293872533980525e-06,500.4354450179987,1.5245497122630576e-06,0.0,2.663161091653876e-07,1.6891941081281846e-05,0.44915538483767475,0.05689653754234314,0.12849101424217224,0.10740621387958527,0.0,0.15309540927410126,0.1522148847579956,0.9134536981582642,0.800000011920929,0.28913822770118713,-1.4850468635559082,1.0000000|0.0000000|0.0000000|0.0000000|0.0000000|0.0000000|0.0000000|0.0000000|0.0000000|0.0000000,0,1.0,49.93428614069547,0,0,0,0,0,
cross_town,Town02,mixed,11,40,2.0,189.7357177734375,121.20982360839844,0.22167754173278809,90.07781982421875,7.6293872533980525e-06,500.4354450179987,1.5245497122630576e-06,0.0,2.663161091653876e-07,1.4523124242825419e-05,0.44143850856924427,0.052928030490875244,0.4252258837223053,0.2436528503894806,0.0,0.23309540748596191,0.23221488296985626,0.9906224608421326,0.800000011920929,0.865005373954773,-1.9005931615829468,1.0000000|0.0000000|0.0000000|0.0000000|0.0000000|0.0000000|0.0000000|0.0000000|0.0000000|0.0000000,0,1.0,48.63144763127145,0,0,0,0,0,
cross_town,Town02,mixed,11,41,2.05,189.7357177734375,121.20982360839844,0.22167754173278809,90.07781982421875,7.6293872533980525e-06,500.4354450179987,1.5245497122630576e-06,0.0,2.663161091653876e-07,7.62181226481001e-06,0.44915530735163445,0.05689650774002075,0.12849098443984985,0.10740628838539124,0.0,0.15309540927410126,0.1522148847579956,0.9134544730186462,0.800000011920929,0.28914085030555725,-1.4850468635559082,1.0000000|0.0000000|0.0000000|0.0000000|0.0000000|0.0000000|0.0000000|0.0000000|0.0000000|0.0000000,0,1.0,47.404322125216964,0,0,0,0,0,
cross_town,Town02,mixed,11,42,2.1,189.7357177734375,121.20982360839844,0.22167754173278809,90.07781982421875,7.6293872533980525e-06,500.4354450179987,1.5245497122630576e-06,0.0,2.663161091653876e-07,3.847374102609582e-06,0.44143853241105957,0.05292797088623047,0.4252251386642456,0.2436526119709015,0.0,0.23309540748596191,0.23221488296985626,0.9906222224235535,0.800000011920929,0.8649994134902954,-1.9005930423736572,1.0000000|0.0000000|0.0000000|0.0000000|0.0000000|0.0000000|0.0000000|0.0000000|0.0000000|0.0000000,0,1.0,46.246239096503366,0,0,0,0,0,
cross_town,Town02,mixed,11,43,2.15,189.7357177734375,121.20982360839844,0.22167754173278809,90.07781982421875,7.6293872533980525e-06,500.4354450179987,1.5245497122630576e-06,0.0,2.663161091653876e-07,6.935122095956682e-06,0.44915529543058225,0.05689644813537598,0.12849083542823792,0.10740615427494049,0.0,0.15309540927410126,0.1522148847579956,0.9134545922279358,0.800000011920929,0.2891409993171692,-1.485047698020935,1.0000000|0.0000000|0.0000000|0.0000000|0.0000000|0.0000000|0.0000000|0.0000000|0.0000000|0.0000000,0,1.0,45.1532062970709,0,0,0,0,0,
cross_town,Town02,mixed,11,44,2.2,189.7357177734375,121.20982360839844,0.22167754173278809,90.07781982421875,7.6293872533980525e-06,500.4354450179987,1.5245497122630576e-06,0.0,2.663161091653876e-07,1.9226094965894174e-06,0.4414385324111547,0.052928000688552856,0.4252251386642456,0.24365277588367462,0.0,0.23309540748596191,0.23221488296985626,0.9906222224235535,0.800000011920929,0.8649989366531372,-1.9005937576293945,1.0000000|0.0000000|0.0000000|0.0000000|0.0000000|0.0000000|0.0000000|0.0000000|0.0000000|0.0000000,0,1.0,44.119646683703536,0,0,0,0,0,
cross_town,Town02,mixed,11,45,2.25,189.7357177734375,121.20982360839844,0.22167754173278809,90.07781982421875,7.6293872533980525e-06,500.4354450179987,1.5245497122630576e-06,0.0,2.663161091653876e-07,4.325868771358842e-06,0.44915530735170495,0.05689641833305359,0.1284908652305603,0.10740607976913452,0.0,0.15309540927410126,0.1522148847579956,0.9134544730186462,0.800000011920929,0.28914082050323486,-1.485047698020935,1.0000000|0.0000000|0.0000000|0.0000000|0.0000000|0.0000000|0.0000000|0.0000000|0.0000000|0.0000000,0,1.0,43.14185433602792,0,0,0,0,0,
cross_town,Town02,mixed,11,46,2.3,189.7357177734375,121.20982360839844,0.22167754173278809,90.07781982421875,7.6293872533980525e-06,500.4354450179987,1.5245497122630576e-06,0.0,2.663161091653876e-07,6.729126091183878e-06,0.44143854433214325,0.05292797088623047,0.4252251386642456,0.24365268647670746,0.0,0.23309540748596191,0.23221488296985626,0.9906221032142639,0.800000011920929,0.8649962544441223,-1.900593638420105,1.0000000|0.0000000|0.0000000|0.0000000|0.0000000|0.0000000|0.0000000|0.0000000|0.0000000|0.0000000,0,1.0,42.21535568706976,0,0,0,0,0,
cross_town,Town02,mixed,11,47,2.35,189.7357177734375,121.20982360839844,0.22167754173278809,90.07781982421875,7.6293872533980525e-06,500.4354450179987,1.5245497122630576e-06,0.0,2.663161091653876e-07,6.11114646113214e-06,0.44915529543077604,0.05689650774002075,0.12849092483520508,0.10740618407726288,0.0,0.15309540927410126,0.1522148847579956,0.9134545922279358,0.800000011920929,0.2891412675380707,-1.4850472211837769,1.0000000|0.0000000|0.0000000|0.0000000|0.0000000|0.0000000|0.0000000|0.0000000|0.0000000|0.0000000,0,1.0,41.33807162875212,0,0,0,0,0,
cross_town,Town02,mixed,11,48,2.4,189.7357177734375,121.20982360839844,0.22167754173278809,90.07781982421875,7.6293872533980525e-06,500.4354450179987,1.5245497122630576e-06,0.0,2.663161091653876e-07,5.082774402706668e-06,0.4414385204902309,0.05292797088623047,0.4252251386642456,0.24365264177322388,0.0,0.23309540748596191,0.23221488296985626,0.990622341632843,0.800000011920929,0.8649999499320984,-1.9005937576293945,1.0000000|0.0000000|0.0000000|0.0000000|0.0000000|0.0000000|0.0000000|0.0000000|0.0000000|0.0000000,0,1.0,40.50209154814294,0,0,0,0,0,
cross_town,Town02,mixed,11,49,2.45,189.7357177734375,121.20982360839844,0.22167754173278809,90.07781982421875,7.6293872533980525e-06,500.4354450179987,1.5245497122630576e-06,0.0,2.663161091653876e-07,4.7768588755723e-06,0.44915529542999094,0.056896477937698364,0.1284908950328827,0.10740627348423004,0.0,0.15309540927410126,0.1522148847579956,0.9134545922279358,0.800000011920929,0.2891409695148468,-1.4850479364395142,1.0000000|0.0000000|0.0000000|0.0000000|0.0000000|0.0000000|0.0000000|0.0000000|0.0000000|0.0000000,0,1.0,39.70829972723393,0,0,0,0,0,
cross_town,Town02,mixed,11,50,2.5,189.7357177734375,121.20982360839844,0.22167754173278809,90.07781982421875,7.6293872533980525e-06,500.4354450179987,1.5245497122630576e-06,0.0,2.663161091653876e-07,4.669235444772488e-06,0.4414385324101706,0.052928000688552856,0.42522525787353516,0.24365265667438507,0.0,0.23309540748596191,0.23221488296985626,0.9906222224235535,0.800000011920929,0.8649976849555969,-1.900593638420105,1.0000000|0.0000000|0.0000000|0.0000000|0.0000000|0.0000000|0.0000000|0.0000000|0.0000000|0.0000000,0,1.0,38.953538301547546,0,0,0,0,0,
cross_town,Town02,mixed,11,51,2.55,189.7357177734375,121.20982360839844,0.22167754173278809,90.07781982421875,7.6293872533980525e-06,500.4354450179987,1.5245497122630576e-06,0.0,2.663161091653876e-07,3.6475971342897424e-06,0.44915533715335615,0.05689644813537598,0.1284908950328827,0.10740604996681213,0.0,0.15309540927410126,0.1522148847579956,0.9134541749954224,0.800000011920929,0.28913989663124084,-1.4850478172302246,1.0000000|0.0000000|0.0000000|0.0000000|0.0000000|0.0000000|0.0000000|0.0000000|0.0000000|0.0000000,0,1.0,38.509738885080075,0,0,0,0,0,
cross_town,Town02,mixed,11,52,2.6,189.7357177734375,121.20982360839844,0.22167754173278809,90.07781982421875,7.6293872533980525e-06,500.4354450179987,1.5245497122630576e-06,0.0,2.663161091653876e-07,2.0600345743109494e-07,0.4414385324103765,0.05292797088623047,0.4252251386642456,0.24365273118019104,0.0,0.23309540748596191,0.23221488296985626,0.9906222224235535,0.800000011920929,0.8649981617927551,-1.900593638420105,1.0000000|0.0000000|0.0000000|0.0000000|0.0000000|0.0000000|0.0000000|0.0000000|0.0000000|0.0000000,0,1.0,37.79539668978728,0,0,0,0,0,
cross_town,Town02,mixed,11,53,2.65,189.7357177734375,121.20982360839844,0.22167754173278809,90.07781982421875,7.6293872533980525e-06,500.4354450179987,1.5245497122630576e-06,0.0,2.663161091653876e-07,7.896641043568555e-07,0.4491552239049725,0.05689644813537598,0.1284908652305603,0.10740604996681213,0.0,0.15309540927410126,0.1522148847579956,0.9134553074836731,0.800000011920929,0.2891433537006378,-1.4850475788116455,1.0000000|0.0000000|0.0000000|0.0000000|0.0000000|0.0000000|0.0000000|0.0000000|0.0000000|0.0000000,0,1.0,37.13136552661319,0,0,0,0,0,
cross_town,Town02,mixed,11,54,2.7,189.7357177734375,121.20982360839844,0.22167754173278809,90.07781982421875,7.6293872533980525e-06,500.4354450179987,1.5245497122630576e-06,0.0,2.663161091653876e-07,1.3732931638419437e-06,0.44143853241121384,0.05292791128158569,0.4252244830131531,0.24365249276161194,0.0,0.23309540748596191,0.23221488296985626,0.9906222224235535,0.800000011920929,0.8649967312812805,-1.9005931615829468,1.0000000|0.0000000|0.0000000|0.0000000|0.0000000|0.0000000|0.0000000|0.0000000|0.0000000|0.0000000,0,1.0,36.501483631167034,0,0,0,0,0,
cross_town,Town02,mixed,11,55,2.75,189.7357177734375,121.20982360839844,0.22167754173278809,90.07781982421875,7.6293872533980525e-06,500.4354450179987,1.5245497122630576e-06,0.0,2.663161091653876e-07,1.9226223651233277e-06,0.4491552358261311,0.05689641833305359,0.12849083542823792,0.10740616917610168,0.0,0.15309540927410126,0.1522148847579956,0.9134551882743835,0.800000011920929,0.28914299607276917,-1.4850473403930664,1.0000000|0.0000000|0.0000000|0.0000000|0.0000000|0.0000000|0.0000000|0.0000000|0.0000000|0.0000000,0,1.0,35.898672670750706,0,0,0,0,0,
cross_town,Town02,mixed,11,56,2.8,189.7357177734375,121.20982360839844,0.22167754173278809,90.07781982421875,7.6293872533980525e-06,500.4354450179987,1.5245497122630576e-06,0.0,2.663161091653876e-07,2.471932959744643e-06,0.441438544332143,0.05292791128158569,0.42522478103637695,0.24365270137786865,0.0,0.23309540748596191,0.23221488296985626,0.9906221032142639,0.800000011920929,0.8649959564208984,-1.9005935192108154,1.0000000|0.0000000|0.0000000|0.0000000|0.0000000|0.0000000|0.0000000|0.0000000|0.0000000|0.0000000,0,1.0,35.32058266270791,0,0,0,0,0,
cross_town,Town02,mixed,11,57,2.85,189.7357177734375,121.20982360839844,0.22167754173278809,90.07781982421875,7.6293872533980525e-06,500.4354450179987,1.5245497122630576e-06,0.0,2.663161091653876e-07,3.0212427792457055e-06,0.4491552477470602,0.05689644813537598,0.1284908950328827,0.10740609467029572,0.0,0.15309540927410126,0.1522148847579956,0.913455069065094,0.800000011920929,0.28914278745651245,-1.4850471019744873,1.0000000|0.0000000|0.0000000|0.0000000|0.0000000|0.0000000|0.0000000|0.0000000|0.0000000|0.0000000,0,1.0,34.76569911923026,0,0,0,0,0,
cross_town,Town02,mixed,11,58,2.9,189.7357177734375,121.20982360839844,0.22167754173278809,90.07781982421875,7.6293872533980525e-06,500.4354450179987,1.5245497122630576e-06,0.0,2.663161091653876e-07,3.604892376283894e-06,0.44143853241121417,0.05292797088623047,0.4252251386642456,0.24365265667438507,0.0,0.23309540748596191,0.23221488296985626,0.9906222224235535,0.800000011920929,0.8649972677230835,-1.9005932807922363,1.0000000|0.0000000|0.0000000|0.0000000|0.0000000|0.0000000|0.0000000|0.0000000|0.0000000|0.0000000,0,1.0,34.23245476567257,0,0,0,0,0,
cross_town,Town02,mixed,11,59,2.95,189.7357177734375,121.20982360839844,0.22167754173278809,90.07781982421875,7.6293872533980525e-06,500.4354450179987,1.5245497122630576e-06,0.0,2.663161091653876e-07,4.119873091465295e-06,0.44915530735170467,0.05689641833305359,0.1284908950328827,0.10740618407726288,0.0,0.15309540927410126,0.1522148847579956,0.9134544730186462,0.800000011920929,0.2891407907009125,-1.485047459602356,1.0000000|0.0000000|0.0000000|0.0000000|0.0000000|0.0000000|0.0000000|0.0000000|0.0000000|0.0000000,0,1.0,33.72055953427145,0,0,0,0,0,
cross_town,Town02,mixed,11,60,3.0,189.7357177734375,121.20982360839844,0.22167754173278809,90.07781982421875,7.6293872533980525e-06,500.4354450179987,1.5245497122630576e-06,0.0,2.663161091653876e-07,0.0,0.44143853241121417,0.05292797088623047,0.4252251982688904,0.24365268647670746,0.0,0.23309540748596191,0.23221488296985626,0.9906222224235535,0.800000011920929,0.864997386932373,-1.9005935192108154,1.0000000|0.0000000|0.0000000|0.0000000|0.0000000|0.0000000|0.0000000|0.0000000|0.0000000|0.0000000,0,1.0,33.22666425967153,0,0,0,0,0,
cross_town,Town02,mixed,11,61,3.05,189.7357177734375,121.20982360839844,0.22167754173278809,90.07781982421875,7.6293872533980525e-06,500.4354450179987,1.5245497122630576e-06,0.0,2.663161091653876e-07,6.179819152348558e-07,0.4491552179447379,0.05689644813537598,0.1284908950328827,0.10740616917610168,0.0,0.15309540927410126,0.1522148847579956,0.9134553670883179,0.800000011920929,0.2891436219215393,-1.4850482940673828,1.0000000|0.0000000|0.0000000|0.0000000|0.0000000|0.0000000|0.0000000|0.0000000|0.0000000|0.0000000,0,1.0,32.75266975408539,0,0,0,0,0,
cross_town,Town02,mixed,11,62,3.1,189.7357177734375,121.20982360839844,0.22167754173278809,90.07781982421875,7.6293872533980525e-06,500.4354450179987,1.5245497122630576e-06,0.0,2.663161091653876e-07,1.1673014338912631e-06,0.4414385443321433,0.05292797088623047,0.4252249002456665,0.24365268647670746,0.0,0.23309540748596191,0.23221488296985626,0.9906221032142639,0.800000011920929,0.8649961352348328,-1.9005932807922363,1.0000000|0.0000000|0.0000000|0.0000000|0.0000000|0.0000000|0.0000000|0.0000000|0.0000000|0.0000000,0,1.0,32.29609709858379,0,0,0,0,0,
cross_town,Town02,mixed,11,63,3.15,189.7357177734375,121.20982360839844,0.22167754173278809,90.07781982421875,7.6293872533980525e-06,500.4354450179987,1.5245497122630576e-06,0.0,2.663161091653876e-07,1.8196112365678164e-06,0.4491552775493825,0.05689641833305359,0.12849083542823792,0.10740618407726288,0.0,0.15309540927410126,0.1522148847579956,0.9134547710418701,0.800000011920929,0.28914156556129456,-1.4850472211837769,1.0000000|0.0000000|0.0000000|0.0000000|0.0000000|0.0000000|0.0000000|0.0000000|0.0000000|0.0000000,0,1.0,31.855218996189723,0,0,0,0,0,
cross_town,Town02,mixed,11,64,3.2,189.7357177734375,121.20982360839844,0.22167754173278809,90.07781982421875,7.6293872533980525e-06,500.4354450179987,1.5245497122630576e-06,0.0,2.663161091653876e-07,2.3689276028493147e-06,0.44143854433214325,0.05292791128158569,0.42522478103637695,0.24365270137786865,0.0,0.23309540748596191,0.23221488296985626,0.9906221032142639,0.800000011920929,0.8649962544441223,-1.9005935192108154,1.0000000|0.0000000|0.0000000|0.0000000|0.0000000|0.0000000|0.0000000|0.0000000|0.0000000|0.0000000,0,1.0,31.43083985303678,0,0,0,0,0,
cross_town,Town02,mixed,11,65,3.25,189.7357177734375,121.20982360839844,0.22167754173278809,90.07781982421875,7.6293872533980525e-06,500.4354450179987,1.5245497122630576e-06,0.0,2.663161091653876e-07,3.0555734947918786e-06,0.4491552835098472,0.05689644813537598,0.1284908652305603,0.10740609467029572,0.0,0.15309540927410126,0.1522148847579956,0.9134547114372253,0.800000011920929,0.2891414761543274,-1.485047459602356,1.0000000|0.0000000|0.0000000|0.0000000|0.0000000|0.0000000|0.0000000|0.0000000|0.0000000|0.0000000,0,1.0,30.103325087119316,0,0,0,0,0,
cross_town,Town02,mixed,11,66,3.3,189.7357177734375,121.20982360839844,0.22167754173278809,90.07781982421875,7.6293872533980525e-06,500.4354450179987,1.5245497122630576e-06,0.0,2.663161091653876e-07,3.707886635352252e-06,0.44143853241121433,0.05292797088623047,0.4252251386642456,0.24365265667438507,0.0,0.23309540748596191,0.23221488296985626,0.9906222224235535,0.800000011920929,0.8649975061416626,-1.9005932807922363,1.0000000|0.0000000|0.0000000|0.0000000|0.0000000|0.0000000|0.0000000|0.0000000|0.0000000|0.0000000,0,1.0,29.526358266597878,0,0,0,0,0,
cross_town,Town02,mixed,11,67,3.35,189.7357177734375,121.20982360839844,0.22167754173278809,90.07781982421875,7.6293872533980525e-06,500.4354450179987,1.5245497122630576e-06,0.0,2.663161091653876e-07,4.2572022398957634e-06,0.449155307351705,0.05689641833305359,0.1284908950328827,0.10740615427494049,0.0,0.15309540927410126,0.1522148847579956,0.9134544730186462,0.800000011920929,0.28914088010787964,-1.485047698020935,1.0000000|0.0000000|0.0000000|0.0000000|0.0000000|0.0000000|0.0000000|0.0000000|0.0000000|0.0000000,0,1.0,28.169508055556292,0,0,0,0,0,
cross_town,Town02,mixed,11,68,3.4,189.7357177734375,121.20982360839844,0.22167754173278809,90.07781982421875,7.6293872533980525e-06,500.4354450179987,1.5245497122630576e-06,0.0,2.663161091653876e-07,3.2659900021312754e-06,0.44143854433204016,0.05292797088623047,0.4252251386642456,0.24365265667438507,0.0,0.23309540748596191,0.23221488296985626,0.9906221032142639,0.800000011920929,0.8649961352348328,-1.9005935192108154,1.0000000|0.0000000|0.0000000|0.0000000|0.0000000|0.0000000|0.0000000|0.0000000|0.0000000|0.0000000,0,1.0,27.79701099049606,0,0,0,0,0,
cross_town,Town02,mixed,11,69,3.45,189.7357177734375,121.20982360839844,0.22167754173278809,90.07781982421875,7.6293872533980525e-06,500.4354450179987,1.5245497122630576e-06,0.0,2.663161091653876e-07,3.4337140085860154e-07,0.4491552775489431,0.05689644813537598,0.1284908950328827,0.10740602016448975,0.0,0.15309540927410126,0.1522148847579956,0.9134547710418701,0.800000011920929,0.2891417145729065,-1.4850475788116455,1.0000000|0.0000000|0.0000000|0.0000000|0.0000000|0.0000000|0.0000000|0.0000000|0.0000000|0.0000000,0,1.0,27.09918321000293,0,0,0,0,0,
cross_town,Town02,mixed,11,70,3.5,189.7357177734375,121.20982360839844,0.22167754173278809,90.07781982421875,7.6293872533980525e-06,500.4354450179987,1.5245497122630576e-06,0.0,2.663161091653876e-07,8.926633018853962e-07,0.44143853241109765,0.052928000688552856,0.42522501945495605,0.24365265667438507,0.0,0.23309540748596191,0.23221488296985626,0.9906222224235535,0.800000011920929,0.864997386932373,-1.9005935192108154,1.0000000|0.0000000|0.0000000|0.0000000|0.0000000|0.0000000|0.0000000|0.0000000|0.0000000|0.0000000,0,1.0,26.770024698789044,0,0,0,0,0,
cross_town,Town02,mixed,11,71,3.55,189.7357177734375,121.20982360839844,0.22167754173278809,90.07781982421875,7.6293872533980525e-06,500.4354450179987,1.5245497122630576e-06,0.0,2.663161091653876e-07,1.9564520634325955e-07,0.4491552954306725,0.05689644813537598,0.1284908652305603,0.10740610957145691,0.0,0.15309540927410126,0.1522148847579956,0.9134545922279358,0.800000011920929,0.2891412079334259,-1.4850479364395142,1.0000000|0.0000000|0.0000000|0.0000000|0.0000000|0.0000000|0.0000000|0.0000000|0.0000000|0.0000000,0,1.0,26.245625746035753,0,0,0,0,0,
cross_town,Town02,mixed,11,72,3.6,189.7357177734375,121.20982360839844,0.22167754173278809,90.07781982421875,7.6293872533980525e-06,500.4354450179987,1.5245497122630576e-06,0.0,2.663161091653876e-07,1.9569611357954175e-06,0.4414385443317093,0.05292797088623047,0.42522484064102173,0.24365267157554626,0.0,0.23309540748596191,0.23221488296985626,0.9906221032142639,0.800000011920929,0.8649959564208984,-1.9005934000015259,1.0000000|0.0000000|0.0000000|0.0000000|0.0000000|0.0000000|0.0000000|0.0000000|0.0000000|0.0000000,0,1.0,26.101788276618073,0,0,0,0,0,
cross_town,Town02,mixed,11,73,3.65,189.7357177734375,121.20982360839844,0.22167754173278809,90.07781982421875,7.6293872533980525e-06,500.4354450179987,1.5245497122630576e-06,0.0,2.663161091653876e-07,9.75363207691611e-07,0.44915529543033683,0.05689644813537598,0.1284908652305603,0.10740609467029572,0.0,0.15309540927410126,0.1522148847579956,0.9134545922279358,0.800000011920929,0.2891409695148468,-1.4850471019744873,1.0000000|0.0000000|0.0000000|0.0000000|0.0000000|0.0000000|0.0000000|0.0000000|0.0000000|0.0000000,0,1.0,25.6648583096494,0,0,0,0,0,
cross_town,Town02,mixed,11,74,3.7,189.7357177734375,121.20982360839844,0.22167754173278809,90.07781982421875,7.6293872533980525e-06,500.4354450179987,1.5245497122630576e-06,0.0,2.663161091653876e-07,3.0212494524049967e-06,0.4414385324107856,0.05292791128158569,0.42522454261779785,0.2436525672674179,0.0,0.23309540748596191,0.23221488296985626,0.9906222224235535,0.800000011920929,0.8649967908859253,-1.9005934000015259,1.0000000|0.0000000|0.0000000|0.0000000|0.0000000|0.0000000|0.0000000|0.0000000|0.0000000|0.0000000,0,1.0,25.72147334614168,0,0,0,0,0,
cross_town,Town02,mixed,11,75,3.75,189.7357177734375,121.20982360839844,0.22167754173278809,90.07781982421875,7.6293872533980525e-06,500.4354450179987,1.5245497122630576e-06,0.0,2.663161091653876e-07,3.5383645924747325e-06,0.4491552537075057,0.05689644813537598,0.1284908950328827,0.10740600526332855,0.0,0.15309540927410126,0.1522148847579956,0.9134550094604492,0.800000011920929,0.2891424596309662,-1.485047459602356,1.0000000|0.0000000|0.0000000|0.0000000|0.0000000|0.0000000|0.0000000|0.0000000|0.0000000|0.0000000,0,1.0,25.188411617816726,0,0,0,0,0,
cross_town,Town02,mixed,11,76,3.8,189.7357177734375,121.20982360839844,0.22167754173278809,90.07781982421875,7.6293872533980525e-06,500.4354450179987,1.5245497122630576e-06,0.0,2.663161091653876e-07,4.0512130967744426e-06,0.4414385324109944,0.05292797088623047,0.42522507905960083,0.24365271627902985,0.0,0.23309540748596191,0.23221488296985626,0.9906222224235535,0.800000011920929,0.8649986386299133,-1.900593638420105,1.0000000|0.0000000|0.0000000|0.0000000|0.0000000|0.0000000|0.0000000|0.0000000|0.0000000|0.0000000,0,1.0,25.15545474143769,0,0,0,0,0,
cross_town,Town02,mixed,11,77,3.85,189.7357177734375,121.20982360839844,0.22167754173278809,90.07781982421875,7.6293872533980525e-06,500.4354450179987,1.5245497122630576e-06,0.0,2.663161091653876e-07,1.3736805652303576e-07,0.44915530735164777,0.05689644813537598,0.12849092483520508,0.10740616917610168,0.0,0.15309540927410126,0.1522148847579956,0.9134544730186462,0.800000011920929,0.2891409397125244,-1.4850479364395142,1.0000000|0.0000000|0.0000000|0.0000000|0.0000000|0.0000000|0.0000000|0.0000000|0.0000000|0.0000000,0,1.0,24.62003184851177,0,0,0,0,0,
cross_town,Town02,mixed,11,78,3.9,189.7357177734375,121.20982360839844,0.22167754173278809,90.07781982421875,7.6293872533980525e-06,500.4354450179987,1.5245497122630576e-06,0.0,2.663161091653876e-07,6.866964650704277e-07,0.44143854433214286,0.05292797088623047,0.42522484064102173,0.24365267157554626,0.0,0.23309540748596191,0.23221488296985626,0.9906221032142639,0.800000011920929,0.864996075630188,-1.9005934000015259,1.0000000|0.0000000|0.0000000|0.0000000|0.0000000|0.0000000|0.0000000|0.0000000|0.0000000|0.0000000,0,1.0,23.675696897167896,0,0,0,0,0,
cross_town,Town02,mixed,11,79,3.95,189.7357177734375,121.20982360839844,0.22167754173278809,90.07781982421875,7.6293872533980525e-06,500.4354450179987,1.5245497122630576e-06,0.0,2.663161091653876e-07,1.2359697022073254e-06,0.4491552477470599,0.05689641833305359,0.12849083542823792,0.10740618407726288,0.0,0.15309540927410126,0.1522148847579956,0.913455069065094,0.800000011920929,0.28914251923561096,-1.4850478172302246,1.0000000|0.0000000|0.0000000|0.0000000|0.0000000|0.0000000|0.0000000|0.0000000|0.0000000|0.0000000,0,1.0,22.91543484768553,0,0,0,0,0,
cross_town,Town02,mixed,11,80,4.0,189.7357177734375,121.20982360839844,0.22167754173278809,90.07781982421875,7.6293872533980525e-06,500.4354450179987,1.5245497122630576e-06,0.0,2.663161091653876e-07,1.7853060944749332e-06,0.4414385443321427,0.05292794108390808,0.42522454261779785,0.2436525523662567,0.0,0.23309540748596191,0.23221488296985626,0.9906221032142639,0.800000011920929,0.8649963140487671,-1.9005934000015259,1.0000000|0.0000000|0.0000000|0.0000000|0.0000000|0.0000000|0.0000000|0.0000000|0.0000000|0.0000000,0,1.0,22.322479021210533,0,0,0,0,0,
cross_town,Town02,mixed,11,81,4.05,189.7357177734375,121.20982360839844,0.22167754173278809,90.07781982421875,7.6293872533980525e-06,500.4354450179987,1.5245497122630576e-06,0.0,2.663161091653876e-07,2.334604500158347e-06,0.449155253707524,0.056896477937698364,0.1284908950328827,0.10740618407726288,0.0,0.15309540927410126,0.1522148847579956,0.9134550094604492,0.800000011920929,0.28914228081703186,-1.4850472211837769,1.0000000|0.0000000|0.0000000|0.0000000|0.0000000|0.0000000|0.0000000|0.0000000|0.0000000|0.0000000,0,1.0,21.841654217389117,0,0,0,0,0,
cross_town,Town02,mixed,11,82,4.1,189.7357177734375,121.20982360839844,0.22167754173278809,90.07781982421875,7.6293872533980525e-06,500.4354450179987,1.5245497122630576e-06,0.0,2.663161091653876e-07,2.8839297088628147e-06,0.4414385324112137,0.05292791128158569,0.4252246022224426,0.2436526119709015,0.0,0.23309540748596191,0.23221488296985626,0.9906222224235535,0.800000011920929,0.8649975061416626,-1.9005932807922363,1.0000000|0.0000000|0.0000000|0.0000000|0.0000000|0.0000000|0.0000000|0.0000000|0.0000000|0.0000000,0,1.0,21.44067564092696,0,0,0,0,0,
cross_town,Town02,mixed,11,83,4.15,189.7357177734375,121.20982360839844,0.22167754173278809,90.07781982421875,7.6293872533980525e-06,500.4354450179987,1.5245497122630576e-06,0.0,2.663161091653876e-07,3.433231513049716e-06,0.4491552239052018,0.05689644813537598,0.1284908652305603,0.1074061244726181,0.0,0.15309540927410126,0.1522148847579956,0.9134553074836731,0.800000011920929,0.2891433835029602,-1.4850469827651978,1.0000000|0.0000000|0.0000000|0.0000000|0.0000000|0.0000000|0.0000000|0.0000000|0.0000000|0.0000000,0,1.0,21.09515415715001,0,0,0,0,0,
cross_town,Town02,mixed,11,84,4.2,189.7357177734375,121.20982360839844,0.22167754173278809,90.07781982421875,7.6293872533980525e-06,500.4354450179987,1.5245497122630576e-06,0.0,2.663161091653876e-07,3.982550034058713e-06,0.44143853241121406,0.05292797088623047,0.4252249002456665,0.2436526119709015,0.0,0.23309540748596191,0.23221488296985626,0.9906222224235535,0.800000011920929,0.8649981617927551,-1.9005934000015259,1.0000000|0.0000000|0.0000000|0.0000000|0.0000000|0.0000000|0.0000000|0.0000000|0.0000000|0.0000000,0,1.0,20.79270290072329,0,0,0,0,0,
cross_town,Town02,mixed,11,85,4.25,189.7357177734375,121.20982360839844,0.22167754173278809,90.07781982421875,7.6293872533980525e-06,500.4354450179987,1.5245497122630576e-06,0.0,2.663161091653876e-07,4.531861643356354e-06,0.44915530735170495,0.05689644813537598,0.1284908950328827,0.1074061244726181,0.0,0.15309540927410126,0.1522148847579956,0.9134544730186462,0.800000011920929,0.28914088010787964,-1.4850473403930664,1.0000000|0.0000000|0.0000000|0.0000000|0.0000000|0.0000000|0.0000000|0.0000000|0.0000000|0.0000000,0,1.0,20.518171442949274,0,0,0,0,0,
cross_town,Town02,mixed,11,86,4.3,189.7357177734375,121.20982360839844,0.22167754173278809,90.07781982421875,7.6293872533980525e-06,500.4354450179987,1.5245497122630576e-06,0.0,2.663161091653876e-07,4.120905132403695e-07,0.4414385443321431,0.05292797088623047,0.4252251386642456,0.24365271627902985,0.0,0.23309540748596191,0.23221488296985626,0.9906221032142639,0.800000011920929,0.864996612071991,-1.900593638420105,1.0000000|0.0000000|0.0000000|0.0000000|0.0000000|0.0000000|0.0000000|0.0000000|0.0000000|0.0000000,0,1.0,20.262487849702712,0,0,0,0,0,
cross_town,Town02,mixed,11,87,4.35,189.7357177734375,121.20982360839844,0.22167754173278809,90.07781982421875,7.6293872533980525e-06,500.4354450179987,1.5245497122630576e-06,0.0,2.663161091653876e-07,9.354829799663939e-07,0.44915520602376396,0.05689641833305359,0.12849080562591553,0.10740630328655243,0.0,0.15309540927410126,0.1522148847579956,0.9134554862976074,0.800000011920929,0.28914400935173035,-1.4850479364395142,1.0000000|0.0000000|0.0000000|0.0000000|0.0000000|0.0000000|0.0000000|0.0000000|0.0000000|0.0000000,0,1.0,20.055513428797475,0,0,0,0,0,
cross_town,Town02,mixed,11,88,4.4,189.7357177734375,121.20982360839844,0.22167754173278809,90.07781982421875,7.6293872533980525e-06,500.4354450179987,1.5245497122630576e-06,0.0,2.663161091653876e-07,1.442270393594894e-06,0.44143853241103853,0.05292791128158569,0.42522454261779785,0.2436525672674179,0.0,0.23309540748596191,0.23221488296985626,0.9906222224235535,0.800000011920929,0.8649972081184387,-1.9005934000015259,1.0000000|0.0000000|0.0000000|0.0000000|0.0000000|0.0000000|0.0000000|0.0000000|0.0000000|0.0000000,0,1.0,19.863264439724954,0,0,0,0,0,
cross_town,Town02,mixed,11,89,4.45,189.7357177734375,121.20982360839844,0.22167754173278809,90.07781982421875,7.6293872533980525e-06,500.4354450179987,1.5245497122630576e-06,0.0,2.663161091653876e-07,3.4702553944377117e-06,0.449155265628428,0.05689641833305359,0.12849083542823792,0.10740616917610168,0.0,0.15309540927410126,0.1522148847579956,0.9134548902511597,0.800000011920929,0.2891421914100647,-1.4850473403930664,1.0000000|0.0000000|0.0000000|0.0000000|0.0000000|0.0000000|0.0000000|0.0000000|0.0000000|0.0000000,0,1.0,19.72631650222094,0,0,0,0,0,
cross_town,Town02,mixed,11,90,4.5,189.7357177734375,121.20982360839844,0.22167754173278809,90.07781982421875,7.6293872533980525e-06,500.4354450179987,1.5245497122630576e-06,0.0,2.663161091653876e-07,3.9852815421945516e-06,0.4414385324111241,0.05292797088623047,0.42522507905960083,0.24365271627902985,0.0,0.23309540748596191,0.23221488296985626,0.9906222224235535,0.800000011920929,0.8649983406066895,-1.900593638420105,1.0000000|0.0000000|0.0000000|0.0000000|0.0000000|0.0000000|0.0000000|0.0000000|0.0000000|0.0000000,0,1.0,19.65127833242427,0,0,0,0,0,
cross_town,Town02,mixed,11,91,4.55,189.7357177734375,121.20982360839844,0.22167754173278809,90.07781982421875,7.6293872533980525e-06,500.4354450179987,1.5245497122630576e-06,0.0,2.663161091653876e-07,2.989998914181538e-06,0.44915530735138276,0.05689644813537598,0.12849092483520508,0.10740616917610168,0.0,0.15309540927410126,0.1522148847579956,0.9134544730186462,0.800000011920929,0.2891407608985901,-1.4850479364395142,1.0000000|0.0000000|0.0000000|0.0000000|0.0000000|0.0000000|0.0000000|0.0000000|0.0000000|0.0000000,0,1.0,19.634311423677385,0,0,0,0,0,
cross_town,Town02,mixed,11,92,4.6,189.7357177734375,121.20982360839844,0.22167754173278809,90.07781982421875,7.6293872533980525e-06,500.4354450179987,1.5245497122630576e-06,0.0,2.663161091653876e-07,5.014135466320855e-06,0.441438532410106,0.05292797088623047,0.4252251386642456,0.24365250766277313,0.0,0.23309540748596191,0.23221488296985626,0.9906222224235535,0.800000011920929,0.8649975061416626,-1.9005930423736572,1.0000000|0.0000000|0.0000000|0.0000000|0.0000000|0.0000000|0.0000000|0.0000000|0.0000000|0.0000000,0,1.0,19.658037595125762,0,0,0,0,0,
cross_town,Town02,mixed,11,93,4.65,189.7357177734375,121.20982360839844,0.22167754173278809,90.07781982421875,7.6293872533980525e-06,500.4354450179987,1.5245497122630576e-06,0.0,2.663161091653876e-07,5.5632501586361255e-06,0.4491553073514443,0.05689644813537598,0.1284908950328827,0.10740625858306885,0.0,0.15309540927410126,0.1522148847579956,0.9134544730186462,0.800000011920929,0.2891407608985901,-1.4850479364395142,1.0000000|0.0000000|0.0000000|0.0000000|0.0000000|0.0000000|0.0000000|0.0000000|0.0000000|0.0000000,0,1.0,19.70162786082362,0,0,0,0,0,
cross_town,Town02,mixed,11,94,4.7,189.7357177734375,121.20982360839844,0.22167754173278809,90.07781982421875,7.6293872533980525e-06,500.4354450179987,1.5245497122630576e-06,0.0,2.663161091653876e-07,2.403718972554166e-07,0.44143853241116127,0.05292794108390808,0.42522501945495605,0.24365267157554626,0.0,0.23309540748596191,0.23221488296985626,0.9906222224235535,0.800000011920929,0.8649991750717163,-1.900593638420105,1.0000000|0.0000000|0.0000000|0.0000000|0.0000000|0.0000000|0.0000000|0.0000000|0.0000000|0.0000000,0,1.0,19.75235594893279,0,0,0,0,0,
cross_town,Town02,mixed,11,95,4.75,189.7357177734375,121.20982360839844,0.22167754173278809,90.07781982421875,7.6293872533980525e-06,500.4354450179987,1.5245497122630576e-06,0.0,2.663161091653876e-07,7.897177769673548e-07,0.44915520602375164,0.05689644813537598,0.1284908950328827,0.10740607976913452,0.0,0.15309540927410126,0.1522148847579956,0.9134554862976074,0.800000011920929,0.289143830537796,-1.4850480556488037,1.0000000|0.0000000|0.0000000|0.0000000|0.0000000|0.0000000|0.0000000|0.0000000|0.0000000|0.0000000,0,1.0,19.79281373449444,0,0,0,0,0,
cross_town,Town02,mixed,11,96,4.8,189.7357177734375,121.20982360839844,0.22167754173278809,90.07781982421875,7.6293872533980525e-06,500.4354450179987,1.5245497122630576e-06,0.0,2.663161091653876e-07,1.3046683890250364e-06,0.4414385324112141,0.05292791128158569,0.4252244830131531,0.24365249276161194,0.0,0.23309540748596191,0.23221488296985626,0.9906222224235535,0.800000011920929,0.8649967908859253,-1.9005931615829468,1.0000000|0.0000000|0.0000000|0.0000000|0.0000000|0.0000000|0.0000000|0.0000000|0.0000000|0.0000000,0,1.0,19.811170494800862,0,0,0,0,0,
cross_town,Town02,mixed,11,97,4.85,189.7357177734375,121.20982360839844,0.22167754173278809,90.07781982421875,7.6293872533980525e-06,500.4354450179987,1.5245497122630576e-06,0.0,2.663161091653876e-07,1.853975161645543e-06,0.44915523582613126,0.05689641833305359,0.12849083542823792,0.10740616917610168,0.0,0.15309540927410126,0.1522148847579956,0.9134551882743835,0.800000011920929,0.28914299607276917,-1.4850473403930664,1.0000000|0.0000000|0.0000000|0.0000000|0.0000000|0.0000000|0.0000000|0.0000000|0.0000000|0.0000000,0,1.0,19.808894857964436,0,0,0,0,0,
cross_town,Town02,mixed,11,98,4.9,189.7357177734375,121.20982360839844,0.22167754173278809,90.07781982421875,7.6293872533980525e-06,500.4354450179987,1.5245497122630576e-06,0.0,2.663161091653876e-07,2.437629157152125e-06,0.44143854433214325,0.05292791128158569,0.42522478103637695,0.24365270137786865,0.0,0.23309540748596191,0.23221488296985626,0.9906221032142639,0.800000011920929,0.8649963140487671,-1.9005935192108154,1.0000000|0.0000000|0.0000000|0.0000000|0.0000000|0.0000000|0.0000000|0.0000000|0.0000000|0.0000000,0,1.0,19.78346864547761,0,0,0,0,0,
cross_town,Town02,mixed,11,99,4.95,189.7357177734375,121.20982360839844,0.22167754173278809,90.07781982421875,7.6293872533980525e-06,500.4354450179987,1.5245497122630576e-06,0.0,2.663161091653876e-07,2.986990902431972e-06,0.4491552656284534,0.05689644813537598,0.1284908950328827,0.10740609467029572,0.0,0.15309540927410126,0.1522148847579956,0.9134548902511597,0.800000011920929,0.28914207220077515,-1.4850471019744873,1.0000000|0.0000000|0.0000000|0.0000000|0.0000000|0.0000000|0.0000000|0.0000000|0.0000000|0.0000000,0,1.0,19.743773988097054,0,0,0,0,0,
cross_town,Town02,mixed,11,100,5.0,189.7357177734375,121.20982360839844,0.22167754173278809,90.07781982421875,7.6293872533980525e-06,500.4354450179987,1.5245497122630576e-06,0.0,2.663161091653876e-07,2.0321892087201987e-06,0.44143853241107,0.05292797088623047,0.4252251386642456,0.24365250766277313,0.0,0.23309540748596191,0.23221488296985626,0.9906222224235535,0.800000011920929,0.8649975061416626,-1.9005930423736572,1.0000000|0.0000000|0.0000000|0.0000000|0.0000000|0.0000000|0.0000000|0.0000000|0.0000000|0.0000000,0,1.0,19.700011264224468,0,0,0,0,0,
cross_town,Town02,mixed,11,101,5.05,189.7357177734375,121.20982360839844,0.22167754173278809,90.07781982421875,7.6293872533980525e-06,500.4354450179987,1.5245497122630576e-06,0.0,2.663161091653876e-07,4.051214296292595e-06,0.44915531331171027,0.05689644813537598,0.1284908652305603,0.10740609467029572,0.0,0.15309540927410126,0.1522148847579956,0.9134544134140015,0.800000011920929,0.28914064168930054,-1.4850471019744873,1.0000000|0.0000000|0.0000000|0.0000000|0.0000000|0.0000000|0.0000000|0.0000000|0.0000000|0.0000000,0,1.0,19.642709301343782,0,0,0,0,0,
cross_town,Town02,mixed,11,102,5.1,189.7357177734375,121.20982360839844,0.22167754173278809,90.07781982421875,7.6293872533980525e-06,500.4354450179987,1.5245497122630576e-06,0.0,2.663161091653876e-07,0.0,0.4414385324111076,0.05292797088623047,0.42522501945495605,0.24365265667438507,0.0,0.23309540748596191,0.23221488296985626,0.9906222224235535,0.800000011920929,0.8649975061416626,-1.9005935192108154,1.0000000|0.0000000|0.0000000|0.0000000|0.0000000|0.0000000|0.0000000|0.0000000|0.0000000|0.0000000,0,1.0,19.586329128260438,0,0,0,0,0,
cross_town,Town02,mixed,11,103,5.15,189.7357177734375,121.20982360839844,0.22167754173278809,90.07781982421875,7.6293872533980525e-06,500.4354450179987,1.5245497122630576e-06,0.0,2.663161091653876e-07,6.179822698677461e-07,0.4491552179447377,0.05689644813537598,0.1284908950328827,0.10740616917610168,0.0,0.15309540927410126,0.1522148847579956,0.9134553670883179,0.800000011920929,0.2891436219215393,-1.4850482940673828,1.0000000|0.0000000|0.0000000|0.0000000|0.0000000|0.0000000|0.0000000|0.0000000|0.0000000|0.0000000,0,1.0,19.534097909871242,0,0,0,0,0,
cross_town,Town02,mixed,11,104,5.2,189.7357177734375,121.20982360839844,0.22167754173278809,90.07781982421875,7.6293872533980525e-06,500.4354450179987,1.5245497122630576e-06,0.0,2.663161091653876e-07,1.1672992300813632e-06,0.44143854433214325,0.05292797088623047,0.4252249002456665,0.24365268647670746,0.0,0.23309540748596191,0.23221488296985626,0.9906221032142639,0.800000011920929,0.8649961352348328,-1.9005932807922363,1.0000000|0.0000000|0.0000000|0.0000000|0.0000000|0.0000000|0.0000000|0.0000000|0.0000000|0.0000000,0,1.0,19.49616344690809,0,0,0,0,0,
cross_town,Town02,mixed,11,105,5.25,189.7357177734375,121.20982360839844,0.22167754173278809,90.07781982421875,7.6293872533980525e-06,500.4354450179987,1.5245497122630576e-06,0.0,2.663161091653876e-07,1.7509476859657538e-06,0.4491552775493826,0.05689641833305359,0.12849083542823792,0.10740618407726288,0.0,0.15309540927410126,0.1522148847579956,0.9134547710418701,0.800000011920929,0.28914156556129456,-1.4850472211837769,1.0000000|0.0000000|0.0000000|0.0000000|0.0000000|0.0000000|0.0000000|0.0000000|0.0000000|0.0000000,0,1.0,19.463295852999334,0,0,0,0,0,
cross_town,Town02,mixed,11,106,5.3,189.7357177734375,121.20982360839844,0.22167754173278809,90.07781982421875,7.6293872533980525e-06,500.4354450179987,1.5245497122630576e-06,0.0,2.663161091653876e-07,2.4032595085864056e-06,0.4414385324112143,0.05292797088623047,0.42522478103637695,0.24365264177322388,0.0,0.23309540748596191,0.23221488296985626,0.9906222224235535,0.800000011920929,0.8649970889091492,-1.9005944728851318,1.0000000|0.0000000|0.0000000|0.0000000|0.0000000|0.0000000|0.0000000|0.0000000|0.0000000|0.0000000,0,1.0,19.43656988024002,0,0,0,0,0,
cross_town,Town02,mixed,11,107,5.35,189.7357177734375,121.20982360839844,0.22167754173278809,90.07781982421875,7.6293872533980525e-06,500.4354450179987,1.5245497122630576e-06,0.0,2.663161091653876e-07,2.9525768052856347e-06,0.4491552835098471,0.05689644813537598,0.1284908652305603,0.10740609467029572,0.0,0.15309540927410126,0.1522148847579956,0.9134547114372253,0.800000011920929,0.2891415059566498,-1.485047459602356,1.0000000|0.0000000|0.0000000|0.0000000|0.0000000|0.0000000|0.0000000|0.0000000|0.0000000|0.0000000,0,1.0,19.354141476363747,0,0,0,0,0,
cross_town,Town02,mixed,11,108,5.4,189.7357177734375,121.20982360839844,0.22167754173278809,90.07781982421875,7.6293872533980525e-06,500.4354450179987,1.5245497122630576e-06,0.0,2.663161091653876e-07,2.4066351734412406e-06,0.44143853241115427,0.05292797088623047,0.4252251386642456,0.24365250766277313,0.0,0.23309540748596191,0.23221488296985626,0.9906222224235535,0.800000011920929,0.8649975061416626,-1.9005930423736572,1.0000000|0.0000000|0.0000000|0.0000000|0.0000000|0.0000000|0.0000000|0.0000000|0.0000000|0.0000000,0,1.0,19.171349996737156,0,0,0,0,0,
cross_town,Town02,mixed,11,109,5.45,189.7357177734375,121.20982360839844,0.22167754173278809,90.07781982421875,7.6293872533980525e-06,500.4354450179987,1.5245497122630576e-06,0.0,2.663161091653876e-07,4.051211008311875e-06,0.44915527754914997,0.05689644813537598,0.1284908652305603,0.10740609467029572,0.0,0.15309540927410126,0.1522148847579956,0.9134547710418701,0.800000011920929,0.28914159536361694,-1.485047459602356,1.0000000|0.0000000|0.0000000|0.0000000|0.0000000|0.0000000|0.0000000|0.0000000|0.0000000|0.0000000,0,1.0,18.98968485753145,0,0,0,0,0,
cross_town,Town02,mixed,11,110,5.5,189.7357177734375,121.20982360839844,0.22167754173278809,90.07781982421875,7.6293872533980525e-06,500.4354450179987,1.5245497122630576e-06,0.0,2.663161091653876e-07,4.634859660477888e-06,0.4414385324111637,0.05292797088623047,0.42522501945495605,0.24365265667438507,0.0,0.23309540748596191,0.23221488296985626,0.9906222224235535,0.800000011920929,0.8649975061416626,-1.9005935192108154,1.0000000|0.0000000|0.0000000|0.0000000|0.0000000|0.0000000|0.0000000|0.0000000|0.0000000|0.0000000,0,1.0,18.808486650069447,0,0,0,0,0,
cross_town,Town02,mixed,11,111,5.55,189.7357177734375,121.20982360839844,0.22167754173278809,90.07781982421875,7.6293872533980525e-06,500.4354450179987,1.5245497122630576e-06,0.0,2.663161091653876e-07,3.776879171520063e-07,0.44915532523309826,0.05689644813537598,0.12849092483520508,0.10740610957145691,0.0,0.15309540927410126,0.1522148847579956,0.9134542942047119,0.800000011920929,0.2891400456428528,-1.4850473403930664,1.0000000|0.0000000|0.0000000|0.0000000|0.0000000|0.0000000|0.0000000|0.0000000|0.0000000|0.0000000,0,1.0,18.629327402193482,0,0,0,0,0,
cross_town,Town02,mixed,11,112,5.6,189.7357177734375,121.20982360839844,0.22167754173278809,90.07781982421875,7.6293872533980525e-06,500.4354450179987,1.5245497122630576e-06,0.0,2.663161091653876e-07,9.95641771475226e-07,0.4414385324112139,0.05292797088623047,0.42522501945495605,0.24365267157554626,0.0,0.23309540748596191,0.23221488296985626,0.9906222224235535,0.800000011920929,0.864997386932373,-1.9005934000015259,1.0000000|0.0000000|0.0000000|0.0000000|0.0000000|0.0000000|0.0000000|0.0000000|0.0000000|0.0000000,0,1.0,18.45223960431252,0,0,0,0,0,
cross_town,Town02,mixed,11,113,5.65,189.7357177734375,121.20982360839844,0.22167754173278809,90.07781982421875,7.6293872533980525e-06,500.4354450179987,1.5245497122630576e-06,0.0,2.663161091653876e-07,1.5449713787423024e-06,0.4491552835098469,0.05689644813537598,0.12849080562591553,0.10740619897842407,0.0,0.15309540927410126,0.1522148847579956,0.9134547114372253,0.800000011920929,0.28914132714271545,-1.4850479364395142,1.0000000|0.0000000|0.0000000|0.0000000|0.0000000|0.0000000|0.0000000|0.0000000|0.0000000|0.0000000,0,1.0,18.277855433531094,0,0,0,0,0,
cross_town,Town02,mixed,11,114,5.7,189.7357177734375,121.20982360839844,0.22167754173278809,90.07781982421875,7.6293872533980525e-06,500.4354450179987,1.5245497122630576e-06,0.0,2.663161091653876e-07,2.1286087504692817e-06,0.44143854433214313,0.05292797088623047,0.4252246618270874,0.2436525523662567,0.0,0.23309540748596191,0.23221488296985626,0.9906221032142639,0.800000011920929,0.8649961352348328,-1.9005935192108154,1.0000000|0.0000000|0.0000000|0.0000000|0.0000000|0.0000000|0.0000000|0.0000000|0.0000000|0.0000000,0,1.0,18.105784247267145,0,0,0,0,0,
cross_town,Town02,mixed,11,115,5.75,189.7357177734375,121.20982360839844,0.22167754173278809,90.07781982421875,7.6293872533980525e-06,500.4354450179987,1.5245497122630576e-06,0.0,2.663161091653876e-07,2.646391530978767e-06,0.4491552835097896,0.05689644813537598,0.1284908652305603,0.10740609467029572,0.0,0.15309540927410126,0.1522148847579956,0.9134547114372253,0.800000011920929,0.28914138674736023,-1.4850471019744873,1.0000000|0.0000000|0.0000000|0.0000000|0.0000000|0.0000000|0.0000000|0.0000000|0.0000000|0.0000000,0,1.0,17.935971913049524,0,0,0,0,0,
cross_town,Town02,mixed,11,116,5.8,189.7357177734375,121.20982360839844,0.22167754173278809,90.07781982421875,7.6293872533980525e-06,500.4354450179987,1.5245497122630576e-06,0.0,2.663161091653876e-07,3.2272426612869585e-06,0.4414385324109957,0.05292794108390808,0.42522478103637695,0.24365271627902985,0.0,0.23309540748596191,0.23221488296985626,0.9906222224235535,0.800000011920929,0.8649980425834656,-1.9005935192108154,1.0000000|0.0000000|0.0000000|0.0000000|0.0000000|0.0000000|0.0000000|0.0000000|0.0000000|0.0000000,0,1.0,17.768857295947573,0,0,0,0,0,
cross_town,Town02,mixed,11,117,5.85,189.7357177734375,121.20982360839844,0.22167754173278809,90.07781982421875,7.6293872533980525e-06,500.4354450179987,1.5245497122630576e-06,0.0,2.663161091653876e-07,3.776553313614024e-06,0.44915527754932966,0.05689644813537598,0.1284908950328827,0.10740602016448975,0.0,0.15309540927410126,0.1522148847579956,0.9134547710418701,0.800000011920929,0.2891416847705841,-1.4850475788116455,1.0000000|0.0000000|0.0000000|0.0000000|0.0000000|0.0000000|0.0000000|0.0000000|0.0000000|0.0000000,0,1.0,17.603944776738324,0,0,0,0,0,
cross_town,Town02,mixed,11,118,5.9,189.7357177734375,121.20982360839844,0.22167754173278809,90.07781982421875,7.6293872533980525e-06,500.4354450179987,1.5245497122630576e-06,0.0,2.663161091653876e-07,4.3259208152769164e-06,0.4414385324112123,0.05292797088623047,0.4252249598503113,0.24365265667438507,0.0,0.23309540748596191,0.23221488296985626,0.9906222224235535,0.800000011920929,0.8649986386299133,-1.9005935192108154,1.0000000|0.0000000|0.0000000|0.0000000|0.0000000|0.0000000|0.0000000|0.0000000|0.0000000|0.0000000,0,1.0,17.442233295892954,0,0,0,0,0,
cross_town,Town02,mixed,11,119,5.95,189.7357177734375,121.20982360839844,0.22167754173278809,90.07781982421875,7.6293872533980525e-06,500.4354450179987,1.5245497122630576e-06,0.0,2.663161091653876e-07,1.373353047291987e-07,0.4491553133121629,0.05689644813537598,0.12849098443984985,0.10740609467029572,0.0,0.15309540927410126,0.1522148847579956,0.9134544134140015,0.800000011920929,0.2891404628753662,-1.485047459602356,1.0000000|0.0000000|0.0000000|0.0000000|0.0000000|0.0000000|0.0000000|0.0000000|0.0000000|0.0000000,0,1.0,17.28238049690997,0,0,0,0,0,
cross_town,Town02,mixed,11,120,6.0,189.7357177734375,121.20982360839844,0.22167754173278809,90.07781982421875,7.6293872533980525e-06,500.4354450179987,1.5245497122630576e-06,0.0,2.663161091653876e-07,6.866467208534271e-07,0.44143854433214214,0.05292797088623047,0.42522484064102173,0.24365267157554626,0.0,0.23309540748596191,0.23221488296985626,0.9906221032142639,0.800000011920929,0.864996075630188,-1.9005934000015259,1.0000000|0.0000000|0.0000000|0.0000000|0.0000000|0.0000000|0.0000000|0.0000000|0.0000000|0.0000000,0,1.0,17.125262102867694,0,0,0,0,0,
cross_town,Town02,mixed,11,121,6.05,189.7357177734375,121.20982360839844,0.22167754173278809,90.07781982421875,7.6293872533980525e-06,500.4354450179987,1.5245497122630576e-06,0.0,2.663161091653876e-07,1.2702954467091346e-06,0.4491552477470602,0.05689641833305359,0.12849083542823792,0.10740618407726288,0.0,0.15309540927410126,0.1522148847579956,0.913455069065094,0.800000011920929,0.28914251923561096,-1.4850478172302246,1.0000000|0.0000000|0.0000000|0.0000000|0.0000000|0.0000000|0.0000000|0.0000000|0.0000000|0.0000000,0,1.0,16.970543987771492,0,0,0,0,0,
cross_town,Town02,mixed,11,122,6.1,189.7357177734375,121.20982360839844,0.22167754173278809,90.07781982421875,7.6293872533980525e-06,500.4354450179987,1.5245497122630576e-06,0.0,2.663161091653876e-07,1.956941086875235e-06,0.44143854433214325,0.05292794108390808,0.42522454261779785,0.2436525523662567,0.0,0.23309540748596191,0.23221488296985626,0.9906221032142639,0.800000011920929,0.864996075630188,-1.9005934000015259,1.0000000|0.0000000|0.0000000|0.0000000|0.0000000|0.0000000|0.0000000|0.0000000|0.0000000|0.0000000,0,1.0,16.818169027149317,0,0,0,0,0,
cross_town,Town02,mixed,11,123,6.15,189.7357177734375,121.20982360839844,0.22167754173278809,90.07781982421875,7.6293872533980525e-06,500.4354450179987,1.5245497122630576e-06,0.0,2.663161091653876e-07,2.6092532180088084e-06,0.44915529543077604,0.05689644813537598,0.1284908652305603,0.10740609467029572,0.0,0.15309540927410126,0.1522148847579956,0.9134545922279358,0.800000011920929,0.2891409695148468,-1.4850471019744873,1.0000000|0.0000000|0.0000000|0.0000000|0.0000000|0.0000000|0.0000000|0.0000000|0.0000000|0.0000000,0,1.0,16.668074113544936,0,0,0,0,0,
cross_town,Town02,mixed,11,124,6.2,189.7357177734375,121.20982360839844,0.22167754173278809,90.07781982421875,7.6293872533980525e-06,500.4354450179987,1.5245497122630576e-06,0.0,2.663161091653876e-07,3.158569655448301e-06,0.4414385324112143,0.05292794108390808,0.42522478103637695,0.24365271627902985,0.0,0.23309540748596191,0.23221488296985626,0.9906222224235535,0.800000011920929,0.8649972081184387,-1.9005935192108154,1.0000000|0.0000000|0.0000000|0.0000000|0.0000000|0.0000000|0.0000000|0.0000000|0.0000000|0.0000000,0,1.0,16.520199699085612,0,0,0,0,0,
cross_town,Town02,mixed,11,125,6.25,189.7357177734375,121.20982360839844,0.22167754173278809,90.07781982421875,7.6293872533980525e-06,500.4354450179987,1.5245497122630576e-06,0.0,2.663161091653876e-07,3.707888161207623e-06,0.4491552656284537,0.056896477937698364,0.1284908950328827,0.10740607976913452,0.0,0.15309540927410126,0.1522148847579956,0.9134548902511597,0.800000011920929,0.28914207220077515,-1.4850478172302246,1.0000000|0.0000000|0.0000000|0.0000000|0.0000000|0.0000000|0.0000000|0.0000000|0.0000000|0.0000000,0,1.0,16.374488109637227,0,0,0,0,0,
cross_town,Town02,mixed,11,126,6.3,189.7357177734375,121.20982360839844,0.22167754173278809,90.07781982421875,7.6293872533980525e-06,500.4354450179987,1.5245497122630576e-06,0.0,2.663161091653876e-07,4.257208638367572e-06,0.44143853241121433,0.05292797088623047,0.4252251386642456,0.24365273118019104,0.0,0.23309540748596191,0.23221488296985626,0.9906222224235535,0.800000011920929,0.8649983406066895,-1.900593638420105,1.0000000|0.0000000|0.0000000|0.0000000|0.0000000|0.0000000|0.0000000|0.0000000|0.0000000|0.0000000,0,1.0,16.231219164950083,0,0,0,0,0,
cross_town,Town02,mixed,11,127,6.35,189.7357177734375,121.20982360839844,0.22167754173278809,90.07781982421875,7.6293872533980525e-06,500.4354450179987,1.5245497122630576e-06,0.0,2.663161091653876e-07,4.840852490406223e-06,0.4491553073517047,0.05689650774002075,0.12849098443984985,0.10740607976913452,0.0,0.15309540927410126,0.1522148847579956,0.9134544730186462,0.800000011920929,0.2891407907009125,-1.485047459602356,1.0000000|0.0000000|0.0000000|0.0000000|0.0000000|0.0000000|0.0000000|0.0000000|0.0000000|0.0000000,0,1.0,16.08941243488295,0,0,0,0,0,
cross_town,Town02,mixed,11,128,6.4,189.7357177734375,121.20982360839844,0.22167754173278809,90.07781982421875,7.6293872533980525e-06,500.4354450179987,1.5245497122630576e-06,0.0,2.663161091653876e-07,4.4634233100826275e-07,0.44143853241121417,0.052928000688552856,0.42522525787353516,0.24365265667438507,0.0,0.23309540748596191,0.23221488296985626,0.9906222224235535,0.800000011920929,0.8649986386299133,-1.900593638420105,1.0000000|0.0000000|0.0000000|0.0000000|0.0000000|0.0000000|0.0000000|0.0000000|0.0000000|0.0000000,0,1.0,15.94984179935426,0,0,0,0,0,
cross_town,Town02,mixed,11,129,6.45,189.7357177734375,121.20982360839844,0.22167754173278809,90.07781982421875,7.6293872533980525e-06,500.4354450179987,1.5245497122630576e-06,0.0,2.663161091653876e-07,1.0986392574584608e-06,0.44915520602380876,0.05689641833305359,0.12849080562591553,0.10740630328655243,0.0,0.15309540927410126,0.1522148847579956,0.9134554862976074,0.800000011920929,0.28914400935173035,-1.4850479364395142,1.0000000|0.0000000|0.0000000|0.0000000|0.0000000|0.0000000|0.0000000|0.0000000|0.0000000|0.0000000,0,1.0,15.812212877728596,0,0,0,0,0,
cross_town,Town02,mixed,11,130,6.5,189.7357177734375,121.20982360839844,0.22167754173278809,90.07781982421875,7.6293872533980525e-06,500.4354450179987,1.5245497122630576e-06,0.0,2.663161091653876e-07,1.6479498251549045e-06,0.44143854433214325,0.05292791128158569,0.42522454261779785,0.24365253746509552,0.0,0.23309540748596191,0.23221488296985626,0.9906221032142639,0.800000011920929,0.8649963140487671,-1.9005934000015259,1.0000000|0.0000000|0.0000000|0.0000000|0.0000000|0.0000000|0.0000000|0.0000000|0.0000000|0.0000000,0,1.0,15.676468066532548,0,0,0,0,0,
cross_town,Town02,mixed,11,131,6.55,189.7357177734375,121.20982360839844,0.22167754173278809,90.07781982421875,7.6293872533980525e-06,500.4354450179987,1.5245497122630576e-06,0.0,2.663161091653876e-07,2.197266562874311e-06,0.4491552358261313,0.05689644813537598,0.1284908950328827,0.1074061244726181,0.0,0.15309540927410126,0.1522148847579956,0.9134551882743835,0.800000011920929,0.28914302587509155,-1.4850468635559082,1.0000000|0.0000000|0.0000000|0.0000000|0.0000000|0.0000000|0.0000000|0.0000000|0.0000000|0.0000000,0,1.0,15.542557408023157,0,0,0,0,0,
cross_town,Town02,mixed,11,132,6.6,189.7357177734375,121.20982360839844,0.22167754173278809,90.07781982421875,7.6293872533980525e-06,500.4354450179987,1.5245497122630576e-06,0.0,2.663161091653876e-07,2.7465861446478915e-06,0.4414385443321433,0.05292794108390808,0.42522478103637695,0.24365265667438507,0.0,0.23309540748596191,0.23221488296985626,0.9906221032142639,0.800000011920929,0.8649958372116089,-1.9005934000015259,1.0000000|0.0000000|0.0000000|0.0000000|0.0000000|0.0000000|0.0000000|0.0000000|0.0000000|0.0000000,0,1.0,15.410430789125664,0,0,0,0,0,
cross_town,Town02,mixed,11,133,6.65,189.7357177734375,121.20982360839844,0.22167754173278809,90.07781982421875,7.6293872533980525e-06,500.4354450179987,1.5245497122630576e-06,0.0,2.663161091653876e-07,3.3988965716610615e-06,0.4491552656284536,0.05689644813537598,0.1284908950328827,0.10740609467029572,0.0,0.15309540927410126,0.1522148847579956,0.9134548902511597,0.800000011920929,0.2891419529914856,-1.4850471019744873,1.0000000|0.0000000|0.0000000|0.0000000|0.0000000|0.0000000|0.0000000|0.0000000|0.0000000|0.0000000,0,1.0,15.280048936946994,0,0,0,0,0,
cross_town,Town02,mixed,11,134,6.7,189.7357177734375,121.20982360839844,0.22167754173278809,90.07781982421875,7.6293872533980525e-06,500.4354450179987,1.5245497122630576e-06,0.0,2.663161091653876e-07,4.085540983867171e-06,0.44143853241121433,0.05292797088623047,0.4252249002456665,0.24365262687206268,0.0,0.23309540748596191,0.23221488296985626,0.9906222224235535,0.800000011920929,0.8649978637695312,-1.9005932807922363,1.0000000|0.0000000|0.0000000|0.0000000|0.0000000|0.0000000|0.0000000|0.0000000|0.0000000|0.0000000,0,1.0,15.151363614332308,0,0,0,0,0,
cross_town,Town02,mixed,11,135,6.75,189.7357177734375,121.20982360839844,0.22167754173278809,90.07781982421875,7.6293872533980525e-06,500.4354450179987,1.5245497122630576e-06,0.0,2.663161091653876e-07,4.66918985738132e-06,0.44915529543077604,0.05689644813537598,0.12849092483520508,0.10740604996681213,0.0,0.15309540927410126,0.1522148847579956,0.9134545922279358,0.800000011920929,0.2891412675380707,-1.485047698020935,1.0000000|0.0000000|0.0000000|0.0000000|0.0000000|0.0000000|0.0000000|0.0000000|0.0000000|0.0000000,0,1.0,15.024331714115156,0,0,0,0,0,
cross_town,Town02,mixed,11,136,6.8,189.7357177734375,121.20982360839844,0.22167754173278809,90.07781982421875,7.6293872533980525e-06,500.4354450179987,1.5245497122630576e-06,0.0,2.663161091653876e-07,2.0600491978470196e-07,0.44143853241121433,0.05292797088623047,0.4252251386642456,0.24365264177322388,0.0,0.23309540748596191,0.23221488296985626,0.9906222224235535,0.800000011920929,0.864997386932373,-1.9005932807922363,1.0000000|0.0000000|0.0000000|0.0000000|0.0000000|0.0000000|0.0000000|0.0000000|0.0000000|0.0000000,0,1.0,14.898911901127159,0,0,0,0,0,
cross_town,Town02,mixed,11,137,6.85,189.7357177734375,121.20982360839844,0.22167754173278809,90.07781982421875,7.6293872533980525e-06,500.4354450179987,1.5245497122630576e-06,0.0,2.663161091653876e-07,7.896438317351094e-07,0.44915521794473784,0.05689644813537598,0.1284908652305603,0.10740604996681213,0.0,0.15309540927410126,0.1522148847579956,0.9134553670883179,0.800000011920929,0.289143443107605,-1.4850475788116455,1.0000000|0.0000000|0.0000000|0.0000000|0.0000000|0.0000000|0.0000000|0.0000000|0.0000000|0.0000000,0,1.0,14.775064306539653,0,0,0,0,0,
cross_town,Town02,mixed,11,138,6.9,189.7357177734375,121.20982360839844,0.22167754173278809,90.07781982421875,7.6293872533980525e-06,500.4354450179987,1.5245497122630576e-06,0.0,2.663161091653876e-07,1.407627652474407e-06,0.4414385324112143,0.05292791128158569,0.4252244830131531,0.24365249276161194,0.0,0.23309540748596191,0.23221488296985626,0.9906222224235535,0.800000011920929,0.8649967312812805,-1.9005931615829468,1.0000000|0.0000000|0.0000000|0.0000000|0.0000000|0.0000000|0.0000000|0.0000000|0.0000000|0.0000000,0,1.0,14.652754492782286,0,0,0,0,0,
cross_town,Town02,mixed,11,139,6.95,189.7357177734375,121.20982360839844,0.22167754173278809,90.07781982421875,7.6293872533980525e-06,500.4354450179987,1.5245497122630576e-06,0.0,2.663161091653876e-07,1.9912731028944502e-06,0.4491552537075246,0.05689641833305359,0.12849083542823792,0.10740616917610168,0.0,0.15309540927410126,0.1522148847579956,0.9134550094604492,0.800000011920929,0.28914228081703186,-1.4850473403930664,1.0000000|0.0000000|0.0000000|0.0000000|0.0000000|0.0000000|0.0000000|0.0000000|0.0000000|0.0000000,0,1.0,14.531935087049538,0,0,0,0,0,
cross_town,Town02,mixed,11,140,7.0,189.7357177734375,121.20982360839844,0.22167754173278809,90.07781982421875,7.6293872533980525e-06,500.4354450179987,1.5245497122630576e-06,0.0,2.663161091653876e-07,2.5405888962537552e-06,0.4414385443321433,0.05292791128158569,0.42522478103637695,0.24365270137786865,0.0,0.23309540748596191,0.23221488296985626,0.9906221032142639,0.800000011920929,0.8649965524673462,-1.9005935192108154,1.0000000|0.0000000|0.0000000|0.0000000|0.0000000|0.0000000|0.0000000|0.0000000|0.0000000|0.0000000,0,1.0,14.41257709628466,0,0,0,0,0,
cross_town,Town02,mixed,11,141,7.05,189.7357177734375,121.20982360839844,0.22167754173278809,90.07781982421875,7.6293872533980525e-06,500.4354450179987,1.5245497122630576e-06,0.0,2.663161091653876e-07,3.089907133939514e-06,0.44915527754938267,0.05689644813537598,0.1284908950328827,0.10740609467029572,0.0,0.15309540927410126,0.1522148847579956,0.9134547710418701,0.800000011920929,0.2891417443752289,-1.4850471019744873,1.0000000|0.0000000|0.0000000|0.0000000|0.0000000|0.0000000|0.0000000|0.0000000|0.0000000|0.0000000,0,1.0,14.29464249069187,0,0,0,0,0,
cross_town,Town02,mixed,11,142,7.1,189.7357177734375,121.20982360839844,0.22167754173278809,90.07781982421875,7.6293872533980525e-06,500.4354450179987,1.5245497122630576e-06,0.0,2.663161091653876e-07,3.7422185138975776e-06,0.4414385324112142,0.05292797088623047,0.4252251386642456,0.24365264177322388,0.0,0.23309540748596191,0.23221488296985626,0.9906222224235535,0.800000011920929,0.8649970889091492,-1.9005930423736572,1.0000000|0.0000000|0.0000000|0.0000000|0.0000000|0.0000000|0.0000000|0.0000000|0.0000000|0.0000000,0,1.0,14.178093252230795,0,0,0,0,0,
cross_town,Town02,mixed,11,143,7.15,189.7357177734375,121.20982360839844,0.22167754173278809,90.07781982421875,7.6293872533980525e-06,500.4354450179987,1.5245497122630576e-06,0.0,2.663161091653876e-07,4.394531191045092e-06,0.44915528350984707,0.05689641833305359,0.1284908950328827,0.10740615427494049,0.0,0.15309540927410126,0.1522148847579956,0.9134547114372253,0.800000011920929,0.2891415059566498,-1.485047698020935,1.0000000|0.0000000|0.0000000|0.0000000|0.0000000|0.0000000|0.0000000|0.0000000|0.0000000|0.0000000,0,1.0,14.062103227945595,0,0,0,0,0,
cross_town,Town02,mixed,11,144,7.2,189.7357177734375,121.20982360839844,0.22167754173278809,90.07781982421875,7.6293872533980525e-06,500.4354450179987,1.5245497122630576e-06,0.0,2.663161091653876e-07,0.0,0.44143853241121433,0.05292797088623047,0.4252251386642456,0.24365268647670746,0.0,0.23309540748596191,0.23221488296985626,0.9906222224235535,0.800000011920929,0.8649967312812805,-1.900593638420105,1.0000000|0.0000000|0.0000000|0.0000000|0.0000000|0.0000000|0.0000000|0.0000000|0.0000000|0.0000000,0,1.0,13.948037594904958,0,0,0,0,0,
cross_town,Town02,mixed,11,145,7.25,189.7357177734375,121.20982360839844,0.22167754173278809,90.07781982421875,7.6293872533980525e-06,500.4354450179987,1.5245497122630576e-06,0.0,2.663161091653876e-07,5.836504949350495e-07,0.4491552179447379,0.05689644813537598,0.1284908950328827,0.10740616917610168,0.0,0.15309540927410126,0.1522148847579956,0.9134553670883179,0.800000011920929,0.2891436219215393,-1.4850482940673828,1.0000000|0.0000000|0.0000000|0.0000000|0.0000000|0.0000000|0.0000000|0.0000000|0.0000000|0.0000000,0,1.0,13.835222374974986,0,0,0,0,0,
cross_town,Town02,mixed,11,146,7.3,189.7357177734375,121.20982360839844,0.22167754173278809,90.07781982421875,7.6293872533980525e-06,500.4354450179987,1.5245497122630576e-06,0.0,2.663161091653876e-07,1.1672992219245494e-06,0.44143854433214325,0.05292797088623047,0.4252249002456665,0.24365270137786865,0.0,0.23309540748596191,0.23221488296985626,0.9906221032142639,0.800000011920929,0.8649957776069641,-1.9005935192108154,1.0000000|0.0000000|0.0000000|0.0000000|0.0000000|0.0000000|0.0000000|0.0000000|0.0000000|0.0000000,0,1.0,13.723902229806354,0,0,0,0,0,
cross_town,Town02,mixed,11,147,7.35,189.7357177734375,121.20982360839844,0.22167754173278809,90.07781982421875,7.6293872533980525e-06,500.4354450179987,1.5245497122630576e-06,0.0,2.663161091653876e-07,1.6823823746307992e-06,0.4491552775493808,0.05689641833305359,0.12849083542823792,0.10740618407726288,0.0,0.15309540927410126,0.1522148847579956,0.9134547710418701,0.800000011920929,0.28914156556129456,-1.4850472211837769,1.0000000|0.0000000|0.0000000|0.0000000|0.0000000|0.0000000|0.0000000|0.0000000|0.0000000|0.0000000,0,1.0,13.613621328069497,0,0,0,0,0,
cross_town,Town02,mixed,11,148,7.4,189.7357177734375,121.20982360839844,0.22167754173278809,90.07781982421875,7.6293872533980525e-06,500.4354450179987,1.5245497122630576e-06,0.0,2.663161091653876e-07,2.265933884837445e-06,0.44143854433213797,0.05292794108390808,0.42522478103637695,0.24365253746509552,0.0,0.23309540748596191,0.23221488296985626,0.9906221032142639,0.800000011920929,0.8649963140487671,-1.9005941152572632,1.0000000|0.0000000|0.0000000|0.0000000|0.0000000|0.0000000|0.0000000|0.0000000|0.0000000|0.0000000,0,1.0,13.505018339305282,0,0,0,0,0,
cross_town,Town02,mixed,11,149,7.45,189.7357177734375,121.20982360839844,0.22167754173278809,90.07781982421875,7.6293872533980525e-06,500.4354450179987,1.5245497122630576e-06,0.0,2.663161091653876e-07,2.815247856118113e-06,0.44915529543077504,0.05689644813537598,0.1284908652305603,0.10740609467029572,0.0,0.15309540927410126,0.1522148847579956,0.9134545922279358,0.800000011920929,0.28914105892181396,-1.485047459602356,1.0000000|0.0000000|0.0000000|0.0000000|0.0000000|0.0000000|0.0000000|0.0000000|0.0000000|0.0000000,0,1.0,13.397249767325025,0,0,0,0,0,
cross_town,Town02,mixed,11,150,7.5,189.7357177734375,121.20982360839844,0.22167754173278809,90.07781982421875,7.6293872533980525e-06,500.4354450179987,1.5245497122630576e-06,0.0,2.663161091653876e-07,3.3645632834475936e-06,0.44143853241121433,0.05292797088623047,0.4252249598503113,0.2436526119709015,0.0,0.23309540748596191,0.23221488296985626,0.9906222224235535,0.800000011920929,0.8649970889091492,-1.9005935192108154,1.0000000|0.0000000|0.0000000|0.0000000|0.0000000|0.0000000|0.0000000|0.0000000|0.0000000|0.0000000,0,1.0,13.290630639426182,0,0,0,0,0,
cross_town,Town02,mixed,11,151,7.55,189.7357177734375,121.20982360839844,0.22167754173278809,90.07781982421875,7.6293872533980525e-06,500.4354450179987,1.5245497122630576e-06,0.0,2.663161091653876e-07,3.9138797955298975e-06,0.44915531331216957,0.05689641833305359,0.1284908950328827,0.1074061244726181,0.0,0.15309540927410126,0.1522148847579956,0.9134544134140015,0.800000011920929,0.28914040327072144,-1.4850478172302246,1.0000000|0.0000000|0.0000000|0.0000000|0.0000000|0.0000000|0.0000000|0.0000000|0.0000000|0.0000000,0,1.0,13.185144619267087,0,0,0,0,0,
cross_town,Town02,mixed,11,152,7.6,189.7357177734375,121.20982360839844,0.22167754173278809,90.07781982421875,7.6293872533980525e-06,500.4354450179987,1.5245497122630576e-06,0.0,2.663161091653876e-07,4.531862020656788e-06,0.4414385324112142,0.05292797088623047,0.4252249598503113,0.24365274608135223,0.0,0.23309540748596191,0.23221488296985626,0.9906222224235535,0.800000011920929,0.8649980425834656,-1.9005935192108154,1.0000000|0.0000000|0.0000000|0.0000000|0.0000000|0.0000000|0.0000000|0.0000000|0.0000000|0.0000000,0,1.0,13.080492708925894,0,0,0,0,0,
cross_town,Town02,mixed,11,153,7.65,189.7357177734375,121.20982360839844,0.22167754173278809,90.07781982421875,7.6293872533980525e-06,500.4354450179987,1.5245497122630576e-06,0.0,2.663161091653876e-07,3.7766103814304424e-07,0.4491553252330983,0.05689644813537598,0.12849092483520508,0.10740606486797333,0.0,0.15309540927410126,0.1522148847579956,0.9134542942047119,0.800000011920929,0.2891402840614319,-1.4850481748580933,1.0000000|0.0000000|0.0000000|0.0000000|0.0000000|0.0000000|0.0000000|0.0000000|0.0000000|0.0000000,0,1.0,12.976108815763798,0,0,0,0,0,
cross_town,Town02,mixed,11,154,7.7,189.7357177734375,121.20982360839844,0.22167754173278809,90.07781982421875,7.6293872533980525e-06,500.4354450179987,1.5245497122630576e-06,0.0,2.663161091653876e-07,9.613043384903746e-07,0.44143853241121433,0.05292797088623047,0.42522501945495605,0.24365267157554626,0.0,0.23309540748596191,0.23221488296985626,0.9906222224235535,0.800000011920929,0.864997386932373,-1.9005934000015259,1.0000000|0.0000000|0.0000000|0.0000000|0.0000000|0.0000000|0.0000000|0.0000000|0.0000000|0.0000000,0,1.0,12.873605051930243,0,0,0,0,0,
cross_town,Town02,mixed,11,155,7.75,189.7357177734375,121.20982360839844,0.22167754173278809,90.07781982421875,7.6293872533980525e-06,500.4354450179987,1.5245497122630576e-06,0.0,2.663161091653876e-07,1.5106225325565866e-06,0.44915530735170506,0.05689644813537598,0.1284908652305603,0.10740610957145691,0.0,0.15309540927410126,0.1522148847579956,0.9134544730186462,0.800000011920929,0.28914088010787964,-1.4850479364395142,1.0000000|0.0000000|0.0000000|0.0000000|0.0000000|0.0000000|0.0000000|0.0000000|0.0000000|0.0000000,0,1.0,12.772160271984685,0,0,0,0,0,
cross_town,Town02,mixed,11,156,7.8,189.7357177734375,121.20982360839844,0.22167754173278809,90.07781982421875,7.6293872533980525e-06,500.4354450179987,1.5245497122630576e-06,0.0,2.663161091653876e-07,2.094271145562074e-06,0.44143854433214325,0.05292797088623047,0.4252246618270874,0.2436525821685791,0.0,0.23309540748596191,0.23221488296985626,0.9906221032142639,0.800000011920929,0.8649959564208984,-1.9005941152572632,1.0000000|0.0000000|0.0000000|0.0000000|0.0000000|0.0000000|0.0000000|0.0000000|0.0000000|0.0000000,0,1.0,12.671821140088543,0,0,0,0,0,
cross_town,Town02,mixed,11,157,7.85,189.7357177734375,121.20982360839844,0.22167754173278809,90.07781982421875,7.6293872533980525e-06,500.4354450179987,1.5245497122630576e-06,0.0,2.663161091653876e-07,2.7809149076647395e-06,0.4491552775493826,0.05689644813537598,0.1284908652305603,0.10740609467029572,0.0,0.15309540927410126,0.1522148847579956,0.9134547710418701,0.800000011920929,0.28914153575897217,-1.4850471019744873,1.0000000|0.0000000|0.0000000|0.0000000|0.0000000|0.0000000|0.0000000|0.0000000|0.0000000|0.0000000,0,1.0,12.572436664938156,0,0,0,0,0,
cross_town,Town02,mixed,11,158,7.9,189.7357177734375,121.20982360839844,0.22167754173278809,90.07781982421875,7.6293872533980525e-06,500.4354450179987,1.5245497122630576e-06,0.0,2.663161091653876e-07,3.295900524886494e-06,0.44143853241121417,0.05292797088623047,0.42522501945495605,0.2436526119709015,0.0,0.23309540748596191,0.23221488296985626,0.9906222224235535,0.800000011920929,0.8649967312812805,-1.9005935192108154,1.0000000|0.0000000|0.0000000|0.0000000|0.0000000|0.0000000|0.0000000|0.0000000|0.0000000|0.0000000,0,1.0,12.474033936229652,0,0,0,0,0,
cross_town,Town02,mixed,11,159,7.95,189.7357177734375,121.20982360839844,0.22167754173278809,90.07781982421875,7.6293872533980525e-06,500.4354450179987,1.5245497122630576e-06,0.0,2.663161091653876e-07,3.812444163833062e-06,0.4491552835097987,0.05689644813537598,0.1284908950328827,0.10740602016448975,0.0,0.15309540927410126,0.1522148847579956,0.9134547114372253,0.800000011920929,0.28914135694503784,-1.4850475788116455,1.0000000|0.0000000|0.0000000|0.0000000|0.0000000|0.0000000|0.0000000|0.0000000|0.0000000|0.0000000,0,1.0,12.376568120227606,0,0,0,0,0,
cross_town,Town02,mixed,11,160,8.0,189.7357177734375,121.20982360839844,0.22167754173278809,90.07781982421875,7.6293872533980525e-06,500.4354450179987,1.5245497122630576e-06,0.0,2.663161091653876e-07,4.325868647480895e-06,0.4414385324110387,0.05292797088623047,0.4252249598503113,0.24365265667438507,0.0,0.23309540748596191,0.23221488296985626,0.9906222224235535,0.800000011920929,0.8649985194206238,-1.900593638420105,1.0000000|0.0000000|0.0000000|0.0000000|0.0000000|0.0000000|0.0000000|0.0000000|0.0000000|0.0000000,0,1.0,12.28020034314831,0,0,0,0,0,
cross_town,Town02,mixed,11,161,8.05,189.7357177734375,121.20982360839844,0.22167754173278809,90.07781982421875,7.6293872533980525e-06,500.4354450179987,1.5245497122630576e-06,0.0,2.663161091653876e-07,1.3738421119173812e-07,0.4491553133121317,0.05689644813537598,0.12849098443984985,0.10740609467029572,0.0,0.15309540927410126,0.1522148847579956,0.9134544134140015,0.800000011920929,0.2891404628753662,-1.485047459602356,1.0000000|0.0000000|0.0000000|0.0000000|0.0000000|0.0000000|0.0000000|0.0000000|0.0000000|0.0000000,0,1.0,12.184568084825194,0,0,0,0,0,
cross_town,Town02,mixed,11,162,8.1,189.7357177734375,121.20982360839844,0.22167754173278809,90.07781982421875,7.6293872533980525e-06,500.4354450179987,1.5245497122630576e-06,0.0,2.663161091653876e-07,7.209779431288863e-07,0.44143854433214286,0.05292797088623047,0.42522484064102173,0.24365267157554626,0.0,0.23309540748596191,0.23221488296985626,0.9906221032142639,0.800000011920929,0.864996075630188,-1.9005934000015259,1.0000000|0.0000000|0.0000000|0.0000000|0.0000000|0.0000000|0.0000000|0.0000000|0.0000000|0.0000000,0,1.0,12.089480849613562,0,0,0,0,0,
cross_town,Town02,mixed,11,163,8.15,189.7357177734375,121.20982360839844,0.22167754173278809,90.07781982421875,7.6293872533980525e-06,500.4354450179987,1.5245497122630576e-06,0.0,2.663161091653876e-07,1.3046475967380823e-06,0.44915524774706017,0.05689641833305359,0.12849083542823792,0.10740618407726288,0.0,0.15309540927410126,0.1522148847579956,0.913455069065094,0.800000011920929,0.28914251923561096,-1.4850478172302246,1.0000000|0.0000000|0.0000000|0.0000000|0.0000000|0.0000000|0.0000000|0.0000000|0.0000000|0.0000000,0,1.0,11.995587813700377,0,0,0,0,0,
cross_town,Town02,mixed,11,164,8.2,189.7357177734375,121.20982360839844,0.22167754173278809,90.07781982421875,7.6293872533980525e-06,500.4354450179987,1.5245497122630576e-06,0.0,2.663161091653876e-07,1.9226191282580176e-06,0.44143854433214297,0.05292797088623047,0.4252247214317322,0.2436526119709015,0.0,0.23309540748596191,0.23221488296985626,0.9906221032142639,0.800000011920929,0.8649957776069641,-1.9005935192108154,1.0000000|0.0000000|0.0000000|0.0000000|0.0000000|0.0000000|0.0000000|0.0000000|0.0000000|0.0000000,0,1.0,11.902473266158816,0,0,0,0,0,
cross_town,Town02,mixed,11,165,8.25,189.7357177734375,121.20982360839844,0.22167754173278809,90.07781982421875,7.6293872533980525e-06,500.4354450179987,1.5245497122630576e-06,0.0,2.663161091653876e-07,2.4719269889048295e-06,0.449155307351705,0.05689641833305359,0.1284908652305603,0.10740607976913452,0.0,0.15309540927410126,0.1522148847579956,0.9134544730186462,0.800000011920929,0.28914082050323486,-1.485047698020935,1.0000000|0.0000000|0.0000000|0.0000000|0.0000000|0.0000000|0.0000000|0.0000000|0.0000000|0.0000000,0,1.0,11.810176654621179,0,0,0,0,0,
cross_town,Town02,mixed,11,166,8.3,189.7357177734375,121.20982360839844,0.22167754173278809,90.07781982421875,7.6293872533980525e-06,500.4354450179987,1.5245497122630576e-06,0.0,2.663161091653876e-07,3.0212408166477263e-06,0.44143853241121433,0.05292794108390808,0.4252247214317322,0.2436526119709015,0.0,0.23309540748596191,0.23221488296985626,0.9906222224235535,0.800000011920929,0.8649975061416626,-1.9005932807922363,1.0000000|0.0000000|0.0000000|0.0000000|0.0000000|0.0000000|0.0000000|0.0000000|0.0000000|0.0000000,0,1.0,11.718918896221933,0,0,0,0,0,
cross_town,Town02,mixed,11,167,8.35,189.7357177734375,121.20982360839844,0.22167754173278809,90.07781982421875,7.6293872533980525e-06,500.4354450179987,1.5245497122630576e-06,0.0,2.663161091653876e-07,3.5705574637255038e-06,0.4491552537075248,0.05689644813537598,0.1284908950328827,0.10740600526332855,0.0,0.15309540927410126,0.1522148847579956,0.9134550094604492,0.800000011920929,0.2891424596309662,-1.485047459602356,1.0000000|0.0000000|0.0000000|0.0000000|0.0000000|0.0000000|0.0000000|0.0000000|0.0000000|0.0000000,0,1.0,11.628285488219502,0,0,0,0,0,
cross_town,Town02,mixed,11,168,8.4,189.7357177734375,121.20982360839844,0.22167754173278809,90.07781982421875,7.6293872533980525e-06,500.4354450179987,1.5245497122630576e-06,0.0,2.663161091653876e-07,4.119876435030176e-06,0.44143853241121433,0.05292797088623047,0.4252251386642456,0.24365273118019104,0.0,0.23309540748596191,0.23221488296985626,0.9906222224235535,0.800000011920929,0.864997386932373,-1.900593638420105,1.0000000|0.0000000|0.0000000|0.0000000|0.0000000|0.0000000|0.0000000|0.0000000|0.0000000|0.0000000,0,1.0,11.538092044330304,0,0,0,0,0,
cross_town,Town02,mixed,11,169,8.45,189.7357177734375,121.20982360839844,0.22167754173278809,90.07781982421875,7.6293872533980525e-06,500.4354450179987,1.5245497122630576e-06,0.0,2.663161091653876e-07,4.772187028549742e-06,0.44915529543077587,0.05689644813537598,0.12849092483520508,0.10740604996681213,0.0,0.15309540927410126,0.1522148847579956,0.9134545922279358,0.800000011920929,0.2891412377357483,-1.485047698020935,1.0000000|0.0000000|0.0000000|0.0000000|0.0000000|0.0000000|0.0000000|0.0000000|0.0000000|0.0000000,0,1.0,11.448876251081359,0,0,0,0,0,
cross_town,Town02,mixed,11,170,8.5,189.7357177734375,121.20982360839844,0.22167754173278809,90.07781982421875,7.6293872533980525e-06,500.4354450179987,1.5245497122630576e-06,0.0,2.663161091653876e-07,4.4634233101512276e-07,0.4414385324112142,0.052928000688552856,0.42522525787353516,0.24365265667438507,0.0,0.23309540748596191,0.23221488296985626,0.9906222224235535,0.800000011920929,0.8649975657463074,-1.900593638420105,1.0000000|0.0000000|0.0000000|0.0000000|0.0000000|0.0000000|0.0000000|0.0000000|0.0000000|0.0000000,0,1.0,11.360724689782407,0,0,0,0,0,
cross_town,Town02,mixed,11,171,8.55,189.7357177734375,121.20982360839844,0.22167754173278809,90.07781982421875,7.6293872533980525e-06,500.4354450179987,1.5245497122630576e-06,0.0,2.663161091653876e-07,1.029972117233871e-06,0.44915520602380876,0.05689641833305359,0.12849080562591553,0.10740630328655243,0.0,0.15309540927410126,0.1522148847579956,0.9134554862976074,0.800000011920929,0.28914400935173035,-1.4850479364395142,1.0000000|0.0000000|0.0000000|0.0000000|0.0000000|0.0000000|0.0000000|0.0000000|0.0000000|0.0000000,0,1.0,11.273075239823036,0,0,0,0,0,
cross_town,Town02,mixed,11,172,8.6,189.7357177734375,121.20982360839844,0.22167754173278809,90.07781982421875,7.6293872533980525e-06,500.4354450179987,1.5245497122630576e-06,0.0,2.663161091653876e-07,1.5792849222109523e-06,0.4414385443321433,0.05292791128158569,0.42522454261779785,0.24365253746509552,0.0,0.23309540748596191,0.23221488296985626,0.9906221032142639,0.800000011920929,0.8649963140487671,-1.9005942344665527,1.0000000|0.0000000|0.0000000|0.0000000|0.0000000|0.0000000|0.0000000|0.0000000|0.0000000|0.0000000,0,1.0,11.186127523877973,0,0,0,0,0,
cross_town,Town02,mixed,11,173,8.65,189.7357177734375,121.20982360839844,0.22167754173278809,90.07781982421875,7.6293872533980525e-06,500.4354450179987,1.5245497122630576e-06,0.0,2.663161091653876e-07,2.1286032239476327e-06,0.4491552477470603,0.05689644813537598,0.1284908950328827,0.1074061244726181,0.0,0.15309540927410126,0.1522148847579956,0.913455069065094,0.800000011920929,0.2891424894332886,-1.4850468635559082,1.0000000|0.0000000|0.0000000|0.0000000|0.0000000|0.0000000|0.0000000|0.0000000|0.0000000|0.0000000,0,1.0,11.09987856772525,0,0,0,0,0,
cross_town,Town02,mixed,11,174,8.7,189.7357177734375,121.20982360839844,0.22167754173278809,90.07781982421875,7.6293872533980525e-06,500.4354450179987,1.5245497122630576e-06,0.0,2.663161091653876e-07,2.677923926531243e-06,0.44143853241121433,0.05292791128158569,0.4252247214317322,0.24365265667438507,0.0,0.23309540748596191,0.23221488296985626,0.9906222224235535,0.800000011920929,0.8649967908859253,-1.9005935192108154,1.0000000|0.0000000|0.0000000|0.0000000|0.0000000|0.0000000|0.0000000|0.0000000|0.0000000|0.0000000,0,1.0,11.014089032858402,0,0,0,0,0,
cross_town,Town02,mixed,11,175,8.75,189.7357177734375,121.20982360839844,0.22167754173278809,90.07781982421875,7.6293872533980525e-06,500.4354450179987,1.5245497122630576e-06,0.0,2.663161091653876e-07,3.3302321172326395e-06,0.44915526562845354,0.05689644813537598,0.1284908950328827,0.10740609467029572,0.0,0.15309540927410126,0.1522148847579956,0.9134548902511597,0.800000011920929,0.2891419529914856,-1.4850471019744873,1.0000000|0.0000000|0.0000000|0.0000000|0.0000000|0.0000000|0.0000000|0.0000000|0.0000000|0.0000000,0,1.0,10.929336021793493,0,0,0,0,0,
cross_town,Town02,mixed,11,176,8.8,189.7357177734375,121.20982360839844,0.22167754173278809,90.07781982421875,7.6293872533980525e-06,500.4354450179987,1.5245497122630576e-06,0.0,2.663161091653876e-07,4.016877596407513e-06,0.44143853241121433,0.05292797088623047,0.42522501945495605,0.2436525672674179,0.0,0.23309540748596191,0.23221488296985626,0.9906222224235535,0.800000011920929,0.8649980425834656,-1.9005934000015259,1.0000000|0.0000000|0.0000000|0.0000000|0.0000000|0.0000000|0.0000000|0.0000000|0.0000000|0.0000000,0,1.0,10.845091362487999,0,0,0,0,0,
cross_town,Town02,mixed,11,177,8.85,189.7357177734375,121.20982360839844,0.22167754173278809,90.07781982421875,7.6293872533980525e-06,500.4354450179987,1.5245497122630576e-06,0.0,2.663161091653876e-07,4.600524712321149e-06,0.44915530735170484,0.05689644813537598,0.12849092483520508,0.10740616917610168,0.0,0.15309540927410126,0.1522148847579956,0.9134544730186462,0.800000011920929,0.2891407608985901,-1.4850479364395142,1.0000000|0.0000000|0.0000000|0.0000000|0.0000000|0.0000000|0.0000000|0.0000000|0.0000000|0.0000000,0,1.0,10.761485347136887,0,0,0,0,0,
cross_town,Town02,mixed,11,178,8.9,189.7357177734375,121.20982360839844,0.22167754173278809,90.07781982421875,7.6293872533980525e-06,500.4354450179987,1.5245497122630576e-06,0.0,2.663161091653876e-07,2.0600345743227483e-07,0.4414385324112143,0.052928000688552856,0.4252251386642456,0.24365271627902985,0.0,0.23309540748596191,0.23221488296985626,0.9906222224235535,0.800000011920929,0.8649970293045044,-1.9005935192108154,1.0000000|0.0000000|0.0000000|0.0000000|0.0000000|0.0000000|0.0000000|0.0000000|0.0000000|0.0000000,0,1.0,10.678503405573077,0,0,0,0,0,
cross_town,Town02,mixed,11,179,8.95,189.7357177734375,121.20982360839844,0.22167754173278809,90.07781982421875,7.6293872533980525e-06,500.4354450179987,1.5245497122630576e-06,0.0,2.663161091653876e-07,7.553231621450821e-07,0.4491552239052024,0.05689644813537598,0.1284908652305603,0.10740604996681213,0.0,0.15309540927410126,0.1522148847579956,0.9134553074836731,0.800000011920929,0.2891433537006378,-1.4850475788116455,1.0000000|0.0000000|0.0000000|0.0000000|0.0000000|0.0000000|0.0000000|0.0000000|0.0000000|0.0000000,0,1.0,10.596138862288592,0,0,0,0,0,
cross_town,Town02,mixed,11,180,9.0,189.7357177734375,121.20982360839844,0.22167754173278809,90.07781982421875,7.6293872533980525e-06,500.4354450179987,1.5245497122630576e-06,0.0,2.663161091653876e-07,1.3389639585099515e-06,0.441438532411214,0.05292794108390808,0.4252246618270874,0.24365264177322388,0.0,0.23309540748596191,0.23221488296985626,0.9906222224235535,0.800000011920929,0.8649972677230835,-1.9005935192108154,1.0000000|0.0000000|0.0000000|0.0000000|0.0000000|0.0000000|0.0000000|0.0000000|0.0000000|0.0000000,0,1.0,10.514376941517574,0,0,0,0,0,
cross_town,Town02,mixed,11,181,9.05,189.7357177734375,121.20982360839844,0.22167754173278809,90.07781982421875,7.6293872533980525e-06,500.4354450179987,1.5245497122630576e-06,0.0,2.663161091653876e-07,1.922607922503981e-06,0.44915523582613076,0.05689641833305359,0.12849083542823792,0.10740616917610168,0.0,0.15309540927410126,0.1522148847579956,0.9134551882743835,0.800000011920929,0.2891429662704468,-1.4850473403930664,1.0000000|0.0000000|0.0000000|0.0000000|0.0000000|0.0000000|0.0000000|0.0000000|0.0000000|0.0000000,0,1.0,10.432992482306876,0,0,0,0,0,
cross_town,Town02,mixed,11,182,9.1,189.7357177734375,121.20982360839844,0.22167754173278809,90.07781982421875,7.6293872533980525e-06,500.4354450179987,1.5245497122630576e-06,0.0,2.663161091653876e-07,2.506256474280448e-06,0.4414385443321431,0.05292791128158569,0.42522478103637695,0.24365270137786865,0.0,0.23309540748596191,0.23221488296985626,0.9906221032142639,0.800000011920929,0.8649959564208984,-1.9005935192108154,1.0000000|0.0000000|0.0000000|0.0000000|0.0000000|0.0000000|0.0000000|0.0000000|0.0000000|0.0000000,0,1.0,10.352541253618494,0,0,0,0,0,
cross_town,Town02,mixed,11,183,9.15,189.7357177734375,121.20982360839844,0.22167754173278809,90.07781982421875,7.6293872533980525e-06,500.4354450179987,1.5245497122630576e-06,0.0,2.663161091653876e-07,3.1929029742418787e-06,0.44915527754938267,0.05689644813537598,0.1284908950328827,0.10740609467029572,0.0,0.15309540927410126,0.1522148847579956,0.9134547710418701,0.800000011920929,0.2891417145729065,-1.4850471019744873,1.0000000|0.0000000|0.0000000|0.0000000|0.0000000|0.0000000|0.0000000|0.0000000|0.0000000|0.0000000,0,1.0,10.272518060892917,0,0,0,0,0,
cross_town,Town02,mixed,11,184,9.2,189.7357177734375,121.20982360839844,0.22167754173278809,90.07781982421875,7.6293872533980525e-06,500.4354450179987,1.5245497122630576e-06,0.0,2.663161091653876e-07,3.8452165143582064e-06,0.4414385443321433,0.05292797088623047,0.4252251386642456,0.24365264177322388,0.0,0.23309540748596191,0.23221488296985626,0.9906221032142639,0.800000011920929,0.8649964332580566,-1.9005929231643677,1.0000000|0.0000000|0.0000000|0.0000000|0.0000000|0.0000000|0.0000000|0.0000000|0.0000000|0.0000000,0,1.0,10.192834700831037,0,0,0,0,0,
cross_town,Town02,mixed,11,185,9.25,189.7357177734375,121.20982360839844,0.22167754173278809,90.07781982421875,7.6293872533980525e-06,500.4354450179987,1.5245497122630576e-06,0.0,2.663161091653876e-07,4.394531216519873e-06,0.44915529543077604,0.05689644813537598,0.12849083542823792,0.10740615427494049,0.0,0.15309540927410126,0.1522148847579956,0.9134545922279358,0.800000011920929,0.2891409993171692,-1.485047698020935,1.0000000|0.0000000|0.0000000|0.0000000|0.0000000|0.0000000|0.0000000|0.0000000|0.0000000|0.0000000,0,1.0,10.114045817880802,0,0,0,0,0,
cross_town,Town02,mixed,11,186,9.3,189.7357177734375,121.20982360839844,0.22167754173278809,90.07781982421875,7.6293872533980525e-06,500.4354450179987,1.5245497122630576e-06,0.0,2.663161091653876e-07,0.0,0.4414385324112143,0.05292797088623047,0.4252251386642456,0.24365268647670746,0.0,0.23309540748596191,0.23221488296985626,0.9906222224235535,0.800000011920929,0.8649967312812805,-1.900593638420105,1.0000000|0.0000000|0.0000000|0.0000000|0.0000000|0.0000000|0.0000000|0.0000000|0.0000000|0.0000000,0,1.0,10.035450301350757,0,0,0,0,0,
cross_town,Town02,mixed,11,187,9.35,189.7357177734375,121.20982360839844,0.22167754173278809,90.07781982421875,7.6293872533980525e-06,500.4354450179987,1.5245497122630576e-06,0.0,2.663161091653876e-07,5.493559230371553e-07,0.44915521794473773,0.05689644813537598,0.1284908950328827,0.10740616917610168,0.0,0.15309540927410126,0.1522148847579956,0.9134553670883179,0.800000011920929,0.2891436219215393,-1.4850482940673828,1.0000000|0.0000000|0.0000000|0.0000000|0.0000000|0.0000000|0.0000000|0.0000000|0.0000000|0.0000000,0,1.0,9.957736642180409,0,0,0,0,0,
cross_town,Town02,mixed,11,188,9.4,189.7357177734375,121.20982360839844,0.22167754173278809,90.07781982421875,7.6293872533980525e-06,500.4354450179987,1.5245497122630576e-06,0.0,2.663161091653876e-07,1.0986419774918833e-06,0.44143854433214297,0.05292797088623047,0.4252249002456665,0.24365270137786865,0.0,0.23309540748596191,0.23221488296985626,0.9906221032142639,0.800000011920929,0.8649963140487671,-1.9005935192108154,1.0000000|0.0000000|0.0000000|0.0000000|0.0000000|0.0000000|0.0000000|0.0000000|0.0000000|0.0000000,0,1.0,9.905862304484176,0,0,0,0,0,
cross_town,Town02,mixed,11,189,9.45,189.7357177734375,121.20982360839844,0.22167754173278809,90.07781982421875,7.6293872533980525e-06,500.4354450179987,1.5245497122630576e-06,0.0,2.663161091653876e-07,1.6480869192438994e-06,0.4491552835098451,0.05689641833305359,0.12849083542823792,0.10740618407726288,0.0,0.15309540927410126,0.1522148847579956,0.9134547114372253,0.800000011920929,0.2891414165496826,-1.4850472211837769,1.0000000|0.0000000|0.0000000|0.0000000|0.0000000|0.0000000|0.0000000|0.0000000|0.0000000|0.0000000,0,1.0,9.86266957758182,0,0,0,0,0,
cross_town,Town02,mixed,11,190,9.5,189.7357177734375,121.20982360839844,0.22167754173278809,90.07781982421875,7.6293872533980525e-06,500.4354450179987,1.5245497122630576e-06,0.0,2.663161091653876e-07,2.197276885625256e-06,0.4414385443321371,0.05292794108390808,0.42522478103637695,0.24365253746509552,0.0,0.23309540748596191,0.23221488296985626,0.9906221032142639,0.800000011920929,0.8649956583976746,-1.9005941152572632,1.0000000|0.0000000|0.0000000|0.0000000|0.0000000|0.0000000|0.0000000|0.0000000|0.0000000|0.0000000,0,1.0,9.673728551844045,0,0,0,0,0,
cross_town,Town02,mixed,11,191,9.55,189.7357177734375,121.20982360839844,0.22167754173278809,90.07781982421875,7.6293872533980525e-06,500.4354450179987,1.5245497122630576e-06,0.0,2.663161091653876e-07,2.7150327981939896e-06,0.44915529543070165,0.05689644813537598,0.1284908652305603,0.10740609467029572,0.0,0.15309540927410126,0.1522148847579956,0.9134545922279358,0.800000011920929,0.2891409993171692,-1.485047459602356,1.0000000|0.0000000|0.0000000|0.0000000|0.0000000|0.0000000|0.0000000|0.0000000|0.0000000|0.0000000,0,1.0,9.410533178067391,0,0,0,0,0,
cross_town,Town02,mixed,11,192,9.6,189.7357177734375,121.20982360839844,0.22167754173278809,90.07781982421875,7.6293872533980525e-06,500.4354450179987,1.5245497122630576e-06,0.0,2.663161091653876e-07,3.295907764075621e-06,0.4414385324109953,0.05292794108390808,0.42522478103637695,0.24365271627902985,0.0,0.23309540748596191,0.23221488296985626,0.9906222224235535,0.800000011920929,0.8649976849555969,-1.9005935192108154,1.0000000|0.0000000|0.0000000|0.0000000|0.0000000|0.0000000|0.0000000|0.0000000|0.0000000|0.0000000,0,1.0,9.198129090731777,0,0,0,0,0,
cross_town,Town02,mixed,11,193,9.65,189.7357177734375,121.20982360839844,0.22167754173278809,90.07781982421875,7.6293872533980525e-06,500.4354450179987,1.5245497122630576e-06,0.0,2.663161091653876e-07,3.845282510176429e-06,0.4491552835097725,0.05689644813537598,0.1284908950328827,0.10740602016448975,0.0,0.15309540927410126,0.1522148847579956,0.9134547114372253,0.800000011920929,0.28914135694503784,-1.4850475788116455,1.0000000|0.0000000|0.0000000|0.0000000|0.0000000|0.0000000|0.0000000|0.0000000|0.0000000|0.0000000,0,1.0,9.023765972845085,0,0,0,0,0,
cross_town,Town02,mixed,11,194,9.7,189.7357177734375,121.20982360839844,0.22167754173278809,90.07781982421875,7.6293872533980525e-06,500.4354450179987,1.5245497122630576e-06,0.0,2.663161091653876e-07,4.394535701345189e-06,0.44143853241120795,0.05292797088623047,0.4252249598503113,0.24365274608135223,0.0,0.23309540748596191,0.23221488296985626,0.9906222224235535,0.800000011920929,0.8649980425834656,-1.9005935192108154,1.0000000|0.0000000|0.0000000|0.0000000|0.0000000|0.0000000|0.0000000|0.0000000|0.0000000|0.0000000,0,1.0,8.877525523806435,0,0,0,0,0,
cross_town,Town02,mixed,11,195,9.75,189.7357177734375,121.20982360839844,0.22167754173278809,90.07781982421875,7.6293872533980525e-06,500.4354450179987,1.5245497122630576e-06,0.0,2.663161091653876e-07,3.4337140086360116e-07,0.4491553133121674,0.056896477937698364,0.12849092483520508,0.1074061393737793,0.0,0.15309540927410126,0.1522148847579956,0.9134544134140015,0.800000011920929,0.28914058208465576,-1.4850481748580933,1.0000000|0.0000000|0.0000000|0.0000000|0.0000000|0.0000000|0.0000000|0.0000000|0.0000000|0.0000000,0,1.0,8.751217768794794,0,0,0,0,0,
cross_town,Town02,mixed,11,196,9.8,189.7357177734375,121.20982360839844,0.22167754173278809,90.07781982421875,7.6293872533980525e-06,500.4354450179987,1.5245497122630576e-06,0.0,2.663161091653876e-07,8.926633018906473e-07,0.4414385324112141,0.052928000688552856,0.42522501945495605,0.24365265667438507,0.0,0.23309540748596191,0.23221488296985626,0.9906222224235535,0.800000011920929,0.864997386932373,-1.9005935192108154,1.0000000|0.0000000|0.0000000|0.0000000|0.0000000|0.0000000|0.0000000|0.0000000|0.0000000|0.0000000,0,1.0,8.639543897415006,0,0,0,0,0,
cross_town,Town02,mixed,11,197,9.85,189.7357177734375,121.20982360839844,0.22167754173278809,90.07781982421875,7.6293872533980525e-06,500.4354450179987,1.5245497122630576e-06,0.0,2.663161091653876e-07,1.9564521499176865e-07,0.4491552954306725,0.05689644813537598,0.1284908652305603,0.10740610957145691,0.0,0.15309540927410126,0.1522148847579956,0.9134545922279358,0.800000011920929,0.2891412079334259,-1.4850479364395142,1.0000000|0.0000000|0.0000000|0.0000000|0.0000000|0.0000000|0.0000000|0.0000000|0.0000000|0.0000000,0,1.0,8.537980959787516,0,0,0,0,0,
cross_town,Town02,mixed,11,198,9.9,189.7357177734375,121.20982360839844,0.22167754173278809,90.07781982421875,7.6293872533980525e-06,500.4354450179987,1.5245497122630576e-06,0.0,2.663161091653876e-07,1.956959519619279e-06,0.4414385443317095,0.05292797088623047,0.42522484064102173,0.24365267157554626,0.0,0.23309540748596191,0.23221488296985626,0.9906221032142639,0.800000011920929,0.8649959564208984,-1.9005934000015259,1.0000000|0.0000000|0.0000000|0.0000000|0.0000000|0.0000000|0.0000000|0.0000000|0.0000000|0.0000000,0,1.0,8.443746416862819,0,0,0,0,0,
cross_town,Town02,mixed,11,199,9.95,189.7357177734375,121.20982360839844,0.22167754173278809,90.07781982421875,7.6293872533980525e-06,500.4354450179987,1.5245497122630576e-06,0.0,2.663161091653876e-07,9.754456673154801e-07,0.4491552954303358,0.05689644813537598,0.1284908652305603,0.10740609467029572,0.0,0.15309540927410126,0.1522148847579956,0.9134545922279358,0.800000011920929,0.2891409695148468,-1.4850471019744873,1.0000000|0.0000000|0.0000000|0.0000000|0.0000000|0.0000000|0.0000000|0.0000000|0.0000000|0.0000000,0,1.0,8.355030246947742,0,0,0,0,0,
cross_town,Town02,mixed,11,200,10.0,189.7357177734375,121.20982360839844,0.22167754173278809,90.07781982421875,7.6293872533980525e-06,500.4354450179987,1.5245497122630576e-06,0.0,2.663161091653876e-07,3.021252411236405e-06,0.4414385324107806,0.05292791128158569,0.42522454261779785,0.2436525672674179,0.0,0.23309540748596191,0.23221488296985626,0.9906222224235535,0.800000011920929,0.8649967908859253,-1.9005934000015259,1.0000000|0.0000000|0.0000000|0.0000000|0.0000000|0.0000000|0.0000000|0.0000000|0.0000000|0.0000000,0,1.0,8.270280341294827,0,0,0,0,0,
cross_town,Town02,mixed,11,201,10.05,189.7357177734375,121.20982360839844,0.22167754173278809,90.07781982421875,7.6293872533980525e-06,500.4354450179987,1.5245497122630576e-06,0.0,2.663161091653876e-07,3.538375406102908e-06,0.4491552537075044,0.05689644813537598,0.1284908950328827,0.10740600526332855,0.0,0.15309540927410126,0.1522148847579956,0.9134550094604492,0.800000011920929,0.2891424596309662,-1.485047459602356,1.0000000|0.0000000|0.0000000|0.0000000|0.0000000|0.0000000|0.0000000|0.0000000|0.0000000|0.0000000,0,1.0,8.188463623013805,0,0,0,0,0,
cross_town,Town02,mixed,11,202,10.1,189.7357177734375,121.20982360839844,0.22167754173278809,90.07781982421875,7.6293872533980525e-06,500.4354450179987,1.5245497122630576e-06,0.0,2.663161091653876e-07,4.051214885431374e-06,0.4414385324109953,0.05292797088623047,0.42522507905960083,0.24365271627902985,0.0,0.23309540748596191,0.23221488296985626,0.9906222224235535,0.800000011920929,0.8649986386299133,-1.900593638420105,1.0000000|0.0000000|0.0000000|0.0000000|0.0000000|0.0000000|0.0000000|0.0000000|0.0000000|0.0000000,0,1.0,8.108848244547,0,0,0,0,0,
cross_town,Town02,mixed,11,203,10.15,189.7357177734375,121.20982360839844,0.22167754173278809,90.07781982421875,7.6293872533980525e-06,500.4354450179987,1.5245497122630576e-06,0.0,2.663161091653876e-07,1.373680565311912e-07,0.4491553073516481,0.05689644813537598,0.12849092483520508,0.10740616917610168,0.0,0.15309540927410126,0.1522148847579956,0.9134544730186462,0.800000011920929,0.2891409397125244,-1.4850479364395142,1.0000000|0.0000000|0.0000000|0.0000000|0.0000000|0.0000000|0.0000000|0.0000000|0.0000000|0.0000000,0,1.0,8.030916071457469,0,0,0,0,0,
cross_town,Town02,mixed,11,204,10.2,189.7357177734375,121.20982360839844,0.22167754173278809,90.07781982421875,7.6293872533980525e-06,500.4354450179987,1.5245497122630576e-06,0.0,2.663161091653876e-07,6.866606854953071e-07,0.4414385443321429,0.05292797088623047,0.42522484064102173,0.24365267157554626,0.0,0.23309540748596191,0.23221488296985626,0.9906221032142639,0.800000011920929,0.864996075630188,-1.9005934000015259,1.0000000|0.0000000|0.0000000|0.0000000|0.0000000|0.0000000|0.0000000|0.0000000|0.0000000|0.0000000,0,1.0,7.954295101218646,0,0,0,0,0,
cross_town,Town02,mixed,11,205,10.25,189.7357177734375,121.20982360839844,0.22167754173278809,90.07781982421875,7.6293872533980525e-06,500.4354450179987,1.5245497122630576e-06,0.0,2.663161091653876e-07,1.2359631413786097e-06,0.4491552477470601,0.05689641833305359,0.12849083542823792,0.10740618407726288,0.0,0.15309540927410126,0.1522148847579956,0.913455069065094,0.800000011920929,0.28914251923561096,-1.4850478172302246,1.0000000|0.0000000|0.0000000|0.0000000|0.0000000|0.0000000|0.0000000|0.0000000|0.0000000|0.0000000,0,1.0,7.878719433650039,0,0,0,0,0,
cross_town,Town02,mixed,11,206,10.3,189.7357177734375,121.20982360839844,0.22167754173278809,90.07781982421875,7.6293872533980525e-06,500.4354450179987,1.5245497122630576e-06,0.0,2.663161091653876e-07,1.78527909501883e-06,0.4414385443321433,0.05292794108390808,0.42522454261779785,0.2436525523662567,0.0,0.23309540748596191,0.23221488296985626,0.9906221032142639,0.800000011920929,0.8649963140487671,-1.9005934000015259,1.0000000|0.0000000|0.0000000|0.0000000|0.0000000|0.0000000|0.0000000|0.0000000|0.0000000|0.0000000,0,1.0,7.804000187072224,0,0,0,0,0,
cross_town,Town02,mixed,11,207,10.35,189.7357177734375,121.20982360839844,0.22167754173278809,90.07781982421875,7.6293872533980525e-06,500.4354450179987,1.5245497122630576e-06,0.0,2.663161091653876e-07,2.334598555932351e-06,0.4491552537075248,0.056896477937698364,0.1284908950328827,0.10740618407726288,0.0,0.15309540927410126,0.1522148847579956,0.9134550094604492,0.800000011920929,0.28914228081703186,-1.4850472211837769,1.0000000|0.0000000|0.0000000|0.0000000|0.0000000|0.0000000|0.0000000|0.0000000|0.0000000|0.0000000,0,1.0,7.729997257949044,0,0,0,0,0,
cross_town,Town02,mixed,11,208,10.4,189.7357177734375,121.20982360839844,0.22167754173278809,90.07781982421875,7.6293872533980525e-06,500.4354450179987,1.5245497122630576e-06,0.0,2.663161091653876e-07,2.8839201995864104e-06,0.44143853241121433,0.05292791128158569,0.4252246022224426,0.2436526119709015,0.0,0.23309540748596191,0.23221488296985626,0.9906222224235535,0.800000011920929,0.8649975061416626,-1.9005932807922363,1.0000000|0.0000000|0.0000000|0.0000000|0.0000000|0.0000000|0.0000000|0.0000000|0.0000000|0.0000000,0,1.0,7.65660998654458,0,0,0,0,0,
cross_town,Town02,mixed,11,209,10.45,189.7357177734375,121.20982360839844,0.22167754173278809,90.07781982421875,7.6293872533980525e-06,500.4354450179987,1.5245497122630576e-06,0.0,2.663161091653876e-07,3.433229185965973e-06,0.4491552239052019,0.05689644813537598,0.1284908652305603,0.1074061244726181,0.0,0.15309540927410126,0.1522148847579956,0.9134553074836731,0.800000011920929,0.2891433835029602,-1.4850469827651978,1.0000000|0.0000000|0.0000000|0.0000000|0.0000000|0.0000000|0.0000000|0.0000000|0.0000000|0.0000000,0,1.0,7.583765897357548,0,0,0,0,0,
cross_town,Town02,mixed,11,210,10.5,189.7357177734375,121.20982360839844,0.22167754173278809,90.07781982421875,7.6293872533980525e-06,500.4354450179987,1.5245497122630576e-06,0.0,2.663161091653876e-07,2.8869322994862962e-06,0.44143853241116027,0.05292797088623047,0.4252249002456665,0.2436526119709015,0.0,0.23309540748596191,0.23221488296985626,0.9906222224235535,0.800000011920929,0.8649981617927551,-1.9005934000015259,1.0000000|0.0000000|0.0000000|0.0000000|0.0000000|0.0000000|0.0000000|0.0000000|0.0000000|0.0000000,0,1.0,7.511255182374299,0,0,0,0,0,
cross_town,Town02,mixed,11,211,10.55,189.7357177734375,121.20982360839844,0.22167754173278809,90.07781982421875,7.6293872533980525e-06,500.4354450179987,1.5245497122630576e-06,0.0,2.663161091653876e-07,4.531860260330504e-06,0.4491552358258786,0.056896477937698364,0.1284908950328827,0.10740609467029572,0.0,0.15309540927410126,0.1522148847579956,0.9134551882743835,0.800000011920929,0.2891431450843811,-1.4850475788116455,1.0000000|0.0000000|0.0000000|0.0000000|0.0000000|0.0000000|0.0000000|0.0000000|0.0000000|0.0000000,0,1.0,7.439287753511268,0,0,0,0,0,
cross_town,Town02,mixed,11,212,10.6,189.7357177734375,121.20982360839844,0.22167754173278809,90.07781982421875,7.6293872533980525e-06,500.4354450179987,1.5245497122630576e-06,0.0,2.663161091653876e-07,4.119978578738876e-07,0.4414385443320815,0.05292797088623047,0.4252251386642456,0.24365271627902985,0.0,0.23309540748596191,0.23221488296985626,0.9906221032142639,0.800000011920929,0.864996612071991,-1.900593638420105,1.0000000|0.0000000|0.0000000|0.0000000|0.0000000|0.0000000|0.0000000|0.0000000|0.0000000|0.0000000,0,1.0,7.3679002527673045,0,0,0,0,0,
cross_town,Town02,mixed,11,213,10.65,189.7357177734375,121.20982360839844,0.22167754173278809,90.07781982421875,7.6293872533980525e-06,500.4354450179987,1.5245497122630576e-06,0.0,2.663161091653876e-07,9.956384434915176e-07,0.4491552060238088,0.05689641833305359,0.12849080562591553,0.10740630328655243,0.0,0.15309540927410126,0.1522148847579956,0.9134554862976074,0.800000011920929,0.28914400935173035,-1.4850479364395142,1.0000000|0.0000000|0.0000000|0.0000000|0.0000000|0.0000000|0.0000000|0.0000000|0.0000000|0.0000000,0,1.0,7.296816348684979,0,0,0,0,0,
cross_town,Town02,mixed,11,214,10.7,189.7357177734375,121.20982360839844,0.22167754173278809,90.07781982421875,7.6293872533980525e-06,500.4354450179987,1.5245497122630576e-06,0.0,2.663161091653876e-07,1.6822856382113376e-06,0.44143853241121433,0.05292791128158569,0.42522454261779785,0.2436525970697403,0.0,0.23309540748596191,0.23221488296985626,0.9906222224235535,0.800000011920929,0.8649969100952148,-1.9005935192108154,1.0000000|0.0000000|0.0000000|0.0000000|0.0000000|0.0000000|0.0000000|0.0000000|0.0000000|0.0000000,0,1.0,7.226113175595259,0,0,0,0,0,
cross_town,Town02,mixed,11,215,10.75,189.7357177734375,121.20982360839844,0.22167754173278809,90.07781982421875,7.6293872533980525e-06,500.4354450179987,1.5245497122630576e-06,0.0,2.663161091653876e-07,2.197272118255504e-06,0.44915523582613115,0.05689644813537598,0.1284908950328827,0.1074061244726181,0.0,0.15309540927410126,0.1522148847579956,0.9134551882743835,0.800000011920929,0.28914302587509155,-1.4850468635559082,1.0000000|0.0000000|0.0000000|0.0000000|0.0000000|0.0000000|0.0000000|0.0000000|0.0000000|0.0000000,0,1.0,7.155784703347801,0,0,0,0,0,
cross_town,Town02,mixed,11,216,10.8,189.7357177734375,121.20982360839844,0.22167754173278809,90.07781982421875,7.6293872533980525e-06,500.4354450179987,1.5245497122630576e-06,0.0,2.663161091653876e-07,2.7465840623866914e-06,0.4414385443321431,0.05292794108390808,0.42522478103637695,0.24365265667438507,0.0,0.23309540748596191,0.23221488296985626,0.9906221032142639,0.800000011920929,0.8649958372116089,-1.9005934000015259,1.0000000|0.0000000|0.0000000|0.0000000|0.0000000|0.0000000|0.0000000|0.0000000|0.0000000|0.0000000,0,1.0,7.085825001509796,0,0,0,0,0,
cross_town,Town02,mixed,11,217,10.85,189.7357177734375,121.20982360839844,0.22167754173278809,90.07781982421875,7.6293872533980525e-06,500.4354450179987,1.5245497122630576e-06,0.0,2.663161091653876e-07,1.758993739680659e-06,0.44915526562834807,0.05689644813537598,0.1284908950328827,0.10740609467029572,0.0,0.15309540927410126,0.1522148847579956,0.9134548902511597,0.800000011920929,0.2891419529914856,-1.4850471019744873,1.0000000|0.0000000|0.0000000|0.0000000|0.0000000|0.0000000|0.0000000|0.0000000|0.0000000|0.0000000,0,1.0,7.016377411460442,0,0,0,0,0,
cross_town,Town02,mixed,11,218,10.9,189.7357177734375,121.20982360839844,0.22167754173278809,90.07781982421875,7.6293872533980525e-06,500.4354450179987,1.5245497122630576e-06,0.0,2.663161091653876e-07,3.8108921163795724e-06,0.441438532410775,0.05292797088623047,0.42522478103637695,0.24365264177322388,0.0,0.23309540748596191,0.23221488296985626,0.9906222224235535,0.800000011920929,0.8649970889091492,-1.9005944728851318,1.0000000|0.0000000|0.0000000|0.0000000|0.0000000|0.0000000|0.0000000|0.0000000|0.0000000|0.0000000,0,1.0,6.947041883478001,0,0,0,0,0,
cross_town,Town02,mixed,11,219,10.95,189.7357177734375,121.20982360839844,0.22167754173278809,90.07781982421875,7.6293872533980525e-06,500.4354450179987,1.5245497122630576e-06,0.0,2.663161091653876e-07,4.325871873547268e-06,0.4491553073515853,0.05689644813537598,0.12849092483520508,0.1074061244726181,0.0,0.15309540927410126,0.1522148847579956,0.9134544730186462,0.800000011920929,0.2891407907009125,-1.4850475788116455,1.0000000|0.0000000|0.0000000|0.0000000|0.0000000|0.0000000|0.0000000|0.0000000|0.0000000|0.0000000,0,1.0,6.878143599593919,0,0,0,0,0,
cross_town,Town02,mixed,11,220,11.0,189.7357177734375,121.20982360839844,0.22167754173278809,90.07781982421875,7.6293872533980525e-06,500.4354450179987,1.5245497122630576e-06,0.0,2.663161091653876e-07,2.4037189724884253e-07,0.441438544332143,0.05292797088623047,0.4252251386642456,0.24365268647670746,0.0,0.23309540748596191,0.23221488296985626,0.9906221032142639,0.800000011920929,0.8649962544441223,-1.900593638420105,1.0000000|0.0000000|0.0000000|0.0000000|0.0000000|0.0000000|0.0000000|0.0000000|0.0000000|0.0000000,0,1.0,6.809590755544005,0,0,0,0,0,
cross_town,Town02,mixed,11,221,11.05,189.7357177734375,121.20982360839844,0.22167754173278809,90.07781982421875,7.6293872533980525e-06,500.4354450179987,1.5245497122630576e-06,0.0,2.663161091653876e-07,7.553388807087181e-07,0.44915520602380854,0.05689644813537598,0.1284908950328827,0.10740607976913452,0.0,0.15309540927410126,0.1522148847579956,0.9134554862976074,0.800000011920929,0.289143830537796,-1.4850480556488037,1.0000000|0.0000000|0.0000000|0.0000000|0.0000000|0.0000000|0.0000000|0.0000000|0.0000000|0.0000000,0,1.0,6.741374555802145,0,0,0,0,0,
cross_town,Town02,mixed,11,222,11.1,189.7357177734375,121.20982360839844,0.22167754173278809,90.07781982421875,7.6293872533980525e-06,500.4354450179987,1.5245497122630576e-06,0.0,2.663161091653876e-07,1.304633313980564e-06,0.44143853241121417,0.05292794108390808,0.4252246618270874,0.24365264177322388,0.0,0.23309540748596191,0.23221488296985626,0.9906222224235535,0.800000011920929,0.8649972677230835,-1.9005935192108154,1.0000000|0.0000000|0.0000000|0.0000000|0.0000000|0.0000000|0.0000000|0.0000000|0.0000000|0.0000000,0,1.0,6.673489392837818,0,0,0,0,0,
cross_town,Town02,mixed,11,223,11.15,189.7357177734375,121.20982360839844,0.22167754173278809,90.07781982421875,7.6293872533980525e-06,500.4354450179987,1.5245497122630576e-06,0.0,2.663161091653876e-07,1.8539678511076644e-06,0.44915523582613104,0.05689641833305359,0.12849083542823792,0.10740616917610168,0.0,0.15309540927410126,0.1522148847579956,0.9134551882743835,0.800000011920929,0.28914299607276917,-1.4850473403930664,1.0000000|0.0000000|0.0000000|0.0000000|0.0000000|0.0000000|0.0000000|0.0000000|0.0000000|0.0000000,0,1.0,6.6059291642418785,0,0,0,0,0,
cross_town,Town02,mixed,11,224,11.2,189.7357177734375,121.20982360839844,0.22167754173278809,90.07781982421875,7.6293872533980525e-06,500.4354450179987,1.5245497122630576e-06,0.0,2.663161091653876e-07,2.403268801933361e-06,0.44143854433214286,0.05292791128158569,0.42522478103637695,0.24365270137786865,0.0,0.23309540748596191,0.23221488296985626,0.9906221032142639,0.800000011920929,0.8649963140487671,-1.9005935192108154,1.0000000|0.0000000|0.0000000|0.0000000|0.0000000|0.0000000|0.0000000|0.0000000|0.0000000|0.0000000,0,1.0,6.538687558542426,0,0,0,0,0,
cross_town,Town02,mixed,11,225,11.25,189.7357177734375,121.20982360839844,0.22167754173278809,90.07781982421875,7.6293872533980525e-06,500.4354450179987,1.5245497122630576e-06,0.0,2.663161091653876e-07,2.9525850250011487e-06,0.44915528350984707,0.05689644813537598,0.1284908652305603,0.10740609467029572,0.0,0.15309540927410126,0.1522148847579956,0.9134547114372253,0.800000011920929,0.2891415059566498,-1.485047459602356,1.0000000|0.0000000|0.0000000|0.0000000|0.0000000|0.0000000|0.0000000|0.0000000|0.0000000|0.0000000,0,1.0,6.471763329885381,0,0,0,0,0,
cross_town,Town02,mixed,11,226,11.3,189.7357177734375,121.20982360839844,0.22167754173278809,90.07781982421875,7.6293872533980525e-06,500.4354450179987,1.5245497122630576e-06,0.0,2.663161091653876e-07,1.963921706053724e-06,0.4414385324111072,0.05292797088623047,0.4252251386642456,0.24365250766277313,0.0,0.23309540748596191,0.23221488296985626,0.9906222224235535,0.800000011920929,0.8649975061416626,-1.9005930423736572,1.0000000|0.0000000|0.0000000|0.0000000|0.0000000|0.0000000|0.0000000|0.0000000|0.0000000|0.0000000,0,1.0,6.4051497752103685,0,0,0,0,0,
cross_town,Town02,mixed,11,227,11.35,189.7357177734375,121.20982360839844,0.22167754173278809,90.07781982421875,7.6293872533980525e-06,500.4354450179987,1.5245497122630576e-06,0.0,2.663161091653876e-07,4.051212612914923e-06,0.4491553073512837,0.05689644813537598,0.1284908652305603,0.10740609467029572,0.0,0.15309540927410126,0.1522148847579956,0.9134544730186462,0.800000011920929,0.2891407907009125,-1.4850471019744873,1.0000000|0.0000000|0.0000000|0.0000000|0.0000000|0.0000000|0.0000000|0.0000000|0.0000000|0.0000000,0,1.0,6.338845596541349,0,0,0,0,0,
cross_town,Town02,mixed,11,228,11.4,189.7357177734375,121.20982360839844,0.22167754173278809,90.07781982421875,7.6293872533980525e-06,500.4354450179987,1.5245497122630576e-06,0.0,2.663161091653876e-07,0.0,0.44143853241110653,0.05292797088623047,0.42522501945495605,0.24365265667438507,0.0,0.23309540748596191,0.23221488296985626,0.9906222224235535,0.800000011920929,0.8649975061416626,-1.9005935192108154,1.0000000|0.0000000|0.0000000|0.0000000|0.0000000|0.0000000|0.0000000|0.0000000|0.0000000|0.0000000,0,1.0,6.272841520638484,0,0,0,0,0,
cross_town,Town02,mixed,11,229,11.45,189.7357177734375,121.20982360839844,0.22167754173278809,90.07781982421875,7.6293872533980525e-06,500.4354450179987,1.5245497122630576e-06,0.0,2.663161091653876e-07,5.493801996717439e-07,0.44915521794473723,0.05689644813537598,0.1284908950328827,0.10740616917610168,0.0,0.15309540927410126,0.1522148847579956,0.9134553670883179,0.800000011920929,0.2891436219215393,-1.4850482940673828,1.0000000|0.0000000|0.0000000|0.0000000|0.0000000|0.0000000|0.0000000|0.0000000|0.0000000|0.0000000,0,1.0,6.2071398913759825,0,0,0,0,0,
cross_town,Town02,mixed,11,230,11.5,189.7357177734375,121.20982360839844,0.22167754173278809,90.07781982421875,7.6293872533980525e-06,500.4354450179987,1.5245497122630576e-06,0.0,2.663161091653876e-07,1.098646747483435e-06,0.44143854433214275,0.05292797088623047,0.4252249002456665,0.24365270137786865,0.0,0.23309540748596191,0.23221488296985626,0.9906221032142639,0.800000011920929,0.8649963140487671,-1.9005935192108154,1.0000000|0.0000000|0.0000000|0.0000000|0.0000000|0.0000000|0.0000000|0.0000000|0.0000000|0.0000000,0,1.0,6.141732765735153,0,0,0,0,0,
cross_town,Town02,mixed,11,231,11.55,189.7357177734375,121.20982360839844,0.22167754173278809,90.07781982421875,7.6293872533980525e-06,500.4354450179987,1.5245497122630576e-06,0.0,2.663161091653876e-07,1.6480918900817964e-06,0.44915528350984485,0.05689641833305359,0.12849083542823792,0.10740618407726288,0.0,0.15309540927410126,0.1522148847579956,0.9134547114372253,0.800000011920929,0.2891414165496826,-1.4850472211837769,1.0000000|0.0000000|0.0000000|0.0000000|0.0000000|0.0000000|0.0000000|0.0000000|0.0000000|0.0000000,0,1.0,6.07661587379243,0,0,0,0,0,
cross_town,Town02,mixed,11,232,11.6,189.7357177734375,121.20982360839844,0.22167754173278809,90.07781982421875,7.6293872533980525e-06,500.4354450179987,1.5245497122630576e-06,0.0,2.663161091653876e-07,2.265941239100629e-06,0.4414385443321371,0.05292794108390808,0.42522478103637695,0.24365253746509552,0.0,0.23309540748596191,0.23221488296985626,0.9906221032142639,0.800000011920929,0.8649956583976746,-1.9005941152572632,1.0000000|0.0000000|0.0000000|0.0000000|0.0000000|0.0000000|0.0000000|0.0000000|0.0000000|0.0000000,0,1.0,6.011786979105546,0,0,0,0,0,
cross_town,Town02,mixed,11,233,11.65,189.7357177734375,121.20982360839844,0.22167754173278809,90.07781982421875,7.6293872533980525e-06,500.4354450179987,1.5245497122630576e-06,0.0,2.663161091653876e-07,2.8153359164601513e-06,0.44915529543076993,0.05689644813537598,0.1284908652305603,0.10740609467029572,0.0,0.15309540927410126,0.1522148847579956,0.9134545922279358,0.800000011920929,0.28914105892181396,-1.485047459602356,1.0000000|0.0000000|0.0000000|0.0000000|0.0000000|0.0000000|0.0000000|0.0000000|0.0000000|0.0000000,0,1.0,5.947241423012345,0,0,0,0,0,
cross_town,Town02,mixed,11,234,11.7,189.7357177734375,121.20982360839844,0.22167754173278809,90.07781982421875,7.6293872533980525e-06,500.4354450179987,1.5245497122630576e-06,0.0,2.663161091653876e-07,3.3645715082553605e-06,0.44143853241120806,0.05292797088623047,0.4252249598503113,0.2436526119709015,0.0,0.23309540748596191,0.23221488296985626,0.9906222224235535,0.800000011920929,0.8649970889091492,-1.9005935192108154,1.0000000|0.0000000|0.0000000|0.0000000|0.0000000|0.0000000|0.0000000|0.0000000|0.0000000|0.0000000,0,1.0,5.882978143112844,0,0,0,0,0,
cross_town,Town02,mixed,11,235,11.75,189.7357177734375,121.20982360839844,0.22167754173278809,90.07781982421875,7.6293872533980525e-06,500.4354450179987,1.5245497122630576e-06,0.0,2.663161091653876e-07,3.913892365808462e-06,0.4491553133121672,0.05689641833305359,0.1284908950328827,0.1074061244726181,0.0,0.15309540927410126,0.1522148847579956,0.9134544134140015,0.800000011920929,0.28914040327072144,-1.4850478172302246,1.0000000|0.0000000|0.0000000|0.0000000|0.0000000|0.0000000|0.0000000|0.0000000|0.0000000|0.0000000,0,1.0,5.818991235996856,0,0,0,0,0,
cross_town,Town02,mixed,11,236,11.8,189.7357177734375,121.20982360839844,0.22167754173278809,90.07781982421875,7.6293872533980525e-06,500.4354450179987,1.5245497122630576e-06,0.0,2.663161091653876e-07,2.9228989422887364e-06,0.4414385324110966,0.05292797088623047,0.4252249598503113,0.24365274608135223,0.0,0.23309540748596191,0.23221488296985626,0.9906222224235535,0.800000011920929,0.8649980425834656,-1.9005935192108154,1.0000000|0.0000000|0.0000000|0.0000000|0.0000000|0.0000000|0.0000000|0.0000000|0.0000000|0.0000000,0,1.0,5.755279477990965,0,0,0,0,0,
cross_town,Town02,mixed,11,237,11.85,189.7357177734375,121.20982360839844,0.22167754173278809,90.07781982421875,7.6293872533980525e-06,500.4354450179987,1.5245497122630576e-06,0.0,2.663161091653876e-07,3.4337140087360043e-07,0.44915522390476503,0.05689644813537598,0.1284908652305603,0.1074061244726181,0.0,0.15309540927410126,0.1522148847579956,0.9134553074836731,0.800000011920929,0.2891432046890259,-1.4850469827651978,1.0000000|0.0000000|0.0000000|0.0000000|0.0000000|0.0000000|0.0000000|0.0000000|0.0000000|0.0000000,0,1.0,5.69183705917697,0,0,0,0,0,
cross_town,Town02,mixed,11,238,11.9,189.7357177734375,121.20982360839844,0.22167754173278809,90.07781982421875,7.6293872533980525e-06,500.4354450179987,1.5245497122630576e-06,0.0,2.663161091653876e-07,8.926462493531279e-07,0.44143853241110176,0.052928000688552856,0.42522501945495605,0.24365265667438507,0.0,0.23309540748596191,0.23221488296985626,0.9906222224235535,0.800000011920929,0.864997386932373,-1.9005935192108154,1.0000000|0.0000000|0.0000000|0.0000000|0.0000000|0.0000000|0.0000000|0.0000000|0.0000000|0.0000000,0,1.0,5.6286644935463865,0,0,0,0,0,
cross_town,Town02,mixed,11,239,11.95,189.7357177734375,121.20982360839844,0.22167754173278809,90.07781982421875,7.6293872533980525e-06,500.4354450179987,1.5245497122630576e-06,0.0,2.663161091653876e-07,1.4419560272503183e-06,0.44915529543077604,0.05689644813537598,0.1284908652305603,0.10740610957145691,0.0,0.15309540927410126,0.1522148847579956,0.9134545922279358,0.800000011920929,0.2891412079334259,-1.4850479364395142,1.0000000|0.0000000|0.0000000|0.0000000|0.0000000|0.0000000|0.0000000|0.0000000|0.0000000|0.0000000,0,1.0,5.565756085818163,0,0,0,0,0,
cross_town,Town02,mixed,11,240,12.0,189.7357177734375,121.20982360839844,0.22167754173278809,90.07781982421875,7.6293872533980525e-06,500.4354450179987,1.5245497122630576e-06,0.0,2.663161091653876e-07,1.9912736749427294e-06,0.4414385443321433,0.05292794108390808,0.4252246618270874,0.2436526119709015,0.0,0.23309540748596191,0.23221488296985626,0.9906221032142639,0.800000011920929,0.8649955987930298,-1.9005932807922363,1.0000000|0.0000000|0.0000000|0.0000000|0.0000000|0.0000000|0.0000000|0.0000000|0.0000000|0.0000000,0,1.0,5.503109391811878,0,0,0,0,0,
cross_town,Town02,mixed,11,241,12.05,189.7357177734375,121.20982360839844,0.22167754173278809,90.07781982421875,7.6293872533980525e-06,500.4354450179987,1.5245497122630576e-06,0.0,2.663161091653876e-07,2.5405936608698056e-06,0.44915530735170506,0.05689644813537598,0.1284908652305603,0.10740609467029572,0.0,0.15309540927410126,0.1522148847579956,0.9134544730186462,0.800000011920929,0.2891407907009125,-1.4850471019744873,1.0000000|0.0000000|0.0000000|0.0000000|0.0000000|0.0000000|0.0000000|0.0000000|0.0000000|0.0000000,0,1.0,5.440722445766967,0,0,0,0,0,
cross_town,Town02,mixed,11,242,12.1,189.7357177734375,121.20982360839844,0.22167754173278809,90.07781982421875,7.6293872533980525e-06,500.4354450179987,1.5245497122630576e-06,0.0,2.663161091653876e-07,3.124240841243187e-06,0.4414385324112142,0.05292797088623047,0.42522478103637695,0.24365264177322388,0.0,0.23309540748596191,0.23221488296985626,0.9906222224235535,0.800000011920929,0.8649972677230835,-1.9005935192108154,1.0000000|0.0000000|0.0000000|0.0000000|0.0000000|0.0000000|0.0000000|0.0000000|0.0000000|0.0000000,0,1.0,5.378590460705004,0,0,0,0,0,
cross_town,Town02,mixed,11,243,12.15,189.7357177734375,121.20982360839844,0.22167754173278809,90.07781982421875,7.6293872533980525e-06,500.4354450179987,1.5245497122630576e-06,0.0,2.663161091653876e-07,3.673556239842916e-06,0.4491552775493825,0.056896477937698364,0.1284908950328827,0.10740607976913452,0.0,0.15309540927410126,0.1522148847579956,0.9134547710418701,0.800000011920929,0.2891417443752289,-1.4850478172302246,1.0000000|0.0000000|0.0000000|0.0000000|0.0000000|0.0000000|0.0000000|0.0000000|0.0000000|0.0000000,0,1.0,5.316713169759031,0,0,0,0,0,
cross_town,Town02,mixed,11,244,12.2,189.7357177734375,121.20982360839844,0.22167754173278809,90.07781982421875,7.6293872533980525e-06,500.4354450179987,1.5245497122630576e-06,0.0,2.663161091653876e-07,4.291536257401714e-06,0.44143853241121384,0.05292797088623047,0.4252251386642456,0.24365273118019104,0.0,0.23309540748596191,0.23221488296985626,0.9906222224235535,0.800000011920929,0.864998459815979,-1.900593638420105,1.0000000|0.0000000|0.0000000|0.0000000|0.0000000|0.0000000|0.0000000|0.0000000|0.0000000|0.0000000,0,1.0,5.255085772062949,0,0,0,0,0,
cross_town,Town02,mixed,11,245,12.25,189.7357177734375,121.20982360839844,0.22167754173278809,90.07781982421875,7.6293872533980525e-06,500.4354450179987,1.5245497122630576e-06,0.0,2.663161091653876e-07,1.3738421119173716e-07,0.4491553133121694,0.05689650774002075,0.12849098443984985,0.10740607976913452,0.0,0.15309540927410126,0.1522148847579956,0.9134544134140015,0.800000011920929,0.2891404926776886,-1.485047459602356,1.0000000|0.0000000|0.0000000|0.0000000|0.0000000|0.0000000|0.0000000|0.0000000|0.0000000|0.0000000,0,1.0,5.193706664978796,0,0,0,0,0,
cross_town,Town02,mixed,11,246,12.3,189.7357177734375,121.20982360839844,0.22167754173278809,90.07781982421875,7.6293872533980525e-06,500.4354450179987,1.5245497122630576e-06,0.0,2.663161091653876e-07,6.866488402945105e-07,0.44143854433214325,0.05292797088623047,0.42522484064102173,0.24365267157554626,0.0,0.23309540748596191,0.23221488296985626,0.9906221032142639,0.800000011920929,0.864996075630188,-1.9005934000015259,1.0000000|0.0000000|0.0000000|0.0000000|0.0000000|0.0000000|0.0000000|0.0000000|0.0000000|0.0000000,0,1.0,5.132574238511473,0,0,0,0,0,
cross_town,Town02,mixed,11,247,12.35,189.7357177734375,121.20982360839844,0.22167754173278809,90.07781982421875,7.6293872533980525e-06,500.4354450179987,1.5245497122630576e-06,0.0,2.663161091653876e-07,1.2702975419147287e-06,0.4491552477470601,0.05689641833305359,0.12849083542823792,0.10740618407726288,0.0,0.15309540927410126,0.1522148847579956,0.913455069065094,0.800000011920929,0.28914251923561096,-1.4850478172302246,1.0000000|0.0000000|0.0000000|0.0000000|0.0000000|0.0000000|0.0000000|0.0000000|0.0000000|0.0000000,0,1.0,5.071684522216684,0,0,0,0,0,
cross_town,Town02,mixed,11,248,12.4,189.7357177734375,121.20982360839844,0.22167754173278809,90.07781982421875,7.6293872533980525e-06,500.4354450179987,1.5245497122630576e-06,0.0,2.663161091653876e-07,1.922609135149449e-06,0.4414385443321432,0.05292794108390808,0.42522454261779785,0.2436525523662567,0.0,0.23309540748596191,0.23221488296985626,0.9906221032142639,0.800000011920929,0.864996075630188,-1.9005934000015259,1.0000000|0.0000000|0.0000000|0.0000000|0.0000000|0.0000000|0.0000000|0.0000000|0.0000000|0.0000000,0,1.0,5.011035647091959,0,0,0,0,0,
cross_town,Town02,mixed,11,249,12.45,189.7357177734375,121.20982360839844,0.22167754173278809,90.07781982421875,7.6293872533980525e-06,500.4354450179987,1.5245497122630576e-06,0.0,2.663161091653876e-07,2.4719241004502253e-06,0.449155307351705,0.05689641833305359,0.1284908652305603,0.10740607976913452,0.0,0.15309540927410126,0.1522148847579956,0.9134544730186462,0.800000011920929,0.28914082050323486,-1.485047698020935,1.0000000|0.0000000|0.0000000|0.0000000|0.0000000|0.0000000|0.0000000|0.0000000|0.0000000|0.0000000,0,1.0,4.950625130673742,0,0,0,0,0,
cross_town,Town02,mixed,11,250,12.5,189.7357177734375,121.20982360839844,0.22167754173278809,90.07781982421875,7.6293872533980525e-06,500.4354450179987,1.5245497122630576e-06,0.0,2.663161091653876e-07,3.021242505039663e-06,0.44143853241121433,0.05292794108390808,0.4252247214317322,0.2436526119709015,0.0,0.23309540748596191,0.23221488296985626,0.9906222224235535,0.800000011920929,0.8649975061416626,-1.9005932807922363,1.0000000|0.0000000|0.0000000|0.0000000|0.0000000|0.0000000|0.0000000|0.0000000|0.0000000|0.0000000,0,1.0,4.890451650844673,0,0,1,0,0,stuck
