protocol,town,weather,episode,t,sim_time_s,ego_x,ego_y,ego_z,ego_yaw_deg,route_s_m,route_remaining_m,route_completion_pct,cte_m,route_heading_rad,speed_kmh,reward,command_throttle,command_brake,command_steer,applied_throttle,applied_brake,applied_steer,sigma_bar,sigma_ale,sigma_epi,policy_entropy_proxy,attention,top_attention_index,top_attention_value,ttc_s,collision,off_route,timeout,red_light_violation,intervention,terminal_reason
cross_town,Town02,mixed,9,1,0.05,-7.368211269378662,121.21024322509766,0.15079765021800995,90.1288070678711,0.0,500.0996068996452,0.0,4.76837158203125e-07,2.663161087212984e-07,0.4665246069434623,0.4561386025838285,0.03021758794784546,0.401405930519104,-0.004780319519340992,0.0,0.07999999821186066,-0.004780319519340992,0.9201462268829346,0.800000011920929,0.31108391284942627,-1.8886641263961792,1.0000000|0.0000000|0.0000000|0.0000000|0.0000000|0.0000000|0.0000000|0.0000000|0.0000000|0.0000000,0,1.0,,0,0,0,0,0,
cross_town,Town02,mixed,9,2,0.1,-7.368211269378662,121.21024322509766,0.16111251711845398,90.1288070678711,0.0,500.0996068996452,0.0,4.76837158203125e-07,2.663161087212984e-07,0.8584077358246357,0.46238522462216763,0.021015584468841553,0.25132447481155396,0.06208767369389534,0.0,0.1599999964237213,0.06208767369389534,0.8042982816696167,0.800000011920929,0.053344547748565674,-1.389215350151062,1.0000000|0.0000000|0.0000000|0.0000000|0.0000000|0.0000000|0.0000000|0.0000000|0.0000000|0.0000000,0,1.0,,0,0,0,0,0,
cross_town,Town02,mixed,9,3,0.15,-7.368211269378662,121.21024322509766,0.17358191311359406,90.1288070678711,0.0,500.0996068996452,0.0,4.76837158203125e-07,2.663161087212984e-07,0.894083797931748,0.44958676820068616,0.02419254183769226,0.42921486496925354,0.23399662971496582,0.0,0.23999999463558197,0.1420876681804657,0.9091387987136841,0.800000011920929,0.27579113841056824,-1.554951548576355,1.0000000|0.0000000|0.0000000|0.0000000|0.0000000|0.0000000|0.0000000|0.0000000|0.0000000|0.0000000,0,1.0,,0,0,0,0,0,
cross_town,Town02,mixed,9,4,0.2,-7.368211269378662,121.21024322509766,0.18517298996448517,90.1288070678711,0.0,500.0996068996452,0.0,4.76837158203125e-07,2.663161087212984e-07,0.7842046380043177,0.4440470339705102,0.03679904341697693,0.2261514663696289,0.20084087550640106,0.0,0.2261514663696289,0.20084087550640106,0.9999128580093384,0.800000011920929,2.0370516777038574,-1.6919745206832886,1.0000000|0.0000000|0.0000000|0.0000000|0.0000000|0.0000000|0.0000000|0.0000000|0.0000000|0.0000000,0,1.0,,0,0,0,0,0,
cross_town,Town02,mixed,9,5,0.25,-7.368211269378662,121.21024322509766,0.19481013715267181,90.1288070678711,0.0,500.0996068996452,0.0,4.76837158203125e-07,2.663161087212984e-07,0.6320991396905885,0.4457346676859933,0.04273706674575806,0.13182103633880615,0.15557274222373962,0.0,0.14615146815776825,0.15557274222373962,0.9998693466186523,0.800000011920929,1.9356567859649658,-1.4239933490753174,1.0000000|0.0000000|0.0000000|0.0000000|0.0000000|0.0000000|0.0000000|0.0000000|0.0000000|0.0000000,0,1.0,,0,0,0,0,0,
cross_town,Town02,mixed,9,6,0.3,-7.368211269378662,121.21024322509766,0.2023397833108902,90.1288070678711,0.0,500.0996068996452,0.0,4.76837158203125e-07,2.663161087212984e-07,0.4844073235988661,0.4405007069646578,0.05597296357154846,0.4639832079410553,0.24401649832725525,0.0,0.2261514663696289,0.23557274043560028,0.9999994039535522,0.800000011920929,3.273097515106201,-1.801627516746521,1.0000000|0.0000000|0.0000000|0.0000000|0.0000000|0.0000000|0.0000000|0.0000000|0.0000000|0.0000000,0,1.0,,0,0,0,0,0,
cross_town,Town02,mixed,9,7,0.35,-7.368211269378662,121.21024322509766,0.20799346268177032,90.1288070678711,0.0,500.0996068996452,0.0,4.76837158203125e-07,2.663161087212984e-07,0.3589456558230517,0.446949875886152,0.06360596418380737,0.13424795866012573,0.08660613000392914,0.0,0.14615146815776825,0.15557274222373962,0.9355077147483826,0.800000011920929,0.3686358332633972,-1.4992374181747437,1.0000000|0.0000000|0.0000000|0.0000000|0.0000000|0.0000000|0.0000000|0.0000000|0.0000000|0.0000000,0,1.0,637.7157590505378,0,0,0,0,0,
cross_town,Town02,mixed,9,8,0.4,-7.368211269378662,121.21024322509766,0.21212267875671387,90.1288070678711,0.0,500.0996068996452,0.0,4.76837158203125e-07,2.663161087212984e-07,0.25964901745323604,0.44064775162378805,0.054257094860076904,0.4497952461242676,0.2421102523803711,0.0,0.2261514663696289,0.23557274043560028,0.9985289573669434,0.800000011920929,1.3300766944885254,-1.8391534090042114,1.0000000|0.0000000|0.0000000|0.0000000|0.0000000|0.0000000|0.0000000|0.0000000|0.0000000|0.0000000,0,1.0,407.5680402470465,0,0,0,0,0,
cross_town,Town02,mixed,9,9,0.45,-7.368211269378662,121.21024322509766,0.21507762372493744,90.1288070678711,0.0,500.0996068996452,0.0,4.76837158203125e-07,2.663161087212984e-07,0.18444740027279774,0.45637375169896305,0.061364203691482544,0.1324673891067505,0.08962144702672958,0.0,0.14615146815776825,0.15557274222373962,0.8412689566612244,0.800000011920929,0.11692502349615097,-1.5067256689071655,1.0000000|0.0000000|0.0000000|0.0000000|0.0000000|0.0000000|0.0000000|0.0000000|0.0000000|0.0000000,0,1.0,302.12736208206644,0,0,0,0,0,
cross_town,Town02,mixed,9,10,0.5,-7.368211269378662,121.21024322509766,0.21715927124023438,90.1288070678711,0.0,500.0996068996452,0.0,4.76837158203125e-07,2.663161087212984e-07,0.12919056862625328,0.4423825448085172,0.05357921123504639,0.44154977798461914,0.23897866904735565,0.0,0.2261514663696289,0.23557274043560028,0.9811810255050659,0.800000011920929,0.6884727478027344,-1.8562448024749756,1.0000000|0.0000000|0.0000000|0.0000000|0.0000000|0.0000000|0.0000000|0.0000000|0.0000000|0.0000000,0,1.0,233.6796103481694,0,0,0,0,0,
cross_town,Town02,mixed,9,11,0.55,-7.368211269378662,121.21024322509766,0.218607559800148,90.1288070678711,0.0,500.0996068996452,0.0,4.76837158203125e-07,2.663161087212984e-07,0.08946149423752216,0.4599410360375226,0.060573428869247437,0.13153940439224243,0.08968376368284225,0.0,0.14615146815776825,0.15557274222373962,0.805596113204956,0.800000011920929,0.05541123077273369,-1.5084172487258911,1.0000000|0.0000000|0.0000000|0.0000000|0.0000000|0.0000000|0.0000000|0.0000000|0.0000000|0.0000000,0,1.0,206.16989865044883,0,0,0,0,0,
cross_town,Town02,mixed,9,12,0.6,-7.368211269378662,121.21024322509766,0.21960502862930298,90.1288070678711,0.0,500.0996068996452,0.0,4.76837158203125e-07,2.663161087212984e-07,0.0613769754768804,0.44369076543808367,0.05321455001831055,0.43704843521118164,0.2372017800807953,0.0,0.2261514663696289,0.23557274043560028,0.9680988192558289,0.800000011920929,0.5531728267669678,-1.8654842376708984,1.0000000|0.0000000|0.0000000|0.0000000|0.0000000|0.0000000|0.0000000|0.0000000|0.0000000|0.0000000,0,1.0,176.88657344596905,0,0,0,0,0,
cross_town,Town02,mixed,9,13,0.65,-7.368211269378662,121.21024322509766,0.22028620541095734,90.1288070678711,0.0,500.0996068996452,0.0,4.76837158203125e-07,2.663161087212984e-07,0.04177726283727166,0.46076543980732654,0.06030440330505371,0.13103872537612915,0.08904117345809937,0.0,0.14615146815776825,0.15557274222373962,0.7973520755767822,0.800000011920929,0.0424564927816391,-1.5082911252975464,1.0000000|0.0000000|0.0000000|0.0000000|0.0000000|0.0000000|0.0000000|0.0000000|0.0000000|0.0000000,0,1.0,155.2281147118805,0,0,0,0,0,
cross_town,Town02,mixed,9,14,0.7,-7.368211269378662,121.21024322509766,0.22074812650680542,90.1288070678711,0.0,500.0996068996452,0.0,4.76837158203125e-07,2.663161087212984e-07,0.028249967473279645,0.44416501575297906,0.05303680896759033,0.4345305860042572,0.23643437027931213,0.0,0.2261514663696289,0.23557274043560028,0.9633563160896301,0.800000011920929,0.5172954201698303,-1.8676400184631348,1.0000000|0.0000000|0.0000000|0.0000000|0.0000000|0.0000000|0.0000000|0.0000000|0.0000000|0.0000000,0,1.0,142.96848751600223,0,0,0,0,0,
cross_town,Town02,mixed,9,15,0.75,-7.368211269378662,121.21024322509766,0.2210594117641449,90.1288070678711,0.0,500.0996068996452,0.0,4.76837158203125e-07,2.663161087212984e-07,0.01898900885642259,0.4607524936713788,0.06017544865608215,0.13079553842544556,0.08871995657682419,0.0,0.14615146815776825,0.15557274222373962,0.7974815368652344,0.800000011920929,0.042656973004341125,-1.5082324743270874,1.0000000|0.0000000|0.0000000|0.0000000|0.0000000|0.0000000|0.0000000|0.0000000|0.0000000|0.0000000,0,1.0,127.76581059479591,0,0,0,0,0,
cross_town,Town02,mixed,9,16,0.8,-7.368211269378662,121.21024322509766,0.22126807272434235,90.1288070678711,0.0,500.0996068996452,0.0,4.76837158203125e-07,2.663161087212984e-07,0.012703834567791063,0.4443658476415943,0.05296355485916138,0.4333527088165283,0.23603957891464233,0.0,0.2261514663696289,0.23557274043560028,0.9613479971885681,0.800000011920929,0.5034340620040894,-1.868484377861023,1.0000000|0.0000000|0.0000000|0.0000000|0.0000000|0.0000000|0.0000000|0.0000000|0.0000000|0.0000000,0,1.0,116.75568966887707,0,0,0,0,0,
cross_town,Town02,mixed,9,17,0.85,-7.368211269378662,121.21024322509766,0.22140727937221527,90.1288070678711,0.0,500.0996068996452,0.0,4.76837158203125e-07,2.663161087212984e-07,0.008462013218688448,0.4606207674136227,0.06011548638343811,0.13068169355392456,0.08856763690710068,0.0,0.14615146815776825,0.15557274222373962,0.7987987995147705,0.800000011920929,0.044700928032398224,-1.5082045793533325,1.0000000|0.0000000|0.0000000|0.0000000|0.0000000|0.0000000|0.0000000|0.0000000|0.0000000|0.0000000,0,1.0,108.99168779809276,0,0,0,0,0,
cross_town,Town02,mixed,9,18,0.9,-7.368211269378662,121.21024322509766,0.22140727937221527,90.1288070678711,0.0,500.0996068996452,0.0,4.76837158203125e-07,2.663161087212984e-07,0.0,0.4444530373181484,0.05292975902557373,0.43280839920043945,0.23585611581802368,0.0,0.2261514663696289,0.23557274043560028,0.9604761004447937,0.800000011920929,0.4976310133934021,-1.8688727617263794,1.0000000|0.0000000|0.0000000|0.0000000|0.0000000|0.0000000|0.0000000|0.0000000|0.0000000|0.0000000,0,1.0,100.02601525741288,0,0,0,0,0,
cross_town,Town02,mixed,9,19,0.95,-7.368211269378662,121.21024322509766,0.2215089052915573,90.1288070678711,0.0,500.0996068996452,0.0,4.76837158203125e-07,2.663161087212984e-07,0.0021905707894810853,0.4604701047526035,0.060066789388656616,0.1305888593196869,0.088442362844944,0.0,0.14615146815776825,0.15557274222373962,0.8003054261207581,0.800000011920929,0.0470510795712471,-1.5081828832626343,1.0000000|0.0000000|0.0000000|0.0000000|0.0000000|0.0000000|0.0000000|0.0000000|0.0000000|0.0000000,0,1.0,94.00014822013489,0,0,0,0,0,
cross_town,Town02,mixed,9,20,1.0,-7.368211269378662,121.21024322509766,0.221542090177536,90.1288070678711,0.0,500.0996068996452,0.0,4.76837158203125e-07,2.663161087212984e-07,0.002423103224835768,0.44450371915017667,0.052909672260284424,0.4324842095375061,0.23574642837047577,0.0,0.2261514663696289,0.23557274043560028,0.9599692821502686,0.800000011920929,0.49431338906288147,-1.869103193283081,1.0000000|0.0000000|0.0000000|0.0000000|0.0000000|0.0000000|0.0000000|0.0000000|0.0000000|0.0000000,0,1.0,87.23172443068039,0,0,0,0,0,
cross_town,Town02,mixed,9,21,1.05,-7.368211269378662,121.21024322509766,0.22157405316829681,90.1288070678711,0.0,500.0996068996452,0.0,4.76837158203125e-07,2.663161087212984e-07,0.0021799620242616354,0.4605027084937263,0.06007605791091919,0.1306065320968628,0.08846636116504669,0.0,0.14615146815776825,0.15557274222373962,0.7999793887138367,0.800000011920929,0.04654135927557945,-1.5081874132156372,1.0000000|0.0000000|0.0000000|0.0000000|0.0000000|0.0000000|0.0000000|0.0000000|0.0000000|0.0000000,0,1.0,82.51585884210797,0,0,0,0,0,
cross_town,Town02,mixed,9,22,1.1,-7.368211269378662,121.21024322509766,0.22160109877586365,90.1288070678711,0.0,500.0996068996452,0.0,4.76837158203125e-07,2.663161087212984e-07,0.001781330025028329,0.44450380855705857,0.05290961265563965,0.43248337507247925,0.2357461154460907,0.0,0.2261514663696289,0.23557274043560028,0.9599683880805969,0.800000011920929,0.49430790543556213,-1.8691037893295288,1.0000000|0.0000000|0.0000000|0.0000000|0.0000000|0.0000000|0.0000000|0.0000000|0.0000000|0.0000000,0,1.0,77.26567195470257,0,0,0,0,0,
cross_town,Town02,mixed,9,23,1.15,-7.368211269378662,121.21024322509766,0.22162246704101562,90.1288070678711,0.0,500.0996068996452,0.0,4.76837158203125e-07,2.663161087212984e-07,0.0013749732637815479,0.46049421483190844,0.06007358431816101,0.13060182332992554,0.08845999091863632,0.0,0.14615146815776825,0.15557274222373962,0.8000643253326416,0.800000011920929,0.04667412489652634,-1.508185625076294,1.0000000|0.0000000|0.0000000|0.0000000|0.0000000|0.0000000|0.0000000|0.0000000|0.0000000|0.0000000,0,1.0,73.49735860792458,0,0,0,0,0,
cross_town,Town02,mixed,9,24,1.2,-7.368211269378662,121.21024322509766,0.22163856029510498,90.1288070678711,0.0,500.0996068996452,0.0,4.76837158203125e-07,2.663161087212984e-07,0.0010263976888594756,0.44451025777967645,0.05290704965591431,0.4324418306350708,0.23573218286037445,0.0,0.2261514663696289,0.23557274043560028,0.95990389585495,0.800000011920929,0.4938889145851135,-1.8691335916519165,1.0000000|0.0000000|0.0000000|0.0000000|0.0000000|0.0000000|0.0000000|0.0000000|0.0000000|0.0000000,0,1.0,69.32810912642181,0,0,0,0,0,
cross_town,Town02,mixed,9,25,1.25,-7.368211269378662,121.21024322509766,0.2216503918170929,90.1288070678711,0.0,500.0996068996452,0.0,4.76837158203125e-07,2.663161087212984e-07,0.0007478599714346547,0.46048414760675466,0.06007075309753418,0.13059628009796143,0.08845234662294388,0.0,0.14615146815776825,0.15557274222373962,0.8001649975776672,0.800000011920929,0.0468314066529274,-1.5081850290298462,1.0000000|0.0000000|0.0000000|0.0000000|0.0000000|0.0000000|0.0000000|0.0000000|0.0000000|0.0000000,0,1.0,66.25176238999246,0,0,0,0,0,
cross_town,Town02,mixed,9,26,1.3,-7.368211269378662,121.21024322509766,0.22165897488594055,90.1288070678711,0.0,500.0996068996452,0.0,4.76837158203125e-07,2.663161087212984e-07,0.0005316009397256499,0.44451526456923696,0.05290505290031433,0.4324093461036682,0.2357211709022522,0.0,0.2261514663696289,0.23557274043560028,0.9598538279533386,0.800000011920929,0.4935632646083832,-1.8691562414169312,1.0000000|0.0000000|0.0000000|0.0000000|0.0000000|0.0000000|0.0000000|0.0000000|0.0000000|0.0000000,0,1.0,62.87185037012342,0,0,0,0,0,
cross_town,Town02,mixed,9,27,1.35,-7.368211269378662,121.21024322509766,0.2216614931821823,90.1288070678711,0.0,500.0996068996452,0.0,4.76837158203125e-07,2.663161087212984e-07,0.00016359328710372373,0.46047741824300525,0.06006881594657898,0.1305927038192749,0.08844766020774841,0.0,0.14615146815776825,0.15557274222373962,0.8002322912216187,0.800000011920929,0.0469367653131485,-1.5081835985183716,1.0000000|0.0000000|0.0000000|0.0000000|0.0000000|0.0000000|0.0000000|0.0000000|0.0000000|0.0000000,0,1.0,60.309857662262196,0,0,0,0,0,
cross_town,Town02,mixed,9,28,1.4,-7.368211269378662,121.21024322509766,0.22166430950164795,90.1288070678711,0.0,500.0996068996452,0.0,4.76837158203125e-07,2.663161087212984e-07,0.00021993254782039034,0.44451993161354947,0.052903175354003906,0.4323791563510895,0.2357110232114792,0.0,0.2261514663696289,0.23557274043560028,0.9598071575164795,0.800000011920929,0.49326103925704956,-1.8691784143447876,1.0000000|0.0000000|0.0000000|0.0000000|0.0000000|0.0000000|0.0000000|0.0000000|0.0000000|0.0000000,0,1.0,57.521582026131625,0,0,0,0,0,
cross_town,Town02,mixed,9,29,1.45,-7.368211269378662,121.21024322509766,0.2216673195362091,90.1288070678711,0.0,500.0996068996452,0.0,4.76837158203125e-07,2.663161087212984e-07,0.00021207046678628892,0.4604731505504776,0.06006765365600586,0.13059043884277344,0.0884445533156395,0.0,0.14615146815776825,0.15557274222373962,0.8002749681472778,0.800000011920929,0.04700351879000664,-1.5081831216812134,1.0000000|0.0000000|0.0000000|0.0000000|0.0000000|0.0000000|0.0000000|0.0000000|0.0000000|0.0000000,0,1.0,55.349879975681574,0,0,0,0,0,
cross_town,Town02,mixed,9,30,1.5,-7.368211269378662,121.21024322509766,0.2216700315475464,90.1288070678711,0.0,500.0996068996452,0.0,4.76837158203125e-07,2.663161087212984e-07,0.00018065644288186517,0.444519538222889,0.052903324365615845,0.432381808757782,0.23571182787418365,0.0,0.2261514663696289,0.23557274043560028,0.9598110914230347,0.800000011920929,0.4932861924171448,-1.869175672531128,1.0000000|0.0000000|0.0000000|0.0000000|0.0000000|0.0000000|0.0000000|0.0000000|0.0000000|0.0000000,0,1.0,53.014792635918866,0,0,0,0,0,
cross_town,Town02,mixed,9,31,1.55,-7.368211269378662,121.21024322509766,0.2216722071170807,90.1288070678711,0.0,500.0996068996452,0.0,4.76837158203125e-07,2.663161087212984e-07,0.0001431655976768521,0.46047263795041715,0.060067445039749146,0.1305900514125824,0.08844414353370667,0.0,0.14615146815776825,0.15557274222373962,0.8002800941467285,0.800000011920929,0.04701141268014908,-1.508183240890503,1.0000000|0.0000000|0.0000000|0.0000000|0.0000000|0.0000000|0.0000000|0.0000000|0.0000000|0.0000000,0,1.0,51.14518141199249,0,0,0,0,0,
cross_town,Town02,mixed,9,32,1.6,-7.368211269378662,121.21024322509766,0.2216738909482956,90.1288070678711,0.0,500.0996068996452,0.0,4.76837158203125e-07,2.663161087212984e-07,0.00011061858842439667,0.4445200508227971,0.05290311574935913,0.4323781728744507,0.23571065068244934,0.0,0.2261514663696289,0.23557274043560028,0.959805965423584,0.800000011920929,0.4932526648044586,-1.8691787719726562,1.0000000|0.0000000|0.0000000|0.0000000|0.0000000|0.0000000|0.0000000|0.0000000|0.0000000|0.0000000,0,1.0,49.16275833781074,0,0,0,0,0,
cross_town,Town02,mixed,9,33,1.65,-7.368211269378662,121.21024322509766,0.22167514264583588,90.1288070678711,0.0,500.0996068996452,0.0,4.76837158203125e-07,2.663161087212984e-07,8.02001996395769e-05,0.4604716425529683,0.060067206621170044,0.13058966398239136,0.08844347298145294,0.0,0.14615146815776825,0.15557274222373962,0.800290048122406,0.800000011920929,0.04702705517411232,-1.5081827640533447,1.0000000|0.0000000|0.0000000|0.0000000|0.0000000|0.0000000|0.0000000|0.0000000|0.0000000|0.0000000,0,1.0,47.49547477099584,0,0,0,0,0,
cross_town,Town02,mixed,9,34,1.7,-7.368211269378662,121.21024322509766,0.22167514264583588,90.1288070678711,0.0,500.0996068996452,0.0,4.76837158203125e-07,2.663161087212984e-07,5.589294770045035e-05,0.4445205813041888,0.052902936935424805,0.43237513303756714,0.23570959270000458,0.0,0.2261514663696289,0.23557274043560028,0.959800660610199,0.800000011920929,0.49321889877319336,-1.8691812753677368,1.0000000|0.0000000|0.0000000|0.0000000|0.0000000|0.0000000|0.0000000|0.0000000|0.0000000|0.0000000,0,1.0,45.799972079211685,0,0,0,0,0,
cross_town,Town02,mixed,9,35,1.75,-7.368211269378662,121.21024322509766,0.22167648375034332,90.1288070678711,0.0,500.0996068996452,0.0,4.76837158203125e-07,2.663161087212984e-07,1.0574340712924485e-05,0.4604708915344426,0.06006699800491333,0.13058924674987793,0.08844286948442459,0.0,0.14615146815776825,0.15557274222373962,0.8002975583076477,0.800000011920929,0.04703885689377785,-1.5081826448440552,1.0000000|0.0000000|0.0000000|0.0000000|0.0000000|0.0000000|0.0000000|0.0000000|0.0000000|0.0000000,0,1.0,44.37802062868203,0,0,0,0,0,
cross_town,Town02,mixed,9,36,1.8,-7.368211269378662,121.21024322509766,0.22167648375034332,90.1288070678711,0.0,500.0996068996452,0.0,4.76837158203125e-07,2.663161087212984e-07,2.2384688348030012e-05,0.4445211713901518,0.05290272831916809,0.4323713779449463,0.2357083112001419,0.0,0.2261514663696289,0.23557274043560028,0.9597947597503662,0.800000011920929,0.493180513381958,-1.8691831827163696,1.0000000|0.0000000|0.0000000|0.0000000|0.0000000|0.0000000|0.0000000|0.0000000|0.0000000|0.0000000,0,1.0,42.903018939158784,0,0,0,0,0,
cross_town,Town02,mixed,9,37,1.85,-7.368211269378662,121.21024322509766,0.22167648375034332,90.1288070678711,0.0,500.0996068996452,0.0,4.76837158203125e-07,2.663161087212984e-07,2.1732471871397643e-05,0.460470444499502,0.06006684899330139,0.13058888912200928,0.08844276517629623,0.0,0.14615146815776825,0.15557274222373962,0.8003020286560059,0.800000011920929,0.04704570025205612,-1.508182168006897,1.0000000|0.0000000|0.0000000|0.0000000|0.0000000|0.0000000|0.0000000|0.0000000|0.0000000|0.0000000,0,1.0,41.64517959064907,0,0,0,0,0,
cross_town,Town02,mixed,9,38,1.9,-7.368211269378662,121.21024322509766,0.22167648375034332,90.1288070678711,0.0,500.0996068996452,0.0,4.76837158203125e-07,2.663161087212984e-07,1.92947608654003e-05,0.44452101641790037,0.05290272831916809,0.4323716163635254,0.23570853471755981,0.0,0.2261514663696289,0.23557274043560028,0.9597963094711304,0.800000011920929,0.4931907653808594,-1.86918306350708,1.0000000|0.0000000|0.0000000|0.0000000|0.0000000|0.0000000|0.0000000|0.0000000|0.0000000|0.0000000,0,1.0,40.36727657244263,0,0,0,0,0,
cross_town,Town02,mixed,9,39,1.95,-7.368211269378662,121.21024322509766,0.22167648375034332,90.1288070678711,0.0,500.0996068996452,0.0,4.76837158203125e-07,2.663161087212984e-07,1.8676920943163142e-05,0.4604703491320098,0.06006687879562378,0.13058894872665405,0.08844253420829773,0.0,0.14615146815776825,0.15557274222373962,0.8003029823303223,0.800000011920929,0.04704732820391655,-1.508182406425476,1.0000000|0.0000000|0.0000000|0.0000000|0.0000000|0.0000000|0.0000000|0.0000000|0.0000000|0.0000000,0,1.0,39.22171904754009,0,0,0,0,0,
cross_town,Town02,mixed,9,40,2.0,-7.368211269378662,121.21024322509766,0.22167761623859406,90.1288070678711,0.0,500.0996068996452,0.0,4.76837158203125e-07,2.663161087212984e-07,1.496891661798785e-05,0.4445210641017295,0.052902668714523315,0.43237173557281494,0.2357085943222046,0.0,0.2261514663696289,0.23557274043560028,0.9597958326339722,0.800000011920929,0.4931875765323639,-1.8691831827163696,1.0000000|0.0000000|0.0000000|0.0000000|0.0000000|0.0000000|0.0000000|0.0000000|0.0000000|0.0000000,0,1.0,38.117901104603625,0,0,0,0,0,
cross_town,Town02,mixed,9,41,2.05,-7.368211269378662,121.21024322509766,0.22167761623859406,90.1288070678711,0.0,500.0996068996452,0.0,4.76837158203125e-07,2.663161087212984e-07,8.205569528013826e-06,0.4604703312507785,0.060066819190979004,0.13058888912200928,0.08844266831874847,0.0,0.14615146815776825,0.15557274222373962,0.8003031611442566,0.800000011920929,0.04704757779836655,-1.5081828832626343,1.0000000|0.0000000|0.0000000|0.0000000|0.0000000|0.0000000|0.0000000|0.0000000|0.0000000|0.0000000,0,1.0,37.07951150818517,0,0,0,0,0,
cross_town,Town02,mixed,9,42,2.1,-7.368211269378662,121.21024322509766,0.22167761623859406,90.1288070678711,0.0,500.0996068996452,0.0,4.76837158203125e-07,2.663161087212984e-07,7.0724629489301314e-06,0.44452115350871896,0.052902668714523315,0.4323711395263672,0.2357082962989807,0.0,0.2261514663696289,0.23557274043560028,0.9597949385643005,0.800000011920929,0.4931820034980774,-1.8691829442977905,1.0000000|0.0000000|0.0000000|0.0000000|0.0000000|0.0000000|0.0000000|0.0000000|0.0000000|0.0000000,0,1.0,36.094147383911604,0,0,0,0,0,
cross_town,Town02,mixed,9,43,2.15,-7.368211269378662,121.21024322509766,0.22167761623859406,90.1288070678711,0.0,500.0996068996452,0.0,4.76837158203125e-07,2.663161087212984e-07,4.842316693348156e-06,0.4604702239624042,0.060066819190979004,0.1305888593196869,0.08844241499900818,0.0,0.14615146815776825,0.15557274222373962,0.8003042340278625,0.800000011920929,0.04704922437667847,-1.5081831216812134,1.0000000|0.0000000|0.0000000|0.0000000|0.0000000|0.0000000|0.0000000|0.0000000|0.0000000|0.0000000,0,1.0,35.15980914973305,0,0,0,0,0,
cross_town,Town02,mixed,9,44,2.2,-7.368211269378662,121.21024322509766,0.22167761623859406,90.1288070678711,0.0,500.0996068996452,0.0,4.76837158203125e-07,2.663161087212984e-07,2.0599387839383805e-06,0.4445211713899708,0.052902668714523315,0.43237102031707764,0.23570816218852997,0.0,0.2261514663696289,0.23557274043560028,0.9597947597503662,0.800000011920929,0.4931807518005371,-1.8691836595535278,1.0000000|0.0000000|0.0000000|0.0000000|0.0000000|0.0000000|0.0000000|0.0000000|0.0000000|0.0000000,0,1.0,34.17053941911893,0,0,0,0,0,
cross_town,Town02,mixed,9,45,2.25,-7.368211269378662,121.21024322509766,0.22167761623859406,90.1288070678711,0.0,500.0996068996452,0.0,4.76837158203125e-07,2.663161087212984e-07,4.602086539549758e-06,0.46047014051571505,0.060066819190979004,0.13058879971504211,0.08844238519668579,0.0,0.14615146815776825,0.15557274222373962,0.8003050684928894,0.800000011920929,0.047050461173057556,-1.5081828832626343,1.0000000|0.0000000|0.0000000|0.0000000|0.0000000|0.0000000|0.0000000|0.0000000|0.0000000|0.0000000,0,1.0,33.949972616474376,0,0,0,0,0,
cross_town,Town02,mixed,9,46,2.3,-7.368211269378662,121.21024322509766,0.22167761623859406,90.1288070678711,0.0,500.0996068996452,0.0,4.76837158203125e-07,2.663161087212984e-07,7.175452014980437e-06,0.4445212071527544,0.052902668714523315,0.4323709011077881,0.23570828139781952,0.0,0.2261514663696289,0.23557274043560028,0.9597944021224976,0.800000011920929,0.4931783080101013,-1.8691835403442383,1.0000000|0.0000000|0.0000000|0.0000000|0.0000000|0.0000000|0.0000000|0.0000000|0.0000000|0.0000000,0,1.0,33.77514685065659,0,0,0,0,0,
cross_town,Town02,mixed,9,47,2.35,-7.368211269378662,121.21024322509766,0.22167761623859406,90.1288070678711,0.0,500.0996068996452,0.0,4.76837158203125e-07,2.663161087212984e-07,6.454474226881218e-06,0.46047021204144467,0.060066819190979004,0.13058888912200928,0.08844234049320221,0.0,0.14615146815776825,0.15557274222373962,0.8003043532371521,0.800000011920929,0.04704941064119339,-1.5081828832626343,1.0000000|0.0000000|0.0000000|0.0000000|0.0000000|0.0000000|0.0000000|0.0000000|0.0000000|0.0000000,0,1.0,32.74998097453628,0,0,0,0,0,
cross_town,Town02,mixed,9,48,2.4,-7.368211269378662,121.21024322509766,0.22167761623859406,90.1288070678711,0.0,500.0996068996452,0.0,4.76837158203125e-07,2.663161087212984e-07,5.321506863295583e-06,0.4445211415878501,0.052902668714523315,0.43237102031707764,0.23570837080478668,0.0,0.2261514663696289,0.23557274043560028,0.9597950577735901,0.800000011920929,0.4931827485561371,-1.8691837787628174,1.0000000|0.0000000|0.0000000|0.0000000|0.0000000|0.0000000|0.0000000|0.0000000|0.0000000|0.0000000,0,1.0,32.41271857139183,0,0,0,0,0,
cross_town,Town02,mixed,9,49,2.45,-7.368211269378662,121.21024322509766,0.22167761623859406,90.1288070678711,0.0,500.0996068996452,0.0,4.76837158203125e-07,2.663161087212984e-07,5.083916142096923e-06,0.4604701583972105,0.060066819190979004,0.1305888593196869,0.08844240754842758,0.0,0.14615146815776825,0.15557274222373962,0.8003048896789551,0.800000011920929,0.047050319612026215,-1.5081831216812134,1.0000000|0.0000000|0.0000000|0.0000000|0.0000000|0.0000000|0.0000000|0.0000000|0.0000000|0.0000000,0,1.0,31.38401552504094,0,0,0,0,0,
cross_town,Town02,mixed,9,50,2.5,-7.368211269378662,121.21024322509766,0.22167761623859406,90.1288070678711,0.0,500.0996068996452,0.0,4.76837158203125e-07,2.663161087212984e-07,4.909627114881953e-06,0.4445211713896791,0.052902668714523315,0.4323709011077881,0.23570823669433594,0.0,0.2261514663696289,0.23557274043560028,0.9597947597503662,0.800000011920929,0.4931803345680237,-1.8691836595535278,1.0000000|0.0000000|0.0000000|0.0000000|0.0000000|0.0000000|0.0000000|0.0000000|0.0000000|0.0000000,0,1.0,31.00344364207896,0,0,0,0,0,
cross_town,Town02,mixed,9,51,2.55,-7.368211269378662,121.21024322509766,0.22167761623859406,90.1288070678711,0.0,500.0996068996452,0.0,4.76837158203125e-07,2.663161087212984e-07,5.5970170493559566e-06,0.46047014051585466,0.060066789388656616,0.13058888912200928,0.08844241499900818,0.0,0.14615146815776825,0.15557274222373962,0.8003050684928894,0.800000011920929,0.04705045372247696,-1.5081828832626343,1.0000000|0.0000000|0.0000000|0.0000000|0.0000000|0.0000000|0.0000000|0.0000000|0.0000000|0.0000000,0,1.0,30.026065736816804,0,0,0,0,0,
cross_town,Town02,mixed,9,52,2.6,-7.368211269378662,121.21024322509766,0.22167761623859406,90.1288070678711,0.0,500.0996068996452,0.0,4.76837158203125e-07,2.663161087212984e-07,3.013292620578235e-07,0.44452117138986025,0.052902668714523315,0.4323709011077881,0.23570822179317474,0.0,0.2261514663696289,0.23557274043560028,0.9597947597503662,0.800000011920929,0.4931805729866028,-1.8691836595535278,1.0000000|0.0000000|0.0000000|0.0000000|0.0000000|0.0000000|0.0000000|0.0000000|0.0000000|0.0000000,0,1.0,29.644759226095257,0,0,0,0,0,
cross_town,Town02,mixed,9,53,2.65,-7.368211269378662,121.21024322509766,0.22167761623859406,90.1288070678711,0.0,500.0996068996452,0.0,4.76837158203125e-07,2.663161087212984e-07,9.956545321797375e-07,0.4604701464759302,0.060066819190979004,0.1305888593196869,0.0884423702955246,0.0,0.14615146815776825,0.15557274222373962,0.8003050088882446,0.800000011920929,0.04705040529370308,-1.5081825256347656,1.0000000|0.0000000|0.0000000|0.0000000|0.0000000|0.0000000|0.0000000|0.0000000|0.0000000|0.0000000,0,1.0,28.731495868212978,0,0,0,0,0,
cross_town,Town02,mixed,9,54,2.7,-7.368211269378662,121.21024322509766,0.22167761623859406,90.1288070678711,0.0,500.0996068996452,0.0,4.76837158203125e-07,2.663161087212984e-07,1.6823053619278872e-06,0.4445211833110409,0.05290260910987854,0.43237072229385376,0.23570820689201355,0.0,0.2261514663696289,0.23557274043560028,0.9597946405410767,0.800000011920929,0.4931796193122864,-1.8691836595535278,1.0000000|0.0000000|0.0000000|0.0000000|0.0000000|0.0000000|0.0000000|0.0000000|0.0000000|0.0000000,0,1.0,28.3623484385615,0,0,0,0,0,
cross_town,Town02,mixed,9,55,2.75,-7.368211269378662,121.21024322509766,0.22167761623859406,90.1288070678711,0.0,500.0996068996452,0.0,4.76837158203125e-07,2.663161087212984e-07,2.405301254217027e-06,0.4604701405158892,0.060066819190979004,0.1305888295173645,0.08844230324029922,0.0,0.14615146815776825,0.15557274222373962,0.8003050684928894,0.800000011920929,0.04705052822828293,-1.5081828832626343,1.0000000|0.0000000|0.0000000|0.0000000|0.0000000|0.0000000|0.0000000|0.0000000|0.0000000|0.0000000,0,1.0,27.527697192077312,0,0,0,0,0,
cross_town,Town02,mixed,9,56,2.8,-7.368211269378662,121.21024322509766,0.22167761623859406,90.1288070678711,0.0,500.0996068996452,0.0,4.76837158203125e-07,2.663161087212984e-07,3.0899075777026372e-06,0.44452118331096885,0.05290263891220093,0.43237078189849854,0.23570819199085236,0.0,0.2261514663696289,0.23557274043560028,0.9597946405410767,0.800000011920929,0.4931793808937073,-1.8691835403442383,1.0000000|0.0000000|0.0000000|0.0000000|0.0000000|0.0000000|0.0000000|0.0000000|0.0000000|0.0000000,0,1.0,27.177054143879,0,0,0,0,0,
cross_town,Town02,mixed,9,57,2.85,-7.368211269378662,121.21024322509766,0.22167761623859406,90.1288070678711,0.0,500.0996068996452,0.0,4.76837158203125e-07,2.663161087212984e-07,3.74222020746053e-06,0.46047012859495745,0.060066819190979004,0.1305888593196869,0.08844234049320221,0.0,0.14615146815776825,0.15557274222373962,0.800305187702179,0.800000011920929,0.04705072194337845,-1.5081828832626343,1.0000000|0.0000000|0.0000000|0.0000000|0.0000000|0.0000000|0.0000000|0.0000000|0.0000000|0.0000000,0,1.0,26.40980617047989,0,0,0,0,0,
cross_town,Town02,mixed,9,58,2.9,-7.368211269378662,121.21024322509766,0.22167761623859406,90.1288070678711,0.0,500.0996068996452,0.0,4.76837158203125e-07,2.663161087212984e-07,4.360231092839755e-06,0.4445211833111008,0.052902668714523315,0.43237102031707764,0.23570822179317474,0.0,0.2261514663696289,0.23557274043560028,0.9597946405410767,0.800000011920929,0.49317970871925354,-1.8691835403442383,1.0000000|0.0000000|0.0000000|0.0000000|0.0000000|0.0000000|0.0000000|0.0000000|0.0000000|0.0000000,0,1.0,26.07689516467755,0,0,0,0,0,
cross_town,Town02,mixed,9,59,2.95,-7.368211269378662,121.21024322509766,0.22167761623859406,90.1288070678711,0.0,500.0996068996452,0.0,4.76837158203125e-07,2.663161087212984e-07,4.978223594104223e-06,0.46047012859499065,0.060066789388656616,0.13058876991271973,0.08844245970249176,0.0,0.14615146815776825,0.15557274222373962,0.800305187702179,0.800000011920929,0.047050803899765015,-1.5081830024719238,1.0000000|0.0000000|0.0000000|0.0000000|0.0000000|0.0000000|0.0000000|0.0000000|0.0000000|0.0000000,0,1.0,25.37028715585813,0,0,0,0,0,
cross_town,Town02,mixed,9,60,3.0,-7.368211269378662,121.21024322509766,0.22167761623859406,90.1288070678711,0.0,500.0996068996452,0.0,4.76837158203125e-07,2.663161087212984e-07,0.0,0.44452118331109897,0.05290263891220093,0.4323708415031433,0.23570825159549713,0.0,0.2261514663696289,0.23557274043560028,0.9597946405410767,0.800000011920929,0.4931798577308655,-1.8691836595535278,1.0000000|0.0000000|0.0000000|0.0000000|0.0000000|0.0000000|0.0000000|0.0000000|0.0000000|0.0000000,0,1.0,25.054127300782756,0,0,0,0,0,
cross_town,Town02,mixed,9,61,3.05,-7.368211269378662,121.21024322509766,0.22167761623859406,90.1288070678711,0.0,500.0996068996452,0.0,4.76837158203125e-07,2.663161087212984e-07,7.209807173085915e-07,0.460470104753132,0.060066789388656616,0.1305888593196869,0.088442362844944,0.0,0.14615146815776825,0.15557274222373962,0.8003054261207581,0.800000011920929,0.0470510795712471,-1.5081828832626343,1.0000000|0.0000000|0.0000000|0.0000000|0.0000000|0.0000000|0.0000000|0.0000000|0.0000000|0.0000000,0,1.0,24.401984613921957,0,0,0,0,0,
cross_town,Town02,mixed,9,62,3.1,-7.368211269378662,121.21024322509766,0.22167761623859406,90.1288070678711,0.0,500.0996068996452,0.0,4.76837158203125e-07,2.663161087212984e-07,1.4419582382753433e-06,0.44452120715295934,0.05290263891220093,0.43237072229385376,0.23570819199085236,0.0,0.2261514663696289,0.23557274043560028,0.9597944021224976,0.800000011920929,0.49317798018455505,-1.8691835403442383,1.0000000|0.0000000|0.0000000|0.0000000|0.0000000|0.0000000|0.0000000|0.0000000|0.0000000|0.0000000,0,1.0,24.101083851332564,0,0,0,0,0,
cross_town,Town02,mixed,9,63,3.15,-7.368211269378662,121.21024322509766,0.22167761623859406,90.1288070678711,0.0,500.0996068996452,0.0,4.76837158203125e-07,2.663161087212984e-07,2.16294005794682e-06,0.4604701107135978,0.060066789388656616,0.1305888295173645,0.08844238519668579,0.0,0.14615146815776825,0.15557274222373962,0.8003053665161133,0.800000011920929,0.04705093055963516,-1.5081825256347656,1.0000000|0.0000000|0.0000000|0.0000000|0.0000000|0.0000000|0.0000000|0.0000000|0.0000000|0.0000000,0,1.0,23.497557137572755,0,0,0,0,0,
cross_town,Town02,mixed,9,64,3.2,-7.368211269378662,121.21024322509766,0.22167761623859406,90.1288070678711,0.0,500.0996068996452,0.0,4.76837158203125e-07,2.663161087212984e-07,2.8495844149900305e-06,0.44452117139017233,0.05290263891220093,0.43237102031707764,0.23570825159549713,0.0,0.2261514663696289,0.23557274043560028,0.9597947597503662,0.800000011920929,0.49318018555641174,-1.8691836595535278,1.0000000|0.0000000|0.0000000|0.0000000|0.0000000|0.0000000|0.0000000|0.0000000|0.0000000|0.0000000,0,1.0,23.210963184828035,0,0,0,0,0,
cross_town,Town02,mixed,9,65,3.25,-7.368211269378662,121.21024322509766,0.22167761623859406,90.1288070678711,0.0,500.0996068996452,0.0,4.76837158203125e-07,2.663161087212984e-07,3.5705683581727095e-06,0.46047014647638457,0.060066819190979004,0.13058888912200928,0.0884423553943634,0.0,0.14615146815776825,0.15557274222373962,0.8003050088882446,0.800000011920929,0.04705033078789711,-1.5081825256347656,1.0000000|0.0000000|0.0000000|0.0000000|0.0000000|0.0000000|0.0000000|0.0000000|0.0000000|0.0000000,0,1.0,22.651044924356892,0,0,0,0,0,
cross_town,Town02,mixed,9,66,3.3,-7.368211269378662,121.21024322509766,0.22167761623859406,90.1288070678711,0.0,500.0996068996452,0.0,4.76837158203125e-07,2.663161087212984e-07,4.2915498680027465e-06,0.44452117139017244,0.052902668714523315,0.43237102031707764,0.2357083112001419,0.0,0.2261514663696289,0.23557274043560028,0.9597947597503662,0.800000011920929,0.49318018555641174,-1.869183897972107,1.0000000|0.0000000|0.0000000|0.0000000|0.0000000|0.0000000|0.0000000|0.0000000|0.0000000|0.0000000,0,1.0,22.3770965585485,0,0,0,0,0,
cross_town,Town02,mixed,9,67,3.35,-7.368211269378662,121.21024322509766,0.22167761623859406,90.1288070678711,0.0,500.0996068996452,0.0,4.76837158203125e-07,2.663161087212984e-07,5.046860484088544e-06,0.46047012859499115,0.060066819190979004,0.13058879971504211,0.08844242990016937,0.0,0.14615146815776825,0.15557274222373962,0.800305187702179,0.800000011920929,0.04705077037215233,-1.5081831216812134,1.0000000|0.0000000|0.0000000|0.0000000|0.0000000|0.0000000|0.0000000|0.0000000|0.0000000|0.0000000,0,1.0,21.856462543655724,0,0,0,0,0,
cross_town,Town02,mixed,9,68,3.4,-7.368211269378662,121.21024322509766,0.22167761623859406,90.1288070678711,0.0,500.0996068996452,0.0,4.76837158203125e-07,2.663161087212984e-07,4.670798796789134e-06,0.44452118331103985,0.05290263891220093,0.4323708415031433,0.23570825159549713,0.0,0.2261514663696289,0.23557274043560028,0.9597946405410767,0.800000011920929,0.49317988753318787,-1.8691836595535278,1.0000000|0.0000000|0.0000000|0.0000000|0.0000000|0.0000000|0.0000000|0.0000000|0.0000000|0.0000000,0,1.0,21.59205463972478,0,0,0,0,0,
cross_town,Town02,mixed,9,69,3.45,-7.368211269378662,121.21024322509766,0.22167761623859406,90.1288070678711,0.0,500.0996068996452,0.0,4.76837158203125e-07,2.663161087212984e-07,4.46323058308115e-07,0.46047014051568214,0.060066819190979004,0.1305888593196869,0.08844242990016937,0.0,0.14615146815776825,0.15557274222373962,0.8003050684928894,0.800000011920929,0.04705048352479935,-1.5081830024719238,1.0000000|0.0000000|0.0000000|0.0000000|0.0000000|0.0000000|0.0000000|0.0000000|0.0000000|0.0000000,0,1.0,21.106016493910175,0,0,0,0,0,
cross_town,Town02,mixed,9,70,3.5,-7.368211269378662,121.21024322509766,0.22167761623859406,90.1288070678711,0.0,500.0996068996452,0.0,4.76837158203125e-07,2.663161087212984e-07,1.167300096044804e-06,0.44452122503429614,0.05290260910987854,0.432370662689209,0.23570814728736877,0.0,0.2261514663696289,0.23557274043560028,0.9597942233085632,0.800000011920929,0.4931766390800476,-1.8691833019256592,1.0000000|0.0000000|0.0000000|0.0000000|0.0000000|0.0000000|0.0000000|0.0000000|0.0000000|0.0000000,0,1.0,20.85458517372117,0,0,0,0,0,
cross_town,Town02,mixed,9,71,3.55,-7.368211269378662,121.21024322509766,0.22167761623859406,90.1288070678711,0.0,500.0996068996452,0.0,4.76837158203125e-07,2.663161087212984e-07,1.8883458296200227e-06,0.4604700868717392,0.060066819190979004,0.1305888295173645,0.08844245970249176,0.0,0.14615146815776825,0.15557274222373962,0.8003056049346924,0.800000011920929,0.04705137386918068,-1.5081822872161865,1.0000000|0.0000000|0.0000000|0.0000000|0.0000000|0.0000000|0.0000000|0.0000000|0.0000000|0.0000000,0,1.0,20.401121136875762,0,0,0,0,0,
cross_town,Town02,mixed,9,72,3.6,-7.368211269378662,121.21024322509766,0.22167761623859406,90.1288070678711,0.0,500.0996068996452,0.0,4.76837158203125e-07,2.663161087212984e-07,2.574923069206164e-06,0.4445211833110982,0.05290263891220093,0.43237078189849854,0.23570820689201355,0.0,0.2261514663696289,0.23557274043560028,0.9597946405410767,0.800000011920929,0.4931795597076416,-1.869184136390686,1.0000000|0.0000000|0.0000000|0.0000000|0.0000000|0.0000000|0.0000000|0.0000000|0.0000000|0.0000000,0,1.0,20.15994211936694,0,0,0,0,0,
cross_town,Town02,mixed,9,73,3.65,-7.368211269378662,121.21024322509766,0.22167761623859406,90.1288070678711,0.0,500.0996068996452,0.0,4.76837158203125e-07,2.663161087212984e-07,3.2959067280544027e-06,0.46047011667406135,0.060066789388656616,0.1305888295173645,0.08844229578971863,0.0,0.14615146815776825,0.15557274222373962,0.8003053069114685,0.800000011920929,0.04705081507563591,-1.5081827640533447,1.0000000|0.0000000|0.0000000|0.0000000|0.0000000|0.0000000|0.0000000|0.0000000|0.0000000|0.0000000,0,1.0,19.735566116635663,0,0,0,0,0,
cross_town,Town02,mixed,9,74,3.7,-7.368211269378662,121.21024322509766,0.22167761623859406,90.1288070678711,0.0,500.0996068996452,0.0,4.76837158203125e-07,2.663161087212984e-07,4.016921879183904e-06,0.4445211952320295,0.052902668714523315,0.4323709011077881,0.2357081174850464,0.0,0.2261514663696289,0.23557274043560028,0.9597945213317871,0.800000011920929,0.49317866563796997,-1.8691836595535278,1.0000000|0.0000000|0.0000000|0.0000000|0.0000000|0.0000000|0.0000000|0.0000000|0.0000000|0.0000000,0,1.0,19.50366794595394,0,0,0,0,0,
cross_town,Town02,mixed,9,75,3.75,-7.368211269378662,121.21024322509766,0.22167761623859406,90.1288070678711,0.0,500.0996068996452,0.0,4.76837158203125e-07,2.663161087212984e-07,4.772229959914822e-06,0.46047014051591934,0.060066789388656616,0.13058876991271973,0.08844242990016937,0.0,0.14615146815776825,0.15557274222373962,0.8003050684928894,0.800000011920929,0.047050490975379944,-1.5081833600997925,1.0000000|0.0000000|0.0000000|0.0000000|0.0000000|0.0000000|0.0000000|0.0000000|0.0000000|0.0000000,0,1.0,19.10564789315156,0,0,0,0,0,
cross_town,Town02,mixed,9,76,3.8,-7.368211269378662,121.21024322509766,0.22167761623859406,90.1288070678711,0.0,500.0996068996452,0.0,4.76837158203125e-07,2.663161087212984e-07,5.527510811497327e-06,0.44452117139017194,0.052902668714523315,0.4323711395263672,0.23570825159549713,0.0,0.2261514663696289,0.23557274043560028,0.9597947597503662,0.800000011920929,0.49318018555641174,-1.8691836595535278,1.0000000|0.0000000|0.0000000|0.0000000|0.0000000|0.0000000|0.0000000|0.0000000|0.0000000|0.0000000,0,1.0,18.882356799317055,0,0,0,0,0,
cross_town,Town02,mixed,9,77,3.85,-7.368211269378662,121.21024322509766,0.22167761623859406,90.1288070678711,0.0,500.0996068996452,0.0,4.76837158203125e-07,2.663161087212984e-07,1.7166587591203144e-07,0.46047017627870634,0.060066819190979004,0.1305888593196869,0.08844239264726639,0.0,0.14615146815776825,0.15557274222373962,0.8003047108650208,0.800000011920929,0.047049932181835175,-1.5081831216812134,1.0000000|0.0000000|0.0000000|0.0000000|0.0000000|0.0000000|0.0000000|0.0000000|0.0000000|0.0000000,0,1.0,18.508663831152948,0,0,0,0,0,
cross_town,Town02,mixed,9,78,3.9,-7.368211269378662,121.21024322509766,0.22167761623859406,90.1288070678711,0.0,500.0996068996452,0.0,4.76837158203125e-07,2.663161087212984e-07,8.926419413958255e-07,0.44452121907388775,0.05290263891220093,0.43237078189849854,0.2357081174850464,0.0,0.2261514663696289,0.23557274043560028,0.959794282913208,0.800000011920929,0.4931778907775879,-1.8691834211349487,1.0000000|0.0000000|0.0000000|0.0000000|0.0000000|0.0000000|0.0000000|0.0000000|0.0000000|0.0000000,0,1.0,18.293372496883272,0,0,0,0,0,
cross_town,Town02,mixed,9,79,3.95,-7.368211269378662,121.21024322509766,0.22167761623859406,90.1288070678711,0.0,500.0996068996452,0.0,4.76837158203125e-07,2.663161087212984e-07,1.5823165306708894e-06,0.46047008687170643,0.060066819190979004,0.1305888295173645,0.08844238519668579,0.0,0.14615146815776825,0.15557274222373962,0.8003056049346924,0.800000011920929,0.04705139622092247,-1.5081825256347656,1.0000000|0.0000000|0.0000000|0.0000000|0.0000000|0.0000000|0.0000000|0.0000000|0.0000000|0.0000000,0,1.0,17.9418774494011,0,0,0,0,0,
cross_town,Town02,mixed,9,80,4.0,-7.368211269378662,121.21024322509766,0.22167761623859406,90.1288070678711,0.0,500.0996068996452,0.0,4.76837158203125e-07,2.663161087212984e-07,2.3002648532734427e-06,0.44452120715282467,0.05290260910987854,0.4323706030845642,0.23570819199085236,0.0,0.2261514663696289,0.23557274043560028,0.9597944021224976,0.800000011920929,0.49317851662635803,-1.8691837787628174,1.0000000|0.0000000|0.0000000|0.0000000|0.0000000|0.0000000|0.0000000|0.0000000|0.0000000|0.0000000,0,1.0,17.732743350050036,0,0,0,0,0,
cross_town,Town02,mixed,9,81,4.05,-7.368211269378662,121.21024322509766,0.22167761623859406,90.1288070678711,0.0,500.0996068996452,0.0,4.76837158203125e-07,2.663161087212984e-07,3.055621102709837e-06,0.46047008687169655,0.060066789388656616,0.13058888912200928,0.08844231069087982,0.0,0.14615146815776825,0.15557274222373962,0.8003056049346924,0.800000011920929,0.04705129191279411,-1.508182406425476,1.0000000|0.0000000|0.0000000|0.0000000|0.0000000|0.0000000|0.0000000|0.0000000|0.0000000|0.0000000,0,1.0,17.40109973977382,0,0,0,0,0,
cross_town,Town02,mixed,9,82,4.1,-7.368211269378662,121.21024322509766,0.22167761623859406,90.1288070678711,0.0,500.0996068996452,0.0,4.76837158203125e-07,2.663161087212984e-07,3.777855759892251e-06,0.4445211952320128,0.052902668714523315,0.43237102031707764,0.23570814728736877,0.0,0.2261514663696289,0.23557274043560028,0.9597945213317871,0.800000011920929,0.49317893385887146,-1.8691835403442383,1.0000000|0.0000000|0.0000000|0.0000000|0.0000000|0.0000000|0.0000000|0.0000000|0.0000000|0.0000000,0,1.0,17.199614104698153,0,0,0,0,0,
cross_town,Town02,mixed,9,83,4.15,-7.368211269378662,121.21024322509766,0.22167761623859406,90.1288070678711,0.0,500.0996068996452,0.0,4.76837158203125e-07,2.663161087212984e-07,3.3325872653128325e-06,0.46047013455510855,0.06006675958633423,0.13058879971504211,0.08844238519668579,0.0,0.14615146815776825,0.15557274222373962,0.8003051280975342,0.800000011920929,0.04705067723989487,-1.5081831216812134,1.0000000|0.0000000|0.0000000|0.0000000|0.0000000|0.0000000|0.0000000|0.0000000|0.0000000|0.0000000,0,1.0,16.886822726137865,0,0,0,0,0,
cross_town,Town02,mixed,9,84,4.2,-7.368211269378662,121.21024322509766,0.22167761623859406,90.1288070678711,0.0,500.0996068996452,0.0,4.76837158203125e-07,2.663161087212984e-07,5.184214502283836e-06,0.4445211833106009,0.052902668714523315,0.4323711395263672,0.2357082962989807,0.0,0.2261514663696289,0.23557274043560028,0.9597946405410767,0.800000011920929,0.49317997694015503,-1.8691836595535278,1.0000000|0.0000000|0.0000000|0.0000000|0.0000000|0.0000000|0.0000000|0.0000000|0.0000000|0.0000000,0,1.0,16.69163427577007,0,0,0,0,0,
cross_town,Town02,mixed,9,85,4.25,-7.368211269378662,121.21024322509766,0.22167761623859406,90.1288070678711,0.0,500.0996068996452,0.0,4.76837158203125e-07,2.663161087212984e-07,5.939522626872209e-06,0.4604701703181666,0.060066819190979004,0.13058894872665405,0.08844234049320221,0.0,0.14615146815776825,0.15557274222373962,0.8003047704696655,0.800000011920929,0.047050006687641144,-1.508183240890503,1.0000000|0.0000000|0.0000000|0.0000000|0.0000000|0.0000000|0.0000000|0.0000000|0.0000000|0.0000000,0,1.0,16.39607348755676,0,0,0,0,0,
cross_town,Town02,mixed,9,86,4.3,-7.368211269378662,121.21024322509766,0.22167761623859406,90.1288070678711,0.0,500.0996068996452,0.0,4.76837158203125e-07,2.663161087212984e-07,5.493198174930783e-07,0.44452115946924137,0.052902668714523315,0.43237078189849854,0.23570823669433594,0.0,0.2261514663696289,0.23557274043560028,0.9597948789596558,0.800000011920929,0.4931808114051819,-1.8691835403442383,1.0000000|0.0000000|0.0000000|0.0000000|0.0000000|0.0000000|0.0000000|0.0000000|0.0000000|0.0000000,0,1.0,16.206905772734128,0,0,0,0,0,
cross_town,Town02,mixed,9,87,4.35,-7.368211269378662,121.21024322509766,0.22167761623859406,90.1288070678711,0.0,500.0996068996452,0.0,4.76837158203125e-07,2.663161087212984e-07,1.235968797671084e-06,0.4604701166740605,0.060066819190979004,0.1305888295173645,0.08844241499900818,0.0,0.14615146815776825,0.15557274222373962,0.8003053069114685,0.800000011920929,0.04705087095499039,-1.5081826448440552,1.0000000|0.0000000|0.0000000|0.0000000|0.0000000|0.0000000|0.0000000|0.0000000|0.0000000|0.0000000,0,1.0,15.926982281355455,0,0,0,0,0,
cross_town,Town02,mixed,9,88,4.4,-7.368211269378662,121.21024322509766,0.22167761623859406,90.1288070678711,0.0,500.0996068996452,0.0,4.76837158203125e-07,2.663161087212984e-07,3.0581990880643147e-06,0.44452118331103924,0.05290260910987854,0.432370662689209,0.23570817708969116,0.0,0.2261514663696289,0.23557274043560028,0.9597946405410767,0.800000011920929,0.4931797981262207,-1.8691835403442383,1.0000000|0.0000000|0.0000000|0.0000000|0.0000000|0.0000000|0.0000000|0.0000000|0.0000000|0.0000000,0,1.0,15.743664052361723,0,0,0,0,0,
cross_town,Town02,mixed,9,89,4.45,-7.368211269378662,121.21024322509766,0.22167761623859406,90.1288070678711,0.0,500.0996068996452,0.0,4.76837158203125e-07,2.663161087212984e-07,2.643595087964012e-06,0.4604701405156677,0.060066819190979004,0.1305888593196869,0.0884423777461052,0.0,0.14615146815776825,0.15557274222373962,0.8003050684928894,0.800000011920929,0.04705046862363815,-1.5081827640533447,1.0000000|0.0000000|0.0000000|0.0000000|0.0000000|0.0000000|0.0000000|0.0000000|0.0000000|0.0000000,0,1.0,15.478153054679735,0,0,0,0,0,
cross_town,Town02,mixed,9,90,4.5,-7.368211269378662,121.21024322509766,0.22167761623859406,90.1288070678711,0.0,500.0996068996452,0.0,4.76837158203125e-07,2.663161087212984e-07,4.464960811852987e-06,0.4445211833108444,0.052902668714523315,0.43237078189849854,0.23570823669433594,0.0,0.2261514663696289,0.23557274043560028,0.9597946405410767,0.800000011920929,0.49317997694015503,-1.86918306350708,1.0000000|0.0000000|0.0000000|0.0000000|0.0000000|0.0000000|0.0000000|0.0000000|0.0000000|0.0000000,0,1.0,15.299738322130148,0,0,0,0,0,
cross_town,Town02,mixed,9,91,4.55,-7.368211269378662,121.21024322509766,0.22167761623859406,90.1288070678711,0.0,500.0996068996452,0.0,4.76837158203125e-07,2.663161087212984e-07,4.0168801538365475e-06,0.46047011071334276,0.060066789388656616,0.13058876991271973,0.08844245970249176,0.0,0.14615146815776825,0.15557274222373962,0.8003053665161133,0.800000011920929,0.047051023691892624,-1.5081830024719238,1.0000000|0.0000000|0.0000000|0.0000000|0.0000000|0.0000000|0.0000000|0.0000000|0.0000000|0.0000000,0,1.0,15.048218846866071,0,0,0,0,0,
cross_town,Town02,mixed,9,92,4.6,-7.368211269378662,121.21024322509766,0.22167761623859406,90.1288070678711,0.0,500.0996068996452,0.0,4.76837158203125e-07,2.663161087212984e-07,4.7035513008386085e-06,0.4445211952319767,0.052902668714523315,0.43237102031707764,0.23570825159549713,0.0,0.2261514663696289,0.23557274043560028,0.9597945213317871,0.800000011920929,0.49317875504493713,-1.8691836595535278,1.0000000|0.0000000|0.0000000|0.0000000|0.0000000|0.0000000|0.0000000|0.0000000|0.0000000|0.0000000,0,1.0,14.874785537932663,0,0,0,0,0,
cross_town,Town02,mixed,9,93,4.65,-7.368211269378662,121.21024322509766,0.22167761623859406,90.1288070678711,0.0,500.0996068996452,0.0,4.76837158203125e-07,2.663161087212984e-07,5.42538872687223e-06,0.4604701405159015,0.060066819190979004,0.13058888912200928,0.0884423702955246,0.0,0.14615146815776825,0.15557274222373962,0.8003050684928894,0.800000011920929,0.047050513327121735,-1.508183479309082,1.0000000|0.0000000|0.0000000|0.0000000|0.0000000|0.0000000|0.0000000|0.0000000|0.0000000|0.0000000,0,1.0,14.635619616519723,0,0,0,0,0,
cross_town,Town02,mixed,9,94,4.7,-7.368211269378662,121.21024322509766,0.22167761623859406,90.1288070678711,0.0,500.0996068996452,0.0,4.76837158203125e-07,2.663161087212984e-07,2.746607160662256e-07,0.4445211833109826,0.052902668714523315,0.43237102031707764,0.2357083112001419,0.0,0.2261514663696289,0.23557274043560028,0.9597946405410767,0.800000011920929,0.49317997694015503,-1.8691834211349487,1.0000000|0.0000000|0.0000000|0.0000000|0.0000000|0.0000000|0.0000000|0.0000000|0.0000000|0.0000000,0,1.0,14.46673998706739,0,0,0,0,0,
cross_town,Town02,mixed,9,95,4.75,-7.368211269378662,121.21024322509766,0.22167761623859406,90.1288070678711,0.0,500.0996068996452,0.0,4.76837158203125e-07,2.663161087212984e-07,9.613091076199852e-07,0.4604701703182073,0.060066789388656616,0.13058879971504211,0.08844242990016937,0.0,0.14615146815776825,0.15557274222373962,0.8003047704696655,0.800000011920929,0.04705002158880234,-1.5081826448440552,1.0000000|0.0000000|0.0000000|0.0000000|0.0000000|0.0000000|0.0000000|0.0000000|0.0000000|0.0000000,0,1.0,14.239223369514612,0,0,0,0,0,
cross_town,Town02,mixed,9,96,4.8,-7.368211269378662,121.21024322509766,0.22167761623859406,90.1288070678711,0.0,500.0996068996452,0.0,4.76837158203125e-07,2.663161087212984e-07,2.7838104399385225e-06,0.44452118331103935,0.05290260910987854,0.43237072229385376,0.23570820689201355,0.0,0.2261514663696289,0.23557274043560028,0.9597946405410767,0.800000011920929,0.4931796193122864,-1.8691836595535278,1.0000000|0.0000000|0.0000000|0.0000000|0.0000000|0.0000000|0.0000000|0.0000000|0.0000000|0.0000000,0,1.0,14.074612036088752,0,0,0,0,0,
cross_town,Town02,mixed,9,97,4.85,-7.368211269378662,121.21024322509766,0.22167761623859406,90.1288070678711,0.0,500.0996068996452,0.0,4.76837158203125e-07,2.663161087212984e-07,2.3689374143863875e-06,0.46047012859474323,0.060066819190979004,0.13058888912200928,0.0884423553943634,0.0,0.14615146815776825,0.15557274222373962,0.800305187702179,0.800000011920929,0.04705069586634636,-1.5081825256347656,1.0000000|0.0000000|0.0000000|0.0000000|0.0000000|0.0000000|0.0000000|0.0000000|0.0000000|0.0000000,0,1.0,13.857665065579573,0,0,0,0,0,
cross_town,Town02,mixed,9,98,4.9,-7.368211269378662,121.21024322509766,0.22167761623859406,90.1288070678711,0.0,500.0996068996452,0.0,4.76837158203125e-07,2.663161087212984e-07,4.190434478175665e-06,0.444521195231782,0.05290263891220093,0.43237078189849854,0.23570819199085236,0.0,0.2261514663696289,0.23557274043560028,0.9597945213317871,0.800000011920929,0.49317923188209534,-1.8691835403442383,1.0000000|0.0000000|0.0000000|0.0000000|0.0000000|0.0000000|0.0000000|0.0000000|0.0000000|0.0000000,0,1.0,13.697172430686855,0,0,0,0,0,
cross_town,Town02,mixed,9,99,4.95,-7.368211269378662,121.21024322509766,0.22167761623859406,90.1288070678711,0.0,500.0996068996452,0.0,4.76837158203125e-07,2.663161087212984e-07,3.742225828168509e-06,0.4604701405156678,0.060066789388656616,0.13058876991271973,0.08844242990016937,0.0,0.14615146815776825,0.15557274222373962,0.8003050684928894,0.800000011920929,0.04705046862363815,-1.5081833600997925,1.0000000|0.0000000|0.0000000|0.0000000|0.0000000|0.0000000|0.0000000|0.0000000|0.0000000|0.0000000,0,1.0,13.490385088612866,0,0,0,0,0,
cross_town,Town02,mixed,9,100,5.0,-7.368211269378662,121.21024322509766,0.22167761623859406,90.1288070678711,0.0,500.0996068996452,0.0,4.76837158203125e-07,2.663161087212984e-07,4.428904312963882e-06,0.4445211833110486,0.052902668714523315,0.43237102031707764,0.23570822179317474,0.0,0.2261514663696289,0.23557274043560028,0.9597946405410767,0.800000011920929,0.49317970871925354,-1.8691835403442383,1.0000000|0.0000000|0.0000000|0.0000000|0.0000000|0.0000000|0.0000000|0.0000000|0.0000000|0.0000000,0,1.0,13.33402410144918,0,0,0,0,0,
cross_town,Town02,mixed,9,101,5.05,-7.368211269378662,121.21024322509766,0.22167761623859406,90.1288070678711,0.0,500.0996068996452,0.0,4.76837158203125e-07,2.663161087212984e-07,5.1155106782310405e-06,0.46047011071359456,0.060066789388656616,0.13058876991271973,0.08844245970249176,0.0,0.14615146815776825,0.15557274222373962,0.8003053665161133,0.800000011920929,0.04705102741718292,-1.5081830024719238,1.0000000|0.0000000|0.0000000|0.0000000|0.0000000|0.0000000|0.0000000|0.0000000|0.0000000|0.0000000,0,1.0,13.137335331068009,0,0,0,0,0,
cross_town,Town02,mixed,9,102,5.1,-7.368211269378662,121.21024322509766,0.22167761623859406,90.1288070678711,0.0,500.0996068996452,0.0,4.76837158203125e-07,2.663161087212984e-07,0.0,0.44452118331110096,0.05290263891220093,0.4323709011077881,0.23570825159549713,0.0,0.2261514663696289,0.23557274043560028,0.9597946405410767,0.800000011920929,0.49317970871925354,-1.8691836595535278,1.0000000|0.0000000|0.0000000|0.0000000|0.0000000|0.0000000|0.0000000|0.0000000|0.0000000|0.0000000,0,1.0,12.985202323165373,0,0,0,0,0,
cross_town,Town02,mixed,9,103,5.15,-7.368211269378662,121.21024322509766,0.22167761623859406,90.1288070678711,0.0,500.0996068996452,0.0,4.76837158203125e-07,2.663161087212984e-07,6.86649708084562e-07,0.4604701047531332,0.060066789388656616,0.1305888593196869,0.088442362844944,0.0,0.14615146815776825,0.15557274222373962,0.8003054261207581,0.800000011920929,0.0470510795712471,-1.5081828832626343,1.0000000|0.0000000|0.0000000|0.0000000|0.0000000|0.0000000|0.0000000|0.0000000|0.0000000|0.0000000,0,1.0,12.797176887041458,0,0,0,0,0,
cross_town,Town02,mixed,9,104,5.2,-7.368211269378662,121.21024322509766,0.22167761623859406,90.1288070678711,0.0,500.0996068996452,0.0,4.76837158203125e-07,2.663161087212984e-07,1.4076312824438786e-06,0.4445212190738883,0.05290263891220093,0.432370662689209,0.23570817708969116,0.0,0.2261514663696289,0.23557274043560028,0.959794282913208,0.800000011920929,0.49317774176597595,-1.8691834211349487,1.0000000|0.0000000|0.0000000|0.0000000|0.0000000|0.0000000|0.0000000|0.0000000|0.0000000|0.0000000,0,1.0,12.648754115670895,0,0,0,0,0,
cross_town,Town02,mixed,9,105,5.25,-7.368211269378662,121.21024322509766,0.22167761623859406,90.1288070678711,0.0,500.0996068996452,0.0,4.76837158203125e-07,2.663161087212984e-07,2.0942781960475254e-06,0.4604701107135977,0.060066789388656616,0.1305888295173645,0.08844238519668579,0.0,0.14615146815776825,0.15557274222373962,0.8003053665161133,0.800000011920929,0.04705098643898964,-1.5081825256347656,1.0000000|0.0000000|0.0000000|0.0000000|0.0000000|0.0000000|0.0000000|0.0000000|0.0000000|0.0000000,0,1.0,12.468617627437427,0,0,0,0,0,
cross_town,Town02,mixed,9,106,5.3,-7.368211269378662,121.21024322509766,0.22167761623859406,90.1288070678711,0.0,500.0996068996452,0.0,4.76837158203125e-07,2.663161087212984e-07,2.780922383720553e-06,0.44452118331110135,0.05290263891220093,0.43237102031707764,0.23570825159549713,0.0,0.2261514663696289,0.23557274043560028,0.9597946405410767,0.800000011920929,0.4931797385215759,-1.8691836595535278,1.0000000|0.0000000|0.0000000|0.0000000|0.0000000|0.0000000|0.0000000|0.0000000|0.0000000|0.0000000,0,1.0,12.323798310420413,0,0,0,0,0,
cross_town,Town02,mixed,9,107,5.35,-7.368211269378662,121.21024322509766,0.22167761623859406,90.1288070678711,0.0,500.0996068996452,0.0,4.76837158203125e-07,2.663161087212984e-07,3.4676099604536575e-06,0.4604701345554552,0.060066819190979004,0.13058888912200928,0.0884423553943634,0.0,0.14615146815776825,0.15557274222373962,0.8003051280975342,0.800000011920929,0.04705056920647621,-1.5081825256347656,1.0000000|0.0000000|0.0000000|0.0000000|0.0000000|0.0000000|0.0000000|0.0000000|0.0000000|0.0000000,0,1.0,12.151456518226075,0,0,0,0,0,
cross_town,Town02,mixed,9,108,5.4,-7.368211269378662,121.21024322509766,0.22167761623859406,90.1288070678711,0.0,500.0996068996452,0.0,4.76837158203125e-07,2.663161087212984e-07,4.154206623528526e-06,0.4445211833110983,0.052902668714523315,0.4323711395263672,0.2357083410024643,0.0,0.2261514663696289,0.23557274043560028,0.9597946405410767,0.800000011920929,0.49317994713783264,-1.8691837787628174,1.0000000|0.0000000|0.0000000|0.0000000|0.0000000|0.0000000|0.0000000|0.0000000|0.0000000|0.0000000,0,1.0,12.01029478624191,0,0,0,0,0,
cross_town,Town02,mixed,9,109,5.45,-7.368211269378662,121.21024322509766,0.22167761623859406,90.1288070678711,0.0,500.0996068996452,0.0,4.76837158203125e-07,2.663161087212984e-07,4.84085329828767e-06,0.4604701345554548,0.060066789388656616,0.13058876991271973,0.08844242990016937,0.0,0.14615146815776825,0.15557274222373962,0.8003051280975342,0.800000011920929,0.047050591558218,-1.5081833600997925,1.0000000|0.0000000|0.0000000|0.0000000|0.0000000|0.0000000|0.0000000|0.0000000|0.0000000|0.0000000,0,1.0,11.84512126304072,0,0,0,0,0,
cross_town,Town02,mixed,9,110,5.5,-7.368211269378662,121.21024322509766,0.22167761623859406,90.1288070678711,0.0,500.0996068996452,0.0,4.76837158203125e-07,2.663161087212984e-07,5.527523214204734e-06,0.44452117139017183,0.052902668714523315,0.43237102031707764,0.23570816218852997,0.0,0.2261514663696289,0.23557274043560028,0.9597947597503662,0.800000011920929,0.4931807518005371,-1.8691836595535278,1.0000000|0.0000000|0.0000000|0.0000000|0.0000000|0.0000000|0.0000000|0.0000000|0.0000000|0.0000000,0,1.0,11.70666510860802,0,0,0,0,0,
cross_town,Town02,mixed,9,111,5.55,-7.368211269378662,121.21024322509766,0.22167761623859406,90.1288070678711,0.0,500.0996068996452,0.0,4.76837158203125e-07,2.663161087212984e-07,4.119902542816489e-07,0.46047017627870385,0.060066819190979004,0.1305888593196869,0.08844239264726639,0.0,0.14615146815776825,0.15557274222373962,0.8003047108650208,0.800000011920929,0.047049932181835175,-1.5081831216812134,1.0000000|0.0000000|0.0000000|0.0000000|0.0000000|0.0000000|0.0000000|0.0000000|0.0000000|0.0000000,0,1.0,11.54804594121368,0,0,0,0,0,
cross_town,Town02,mixed,9,112,5.6,-7.368211269378662,121.21024322509766,0.22167761623859406,90.1288070678711,0.0,500.0996068996452,0.0,4.76837158203125e-07,2.663161087212984e-07,1.0986386828301305e-06,0.44452123695528073,0.05290260910987854,0.432370662689209,0.23570814728736877,0.0,0.2261514663696289,0.23557274043560028,0.9597941040992737,0.800000011920929,0.49317654967308044,-1.8691833019256592,1.0000000|0.0000000|0.0000000|0.0000000|0.0000000|0.0000000|0.0000000|0.0000000|0.0000000|0.0000000,0,1.0,11.412581665136079,0,0,0,0,0,
cross_town,Town02,mixed,9,113,5.65,-7.368211269378662,121.21024322509766,0.22167761623859406,90.1288070678711,0.0,500.0996068996452,0.0,4.76837158203125e-07,2.663161087212984e-07,1.8196752413239528e-06,0.4604700928322037,0.060066789388656616,0.1305888593196869,0.08844248950481415,0.0,0.14615146815776825,0.15557274222373962,0.8003055453300476,0.800000011920929,0.04705127701163292,-1.508182168006897,1.0000000|0.0000000|0.0000000|0.0000000|0.0000000|0.0000000|0.0000000|0.0000000|0.0000000|0.0000000,0,1.0,11.259982326399076,0,0,0,0,0,
cross_town,Town02,mixed,9,114,5.7,-7.368211269378662,121.21024322509766,0.22167761623859406,90.1288070678711,0.0,500.0996068996452,0.0,4.76837158203125e-07,2.663161087212984e-07,2.5062670442498145e-06,0.4445211952320276,0.05290263891220093,0.43237078189849854,0.23570820689201355,0.0,0.2261514663696289,0.23557274043560028,0.9597945213317871,0.800000011920929,0.4931791424751282,-1.869184136390686,1.0000000|0.0000000|0.0000000|0.0000000|0.0000000|0.0000000|0.0000000|0.0000000|0.0000000|0.0000000,0,1.0,11.127268171232137,0,0,0,0,0,
cross_town,Town02,mixed,9,115,5.75,-7.368211269378662,121.21024322509766,0.22167761623859406,90.1288070678711,0.0,500.0996068996452,0.0,4.76837158203125e-07,2.663161087212984e-07,3.1929575256464845e-06,0.46047014051591667,0.060066789388656616,0.13058888912200928,0.08844231069087982,0.0,0.14615146815776825,0.15557274222373962,0.8003050684928894,0.800000011920929,0.04705052822828293,-1.508182406425476,1.0000000|0.0000000|0.0000000|0.0000000|0.0000000|0.0000000|0.0000000|0.0000000|0.0000000|0.0000000,0,1.0,10.980672954068524,0,0,0,0,0,
cross_town,Town02,mixed,9,116,5.8,-7.368211269378662,121.21024322509766,0.22167761623859406,90.1288070678711,0.0,500.0996068996452,0.0,4.76837158203125e-07,2.663161087212984e-07,3.879552631941576e-06,0.44452119523202716,0.052902668714523315,0.4323709011077881,0.23570813238620758,0.0,0.2261514663696289,0.23557274043560028,0.9597945213317871,0.800000011920929,0.4931789040565491,-1.8691836595535278,1.0000000|0.0000000|0.0000000|0.0000000|0.0000000|0.0000000|0.0000000|0.0000000|0.0000000|0.0000000,0,1.0,10.850756998256788,0,0,0,0,0,
cross_town,Town02,mixed,9,117,5.85,-7.368211269378662,121.21024322509766,0.22167761623859406,90.1288070678711,0.0,500.0996068996452,0.0,4.76837158203125e-07,2.663161087212984e-07,4.566233170487655e-06,0.460470134555453,0.06006675958633423,0.13058879971504211,0.08844238519668579,0.0,0.14615146815776825,0.15557274222373962,0.8003051280975342,0.800000011920929,0.04705062881112099,-1.5081831216812134,1.0000000|0.0000000|0.0000000|0.0000000|0.0000000|0.0000000|0.0000000|0.0000000|0.0000000|0.0000000,0,1.0,10.70999939921707,0,0,0,0,0,
cross_town,Town02,mixed,9,118,5.9,-7.368211269378662,121.21024322509766,0.22167761623859406,90.1288070678711,0.0,500.0996068996452,0.0,4.76837158203125e-07,2.663161087212984e-07,5.288118836011996e-06,0.444521195232014,0.052902668714523315,0.43237102031707764,0.23570828139781952,0.0,0.2261514663696289,0.23557274043560028,0.9597945213317871,0.800000011920929,0.49317875504493713,-1.8691835403442383,1.0000000|0.0000000|0.0000000|0.0000000|0.0000000|0.0000000|0.0000000|0.0000000|0.0000000|0.0000000,0,1.0,10.581947884695275,0,0,0,0,0,
cross_town,Town02,mixed,9,119,5.95,-7.368211269378662,121.21024322509766,0.22167761623859406,90.1288070678711,0.0,500.0996068996452,0.0,4.76837158203125e-07,2.663161087212984e-07,1.7166587591136957e-07,0.4604701583971906,0.060066819190979004,0.13058888912200928,0.0884423777461052,0.0,0.14615146815776825,0.15557274222373962,0.8003048896789551,0.800000011920929,0.047050315886735916,-1.5081830024719238,1.0000000|0.0000000|0.0000000|0.0000000|0.0000000|0.0000000|0.0000000|0.0000000|0.0000000|0.0000000,0,1.0,10.447357616726924,0,0,0,0,0,
cross_town,Town02,mixed,9,120,6.0,-7.368211269378662,121.21024322509766,0.22167761623859406,90.1288070678711,0.0,500.0996068996452,0.0,4.76837158203125e-07,2.663161087212984e-07,8.926419413950921e-07,0.44452121907385095,0.05290263891220093,0.43237078189849854,0.2357081174850464,0.0,0.2261514663696289,0.23557274043560028,0.959794282913208,0.800000011920929,0.4931778907775879,-1.8691834211349487,1.0000000|0.0000000|0.0000000|0.0000000|0.0000000|0.0000000|0.0000000|0.0000000|0.0000000|0.0000000,0,1.0,10.321255827390878,0,0,0,0,0,
cross_town,Town02,mixed,9,121,6.05,-7.368211269378662,121.21024322509766,0.22167761623859406,90.1288070678711,0.0,500.0996068996452,0.0,4.76837158203125e-07,2.663161087212984e-07,1.5823165303023479e-06,0.46047008687170643,0.060066819190979004,0.1305888295173645,0.08844238519668579,0.0,0.14615146815776825,0.15557274222373962,0.8003056049346924,0.800000011920929,0.04705139622092247,-1.5081825256347656,1.0000000|0.0000000|0.0000000|0.0000000|0.0000000|0.0000000|0.0000000|0.0000000|0.0000000|0.0000000,0,1.0,10.192451725721588,0,0,0,0,0,
cross_town,Town02,mixed,9,122,6.1,-7.368211269378662,121.21024322509766,0.22167761623859406,90.1288070678711,0.0,500.0996068996452,0.0,4.76837158203125e-07,2.663161087212984e-07,2.3002648532715436e-06,0.44452120715282467,0.05290260910987854,0.4323706030845642,0.23570819199085236,0.0,0.2261514663696289,0.23557274043560028,0.9597944021224976,0.800000011920929,0.49317851662635803,-1.8691837787628174,1.0000000|0.0000000|0.0000000|0.0000000|0.0000000|0.0000000|0.0000000|0.0000000|0.0000000|0.0000000,0,1.0,10.068151837941494,0,0,0,0,0,
cross_town,Town02,mixed,9,123,6.15,-7.368211269378662,121.21024322509766,0.22167761623859406,90.1288070678711,0.0,500.0996068996452,0.0,4.76837158203125e-07,2.663161087212984e-07,1.8582962975323688e-06,0.4604700868717308,0.060066789388656616,0.13058888912200928,0.08844231069087982,0.0,0.14615146815776825,0.15557274222373962,0.8003056049346924,0.800000011920929,0.04705129191279411,-1.508182406425476,1.0000000|0.0000000|0.0000000|0.0000000|0.0000000|0.0000000|0.0000000|0.0000000|0.0000000|0.0000000,0,1.0,9.9439403689579,0,0,0,0,0,
cross_town,Town02,mixed,9,124,6.2,-7.368211269378662,121.21024322509766,0.22167761623859406,90.1288070678711,0.0,500.0996068996452,0.0,4.76837158203125e-07,2.663161087212984e-07,2.5437507927667646e-06,0.444521183311038,0.05290263891220093,0.43237078189849854,0.23570820689201355,0.0,0.2261514663696289,0.23557274043560028,0.9597946405410767,0.800000011920929,0.4931797981262207,-1.869184136390686,1.0000000|0.0000000|0.0000000|0.0000000|0.0000000|0.0000000|0.0000000|0.0000000|0.0000000|0.0000000,0,1.0,9.822388869296805,0,0,0,0,0,
cross_town,Town02,mixed,9,125,6.25,-7.368211269378662,121.21024322509766,0.22167761623859406,90.1288070678711,0.0,500.0996068996452,0.0,4.76837158203125e-07,2.663161087212984e-07,4.3602159891132835e-06,0.46047013455539293,0.060066789388656616,0.1305888593196869,0.08844229578971863,0.0,0.14615146815776825,0.15557274222373962,0.8003051280975342,0.800000011920929,0.04705061390995979,-1.508182406425476,1.0000000|0.0000000|0.0000000|0.0000000|0.0000000|0.0000000|0.0000000|0.0000000|0.0000000|0.0000000,0,1.0,9.701929401358322,0,0,0,0,0,
cross_town,Town02,mixed,9,126,6.3,-7.368211269378662,121.21024322509766,0.22167761623859406,90.1288070678711,0.0,500.0996068996452,0.0,4.76837158203125e-07,2.663161087212984e-07,3.984444369067113e-06,0.4445211952317853,0.052902668714523315,0.4323711395263672,0.23570826649665833,0.0,0.2261514663696289,0.23557274043560028,0.9597945213317871,0.800000011920929,0.4931788444519043,-1.8691836595535278,1.0000000|0.0000000|0.0000000|0.0000000|0.0000000|0.0000000|0.0000000|0.0000000|0.0000000|0.0000000,0,1.0,9.583474442993989,0,0,0,0,0,
cross_town,Town02,mixed,9,127,6.35,-7.368211269378662,121.21024322509766,0.22167761623859406,90.1288070678711,0.0,500.0996068996452,0.0,4.76837158203125e-07,2.663161087212984e-07,5.837333974440098e-06,0.4604701285945433,0.060066789388656616,0.13058871030807495,0.08844247460365295,0.0,0.14615146815776825,0.15557274222373962,0.800305187702179,0.800000011920929,0.04705069586634636,-1.5081833600997925,1.0000000|0.0000000|0.0000000|0.0000000|0.0000000|0.0000000|0.0000000|0.0000000|0.0000000|0.0000000,0,1.0,9.466138740566713,0,0,0,0,0,
cross_town,Town02,mixed,9,128,6.4,-7.368211269378662,121.21024322509766,0.22167761623859406,90.1288070678711,0.0,500.0996068996452,0.0,4.76837158203125e-07,2.663161087212984e-07,5.836517776912118e-07,0.4445211713897944,0.052902668714523315,0.43237078189849854,0.23570823669433594,0.0,0.2261514663696289,0.23557274043560028,0.9597947597503662,0.800000011920929,0.4931805729866028,-1.8691835403442383,1.0000000|0.0000000|0.0000000|0.0000000|0.0000000|0.0000000|0.0000000|0.0000000|0.0000000|0.0000000,0,1.0,9.350427974467232,0,0,0,0,0,
cross_town,Town02,mixed,9,129,6.45,-7.368211269378662,121.21024322509766,0.22167761623859406,90.1288070678711,0.0,500.0996068996452,0.0,4.76837158203125e-07,2.663161087212984e-07,1.3046291596364228e-06,0.4604701166740265,0.060066819190979004,0.1305888295173645,0.08844241499900818,0.0,0.14615146815776825,0.15557274222373962,0.8003053069114685,0.800000011920929,0.047050900757312775,-1.5081826448440552,1.0000000|0.0000000|0.0000000|0.0000000|0.0000000|0.0000000|0.0000000|0.0000000|0.0000000|0.0000000,0,1.0,9.236321458595913,0,0,0,0,0,
cross_town,Town02,mixed,9,130,6.5,-7.368211269378662,121.21024322509766,0.22167761623859406,90.1288070678711,0.0,500.0996068996452,0.0,4.76837158203125e-07,2.663161087212984e-07,2.0256102118375805e-06,0.44452118331110146,0.05290260910987854,0.432370662689209,0.23570817708969116,0.0,0.2261514663696289,0.23557274043560028,0.9597946405410767,0.800000011920929,0.49317947030067444,-1.8691835403442383,1.0000000|0.0000000|0.0000000|0.0000000|0.0000000|0.0000000|0.0000000|0.0000000|0.0000000|0.0000000,0,1.0,9.123349931434387,0,0,0,0,0,
cross_town,Town02,mixed,9,131,6.55,-7.368211269378662,121.21024322509766,0.22167761623859406,90.1288070678711,0.0,500.0996068996452,0.0,4.76837158203125e-07,2.663161087212984e-07,1.5844157973545613e-06,0.46047013455538854,0.060066819190979004,0.13058879971504211,0.08844238519668579,0.0,0.14615146815776825,0.15557274222373962,0.8003051280975342,0.800000011920929,0.0470506027340889,-1.5081828832626343,1.0000000|0.0000000|0.0000000|0.0000000|0.0000000|0.0000000|0.0000000|0.0000000|0.0000000|0.0000000,0,1.0,9.0118427281773,0,0,0,0,0,
cross_town,Town02,mixed,9,132,6.6,-7.368211269378662,121.21024322509766,0.22167761623859406,90.1288070678711,0.0,500.0996068996452,0.0,4.76837158203125e-07,2.663161087212984e-07,3.3989055251860684e-06,0.44452119523177586,0.05290263891220093,0.43237078189849854,0.23570820689201355,0.0,0.2261514663696289,0.23557274043560028,0.9597945213317871,0.800000011920929,0.49317923188209534,-1.8691834211349487,1.0000000|0.0000000|0.0000000|0.0000000|0.0000000|0.0000000|0.0000000|0.0000000|0.0000000|0.0000000,0,1.0,8.901672823342189,0,0,0,0,0,
cross_town,Town02,mixed,9,133,6.65,-7.368211269378662,121.21024322509766,0.22167761623859406,90.1288070678711,0.0,500.0996068996452,0.0,4.76837158203125e-07,2.663161087212984e-07,4.1542222536800464e-06,0.46047019416004303,0.060066819190979004,0.1305888295173645,0.08844231069087982,0.0,0.14615146815776825,0.15557274222373962,0.8003045320510864,0.800000011920929,0.04704976826906204,-1.508183240890503,1.0000000|0.0000000|0.0000000|0.0000000|0.0000000|0.0000000|0.0000000|0.0000000|0.0000000|0.0000000,0,1.0,8.792804453420189,0,0,0,0,0,
cross_town,Town02,mixed,9,134,6.7,-7.368211269378662,121.21024322509766,0.22167761623859406,90.1288070678711,0.0,500.0996068996452,0.0,4.76837158203125e-07,2.663161087212984e-07,4.909530968505468e-06,0.44452119523203026,0.052902668714523315,0.43237102031707764,0.23570826649665833,0.0,0.2261514663696289,0.23557274043560028,0.9597945213317871,0.800000011920929,0.4931789040565491,-1.8691835403442383,1.0000000|0.0000000|0.0000000|0.0000000|0.0000000|0.0000000|0.0000000|0.0000000|0.0000000|0.0000000,0,1.0,8.6852080997654,0,0,0,0,0,
cross_town,Town02,mixed,9,135,6.75,-7.368211269378662,121.21024322509766,0.22167761623859406,90.1288070678711,0.0,500.0996068996452,0.0,4.76837158203125e-07,2.663161087212984e-07,5.664841522688459e-06,0.46047014051592017,0.060066789388656616,0.13058888912200928,0.08844241499900818,0.0,0.14615146815776825,0.15557274222373962,0.8003050684928894,0.800000011920929,0.04705045372247696,-1.5081828832626343,1.0000000|0.0000000|0.0000000|0.0000000|0.0000000|0.0000000|0.0000000|0.0000000|0.0000000|0.0000000,0,1.0,8.5788542126281,0,0,0,0,0,
cross_town,Town02,mixed,9,136,6.8,-7.368211269378662,121.21024322509766,0.22167761623859406,90.1288070678711,0.0,500.0996068996452,0.0,4.76837158203125e-07,2.663161087212984e-07,3.0899454351273454e-07,0.44452117139017183,0.052902668714523315,0.4323709011077881,0.23570822179317474,0.0,0.2261514663696289,0.23557274043560028,0.9597947597503662,0.800000011920929,0.49318060278892517,-1.8691836595535278,1.0000000|0.0000000|0.0000000|0.0000000|0.0000000|0.0000000|0.0000000|0.0000000|0.0000000|0.0000000,0,1.0,8.473715374198502,0,0,0,0,0,
cross_town,Town02,mixed,9,137,6.85,-7.368211269378662,121.21024322509766,0.22167761623859406,90.1288070678711,0.0,500.0996068996452,0.0,4.76837158203125e-07,2.663161087212984e-07,1.029971168047545e-06,0.46047014647638396,0.060066819190979004,0.1305888593196869,0.0884423702955246,0.0,0.14615146815776825,0.15557274222373962,0.8003050088882446,0.800000011920929,0.04705040529370308,-1.5081825256347656,1.0000000|0.0000000|0.0000000|0.0000000|0.0000000|0.0000000|0.0000000|0.0000000|0.0000000|0.0000000,0,1.0,8.369763050759913,0,0,0,0,0,
cross_town,Town02,mixed,9,138,6.9,-7.368211269378662,121.21024322509766,0.22167761623859406,90.1288070678711,0.0,500.0996068996452,0.0,4.76837158203125e-07,2.663161087212984e-07,1.751021282547139e-06,0.4445211833111008,0.05290260910987854,0.43237072229385376,0.23570820689201355,0.0,0.2261514663696289,0.23557274043560028,0.9597946405410767,0.800000011920929,0.49317947030067444,-1.8691836595535278,1.0000000|0.0000000|0.0000000|0.0000000|0.0000000|0.0000000|0.0000000|0.0000000|0.0000000|0.0000000,0,1.0,8.26697054965975,0,0,0,0,0,
cross_town,Town02,mixed,9,139,6.95,-7.368211269378662,121.21024322509766,0.22167761623859406,90.1288070678711,0.0,500.0996068996452,0.0,4.76837158203125e-07,2.663161087212984e-07,2.4375949443085166e-06,0.4604701166740589,0.060066819190979004,0.1305888295173645,0.08844228088855743,0.0,0.14615146815776825,0.15557274222373962,0.8003053069114685,0.800000011920929,0.047050900757312775,-1.5081828832626343,1.0000000|0.0000000|0.0000000|0.0000000|0.0000000|0.0000000|0.0000000|0.0000000|0.0000000|0.0000000,0,1.0,8.165473416298903,0,0,0,0,0,
cross_town,Town02,mixed,9,140,7.0,-7.368211269378662,121.21024322509766,0.22167761623859406,90.1288070678711,0.0,500.0996068996452,0.0,4.76837158203125e-07,2.663161087212984e-07,3.1585764685828056e-06,0.4445211952320292,0.052902668714523315,0.4323708415031433,0.23570822179317474,0.0,0.2261514663696289,0.23557274043560028,0.9597945213317871,0.800000011920929,0.4931788444519043,-1.8691829442977905,1.0000000|0.0000000|0.0000000|0.0000000|0.0000000|0.0000000|0.0000000|0.0000000|0.0000000|0.0000000,0,1.0,8.06484777985977,0,0,0,0,0,
cross_town,Town02,mixed,9,141,7.05,-7.368211269378662,121.21024322509766,0.22167761623859406,90.1288070678711,0.0,500.0996068996452,0.0,4.76837158203125e-07,2.663161087212984e-07,3.846465138829328e-06,0.46047013455542335,0.060066789388656616,0.1305888593196869,0.0884423702955246,0.0,0.14615146815776825,0.15557274222373962,0.8003051280975342,0.800000011920929,0.04705056920647621,-1.5081831216812134,1.0000000|0.0000000|0.0000000|0.0000000|0.0000000|0.0000000|0.0000000|0.0000000|0.0000000|0.0000000,0,1.0,7.965390341486023,0,0,0,0,0,
cross_town,Town02,mixed,9,142,7.1,-7.368211269378662,121.21024322509766,0.22167761623859406,90.1288070678711,0.0,500.0996068996452,0.0,4.76837158203125e-07,2.663161087212984e-07,4.566235356312876e-06,0.4445211833109851,0.052902668714523315,0.43237102031707764,0.2357082962989807,0.0,0.2261514663696289,0.23557274043560028,0.9597946405410767,0.800000011920929,0.4931796193122864,-1.8691835403442383,1.0000000|0.0000000|0.0000000|0.0000000|0.0000000|0.0000000|0.0000000|0.0000000|0.0000000|0.0000000,0,1.0,7.866996260728713,0,0,0,0,0,
cross_town,Town02,mixed,9,143,7.15,-7.368211269378662,121.21024322509766,0.22167761623859406,90.1288070678711,0.0,500.0996068996452,0.0,4.76837158203125e-07,2.663161087212984e-07,5.288101190769417e-06,0.46047010475303296,0.060066789388656616,0.13058876991271973,0.08844232559204102,0.0,0.14615146815776825,0.15557274222373962,0.8003054261207581,0.800000011920929,0.04705111309885979,-1.5081835985183716,1.0000000|0.0000000|0.0000000|0.0000000|0.0000000|0.0000000|0.0000000|0.0000000|0.0000000|0.0000000,0,1.0,7.769639838498281,0,0,0,0,0,
cross_town,Town02,mixed,9,144,7.2,-7.368211269378662,121.21024322509766,0.22167761623859406,90.1288070678711,0.0,500.0996068996452,0.0,4.76837158203125e-07,2.663161087212984e-07,0.0,0.4445211833109792,0.05290263891220093,0.4323709011077881,0.23570825159549713,0.0,0.2261514663696289,0.23557274043560028,0.9597946405410767,0.800000011920929,0.4931800365447998,-1.8691836595535278,1.0000000|0.0000000|0.0000000|0.0000000|0.0000000|0.0000000|0.0000000|0.0000000|0.0000000|0.0000000,0,1.0,7.673298089454501,0,0,0,0,0,
cross_town,Town02,mixed,9,145,7.25,-7.368211269378662,121.21024322509766,0.22167761623859406,90.1288070678711,0.0,500.0996068996452,0.0,4.76837158203125e-07,2.663161087212984e-07,6.8664970808524e-07,0.4604701047530977,0.060066789388656616,0.1305888593196869,0.088442362844944,0.0,0.14615146815776825,0.15557274222373962,0.8003054261207581,0.800000011920929,0.0470510795712471,-1.5081828832626343,1.0000000|0.0000000|0.0000000|0.0000000|0.0000000|0.0000000|0.0000000|0.0000000|0.0000000|0.0000000,0,1.0,7.5779481170905125,0,0,0,0,0,
cross_town,Town02,mixed,9,146,7.3,-7.368211269378662,121.21024322509766,0.22167761623859406,90.1288070678711,0.0,500.0996068996452,0.0,4.76837158203125e-07,2.663161087212984e-07,2.509482309508372e-06,0.4445212190738255,0.05290263891220093,0.432370662689209,0.23570817708969116,0.0,0.2261514663696289,0.23557274043560028,0.959794282913208,0.800000011920929,0.49317774176597595,-1.8691834211349487,1.0000000|0.0000000|0.0000000|0.0000000|0.0000000|0.0000000|0.0000000|0.0000000|0.0000000|0.0000000,0,1.0,7.48357005244471,0,0,0,0,0,
cross_town,Town02,mixed,9,147,7.35,-7.368211269378662,121.21024322509766,0.22167761623859406,90.1288070678711,0.0,500.0996068996452,0.0,4.76837158203125e-07,2.663161087212984e-07,2.094278012159149e-06,0.4604701345552079,0.060066789388656616,0.13058888912200928,0.08844231069087982,0.0,0.14615146815776825,0.15557274222373962,0.8003051280975342,0.800000011920929,0.047050632536411285,-1.508182406425476,1.0000000|0.0000000|0.0000000|0.0000000|0.0000000|0.0000000|0.0000000|0.0000000|0.0000000|0.0000000,0,1.0,7.390146390629108,0,0,0,0,0,
cross_town,Town02,mixed,9,148,7.4,-7.368211269378662,121.21024322509766,0.22167761623859406,90.1288070678711,0.0,500.0996068996452,0.0,4.76837158203125e-07,2.663161087212984e-07,2.780922256010889e-06,0.4445211833110413,0.05290263891220093,0.43237102031707764,0.23570825159549713,0.0,0.2261514663696289,0.23557274043560028,0.9597946405410767,0.800000011920929,0.4931797385215759,-1.8691836595535278,1.0000000|0.0000000|0.0000000|0.0000000|0.0000000|0.0000000|0.0000000|0.0000000|0.0000000|0.0000000,0,1.0,7.297653482395545,0,0,0,0,0,
cross_town,Town02,mixed,9,149,7.45,-7.368211269378662,121.21024322509766,0.22167761623859406,90.1288070678711,0.0,500.0996068996452,0.0,4.76837158203125e-07,2.663161087212984e-07,3.4690001285587425e-06,0.4604701345554236,0.060066819190979004,0.13058888912200928,0.0884423553943634,0.0,0.14615146815776825,0.15557274222373962,0.8003051280975342,0.800000011920929,0.04705056920647621,-1.5081825256347656,1.0000000|0.0000000|0.0000000|0.0000000|0.0000000|0.0000000|0.0000000|0.0000000|0.0000000|0.0000000,0,1.0,7.206069522485085,0,0,0,0,0,
cross_town,Town02,mixed,9,150,7.5,-7.368211269378662,121.21024322509766,0.22167761623859406,90.1288070678711,0.0,500.0996068996452,0.0,4.76837158203125e-07,2.663161087212984e-07,4.154206554597057e-06,0.44452118331096396,0.052902668714523315,0.4323711395263672,0.2357083410024643,0.0,0.2261514663696289,0.23557274043560028,0.9597946405410767,0.800000011920929,0.49317994713783264,-1.8691837787628174,1.0000000|0.0000000|0.0000000|0.0000000|0.0000000|0.0000000|0.0000000|0.0000000|0.0000000|0.0000000,0,1.0,7.115380147680833,0,0,0,0,0,
cross_town,Town02,mixed,9,151,7.55,-7.368211269378662,121.21024322509766,0.22167761623859406,90.1288070678711,0.0,500.0996068996452,0.0,4.76837158203125e-07,2.663161087212984e-07,4.84085444342673e-06,0.46047013455542013,0.060066789388656616,0.13058876991271973,0.08844242990016937,0.0,0.14615146815776825,0.15557274222373962,0.8003051280975342,0.800000011920929,0.047050591558218,-1.5081833600997925,1.0000000|0.0000000|0.0000000|0.0000000|0.0000000|0.0000000|0.0000000|0.0000000|0.0000000|0.0000000,0,1.0,7.0255682013668235,0,0,0,0,0,
cross_town,Town02,mixed,9,152,7.6,-7.368211269378662,121.21024322509766,0.22167761623859406,90.1288070678711,0.0,500.0996068996452,0.0,4.76837158203125e-07,2.663161087212984e-07,5.527522592411903e-06,0.4445211713901721,0.052902668714523315,0.43237102031707764,0.23570816218852997,0.0,0.2261514663696289,0.23557274043560028,0.9597947597503662,0.800000011920929,0.4931807518005371,-1.8691836595535278,1.0000000|0.0000000|0.0000000|0.0000000|0.0000000|0.0000000|0.0000000|0.0000000|0.0000000|0.0000000,0,1.0,6.936613673517727,0,0,0,0,0,
cross_town,Town02,mixed,9,153,7.65,-7.368211269378662,121.21024322509766,0.22167761623859406,90.1288070678711,0.0,500.0996068996452,0.0,4.76837158203125e-07,2.663161087212984e-07,4.119902542816489e-07,0.46047017627870424,0.060066819190979004,0.1305888593196869,0.08844239264726639,0.0,0.14615146815776825,0.15557274222373962,0.8003047108650208,0.800000011920929,0.047049932181835175,-1.5081831216812134,1.0000000|0.0000000|0.0000000|0.0000000|0.0000000|0.0000000|0.0000000|0.0000000|0.0000000|0.0000000,0,1.0,6.848431944840607,0,0,0,0,0,
cross_town,Town02,mixed,9,154,7.7,-7.368211269378662,121.21024322509766,0.22167761623859406,90.1288070678711,0.0,500.0996068996452,0.0,4.76837158203125e-07,2.663161087212984e-07,1.0986386828301305e-06,0.44452123695528073,0.05290260910987854,0.432370662689209,0.23570814728736877,0.0,0.2261514663696289,0.23557274043560028,0.9597941040992737,0.800000011920929,0.49317654967308044,-1.8691833019256592,1.0000000|0.0000000|0.0000000|0.0000000|0.0000000|0.0000000|0.0000000|0.0000000|0.0000000|0.0000000,0,1.0,6.7611736851457165,0,0,0,0,0,
cross_town,Town02,mixed,9,155,7.75,-7.368211269378662,121.21024322509766,0.22167761623859406,90.1288070678711,0.0,500.0996068996452,0.0,4.76837158203125e-07,2.663161087212984e-07,1.8196752411964955e-06,0.4604700928322037,0.060066789388656616,0.1305888593196869,0.08844248950481415,0.0,0.14615146815776825,0.15557274222373962,0.8003055453300476,0.800000011920929,0.04705127701163292,-1.508182168006897,1.0000000|0.0000000|0.0000000|0.0000000|0.0000000|0.0000000|0.0000000|0.0000000|0.0000000|0.0000000,0,1.0,6.674687715519182,0,0,0,0,0,
cross_town,Town02,mixed,9,156,7.8,-7.368211269378662,121.21024322509766,0.22167761623859406,90.1288070678711,0.0,500.0996068996452,0.0,4.76837158203125e-07,2.663161087212984e-07,2.5062665407445197e-06,0.4445211952320281,0.05290263891220093,0.43237078189849854,0.23570820689201355,0.0,0.2261514663696289,0.23557274043560028,0.9597945213317871,0.800000011920929,0.4931791424751282,-1.869184136390686,1.0000000|0.0000000|0.0000000|0.0000000|0.0000000|0.0000000|0.0000000|0.0000000|0.0000000|0.0000000,0,1.0,6.588994100864171,0,0,0,0,0,
cross_town,Town02,mixed,9,157,7.85,-7.368211269378662,121.21024322509766,0.22167761623859406,90.1288070678711,0.0,500.0996068996452,0.0,4.76837158203125e-07,2.663161087212984e-07,3.192955114243105e-06,0.4604701405159177,0.060066789388656616,0.13058888912200928,0.08844231069087982,0.0,0.14615146815776825,0.15557274222373962,0.8003050684928894,0.800000011920929,0.04705052822828293,-1.508182406425476,1.0000000|0.0000000|0.0000000|0.0000000|0.0000000|0.0000000|0.0000000|0.0000000|0.0000000|0.0000000,0,1.0,6.504077635031094,0,0,0,0,0,
cross_town,Town02,mixed,9,158,7.9,-7.368211269378662,121.21024322509766,0.22167761623859406,90.1288070678711,0.0,500.0996068996452,0.0,4.76837158203125e-07,2.663161087212984e-07,3.879551532395165e-06,0.4445211952320277,0.052902668714523315,0.4323709011077881,0.23570813238620758,0.0,0.2261514663696289,0.23557274043560028,0.9597945213317871,0.800000011920929,0.4931789040565491,-1.8691836595535278,1.0000000|0.0000000|0.0000000|0.0000000|0.0000000|0.0000000|0.0000000|0.0000000|0.0000000|0.0000000,0,1.0,6.4198577149471765,0,0,0,0,0,
cross_town,Town02,mixed,9,159,7.95,-7.368211269378662,121.21024322509766,0.22167761623859406,90.1288070678711,0.0,500.0996068996452,0.0,4.76837158203125e-07,2.663161087212984e-07,4.566194593176202e-06,0.46047013455545527,0.06006675958633423,0.13058879971504211,0.08844238519668579,0.0,0.14615146815776825,0.15557274222373962,0.8003051280975342,0.800000011920929,0.04705062881112099,-1.5081831216812134,1.0000000|0.0000000|0.0000000|0.0000000|0.0000000|0.0000000|0.0000000|0.0000000|0.0000000|0.0000000,0,1.0,6.336478642783886,0,0,0,0,0,
cross_town,Town02,mixed,9,160,8.0,-7.368211269378662,121.21024322509766,0.22167761623859406,90.1288070678711,0.0,500.0996068996452,0.0,4.76837158203125e-07,2.663161087212984e-07,5.252865344545453e-06,0.44452119523202954,0.052902668714523315,0.43237102031707764,0.23570828139781952,0.0,0.2261514663696289,0.23557274043560028,0.9597945213317871,0.800000011920929,0.49317875504493713,-1.8691835403442383,1.0000000|0.0000000|0.0000000|0.0000000|0.0000000|0.0000000|0.0000000|0.0000000|0.0000000|0.0000000,0,1.0,6.253800916336476,0,0,0,0,0,
cross_town,Town02,mixed,9,161,8.05,-7.368211269378662,121.21024322509766,0.22167761623859406,90.1288070678711,0.0,500.0996068996452,0.0,4.76837158203125e-07,2.663161087212984e-07,1.3733218648148316e-07,0.46047014647638146,0.060066819190979004,0.13058891892433167,0.08844231069087982,0.0,0.14615146815776825,0.15557274222373962,0.8003050088882446,0.800000011920929,0.0470503494143486,-1.5081831216812134,1.0000000|0.0000000|0.0000000|0.0000000|0.0000000|0.0000000|0.0000000|0.0000000|0.0000000|0.0000000,0,1.0,6.171841930444696,0,0,0,0,0,
cross_town,Town02,mixed,9,162,8.1,-7.368211269378662,121.21024322509766,0.22167761623859406,90.1288070678711,0.0,500.0996068996452,0.0,4.76837158203125e-07,2.663161087212984e-07,8.23979007191437e-07,0.4445212190738873,0.052902668714523315,0.43237078189849854,0.23570814728736877,0.0,0.2261514663696289,0.23557274043560028,0.959794282913208,0.800000011920929,0.49317774176597595,-1.8691833019256592,1.0000000|0.0000000|0.0000000|0.0000000|0.0000000|0.0000000|0.0000000|0.0000000|0.0000000|0.0000000,0,1.0,6.090527714684606,0,0,0,0,0,
cross_town,Town02,mixed,9,163,8.15,-7.368211269378662,121.21024322509766,0.22167761623859406,90.1288070678711,0.0,500.0996068996452,0.0,4.76837158203125e-07,2.663161087212984e-07,1.547955351296962e-06,0.4604701285949574,0.060066819190979004,0.1305888295173645,0.08844238519668579,0.0,0.14615146815776825,0.15557274222373962,0.800305187702179,0.800000011920929,0.04705073684453964,-1.5081825256347656,1.0000000|0.0000000|0.0000000|0.0000000|0.0000000|0.0000000|0.0000000|0.0000000|0.0000000|0.0000000,0,1.0,6.009996494975415,0,0,0,0,0,
cross_town,Town02,mixed,9,164,8.2,-7.368211269378662,121.21024322509766,0.22167761623859406,90.1288070678711,0.0,500.0996068996452,0.0,4.76837158203125e-07,2.663161087212984e-07,2.231607024440766e-06,0.44452120715282395,0.05290260910987854,0.4323706030845642,0.23570819199085236,0.0,0.2261514663696289,0.23557274043560028,0.9597944021224976,0.800000011920929,0.49317842721939087,-1.8691837787628174,1.0000000|0.0000000|0.0000000|0.0000000|0.0000000|0.0000000|0.0000000|0.0000000|0.0000000|0.0000000,0,1.0,5.930112923355727,0,0,0,0,0,
cross_town,Town02,mixed,9,165,8.25,-7.368211269378662,121.21024322509766,0.22167761623859406,90.1288070678711,0.0,500.0996068996452,0.0,4.76837158203125e-07,2.663161087212984e-07,2.9199222270186945e-06,0.4604701107134585,0.060066819190979004,0.13058888912200928,0.0884423553943634,0.0,0.14615146815776825,0.15557274222373962,0.8003053665161133,0.800000011920929,0.047050926834344864,-1.5081822872161865,1.0000000|0.0000000|0.0000000|0.0000000|0.0000000|0.0000000|0.0000000|0.0000000|0.0000000|0.0000000,0,1.0,5.850838878175631,0,0,0,0,0,
cross_town,Town02,mixed,9,166,8.3,-7.368211269378662,121.21024322509766,0.22167761623859406,90.1288070678711,0.0,500.0996068996452,0.0,4.76837158203125e-07,2.663161087212984e-07,3.604894252619486e-06,0.44452117139003516,0.052902668714523315,0.43237102031707764,0.23570814728736877,0.0,0.2261514663696289,0.23557274043560028,0.9597947597503662,0.800000011920929,0.49318012595176697,-1.8691835403442383,1.0000000|0.0000000|0.0000000|0.0000000|0.0000000|0.0000000|0.0000000|0.0000000|0.0000000|0.0000000,0,1.0,5.772306685862606,0,0,0,0,0,
cross_town,Town02,mixed,9,167,8.35,-7.368211269378662,121.21024322509766,0.22167761623859406,90.1288070678711,0.0,500.0996068996452,0.0,4.76837158203125e-07,2.663161087212984e-07,4.292719465393737e-06,0.4604701405157854,0.060066819190979004,0.1305888593196869,0.0884423553943634,0.0,0.14615146815776825,0.15557274222373962,0.8003050684928894,0.800000011920929,0.04705045372247696,-1.5081828832626343,1.0000000|0.0000000|0.0000000|0.0000000|0.0000000|0.0000000|0.0000000|0.0000000|0.0000000|0.0000000,0,1.0,5.694388632332876,0,0,0,0,0,
cross_town,Town02,mixed,9,168,8.4,-7.368211269378662,121.21024322509766,0.22167761623859406,90.1288070678711,0.0,500.0996068996452,0.0,4.76837158203125e-07,2.663161087212984e-07,6.112436856840378e-06,0.4445212071525838,0.052902668714523315,0.43237078189849854,0.23570825159549713,0.0,0.2261514663696289,0.23557274043560028,0.9597944021224976,0.800000011920929,0.49317842721939087,-1.8691836595535278,1.0000000|0.0000000|0.0000000|0.0000000|0.0000000|0.0000000|0.0000000|0.0000000|0.0000000|0.0000000,0,1.0,5.6171045480991495,0,0,0,0,0,
cross_town,Town02,mixed,9,169,8.45,-7.368211269378662,121.21024322509766,0.22167761623859406,90.1288070678711,0.0,500.0996068996452,0.0,4.76837158203125e-07,2.663161087212984e-07,5.6648275588003705e-06,0.4604701643573181,0.060066819190979004,0.1305888295173645,0.08844240009784698,0.0,0.14615146815776825,0.15557274222373962,0.8003048300743103,0.800000011920929,0.04705018177628517,-1.5081830024719238,1.0000000|0.0000000|0.0000000|0.0000000|0.0000000|0.0000000|0.0000000|0.0000000|0.0000000|0.0000000,0,1.0,5.540441612765856,0,0,0,0,0,
cross_town,Town02,mixed,9,170,8.5,-7.368211269378662,121.21024322509766,0.22167761623859406,90.1288070678711,0.0,500.0996068996452,0.0,4.76837158203125e-07,2.663161087212984e-07,5.836517776909662e-07,0.44452117139010394,0.052902668714523315,0.4323709011077881,0.23570822179317474,0.0,0.2261514663696289,0.23557274043560028,0.9597947597503662,0.800000011920929,0.49318060278892517,-1.8691836595535278,1.0000000|0.0000000|0.0000000|0.0000000|0.0000000|0.0000000|0.0000000|0.0000000|0.0000000|0.0000000,0,1.0,5.464392765259792,0,0,0,0,0,
cross_town,Town02,mixed,9,171,8.55,-7.368211269378662,121.21024322509766,0.22167761623859406,90.1288070678711,0.0,500.0996068996452,0.0,4.76837158203125e-07,2.663161087212984e-07,1.3046294096106532e-06,0.4604701166740621,0.060066819190979004,0.1305888295173645,0.08844241499900818,0.0,0.14615146815776825,0.15557274222373962,0.8003053069114685,0.800000011920929,0.047050900757312775,-1.5081826448440552,1.0000000|0.0000000|0.0000000|0.0000000|0.0000000|0.0000000|0.0000000|0.0000000|0.0000000|0.0000000,0,1.0,5.388946117840566,0,0,0,0,0,
cross_town,Town02,mixed,9,172,8.6,-7.368211269378662,121.21024322509766,0.22167761623859406,90.1288070678711,0.0,500.0996068996452,0.0,4.76837158203125e-07,2.663161087212984e-07,2.0256069742725305e-06,0.44452118331110146,0.05290260910987854,0.432370662689209,0.23570817708969116,0.0,0.2261514663696289,0.23557274043560028,0.9597946405410767,0.800000011920929,0.49317947030067444,-1.8691835403442383,1.0000000|0.0000000|0.0000000|0.0000000|0.0000000|0.0000000|0.0000000|0.0000000|0.0000000|0.0000000,0,1.0,5.314034822593331,0,0,0,0,0,
cross_town,Town02,mixed,9,173,8.65,-7.368211269378662,121.21024322509766,0.22167761623859406,90.1288070678711,0.0,500.0996068996452,0.0,4.76837158203125e-07,2.663161087212984e-07,2.7122518059750995e-06,0.46047013455545566,0.060066819190979004,0.13058879971504211,0.08844238519668579,0.0,0.14615146815776825,0.15557274222373962,0.8003051280975342,0.800000011920929,0.0470506027340889,-1.5081828832626343,1.0000000|0.0000000|0.0000000|0.0000000|0.0000000|0.0000000|0.0000000|0.0000000|0.0000000|0.0000000,0,1.0,5.23972867601935,0,0,0,0,0,
cross_town,Town02,mixed,9,174,8.7,-7.368211269378662,121.21024322509766,0.22167761623859406,90.1288070678711,0.0,500.0996068996452,0.0,4.76837158203125e-07,2.663161087212984e-07,3.4332327572707767e-06,0.4445211833111014,0.052902668714523315,0.4323708415031433,0.23570828139781952,0.0,0.2261514663696289,0.23557274043560028,0.9597946405410767,0.800000011920929,0.49317988753318787,-1.8691837787628174,1.0000000|0.0000000|0.0000000|0.0000000|0.0000000|0.0000000|0.0000000|0.0000000|0.0000000|0.0000000,0,1.0,5.166046281434796,0,0,0,0,0,
cross_town,Town02,mixed,9,175,8.75,-7.368211269378662,121.21024322509766,0.22167761623859406,90.1288070678711,0.0,500.0996068996452,0.0,4.76837158203125e-07,2.663161087212984e-07,4.1198850308752225e-06,0.46047019416010043,0.060066819190979004,0.1305888295173645,0.08844231069087982,0.0,0.14615146815776825,0.15557274222373962,0.8003045320510864,0.800000011920929,0.04704973101615906,-1.508183240890503,1.0000000|0.0000000|0.0000000|0.0000000|0.0000000|0.0000000|0.0000000|0.0000000|0.0000000|0.0000000,0,1.0,5.092896774082287,0,0,0,0,0,
cross_town,Town02,mixed,9,176,8.8,-7.368211269378662,121.21024322509766,0.22167761623859406,90.1288070678711,0.0,500.0996068996452,0.0,4.76837158203125e-07,2.663161087212984e-07,4.8065345603873715e-06,0.4445211952320303,0.052902668714523315,0.4323711395263672,0.2357082962989807,0.0,0.2261514663696289,0.23557274043560028,0.9597945213317871,0.800000011920929,0.49317899346351624,-1.8691829442977905,1.0000000|0.0000000|0.0000000|0.0000000|0.0000000|0.0000000|0.0000000|0.0000000|0.0000000|0.0000000,0,1.0,5.0203004664088775,0,0,0,0,0,
cross_town,Town02,mixed,9,177,8.85,-7.368211269378662,121.21024322509766,0.22167761623859406,90.1288070678711,0.0,500.0996068996452,0.0,4.76837158203125e-07,2.663161087212984e-07,5.527516161545411e-06,0.4604701583973136,0.060066819190979004,0.13058888912200928,0.0884423702955246,0.0,0.14615146815776825,0.15557274222373962,0.8003048896789551,0.800000011920929,0.04705021530389786,-1.508183479309082,1.0000000|0.0000000|0.0000000|0.0000000|0.0000000|0.0000000|0.0000000|0.0000000|0.0000000|0.0000000,0,1.0,4.948250683409845,0,0,0,0,0,
cross_town,Town02,mixed,9,178,8.9,-7.368211269378662,121.21024322509766,0.22167761623859406,90.1288070678711,0.0,500.0996068996452,0.0,4.76837158203125e-07,2.663161087212984e-07,3.089945435121625e-07,0.44452115946924253,0.052902668714523315,0.43237102031707764,0.23570826649665833,0.0,0.2261514663696289,0.23557274043560028,0.9597948789596558,0.800000011920929,0.493181049823761,-1.8691836595535278,1.0000000|0.0000000|0.0000000|0.0000000|0.0000000|0.0000000|0.0000000|0.0000000|0.0000000|0.0000000,0,1.0,4.876737505633652,0,0,0,0,0,
cross_town,Town02,mixed,9,179,8.95,-7.368211269378662,121.21024322509766,0.22167761623859406,90.1288070678711,0.0,500.0996068996452,0.0,4.76837158203125e-07,2.663161087212984e-07,1.0299711680483125e-06,0.4604701464763838,0.060066819190979004,0.1305888593196869,0.0884423702955246,0.0,0.14615146815776825,0.15557274222373962,0.8003050088882446,0.800000011920929,0.04705040529370308,-1.5081825256347656,1.0000000|0.0000000|0.0000000|0.0000000|0.0000000|0.0000000|0.0000000|0.0000000|0.0000000|0.0000000,0,1.0,4.805753222747977,0,0,0,0,0,
cross_town,Town02,mixed,9,180,9.0,-7.368211269378662,121.21024322509766,0.22167761623859406,90.1288070678711,0.0,500.0996068996452,0.0,4.76837158203125e-07,2.663161087212984e-07,1.7510212825453005e-06,0.4445211833111008,0.05290260910987854,0.43237072229385376,0.23570820689201355,0.0,0.2261514663696289,0.23557274043560028,0.9597946405410767,0.800000011920929,0.49317947030067444,-1.8691836595535278,1.0000000|0.0000000|0.0000000|0.0000000|0.0000000|0.0000000|0.0000000|0.0000000|0.0000000|0.0000000,0,1.0,4.7352908859689276,0,0,0,0,0,
cross_town,Town02,mixed,9,181,9.05,-7.368211269378662,121.21024322509766,0.22167761623859406,90.1288070678711,0.0,500.0996068996452,0.0,4.76837158203125e-07,2.663161087212984e-07,2.437593574760628e-06,0.460470116674059,0.060066819190979004,0.1305888295173645,0.08844228088855743,0.0,0.14615146815776825,0.15557274222373962,0.8003053069114685,0.800000011920929,0.047050900757312775,-1.5081828832626343,1.0000000|0.0000000|0.0000000|0.0000000|0.0000000|0.0000000|0.0000000|0.0000000|0.0000000|0.0000000,0,1.0,4.665341837433134,0,0,0,0,0,
cross_town,Town02,mixed,9,182,9.1,-7.368211269378662,121.21024322509766,0.22167761623859406,90.1288070678711,0.0,500.0996068996452,0.0,4.76837158203125e-07,2.663161087212984e-07,3.158576440100774e-06,0.4445211952320293,0.052902668714523315,0.4323708415031433,0.23570822179317474,0.0,0.2261514663696289,0.23557274043560028,0.9597945213317871,0.800000011920929,0.4931788444519043,-1.8691829442977905,1.0000000|0.0000000|0.0000000|0.0000000|0.0000000|0.0000000|0.0000000|0.0000000|0.0000000|0.0000000,0,1.0,4.595898783229882,0,0,0,0,0,
cross_town,Town02,mixed,9,183,9.15,-7.368211269378662,121.21024322509766,0.22167761623859406,90.1288070678711,0.0,500.0996068996452,0.0,4.76837158203125e-07,2.663161087212984e-07,3.846465139148976e-06,0.460470134555423,0.060066789388656616,0.1305888593196869,0.0884423702955246,0.0,0.14615146815776825,0.15557274222373962,0.8003051280975342,0.800000011920929,0.04705056920647621,-1.5081831216812134,1.0000000|0.0000000|0.0000000|0.0000000|0.0000000|0.0000000|0.0000000|0.0000000|0.0000000|0.0000000,0,1.0,4.526954479884713,0,0,0,0,0,
cross_town,Town02,mixed,9,184,9.2,-7.368211269378662,121.21024322509766,0.22167761623859406,90.1288070678711,0.0,500.0996068996452,0.0,4.76837158203125e-07,2.663161087212984e-07,4.532958490076568e-06,0.44452118331106866,0.052902668714523315,0.43237102031707764,0.2357082962989807,0.0,0.2261514663696289,0.23557274043560028,0.9597946405410767,0.800000011920929,0.4931796193122864,-1.8691835403442383,1.0000000|0.0000000|0.0000000|0.0000000|0.0000000|0.0000000|0.0000000|0.0000000|0.0000000|0.0000000,0,1.0,4.460579510222159,0,0,0,0,0,
cross_town,Town02,mixed,9,185,9.25,-7.368211269378662,121.21024322509766,0.22167761623859406,90.1288070678711,0.0,500.0996068996452,0.0,4.76837158203125e-07,2.663161087212984e-07,5.219448348585732e-06,0.46047011071359767,0.060066789388656616,0.13058876991271973,0.08844232559204102,0.0,0.14615146815776825,0.15557274222373962,0.8003053665161133,0.800000011920929,0.04705100134015083,-1.5081835985183716,1.0000000|0.0000000|0.0000000|0.0000000|0.0000000|0.0000000|0.0000000|0.0000000|0.0000000|0.0000000,0,1.0,4.401535565417858,0,0,0,0,0,
cross_town,Town02,mixed,9,186,9.3,-7.368211269378662,121.21024322509766,0.22167761623859406,90.1288070678711,0.0,500.0996068996452,0.0,4.76837158203125e-07,2.663161087212984e-07,0.0,0.44452117139013647,0.05290263891220093,0.4323709011077881,0.23570825159549713,0.0,0.2261514663696289,0.23557274043560028,0.9597947597503662,0.800000011920929,0.49318066239356995,-1.8691836595535278,1.0000000|0.0000000|0.0000000|0.0000000|0.0000000|0.0000000|0.0000000|0.0000000|0.0000000|0.0000000,0,1.0,4.353129904058949,0,0,0,0,0,
cross_town,Town02,mixed,9,187,9.35,-7.368211269378662,121.21024322509766,0.22167761623859406,90.1288070678711,0.0,500.0996068996452,0.0,4.76837158203125e-07,2.663161087212984e-07,7.209807173097073e-07,0.4604701047530954,0.060066789388656616,0.1305888593196869,0.088442362844944,0.0,0.14615146815776825,0.15557274222373962,0.8003054261207581,0.800000011920929,0.0470510795712471,-1.5081828832626343,1.0000000|0.0000000|0.0000000|0.0000000|0.0000000|0.0000000|0.0000000|0.0000000|0.0000000|0.0000000,0,1.0,4.323331522441563,0,0,0,0,0,
cross_town,Town02,mixed,9,188,9.4,-7.368211269378662,121.21024322509766,0.22167761623859406,90.1288070678711,0.0,500.0996068996452,0.0,4.76837158203125e-07,2.663161087212984e-07,3.338837807808695e-07,0.44452120715289617,0.05290263891220093,0.43237072229385376,0.23570819199085236,0.0,0.2261514663696289,0.23557274043560028,0.9597944021224976,0.800000011920929,0.49317798018455505,-1.8691835403442383,1.0000000|0.0000000|0.0000000|0.0000000|0.0000000|0.0000000|0.0000000|0.0000000|0.0000000|0.0000000,0,1.0,4.31909429834546,0,0,0,0,0,
cross_town,Town02,mixed,9,189,9.45,-7.368211269378662,121.21024322509766,0.22167761623859406,90.1288070678711,0.0,500.0996068996452,0.0,4.76837158203125e-07,2.663161087212984e-07,2.162936044994124e-06,0.46047017627845965,0.060066819190979004,0.1305888593196869,0.0884423702955246,0.0,0.14615146815776825,0.15557274222373962,0.8003047108650208,0.800000011920929,0.04704996198415756,-1.5081825256347656,1.0000000|0.0000000|0.0000000|0.0000000|0.0000000|0.0000000|0.0000000|0.0000000|0.0000000|0.0000000,0,1.0,4.334937366549451,0,0,0,0,0,
cross_town,Town02,mixed,9,190,9.5,-7.368211269378662,121.21024322509766,0.22167761623859406,90.1288070678711,0.0,500.0996068996452,0.0,4.76837158203125e-07,2.663161087212984e-07,2.8856156732944913e-06,0.44452117139016467,0.05290263891220093,0.43237102031707764,0.23570825159549713,0.0,0.2261514663696289,0.23557274043560028,0.9597947597503662,0.800000011920929,0.49318018555641174,-1.8691836595535278,1.0000000|0.0000000|0.0000000|0.0000000|0.0000000|0.0000000|0.0000000|0.0000000|0.0000000|0.0000000,0,1.0,4.357050511004868,0,0,0,0,0,
cross_town,Town02,mixed,9,191,9.55,-7.368211269378662,121.21024322509766,0.22167761623859406,90.1288070678711,0.0,500.0996068996452,0.0,4.76837158203125e-07,2.663161087212984e-07,2.440864144134186e-06,0.460470146476005,0.060066819190979004,0.13058888912200928,0.0884423553943634,0.0,0.14615146815776825,0.15557274222373962,0.8003050088882446,0.800000011920929,0.04705037176609039,-1.5081825256347656,1.0000000|0.0000000|0.0000000|0.0000000|0.0000000|0.0000000|0.0000000|0.0000000|0.0000000|0.0000000,0,1.0,4.382848318106404,0,0,0,0,0,
cross_town,Town02,mixed,9,192,9.6,-7.368211269378662,121.21024322509766,0.22167761623859406,90.1288070678711,0.0,500.0996068996452,0.0,4.76837158203125e-07,2.663161087212984e-07,4.257217484227468e-06,0.4445211952315693,0.052902668714523315,0.4323708415031433,0.23570822179317474,0.0,0.2261514663696289,0.23557274043560028,0.9597945213317871,0.800000011920929,0.49317899346351624,-1.8691829442977905,1.0000000|0.0000000|0.0000000|0.0000000|0.0000000|0.0000000|0.0000000|0.0000000|0.0000000|0.0000000,0,1.0,4.411506990901227,0,0,0,0,0,
cross_town,Town02,mixed,9,193,9.65,-7.368211269378662,121.21024322509766,0.22167761623859406,90.1288070678711,0.0,500.0996068996452,0.0,4.76837158203125e-07,2.663161087212984e-07,3.847166814016684e-06,0.46047014647614376,0.060066789388656616,0.13058876991271973,0.08844242990016937,0.0,0.14615146815776825,0.15557274222373962,0.8003050088882446,0.800000011920929,0.0470503494143486,-1.5081833600997925,1.0000000|0.0000000|0.0000000|0.0000000|0.0000000|0.0000000|0.0000000|0.0000000|0.0000000|0.0000000,0,1.0,4.442541189893892,0,0,0,0,0,
cross_town,Town02,mixed,9,194,9.7,-7.368211269378662,121.21024322509766,0.22167761623859406,90.1288070678711,0.0,500.0996068996452,0.0,4.76837158203125e-07,2.663161087212984e-07,4.56784623736212e-06,0.44452118331104346,0.052902668714523315,0.43237102031707764,0.2357082962989807,0.0,0.2261514663696289,0.23557274043560028,0.9597946405410767,0.800000011920929,0.4931795597076416,-1.8691835403442383,1.0000000|0.0000000|0.0000000|0.0000000|0.0000000|0.0000000|0.0000000|0.0000000|0.0000000|0.0000000,0,1.0,4.475680097274358,0,0,0,0,0,
cross_town,Town02,mixed,9,195,9.75,-7.368211269378662,121.21024322509766,0.22167761623859406,90.1288070678711,0.0,500.0996068996452,0.0,4.76837158203125e-07,2.663161087212984e-07,4.4632305830858084e-07,0.4604701285949333,0.060066789388656616,0.13058874011039734,0.08844244480133057,0.0,0.14615146815776825,0.15557274222373962,0.800305187702179,0.800000011920929,0.047050703316926956,-1.5081833600997925,1.0000000|0.0000000|0.0000000|0.0000000|0.0000000|0.0000000|0.0000000|0.0000000|0.0000000|0.0000000,0,1.0,4.510783457296811,0,0,0,0,0,
cross_town,Town02,mixed,9,196,9.8,-7.368211269378662,121.21024322509766,0.22167761623859406,90.1288070678711,0.0,500.0996068996452,0.0,4.76837158203125e-07,2.663161087212984e-07,1.16730009604395e-06,0.44452122503429586,0.05290260910987854,0.432370662689209,0.23570814728736877,0.0,0.2261514663696289,0.23557274043560028,0.9597942233085632,0.800000011920929,0.4931766390800476,-1.8691833019256592,1.0000000|0.0000000|0.0000000|0.0000000|0.0000000|0.0000000|0.0000000|0.0000000|0.0000000|0.0000000,0,1.0,4.547861249382537,0,0,0,0,0,
cross_town,Town02,mixed,9,197,9.85,-7.368211269378662,121.21024322509766,0.22167761623859406,90.1288070678711,0.0,500.0996068996452,0.0,4.76837158203125e-07,2.663161087212984e-07,1.8882781713711367e-06,0.46047008687173985,0.060066819190979004,0.1305888295173645,0.08844245970249176,0.0,0.14615146815776825,0.15557274222373962,0.8003056049346924,0.800000011920929,0.04705137386918068,-1.5081822872161865,1.0000000|0.0000000|0.0000000|0.0000000|0.0000000|0.0000000|0.0000000|0.0000000|0.0000000|0.0000000,0,1.0,4.586754904364831,0,0,0,0,0,
cross_town,Town02,mixed,9,198,9.9,-7.368211269378662,121.21024322509766,0.22167761623859406,90.1288070678711,0.0,500.0996068996452,0.0,4.76837158203125e-07,2.663161087212984e-07,2.5749246465268388e-06,0.4445211833111014,0.05290263891220093,0.43237078189849854,0.23570820689201355,0.0,0.2261514663696289,0.23557274043560028,0.9597946405410767,0.800000011920929,0.4931795597076416,-1.869184136390686,1.0000000|0.0000000|0.0000000|0.0000000|0.0000000|0.0000000|0.0000000|0.0000000|0.0000000|0.0000000,0,1.0,4.6276953924811055,0,0,0,0,0,
cross_town,Town02,mixed,9,199,9.95,-7.368211269378662,121.21024322509766,0.22167761623859406,90.1288070678711,0.0,500.0996068996452,0.0,4.76837158203125e-07,2.663161087212984e-07,3.2959081615838394e-06,0.46047011667406224,0.060066789388656616,0.1305888295173645,0.08844229578971863,0.0,0.14615146815776825,0.15557274222373962,0.8003053069114685,0.800000011920929,0.04705081507563591,-1.5081827640533447,1.0000000|0.0000000|0.0000000|0.0000000|0.0000000|0.0000000|0.0000000|0.0000000|0.0000000|0.0000000,0,1.0,4.651812573576079,0,0,0,0,0,
cross_town,Town02,mixed,9,200,10.0,-7.368211269378662,121.21024322509766,0.22167761623859406,90.1288070678711,0.0,500.0996068996452,0.0,4.76837158203125e-07,2.663161087212984e-07,4.016889723619699e-06,0.4445211952320303,0.052902668714523315,0.4323709011077881,0.2357081174850464,0.0,0.2261514663696289,0.23557274043560028,0.9597945213317871,0.800000011920929,0.49317866563796997,-1.8691836595535278,1.0000000|0.0000000|0.0000000|0.0000000|0.0000000|0.0000000|0.0000000|0.0000000|0.0000000|0.0000000,0,1.0,4.634742147904608,0,0,0,0,0,
cross_town,Town02,mixed,9,201,10.05,-7.368211269378662,121.21024322509766,0.22167761623859406,90.1288070678711,0.0,500.0996068996452,0.0,4.76837158203125e-07,2.663161087212984e-07,4.772229954984562e-06,0.46047014051591995,0.060066789388656616,0.13058876991271973,0.08844242990016937,0.0,0.14615146815776825,0.15557274222373962,0.8003050684928894,0.800000011920929,0.047050490975379944,-1.5081833600997925,1.0000000|0.0000000|0.0000000|0.0000000|0.0000000|0.0000000|0.0000000|0.0000000|0.0000000|0.0000000,0,1.0,4.600040613180755,0,0,0,0,0,
cross_town,Town02,mixed,9,202,10.1,-7.368211269378662,121.21024322509766,0.22167761623859406,90.1288070678711,0.0,500.0996068996452,0.0,4.76837158203125e-07,2.663161087212984e-07,5.527510811516438e-06,0.4445211713901704,0.052902668714523315,0.4323711395263672,0.23570825159549713,0.0,0.2261514663696289,0.23557274043560028,0.9597947597503662,0.800000011920929,0.49318018555641174,-1.8691836595535278,1.0000000|0.0000000|0.0000000|0.0000000|0.0000000|0.0000000|0.0000000|0.0000000|0.0000000|0.0000000,0,1.0,4.550469239540377,0,0,0,0,0,
cross_town,Town02,mixed,9,203,10.15,-7.368211269378662,121.21024322509766,0.22167761623859406,90.1288070678711,0.0,500.0996068996452,0.0,4.76837158203125e-07,2.663161087212984e-07,1.7166587591203144e-07,0.46047017627870634,0.060066819190979004,0.1305888593196869,0.08844239264726639,0.0,0.14615146815776825,0.15557274222373962,0.8003047108650208,0.800000011920929,0.047049932181835175,-1.5081831216812134,1.0000000|0.0000000|0.0000000|0.0000000|0.0000000|0.0000000|0.0000000|0.0000000|0.0000000|0.0000000,0,1.0,4.492766541489637,0,0,0,0,0,
cross_town,Town02,mixed,9,204,10.2,-7.368211269378662,121.21024322509766,0.22167761623859406,90.1288070678711,0.0,500.0996068996452,0.0,4.76837158203125e-07,2.663161087212984e-07,8.926419413960372e-07,0.44452121907388775,0.05290263891220093,0.43237078189849854,0.2357081174850464,0.0,0.2261514663696289,0.23557274043560028,0.959794282913208,0.800000011920929,0.4931778907775879,-1.8691834211349487,1.0000000|0.0000000|0.0000000|0.0000000|0.0000000|0.0000000|0.0000000|0.0000000|0.0000000|0.0000000,0,1.0,4.433223142734757,0,0,0,0,0,
cross_town,Town02,mixed,9,205,10.25,-7.368211269378662,121.21024322509766,0.22167761623859406,90.1288070678711,0.0,500.0996068996452,0.0,4.76837158203125e-07,2.663161087212984e-07,1.6136970255276359e-06,0.46047008687173924,0.060066819190979004,0.1305888295173645,0.08844238519668579,0.0,0.14615146815776825,0.15557274222373962,0.8003056049346924,0.800000011920929,0.04705139622092247,-1.5081825256347656,1.0000000|0.0000000|0.0000000|0.0000000|0.0000000|0.0000000|0.0000000|0.0000000|0.0000000|0.0000000,0,1.0,4.3763937332860205,0,0,0,0,0,
cross_town,Town02,mixed,9,206,10.3,-7.368211269378662,121.21024322509766,0.22167761623859406,90.1288070678711,0.0,500.0996068996452,0.0,4.76837158203125e-07,2.663161087212984e-07,2.3002636269776537e-06,0.44452119523202716,0.05290260910987854,0.4323706030845642,0.23570819199085236,0.0,0.2261514663696289,0.23557274043560028,0.9597945213317871,0.800000011920929,0.49317869544029236,-1.8691837787628174,1.0000000|0.0000000|0.0000000|0.0000000|0.0000000|0.0000000|0.0000000|0.0000000|0.0000000|0.0000000,0,1.0,4.3249857770180835,0,0,0,0,0,
cross_town,Town02,mixed,9,207,10.35,-7.368211269378662,121.21024322509766,0.22167761623859406,90.1288070678711,0.0,500.0996068996452,0.0,4.76837158203125e-07,2.663161087212984e-07,3.055579512845182e-06,0.46047008687173846,0.060066789388656616,0.13058888912200928,0.08844231069087982,0.0,0.14615146815776825,0.15557274222373962,0.8003056049346924,0.800000011920929,0.04705129191279411,-1.508182406425476,1.0000000|0.0000000|0.0000000|0.0000000|0.0000000|0.0000000|0.0000000|0.0000000|0.0000000|0.0000000,0,1.0,4.280269791200895,0,0,0,0,0,
cross_town,Town02,mixed,9,208,10.4,-7.368211269378662,121.21024322509766,0.22167761623859406,90.1288070678711,0.0,500.0996068996452,0.0,4.76837158203125e-07,2.663161087212984e-07,3.8109256376474368e-06,0.4445211952320302,0.052902668714523315,0.43237102031707764,0.23570814728736877,0.0,0.2261514663696289,0.23557274043560028,0.9597945213317871,0.800000011920929,0.49317893385887146,-1.8691835403442383,1.0000000|0.0000000|0.0000000|0.0000000|0.0000000|0.0000000|0.0000000|0.0000000|0.0000000|0.0000000,0,1.0,4.242463454537087,0,0,0,0,0,
cross_town,Town02,mixed,9,209,10.45,-7.368211269378662,121.21024322509766,0.22167761623859406,90.1288070678711,0.0,500.0996068996452,0.0,4.76837158203125e-07,2.663161087212984e-07,3.366894965226514e-06,0.4604701285949029,0.06006675958633423,0.13058879971504211,0.08844238519668579,0.0,0.14615146815776825,0.15557274222373962,0.800305187702179,0.800000011920929,0.047050803899765015,-1.5081831216812134,1.0000000|0.0000000|0.0000000|0.0000000|0.0000000|0.0000000|0.0000000|0.0000000|0.0000000|0.0000000,0,1.0,4.2111071295094185,0,0,0,0,0,
cross_town,Town02,mixed,9,210,10.5,-7.368211269378662,121.21024322509766,0.22167761623859406,90.1288070678711,0.0,500.0996068996452,0.0,4.76837158203125e-07,2.663161087212984e-07,5.252878461210813e-06,0.44452118331079665,0.052902668714523315,0.43237096071243286,0.2357083112001419,0.0,0.2261514663696289,0.23557274043560028,0.9597946405410767,0.800000011920929,0.4931797385215759,-1.8691837787628174,1.0000000|0.0000000|0.0000000|0.0000000|0.0000000|0.0000000|0.0000000|0.0000000|0.0000000|0.0000000,0,1.0,4.18579991482612,0,0,0,0,0,
cross_town,Town02,mixed,9,211,10.55,-7.368211269378662,121.21024322509766,0.22167761623859406,90.1288070678711,0.0,500.0996068996452,0.0,4.76837158203125e-07,2.663161087212984e-07,6.008186687938708e-06,0.4604701464763087,0.060066819190979004,0.13058891892433167,0.08844231069087982,0.0,0.14615146815776825,0.15557274222373962,0.8003050088882446,0.800000011920929,0.0470503494143486,-1.5081831216812134,1.0000000|0.0000000|0.0000000|0.0000000|0.0000000|0.0000000|0.0000000|0.0000000|0.0000000|0.0000000,0,1.0,4.167341511740377,0,0,0,0,0,
cross_town,Town02,mixed,9,212,10.6,-7.368211269378662,121.21024322509766,0.22167761623859406,90.1288070678711,0.0,500.0996068996452,0.0,4.76837158203125e-07,2.663161087212984e-07,5.493198174931345e-07,0.44452115946924137,0.05290263891220093,0.43237078189849854,0.23570823669433594,0.0,0.2261514663696289,0.23557274043560028,0.9597948789596558,0.800000011920929,0.493181049823761,-1.8691836595535278,1.0000000|0.0000000|0.0000000|0.0000000|0.0000000|0.0000000|0.0000000|0.0000000|0.0000000|0.0000000,0,1.0,4.153961686854951,0,0,0,0,0,
cross_town,Town02,mixed,9,213,10.65,-7.368211269378662,121.21024322509766,0.22167761623859406,90.1288070678711,0.0,500.0996068996452,0.0,4.76837158203125e-07,2.663161087212984e-07,1.2359687976710632e-06,0.4604701166740605,0.060066819190979004,0.1305888295173645,0.08844241499900818,0.0,0.14615146815776825,0.15557274222373962,0.8003053069114685,0.800000011920929,0.04705087095499039,-1.5081826448440552,1.0000000|0.0000000|0.0000000|0.0000000|0.0000000|0.0000000|0.0000000|0.0000000|0.0000000|0.0000000,0,1.0,4.143558554155399,0,0,0,0,0,
cross_town,Town02,mixed,9,214,10.7,-7.368211269378662,121.21024322509766,0.22167761623859406,90.1288070678711,0.0,500.0996068996452,0.0,4.76837158203125e-07,2.663161087212984e-07,1.9226175732280197e-06,0.44452118331110146,0.05290260910987854,0.432370662689209,0.23570817708969116,0.0,0.2261514663696289,0.23557274043560028,0.9597946405410767,0.800000011920929,0.4931797981262207,-1.8691835403442383,1.0000000|0.0000000|0.0000000|0.0000000|0.0000000|0.0000000|0.0000000|0.0000000|0.0000000|0.0000000,0,1.0,4.134957363377793,0,0,0,0,0,
cross_town,Town02,mixed,9,215,10.75,-7.368211269378662,121.21024322509766,0.22167761623859406,90.1288070678711,0.0,500.0996068996452,0.0,4.76837158203125e-07,2.663161087212984e-07,2.6435934317161265e-06,0.4604701405159201,0.060066819190979004,0.1305888295173645,0.0884423479437828,0.0,0.14615146815776825,0.15557274222373962,0.8003050684928894,0.800000011920929,0.047050509601831436,-1.5081826448440552,1.0000000|0.0000000|0.0000000|0.0000000|0.0000000|0.0000000|0.0000000|0.0000000|0.0000000|0.0000000,0,1.0,4.127413293422896,0,0,0,0,0,
cross_town,Town02,mixed,9,216,10.8,-7.368211269378662,121.21024322509766,0.22167761623859406,90.1288070678711,0.0,500.0996068996452,0.0,4.76837158203125e-07,2.663161087212984e-07,3.331767065476631e-06,0.444521183311069,0.052902668714523315,0.43237078189849854,0.23570823669433594,0.0,0.2261514663696289,0.23557274043560028,0.9597946405410767,0.800000011920929,0.49317997694015503,-1.86918306350708,1.0000000|0.0000000|0.0000000|0.0000000|0.0000000|0.0000000|0.0000000|0.0000000|0.0000000|0.0000000,0,1.0,4.12037329485378,0,0,0,0,0,
cross_town,Town02,mixed,9,217,10.85,-7.368211269378662,121.21024322509766,0.22167761623859406,90.1288070678711,0.0,500.0996068996452,0.0,4.76837158203125e-07,2.663161087212984e-07,4.016878017604594e-06,0.46044362028927704,0.060066819190979004,0.1305888295173645,0.08844231069087982,0.0,0.14615146815776825,0.15557274222373962,0.8003045320510864,0.800000011920929,0.047049619257450104,-1.508183240890503,1.0000000|0.0000000|0.0000000|0.0000000|0.0000000|0.0000000|0.0000000|0.0000000|0.0000000|0.0000000,0,1.0,4.113128562565915,0,0,0,0,0,
cross_town,Town02,mixed,9,218,10.9,-7.368211269378662,121.21024322509766,0.22167761623859406,90.1288070678711,0.0,500.0996068996452,0.0,4.76837158203125e-07,2.663161087212984e-07,4.703525353369107e-06,0.4443800432781238,0.052902668714523315,0.43237102031707764,0.23570825159549713,0.0,0.2261514663696289,0.23557274043560028,0.9597945213317871,0.800000011920929,0.49317875504493713,-1.8691836595535278,1.0000000|0.0000000|0.0000000|0.0000000|0.0000000|0.0000000|0.0000000|0.0000000|0.0000000|0.0000000,0,1.0,4.106434454455466,0,0,0,0,0,
cross_town,Town02,mixed,9,219,10.95,-7.368211269378662,121.21024322509766,0.22167761623859406,90.1288070678711,0.0,500.0996068996452,0.0,4.76837158203125e-07,2.663161087212984e-07,6.524323837898084e-06,0.4402391220955936,0.7864737510681152,0.31439560651779175,0.061184607446193695,0.0,0.14615146815776825,0.15557274222373962,1.0,0.38489556312561035,14.997896194458008,-0.6806198954582214,1.0000000|0.0000000|0.0000000|0.0000000|0.0000000|0.0000000|0.0000000|0.0000000|0.0000000|0.0000000,0,1.0,4.0999977779659496,0,0,0,0,0,
cross_town,Town02,mixed,9,220,11.0,-7.368211269378662,121.21024322509766,0.22167761623859406,90.1288070678711,0.0,500.0996068996452,0.0,4.76837158203125e-07,2.663161087212984e-07,2.746608573263074e-07,0.44011274600319383,0.9394323825836182,0.7409156560897827,-0.06858441233634949,0.0,0.06615146994590759,0.07557274401187897,1.0,0.3818456828594208,13.540365219116211,-1.0941176414489746,1.0000000|0.0000000|0.0000000|0.0000000|0.0000000|0.0000000|0.0000000|0.0000000|0.0000000|0.0000000,0,1.0,4.093657036962013,0,0,0,0,0,
cross_town,Town02,mixed,9,221,11.05,-7.368211269378662,121.21024322509766,0.22167761623859406,90.1288070678711,0.0,500.0996068996452,0.0,4.76837158203125e-07,2.663161087212984e-07,9.613095464718803e-07,0.4399803078294419,0.9583703279495239,0.9504855871200562,-0.2481970191001892,0.05999999865889549,0.0,-0.004427256062626839,1.0,0.3788279891014099,7.904502868652344,-1.724261999130249,1.0000000|0.0000000|0.0000000|0.0000000|0.0000000|0.0000000|0.0000000|0.0000000|0.0000000|0.0000000,0,1.0,4.098157460277738,0,0,0,0,0,
cross_town,Town02,mixed,9,222,11.1,-7.368211269378662,121.21024322509766,0.22167761623859406,90.1288070678711,0.0,500.0996068996452,0.0,4.76837158203125e-07,2.663161087212984e-07,1.6847030226130665e-06,0.4398423334309251,0.8998193740844727,0.98490309715271,-0.4749864637851715,0.0,0.07999999821186066,-0.08442725241184235,1.0,0.3758455812931061,7.618504524230957,-2.5268373489379883,1.0000000|0.0000000|0.0000000|0.0000000|0.0000000|0.0000000|0.0000000|0.0000000|0.0000000|0.0000000,0,1.0,4.126861285767288,0,0,0,0,0,
cross_town,Town02,mixed,9,223,11.15,-7.368211269378662,121.21024322509766,0.22167761623859406,90.1288070678711,0.0,500.0996068996452,0.0,4.76837158203125e-07,2.663161087212984e-07,2.3689377551612557e-06,0.4396993930128388,0.9432528018951416,0.9852285981178284,-0.29223090410232544,0.0,0.1599999964237213,-0.164427250623703,1.0,0.3729129433631897,12.485688209533691,-3.1518630981445312,1.0000000|0.0000000|0.0000000|0.0000000|0.0000000|0.0000000|0.0000000|0.0000000|0.0000000|0.0000000,0,1.0,4.168378603536706,0,0,0,0,0,
cross_town,Town02,mixed,9,224,11.2,-7.368211269378662,121.21024322509766,0.22167761623859406,90.1288070678711,0.0,500.0996068996452,0.0,4.76837158203125e-07,2.663161087212984e-07,4.190401387838998e-06,0.4591773419467559,0.049033522605895996,0.30241766571998596,0.20456784963607788,0.0,0.23999999463558197,-0.08442725241184235,0.8037429451942444,0.800000011920929,0.05246352404356003,-1.0822267532348633,1.0000000|0.0000000|0.0000000|0.0000000|0.0000000|0.0000000|0.0000000|0.0000000|0.0000000|0.0000000,0,1.0,4.212793353874829,0,0,0,0,0,
cross_town,Town02,mixed,9,225,11.25,-7.368211269378662,121.21024322509766,0.22167761623859406,90.1288070678711,0.0,500.0996068996452,0.0,4.76837158203125e-07,2.663161087212984e-07,3.742222378584771e-06,0.43939908119100535,0.9721888303756714,0.9481778144836426,-0.17274317145347595,0.0,0.1599999964237213,-0.164427250623703,1.0,0.36723485589027405,9.70441722869873,-2.185399055480957,1.0000000|0.0000000|0.0000000|0.0000000|0.0000000|0.0000000|0.0000000|0.0000000|0.0000000|0.0000000,0,1.0,4.256457890956424,0,0,0,0,0,
cross_town,Town02,mixed,9,226,11.3,-7.368211269378662,121.21024322509766,0.22167761623859406,90.1288070678711,0.0,500.0996068996452,0.0,4.76837158203125e-07,2.663161087212984e-07,5.563221777960495e-06,0.4588671991102508,0.04903349280357361,0.3024175763130188,0.20456784963607788,0.0,0.23999999463558197,-0.08442725241184235,0.8037430047988892,0.800000011920929,0.05246371775865555,-1.0822267532348633,1.0000000|0.0000000|0.0000000|0.0000000|0.0000000|0.0000000|0.0000000|0.0000000|0.0000000|0.0000000,0,1.0,4.289633322104562,0,0,0,0,0,
cross_town,Town02,mixed,9,227,11.35,-7.368211269378662,121.21024322509766,0.22167761623859406,90.1288070678711,0.0,500.0996068996452,0.0,4.76837158203125e-07,2.663161087212984e-07,6.249709410935758e-06,0.4547143473181689,0.04325723648071289,0.06685692071914673,0.07727387547492981,0.0,0.1599999964237213,-0.00442725233733654,0.8436405062675476,0.800000011920929,0.12139225006103516,-0.2972830533981323,1.0000000|0.0000000|0.0000000|0.0000000|0.0000000|0.0000000|0.0000000|0.0000000|0.0000000|0.0000000,0,1.0,4.311439940184006,0,0,0,0,0,
cross_town,Town02,mixed,9,228,11.4,-7.368211269378662,121.21024322509766,0.22167761623859406,90.1288070678711,0.0,500.0996068996452,0.0,4.76837158203125e-07,2.663161087212984e-07,0.0,0.43890928574916016,0.9178901314735413,0.962256133556366,-0.2731156647205353,0.0,0.23999999463558197,-0.08442725241184235,1.0,0.3591577708721161,8.593725204467773,-1.5620503425598145,1.0000000|0.0000000|0.0000000|0.0000000|0.0000000|0.0000000|0.0000000|0.0000000|0.0000000|0.0000000,0,1.0,4.323104788231755,0,0,0,0,0,
cross_town,Town02,mixed,9,229,11.45,-7.368211269378662,121.21024322509766,0.22167761623859406,90.1288070678711,0.0,500.0996068996452,0.0,4.76837158203125e-07,2.663161087212984e-07,6.86650032597365e-07,0.4458620313513729,0.9817028641700745,0.9399246573448181,-0.06298518180847168,0.0,0.1599999964237213,-0.06298518180847168,1.0,0.3565549850463867,10.751447677612305,-2.6373939514160156,1.0000000|0.0000000|0.0000000|0.0000000|0.0000000|0.0000000|0.0000000|0.0000000|0.0000000|0.0000000,0,1.0,4.327942307042315,0,0,0,0,0,
cross_town,Town02,mixed,9,230,11.5,-7.368211269378662,121.21024322509766,0.22167761623859406,90.1288070678711,0.0,500.0996068996452,0.0,4.76837158203125e-07,2.663161087212984e-07,1.3732990743157354e-06,0.45726473318638045,0.034822702407836914,0.0764409601688385,0.10809565335512161,0.0,0.07999999821186066,0.017014818266034126,0.8128668069839478,0.800000011920929,0.06718657910823822,-0.677811324596405,1.0000000|0.0000000|0.0000000|0.0000000|0.0000000|0.0000000|0.0000000|0.0000000|0.0000000|0.0000000,0,1.0,4.327274560237555,0,0,0,0,0,
cross_town,Town02,mixed,9,231,11.55,-7.368211269378662,121.21024322509766,0.22167761623859406,90.1288070678711,0.0,500.0996068996452,0.0,4.76837158203125e-07,2.663161087212984e-07,3.1953767057449926e-06,0.4595651861248009,0.0162886381149292,0.31393760442733765,0.08970345556735992,0.0,0.1599999964237213,0.08970345556735992,0.801364004611969,0.800000011920929,0.048710331320762634,-1.1745704412460327,1.0000000|0.0000000|0.0000000|0.0000000|0.0000000|0.0000000|0.0000000|0.0000000|0.0000000|0.0000000,0,1.0,4.324174427500204,0,0,0,0,0,
cross_town,Town02,mixed,9,232,11.6,-7.368211269378662,121.21024322509766,0.22167761623859406,90.1288070678711,0.0,500.0996068996452,0.0,4.76837158203125e-07,2.663161087212984e-07,2.780921596630368e-06,0.4402554884503483,0.9001353979110718,0.7646629810333252,0.02145439013838768,0.0,0.07999999821186066,0.02145439013838768,1.0,0.3489376902580261,8.082286834716797,-0.3583216071128845,1.0000000|0.0000000|0.0000000|0.0000000|0.0000000|0.0000000|0.0000000|0.0000000|0.0000000|0.0000000,0,1.0,4.314084796538398,0,0,0,0,0,
cross_town,Town02,mixed,9,233,11.65,-7.368211269378662,121.21024322509766,0.22167761623859406,90.1288070678711,0.0,500.0996068996452,0.0,4.76837158203125e-07,2.663161087212984e-07,3.4676088902241354e-06,0.4379603517891418,0.8319897651672363,0.949681282043457,-0.24552342295646667,0.0,0.1599999964237213,-0.05854560807347298,1.0,0.34645235538482666,5.871617794036865,-1.0205135345458984,1.0000000|0.0000000|0.0000000|0.0000000|0.0000000|0.0000000|0.0000000|0.0000000|0.0000000|0.0000000,0,1.0,4.3104021842195115,0,0,0,0,0,
cross_town,Town02,mixed,9,234,11.7,-7.368211269378662,121.21024322509766,0.22167761623859406,90.1288070678711,0.0,500.0996068996452,0.0,4.76837158203125e-07,2.663161087212984e-07,4.154209274706685e-06,0.4545226031937622,0.03413960337638855,0.07433384656906128,0.10909748077392578,0.0,0.07999999821186066,0.02145439200103283,0.8322500586509705,0.800000011920929,0.10041455924510956,-0.6872868537902832,1.0000000|0.0000000|0.0000000|0.0000000|0.0000000|0.0000000|0.0000000|0.0000000|0.0000000|0.0000000,0,1.0,4.293564295683205,0,0,0,0,0,
cross_town,Town02,mixed,9,235,11.75,-7.368211269378662,121.21024322509766,0.22167761623859406,90.1288070678711,0.0,500.0996068996452,0.0,4.76837158203125e-07,2.663161087212984e-07,4.840857712035994e-06,0.4375266419287713,0.8145619630813599,0.9430806040763855,-0.19962036609649658,0.0,0.1599999964237213,-0.05854560807347298,1.0,0.3415529727935791,6.583189487457275,-1.0622742176055908,1.0000000|0.0000000|0.0000000|0.0000000|0.0000000|0.0000000|0.0000000|0.0000000|0.0000000|0.0000000,0,1.0,4.290196732347982,0,0,0,0,0,
cross_town,Town02,mixed,9,236,11.8,-7.368211269378662,121.21024322509766,0.22167761623859406,90.1288070678711,0.0,500.0996068996452,0.0,4.76837158203125e-07,2.663161087212984e-07,5.562643810869904e-06,0.4540720853878903,0.03413963317871094,0.07433381676673889,0.10909751057624817,0.0,0.07999999821186066,0.02145439200103283,0.832249641418457,0.800000011920929,0.10041385889053345,-0.6872870922088623,1.0000000|0.0000000|0.0000000|0.0000000|0.0000000|0.0000000|0.0000000|0.0000000|0.0000000|0.0000000,0,1.0,4.270741703492219,0,0,0,0,0,
cross_town,Town02,mixed,9,237,11.85,-7.368211269378662,121.21024322509766,0.22167761623859406,90.1288070678711,0.0,500.0996068996452,0.0,4.76837158203125e-07,2.663161087212984e-07,4.1199051359200825e-07,0.43705872454497635,0.8146801590919495,0.9313998222351074,-0.14439085125923157,0.0,0.1599999964237213,-0.05854560807347298,1.0,0.33674290776252747,7.7509002685546875,-1.231547474861145,1.0000000|0.0000000|0.0000000|0.0000000|0.0000000|0.0000000|0.0000000|0.0000000|0.0000000|0.0000000,0,1.0,4.266754242827443,0,0,0,0,0,
cross_town,Town02,mixed,9,238,11.9,-7.368211269378662,121.21024322509766,0.22167761623859406,90.1288070678711,0.0,500.0996068996452,0.0,4.76837158203125e-07,2.663161087212984e-07,2.2352106574814576e-06,0.4535862731353439,0.03413957357406616,0.0743337869644165,0.10909758508205414,0.0,0.07999999821186066,0.02145439200103283,0.8322499990463257,0.800000011920929,0.10041452944278717,-0.6872871518135071,1.0000000|0.0000000|0.0000000|0.0000000|0.0000000|0.0000000|0.0000000|0.0000000|0.0000000|0.0000000,0,1.0,4.246574157819961,0,0,0,0,0,
cross_town,Town02,mixed,9,239,11.95,-7.368211269378662,121.21024322509766,0.22167761623859406,90.1288070678711,0.0,500.0996068996452,0.0,4.76837158203125e-07,2.663161087212984e-07,1.8196181969065834e-06,0.4571584369283345,0.016350269317626953,0.33516430854797363,0.09935343265533447,0.0,0.1599999964237213,0.09935343265533447,0.7979425191879272,0.800000011920929,0.04337114840745926,-1.1735565662384033,1.0000000|0.0000000|0.0000000|0.0000000|0.0000000|0.0000000|0.0000000|0.0000000|0.0000000|0.0000000,0,1.0,4.241965738366042,0,0,0,0,0,
cross_town,Town02,mixed,9,240,12.0,-7.368211269378662,121.21024322509766,0.22167761623859406,90.1288070678711,0.0,500.0996068996452,0.0,4.76837158203125e-07,2.663161087212984e-07,2.506266804475329e-06,0.4504073707069227,0.036459505558013916,0.39327579736709595,0.21906858682632446,0.0,0.23999999463558197,0.17935343086719513,0.858809232711792,0.800000011920929,0.15135864913463593,-1.676466703414917,1.0000000|0.0000000|0.0000000|0.0000000|0.0000000|0.0000000|0.0000000|0.0000000|0.0000000|0.0000000,0,1.0,4.2215456064552015,0,0,0,0,0,
cross_town,Town02,mixed,9,241,12.05,-7.368211269378662,121.21024322509766,0.22167761623859406,90.1288070678711,0.0,500.0996068996452,0.0,4.76837158203125e-07,2.663161087212984e-07,4.327631267325082e-06,0.44323813022331804,0.7692963480949402,0.30580228567123413,0.19880765676498413,0.0,0.1599999964237213,0.19880765676498413,1.0,0.3273761570453644,11.449525833129883,0.055501699447631836,1.0000000|0.0000000|0.0000000|0.0000000|0.0000000|0.0000000|0.0000000|0.0000000|0.0000000|0.0000000,0,1.0,4.216775912739745,0,0,0,0,0,
cross_town,Town02,mixed,9,242,12.1,-7.368211269378662,121.21024322509766,0.22167761623859406,90.1288070678711,0.0,500.0996068996452,0.0,4.76837158203125e-07,2.663161087212984e-07,3.879551473182662e-06,0.43572614324350506,0.6604801416397095,0.21468675136566162,0.3670806288719177,0.0,0.07999999821186066,0.278807669878006,1.0,0.32508617639541626,16.122175216674805,-0.2937619090080261,1.0000000|0.0000000|0.0000000|0.0000000|0.0000000|0.0000000|0.0000000|0.0000000|0.0000000|0.0000000,0,1.0,4.1958272314275735,0,0,0,0,0,
cross_town,Town02,mixed,9,243,12.15,-7.368211269378662,121.21024322509766,0.22167761623859406,90.1288070678711,0.0,500.0996068996452,0.0,4.76837158203125e-07,2.663161087212984e-07,4.566222892911089e-06,0.4372469170991756,0.40062713623046875,0.05736157298088074,0.348705917596817,0.05999999865889549,0.0,0.348705917596817,1.0,0.32281550765037537,15.83276653289795,-1.1015334129333496,1.0000000|0.0000000|0.0000000|0.0000000|0.0000000|0.0000000|0.0000000|0.0000000|0.0000000|0.0000000,0,1.0,4.191697479693266,0,0,0,0,0,
cross_town,Town02,mixed,9,244,12.2,-7.368211269378662,121.21024322509766,0.22167761623859406,90.1288070678711,0.0,500.0996068996452,0.0,4.76837158203125e-07,2.663161087212984e-07,5.288145164217769e-06,0.4351228811927128,0.10921695828437805,0.08699443936347961,0.7425239086151123,0.10921695828437805,0.0,0.42870593070983887,1.0,0.32056576013565063,21.687259674072266,-1.3120301961898804,1.0000000|0.0000000|0.0000000|0.0000000|0.0000000|0.0000000|0.0000000|0.0000000|0.0000000|0.0000000,0,1.0,4.170178922176458,0,0,0,0,0,
cross_town,Town02,mixed,9,245,12.25,-7.368211269378662,121.21024322509766,0.22167761623859406,90.1288070678711,0.0,500.0996068996452,0.0,4.76837158203125e-07,2.663161087212984e-07,1.7166594967995776e-07,0.4348053057485916,0.04083597660064697,0.04883357882499695,0.7972116470336914,0.04921695962548256,0.0,0.5087059140205383,1.0,0.31833502650260925,15.650968551635742,-1.8309242725372314,1.0000000|0.0000000|0.0000000|0.0000000|0.0000000|0.0000000|0.0000000|0.0000000|0.0000000|0.0000000,0,1.0,4.166590114420234,0,0,0,0,0,
cross_town,Town02,mixed,9,246,12.3,-7.368211269378662,121.21024322509766,0.22167761623859406,90.1288070678711,0.0,500.0996068996452,0.0,4.76837158203125e-07,2.663161087212984e-07,8.926428993341743e-07,0.43447659459748006,0.09398218989372253,0.024236321449279785,0.8479728102684021,0.09398218989372253,0.0,0.5887058973312378,1.0,0.3161250352859497,18.371837615966797,-1.9861217737197876,1.0000000|0.0000000|0.0000000|0.0000000|0.0000000|0.0000000|0.0000000|0.0000000|0.0000000|0.0000000,0,1.0,4.144757909244058,0,0,0,0,0,
cross_town,Town02,mixed,9,247,12.35,-7.368211269378662,121.21024322509766,0.22167761623859406,90.1288070678711,0.0,500.0996068996452,0.0,4.76837158203125e-07,2.663161087212984e-07,1.5825157140634304e-06,0.43413681363036777,0.03359231352806091,0.9446578025817871,0.03354952484369278,0.0,0.07999999821186066,0.5087059140205383,1.0,0.800000011920929,6.806858062744141,-0.4368734359741211,1.0000000|0.0000000|0.0000000|0.0000000|0.0000000|0.0000000|0.0000000|0.0000000|0.0000000|0.0000000,0,1.0,4.141803020384007,0,0,0,0,0,
cross_town,Town02,mixed,9,248,12.4,-7.368211269378662,121.21024322509766,0.22167761623859406,90.1288070678711,0.0,500.0996068996452,0.0,4.76837158203125e-07,2.663161087212984e-07,2.300265544730782e-06,0.43483518590062153,0.07657629251480103,0.8604969382286072,-0.1667046695947647,0.0,0.1599999964237213,0.4287059009075165,0.9895022511482239,0.800000011920929,0.8365103006362915,-0.3298282027244568,1.0000000|0.0000000|0.0000000|0.0000000|0.0000000|0.0000000|0.0000000|0.0000000|0.0000000|0.0000000,0,1.0,4.1197371589716365,0,0,0,0,0,
cross_town,Town02,mixed,9,249,12.45,-7.368211269378662,121.21024322509766,0.22167761623859406,90.1288070678711,0.0,500.0996068996452,0.0,4.76837158203125e-07,2.663161087212984e-07,3.055619311091646e-06,0.4334225028739226,0.06366017460823059,0.06846603751182556,0.6774832606315613,0.0,0.07999999821186066,0.5087059140205383,1.0,0.3096114695072174,22.68916130065918,-0.976638913154602,1.0000000|0.0000000|0.0000000|0.0000000|0.0000000|0.0000000|0.0000000|0.0000000|0.0000000|0.0000000,0,1.0,4.117489851537189,0,0,0,0,0,
cross_town,Town02,mixed,9,250,12.5,-7.368211269378662,121.21024322509766,0.22167761623859406,90.1288070678711,0.0,500.0996068996452,0.0,4.76837158203125e-07,2.663161087212984e-07,2.612362905714925e-06,0.4340972877426855,0.07657623291015625,0.8604970574378967,-0.1667046695947647,0.0,0.1599999964237213,0.4287059009075165,0.9895023107528687,0.800000011920929,0.836511492729187,-0.32982635498046875,1.0000000|0.0000000|0.0000000|0.0000000|0.0000000|0.0000000|0.0000000|0.0000000|0.0000000|0.0000000,0,1.0,4.095252936796744,0,0,1,0,0,stuck
