protocol,town,weather,episode,t,sim_time_s,ego_x,ego_y,ego_z,ego_yaw_deg,route_s_m,route_remaining_m,route_completion_pct,cte_m,route_heading_rad,speed_kmh,reward,command_throttle,command_brake,command_steer,applied_throttle,applied_brake,applied_steer,sigma_bar,sigma_ale,sigma_epi,policy_entropy_proxy,attention,top_attention_index,top_attention_value,ttc_s,collision,off_route,timeout,red_light_violation,intervention,terminal_reason
cross_town,Town02,mixed,15,1,0.05,193.68222045898438,160.58309936523438,0.15079757571220398,-89.92217254638672,0.003189063150012868,499.2999938704299,0.0006387027479528596,1.52587890625e-05,1.331580543606492e-07,0.46652589440345843,0.4558864847247488,0.030358821153640747,0.400614470243454,-0.005132860969752073,0.0,0.07999999821186066,-0.005132860969752073,0.9196603298187256,0.800000011920929,0.3094351291656494,-1.8932698965072632,1.0000000|0.0000000|0.0000000|0.0000000|0.0000000|0.0000000|0.0000000|0.0000000|0.0000000|0.0000000,0,1.0,,0,0,0,0,0,
cross_town,Town02,mixed,15,2,0.1,193.68222045898438,160.58309936523438,0.161112442612648,-89.92217254638672,0.003189063150012868,499.2999938704299,0.0006387027479528596,1.52587890625e-05,1.331580543606492e-07,0.8584073066711503,0.4619797993423592,0.021159857511520386,0.25091487169265747,0.061862971633672714,0.0,0.1599999964237213,0.061862971633672714,0.8051820397377014,0.800000011920929,0.05475075915455818,-1.3942511081695557,1.0000000|0.0000000|0.0000000|0.0000000|0.0000000|0.0000000|0.0000000|0.0000000|0.0000000|0.0000000,0,1.0,,0,0,0,0,0,
cross_town,Town02,mixed,15,3,0.15,193.68222045898438,160.58309936523438,0.17358183860778809,-89.92217254638672,0.003189063150012868,499.2999938704299,0.0006387027479528596,1.52587890625e-05,1.331580543606492e-07,0.8940873384475879,0.44938537603620987,0.0241071879863739,0.42909377813339233,0.23431046307086945,0.0,0.23999999463558197,0.14186297357082367,0.9081875681877136,0.800000011920929,0.27292582392692566,-1.5555741786956787,1.0000000|0.0000000|0.0000000|0.0000000|0.0000000|0.0000000|0.0000000|0.0000000|0.0000000|0.0000000,0,1.0,,0,0,0,0,0,
cross_town,Town02,mixed,15,4,0.2,193.68222045898438,160.58309936523438,0.18517287075519562,-89.92217254638672,0.003189063150012868,499.2999938704299,0.0006387027479528596,1.52587890625e-05,1.331580543606492e-07,0.7842088758952818,0.44021004634998007,0.17546236515045166,0.22212427854537964,0.3285900950431824,0.0,0.22212427854537964,0.22186297178268433,0.9999408721923828,0.3810727298259735,2.553037166595459,0.346441388130188,1.0000000|0.0000000|0.0000000|0.0000000|0.0000000|0.0000000|0.0000000|0.0000000|0.0000000|0.0000000,0,1.0,,0,0,0,0,0,
cross_town,Town02,mixed,15,5,0.25,193.68222045898438,160.58309936523438,0.19481006264686584,-89.92217254638672,0.003189063150012868,499.2999938704299,0.0006387027479528596,1.52587890625e-05,1.331580543606492e-07,0.6320973694325203,0.4402041783829169,0.1632012128829956,0.21823078393936157,0.3839505612850189,0.0,0.21823078393936157,0.3018629848957062,0.9999995231628418,0.3810727298259735,3.7394421100616455,0.12771952152252197,1.0000000|0.0000000|0.0000000|0.0000000|0.0000000|0.0000000|0.0000000|0.0000000|0.0000000|0.0000000,0,1.0,,0,0,0,0,0,
cross_town,Town02,mixed,15,6,0.3,193.68222045898438,160.58309936523438,0.20233973860740662,-89.92217254638672,0.003189063150012868,499.2999938704299,0.0006387027479528596,1.52587890625e-05,1.331580543606492e-07,0.4844117224216482,0.4454133382435858,0.07912769913673401,0.2141665518283844,0.5959028005599976,0.0,0.2141665518283844,0.381862998008728,0.9479079246520996,0.3810727298259735,0.8442386388778687,0.085349440574646,1.0000000|0.0000000|0.0000000|0.0000000|0.0000000|0.0000000|0.0000000|0.0000000|0.0000000|0.0000000,0,1.0,,0,0,0,0,0,
cross_town,Town02,mixed,15,7,0.35,193.68222045898438,160.58309936523438,0.20799343287944794,-89.92217254638672,0.003189063150012868,499.2999938704299,0.0006387027479528596,1.52587890625e-05,1.331580543606492e-07,0.3589490890508448,0.44020956665273814,0.10244318842887878,0.20848017930984497,-0.20283465087413788,0.0,0.20848017930984497,0.3018629848957062,0.9999456405639648,0.800000011920929,2.1551661491394043,-1.6900997161865234,1.0000000|0.0000000|0.0000000|0.0000000|0.0000000|0.0000000|0.0000000|0.0000000|0.0000000|0.0000000,0,1.0,,0,0,0,0,0,
cross_town,Town02,mixed,15,8,0.4,193.68222045898438,160.58309936523438,0.21212267875671387,-89.92217254638672,0.003189063150012868,499.2999938704299,0.0006387027479528596,1.52587890625e-05,1.331580543606492e-07,0.25964832007904926,0.4414253910092609,0.09376835823059082,0.18343514204025269,-0.05612530559301376,0.0,0.18343514204025269,0.22186298668384552,0.9877874255180359,0.800000011920929,0.7982500791549683,-1.4102309942245483,1.0000000|0.0000000|0.0000000|0.0000000|0.0000000|0.0000000|0.0000000|0.0000000|0.0000000|0.0000000,0,1.0,,0,0,0,0,0,
cross_town,Town02,mixed,15,9,0.45,193.68222045898438,160.58309936523438,0.21507757902145386,-89.92217254638672,0.003189063150012868,499.2999938704299,0.0006387027479528596,1.52587890625e-05,1.331580543606492e-07,0.18444736003879397,0.45497172075073367,0.10236367583274841,0.39531704783439636,0.43185096979141235,0.0,0.26343515515327454,0.3018629848957062,0.8523241281509399,0.3810727298259735,0.5571640133857727,0.17965799570083618,1.0000000|0.0000000|0.0000000|0.0000000|0.0000000|0.0000000|0.0000000|0.0000000|0.0000000|0.0000000,0,1.0,,0,0,0,0,0,
cross_town,Town02,mixed,15,10,0.5,193.68222045898438,160.58309936523438,0.2171592265367508,-89.92217254638672,0.003189063150012868,499.2999938704299,0.0006387027479528596,1.52587890625e-05,1.331580543606492e-07,0.12919050157071554,0.44933912664710757,0.10938131809234619,0.4560263752937317,0.5461841821670532,0.0,0.3434351682662964,0.381862998008728,0.9086500406265259,0.3810727298259735,0.6932426691055298,0.15257465839385986,1.0000000|0.0000000|0.0000000|0.0000000|0.0000000|0.0000000|0.0000000|0.0000000|0.0000000|0.0000000,0,1.0,344.3856810371995,0,0,0,0,0,
cross_town,Town02,mixed,15,11,0.55,193.68222045898438,160.58309936523438,0.21860751509666443,-89.92217254638672,0.003189063150012868,499.2999938704299,0.0006387027479528596,1.52587890625e-05,1.331580543606492e-07,0.08946152776510609,0.44263918310397077,0.08719977736473083,0.12381744384765625,-0.11292499303817749,0.0,0.26343515515327454,0.3018629848957062,0.9756494760513306,0.800000011920929,0.6226370930671692,-1.853119134902954,1.0000000|0.0000000|0.0000000|0.0000000|0.0000000|0.0000000|0.0000000|0.0000000|0.0000000|0.0000000,0,1.0,107.24834859479677,0,0,0,0,0,
cross_town,Town02,mixed,15,12,0.6,193.68222045898438,160.58309936523438,0.2196049839258194,-89.92217254638672,0.003189063150012868,499.2999938704299,0.0006387027479528596,1.52587890625e-05,1.331580543606492e-07,0.061377109587358515,0.4402448806882315,0.12155276536941528,0.4519922733306885,0.5749038457870483,0.0,0.3434351682662964,0.381862998008728,0.9995855689048767,0.3810727298259735,2.0659472942352295,-0.026834487915039062,1.0000000|0.0000000|0.0000000|0.0000000|0.0000000|0.0000000|0.0000000|0.0000000|0.0000000|0.0000000,0,1.0,71.70847551896162,0,0,0,0,0,
cross_town,Town02,mixed,15,13,0.65,193.68222045898438,160.58309936523438,0.22028617560863495,-89.92217254638672,0.003189063150012868,499.2999938704299,0.0006387027479528596,1.52587890625e-05,1.331580543606492e-07,0.041780525076639985,0.44319754762300273,0.08579671382904053,0.1225624680519104,-0.11663219332695007,0.0,0.26343515515327454,0.3018629848957062,0.9700195789337158,0.800000011920929,0.56919264793396,-1.8686017990112305,1.0000000|0.0000000|0.0000000|0.0000000|0.0000000|0.0000000|0.0000000|0.0000000|0.0000000|0.0000000,0,1.0,57.70304924295731,0,0,0,0,0,
cross_town,Town02,mixed,15,14,0.7,193.68222045898438,160.58309936523438,0.22074809670448303,-89.92217254638672,0.003189063150012868,499.2999938704299,0.0006387027479528596,1.52587890625e-05,1.331580543606492e-07,0.028250450268399962,0.44708462315859476,0.09837755560874939,0.10025832056999207,-0.022796938195824623,0.0,0.18343515694141388,0.22186298668384552,0.9310791492462158,0.800000011920929,0.3508464992046356,-1.5841643810272217,1.0000000|0.0000000|0.0000000|0.0000000|0.0000000|0.0000000|0.0000000|0.0000000|0.0000000|0.0000000,0,1.0,49.10124719267,0,0,0,0,0,
cross_town,Town02,mixed,15,15,0.75,193.68222045898438,160.58309936523438,0.2210593819618225,-89.92217254638672,0.003189063150012868,499.2999938704299,0.0006387027479528596,1.52587890625e-05,1.331580543606492e-07,0.018992271092893025,0.4547630745075025,0.051492661237716675,0.20023494958877563,0.10267186164855957,0.0,0.20023494958877563,0.14186298847198486,0.854198157787323,0.800000011920929,0.14197874069213867,-1.5179073810577393,1.0000000|0.0000000|0.0000000|0.0000000|0.0000000|0.0000000|0.0000000|0.0000000|0.0000000|0.0000000,0,1.0,43.300086494726834,0,0,0,0,0,
cross_town,Town02,mixed,15,16,0.8,193.68222045898438,160.58309936523438,0.22126804292201996,-89.92217254638672,0.003189063150012868,499.2999938704299,0.0006387027479528596,1.52587890625e-05,1.331580543606492e-07,0.012705722177193124,0.44031069259294264,0.05507907271385193,0.23478317260742188,0.29847732186317444,0.0,0.23478317260742188,0.22186298668384552,0.9986063838005066,0.38056063652038574,1.7630542516708374,0.11791354417800903,1.0000000|0.0000000|0.0000000|0.0000000|0.0000000|0.0000000|0.0000000|0.0000000|0.0000000|0.0000000,0,1.0,38.79075214254038,0,0,0,0,0,
cross_town,Town02,mixed,15,17,0.85,193.68222045898438,160.58309936523438,0.2214072346687317,-89.92217254638672,0.003189063150012868,499.2999938704299,0.0006387027479528596,1.52587890625e-05,1.331580543606492e-07,0.008463798560277623,0.4435765448266496,0.14087992906570435,0.26611146330833435,0.39404019713401794,0.0,0.26611146330833435,0.3018629848957062,0.9658199548721313,0.3802841305732727,0.9550501108169556,0.4490601420402527,1.0000000|0.0000000|0.0000000|0.0000000|0.0000000|0.0000000|0.0000000|0.0000000|0.0000000|0.0000000,0,1.0,35.455003666721566,0,0,0,0,0,
cross_town,Town02,mixed,15,18,0.9,193.68222045898438,160.58309936523438,0.2214072346687317,-89.92217254638672,0.003189063150012868,499.2999938704299,0.0006387027479528596,1.52587890625e-05,1.331580543606492e-07,0.0,0.4465548684468685,0.08980044722557068,0.3425089418888092,0.5740514993667603,0.0,0.3425089418888092,0.381862998008728,0.9358941316604614,0.3799798786640167,0.7902618646621704,-0.012109935283660889,1.0000000|0.0000000|0.0000000|0.0000000|0.0000000|0.0000000|0.0000000|0.0000000|0.0000000|0.0000000,0,1.0,32.78127659446355,0,0,0,0,0,
cross_town,Town02,mixed,15,19,0.95,193.68222045898438,160.58309936523438,0.22150881588459015,-89.92217254638672,0.003189063150012868,499.2999938704299,0.0006387027479528596,1.52587890625e-05,1.331580543606492e-07,0.0021925277593448293,0.4450617562667699,0.05743342638015747,0.20860102772712708,0.429712176322937,0.0,0.26250892877578735,0.429712176322937,0.999990701675415,0.37964287400245667,3.0151920318603516,0.31317585706710815,1.0000000|0.0000000|0.0000000|0.0000000|0.0000000|0.0000000|0.0000000|0.0000000|0.0000000|0.0000000,0,1.0,30.554819553418838,0,0,0,0,0,
cross_town,Town02,mixed,15,20,1.0,193.68222045898438,160.58309936523438,0.22154201567173004,-89.92217254638672,0.003189063150012868,499.2999938704299,0.0006387027479528596,1.52587890625e-05,1.331580543606492e-07,0.0024246482307882012,0.4416949142747522,0.033261388540267944,0.11271312832832336,0.3583213984966278,0.0,0.1825089305639267,0.3583213984966278,0.9997923970222473,0.3792671859264374,2.240699052810669,0.060824692249298096,1.0000000|0.0000000|0.0000000|0.0000000|0.0000000|0.0000000|0.0000000|0.0000000|0.0000000|0.0000000,0,1.0,27.923558280217797,0,0,0,0,0,
cross_town,Town02,mixed,15,21,1.05,193.68222045898438,160.58309936523438,0.22157397866249084,-89.92217254638672,0.003189063150012868,499.2999938704299,0.0006387027479528596,1.52587890625e-05,1.331580543606492e-07,0.0021833952520414757,0.464017439868978,0.02243104577064514,0.03622084856033325,0.4716638922691345,0.0,0.10250893235206604,0.43832141160964966,0.7607240676879883,0.37884438037872314,0.41031894087791443,0.2005634307861328,1.0000000|0.0000000|0.0000000|0.0000000|0.0000000|0.0000000|0.0000000|0.0000000|0.0000000|0.0000000,0,1.0,25.229219921468193,0,0,0,0,0,
cross_town,Town02,mixed,15,22,1.1,193.68222045898438,160.58309936523438,0.22160106897354126,-89.92217254638672,0.003189063150012868,499.2999938704299,0.0006387027479528596,1.52587890625e-05,1.331580543606492e-07,0.0017823257951542913,0.44221289450499934,0.07900932431221008,0.6421860456466675,-0.135232612490654,0.0,0.1825089305639267,0.3583213984966278,0.9785439372062683,0.800000011920929,0.6550143957138062,-1.5693267583847046,1.0000000|0.0000000|0.0000000|0.0000000|0.0000000|0.0000000|0.0000000|0.0000000|0.0000000|0.0000000,0,1.0,22.858109628493768,0,0,0,0,0,
cross_town,Town02,mixed,15,23,1.15,193.68222045898438,160.58309936523438,0.22162242233753204,-89.92217254638672,0.003189063150012868,499.2999938704299,0.0006387027479528596,1.52587890625e-05,1.331580543606492e-07,0.0013764495292681593,0.44807774897198344,0.016758233308792114,0.026593148708343506,0.351353257894516,0.0,0.10250893235206604,0.351353257894516,0.9958615899085999,0.37786030769348145,1.4929649829864502,-0.1637357473373413,1.0000000|0.0000000|0.0000000|0.0000000|0.0000000|0.0000000|0.0000000|0.0000000|0.0000000|0.0000000,0,1.0,20.70952421111796,0,0,0,0,0,
cross_town,Town02,mixed,15,24,1.2,193.68222045898438,160.58309936523438,0.22163856029510498,-89.92217254638672,0.003189063150012868,499.2999938704299,0.0006387027479528596,1.52587890625e-05,1.331580543606492e-07,0.001027942678145618,0.442559532807458,0.019039064645767212,0.054955124855041504,0.41676706075668335,0.0,0.054955124855041504,0.41676706075668335,0.999998927116394,0.3772919774055481,3.5692572593688965,-0.13650965690612793,1.0000000|0.0000000|0.0000000|0.0000000|0.0000000|0.0000000|0.0000000|0.0000000|0.0000000|0.0000000,0,1.0,18.753529972973954,0,0,0,0,0,
cross_town,Town02,mixed,15,25,1.25,193.68222045898438,160.58309936523438,0.2216503918170929,-89.92217254638672,0.003189063150012868,499.2999938704299,0.0006387027479528596,1.52587890625e-05,1.331580543606492e-07,0.0007475166182777101,0.4401267787018473,0.0663934051990509,0.6782017350196838,-0.06692177802324295,0.0,0.13495512306690216,0.3367670476436615,0.9985628724098206,0.800000011920929,1.335922360420227,-1.3863950967788696,1.0000000|0.0000000|0.0000000|0.0000000|0.0000000|0.0000000|0.0000000|0.0000000|0.0000000|0.0000000,0,1.0,17.101615379083686,0,0,0,0,0,
cross_town,Town02,mixed,15,26,1.3,193.68222045898438,160.58309936523438,0.22165893018245697,-89.92217254638672,0.003189063150012868,499.2999938704299,0.0006387027479528596,1.52587890625e-05,1.331580543606492e-07,0.0005323219836878184,0.43995452512025457,0.029118627309799194,0.02102610468864441,0.5412476062774658,0.0,0.054955124855041504,0.41676706075668335,0.999942421913147,0.37597891688346863,2.5648322105407715,0.3000083565711975,1.0000000|0.0000000|0.0000000|0.0000000|0.0000000|0.0000000|0.0000000|0.0000000|0.0000000|0.0000000,0,1.0,15.73462765141248,0,0,0,0,0,
cross_town,Town02,mixed,15,27,1.35,193.68222045898438,160.58309936523438,0.22166144847869873,-89.92217254638672,0.003189063150012868,499.2999938704299,0.0006387027479528596,1.52587890625e-05,1.331580543606492e-07,0.0001635932872516245,0.44005534853268113,0.06638571619987488,0.6781255006790161,-0.0669499933719635,0.0,0.13495512306690216,0.3367670476436615,0.9985583424568176,0.800000011920929,1.3351314067840576,-1.3864964246749878,1.0000000|0.0000000|0.0000000|0.0000000|0.0000000|0.0000000|0.0000000|0.0000000|0.0000000|0.0000000,0,1.0,14.564480709817612,0,0,0,0,0,
cross_town,Town02,mixed,15,28,1.4,193.68222045898438,160.58309936523438,0.22166430950164795,-89.92217254638672,0.003189063150012868,499.2999938704299,0.0006387027479528596,1.52587890625e-05,1.331580543606492e-07,0.00021715164205560647,0.44267817063270953,0.07635632157325745,0.3194921612739563,-0.1591244488954544,0.0,0.21495512127876282,0.25676703453063965,0.9719206094741821,0.800000011920929,0.5860599875450134,-1.5788191556930542,1.0000000|0.0000000|0.0000000|0.0000000|0.0000000|0.0000000|0.0000000|0.0000000|0.0000000|0.0000000,0,1.0,13.575112366841811,0,0,0,0,0,
cross_town,Town02,mixed,15,29,1.45,193.68222045898438,160.58309936523438,0.2216673195362091,-89.92217254638672,0.003189063150012868,499.2999938704299,0.0006387027479528596,1.52587890625e-05,1.331580543606492e-07,0.00020870593256228857,0.43982585387787065,0.015509366989135742,0.04095134139060974,0.5124412178993225,0.0,0.13495512306690216,0.3367670476436615,0.9999998807907104,0.37356212735176086,4.1247711181640625,0.4232432246208191,1.0000000|0.0000000|0.0000000|0.0000000|0.0000000|0.0000000|0.0000000|0.0000000|0.0000000|0.0000000,0,1.0,12.720741614645084,0,0,0,0,0,
cross_town,Town02,mixed,15,30,1.5,193.68222045898438,160.58309936523438,0.2216700315475464,-89.92217254638672,0.003189063150012868,499.2999938704299,0.0006387027479528596,1.52587890625e-05,1.331580543606492e-07,0.0001768112187216186,0.4425854491137439,0.07635614275932312,0.31949734687805176,-0.1591232568025589,0.0,0.21495512127876282,0.25676703453063965,0.9719244241714478,0.800000011920929,0.5860947370529175,-1.578818678855896,1.0000000|0.0000000|0.0000000|0.0000000|0.0000000|0.0000000|0.0000000|0.0000000|0.0000000|0.0000000,0,1.0,11.965809841511104,0,0,0,0,0,
cross_town,Town02,mixed,15,31,1.55,193.68222045898438,160.58309936523438,0.2216721624135971,-89.92217254638672,0.003189063150012868,499.2999938704299,0.0006387027479528596,1.52587890625e-05,1.331580543606492e-07,0.0001404876906459552,0.43972622303616576,0.01337781548500061,0.05506479740142822,0.5269283652305603,0.0,0.13495512306690216,0.3367670476436615,1.0,0.3716658353805542,4.842676639556885,0.22767388820648193,1.0000000|0.0000000|0.0000000|0.0000000|0.0000000|0.0000000|0.0000000|0.0000000|0.0000000|0.0000000,0,1.0,11.288671508347626,0,0,0,0,0,
cross_town,Town02,mixed,15,32,1.6,193.68222045898438,160.58309936523438,0.221673846244812,-89.92217254638672,0.003189063150012868,499.2999938704299,0.0006387027479528596,1.52587890625e-05,1.331580543606492e-07,0.00011065311900689083,0.4429485227938583,0.02436894178390503,0.032318949699401855,0.39755120873451233,0.0,0.054955124855041504,0.39755120873451233,0.9996845722198486,0.37063464522361755,2.1446433067321777,-0.04765194654464722,1.0000000|0.0000000|0.0000000|0.0000000|0.0000000|0.0000000|0.0000000|0.0000000|0.0000000|0.0000000,0,1.0,10.675347474295643,0,0,0,0,0,
cross_town,Town02,mixed,15,33,1.65,193.68222045898438,160.58309936523438,0.2216750979423523,-89.92217254638672,0.003189063150012868,499.2999938704299,0.0006387027479528596,1.52587890625e-05,1.331580543606492e-07,7.896432502983223e-05,0.44051311316817665,0.016953706741333008,0.038419634103775024,0.1599806696176529,0.0,0.0,0.3175511956214905,0.9909824728965759,0.369547963142395,1.3053340911865234,-0.5792138576507568,1.0000000|0.0000000|0.0000000|0.0000000|0.0000000|0.0000000|0.0000000|0.0000000|0.0000000|0.0000000,0,1.0,10.301775587479701,0,0,0,0,0,
cross_town,Town02,mixed,15,34,1.7,193.68222045898438,160.58309936523438,0.2216750979423523,-89.92217254638672,0.003189063150012868,499.2999938704299,0.0006387027479528596,1.52587890625e-05,1.331580543606492e-07,5.7472235814797805e-05,0.4395694354829307,0.032340824604034424,0.04831117391586304,0.4632924795150757,0.0,0.0,0.39755120873451233,0.9998157620429993,0.3684140741825104,2.28135347366333,0.04391372203826904,1.0000000|0.0000000|0.0000000|0.0000000|0.0000000|0.0000000|0.0000000|0.0000000|0.0000000|0.0000000,0,1.0,10.450993802341573,0,0,0,0,0,
cross_town,Town02,mixed,15,35,1.75,193.68222045898438,160.58309936523438,0.22167643904685974,-89.92217254638672,0.003189063150012868,499.2999938704299,0.0006387027479528596,1.52587890625e-05,1.331580543606492e-07,1.1673658810156609e-05,0.43948929376294993,0.06337150931358337,0.721558153629303,-0.021230006590485573,0.0,0.07999999821186066,0.3175511956214905,0.9999997615814209,0.800000011920929,3.5273165702819824,-1.0635625123977661,1.0000000|0.0000000|0.0000000|0.0000000|0.0000000|0.0000000|0.0000000|0.0000000|0.0000000|0.0000000,0,1.0,10.246333550736816,0,0,0,0,0,
cross_town,Town02,mixed,15,36,1.8,193.68222045898438,160.58309936523438,0.22167643904685974,-89.92217254638672,0.003189063150012868,499.2999938704299,0.0006387027479528596,1.52587890625e-05,1.331580543606492e-07,2.108175909315902e-05,0.4394274924029963,0.029019683599472046,0.029601961374282837,0.48144859075546265,0.0,0.0,0.39755120873451233,0.9999822378158569,0.36615481972694397,2.868374824523926,0.1064409613609314,1.0000000|0.0000000|0.0000000|0.0000000|0.0000000|0.0000000|0.0000000|0.0000000|0.0000000|0.0000000,0,1.0,10.186841129128913,0,0,0,0,0,
cross_town,Town02,mixed,15,37,1.85,193.68222045898438,160.58309936523438,0.22167643904685974,-89.92217254638672,0.003189063150012868,499.2999938704299,0.0006387027479528596,1.52587890625e-05,1.331580543606492e-07,2.0360723884664723e-05,0.4396479957661695,0.028440475463867188,0.0357230007648468,0.21497148275375366,0.0,0.0,0.3175511956214905,0.9971128702163696,0.3650171160697937,1.5961312055587769,-0.6546682119369507,1.0000000|0.0000000|0.0000000|0.0000000|0.0000000|0.0000000|0.0000000|0.0000000|0.0000000|0.0000000,0,1.0,9.791730379295943,0,0,0,0,0,
cross_town,Town02,mixed,15,38,1.9,193.68222045898438,160.58309936523438,0.22167643904685974,-89.92217254638672,0.003189063150012868,499.2999938704299,0.0006387027479528596,1.52587890625e-05,1.331580543606492e-07,1.9981423090290596e-05,0.4454997443639334,0.021336257457733154,0.06943577527999878,0.2825523018836975,0.0,0.06943577527999878,0.2825523018836975,1.0,0.3638542890548706,9.7014799118042,-0.32873570919036865,1.0000000|0.0000000|0.0000000|0.0000000|0.0000000|0.0000000|0.0000000|0.0000000|0.0000000|0.0000000,0,1.0,9.632610278399994,0,0,0,0,0,
cross_town,Town02,mixed,15,39,1.95,193.68222045898438,160.58309936523438,0.22167643904685974,-89.92217254638672,0.003189063150012868,499.2999938704299,0.0006387027479528596,1.52587890625e-05,1.331580543606492e-07,1.980987808204908e-05,0.4392179814742189,0.018903344869613647,0.02282857894897461,0.46885189414024353,0.0,0.0,0.36255231499671936,1.0,0.3626631200313568,5.874752998352051,0.2484787106513977,1.0000000|0.0000000|0.0000000|0.0000000|0.0000000|0.0000000|0.0000000|0.0000000|0.0000000|0.0000000,0,1.0,9.511703583917653,0,0,0,0,0,
cross_town,Town02,mixed,15,40,2.0,193.68222045898438,160.58309936523438,0.22167758643627167,-89.92217254638672,0.003189063150012868,499.2999938704299,0.0006387027479528596,1.52587890625e-05,1.331580543606492e-07,1.4522605851521364e-05,0.4391449577017214,0.057914942502975464,0.5556071400642395,-0.07491976767778397,0.0,0.07999999821186066,0.2825523018836975,0.9999984502792358,0.800000011920929,3.0522525310516357,-1.1445976495742798,1.0000000|0.0000000|0.0000000|0.0000000|0.0000000|0.0000000|0.0000000|0.0000000|0.0000000|0.0000000,0,1.0,9.553242031826477,0,0,0,0,0,
cross_town,Town02,mixed,15,41,2.05,193.68222045898438,160.58309936523438,0.22167758643627167,-89.92217254638672,0.003189063150012868,499.2999938704299,0.0006387027479528596,1.52587890625e-05,1.331580543606492e-07,8.892244698261181e-06,0.43935121863381954,0.023253977298736572,0.020989060401916504,0.5104513168334961,0.0,0.0,0.36255231499671936,0.9971330165863037,0.36027082800865173,1.6026328802108765,0.34386003017425537,1.0000000|0.0000000|0.0000000|0.0000000|0.0000000|0.0000000|0.0000000|0.0000000|0.0000000|0.0000000,0,1.0,8.398276682127866,0,0,0,0,0,
cross_town,Town02,mixed,15,42,2.1,193.68222045898438,160.58309936523438,0.22167758643627167,-89.92217254638672,0.003189063150012868,499.2999938704299,0.0006387027479528596,1.52587890625e-05,1.331580543606492e-07,6.498286486929972e-06,0.43897252249300406,0.05791497230529785,0.5556049942970276,-0.07492000609636307,0.0,0.07999999821186066,0.2825523018836975,0.9999984502792358,0.800000011920929,3.052218437194824,-1.1445969343185425,1.0000000|0.0000000|0.0000000|0.0000000|0.0000000|0.0000000|0.0000000|0.0000000|0.0000000|0.0000000,0,1.0,7.603315805222021,0,0,0,0,0,
cross_town,Town02,mixed,15,43,2.15,193.68222045898438,160.58309936523438,0.22167758643627167,-89.92217254638672,0.003189063150012868,499.2999938704299,0.0006387027479528596,1.52587890625e-05,1.331580543606492e-07,5.493209373353549e-06,0.43947870996286975,0.08539944887161255,0.396628201007843,-0.10766211152076721,0.0,0.1599999964237213,0.20255230367183685,0.993921160697937,0.800000011920929,0.9742113351821899,-1.8743616342544556,1.0000000|0.0000000|0.0000000|0.0000000|0.0000000|0.0000000|0.0000000|0.0000000|0.0000000|0.0000000,0,1.0,7.192958137534777,0,0,0,0,0,
cross_town,Town02,mixed,15,44,2.2,193.68222045898438,160.58309936523438,0.22167758643627167,-89.92217254638672,0.003189063150012868,499.2999938704299,0.0006387027479528596,1.52587890625e-05,1.331580543606492e-07,1.956944322356721e-06,0.4494626722659697,0.043343573808670044,0.26178187131881714,0.17955872416496277,0.0,0.23999999463558197,0.17955872416496277,0.9634815454483032,0.800000011920929,0.5181835293769836,-1.5282366275787354,1.0000000|0.0000000|0.0000000|0.0000000|0.0000000|0.0000000|0.0000000|0.0000000|0.0000000|0.0000000,0,1.0,7.208660849351962,0,0,0,0,0,
cross_town,Town02,mixed,15,45,2.25,193.68222045898438,160.58309936523438,0.22167758643627167,-89.92217254638672,0.003189063150012868,499.2999938704299,0.0006387027479528596,1.52587890625e-05,1.331580543606492e-07,4.531869233941562e-06,0.4386575117103549,0.014516711235046387,0.2568659782409668,0.5079883337020874,0.0,0.2568659782409668,0.2595587372779846,1.0,0.3544861972332001,4.75824499130249,0.25218820571899414,1.0000000|0.0000000|0.0000000|0.0000000|0.0000000|0.0000000|0.0000000|0.0000000|0.0000000|0.0000000,0,1.0,7.215487059804799,0,0,0,0,0,
cross_town,Town02,mixed,15,46,2.3,193.68222045898438,160.58309936523438,0.22167758643627167,-89.92217254638672,0.003189063150012868,499.2999938704299,0.0006387027479528596,1.52587890625e-05,1.331580543606492e-07,7.209781646970711e-06,0.44392631535122046,0.035572350025177,0.25127923488616943,0.3033616840839386,0.0,0.25127923488616943,0.3033616840839386,1.0,0.3529563248157501,7.2944231033325195,-0.17510414123535156,1.0000000|0.0000000|0.0000000|0.0000000|0.0000000|0.0000000|0.0000000|0.0000000|0.0000000|0.0000000,0,1.0,7.375019084745769,0,0,0,0,0,
cross_town,Town02,mixed,15,47,2.35,193.68222045898438,160.58309936523438,0.22167758643627167,-89.92217254638672,0.003189063150012868,499.2999938704299,0.0006387027479528596,1.52587890625e-05,1.331580543606492e-07,8.035459426521773e-06,0.4384392966435526,0.009559065103530884,0.018313586711883545,0.42302364110946655,0.0,0.17127923667430878,0.38336169719696045,1.0,0.35145723819732666,4.769333839416504,-0.0020658373832702637,1.0000000|0.0000000|0.0000000|0.0000000|0.0000000|0.0000000|0.0000000|0.0000000|0.0000000|0.0000000,0,1.0,7.457858266555355,0,0,0,0,0,
cross_town,Town02,mixed,15,48,2.4,193.68222045898438,160.58309936523438,0.22167758643627167,-89.92217254638672,0.003189063150012868,499.2999938704299,0.0006387027479528596,1.52587890625e-05,1.331580543606492e-07,5.254675986427232e-06,0.43834203725318555,0.015417397022247314,0.01993003487586975,0.24349810183048248,0.0,0.09127923846244812,0.3033616840839386,0.9998811483383179,0.34999164938926697,2.4093620777130127,-0.3000614643096924,1.0000000|0.0000000|0.0000000|0.0000000|0.0000000|0.0000000|0.0000000|0.0000000|0.0000000|0.0000000,0,1.0,7.719447933519531,0,0,0,0,0,
cross_town,Town02,mixed,15,49,2.45,193.68222045898438,160.58309936523438,0.22167758643627167,-89.92217254638672,0.003189063150012868,499.2999938704299,0.0006387027479528596,1.52587890625e-05,1.331580543606492e-07,3.776598118948379e-06,0.44589649509348744,0.08459481596946716,0.2228180170059204,0.300516277551651,0.0,0.17127923667430878,0.300516277551651,1.0,0.348570853471756,13.514370918273926,-0.31745147705078125,1.0000000|0.0000000|0.0000000|0.0000000|0.0000000|0.0000000|0.0000000|0.0000000|0.0000000|0.0000000,0,1.0,8.71937047384386,0,0,0,0,0,
cross_town,Town02,mixed,15,50,2.5,193.68222045898438,160.58309936523438,0.22167758643627167,-89.92217254638672,0.003189063150012868,499.2999938704299,0.0006387027479528596,1.52587890625e-05,1.331580543606492e-07,4.5318647301763696e-06,0.4438858761379114,0.08450555801391602,0.22315189242362976,-0.08303986489772797,0.0,0.22315189242362976,0.22051627933979034,0.9425168037414551,0.800000011920929,0.39926549792289734,-1.4230793714523315,1.0000000|0.0000000|0.0000000|0.0000000|0.0000000|0.0000000|0.0000000|0.0000000|0.0000000|0.0000000,0,1.0,10.640514043614262,0,0,0,0,0,
cross_town,Town02,mixed,15,51,2.55,193.68222045898438,160.58309936523438,0.22167758643627167,-89.92217254638672,0.003189063150012868,499.2999938704299,0.0006387027479528596,1.52587890625e-05,1.331580543606492e-07,5.287180162411143e-06,0.4416015415511849,0.05067962408065796,0.1279711127281189,0.10070136934518814,0.0,0.1431518942117691,0.1405162811279297,0.9646766185760498,0.800000011920929,0.5268118977546692,-1.4984534978866577,1.0000000|0.0000000|0.0000000|0.0000000|0.0000000|0.0000000|0.0000000|0.0000000|0.0000000|0.0000000,0,1.0,14.7325743900136,0,0,0,0,0,
cross_town,Town02,mixed,15,52,2.6,193.68222045898438,160.58309936523438,0.22167758643627167,-89.92217254638672,0.003189063150012868,499.2999938704299,0.0006387027479528596,1.52587890625e-05,1.331580543606492e-07,3.4339914191226076e-07,0.43802326034998695,0.01862013339996338,0.1430225968360901,0.43182843923568726,0.0,0.1430225968360901,0.22051627933979034,1.0,0.34532567858695984,5.9509687423706055,0.42723655700683594,1.0000000|0.0000000|0.0000000|0.0000000|0.0000000|0.0000000|0.0000000|0.0000000|0.0000000|0.0000000,0,1.0,15.752751466643497,0,0,0,0,0,
cross_town,Town02,mixed,15,53,2.65,193.68222045898438,160.58309936523438,0.22167758643627167,-89.92217254638672,0.003189063150012868,499.2999938704299,0.0006387027479528596,1.52587890625e-05,1.331580543606492e-07,1.2359765116762731e-06,0.4449511127725029,0.047358810901641846,0.2471010386943817,0.07584833353757858,0.0,0.22302259504795074,0.1405162811279297,0.9304909706115723,0.800000011920929,0.3485639691352844,-1.6253039836883545,1.0000000|0.0000000|0.0000000|0.0000000|0.0000000|0.0000000|0.0000000|0.0000000|0.0000000|0.0000000,0,1.0,15.81520704112957,0,0,0,0,0,
cross_town,Town02,mixed,15,54,2.7,193.68222045898438,160.58309936523438,0.22167758643627167,-89.92217254638672,0.003189063150012868,499.2999938704299,0.0006387027479528596,1.52587890625e-05,1.331580543606492e-07,2.0256095983917832e-06,0.43799681950420855,0.2927896976470947,0.32832422852516174,0.32210278511047363,0.0,0.3030225932598114,0.22051627933979034,0.999998927116394,0.34450098872184753,3.5822386741638184,0.47998642921447754,1.0000000|0.0000000|0.0000000|0.0000000|0.0000000|0.0000000|0.0000000|0.0000000|0.0000000|0.0000000,0,1.0,15.808423157997398,0,0,0,0,0,
cross_town,Town02,mixed,15,55,2.75,193.68222045898438,160.58309936523438,0.22167758643627167,-89.92217254638672,0.003189063150012868,499.2999938704299,0.0006387027479528596,1.52587890625e-05,1.331580543606492e-07,2.746591435560475e-06,0.4381324592217207,0.24193677306175232,0.2654525935649872,0.4885195195674896,0.0,0.2654525935649872,0.300516277551651,0.9986414313316345,0.34445953369140625,1.8055212497711182,0.252421498298645,1.0000000|0.0000000|0.0000000|0.0000000|0.0000000|0.0000000|0.0000000|0.0000000|0.0000000|0.0000000,0,1.0,15.868007511967956,0,0,0,0,0,
cross_town,Town02,mixed,15,56,2.8,193.68222045898438,160.58309936523438,0.22167758643627167,-89.92217254638672,0.003189063150012868,499.2999938704299,0.0006387027479528596,1.52587890625e-05,1.331580543606492e-07,3.4675668123751165e-06,0.44549548362605057,0.09771859645843506,0.09741675853729248,-0.020507637411355972,0.0,0.18545259535312653,0.22051627933979034,0.9250094294548035,0.800000011920929,0.3281102478504181,-1.5903009176254272,1.0000000|0.0000000|0.0000000|0.0000000|0.0000000|0.0000000|0.0000000|0.0000000|0.0000000|0.0000000,0,1.0,15.827215949167357,0,0,0,0,0,
cross_town,Town02,mixed,15,57,2.85,193.68222045898438,160.58309936523438,0.22167758643627167,-89.92217254638672,0.003189063150012868,499.2999938704299,0.0006387027479528596,1.52587890625e-05,1.331580543606492e-07,4.119873892747341e-06,0.43946568910801276,0.16151267290115356,0.17474454641342163,0.4818516671657562,0.0,0.17474454641342163,0.300516277551651,0.9853057265281677,0.34445616602897644,1.2069178819656372,0.17355364561080933,1.0000000|0.0000000|0.0000000|0.0000000|0.0000000|0.0000000|0.0000000|0.0000000|0.0000000|0.0000000,0,1.0,15.833677720470943,0,0,0,0,0,
cross_town,Town02,mixed,15,58,2.9,193.68222045898438,160.58309936523438,0.22167758643627167,-89.92217254638672,0.003189063150012868,499.2999938704299,0.0006387027479528596,1.52587890625e-05,1.331580543606492e-07,4.737855690329311e-06,0.4379961637488318,0.19593745470046997,0.21290349960327148,0.6543415784835815,0.0,0.21290349960327148,0.38051629066467285,0.9999995231628418,0.34445419907569885,3.812004804611206,0.10651087760925293,1.0000000|0.0000000|0.0000000|0.0000000|0.0000000|0.0000000|0.0000000|0.0000000|0.0000000|0.0000000,0,1.0,15.73327738625422,0,0,0,0,0,
cross_town,Town02,mixed,15,59,2.95,193.68222045898438,160.58309936523438,0.22167758643627167,-89.92217254638672,0.003189063150012868,499.2999938704299,0.0006387027479528596,1.52587890625e-05,1.331580543606492e-07,5.424508270408968e-06,0.4380308446373396,0.22207477688789368,0.18388336896896362,0.6349191069602966,0.0,0.13290350139141083,0.4605163037776947,0.9996516704559326,0.34445250034332275,2.146080493927002,0.4488804340362549,1.0000000|0.0000000|0.0000000|0.0000000|0.0000000|0.0000000|0.0000000|0.0000000|0.0000000|0.0000000,0,1.0,15.686015517088016,0,0,0,0,0,
cross_town,Town02,mixed,15,60,3.0,193.68222045898438,160.58309936523438,0.22167758643627167,-89.92217254638672,0.003189063150012868,499.2999938704299,0.0006387027479528596,1.52587890625e-05,1.331580543606492e-07,0.0,0.4380541685060761,0.15217697620391846,0.5091615319252014,0.37244975566864014,0.0,0.21290349960327148,0.38051629066467285,0.9994176626205444,0.34445127844810486,2.0175023078918457,0.6749466061592102,1.0000000|0.0000000|0.0000000|0.0000000|0.0000000|0.0000000|0.0000000|0.0000000|0.0000000|0.0000000,0,1.0,15.551756765339341,0,0,0,0,0,
cross_town,Town02,mixed,15,61,3.05,193.68222045898438,160.58309936523438,0.22167758643627167,-89.92217254638672,0.003189063150012868,499.2999938704299,0.0006387027479528596,1.52587890625e-05,1.331580543606492e-07,1.0299727821700084e-06,0.43807153284176037,0.09631142020225525,0.18472784757614136,-0.2156321108341217,0.0,0.18472784757614136,0.300516277551651,0.9992431402206421,0.800000011920929,1.4963798522949219,-1.815886378288269,1.0000000|0.0000000|0.0000000|0.0000000|0.0000000|0.0000000|0.0000000|0.0000000|0.0000000|0.0000000,0,1.0,15.492236181974652,0,0,0,0,0,
cross_town,Town02,mixed,15,62,3.1,193.68222045898438,160.58309936523438,0.22167758643627167,-89.92217254638672,0.003189063150012868,499.2999938704299,0.0006387027479528596,1.52587890625e-05,1.331580543606492e-07,1.922610370055747e-06,0.4379964118110306,0.16890215873718262,0.1337120532989502,0.66064453125,0.0,0.1047278493642807,0.38051629066467285,0.9999938011169434,0.34444931149482727,3.1538870334625244,0.27762526273727417,1.0000000|0.0000000|0.0000000|0.0000000|0.0000000|0.0000000|0.0000000|0.0000000|0.0000000|0.0000000,0,1.0,15.369736811369064,0,0,0,0,0,
cross_town,Town02,mixed,15,63,3.15,193.68222045898438,160.58309936523438,0.22167758643627167,-89.92217254638672,0.003189063150012868,499.2999938704299,0.0006387027479528596,1.52587890625e-05,1.331580543606492e-07,2.7122511305032187e-06,0.43799603407163695,0.1322791576385498,0.2427000105381012,0.6014599204063416,0.0,0.18472784757614136,0.4605163037776947,0.9999971389770508,0.34444865584373474,3.34838604927063,0.2970349192619324,1.0000000|0.0000000|0.0000000|0.0000000|0.0000000|0.0000000|0.0000000|0.0000000|0.0000000|0.0000000,0,1.0,15.336308228442608,0,0,0,0,0,
cross_town,Town02,mixed,15,64,3.2,193.68222045898438,160.58309936523438,0.22167758643627167,-89.92217254638672,0.003189063150012868,499.2999938704299,0.0006387027479528596,1.52587890625e-05,1.331580543606492e-07,3.364562982175384e-06,0.48704289441069193,0.2537086606025696,0.48781898617744446,0.43129435181617737,0.0,0.2647278606891632,0.43129435181617737,0.5760812163352966,0.34444814920425415,0.2322286069393158,0.7683097124099731,1.0000000|0.0000000|0.0000000|0.0000000|0.0000000|0.0000000|0.0000000|0.0000000|0.0000000|0.0000000,0,1.0,15.247904791483148,0,0,0,0,0,
cross_town,Town02,mixed,15,65,3.25,193.68222045898438,160.58309936523438,0.22167758643627167,-89.92217254638672,0.003189063150012868,499.2999938704299,0.0006387027479528596,1.52587890625e-05,1.331580543606492e-07,4.051210305702602e-06,0.4468261567918859,0.24647989869117737,0.22228270769119263,0.47224122285842896,0.0,0.18472786247730255,0.47224122285842896,0.9683757424354553,0.3444478213787079,1.0109760761260986,0.7199044823646545,1.0000000|0.0000000|0.0000000|0.0000000|0.0000000|0.0000000|0.0000000|0.0000000|0.0000000|0.0000000,0,1.0,15.246762312322648,0,0,0,0,0,
cross_town,Town02,mixed,15,66,3.3,193.68222045898438,160.58309936523438,0.22167758643627167,-89.92217254638672,0.003189063150012868,499.2999938704299,0.0006387027479528596,1.52587890625e-05,1.331580543606492e-07,4.8751836698315935e-06,0.4381171384230881,0.24437373876571655,0.6129305362701416,0.3146825432777405,0.0,0.2647278606891632,0.3922412097454071,0.9987854361534119,0.34444761276245117,1.8335819244384766,0.9408555626869202,1.0000000|0.0000000|0.0000000|0.0000000|0.0000000|0.0000000|0.0000000|0.0000000|0.0000000|0.0000000,0,1.0,15.182768408690574,0,0,0,0,0,
cross_town,Town02,mixed,15,67,3.35,193.68222045898438,160.58309936523438,0.22167758643627167,-89.92217254638672,0.003189063150012868,499.2999938704299,0.0006387027479528596,1.52587890625e-05,1.331580543606492e-07,5.767822305847783e-06,0.4449295082465439,0.26645541191101074,0.2408641278743744,0.593907356262207,0.0,0.18472786247730255,0.47224122285842896,0.9306617379188538,0.3444473445415497,0.8047774434089661,0.47985947132110596,1.0000000|0.0000000|0.0000000|0.0000000|0.0000000|0.0000000|0.0000000|0.0000000|0.0000000|0.0000000,0,1.0,15.195016949423017,0,0,0,0,0,
cross_town,Town02,mixed,15,68,3.4,193.68222045898438,160.58309936523438,0.22167758643627167,-89.92217254638672,0.003189063150012868,499.2999938704299,0.0006387027479528596,1.52587890625e-05,1.331580543606492e-07,6.729126616803689e-06,0.4398464076572133,0.11123636364936829,0.3749713897705078,0.2824028730392456,0.0,0.2647278606891632,0.3922412097454071,0.9814925789833069,0.3444473445415497,1.148277997970581,0.6399780511856079,1.0000000|0.0000000|0.0000000|0.0000000|0.0000000|0.0000000|0.0000000|0.0000000|0.0000000|0.0000000,0,1.0,15.132025613540177,0,0,0,0,0,
cross_town,Town02,mixed,15,69,3.45,193.68222045898438,160.58309936523438,0.22167758643627167,-89.92217254638672,0.003189063150012868,499.2999938704299,0.0006387027479528596,1.52587890625e-05,1.331580543606492e-07,1.3734003042847465e-07,0.4380694143825245,0.09572532773017883,0.1495087742805481,-0.24121113121509552,0.0,0.18472786247730255,0.31224119663238525,0.9992625117301941,0.800000011920929,1.502873182296753,-1.8736495971679688,1.0000000|0.0000000|0.0000000|0.0000000|0.0000000|0.0000000|0.0000000|0.0000000|0.0000000|0.0000000,0,1.0,15.135118038205178,0,0,0,0,0,
cross_town,Town02,mixed,15,70,3.5,193.68222045898438,160.58309936523438,0.22167758643627167,-89.92217254638672,0.003189063150012868,499.2999938704299,0.0006387027479528596,1.52587890625e-05,1.331580543606492e-07,3.4333096124446396e-07,0.43799663757740925,0.15150868892669678,0.1558462381362915,0.6015113592147827,0.0,0.1558462381362915,0.3922412097454071,0.9999902248382568,0.34444716572761536,3.0384058952331543,0.13630127906799316,1.0000000|0.0000000|0.0000000|0.0000000|0.0000000|0.0000000|0.0000000|0.0000000|0.0000000|0.0000000,0,1.0,15.05624312588179,0,0,0,0,0,
cross_town,Town02,mixed,15,71,3.55,193.68222045898438,160.58309936523438,0.22167758643627167,-89.92217254638672,0.003189063150012868,499.2999938704299,0.0006387027479528596,1.52587890625e-05,1.331580543606492e-07,4.806586611824916e-07,0.437996143325006,0.2363283634185791,0.4101985991001129,0.6467552185058594,0.0,0.23584623634815216,0.47224122285842896,0.9999951124191284,0.3444471061229706,3.2145557403564453,0.4209381937980652,1.0000000|0.0000000|0.0000000|0.0000000|0.0000000|0.0000000|0.0000000|0.0000000|0.0000000|0.0000000,0,1.0,15.04621562190135,0,0,0,0,0,
cross_town,Town02,mixed,15,72,3.6,193.68222045898438,160.58309936523438,0.22167758643627167,-89.92217254638672,0.003189063150012868,499.2999938704299,0.0006387027479528596,1.52587890625e-05,1.331580543606492e-07,6.179869005157048e-07,0.4398066463309875,0.19824939966201782,0.3729448914527893,0.290583074092865,0.0,0.3158462345600128,0.3922412097454071,0.981890082359314,0.3444470465183258,1.1538076400756836,0.7552211284637451,1.0000000|0.0000000|0.0000000|0.0000000|0.0000000|0.0000000|0.0000000|0.0000000|0.0000000|0.0000000,0,1.0,14.97625966891484,0,0,0,0,0,
cross_town,Town02,mixed,15,73,3.65,193.68222045898438,160.58309936523438,0.22167758643627167,-89.92217254638672,0.003189063150012868,499.2999938704299,0.0006387027479528596,1.52587890625e-05,1.331580543606492e-07,7.896451644330888e-07,0.4394827189284911,0.08671572804450989,0.1298442780971527,-0.22145584225654602,0.0,0.23584623634815216,0.31224119663238525,0.9851293563842773,0.800000011920929,0.7483461499214172,-1.8904739618301392,1.0000000|0.0000000|0.0000000|0.0000000|0.0000000|0.0000000|0.0000000|0.0000000|0.0000000|0.0000000,0,1.0,15.005911766328275,0,0,0,0,0,
cross_town,Town02,mixed,15,74,3.7,193.68222045898438,160.58309936523438,0.22167758643627167,-89.92217254638672,0.003189063150012868,499.2999938704299,0.0006387027479528596,1.52587890625e-05,1.331580543606492e-07,9.956361009308656e-07,0.43979700609276173,0.09812462329864502,0.12671709060668945,-0.05845871940255165,0.0,0.1558462381362915,0.2322411984205246,0.981986403465271,0.800000011920929,0.699612557888031,-1.5243228673934937,1.0000000|0.0000000|0.0000000|0.0000000|0.0000000|0.0000000|0.0000000|0.0000000|0.0000000|0.0000000,0,1.0,14.99489405122656,0,0,0,0,0,
cross_town,Town02,mixed,15,75,3.75,193.68222045898438,160.58309936523438,0.22167758643627167,-89.92217254638672,0.003189063150012868,499.2999938704299,0.0006387027479528596,1.52587890625e-05,1.331580543606492e-07,1.2016301475217224e-06,0.4380339483840215,0.10259178280830383,0.09176838397979736,0.519428551197052,0.0,0.07584623992443085,0.31224119663238525,0.9996169805526733,0.34444692730903625,2.122314214706421,0.20821905136108398,1.0000000|0.0000000|0.0000000|0.0000000|0.0000000|0.0000000|0.0000000|0.0000000|0.0000000|0.0000000,0,1.0,15.091116860395001,0,0,0,0,0,
cross_town,Town02,mixed,15,76,3.8,193.68222045898438,160.58309936523438,0.22167758643627167,-89.92217254638672,0.003189063150012868,499.2999938704299,0.0006387027479528596,1.52587890625e-05,1.331580543606492e-07,1.4076264465700164e-06,0.43799564357826565,0.13469496369361877,0.22568818926811218,0.6360383033752441,0.0,0.1558462381362915,0.3922412097454071,1.0,0.34444692730903625,4.318897724151611,-0.012504875659942627,1.0000000|0.0000000|0.0000000|0.0000000|0.0000000|0.0000000|0.0000000|0.0000000|0.0000000|0.0000000,0,1.0,15.13448238495989,0,0,0,0,0,
cross_town,Town02,mixed,15,77,3.85,193.68222045898438,160.58309936523438,0.22167758643627167,-89.92217254638672,0.003189063150012868,499.2999938704299,0.0006387027479528596,1.52587890625e-05,1.331580543606492e-07,3.4366287547370756e-08,0.43853830214569417,0.18743756413459778,0.25848448276519775,0.6792538166046143,0.0,0.23584623634815216,0.47224122285842896,0.9945734143257141,0.34444692730903625,1.4583055973052979,0.2400738000869751,1.0000000|0.0000000|0.0000000|0.0000000|0.0000000|0.0000000|0.0000000|0.0000000|0.0000000|0.0000000,0,1.0,15.272997467125615,0,0,0,0,0,
cross_town,Town02,mixed,15,78,3.9,193.68222045898438,160.58309936523438,0.22167758643627167,-89.92217254638672,0.003189063150012868,499.2999938704299,0.0006387027479528596,1.52587890625e-05,1.331580543606492e-07,2.0599448790398986e-07,0.4423493456465945,0.13620734214782715,0.2863503694534302,0.3146529793739319,0.0,0.2863503694534302,0.3922412097454071,0.9564629793167114,0.34444692730903625,0.9279606938362122,0.7017344236373901,1.0000000|0.0000000|0.0000000|0.0000000|0.0000000|0.0000000|0.0000000|0.0000000|0.0000000|0.0000000,0,1.0,15.33289025637234,0,0,0,0,0,
cross_town,Town02,mixed,15,79,3.95,193.68222045898438,160.58309936523438,0.22167758643627167,-89.92217254638672,0.003189063150012868,499.2999938704299,0.0006387027479528596,1.52587890625e-05,1.331580543606492e-07,3.776590500023874e-07,0.4494932782275424,0.21104776859283447,0.1591624617576599,0.574337363243103,0.0,0.20635037124156952,0.47224122285842896,0.8850236535072327,0.34444692730903625,0.6657750010490417,0.5688288807868958,1.0000000|0.0000000|0.0000000|0.0000000|0.0000000|0.0000000|0.0000000|0.0000000|0.0000000|0.0000000,0,1.0,15.470726867561604,0,0,0,0,0,
cross_town,Town02,mixed,15,80,4.0,193.68222045898438,160.58309936523438,0.22167758643627167,-89.92217254638672,0.003189063150012868,499.2999938704299,0.0006387027479528596,1.52587890625e-05,1.331580543606492e-07,5.836533265812142e-07,0.4385391187293277,0.07795041799545288,0.32596319913864136,-0.32196474075317383,0.0,0.2863503694534302,0.3922412097454071,0.9945652484893799,0.800000011920929,1.0023727416992188,-1.3172634840011597,1.0000000|0.0000000|0.0000000|0.0000000|0.0000000|0.0000000|0.0000000|0.0000000|0.0000000|0.0000000,0,1.0,15.508400610949666,0,0,0,0,0,
cross_town,Town02,mixed,15,81,4.05,193.68222045898438,160.58309936523438,0.22167758643627167,-89.92217254638672,0.003189063150012868,499.2999938704299,0.0006387027479528596,1.52587890625e-05,1.331580543606492e-07,7.553106948050194e-07,0.43799573894569727,0.3289251923561096,0.2905726432800293,0.6360573768615723,0.0,0.20635037124156952,0.47224122285842896,0.9999990463256836,0.34444692730903625,3.615051746368408,0.6389589309692383,1.0000000|0.0000000|0.0000000|0.0000000|0.0000000|0.0000000|0.0000000|0.0000000|0.0000000|0.0000000,0,1.0,15.614295559076556,0,0,0,0,0,
cross_town,Town02,mixed,15,82,4.1,193.68222045898438,160.58309936523438,0.22167758643627167,-89.92217254638672,0.003189063150012868,499.2999938704299,0.0006387027479528596,1.52587890625e-05,1.331580543606492e-07,9.269731307789079e-07,0.4419231843573795,0.23254045844078064,0.4714393615722656,0.25358590483665466,0.0,0.2863503694534302,0.3922412097454071,0.9607245922088623,0.34444692730903625,0.9548250436782837,0.8620738387107849,1.0000000|0.0000000|0.0000000|0.0000000|0.0000000|0.0000000|0.0000000|0.0000000|0.0000000|0.0000000,0,1.0,15.61390267702903,0,0,0,0,0,
cross_town,Town02,mixed,15,83,4.15,193.68222045898438,160.58309936523438,0.22167758643627167,-89.92217254638672,0.003189063150012868,499.2999938704299,0.0006387027479528596,1.52587890625e-05,1.331580543606492e-07,1.0986369729348258e-06,0.45300645347664215,0.2192133069038391,0.1765318512916565,0.5737055540084839,0.0,0.20635037124156952,0.47224122285842896,0.8498919010162354,0.34444692730903625,0.5889915227890015,0.554446280002594,1.0000000|0.0000000|0.0000000|0.0000000|0.0000000|0.0000000|0.0000000|0.0000000|0.0000000|0.0000000,0,1.0,15.686339519055819,0,0,0,0,0,
cross_town,Town02,mixed,15,84,4.2,193.68222045898438,160.58309936523438,0.22167758643627167,-89.92217254638672,0.003189063150012868,499.2999938704299,0.0006387027479528596,1.52587890625e-05,1.331580543606492e-07,1.3046283526178482e-06,0.44002733346054407,0.13050219416618347,0.3065566420555115,0.28193366527557373,0.0,0.2863503694534302,0.3922412097454071,0.9796831011772156,0.34444692730903625,1.124497652053833,0.6301985383033752,1.0000000|0.0000000|0.0000000|0.0000000|0.0000000|0.0000000|0.0000000|0.0000000|0.0000000|0.0000000,0,1.0,15.661852433350733,0,0,0,0,0,
cross_town,Town02,mixed,15,85,4.25,193.68222045898438,160.58309936523438,0.22167758643627167,-89.92217254638672,0.003189063150012868,499.2999938704299,0.0006387027479528596,1.52587890625e-05,1.331580543606492e-07,1.5106220071342665e-06,0.43827850934097623,0.09233587980270386,0.13842809200286865,-0.24331912398338318,0.0,0.20635037124156952,0.31224119663238525,0.9971713423728943,0.800000011920929,1.1662731170654297,-1.893628716468811,1.0000000|0.0000000|0.0000000|0.0000000|0.0000000|0.0000000|0.0000000|0.0000000|0.0000000|0.0000000,0,1.0,15.7252598629801,0,0,0,0,0,
cross_town,Town02,mixed,15,86,4.3,193.68222045898438,160.58309936523438,0.22167758643627167,-89.92217254638672,0.003189063150012868,499.2999938704299,0.0006387027479528596,1.52587890625e-05,1.331580543606492e-07,1.7167124523785976e-07,0.4388896028620946,0.0937265157699585,0.16752171516418457,-0.0821211040019989,0.0,0.16752171516418457,0.2322411984205246,0.9910604357719421,0.800000011920929,0.877072811126709,-1.4387067556381226,1.0000000|0.0000000|0.0000000|0.0000000|0.0000000|0.0000000|0.0000000|0.0000000|0.0000000|0.0000000,0,1.0,15.70476384036138,0,0,0,0,0,
cross_town,Town02,mixed,15,87,4.35,193.68222045898438,160.58309936523438,0.22167758643627167,-89.92217254638672,0.003189063150012868,499.2999938704299,0.0006387027479528596,1.52587890625e-05,1.331580543606492e-07,2.7469781505311427e-07,0.44407518907616017,0.0580461323261261,0.2049158811569214,0.05049007385969162,0.0,0.2049158811569214,0.15224120020866394,0.9392045736312866,0.800000011920929,0.3843798041343689,-1.6198186874389648,1.0000000|0.0000000|0.0000000|0.0000000|0.0000000|0.0000000|0.0000000|0.0000000|0.0000000|0.0000000,0,1.0,15.785709425200992,0,0,0,0,0,
cross_town,Town02,mixed,15,88,4.4,193.68222045898438,160.58309936523438,0.22167758643627167,-89.92217254638672,0.003189063150012868,499.2999938704299,0.0006387027479528596,1.52587890625e-05,1.331580543606492e-07,4.4632870341218175e-07,0.4379973034484134,0.2005583643913269,0.4123150408267975,0.36770832538604736,0.0,0.28491589426994324,0.2322411984205246,0.9999834299087524,0.34444692730903625,2.90803861618042,0.21258187294006348,1.0000000|0.0000000|0.0000000|0.0000000|0.0000000|0.0000000|0.0000000|0.0000000|0.0000000|0.0000000,0,1.0,15.786968289275482,0,0,0,0,0,
cross_town,Town02,mixed,15,89,4.45,193.68222045898438,160.58309936523438,0.22167758643627167,-89.92217254638672,0.003189063150012868,499.2999938704299,0.0006387027479528596,1.52587890625e-05,1.331580543606492e-07,6.523140987405785e-07,0.45778780981132855,0.05688700079917908,0.0951775312423706,0.12954947352409363,0.0,0.20491589605808258,0.15224120020866394,0.802078366279602,0.800000011920929,0.0498337559401989,-1.4470927715301514,1.0000000|0.0000000|0.0000000|0.0000000|0.0000000|0.0000000|0.0000000|0.0000000|0.0000000|0.0000000,0,1.0,15.89412679370844,0,0,0,0,0,
cross_town,Town02,mixed,15,90,4.5,193.68222045898438,160.58309936523438,0.22167758643627167,-89.92217254638672,0.003189063150012868,499.2999938704299,0.0006387027479528596,1.52587890625e-05,1.331580543606492e-07,8.583096424758751e-07,0.43800997539589287,0.1720493733882904,0.2730180025100708,0.34558185935020447,0.0,0.2730180025100708,0.2322411984205246,0.99985671043396,0.34444692730903625,2.368196964263916,0.2541998624801636,1.0000000|0.0000000|0.0000000|0.0000000|0.0000000|0.0000000|0.0000000|0.0000000|0.0000000|0.0000000,0,1.0,15.91442690869855,0,0,0,0,0,
cross_town,Town02,mixed,15,91,4.55,193.68222045898438,160.58309936523438,0.22167758643627167,-89.92217254638672,0.003189063150012868,499.2999938704299,0.0006387027479528596,1.52587890625e-05,1.331580543606492e-07,1.0299697429457377e-06,0.4557998876197087,0.05782109498977661,0.10026225447654724,0.12471858412027359,0.0,0.19301800429821014,0.15224120020866394,0.8219575881958008,0.800000011920929,0.08241676539182663,-1.458185076713562,1.0000000|0.0000000|0.0000000|0.0000000|0.0000000|0.0000000|0.0000000|0.0000000|0.0000000|0.0000000,0,1.0,16.037436173391892,0,0,0,0,0,
cross_town,Town02,mixed,15,92,4.6,193.68222045898438,160.58309936523438,0.22167758643627167,-89.92217254638672,0.003189063150012868,499.2999938704299,0.0006387027479528596,1.52587890625e-05,1.331580543606492e-07,1.1329753922611666e-06,0.44813214193321854,0.13443130254745483,0.22741898894309998,0.22354163229465485,0.0,0.22741898894309998,0.22354163229465485,0.9144300222396851,0.34444692730903625,0.7477948665618896,0.12186360359191895,1.0000000|0.0000000|0.0000000|0.0000000|0.0000000|0.0000000|0.0000000|0.0000000|0.0000000|0.0000000,0,1.0,16.06120509726469,0,0,0,0,0,
cross_town,Town02,mixed,15,93,4.65,193.68222045898438,160.58309936523438,0.22167758643627167,-89.92217254638672,0.003189063150012868,499.2999938704299,0.0006387027479528596,1.52587890625e-05,1.331580543606492e-07,1.3046366840257198e-06,0.4389678399188266,0.172149658203125,0.17652639746665955,0.47789913415908813,0.0,0.17652639746665955,0.3035416305065155,0.9902780652046204,0.34444692730903625,1.3114534616470337,0.2138838768005371,1.0000000|0.0000000|0.0000000|0.0000000|0.0000000|0.0000000|0.0000000|0.0000000|0.0000000|0.0000000,0,1.0,16.18261884374858,0,0,0,0,0,
cross_town,Town02,mixed,15,94,4.7,193.68222045898438,160.58309936523438,0.22167758643627167,-89.92217254638672,0.003189063150012868,499.2999938704299,0.0006387027479528596,1.52587890625e-05,1.331580543606492e-07,6.869134647818865e-08,0.43799615617821064,0.21553906798362732,0.1976592242717743,0.6769377589225769,0.0,0.09652639925479889,0.38354164361953735,0.9999948740005493,0.34444692730903625,3.20029878616333,0.18200218677520752,1.0000000|0.0000000|0.0000000|0.0000000|0.0000000|0.0000000|0.0000000|0.0000000|0.0000000|0.0000000,0,1.0,16.19502786608576,0,0,0,0,0,
cross_town,Town02,mixed,15,95,4.75,193.68222045898438,160.58309936523438,0.22167758643627167,-89.92217254638672,0.003189063150012868,499.2999938704299,0.0006387027479528596,1.52587890625e-05,1.331580543606492e-07,1.7167890744222089e-07,0.4384804796797977,0.12486746907234192,0.24767768383026123,0.6487911939620972,0.0,0.17652639746665955,0.4635416567325592,0.9951516389846802,0.34444692730903625,1.4866154193878174,0.24787026643753052,1.0000000|0.0000000|0.0000000|0.0000000|0.0000000|0.0000000|0.0000000|0.0000000|0.0000000|0.0000000,0,1.0,16.303850196727563,0,0,0,0,0,
cross_town,Town02,mixed,15,96,4.8,193.68222045898438,160.58309936523438,0.22167758643627167,-89.92217254638672,0.003189063150012868,499.2999938704299,0.0006387027479528596,1.52587890625e-05,1.331580543606492e-07,3.776630765386946e-07,0.4404079693428184,0.12663963437080383,0.4110601842403412,0.38749372959136963,0.0,0.2565264105796814,0.38749372959136963,0.9832773208618164,0.34444692730903625,1.1740835905075073,0.6405697464942932,1.0000000|0.0000000|0.0000000|0.0000000|0.0000000|0.0000000|0.0000000|0.0000000|0.0000000|0.0000000,0,1.0,16.300783454647082,0,0,0,0,0,
cross_town,Town02,mixed,15,97,4.85,193.68222045898438,160.58309936523438,0.22167758643627167,-89.92217254638672,0.003189063150012868,499.2999938704299,0.0006387027479528596,1.52587890625e-05,1.331580543606492e-07,5.493382784204472e-07,0.4380317282302127,0.09617799520492554,0.1514378786087036,-0.23341557383537292,0.0,0.17652641236782074,0.3074937164783478,0.9996391534805298,0.800000011920929,1.6816850900650024,-1.8666497468948364,1.0000000|0.0000000|0.0000000|0.0000000|0.0000000|0.0000000|0.0000000|0.0000000|0.0000000|0.0000000,0,1.0,16.39889181020969,0,0,0,0,0,
cross_town,Town02,mixed,15,98,4.9,193.68222045898438,160.58309936523438,0.22167758643627167,-89.92217254638672,0.003189063150012868,499.2999938704299,0.0006387027479528596,1.52587890625e-05,1.331580543606492e-07,7.209844690280407e-07,0.4379957031829102,0.22502997517585754,0.11657920479774475,0.6937586069107056,0.0,0.09652641415596008,0.38749372959136963,0.9999994039535522,0.34444692730903625,3.750828504562378,0.14679044485092163,1.0000000|0.0000000|0.0000000|0.0000000|0.0000000|0.0000000|0.0000000|0.0000000|0.0000000|0.0000000,0,1.0,16.387825307033978,0,0,0,0,0,
cross_town,Town02,mixed,15,99,4.95,193.68222045898438,160.58309936523438,0.22167758643627167,-89.92217254638672,0.003189063150012868,499.2999938704299,0.0006387027479528596,1.52587890625e-05,1.331580543606492e-07,7.896475938780584e-07,0.4379956674201236,0.14689022302627563,0.21689411997795105,0.5592225790023804,0.0,0.17652641236782074,0.4674937427043915,0.9999997615814209,0.34444692730903625,3.928999423980713,0.3764033913612366,1.0000000|0.0000000|0.0000000|0.0000000|0.0000000|0.0000000|0.0000000|0.0000000|0.0000000|0.0000000,0,1.0,16.48623263841458,0,0,0,0,0,
cross_town,Town02,mixed,15,100,5.0,193.68222045898438,160.58309936523438,0.22167758643627167,-89.92217254638672,0.003189063150012868,499.2999938704299,0.0006387027479528596,1.52587890625e-05,1.331580543606492e-07,7.896645998388756e-07,0.4453519773108706,0.1269426941871643,0.44663259387016296,0.3146180808544159,0.0,0.2565264105796814,0.38749372959136963,0.9264366626739502,0.34444692730903625,0.7888528108596802,0.6784342527389526,1.0000000|0.0000000|0.0000000|0.0000000|0.0000000|0.0000000|0.0000000|0.0000000|0.0000000|0.0000000,0,1.0,16.478520257000095,0,0,0,0,0,
cross_town,Town02,mixed,15,101,5.05,193.68222045898438,160.58309936523438,0.22167758643627167,-89.92217254638672,0.003189063150012868,499.2999938704299,0.0006387027479528596,1.52587890625e-05,1.331580543606492e-07,9.956405517279717e-07,0.4379956793410523,0.24151426553726196,0.2360292673110962,0.6219347715377808,0.0,0.17652641236782074,0.4674937427043915,0.9999996423721313,0.34444692730903625,3.9010822772979736,0.5399289131164551,1.0000000|0.0000000|0.0000000|0.0000000|0.0000000|0.0000000|0.0000000|0.0000000|0.0000000|0.0000000,0,1.0,16.49852876995744,0,0,0,0,0,
cross_town,Town02,mixed,15,102,5.1,193.68222045898438,160.58309936523438,0.22167758643627167,-89.92217254638672,0.003189063150012868,499.2999938704299,0.0006387027479528596,1.52587890625e-05,1.331580543606492e-07,0.0,0.44251266833374353,0.16847380995750427,0.4425458014011383,0.3193853199481964,0.0,0.2565264105796814,0.38749372959136963,0.954829752445221,0.34444692730903625,0.9183266758918762,0.7109624147415161,1.0000000|0.0000000|0.0000000|0.0000000|0.0000000|0.0000000|0.0000000|0.0000000|0.0000000|0.0000000,0,1.0,16.077114655100562,0,0,0,0,0,
cross_town,Town02,mixed,15,103,5.15,193.68222045898438,160.58309936523438,0.22167758643627167,-89.92217254638672,0.003189063150012868,499.2999938704299,0.0006387027479528596,1.52587890625e-05,1.331580543606492e-07,2.0600388542558583e-07,0.43799713369438503,0.23891565203666687,0.13459670543670654,0.6565937995910645,0.0,0.17652641236782074,0.4674937427043915,0.9999850988388062,0.34444692730903625,2.934962749481201,0.531481921672821,1.0000000|0.0000000|0.0000000|0.0000000|0.0000000|0.0000000|0.0000000|0.0000000|0.0000000|0.0000000,0,1.0,15.739976970059141,0,0,0,0,0,
cross_town,Town02,mixed,15,104,5.2,193.68222045898438,160.58309936523438,0.22167758643627167,-89.92217254638672,0.003189063150012868,499.2999938704299,0.0006387027479528596,1.52587890625e-05,1.331580543606492e-07,3.776663290623525e-07,0.4385511767489657,0.1538240611553192,0.4389289915561676,0.3059955835342407,0.0,0.2565264105796814,0.38749372959136963,0.9944446682929993,0.34444692730903625,1.4524061679840088,0.6779183149337769,1.0000000|0.0000000|0.0000000|0.0000000|0.0000000|0.0000000|0.0000000|0.0000000|0.0000000|0.0000000,0,1.0,15.471549413476758,0,0,0,0,0,
cross_town,Town02,mixed,15,105,5.25,193.68222045898438,160.58309936523438,0.22167758643627167,-89.92217254638672,0.003189063150012868,499.2999938704299,0.0006387027479528596,1.52587890625e-05,1.331580543606492e-07,4.806597942554338e-07,0.43803172823021264,0.09617799520492554,0.1514378786087036,-0.23341557383537292,0.0,0.17652641236782074,0.3074937164783478,0.9996391534805298,0.800000011920929,1.6816850900650024,-1.8666497468948364,1.0000000|0.0000000|0.0000000|0.0000000|0.0000000|0.0000000|0.0000000|0.0000000|0.0000000|0.0000000,0,1.0,15.236720538513982,0,0,0,0,0,
cross_town,Town02,mixed,15,106,5.3,193.68222045898438,160.58309936523438,0.22167758643627167,-89.92217254638672,0.003189063150012868,499.2999938704299,0.0006387027479528596,1.52587890625e-05,1.331580543606492e-07,4.80677941348354e-07,0.43799573894569727,0.1772952675819397,0.15740951895713806,0.661426305770874,0.0,0.09652641415596008,0.38749372959136963,0.9999990463256836,0.34444692730903625,3.629727602005005,0.21854931116104126,1.0000000|0.0000000|0.0000000|0.0000000|0.0000000|0.0000000|0.0000000|0.0000000|0.0000000|0.0000000,0,1.0,15.060865989439051,0,0,0,0,0,
cross_town,Town02,mixed,15,107,5.35,193.68222045898438,160.58309936523438,0.22167758643627167,-89.92217254638672,0.003189063150012868,499.2999938704299,0.0006387027479528596,1.52587890625e-05,1.331580543606492e-07,6.523180952221454e-07,0.4402379047496065,0.06384491920471191,0.522419810295105,-0.1352880299091339,0.0,0.17652641236782074,0.3074937164783478,0.9775773882865906,0.800000011920929,0.6437510251998901,-1.6075046062469482,1.0000000|0.0000000|0.0000000|0.0000000|0.0000000|0.0000000|0.0000000|0.0000000|0.0000000|0.0000000,0,1.0,15.001945969151919,0,0,0,0,0,
cross_town,Town02,mixed,15,108,5.4,193.68222045898438,160.58309936523438,0.22167758643627167,-89.92217254638672,0.003189063150012868,499.2999938704299,0.0006387027479528596,1.52587890625e-05,1.331580543606492e-07,8.239827344513483e-07,0.4379976462943301,0.19168630242347717,0.098696768283844,0.6839299201965332,0.0,0.09652641415596008,0.38749372959136963,0.9999799728393555,0.34444692730903625,2.859429121017456,-0.11063790321350098,1.0000000|0.0000000|0.0000000|0.0000000|0.0000000|0.0000000|0.0000000|0.0000000|0.0000000|0.0000000,0,1.0,15.06755229092901,0,0,0,0,0,
cross_town,Town02,mixed,15,109,5.45,193.68222045898438,160.58309936523438,0.22167758643627167,-89.92217254638672,0.003189063150012868,499.2999938704299,0.0006387027479528596,1.52587890625e-05,1.331580543606492e-07,1.029985067666329e-06,0.4402379166705355,0.0638449490070343,0.5224198698997498,-0.13528800010681152,0.0,0.17652641236782074,0.3074937164783478,0.977577269077301,0.800000011920929,0.6437507271766663,-1.6075042486190796,1.0000000|0.0000000|0.0000000|0.0000000|0.0000000|0.0000000|0.0000000|0.0000000|0.0000000|0.0000000,0,1.0,15.236507457311125,0,0,0,0,0,
cross_town,Town02,mixed,15,110,5.5,193.68222045898438,160.58309936523438,0.22167758643627167,-89.92217254638672,0.003189063150012868,499.2999938704299,0.0006387027479528596,1.52587890625e-05,1.331580543606492e-07,1.0643048954321344e-06,0.4380079936606629,0.14599403738975525,0.12930762767791748,0.608241081237793,0.0,0.09652641415596008,0.38749372959136963,0.9998764991760254,0.34444692730903625,2.4053165912628174,0.2264726161956787,1.0000000|0.0000000|0.0000000|0.0000000|0.0000000|0.0000000|0.0000000|0.0000000|0.0000000|0.0000000,0,1.0,15.427864967177895,0,0,0,0,0,
cross_town,Town02,mixed,15,111,5.55,193.68222045898438,160.58309936523438,0.22167758643627167,-89.92217254638672,0.003189063150012868,499.2999938704299,0.0006387027479528596,1.52587890625e-05,1.331580543606492e-07,3.445527485928812e-08,0.438044102154468,0.15482887625694275,0.3940489888191223,0.6306310892105103,0.0,0.17652641236782074,0.4674937427043915,0.9995154142379761,0.34444692730903625,2.063506841659546,0.23154515027999878,1.0000000|0.0000000|0.0000000|0.0000000|0.0000000|0.0000000|0.0000000|0.0000000|0.0000000|0.0000000,0,1.0,15.603541068060478,0,0,0,0,0,
cross_town,Town02,mixed,15,112,5.6,193.68222045898438,160.58309936523438,0.22167758643627167,-89.92217254638672,0.003189063150012868,499.2999938704299,0.0006387027479528596,1.52587890625e-05,1.331580543606492e-07,1.0316595365892514e-07,0.4393624615294681,0.09913134574890137,0.2837435305118561,0.2602808177471161,0.0,0.2565264105796814,0.38749372959136963,0.9863318204879761,0.34444692730903625,1.2252833843231201,0.585975706577301,1.0000000|0.0000000|0.0000000|0.0000000|0.0000000|0.0000000|0.0000000|0.0000000|0.0000000|0.0000000,0,1.0,15.673138747801927,0,0,0,0,0,
cross_town,Town02,mixed,15,113,5.65,193.68222045898438,160.58309936523438,0.22167758643627167,-89.92217254638672,0.003189063150012868,499.2999938704299,0.0006387027479528596,1.52587890625e-05,1.331580543606492e-07,2.7468422006185016e-07,0.4380317282302123,0.09617799520492554,0.1514378786087036,-0.2334156036376953,0.0,0.17652641236782074,0.3074937164783478,0.9996391534805298,0.800000011920929,1.6816831827163696,-1.866649866104126,1.0000000|0.0000000|0.0000000|0.0000000|0.0000000|0.0000000|0.0000000|0.0000000|0.0000000|0.0000000,0,1.0,15.79551895575323,0,0,0,0,0,
cross_town,Town02,mixed,15,114,5.7,193.68222045898438,160.58309936523438,0.22167758643627167,-89.92217254638672,0.003189063150012868,499.2999938704299,0.0006387027479528596,1.52587890625e-05,1.331580543606492e-07,4.8068449242182e-07,0.4379968237502321,0.1709030568599701,0.09567928314208984,0.6712486743927002,0.0,0.09652641415596008,0.38749372959136963,0.9999881982803345,0.34444692730903625,2.991973400115967,0.2891778349876404,1.0000000|0.0000000|0.0000000|0.0000000|0.0000000|0.0000000|0.0000000|0.0000000|0.0000000|0.0000000,0,1.0,15.82519629004639,0,0,0,0,0,
cross_town,Town02,mixed,15,115,5.75,193.68222045898438,160.58309936523438,0.22167758643627167,-89.92217254638672,0.003189063150012868,499.2999938704299,0.0006387027479528596,1.52587890625e-05,1.331580543606492e-07,5.836551950153339e-07,0.4402379047496065,0.06384491920471191,0.522419810295105,-0.1352880299091339,0.0,0.17652641236782074,0.3074937164783478,0.9775773882865906,0.800000011920929,0.6437510251998901,-1.6075046062469482,1.0000000|0.0000000|0.0000000|0.0000000|0.0000000|0.0000000|0.0000000|0.0000000|0.0000000|0.0000000,0,1.0,15.84907334316845,0,0,0,0,0,
cross_town,Town02,mixed,15,116,5.8,193.68222045898438,160.58309936523438,0.22167758643627167,-89.92217254638672,0.003189063150012868,499.2999938704299,0.0006387027479528596,1.52587890625e-05,1.331580543606492e-07,5.836615615801068e-07,0.4411290447337377,0.0863141417503357,0.21771341562271118,-0.094322070479393,0.0,0.21771341562271118,0.22749371826648712,0.9686660170555115,0.800000011920929,0.5578039288520813,-1.4332109689712524,1.0000000|0.0000000|0.0000000|0.0000000|0.0000000|0.0000000|0.0000000|0.0000000|0.0000000|0.0000000,0,1.0,15.889343290577084,0,0,0,0,0,
cross_town,Town02,mixed,15,117,5.85,193.68222045898438,160.58309936523438,0.22167758643627167,-89.92217254638672,0.003189063150012868,499.2999938704299,0.0006387027479528596,1.52587890625e-05,1.331580543606492e-07,6.866566957858426e-07,0.4397459308726537,0.15284031629562378,0.08746039867401123,0.5133497714996338,0.0,0.13771341741085052,0.3074937164783478,0.9824971556663513,0.34444692730903625,1.1624876260757446,0.23635268211364746,1.0000000|0.0000000|0.0000000|0.0000000|0.0000000|0.0000000|0.0000000|0.0000000|0.0000000|0.0000000,0,1.0,15.955823780597989,0,0,0,0,0,
cross_town,Town02,mixed,15,118,5.9,193.68222045898438,160.58309936523438,0.22167758643627167,-89.92217254638672,0.003189063150012868,499.2999938704299,0.0006387027479528596,1.52587890625e-05,1.331580543606492e-07,8.926474581708035e-07,0.4379957389456973,0.15912920236587524,0.19303688406944275,0.6780493259429932,0.0,0.19303688406944275,0.38749372959136963,0.9999990463256836,0.34444692730903625,3.626812696456909,0.09356003999710083,1.0000000|0.0000000|0.0000000|0.0000000|0.0000000|0.0000000|0.0000000|0.0000000|0.0000000|0.0000000,0,1.0,16.045484253709315,0,0,0,0,0,
cross_town,Town02,mixed,15,119,5.95,193.68222045898438,160.58309936523438,0.22167758643627167,-89.92217254638672,0.003189063150012868,499.2999938704299,0.0006387027479528596,1.52587890625e-05,1.331580543606492e-07,6.867797838621808e-08,0.437997670136188,0.1723000407218933,0.1283366084098816,0.6282705068588257,0.0,0.11303688585758209,0.4674937427043915,0.9999797344207764,0.34444692730903625,2.8568644523620605,0.41622310876846313,1.0000000|0.0000000|0.0000000|0.0000000|0.0000000|0.0000000|0.0000000|0.0000000|0.0000000|0.0000000,0,1.0,16.112626564793086,0,0,0,0,0,
cross_town,Town02,mixed,15,120,6.0,193.68222045898438,160.58309936523438,0.22167758643627167,-89.92217254638672,0.003189063150012868,499.2999938704299,0.0006387027479528596,1.52587890625e-05,1.331580543606492e-07,2.404823824497421e-07,0.44322120066711757,0.1204245388507843,0.5597525835037231,0.33755555748939514,0.0,0.19303688406944275,0.38749372959136963,0.9477444291114807,0.34444692730903625,0.8800374865531921,0.4414997696876526,1.0000000|0.0000000|0.0000000|0.0000000|0.0000000|0.0000000|0.0000000|0.0000000|0.0000000|0.0000000,0,1.0,15.92622655345938,0,0,0,0,0,
cross_town,Town02,mixed,15,121,6.05,193.68222045898438,160.58309936523438,0.22167758643627167,-89.92217254638672,0.003189063150012868,499.2999938704299,0.0006387027479528596,1.52587890625e-05,1.331580543606492e-07,3.433623904084264e-07,0.4380014013869503,0.18242871761322021,0.17528125643730164,0.622806191444397,0.0,0.11303688585758209,0.4674937427043915,0.999942421913147,0.34444692730903625,2.596127986907959,0.4269106984138489,1.0000000|0.0000000|0.0000000|0.0000000|0.0000000|0.0000000|0.0000000|0.0000000|0.0000000|0.0000000,0,1.0,15.81198980368994,0,0,0,0,0,
cross_town,Town02,mixed,15,122,6.1,193.68222045898438,160.58309936523438,0.22167758643627167,-89.92217254638672,0.003189063150012868,499.2999938704299,0.0006387027479528596,1.52587890625e-05,1.331580543606492e-07,3.433385573558386e-07,0.4380846988780245,0.1737026870250702,0.5974251627922058,0.35714808106422424,0.0,0.19303688406944275,0.38749372959136963,0.9991094470024109,0.34444692730903625,1.911238670349121,0.7221880555152893,1.0000000|0.0000000|0.0000000|0.0000000|0.0000000|0.0000000|0.0000000|0.0000000|0.0000000|0.0000000,0,1.0,15.620873652993202,0,0,0,0,0,
cross_town,Town02,mixed,15,123,6.15,193.68222045898438,160.58309936523438,0.22167758643627167,-89.92217254638672,0.003189063150012868,499.2999938704299,0.0006387027479528596,1.52587890625e-05,1.331580543606492e-07,3.776931522785858e-07,0.438000590763782,0.2474329173564911,0.23818746209144592,0.6388707160949707,0.0,0.11303688585758209,0.4674937427043915,0.9999505281448364,0.34444692730903625,2.634054660797119,0.5018470287322998,1.0000000|0.0000000|0.0000000|0.0000000|0.0000000|0.0000000|0.0000000|0.0000000|0.0000000|0.0000000,0,1.0,15.541679995522394,0,0,0,0,0,
cross_town,Town02,mixed,15,124,6.2,193.68222045898438,160.58309936523438,0.22167758643627167,-89.92217254638672,0.003189063150012868,499.2999938704299,0.0006387027479528596,1.52587890625e-05,1.331580543606492e-07,4.807084856418699e-07,0.4379966568572269,0.22858893871307373,0.7633872628211975,0.3701489269733429,0.0,0.19303688406944275,0.38749372959136963,0.9999898672103882,0.34444692730903625,3.0308518409729004,0.8416624069213867,1.0000000|0.0000000|0.0000000|0.0000000|0.0000000|0.0000000|0.0000000|0.0000000|0.0000000|0.0000000,0,1.0,15.418629956190141,0,0,0,0,0,
cross_town,Town02,mixed,15,125,6.25,193.68222045898438,160.58309936523438,0.22167758643627167,-89.92217254638672,0.003189063150012868,499.2999938704299,0.0006387027479528596,1.52587890625e-05,1.331580543606492e-07,6.523291550568701e-07,0.43827002163956,0.08518874645233154,0.23249638080596924,-0.21481430530548096,0.0,0.23249638080596924,0.3074937164783478,0.9972562193870544,0.800000011920929,1.1739132404327393,-1.7758173942565918,1.0000000|0.0000000|0.0000000|0.0000000|0.0000000|0.0000000|0.0000000|0.0000000|0.0000000|0.0000000,0,1.0,15.409367712491726,0,0,0,0,0,
cross_town,Town02,mixed,15,126,6.3,193.68222045898438,160.58309936523438,0.22167758643627167,-89.92217254638672,0.003189063150012868,499.2999938704299,0.0006387027479528596,1.52587890625e-05,1.331580543606492e-07,8.239921223285938e-07,0.4401044170481908,0.09621453285217285,0.1294800043106079,-0.05399394780397415,0.0,0.15249638259410858,0.22749371826648712,0.9789122939109802,0.800000011920929,0.6594380140304565,-1.4987146854400635,1.0000000|0.0000000|0.0000000|0.0000000|0.0000000|0.0000000|0.0000000|0.0000000|0.0000000|0.0000000,0,1.0,15.351205843344758,0,0,0,0,0,
cross_town,Town02,mixed,15,127,6.35,193.68222045898438,160.58309936523438,0.22167758643627167,-89.92217254638672,0.003189063150012868,499.2999938704299,0.0006387027479528596,1.52587890625e-05,1.331580543606492e-07,9.956674419009305e-07,0.43906293912956595,0.08530902862548828,0.047885745763778687,0.4378454387187958,0.0,0.07249638438224792,0.3074937164783478,0.989327073097229,0.34444692730903625,1.287880301475525,0.40971440076828003,1.0000000|0.0000000|0.0000000|0.0000000|0.0000000|0.0000000|0.0000000|0.0000000|0.0000000|0.0000000,0,1.0,15.387604108058033,0,0,0,0,0,
cross_town,Town02,mixed,15,128,6.4,193.68222045898438,160.58309936523438,0.22167758643627167,-89.92217254638672,0.003189063150012868,499.2999938704299,0.0006387027479528596,1.52587890625e-05,1.331580543606492e-07,1.373329820018904e-07,0.4379969787223082,0.16524741053581238,0.31130242347717285,0.7056800127029419,0.0,0.15249638259410858,0.38749372959136963,0.9999866485595703,0.34444692730903625,2.9623212814331055,-0.0910537838935852,1.0000000|0.0000000|0.0000000|0.0000000|0.0000000|0.0000000|0.0000000|0.0000000|0.0000000|0.0000000,0,1.0,15.352687160084724,0,0,0,0,0,
cross_town,Town02,mixed,15,129,6.45,193.68222045898438,160.58309936523438,0.22167758643627167,-89.92217254638672,0.003189063150012868,499.2999938704299,0.0006387027479528596,1.52587890625e-05,1.331580543606492e-07,3.4332557981435134e-07,0.4379958700759155,0.19766712188720703,0.3079754114151001,0.6710082292556763,0.0,0.23249638080596924,0.4674937427043915,0.9999977350234985,0.34444692730903625,3.405425548553467,0.36341941356658936,1.0000000|0.0000000|0.0000000|0.0000000|0.0000000|0.0000000|0.0000000|0.0000000|0.0000000|0.0000000,0,1.0,15.390731564391288,0,0,0,0,0,
cross_town,Town02,mixed,15,130,6.5,193.68222045898438,160.58309936523438,0.22167758643627167,-89.92217254638672,0.003189063150012868,499.2999938704299,0.0006387027479528596,1.52587890625e-05,1.331580543606492e-07,5.493203621444533e-07,0.4404129457099185,0.13817870616912842,0.2705708146095276,0.3539882302284241,0.0,0.2705708146095276,0.38749372959136963,0.9758269786834717,0.34444692730903625,1.0800658464431763,0.6691407561302185,1.0000000|0.0000000|0.0000000|0.0000000|0.0000000|0.0000000|0.0000000|0.0000000|0.0000000|0.0000000,0,1.0,15.339451366340239,0,0,0,0,0,
cross_town,Town02,mixed,15,131,6.55,193.68222045898438,160.58309936523438,0.22167758643627167,-89.92217254638672,0.003189063150012868,499.2999938704299,0.0006387027479528596,1.52587890625e-05,1.331580543606492e-07,6.866541217481377e-07,0.43808052059242575,0.09552115201950073,0.14291584491729736,-0.2287442684173584,0.0,0.19057081639766693,0.3074937164783478,0.9991512298583984,0.800000011920929,1.4677034616470337,-1.884962558746338,1.0000000|0.0000000|0.0000000|0.0000000|0.0000000|0.0000000|0.0000000|0.0000000|0.0000000|0.0000000,0,1.0,15.349967050163821,0,0,0,0,0,
cross_town,Town02,mixed,15,132,6.6,193.68222045898438,160.58309936523438,0.22167758643627167,-89.92217254638672,0.003189063150012868,499.2999938704299,0.0006387027479528596,1.52587890625e-05,1.331580543606492e-07,7.553171664458114e-07,0.4379957151038391,0.27920299768447876,0.18404513597488403,0.690453052520752,0.0,0.11057081818580627,0.38749372959136963,0.9999992847442627,0.34444692730903625,3.687756061553955,-0.07800537347793579,1.0000000|0.0000000|0.0000000|0.0000000|0.0000000|0.0000000|0.0000000|0.0000000|0.0000000|0.0000000,0,1.0,15.264570129111803,0,0,0,0,0,
cross_town,Town02,mixed,15,133,6.65,193.68222045898438,160.58309936523438,0.22167758643627167,-89.92217254638672,0.003189063150012868,499.2999938704299,0.0006387027479528596,1.52587890625e-05,1.331580543606492e-07,9.269801544915578e-07,0.43806771155426344,0.2164466679096222,0.3435238301753998,0.5652667284011841,0.0,0.19057081639766693,0.4674937427043915,0.9992793202400208,0.34444692730903625,1.9642066955566406,0.20752692222595215,1.0000000|0.0000000|0.0000000|0.0000000|0.0000000|0.0000000|0.0000000|0.0000000|0.0000000|0.0000000,0,1.0,15.2438561267713,0,0,0,0,0,
cross_town,Town02,mixed,15,134,6.7,193.68222045898438,160.58309936523438,0.22167758643627167,-89.92217254638672,0.003189063150012868,499.2999938704299,0.0006387027479528596,1.52587890625e-05,1.331580543606492e-07,1.1329679488641532e-06,0.4385514270884737,0.2679958939552307,0.5782104730606079,0.37525391578674316,0.0,0.2705708146095276,0.38749372959136963,0.9944421648979187,0.34444692730903625,1.4522960186004639,0.8940991759300232,1.0000000|0.0000000|0.0000000|0.0000000|0.0000000|0.0000000|0.0000000|0.0000000|0.0000000|0.0000000,0,1.0,15.134478321941787,0,0,0,0,0,
cross_town,Town02,mixed,15,135,6.75,193.68222045898438,160.58309936523438,0.22167758643627167,-89.92217254638672,0.003189063150012868,499.2999938704299,0.0006387027479528596,1.52587890625e-05,1.331580543606492e-07,1.3046271027463368e-06,0.43808052059242586,0.09552115201950073,0.14291590452194214,-0.228744238615036,0.0,0.19057081639766693,0.3074937164783478,0.9991512298583984,0.800000011920929,1.4677027463912964,-1.8849623203277588,1.0000000|0.0000000|0.0000000|0.0000000|0.0000000|0.0000000|0.0000000|0.0000000|0.0000000|0.0000000,0,1.0,15.101203662184695,0,0,0,0,0,
cross_town,Town02,mixed,15,136,6.8,193.68222045898438,160.58309936523438,0.22167758643627167,-89.92217254638672,0.003189063150012868,499.2999938704299,0.0006387027479528596,1.52587890625e-05,1.331580543606492e-07,6.869133337747e-08,0.43799596544334746,0.14971047639846802,0.06983619928359985,0.6534607410430908,0.0,0.11057081818580627,0.38749372959136963,0.9999967813491821,0.34444692730903625,3.315878391265869,0.3571239709854126,1.0000000|0.0000000|0.0000000|0.0000000|0.0000000|0.0000000|0.0000000|0.0000000|0.0000000|0.0000000,0,1.0,14.990600962171046,0,0,0,0,0,
cross_town,Town02,mixed,15,137,6.85,193.68222045898438,160.58309936523438,0.22167758643627167,-89.92217254638672,0.003189063150012868,499.2999938704299,0.0006387027479528596,1.52587890625e-05,1.331580543606492e-07,2.403468200725356e-07,0.4379971336943851,0.1249854564666748,0.24222543835639954,0.5986868143081665,0.0,0.19057081639766693,0.4674937427043915,0.9999850988388062,0.34444692730903625,2.9342479705810547,0.30142784118652344,1.0000000|0.0000000|0.0000000|0.0000000|0.0000000|0.0000000|0.0000000|0.0000000|0.0000000|0.0000000,0,1.0,14.964225503846292,0,0,0,0,0,
cross_town,Town02,mixed,15,138,6.9,193.68222045898438,160.58309936523438,0.22167758643627167,-89.92217254638672,0.003189063150012868,499.2999938704299,0.0006387027479528596,1.52587890625e-05,1.331580543606492e-07,4.4632524573547147e-07,0.44316365834305144,0.1550058126449585,0.4619453549385071,0.38018614053726196,0.0,0.2705708146095276,0.38749372959136963,0.9483198523521423,0.34444692730903625,0.8829574584960938,0.7513619661331177,1.0000000|0.0000000|0.0000000|0.0000000|0.0000000|0.0000000|0.0000000|0.0000000|0.0000000|0.0000000,0,1.0,14.869483297896556,0,0,0,0,0,
cross_town,Town02,mixed,15,139,6.95,193.68222045898438,160.58309936523438,0.22167758643627167,-89.92217254638672,0.003189063150012868,499.2999938704299,0.0006387027479528596,1.52587890625e-05,1.331580543606492e-07,6.523176698667123e-07,0.4380805205924258,0.09552112221717834,0.1429157853126526,-0.22874432802200317,0.0,0.19057081639766693,0.3074937164783478,0.9991512298583984,0.800000011920929,1.4677025079727173,-1.8849633932113647,1.0000000|0.0000000|0.0000000|0.0000000|0.0000000|0.0000000|0.0000000|0.0000000|0.0000000|0.0000000,0,1.0,14.859296805592082,0,0,0,0,0,
cross_town,Town02,mixed,15,140,7.0,193.68222045898438,160.58309936523438,0.22167758643627167,-89.92217254638672,0.003189063150012868,499.2999938704299,0.0006387027479528596,1.52587890625e-05,1.331580543606492e-07,8.583113831076213e-07,0.4379957031829105,0.13476240634918213,0.04382389783859253,0.664983868598938,0.0,0.11057081818580627,0.38749372959136963,0.9999994039535522,0.34444692730903625,3.753344774246216,0.2978397607803345,1.0000000|0.0000000|0.0000000|0.0000000|0.0000000|0.0000000|0.0000000|0.0000000|0.0000000|0.0000000,0,1.0,14.78056203889616,0,0,0,0,0,
cross_town,Town02,mixed,15,141,7.05,193.68222045898438,160.58309936523438,0.22167758643627167,-89.92217254638672,0.003189063150012868,499.2999938704299,0.0006387027479528596,1.52587890625e-05,1.331580543606492e-07,8.583179149601197e-07,0.43799565549919445,0.21401217579841614,0.5428875088691711,0.6175395250320435,0.0,0.19057081639766693,0.4674937427043915,0.9999998807907104,0.34444692730903625,4.19923734664917,0.20170122385025024,1.0000000|0.0000000|0.0000000|0.0000000|0.0000000|0.0000000|0.0000000|0.0000000|0.0000000|0.0000000,0,1.0,14.781510007929333,0,0,0,0,0,
cross_town,Town02,mixed,15,142,7.1,193.68222045898438,160.58309936523438,0.22167758643627167,-89.92217254638672,0.003189063150012868,499.2999938704299,0.0006387027479528596,1.52587890625e-05,1.331580543606492e-07,9.95650051109654e-07,0.4385340344531281,0.12202075123786926,0.31001555919647217,0.274600088596344,0.0,0.2705708146095276,0.38749372959136963,0.9946160912513733,0.34444692730903625,1.4602898359298706,0.6443011164665222,1.0000000|0.0000000|0.0000000|0.0000000|0.0000000|0.0000000|0.0000000|0.0000000|0.0000000|0.0000000,0,1.0,14.709139328142937,0,0,0,0,0,
cross_town,Town02,mixed,15,143,7.15,193.68222045898438,160.58309936523438,0.22167758643627167,-89.92217254638672,0.003189063150012868,499.2999938704299,0.0006387027479528596,1.52587890625e-05,1.331580543606492e-07,1.2016418426217158e-06,0.4379956674201236,0.2620629370212555,0.14658653736114502,0.6789736151695251,0.0,0.19057081639766693,0.4674937427043915,0.9999997615814209,0.34444692730903625,3.978193759918213,0.4576718807220459,1.0000000|0.0000000|0.0000000|0.0000000|0.0000000|0.0000000|0.0000000|0.0000000|0.0000000|0.0000000,0,1.0,14.710746322612595,0,0,0,0,0,
cross_town,Town02,mixed,15,144,7.2,193.68222045898438,160.58309936523438,0.22167758643627167,-89.92217254638672,0.003189063150012868,499.2999938704299,0.0006387027479528596,1.52587890625e-05,1.331580543606492e-07,0.0,0.4396853518111452,0.07687845826148987,0.3887239694595337,-0.295655220746994,0.0,0.2705708146095276,0.38749372959136963,0.9831029176712036,0.800000011920929,0.7158938646316528,-1.409170150756836,1.0000000|0.0000000|0.0000000|0.0000000|0.0000000|0.0000000|0.0000000|0.0000000|0.0000000|0.0000000,0,1.0,14.63457441013247,0,0,0,0,0,
cross_town,Town02,mixed,15,145,7.25,193.68222045898438,160.58309936523438,0.22167758643627167,-89.92217254638672,0.003189063150012868,499.2999938704299,0.0006387027479528596,1.52587890625e-05,1.331580543606492e-07,8.194466703832409e-09,0.4379964780432925,0.31286996603012085,0.2711981534957886,0.633965253829956,0.0,0.19057081639766693,0.4674937427043915,0.9999916553497314,0.34444692730903625,3.0793814659118652,0.6255244016647339,1.0000000|0.0000000|0.0000000|0.0000000|0.0000000|0.0000000|0.0000000|0.0000000|0.0000000|0.0000000,0,1.0,14.62934901397571,0,0,0,0,0,
cross_town,Town02,mixed,15,146,7.3,193.68222045898438,160.58309936523438,0.22167758643627167,-89.92217254638672,0.003189063150012868,499.2999938704299,0.0006387027479528596,1.52587890625e-05,1.331580543606492e-07,1.034448686702993e-07,0.439685351811145,0.07687842845916748,0.3887239694595337,-0.2956553101539612,0.0,0.2705708146095276,0.38749372959136963,0.9831029176712036,0.800000011920929,0.7158929109573364,-1.4091700315475464,1.0000000|0.0000000|0.0000000|0.0000000|0.0000000|0.0000000|0.0000000|0.0000000|0.0000000|0.0000000,0,1.0,14.545171205774679,0,0,0,0,0,
cross_town,Town02,mixed,15,147,7.35,193.68222045898438,160.58309936523438,0.22167758643627167,-89.92217254638672,0.003189063150012868,499.2999938704299,0.0006387027479528596,1.52587890625e-05,1.331580543606492e-07,1.3737319470284717e-07,0.43799598928520506,0.26225924491882324,0.17291325330734253,0.6647822260856628,0.0,0.19057081639766693,0.4674937427043915,0.999996542930603,0.34444692730903625,3.2993922233581543,0.5839188098907471,1.0000000|0.0000000|0.0000000|0.0000000|0.0000000|0.0000000|0.0000000|0.0000000|0.0000000|0.0000000,0,1.0,14.532326449291736,0,0,0,0,0,
cross_town,Town02,mixed,15,148,7.4,193.68222045898438,160.58309936523438,0.22167758643627167,-89.92217254638672,0.003189063150012868,499.2999938704299,0.0006387027479528596,1.52587890625e-05,1.331580543606492e-07,1.716783299262468e-07,0.4396853518111453,0.07687842845916748,0.3887239694595337,-0.2956553101539612,0.0,0.2705708146095276,0.38749372959136963,0.9831029176712036,0.800000011920929,0.7158937454223633,-1.4091700315475464,1.0000000|0.0000000|0.0000000|0.0000000|0.0000000|0.0000000|0.0000000|0.0000000|0.0000000|0.0000000,0,1.0,14.442651441328975,0,0,0,0,0,
cross_town,Town02,mixed,15,149,7.45,193.68222045898438,160.58309936523438,0.22167758643627167,-89.92217254638672,0.003189063150012868,499.2999938704299,0.0006387027479528596,1.52587890625e-05,1.331580543606492e-07,3.4334002302924903e-07,0.4382853400332674,0.3578029274940491,0.3658522069454193,0.5870684385299683,0.0,0.35057082772254944,0.4674937427043915,0.9971030354499817,0.34444692730903625,1.6158479452133179,0.49961841106414795,1.0000000|0.0000000|0.0000000|0.0000000|0.0000000|0.0000000|0.0000000|0.0000000|0.0000000|0.0000000,0,1.0,14.426460923377531,0,0,0,0,0,
cross_town,Town02,mixed,15,150,7.5,193.68222045898438,160.58309936523438,0.22167758643627167,-89.92217254638672,0.003189063150012868,499.2999938704299,0.0006387027479528596,1.52587890625e-05,1.331580543606492e-07,5.493287591198228e-07,0.44531836625168186,0.3930903375148773,0.47297894954681396,0.3333180248737335,0.0,0.4305708408355713,0.38749372959136963,0.9267727732658386,0.34444692730903625,0.7900883555412292,0.8971173763275146,1.0000000|0.0000000|0.0000000|0.0000000|0.0000000|0.0000000|0.0000000|0.0000000|0.0000000|0.0000000,0,1.0,14.336719897141611,0,0,0,0,0,
cross_town,Town02,mixed,15,151,7.55,193.68222045898438,160.58309936523438,0.22167758643627167,-89.92217254638672,0.003189063150012868,499.2999938704299,0.0006387027479528596,1.52587890625e-05,1.331580543606492e-07,7.553199270108426e-07,0.438128240071033,0.2600824236869812,0.2663998603820801,0.5285981297492981,0.0,0.35057082772254944,0.4674937427043915,0.9986740350723267,0.34444692730903625,1.8116095066070557,0.5950123071670532,1.0000000|0.0000000|0.0000000|0.0000000|0.0000000|0.0000000|0.0000000|0.0000000|0.0000000|0.0000000,0,1.0,14.322077147651134,0,0,0,0,0,
cross_town,Town02,mixed,15,152,7.6,193.68222045898438,160.58309936523438,0.22167758643627167,-89.92217254638672,0.003189063150012868,499.2999938704299,0.0006387027479528596,1.52587890625e-05,1.331580543606492e-07,9.61314542171112e-07,0.45517620559761385,0.2956151068210602,0.3237031102180481,0.29695799946784973,0.0,0.3237031102180481,0.38749372959136963,0.8281943798065186,0.34444692730903625,0.5487741231918335,0.7738695740699768,1.0000000|0.0000000|0.0000000|0.0000000|0.0000000|0.0000000|0.0000000|0.0000000|0.0000000|0.0000000,0,1.0,14.236107706120253,0,0,0,0,0,
cross_town,Town02,mixed,15,153,7.65,193.68222045898438,160.58309936523438,0.22167758643627167,-89.92217254638672,0.003189063150012868,499.2999938704299,0.0006387027479528596,1.52587890625e-05,1.331580543606492e-07,1.0301924700100609e-07,0.43799870725700696,0.24363306164741516,0.12604403495788574,0.6215405464172363,0.0,0.24370311200618744,0.4674937427043915,0.9999693632125854,0.34444692730903625,2.7537190914154053,0.5998172760009766,1.0000000|0.0000000|0.0000000|0.0000000|0.0000000|0.0000000|0.0000000|0.0000000|0.0000000|0.0000000,0,1.0,14.225113247692768,0,0,0,0,0,
cross_town,Town02,mixed,15,154,7.7,193.68222045898438,160.58309936523438,0.22167758643627167,-89.92217254638672,0.003189063150012868,499.2999938704299,0.0006387027479528596,1.52587890625e-05,1.331580543606492e-07,3.0899493170360577e-07,0.43817733641693424,0.07384848594665527,0.24911215901374817,-0.3583829402923584,0.0,0.24911215901374817,0.38749372959136963,0.9981830716133118,0.800000011920929,1.2771992683410645,-1.3135440349578857,1.0000000|0.0000000|0.0000000|0.0000000|0.0000000|0.0000000|0.0000000|0.0000000|0.0000000|0.0000000,0,1.0,14.143198220319057,0,0,0,0,0,
cross_town,Town02,mixed,15,155,7.75,193.68222045898438,160.58309936523438,0.22167758643627167,-89.92217254638672,0.003189063150012868,499.2999938704299,0.0006387027479528596,1.52587890625e-05,1.331580543606492e-07,5.149881608366743e-07,0.43799576278755525,0.21656304597854614,0.17343339323997498,0.6397696733474731,0.0,0.1691121608018875,0.4674937427043915,0.9999988079071045,0.34444692730903625,3.5672805309295654,0.5167168974876404,1.0000000|0.0000000|0.0000000|0.0000000|0.0000000|0.0000000|0.0000000|0.0000000|0.0000000|0.0000000,0,1.0,14.134769129933359,0,0,0,0,0,
cross_town,Town02,mixed,15,156,7.8,193.68222045898438,160.58309936523438,0.22167758643627167,-89.92217254638672,0.003189063150012868,499.2999938704299,0.0006387027479528596,1.52587890625e-05,1.331580543606492e-07,6.866480010899e-07,0.4383651685340152,0.17243915796279907,0.503440797328949,0.30488190054893494,0.0,0.24911215901374817,0.38749372959136963,0.9963047504425049,0.34444692730903625,1.5548069477081299,0.7711912989616394,1.0000000|0.0000000|0.0000000|0.0000000|0.0000000|0.0000000|0.0000000|0.0000000|0.0000000|0.0000000,0,1.0,14.054663222679883,0,0,0,0,0,
cross_town,Town02,mixed,15,157,7.85,193.68222045898438,160.58309936523438,0.22167758643627167,-89.92217254638672,0.003189063150012868,499.2999938704299,0.0006387027479528596,1.52587890625e-05,1.331580543606492e-07,8.583084317947469e-07,0.43831663247177455,0.17559346556663513,0.1289210319519043,0.6129902601242065,0.0,0.1691121608018875,0.4674937427043915,0.9967901110649109,0.34444692730903625,1.5901291370391846,0.49603623151779175,1.0000000|0.0000000|0.0000000|0.0000000|0.0000000|0.0000000|0.0000000|0.0000000|0.0000000|0.0000000,0,1.0,14.04630416240484,0,0,0,0,0,
cross_town,Town02,mixed,15,158,7.9,193.68222045898438,160.58309936523438,0.22167758643627167,-89.92217254638672,0.003189063150012868,499.2999938704299,0.0006387027479528596,1.52587890625e-05,1.331580543606492e-07,1.029972907004002e-06,0.43851368542740204,0.1716504693031311,0.4986993670463562,0.34070977568626404,0.0,0.24911215901374817,0.38749372959136963,0.9948195815086365,0.34444692730903625,1.4699715375900269,0.7260234355926514,1.0000000|0.0000000|0.0000000|0.0000000|0.0000000|0.0000000|0.0000000|0.0000000|0.0000000|0.0000000,0,1.0,13.965552046035503,0,0,0,0,0,
cross_town,Town02,mixed,15,159,7.95,193.68222045898438,160.58309936523438,0.22167758643627167,-89.92217254638672,0.003189063150012868,499.2999938704299,0.0006387027479528596,1.52587890625e-05,1.331580543606492e-07,1.132965787801612e-06,0.43799570318291037,0.1954735815525055,0.09011426568031311,0.659942626953125,0.0,0.1691121608018875,0.4674937427043915,0.9999994039535522,0.34444692730903625,3.7240383625030518,0.44770193099975586,1.0000000|0.0000000|0.0000000|0.0000000|0.0000000|0.0000000|0.0000000|0.0000000|0.0000000|0.0000000,0,1.0,13.955441706760526,0,0,0,0,0,
cross_town,Town02,mixed,15,160,8.0,193.68222045898438,160.58309936523438,0.22167758643627167,-89.92217254638672,0.003189063150012868,499.2999938704299,0.0006387027479528596,1.52587890625e-05,1.331580543606492e-07,1.3389597082865567e-06,0.4411701452357516,0.07814979553222656,0.48848801851272583,-0.2640528976917267,0.0,0.24911215901374817,0.38749372959136963,0.9682549834251404,0.800000011920929,0.554439902305603,-1.4333055019378662,1.0000000|0.0000000|0.0000000|0.0000000|0.0000000|0.0000000|0.0000000|0.0000000|0.0000000|0.0000000,0,1.0,13.873011672618562,0,0,0,0,0,
cross_town,Town02,mixed,15,161,8.05,193.68222045898438,160.58309936523438,0.22167758643627167,-89.92217254638672,0.003189063150012868,499.2999938704299,0.0006387027479528596,1.52587890625e-05,1.331580543606492e-07,6.867797838418163e-08,0.43799571510383944,0.40969017148017883,0.48919618129730225,0.6565124988555908,0.0,0.32911217212677,0.4674937427043915,0.9999992847442627,0.34444692730903625,3.707078218460083,0.5214306712150574,1.0000000|0.0000000|0.0000000|0.0000000|0.0000000|0.0000000|0.0000000|0.0000000|0.0000000|0.0000000,0,1.0,13.860935823431898,0,0,0,0,0,
cross_town,Town02,mixed,15,162,8.1,193.68222045898438,160.58309936523438,0.22167758643627167,-89.92217254638672,0.003189063150012868,499.2999938704299,0.0006387027479528596,1.52587890625e-05,1.331580543606492e-07,2.7466648897402667e-07,0.44160684462616306,0.45309919118881226,0.575718879699707,0.3585977852344513,0.0,0.40911218523979187,0.38749372959136963,0.9638879895210266,0.34444692730903625,0.9766405820846558,0.9754173755645752,1.0000000|0.0000000|0.0000000|0.0000000|0.0000000|0.0000000|0.0000000|0.0000000|0.0000000|0.0000000,0,1.0,13.777400883966333,0,0,0,0,0,
cross_town,Town02,mixed,15,163,8.15,193.68222045898438,160.58309936523438,0.22167758643627167,-89.92217254638672,0.003189063150012868,499.2999938704299,0.0006387027479528596,1.52587890625e-05,1.331580543606492e-07,4.463204265422912e-07,0.43814865466186853,0.18736928701400757,0.1535404920578003,0.4858803153038025,0.0,0.32911217212677,0.4674937427043915,0.998469889163971,0.34444692730903625,1.7757844924926758,0.46811503171920776,1.0000000|0.0000000|0.0000000|0.0000000|0.0000000|0.0000000|0.0000000|0.0000000|0.0000000|0.0000000,0,1.0,13.764364469108873,0,0,0,0,0,
cross_town,Town02,mixed,15,164,8.2,193.68222045898438,160.58309936523438,0.22167758643627167,-89.92217254638672,0.003189063150012868,499.2999938704299,0.0006387027479528596,1.52587890625e-05,1.331580543606492e-07,6.179852326167459e-07,0.4408588957411991,0.06553876399993896,0.15734714269638062,-0.33269378542900085,0.0,0.24911217391490936,0.38749372959136963,0.9713674783706665,0.800000011920929,0.5810403823852539,-1.093510627746582,1.0000000|0.0000000|0.0000000|0.0000000|0.0000000|0.0000000|0.0000000|0.0000000|0.0000000|0.0000000,0,1.0,13.681007252961928,0,0,0,0,0,
cross_town,Town02,mixed,15,165,8.25,193.68222045898438,160.58309936523438,0.22167758643627167,-89.92217254638672,0.003189063150012868,499.2999938704299,0.0006387027479528596,1.52587890625e-05,1.331580543606492e-07,7.89651777344789e-07,0.43802713867256504,0.09747922420501709,0.15557527542114258,-0.23418459296226501,0.0,0.1691121757030487,0.3074937164783478,0.9996850490570068,0.800000011920929,1.7157074213027954,-1.8579177856445312,1.0000000|0.0000000|0.0000000|0.0000000|0.0000000|0.0000000|0.0000000|0.0000000|0.0000000|0.0000000,0,1.0,13.66816883642755,0,0,0,0,0,
cross_town,Town02,mixed,15,166,8.3,193.68222045898438,160.58309936523438,0.22167758643627167,-89.92217254638672,0.003189063150012868,499.2999938704299,0.0006387027479528596,1.52587890625e-05,1.331580543606492e-07,8.583068986021451e-07,0.44217302008697856,0.08367478847503662,0.23129114508628845,-0.10132034868001938,0.0,0.23129114508628845,0.22749371826648712,0.9582262635231018,0.800000011920929,0.48320427536964417,-1.4424628019332886,1.0000000|0.0000000|0.0000000|0.0000000|0.0000000|0.0000000|0.0000000|0.0000000|0.0000000|0.0000000,0,1.0,13.585910194157115,0,0,0,0,0,
cross_town,Town02,mixed,15,167,8.35,193.68222045898438,160.58309936523438,0.22167758643627167,-89.92217254638672,0.003189063150012868,499.2999938704299,0.0006387027479528596,1.52587890625e-05,1.331580543606492e-07,1.0643012129991256e-06,0.4381976406199682,0.15888720750808716,0.17774859070777893,0.49574708938598633,0.0,0.17774859070777893,0.3074937164783478,0.9979800581932068,0.34444692730903625,1.7062174081802368,0.24034756422042847,1.0000000|0.0000000|0.0000000|0.0000000|0.0000000|0.0000000|0.0000000|0.0000000|0.0000000|0.0000000,0,1.0,13.573790732216583,0,0,0,0,0,
cross_town,Town02,mixed,15,168,8.4,193.68222045898438,160.58309936523438,0.22167758643627167,-89.92217254638672,0.003189063150012868,499.2999938704299,0.0006387027479528596,1.52587890625e-05,1.331580543606492e-07,1.2702955146572323e-06,0.43799614425728184,0.13442760705947876,0.08383429050445557,0.6532062888145447,0.0,0.09774859249591827,0.38749372959136963,0.9999949932098389,0.34444692730903625,3.20562744140625,0.32598334550857544,1.0000000|0.0000000|0.0000000|0.0000000|0.0000000|0.0000000|0.0000000|0.0000000|0.0000000|0.0000000,0,1.0,13.492720894172228,0,0,0,0,0,
cross_town,Town02,mixed,15,169,8.45,193.68222045898438,160.58309936523438,0.22167758643627167,-89.92217254638672,0.003189063150012868,499.2999938704299,0.0006387027479528596,1.52587890625e-05,1.331580543606492e-07,1.4762898449026866e-06,0.44020316120216707,0.06436455249786377,0.5188581943511963,-0.13660570979118347,0.0,0.17774859070777893,0.3074937164783478,0.9779248237609863,0.800000011920929,0.6477455496788025,-1.6105021238327026,1.0000000|0.0000000|0.0000000|0.0000000|0.0000000|0.0000000|0.0000000|0.0000000|0.0000000|0.0000000,0,1.0,13.4810774834672,0,0,0,0,0,
cross_town,Town02,mixed,15,170,8.5,193.68222045898438,160.58309936523438,0.22167758643627167,-89.92217254638672,0.003189063150012868,499.2999938704299,0.0006387027479528596,1.52587890625e-05,1.331580543606492e-07,1.7167125029432583e-07,0.4410958091838109,0.08675605058670044,0.2155269980430603,-0.09316855669021606,0.0,0.2155269980430603,0.22749371826648712,0.968998372554779,0.800000011920929,0.5605559349060059,-1.432433843612671,1.0000000|0.0000000|0.0000000|0.0000000|0.0000000|0.0000000|0.0000000|0.0000000|0.0000000|0.0000000,0,1.0,13.400677393578023,0,0,0,0,0,
cross_town,Town02,mixed,15,171,8.55,193.68222045898438,160.58309936523438,0.22167758643627167,-89.92217254638672,0.003189063150012868,499.2999938704299,0.0006387027479528596,1.52587890625e-05,1.331580543606492e-07,3.7766297023944804e-07,0.4379989723784673,0.15470996499061584,0.08051380515098572,0.5308927297592163,0.0,0.13552699983119965,0.3074937164783478,0.9999667406082153,0.34444692730903625,2.732943296432495,0.04811972379684448,1.0000000|0.0000000|0.0000000|0.0000000|0.0000000|0.0000000|0.0000000|0.0000000|0.0000000|0.0000000,0,1.0,13.388924715002382,0,0,0,0,0,
cross_town,Town02,mixed,15,172,8.6,193.68222045898438,160.58309936523438,0.22167758643627167,-89.92217254638672,0.003189063150012868,499.2999938704299,0.0006387027479528596,1.52587890625e-05,1.331580543606492e-07,5.493164840454645e-07,0.4379956674201236,0.1900472640991211,0.21561437845230103,0.695456862449646,0.0,0.2155269980430603,0.38749372959136963,0.9999997615814209,0.34444692730903625,4.009765148162842,0.07993412017822266,1.0000000|0.0000000|0.0000000|0.0000000|0.0000000|0.0000000|0.0000000|0.0000000|0.0000000|0.0000000,0,1.0,13.308605314147698,0,0,0,0,0,
cross_town,Town02,mixed,15,173,8.65,193.68222045898438,160.58309936523438,0.22167758643627167,-89.92217254638672,0.003189063150012868,499.2999938704299,0.0006387027479528596,1.52587890625e-05,1.331580543606492e-07,6.523189717544978e-07,0.43799567934105255,0.29491013288497925,0.3560180068016052,0.6171060800552368,0.0,0.29552701115608215,0.4674937427043915,0.9999996423721313,0.34444692730903625,3.898214340209961,0.33042198419570923,1.0000000|0.0000000|0.0000000|0.0000000|0.0000000|0.0000000|0.0000000|0.0000000|0.0000000|0.0000000,0,1.0,13.296307664022883,0,0,0,0,0,
cross_town,Town02,mixed,15,174,8.7,193.68222045898438,160.58309936523438,0.22167758643627167,-89.92217254638672,0.003189063150012868,499.2999938704299,0.0006387027479528596,1.52587890625e-05,1.331580543606492e-07,7.553152816249977e-07,0.44047467824051234,0.21562084555625916,0.2874003052711487,0.3073919713497162,0.0,0.2874003052711487,0.38749372959136963,0.975209653377533,0.34444692730903625,1.073602557182312,0.8234182000160217,1.0000000|0.0000000|0.0000000|0.0000000|0.0000000|0.0000000|0.0000000|0.0000000|0.0000000|0.0000000,0,1.0,13.215817552791659,0,0,0,0,0,
cross_town,Town02,mixed,15,175,8.75,193.68222045898438,160.58309936523438,0.22167758643627167,-89.92217254638672,0.003189063150012868,499.2999938704299,0.0006387027479528596,1.52587890625e-05,1.331580543606492e-07,9.61303755320084e-07,0.43821439262459133,0.09304970502853394,0.13635948300361633,-0.22786171734333038,0.0,0.20740030705928802,0.3074937164783478,0.9978125095367432,0.800000011920929,1.2307016849517822,-1.8998048305511475,1.0000000|0.0000000|0.0000000|0.0000000|0.0000000|0.0000000|0.0000000|0.0000000|0.0000000|0.0000000,0,1.0,13.202913444667988,0,0,0,0,0,
cross_town,Town02,mixed,15,176,8.8,193.68222045898438,160.58309936523438,0.22167758643627167,-89.92217254638672,0.003189063150012868,499.2999938704299,0.0006387027479528596,1.52587890625e-05,1.331580543606492e-07,1.1329765357115395e-06,0.4380053352935061,0.17054933309555054,0.07754319906234741,0.657869815826416,0.0,0.12740030884742737,0.38749372959136963,0.9999030828475952,0.34444692730903625,2.4658780097961426,0.3621408939361572,1.0000000|0.0000000|0.0000000|0.0000000|0.0000000|0.0000000|0.0000000|0.0000000|0.0000000|0.0000000,0,1.0,13.122382014492587,0,0,0,0,0,
cross_town,Town02,mixed,15,177,8.85,193.68222045898438,160.58309936523438,0.22167758643627167,-89.92217254638672,0.003189063150012868,499.2999938704299,0.0006387027479528596,1.52587890625e-05,1.331580543606492e-07,1.3046348437303163e-06,0.4394860279185518,0.16622179746627808,0.31922319531440735,0.6748984456062317,0.0,0.20740030705928802,0.4674937427043915,0.9850961565971375,0.34444692730903625,1.2033334970474243,0.09991085529327393,1.0000000|0.0000000|0.0000000|0.0000000|0.0000000|0.0000000|0.0000000|0.0000000|0.0000000|0.0000000,0,1.0,13.109107655504378,0,0,0,0,0,
cross_town,Town02,mixed,15,178,8.9,193.68222045898438,160.58309936523438,0.22167758643627167,-89.92217254638672,0.003189063150012868,499.2999938704299,0.0006387027479528596,1.52587890625e-05,1.331580543606492e-07,4.081423818863925e-09,0.44161535020897225,0.2832964062690735,0.5180224180221558,0.3345925807952881,0.0,0.2874003052711487,0.38749372959136963,0.9638029336929321,0.34444692730903625,0.9760302305221558,0.9211120009422302,1.0000000|0.0000000|0.0000000|0.0000000|0.0000000|0.0000000|0.0000000|0.0000000|0.0000000|0.0000000,0,1.0,13.028833129914148,0,0,0,0,0,
cross_town,Town02,mixed,15,179,8.95,193.68222045898438,160.58309936523438,0.22167758643627167,-89.92217254638672,0.003189063150012868,499.2999938704299,0.0006387027479528596,1.52587890625e-05,1.331580543606492e-07,1.0311799165330605e-07,0.4380807351691467,0.22576266527175903,0.07747611403465271,0.6271904706954956,0.0,0.20740030705928802,0.4674937427043915,0.9991490840911865,0.34444692730903625,1.9226415157318115,0.29324352741241455,1.0000000|0.0000000|0.0000000|0.0000000|0.0000000|0.0000000|0.0000000|0.0000000|0.0000000|0.0000000,0,1.0,13.015464115976625,0,0,0,0,0,
cross_town,Town02,mixed,15,180,9.0,193.68222045898438,160.58309936523438,0.22167758643627167,-89.92217254638672,0.003189063150012868,499.2999938704299,0.0006387027479528596,1.52587890625e-05,1.331580543606492e-07,3.0900067703180386e-07,0.438747019730304,0.0768774151802063,0.31032460927963257,-0.3161263167858124,0.0,0.2874003052711487,0.38749372959136963,0.9924862384796143,0.800000011920929,0.9208683967590332,-1.3796025514602661,1.0000000|0.0000000|0.0000000|0.0000000|0.0000000|0.0000000|0.0000000|0.0000000|0.0000000|0.0000000,0,1.0,12.935678603726375,0,0,0,0,0,
cross_town,Town02,mixed,15,181,9.05,193.68222045898438,160.58309936523438,0.22167758643627167,-89.92217254638672,0.003189063150012868,499.2999938704299,0.0006387027479528596,1.52587890625e-05,1.331580543606492e-07,4.806519723210498e-07,0.437995786629413,0.26027315855026245,0.11932748556137085,0.6696953773498535,0.0,0.20740030705928802,0.4674937427043915,0.9999985694885254,0.34444692730903625,3.5179855823516846,0.4689490795135498,1.0000000|0.0000000|0.0000000|0.0000000|0.0000000|0.0000000|0.0000000|0.0000000|0.0000000|0.0000000,0,1.0,12.922343785846914,0,0,0,0,0,
cross_town,Town02,mixed,15,182,9.1,193.68222045898438,160.58309936523438,0.22167758643627167,-89.92217254638672,0.003189063150012868,499.2999938704299,0.0006387027479528596,1.52587890625e-05,1.331580543606492e-07,6.523164742760876e-07,0.44287985082695347,0.12607070803642273,0.27224430441856384,0.27144166827201843,0.0,0.27224430441856384,0.38749372959136963,0.9511579275131226,0.34444692730903625,0.8978253602981567,0.6326414942741394,1.0000000|0.0000000|0.0000000|0.0000000|0.0000000|0.0000000|0.0000000|0.0000000|0.0000000|0.0000000,0,1.0,12.843067579312942,0,0,0,0,0,
cross_town,Town02,mixed,15,183,9.15,193.68222045898438,160.58309936523438,0.22167758643627167,-89.92217254638672,0.003189063150012868,499.2999938704299,0.0006387027479528596,1.52587890625e-05,1.331580543606492e-07,7.209832539376088e-07,0.43800187822410913,0.4035477340221405,0.40398669242858887,0.6046275496482849,0.0,0.3522443175315857,0.4674937427043915,0.9999376535415649,0.34444692730903625,2.5761289596557617,0.5585325956344604,1.0000000|0.0000000|0.0000000|0.0000000|0.0000000|0.0000000|0.0000000|0.0000000|0.0000000|0.0000000,0,1.0,12.829717188794223,0,0,0,0,0,
cross_town,Town02,mixed,15,184,9.2,193.68222045898438,160.58309936523438,0.22167758643627167,-89.92217254638672,0.003189063150012868,499.2999938704299,0.0006387027479528596,1.52587890625e-05,1.331580543606492e-07,9.269715989585856e-07,0.4422387969119295,0.06476297974586487,0.13223367929458618,-0.30729445815086365,0.0,0.27224430441856384,0.38749372959136963,0.9575684666633606,0.800000011920929,0.47912606596946716,-1.1221656799316406,1.0000000|0.0000000|0.0000000|0.0000000|0.0000000|0.0000000|0.0000000|0.0000000|0.0000000|0.0000000,0,1.0,12.750835484065545,0,0,0,0,0,
cross_town,Town02,mixed,15,185,9.25,193.68222045898438,160.58309936523438,0.22167758643627167,-89.92217254638672,0.003189063150012868,499.2999938704299,0.0006387027479528596,1.52587890625e-05,1.331580543606492e-07,1.1329668936113846e-06,0.43809028979370457,0.09543082118034363,0.14190447330474854,-0.22833076119422913,0.0,0.19224430620670319,0.3074937164783478,0.9990535378456116,0.800000011920929,1.4404504299163818,-1.887077808380127,1.0000000|0.0000000|0.0000000|0.0000000|0.0000000|0.0000000|0.0000000|0.0000000|0.0000000|0.0000000,0,1.0,12.737331744395087,0,0,0,0,0,
cross_town,Town02,mixed,15,186,9.3,193.68222045898438,160.58309936523438,0.22167758643627167,-89.92217254638672,0.003189063150012868,499.2999938704299,0.0006387027479528596,1.52587890625e-05,1.331580543606492e-07,0.0,0.43800085302421904,0.18172577023506165,0.09525132179260254,0.6652295589447021,0.0,0.11224430799484253,0.38749372959136963,0.9999479055404663,0.34444692730903625,2.621331214904785,0.31589359045028687,1.0000000|0.0000000|0.0000000|0.0000000|0.0000000|0.0000000|0.0000000|0.0000000|0.0000000|0.0000000,0,1.0,12.65869959723706,0,0,0,0,0,
cross_town,Town02,mixed,15,187,9.35,193.68222045898438,160.58309936523438,0.22167758643627167,-89.92217254638672,0.003189063150012868,499.2999938704299,0.0006387027479528596,1.52587890625e-05,1.331580543606492e-07,2.0600388542417015e-07,0.4379964184386477,0.1652488112449646,0.3502400517463684,0.6027488708496094,0.0,0.19224430620670319,0.4674937427043915,0.9999922513961792,0.34444692730903625,3.0961861610412598,0.26636749505996704,1.0000000|0.0000000|0.0000000|0.0000000|0.0000000|0.0000000|0.0000000|0.0000000|0.0000000|0.0000000,0,1.0,12.644937001074021,0,0,0,0,0,
cross_town,Town02,mixed,15,188,9.4,193.68222045898438,160.58309936523438,0.22167758643627167,-89.92217254638672,0.003189063150012868,499.2999938704299,0.0006387027479528596,1.52587890625e-05,1.331580543606492e-07,4.1199568874878497e-07,0.44092713857592336,0.1587643027305603,0.47146984934806824,0.40218934416770935,0.0,0.27224430441856384,0.40218934416770935,0.9963091015815735,0.34444692730903625,1.5551044940948486,0.7163529992103577,1.0000000|0.0000000|0.0000000|0.0000000|0.0000000|0.0000000|0.0000000|0.0000000|0.0000000|0.0000000,0,1.0,12.566500404854228,0,0,0,0,0,
cross_town,Town02,mixed,15,189,9.45,193.68222045898438,160.58309936523438,0.22167758643627167,-89.92217254638672,0.003189063150012868,499.2999938704299,0.0006387027479528596,1.52587890625e-05,1.331580543606492e-07,5.149886042412684e-07,0.4381390344722018,0.09315773844718933,0.15199542045593262,-0.27076148986816406,0.0,0.19224430620670319,0.3221893310546875,0.9985660910606384,0.800000011920929,1.3364839553833008,-1.8542122840881348,1.0000000|0.0000000|0.0000000|0.0000000|0.0000000|0.0000000|0.0000000|0.0000000|0.0000000|0.0000000,0,1.0,12.552469341801325,0,0,0,0,0,
cross_town,Town02,mixed,15,190,9.5,193.68222045898438,160.58309936523438,0.22167758643627167,-89.92217254638672,0.003189063150012868,499.2999938704299,0.0006387027479528596,1.52587890625e-05,1.331580543606492e-07,6.866473884437696e-07,0.4391346137149083,0.09278228878974915,0.1950421929359436,-0.113022580742836,0.0,0.1950421929359436,0.24218933284282684,0.9886103272438049,0.800000011920929,0.8158994913101196,-1.480229139328003,1.0000000|0.0000000|0.0000000|0.0000000|0.0000000|0.0000000|0.0000000|0.0000000|0.0000000|0.0000000,0,1.0,12.475008955705286,0,0,0,0,0,
cross_town,Town02,mixed,15,191,9.55,193.68222045898438,160.58309936523438,0.22167758643627167,-89.92217254638672,0.003189063150012868,499.2999938704299,0.0006387027479528596,1.52587890625e-05,1.331580543606492e-07,8.583109739599855e-07,0.4594596724135625,0.09633666276931763,0.05751156806945801,0.5099542737007141,0.0,0.11504219472408295,0.3221893310546875,0.7853597402572632,0.34444692730903625,0.47984766960144043,0.423088014125824,1.0000000|0.0000000|0.0000000|0.0000000|0.0000000|0.0000000|0.0000000|0.0000000|0.0000000|0.0000000,0,1.0,12.460295332841186,0,0,0,0,0,
cross_town,Town02,mixed,15,192,9.6,193.68222045898438,160.58309936523438,0.22167758643627167,-89.92217254638672,0.003189063150012868,499.2999938704299,0.0006387027479528596,1.52587890625e-05,1.331580543606492e-07,1.0643026907082802e-06,0.45092990203926436,0.07341265678405762,0.37360358238220215,-0.13354897499084473,0.0,0.1950421929359436,0.24218933284282684,0.8706574440002441,0.800000011920929,0.17669615149497986,-1.5920273065567017,1.0000000|0.0000000|0.0000000|0.0000000|0.0000000|0.0000000|0.0000000|0.0000000|0.0000000|0.0000000,0,1.0,12.382339377679733,0,0,0,0,0,
cross_town,Town02,mixed,15,193,9.65,193.68222045898438,160.58309936523438,0.22167758643627167,-89.92217254638672,0.003189063150012868,499.2999938704299,0.0006387027479528596,1.52587890625e-05,1.331580543606492e-07,1.2702955590488501e-06,0.43899354740211843,0.0978982150554657,0.05827060341835022,0.573708176612854,0.0,0.11504219472408295,0.3221893310546875,0.9900209903717041,0.34444692730903625,1.3048627376556396,0.3793584108352661,1.0000000|0.0000000|0.0000000|0.0000000|0.0000000|0.0000000|0.0000000|0.0000000|0.0000000|0.0000000,0,1.0,12.367938554176348,0,0,0,0,0,
cross_town,Town02,mixed,15,194,9.7,193.68222045898438,160.58309936523438,0.22167758643627167,-89.92217254638672,0.003189063150012868,499.2999938704299,0.0006387027479528596,1.52587890625e-05,1.331580543606492e-07,1.4762893742819088e-06,0.4379956435782657,0.14851349592208862,0.24459925293922424,0.6929726600646973,0.0,0.1950421929359436,0.40218934416770935,1.0,0.34444692730903625,4.405702590942383,0.016392111778259277,1.0000000|0.0000000|0.0000000|0.0000000|0.0000000|0.0000000|0.0000000|0.0000000|0.0000000|0.0000000,0,1.0,12.290369650360962,0,0,0,0,0,
cross_town,Town02,mixed,15,195,9.75,193.68222045898438,160.58309936523438,0.22167758643627167,-89.92217254638672,0.003189063150012868,499.2999938704299,0.0006387027479528596,1.52587890625e-05,1.331580543606492e-07,1.3734005046751142e-07,0.4384376537425266,0.07806551456451416,0.2567557990550995,-0.23037943243980408,0.0,0.2567557990550995,0.3221893310546875,0.9955798983573914,0.800000011920929,1.054288625717163,-1.747506022453308,1.0000000|0.0000000|0.0000000|0.0000000|0.0000000|0.0000000|0.0000000|0.0000000|0.0000000|0.0000000,0,1.0,12.275862781227982,0,0,0,0,0,
cross_town,Town02,mixed,15,196,9.8,193.68222045898438,160.58309936523438,0.22167758643627167,-89.92217254638672,0.003189063150012868,499.2999938704299,0.0006387027479528596,1.52587890625e-05,1.331580543606492e-07,2.746702387458301e-07,0.4379961323363529,0.20029094815254211,0.06304994225502014,0.6435263156890869,0.0,0.17675580084323883,0.40218934416770935,0.9999951124191284,0.34444692730903625,3.2105984687805176,0.3428041338920593,1.0000000|0.0000000|0.0000000|0.0000000|0.0000000|0.0000000|0.0000000|0.0000000|0.0000000|0.0000000,0,1.0,12.198650738776628,0,0,0,0,0,
cross_town,Town02,mixed,15,197,9.85,193.68222045898438,160.58309936523438,0.22167758643627167,-89.92217254638672,0.003189063150012868,499.2999938704299,0.0006387027479528596,1.52587890625e-05,1.331580543606492e-07,3.776771357399589e-07,0.4380043935401187,0.22940868139266968,0.3206450939178467,0.6017362475395203,0.0,0.2567557990550995,0.4821893572807312,0.9999125003814697,0.34444692730903625,2.491691827774048,0.5435076355934143,1.0000000|0.0000000|0.0000000|0.0000000|0.0000000|0.0000000|0.0000000|0.0000000|0.0000000|0.0000000,0,1.0,12.184017517613974,0,0,0,0,0,
cross_town,Town02,mixed,15,198,9.9,193.68222045898438,160.58309936523438,0.22167758643627167,-89.92217254638672,0.003189063150012868,499.2999938704299,0.0006387027479528596,1.52587890625e-05,1.331580543606492e-07,5.836588905615864e-07,0.4401070069892153,0.22165781259536743,0.415217787027359,0.22602340579032898,0.0,0.33675581216812134,0.40218934416770935,0.9788863658905029,0.34444692730903625,1.1146774291992188,0.8563277721405029,1.0000000|0.0000000|0.0000000|0.0000000|0.0000000|0.0000000|0.0000000|0.0000000|0.0000000|0.0000000,0,1.0,12.107897206529584,0,0,0,0,0,
cross_town,Town02,mixed,15,199,9.95,193.68222045898438,160.58309936523438,0.22167758643627167,-89.92217254638672,0.003189063150012868,499.2999938704299,0.0006387027479528596,1.52587890625e-05,1.331580543606492e-07,7.209801506145499e-07,0.4386331390959964,0.2812960743904114,0.24946951866149902,0.5662633180618286,0.0,0.2567557990550995,0.4821893572807312,0.9936250448226929,0.34444692730903625,1.4177993535995483,0.703033447265625,1.0000000|0.0000000|0.0000000|0.0000000|0.0000000|0.0000000|0.0000000|0.0000000|0.0000000|0.0000000,0,1.0,12.093374873786884,0,0,0,0,0,
cross_town,Town02,mixed,15,200,10.0,193.68222045898438,160.58309936523438,0.22167758643627167,-89.92217254638672,0.003189063150012868,499.2999938704299,0.0006387027479528596,1.52587890625e-05,1.331580543606492e-07,7.553352993629057e-07,0.44753267880508757,0.19041743874549866,0.33638662099838257,0.26002994179725647,0.0,0.33638662099838257,0.40218934416770935,0.904629647731781,0.34444692730903625,0.7179924249649048,0.7383493781089783,1.0000000|0.0000000|0.0000000|0.0000000|0.0000000|0.0000000|0.0000000|0.0000000|0.0000000|0.0000000,0,1.0,12.017054185418441,0,0,0,0,0,
cross_town,Town02,mixed,15,201,10.05,193.68222045898438,160.58309936523438,0.22167758643627167,-89.92217254638672,0.003189063150012868,499.2999938704299,0.0006387027479528596,1.52587890625e-05,1.331580543606492e-07,8.926646739136738e-07,0.4399386059863314,0.18365919589996338,0.10876941680908203,0.5455137491226196,0.0,0.2563866078853607,0.4821893572807312,0.980570375919342,0.34444692730903625,1.1358873844146729,0.6901203989982605,1.0000000|0.0000000|0.0000000|0.0000000|0.0000000|0.0000000|0.0000000|0.0000000|0.0000000|0.0000000,0,1.0,12.001602332710771,0,0,0,0,0,
cross_town,Town02,mixed,15,202,10.1,193.68222045898438,160.58309936523438,0.22167758643627167,-89.92217254638672,0.003189063150012868,499.2999938704299,0.0006387027479528596,1.52587890625e-05,1.331580543606492e-07,9.26974439397274e-07,0.4381197762114748,0.34705108404159546,0.6157338619232178,0.31731271743774414,0.0,0.33638662099838257,0.40218934416770935,0.9987586736679077,0.34444692730903625,1.8281301259994507,0.961510956287384,1.0000000|0.0000000|0.0000000|0.0000000|0.0000000|0.0000000|0.0000000|0.0000000|0.0000000|0.0000000,0,1.0,11.925286205695102,0,0,0,0,0,
cross_town,Town02,mixed,15,203,10.15,193.68222045898438,160.58309936523438,0.22167758643627167,-89.92217254638672,0.003189063150012868,499.2999938704299,0.0006387027479528596,1.52587890625e-05,1.331580543606492e-07,3.435534370087887e-08,0.4380007218940006,0.2190362811088562,0.1187123954296112,0.5690479278564453,0.0,0.2563866078853607,0.4821893572807312,0.9999492168426514,0.34444692730903625,2.627828359603882,0.5801900029182434,1.0000000|0.0000000|0.0000000|0.0000000|0.0000000|0.0000000|0.0000000|0.0000000|0.0000000|0.0000000,0,1.0,11.910167896844055,0,0,0,0,0,
cross_town,Town02,mixed,15,204,10.2,193.68222045898438,160.58309936523438,0.22167758643627167,-89.92217254638672,0.003189063150012868,499.2999938704299,0.0006387027479528596,1.52587890625e-05,1.331580543606492e-07,6.902785287155854e-08,0.443264217339252,0.21257776021957397,0.3993033766746521,0.27507102489471436,0.0,0.33638662099838257,0.40218934416770935,0.9473142623901367,0.34444692730903625,0.8778747320175171,0.7189286351203918,1.0000000|0.0000000|0.0000000|0.0000000|0.0000000|0.0000000|0.0000000|0.0000000|0.0000000|0.0000000,0,1.0,11.839801598916827,0,0,0,0,0,
cross_town,Town02,mixed,15,205,10.25,193.68222045898438,160.58309936523438,0.22167758643627167,-89.92217254638672,0.003189063150012868,499.2999938704299,0.0006387027479528596,1.52587890625e-05,1.331580543606492e-07,2.7475676664016884e-07,0.4431286763770326,0.08219587802886963,0.12209826707839966,-0.21035222709178925,0.0,0.2563866078853607,0.3221893310546875,0.9486696720123291,0.800000011920929,0.42919477820396423,-1.8123810291290283,1.0000000|0.0000000|0.0000000|0.0000000|0.0000000|0.0000000|0.0000000|0.0000000|0.0000000|0.0000000,0,1.0,11.849995767398458,0,0,0,0,0,
cross_town,Town02,mixed,15,206,10.3,193.68222045898438,160.58309936523438,0.22167758643627167,-89.92217254638672,0.003189063150012868,499.2999938704299,0.0006387027479528596,1.52587890625e-05,1.331580543606492e-07,3.433288811203245e-07,0.4379956554991945,0.28898507356643677,0.15782517194747925,0.6461958885192871,0.0,0.17638660967350006,0.40218934416770935,0.9999998807907104,0.34444692730903625,4.1286211013793945,0.33235085010528564,1.0000000|0.0000000|0.0000000|0.0000000|0.0000000|0.0000000|0.0000000|0.0000000|0.0000000|0.0000000,0,1.0,11.771231626262981,0,0,0,0,0,
cross_town,Town02,mixed,15,207,10.35,193.68222045898438,160.58309936523438,0.22167758643627167,-89.92217254638672,0.003189063150012868,499.2999938704299,0.0006387027479528596,1.52587890625e-05,1.331580543606492e-07,4.463274879049168e-07,0.43890251632759425,0.07255223393440247,0.31923872232437134,-0.21579089760780334,0.0,0.2563866078853607,0.3221893310546875,0.9909312725067139,0.800000011920929,0.8734543919563293,-1.7042689323425293,1.0000000|0.0000000|0.0000000|0.0000000|0.0000000|0.0000000|0.0000000|0.0000000|0.0000000|0.0000000,0,1.0,11.624263498700708,0,0,0,0,0,
cross_town,Town02,mixed,15,208,10.4,193.68222045898438,160.58309936523438,0.22167758643627167,-89.92217254638672,0.003189063150012868,499.2999938704299,0.0006387027479528596,1.52587890625e-05,1.331580543606492e-07,6.179966079124855e-07,0.43809028979370457,0.1509750485420227,0.05146107077598572,0.633018970489502,0.0,0.17638660967350006,0.40218934416770935,0.9990535378456116,0.34444692730903625,1.8960096836090088,0.39574146270751953,1.0000000|0.0000000|0.0000000|0.0000000|0.0000000|0.0000000|0.0000000|0.0000000|0.0000000|0.0000000,0,1.0,11.485652321206848,0,0,0,0,0,
cross_town,Town02,mixed,15,209,10.45,193.68222045898438,160.58309936523438,0.22167758643627167,-89.92217254638672,0.003189063150012868,499.2999938704299,0.0006387027479528596,1.52587890625e-05,1.331580543606492e-07,7.896624663282579e-07,0.4379984330756412,0.22651666402816772,0.32697391510009766,0.5908836722373962,0.0,0.2563866078853607,0.4821893572807312,0.9999721050262451,0.34444692730903625,2.777634382247925,0.4996044635772705,1.0000000|0.0000000|0.0000000|0.0000000|0.0000000|0.0000000|0.0000000|0.0000000|0.0000000|0.0000000,0,1.0,11.498482849587665,0,0,0,0,0,
cross_town,Town02,mixed,15,210,10.5,193.68222045898438,160.58309936523438,0.22167758643627167,-89.92217254638672,0.003189063150012868,499.2999938704299,0.0006387027479528596,1.52587890625e-05,1.331580543606492e-07,8.583213108049302e-07,0.4380328607184634,0.2673853635787964,0.544675350189209,0.3156706988811493,0.0,0.33638662099838257,0.40218934416770935,0.9996278285980225,0.34444692730903625,2.12949800491333,0.8984826803207397,1.0000000|0.0000000|0.0000000|0.0000000|0.0000000|0.0000000|0.0000000|0.0000000|0.0000000|0.0000000,0,1.0,11.489703043303596,0,0,0,0,0,
cross_town,Town02,mixed,15,211,10.55,193.68222045898438,160.58309936523438,0.22167758643627167,-89.92217254638672,0.003189063150012868,499.2999938704299,0.0006387027479528596,1.52587890625e-05,1.331580543606492e-07,9.95636477715044e-07,0.44213474508354517,0.24475017189979553,0.22767871618270874,0.5379536747932434,0.0,0.2563866078853607,0.4821893572807312,0.9586089849472046,0.34444692730903625,0.9411578178405762,0.7162526845932007,1.0000000|0.0000000|0.0000000|0.0000000|0.0000000|0.0000000|0.0000000|0.0000000|0.0000000|0.0000000,0,1.0,11.214680174428114,0,0,0,0,0,
cross_town,Town02,mixed,15,212,10.6,193.68222045898438,160.58309936523438,0.22167758643627167,-89.92217254638672,0.003189063150012868,499.2999938704299,0.0006387027479528596,1.52587890625e-05,1.331580543606492e-07,1.716716439535655e-07,0.45296517129967073,0.24611937999725342,0.40438252687454224,0.24574913084506989,0.0,0.33638662099838257,0.40218934416770935,0.8503047227859497,0.34444692730903625,0.5898014307022095,0.8304081559181213,1.0000000|0.0000000|0.0000000|0.0000000|0.0000000|0.0000000|0.0000000|0.0000000|0.0000000|0.0000000,0,1.0,10.964213656984201,0,0,0,0,0,
cross_town,Town02,mixed,15,213,10.65,193.68222045898438,160.58309936523438,0.22167758643627167,-89.92217254638672,0.003189063150012868,499.2999938704299,0.0006387027479528596,1.52587890625e-05,1.331580543606492e-07,3.776629809855431e-07,0.4431286942584262,0.08219587802886963,0.12209823727607727,-0.21035225689411163,0.0,0.2563866078853607,0.3221893310546875,0.9486694931983948,0.800000011920929,0.42919355630874634,-1.812381625175476,1.0000000|0.0000000|0.0000000|0.0000000|0.0000000|0.0000000|0.0000000|0.0000000|0.0000000|0.0000000,0,1.0,10.762956388219596,0,0,0,0,0,
cross_town,Town02,mixed,15,214,10.7,193.68222045898438,160.58309936523438,0.22167758643627167,-89.92217254638672,0.003189063150012868,499.2999938704299,0.0006387027479528596,1.52587890625e-05,1.331580543606492e-07,4.120245057714028e-07,0.4410274188143955,0.10139647126197815,0.11305302381515503,-0.06515740603208542,0.0,0.17638660967350006,0.24218933284282684,0.9696822762489319,0.800000011920929,0.5663087964057922,-1.6196057796478271,1.0000000|0.0000000|0.0000000|0.0000000|0.0000000|0.0000000|0.0000000|0.0000000|0.0000000|0.0000000,0,1.0,10.589033731172359,0,0,0,0,0,
cross_town,Town02,mixed,15,215,10.75,193.68222045898438,160.58309936523438,0.22167758643627167,-89.92217254638672,0.003189063150012868,499.2999938704299,0.0006387027479528596,1.52587890625e-05,1.331580543606492e-07,5.49334411648678e-07,0.4379961590392337,0.10066542029380798,0.06451809406280518,0.5699015259742737,0.0,0.0963866114616394,0.3221893310546875,0.9999948740005493,0.34444692730903625,3.2018074989318848,0.33891212940216064,1.0000000|0.0000000|0.0000000|0.0000000|0.0000000|0.0000000|0.0000000|0.0000000|0.0000000|0.0000000,0,1.0,10.43461733295206,0,0,0,0,0,
cross_town,Town02,mixed,15,216,10.8,193.68222045898438,160.58309936523438,0.22167758643627167,-89.92217254638672,0.003189063150012868,499.2999938704299,0.0006387027479528596,1.52587890625e-05,1.331580543606492e-07,7.209875851529535e-07,0.43799566742012364,0.13015258312225342,0.20350325107574463,0.6979740858078003,0.0,0.17638660967350006,0.40218934416770935,0.9999997615814209,0.34444692730903625,3.9186244010925293,0.10521572828292847,1.0000000|0.0000000|0.0000000|0.0000000|0.0000000|0.0000000|0.0000000|0.0000000|0.0000000|0.0000000,0,1.0,10.28987201289901,0,0,0,0,0,
cross_town,Town02,mixed,15,217,10.85,193.68222045898438,160.58309936523438,0.22167758643627167,-89.92217254638672,0.003189063150012868,499.2999938704299,0.0006387027479528596,1.52587890625e-05,1.331580543606492e-07,8.926461602411804e-07,0.43890251632759414,0.07255226373672485,0.3192387521266937,-0.21579086780548096,0.0,0.2563866078853607,0.3221893310546875,0.9909312725067139,0.800000011920929,0.8734539151191711,-1.7042678594589233,1.0000000|0.0000000|0.0000000|0.0000000|0.0000000|0.0000000|0.0000000|0.0000000|0.0000000|0.0000000,0,1.0,10.155469832258156,0,0,0,0,0,
cross_town,Town02,mixed,15,218,10.9,193.68222045898438,160.58309936523438,0.22167758643627167,-89.92217254638672,0.003189063150012868,499.2999938704299,0.0006387027479528596,1.52587890625e-05,1.331580543606492e-07,1.0986349510614611e-06,0.4380456280333741,0.2158105969429016,0.09701281785964966,0.6411294937133789,0.0,0.17638660967350006,0.40218934416770935,0.9995001554489136,0.34444692730903625,2.0557079315185547,0.37954145669937134,1.0000000|0.0000000|0.0000000|0.0000000|0.0000000|0.0000000|0.0000000|0.0000000|0.0000000|0.0000000,0,1.0,10.029198601773688,0,0,0,0,0,
cross_town,Town02,mixed,15,219,10.95,193.68222045898438,160.58309936523438,0.22167758643627167,-89.92217254638672,0.003189063150012868,499.2999938704299,0.0006387027479528596,1.52587890625e-05,1.331580543606492e-07,1.1673098760692224e-06,0.4389025163275942,0.07255223393440247,0.31923869252204895,-0.2157907783985138,0.0,0.2563866078853607,0.3221893310546875,0.9909312725067139,0.800000011920929,0.8734539747238159,-1.704267978668213,1.0000000|0.0000000|0.0000000|0.0000000|0.0000000|0.0000000|0.0000000|0.0000000|0.0000000|0.0000000,0,1.0,9.91000839290499,0,0,0,0,0,
cross_town,Town02,mixed,15,220,11.0,193.68222045898438,160.58309936523438,0.22167758643627167,-89.92217254638672,0.003189063150012868,499.2999938704299,0.0006387027479528596,1.52587890625e-05,1.331580543606492e-07,6.869212441722529e-08,0.4410274068934663,0.10139638185501099,0.11305311322212219,-0.06515733152627945,0.0,0.17638660967350006,0.24218933284282684,0.9696823954582214,0.800000011920929,0.5663097500801086,-1.6196049451828003,1.0000000|0.0000000|0.0000000|0.0000000|0.0000000|0.0000000|0.0000000|0.0000000|0.0000000|0.0000000,0,1.0,9.797101164336953,0,0,0,0,0,
cross_town,Town02,mixed,15,221,11.05,193.68222045898438,160.58309936523438,0.22167758643627167,-89.92217254638672,0.003189063150012868,499.2999938704299,0.0006387027479528596,1.52587890625e-05,1.331580543606492e-07,1.7168762003962782e-07,0.4412665884120213,0.06571376323699951,0.18636742234230042,0.02576078474521637,0.0,0.18636742234230042,0.1621893346309662,0.9672905802726746,0.800000011920929,0.5467089414596558,-1.60288405418396,1.0000000|0.0000000|0.0000000|0.0000000|0.0000000|0.0000000|0.0000000|0.0000000|0.0000000|0.0000000,0,1.0,9.689863386207097,0,0,0,0,0,
cross_town,Town02,mixed,15,222,11.1,193.68222045898438,160.58309936523438,0.22167758643627167,-89.92217254638672,0.003189063150012868,499.2999938704299,0.0006387027479528596,1.52587890625e-05,1.331580543606492e-07,3.7765660235576285e-07,0.4379959802252995,0.19406598806381226,0.44610950350761414,0.3717680871486664,0.0,0.26636743545532227,0.24218933284282684,0.9999966621398926,0.34444692730903625,3.305361270904541,0.015588462352752686,1.0000000|0.0000000|0.0000000|0.0000000|0.0000000|0.0000000|0.0000000|0.0000000|0.0000000|0.0000000,0,1.0,9.587799923463091,0,0,0,0,0,
cross_town,Town02,mixed,15,223,11.15,193.68222045898438,160.58309936523438,0.22167758643627167,-89.92217254638672,0.003189063150012868,499.2999938704299,0.0006387027479528596,1.52587890625e-05,1.331580543606492e-07,5.836492017800696e-07,0.4389497141463506,0.16347241401672363,0.11152881383895874,0.5206618309020996,0.0,0.1863674372434616,0.3221893310546875,0.9904593229293823,0.34444692730903625,1.3162047863006592,0.36021459102630615,1.0000000|0.0000000|0.0000000|0.0000000|0.0000000|0.0000000|0.0000000|0.0000000|0.0000000|0.0000000,0,1.0,9.490506295386881,0,0,0,0,0,
cross_town,Town02,mixed,15,224,11.2,193.68222045898438,160.58309936523438,0.22167758643627167,-89.92217254638672,0.003189063150012868,499.2999938704299,0.0006387027479528596,1.52587890625e-05,1.331580543606492e-07,7.896433017402111e-07,0.4379966091735111,0.16768530011177063,0.11423921585083008,0.6643767356872559,0.0,0.10636743903160095,0.40218934416770935,0.9999903440475464,0.34444692730903625,3.04195499420166,0.34994685649871826,1.0000000|0.0000000|0.0000000|0.0000000|0.0000000|0.0000000|0.0000000|0.0000000|0.0000000|0.0000000,0,1.0,9.39761868145181,0,0,0,0,0,
cross_town,Town02,mixed,15,225,11.25,193.68222045898438,160.58309936523438,0.22167758643627167,-89.92217254638672,0.003189063150012868,499.2999938704299,0.0006387027479528596,1.52587890625e-05,1.331580543606492e-07,9.95637740641872e-07,0.44253154512474396,0.07210701704025269,0.5011253356933594,-0.14483369886875153,0.0,0.1863674372434616,0.3221893310546875,0.9546409845352173,0.800000011920929,0.4616815447807312,-1.582289457321167,1.0000000|0.0000000|0.0000000|0.0000000|0.0000000|0.0000000|0.0000000|0.0000000|0.0000000|0.0000000,0,1.0,9.308827285038719,0,0,0,0,0,
cross_town,Town02,mixed,15,226,11.3,193.68222045898438,160.58309936523438,0.22167758643627167,-89.92217254638672,0.003189063150012868,499.2999938704299,0.0006387027479528596,1.52587890625e-05,1.331580543606492e-07,1.2016322779120765e-06,0.4379957508666263,0.18786939978599548,0.12272337079048157,0.6760038733482361,0.0,0.10636743903160095,0.40218934416770935,0.999998927116394,0.34444692730903625,3.5960052013397217,0.31134873628616333,1.0000000|0.0000000|0.0000000|0.0000000|0.0000000|0.0000000|0.0000000|0.0000000|0.0000000|0.0000000,0,1.0,9.223850582518134,0,0,0,0,0,
cross_town,Town02,mixed,15,227,11.35,193.68222045898438,160.58309936523438,0.22167758643627167,-89.92217254638672,0.003189063150012868,499.2999938704299,0.0006387027479528596,1.52587890625e-05,1.331580543606492e-07,1.3732924403291404e-06,0.43800038810798975,0.16734039783477783,0.4401112198829651,0.5683627128601074,0.0,0.1863674372434616,0.4821893572807312,0.9999525547027588,0.34444692730903625,2.6446588039398193,0.32133346796035767,1.0000000|0.0000000|0.0000000|0.0000000|0.0000000|0.0000000|0.0000000|0.0000000|0.0000000|0.0000000,0,1.0,9.142432376752122,0,0,0,0,0,
cross_town,Town02,mixed,15,228,11.4,193.68222045898438,160.58309936523438,0.22167758643627167,-89.92217254638672,0.003189063150012868,499.2999938704299,0.0006387027479528596,1.52587890625e-05,1.331580543606492e-07,0.0,0.43871136423179957,0.08172565698623657,0.45905646681785583,-0.3027086853981018,0.0,0.26636743545532227,0.40218934416770935,0.9928427934646606,0.800000011920929,0.9331128001213074,-1.2217371463775635,1.0000000|0.0000000|0.0000000|0.0000000|0.0000000|0.0000000|0.0000000|0.0000000|0.0000000|0.0000000,0,1.0,9.064338306619206,0,0,0,0,0,
cross_town,Town02,mixed,15,229,11.45,193.68222045898438,160.58309936523438,0.22167758643627167,-89.92217254638672,0.003189063150012868,499.2999938704299,0.0006387027479528596,1.52587890625e-05,1.331580543606492e-07,6.87412811315963e-08,0.43809158917496066,0.09430092573165894,0.15462952852249146,-0.26984265446662903,0.0,0.1863674372434616,0.3221893310546875,0.9990405440330505,0.800000011920929,1.437063455581665,-1.8464996814727783,1.0000000|0.0000000|0.0000000|0.0000000|0.0000000|0.0000000|0.0000000|0.0000000|0.0000000|0.0000000,0,1.0,8.989357866347394,0,0,0,0,0,
cross_town,Town02,mixed,15,230,11.5,193.68222045898438,160.58309936523438,0.22167758643627167,-89.92217254638672,0.003189063150012868,499.2999938704299,0.0006387027479528596,1.52587890625e-05,1.331580543606492e-07,2.74663920541527e-07,0.4379956435782656,0.24764278531074524,0.15901827812194824,0.6986684799194336,0.0,0.10636743903160095,0.40218934416770935,1.0,0.34444692730903625,4.711984157562256,0.014005541801452637,1.0000000|0.0000000|0.0000000|0.0000000|0.0000000|0.0000000|0.0000000|0.0000000|0.0000000|0.0000000,0,1.0,8.917293198339621,0,0,0,0,0,
cross_town,Town02,mixed,15,231,11.55,193.68222045898438,160.58309936523438,0.22167758643627167,-89.92217254638672,0.003189063150012868,499.2999938704299,0.0006387027479528596,1.52587890625e-05,1.331580543606492e-07,4.4636934563146206e-07,0.4380083393676027,0.1807767152786255,0.5312639474868774,0.6065228581428528,0.0,0.1863674372434616,0.4821893572807312,0.9998730421066284,0.34444692730903625,2.3983547687530518,0.32209885120391846,1.0000000|0.0000000|0.0000000|0.0000000|0.0000000|0.0000000|0.0000000|0.0000000|0.0000000|0.0000000,0,1.0,8.84796425353038,0,0,0,0,0,
cross_town,Town02,mixed,15,232,11.6,193.68222045898438,160.58309936523438,0.22167758643627167,-89.92217254638672,0.003189063150012868,499.2999938704299,0.0006387027479528596,1.52587890625e-05,1.331580543606492e-07,5.83659091092223e-07,0.4380564999205809,0.17957726120948792,0.6256910562515259,0.3004935681819916,0.0,0.26636743545532227,0.40218934416770935,0.9993914365768433,0.34444692730903625,2.0064966678619385,0.905174732208252,1.0000000|0.0000000|0.0000000|0.0000000|0.0000000|0.0000000|0.0000000|0.0000000|0.0000000|0.0000000,0,1.0,8.781205582879952,0,0,0,0,0,
cross_town,Town02,mixed,15,233,11.65,193.68222045898438,160.58309936523438,0.22167758643627167,-89.92217254638672,0.003189063150012868,499.2999938704299,0.0006387027479528596,1.52587890625e-05,1.331580543606492e-07,5.836606492351756e-07,0.4380915891749606,0.09430092573165894,0.15462952852249146,-0.2698425352573395,0.0,0.1863674372434616,0.3221893310546875,0.9990405440330505,0.800000011920929,1.4370625019073486,-1.846500277519226,1.0000000|0.0000000|0.0000000|0.0000000|0.0000000|0.0000000|0.0000000|0.0000000|0.0000000|0.0000000,0,1.0,8.716875543697512,0,0,0,0,0,
cross_town,Town02,mixed,15,234,11.7,193.68222045898438,160.58309936523438,0.22167758643627167,-89.92217254638672,0.003189063150012868,499.2999938704299,0.0006387027479528596,1.52587890625e-05,1.331580543606492e-07,6.523327906675293e-07,0.4436088123060733,0.4313887357711792,0.14984700083732605,0.36369067430496216,0.0,0.10636743903160095,0.36369067430496216,1.0,0.387784481048584,9.770454406738281,-1.6315116882324219,1.0000000|0.0000000|0.0000000|0.0000000|0.0000000|0.0000000|0.0000000|0.0000000|0.0000000|0.0000000,0,1.0,8.65483121009454,0,0,0,0,0,
cross_town,Town02,mixed,15,235,11.75,193.68222045898438,160.58309936523438,0.22167758643627167,-89.92217254638672,0.003189063150012868,499.2999938704299,0.0006387027479528596,1.52587890625e-05,1.331580543606492e-07,8.239859889817713e-07,0.43881112452576,0.06492140889167786,0.484681636095047,-0.14327147603034973,0.0,0.1863674372434616,0.2836906611919403,0.9918451905250549,0.800000011920929,0.9002388715744019,-1.623813271522522,1.0000000|0.0000000|0.0000000|0.0000000|0.0000000|0.0000000|0.0000000|0.0000000|0.0000000|0.0000000,0,1.0,8.59494904035868,0,0,0,0,0,
cross_town,Town02,mixed,15,236,11.8,193.68222045898438,160.58309936523438,0.22167758643627167,-89.92217254638672,0.003189063150012868,499.2999938704299,0.0006387027479528596,1.52587890625e-05,1.331580543606492e-07,1.029971616836372e-06,0.43799587007591567,0.11202934384346008,0.06872987747192383,0.6291573643684387,0.0,0.10636743903160095,0.36369067430496216,0.9999977350234985,0.34444692730903625,3.4072442054748535,0.34862226247787476,1.0000000|0.0000000|0.0000000|0.0000000|0.0000000|0.0000000|0.0000000|0.0000000|0.0000000|0.0000000,0,1.0,8.53711194207682,0,0,0,0,0,
cross_town,Town02,mixed,15,237,11.85,193.68222045898438,160.58309936523438,0.22167758643627167,-89.92217254638672,0.003189063150012868,499.2999938704299,0.0006387027479528596,1.52587890625e-05,1.331580543606492e-07,1.0301949940589452e-07,0.4946304561143489,0.1864018440246582,0.27813637256622314,0.4329051077365875,0.0,0.1863674372434616,0.4329051077365875,0.45296424627304077,0.35279178619384766,0.1000329852104187,-0.04412341117858887,0.7857004|0.2142996|0.0000000|0.0000000|0.0000000|0.0000000|0.0000000|0.0000000|0.0000000|0.0000000,0,0.7857003808021545,8.48121338874282,0,0,0,0,0,
cross_town,Town02,mixed,15,238,11.9,193.68222045898438,160.58309936523438,0.22167758643627167,-89.92217254638672,0.003189063150012868,499.2999938704299,0.0006387027479528596,1.52587890625e-05,1.331580543606492e-07,3.089953052255048e-07,0.45955513235161144,0.21122848987579346,0.31533145904541016,0.21368001401424408,0.0,0.26636743545532227,0.3529050946235657,0.7844051122665405,0.35343465209007263,0.46944648027420044,0.2633823752403259,0.7601458|0.2398542|0.0000000|0.0000000|0.0000000|0.0000000|0.0000000|0.0000000|0.0000000|0.0000000,0,0.7601457834243774,8.427161798924429,0,0,0,0,0,
cross_town,Town02,mixed,15,239,11.95,193.68222045898438,160.58309936523438,0.22167758643627167,-89.92217254638672,0.003189063150012868,499.2999938704299,0.0006387027479528596,1.52587890625e-05,1.331580543606492e-07,5.149876663053971e-07,0.4380824935061679,0.09624338150024414,0.12713491916656494,-0.15825754404067993,0.0,0.1863674372434616,0.2729050815105438,0.9991315007209778,0.800000011920929,1.46196711063385,-1.8158479928970337,1.0000000|0.0000000|0.0000000|0.0000000|0.0000000|0.0000000|0.0000000|0.0000000|0.0000000|0.0000000,0,1.0,8.374865741812618,0,0,0,0,0,
cross_town,Town02,mixed,15,240,12.0,193.68222045898438,160.58309936523438,0.22167758643627167,-89.92217254638672,0.003189063150012868,499.2999938704299,0.0006387027479528596,1.52587890625e-05,1.331580543606492e-07,6.179862054683536e-07,0.4379957031829104,0.11394497752189636,0.056024760007858276,0.6160045266151428,0.0,0.10636743903160095,0.3529050946235657,0.9999994039535522,0.34444692730903625,3.7173848152160645,0.298572301864624,1.0000000|0.0000000|0.0000000|0.0000000|0.0000000|0.0000000|0.0000000|0.0000000|0.0000000|0.0000000,0,1.0,8.3557609838413,0,0,0,0,0,
cross_town,Town02,mixed,15,241,12.05,193.68222045898438,160.58309936523438,0.22167758643627167,-89.92217254638672,0.003189063150012868,499.2999938704299,0.0006387027479528596,1.52587890625e-05,1.331580543606492e-07,7.553164332018242e-07,0.43799564357826565,0.36858391761779785,0.12388908863067627,0.5410646200180054,0.05999999865889549,0.0,0.4329051077365875,1.0,0.37751123309135437,14.565762519836426,-1.536672592163086,1.0000000|0.0000000|0.0000000|0.0000000|0.0000000|0.0000000|0.0000000|0.0000000|0.0000000|0.0000000,0,1.0,8.351935703598615,0,0,0,0,0,
cross_town,Town02,mixed,15,242,12.1,193.68222045898438,160.58309936523438,0.22167758643627167,-89.92217254638672,0.003189063150012868,499.2999938704299,0.0006387027479528596,1.52587890625e-05,1.331580543606492e-07,9.61306298437864e-07,0.43799564357826565,0.07869657874107361,0.7935587763786316,0.006916975136846304,0.0,0.07999999821186066,0.3529050946235657,1.0,0.800000011920929,6.604037284851074,-1.1535017490386963,1.0000000|0.0000000|0.0000000|0.0000000|0.0000000|0.0000000|0.0000000|0.0000000|0.0000000|0.0000000,0,1.0,8.284278845662273,0,0,0,0,0,
cross_town,Town02,mixed,15,243,12.15,193.68222045898438,160.58309936523438,0.22167758643627167,-89.92217254638672,0.003189063150012868,499.2999938704299,0.0006387027479528596,1.52587890625e-05,1.331580543606492e-07,1.167300435716806e-06,0.4379956435782657,0.2516191005706787,0.09990790486335754,0.5674563646316528,0.05999999865889549,0.0,0.4329051077365875,1.0,0.374595582485199,29.629165649414062,-1.4411824941635132,1.0000000|0.0000000|0.0000000|0.0000000|0.0000000|0.0000000|0.0000000|0.0000000|0.0000000|0.0000000,0,1.0,8.159970248766017,0,0,0,0,0,
cross_town,Town02,mixed,15,244,12.2,193.68222045898438,160.58309936523438,0.22167758643627167,-89.92217254638672,0.003189063150012868,499.2999938704299,0.0006387027479528596,1.52587890625e-05,1.331580543606492e-07,1.2016442942718735e-06,0.44442755347339813,0.13864034414291382,0.4660978317260742,0.40062424540519714,0.0,0.07999999821186066,0.40062424540519714,0.9999762773513794,0.34444692730903625,2.8182644844055176,0.4299755096435547,1.0000000|0.0000000|0.0000000|0.0000000|0.0000000|0.0000000|0.0000000|0.0000000|0.0000000|0.0000000,0,1.0,8.059947462694154,0,0,0,0,0,
cross_town,Town02,mixed,15,245,12.25,193.68222045898438,160.58309936523438,0.22167758643627167,-89.92217254638672,0.003189063150012868,499.2999938704299,0.0006387027479528596,1.52587890625e-05,1.331580543606492e-07,3.4366296289958145e-08,0.43877938134758393,0.4696609377861023,0.036587804555892944,0.4764324724674225,0.05999999865889549,0.0,0.4764324724674225,1.0,0.3716508448123932,18.93880844116211,-1.6221873760223389,1.0000000|0.0000000|0.0000000|0.0000000|0.0000000|0.0000000|0.0000000|0.0000000|0.0000000|0.0000000,0,1.0,7.97343967717018,0,0,0,0,0,
cross_town,Town02,mixed,15,246,12.3,193.68222045898438,160.58309936523438,0.22167758643627167,-89.92217254638672,0.003189063150012868,499.2999938704299,0.0006387027479528596,1.52587890625e-05,1.331580543606492e-07,1.7168377368990983e-07,0.4458198385255322,0.04309195280075073,0.09821119904518127,0.48367366194725037,0.0,0.07999999821186066,0.48367366194725037,0.9979288578033447,0.35243138670921326,1.6919645071029663,-0.3114328384399414,0.6895396|0.3104604|0.0000000|0.0000000|0.0000000|0.0000000|0.0000000|0.0000000|0.0000000|0.0000000,0,0.6895396113395691,7.895246523665699,0,0,0,0,0,
cross_town,Town02,mixed,15,247,12.35,193.68222045898438,160.58309936523438,0.22167758643627167,-89.92217254638672,0.003189063150012868,499.2999938704299,0.0006387027479528596,1.52587890625e-05,1.331580543606492e-07,3.7765664038743403e-07,0.4450890791041598,0.05772864818572998,0.10229989886283875,0.3147837221622467,0.0,0.10229989886283875,0.4036736488342285,0.9290656447410583,0.3523092269897461,0.7907969951629639,-0.2856101989746094,0.6754637|0.3245363|0.0000000|0.0000000|0.0000000|0.0000000|0.0000000|0.0000000|0.0000000|0.0000000,0,0.6754636764526367,7.822677887821094,0,0,0,0,0,
cross_town,Town02,mixed,15,248,12.4,193.68222045898438,160.58309936523438,0.22167758643627167,-89.92217254638672,0.003189063150012868,499.2999938704299,0.0006387027479528596,1.52587890625e-05,1.331580543606492e-07,5.836502572003039e-07,0.4419034969432102,0.1453130841255188,0.3781541585922241,0.6323137879371643,0.0,0.1822998970746994,0.48367366194725037,0.9609214663505554,0.34444692730903625,0.956133246421814,0.20740509033203125,1.0000000|0.0000000|0.0000000|0.0000000|0.0000000|0.0000000|0.0000000|0.0000000|0.0000000|0.0000000,0,1.0,7.754320719903434,0,0,0,0,0,
cross_town,Town02,mixed,15,249,12.45,193.68222045898438,160.58309936523438,0.22167758643627167,-89.92217254638672,0.003189063150012868,499.2999938704299,0.0006387027479528596,1.52587890625e-05,1.331580543606492e-07,7.89644355446089e-07,0.4387984704596744,0.08951103687286377,0.024002373218536377,0.24716435372829437,0.0,0.10229989886283875,0.4036736488342285,0.9919717311859131,0.3514460325241089,1.3527344465255737,-0.2816348075866699,0.6703042|0.3296958|0.0000000|0.0000000|0.0000000|0.0000000|0.0000000|0.0000000|0.0000000|0.0000000,0,0.6703041791915894,7.689388701555035,0,0,0,0,0,
cross_town,Town02,mixed,15,250,12.5,193.68222045898438,160.58309936523438,0.22167758643627167,-89.92217254638672,0.003189063150012868,499.2999938704299,0.0006387027479528596,1.52587890625e-05,1.331580543606492e-07,9.956391659511504e-07,0.43800093647072175,0.16952729225158691,0.4319272041320801,0.5663877129554749,0.0,0.1822998970746994,0.48367366194725037,0.9999470710754395,0.34444692730903625,2.617215871810913,0.32229000329971313,1.0000000|0.0000000|0.0000000|0.0000000|0.0000000|0.0000000|0.0000000|0.0000000|0.0000000|0.0000000,0,1.0,7.627427000567124,0,0,1,0,0,stuck
