protocol,town,weather,episode,t,sim_time_s,ego_x,ego_y,ego_z,ego_yaw_deg,route_s_m,route_remaining_m,route_completion_pct,cte_m,route_heading_rad,speed_kmh,reward,command_throttle,command_brake,command_steer,applied_throttle,applied_brake,applied_steer,sigma_bar,sigma_ale,sigma_epi,policy_entropy_proxy,attention,top_attention_index,top_attention_value,ttc_s,collision,off_route,timeout,red_light_violation,intervention,terminal_reason
cross_town,Town02,mixed,16,1,0.05,37.46135330200195,105.43207550048828,0.15079745650291443,179.79312133789062,0.0,499.7675879071405,0.0,0.008472497574985027,5.32632217886686e-07,0.46652557253846527,0.4404200770867812,0.08793511986732483,0.7553853988647461,0.18982073664665222,0.0,0.07999999821186066,0.07999999821186066,0.9466668367385864,0.3508418798446655,0.8682554960250854,0.37804949283599854,0.5362349|0.4637651|0.0000000|0.0000000|0.0000000|0.0000000|0.0000000|0.0000000|0.0000000|0.0000000,0,0.5362349152565002,,0,0,0,0,0,
cross_town,Town02,mixed,16,2,0.1,37.46135330200195,105.43207550048828,0.16111232340335846,179.79312133789062,0.0,499.7675879071405,0.0,0.008472497574985027,5.32632217886686e-07,0.8584067702295834,0.4436786809059471,0.12237873673439026,0.7326646447181702,0.42110729217529297,0.0,0.1599999964237213,0.1599999964237213,0.914080798625946,0.35084545612335205,0.7402825355529785,1.094404935836792,0.5347667|0.4652333|0.0000000|0.0000000|0.0000000|0.0000000|0.0000000|0.0000000|0.0000000|0.0000000,0,0.534766674041748,,0,0,0,0,0,
cross_town,Town02,mixed,16,3,0.15,37.46135330200195,105.43207550048828,0.17358173429965973,179.79312133789062,0.0,499.7675879071405,0.0,0.008472497574985027,5.32632217886686e-07,0.8940865337848785,0.43638754868834323,0.34330877661705017,0.7310736775398254,0.6251270174980164,0.0,0.23999999463558197,0.23999999463558197,0.9869921207427979,0.3508678376674652,1.2314090728759766,2.296468734741211,0.5255547|0.4744453|0.0000000|0.0000000|0.0000000|0.0000000|0.0000000|0.0000000|0.0000000|0.0000000,0,0.5255547165870667,,0,0,0,0,0,
cross_town,Town02,mixed,16,4,0.2,37.46135330200195,105.43207550048828,0.18517272174358368,179.79312133789062,0.0,499.7675879071405,0.0,0.008472497574985027,5.32632217886686e-07,0.7842075347900481,0.46571571017361335,0.365556925535202,0.713947057723999,0.6325293779373169,0.0,0.3199999928474426,0.3199999928474426,0.6937105059623718,0.35088130831718445,0.3534996509552002,2.3956427574157715,0.5200123|0.4799877|0.0000000|0.0000000|0.0000000|0.0000000|0.0000000|0.0000000|0.0000000|0.0000000,0,0.5200123190879822,,0,0,0,0,0,
cross_town,Town02,mixed,16,5,0.25,37.46135330200195,105.43207550048828,0.19481001794338226,179.79312133789062,0.0,499.7675879071405,0.0,0.008472497574985027,5.32632217886686e-07,0.6320961892606299,0.43508677269007184,0.36368635296821594,0.7375529408454895,-0.07189355790615082,0.0,0.4000000059604645,0.23999999463558197,0.9999998807907104,0.3521454632282257,4.100810527801514,0.025937259197235107,1.0000000|0.0000000|0.0000000|0.0000000|0.0000000|0.0000000|0.0000000|0.0000000|0.0000000|0.0000000,0,1.0,,0,0,0,0,0,
cross_town,Town02,mixed,16,6,0.3,37.46135330200195,105.43207550048828,0.20233966410160065,179.79312133789062,0.0,499.7675879071405,0.0,0.008472497574985027,5.32632217886686e-07,0.4844098448753357,0.46414449001186875,0.43873828649520874,0.41522830724716187,0.5600442886352539,0.0,0.3199999928474426,0.3199999928474426,0.7094227075576782,0.35088008642196655,0.37226542830467224,2.3275959491729736,0.5205050|0.4794950|0.0000000|0.0000000|0.0000000|0.0000000|0.0000000|0.0000000|0.0000000|0.0000000,0,0.5205049514770508,,0,0,0,0,0,
cross_town,Town02,mixed,16,7,0.35,37.46135330200195,105.43207550048828,0.20799334347248077,179.79312133789062,0.0,499.7675879071405,0.0,0.008472497574985027,5.32632217886686e-07,0.3589456558228498,0.46242095446592446,0.43152934312820435,0.535483717918396,0.6231997609138489,0.0,0.4000000059604645,0.4000000059604645,0.7266885638237,0.35092902183532715,0.39354246854782104,2.6162946224212646,0.5003920|0.4996080|0.0000000|0.0000000|0.0000000|0.0000000|0.0000000|0.0000000|0.0000000|0.0000000,0,0.5003920197486877,,0,0,0,0,0,
cross_town,Town02,mixed,16,8,0.4,37.46135330200195,105.43207550048828,0.2121226042509079,179.79312133789062,0.0,499.7675879071405,0.0,0.008472497574985027,5.32632217886686e-07,0.25964958071777555,0.4442126418264939,0.3075210452079773,0.33301007747650146,0.4356165826320648,0.0,0.33301007747650146,0.4356165826320648,0.9704599380493164,0.3497438132762909,1.0232620239257812,0.8577377200126648,1.0000000|0.0000000|0.0000000|0.0000000|0.0000000|0.0000000|0.0000000|0.0000000|0.0000000|0.0000000,0,1.0,,0,0,0,0,0,
cross_town,Town02,mixed,16,9,0.45,37.46135330200195,105.43207550048828,0.21507754921913147,179.79312133789062,0.0,499.7675879071405,0.0,0.008472497574985027,5.32632217886686e-07,0.18444821834582645,0.45465276588159675,0.5090715289115906,0.657267689704895,0.40902066230773926,0.0,0.4130100905895233,0.40902066230773926,0.8729716539382935,0.3498503267765045,0.6320229768753052,0.9925354719161987,1.0000000|0.0000000|0.0000000|0.0000000|0.0000000|0.0000000|0.0000000|0.0000000|0.0000000|0.0000000,0,1.0,,0,0,0,0,0,
cross_town,Town02,mixed,16,10,0.5,37.46135330200195,105.43207550048828,0.2171592265367508,179.79312133789062,0.0,499.7675879071405,0.0,0.008472497574985027,5.32632217886686e-07,0.1291917353872423,0.48052780004473594,0.44617003202438354,0.47520527243614197,0.4258096516132355,0.0,0.47520527243614197,0.4258096516132355,0.6195668578147888,0.3510358929634094,0.2708916664123535,2.5476362705230713,0.5226981|0.4773019|0.0000000|0.0000000|0.0000000|0.0000000|0.0000000|0.0000000|0.0000000|0.0000000,0,0.5226981043815613,494.4474300090506,0,0,0,0,0,
cross_town,Town02,mixed,16,11,0.55,37.46135330200195,105.43207550048828,0.21860748529434204,179.79312133789062,0.0,499.7675879071405,0.0,0.008472497574985027,5.32632217886686e-07,0.08946280181429932,0.4443719399205367,0.4925294816493988,0.6429920196533203,0.4376436471939087,0.0,0.5552052855491638,0.4376436471939087,0.9831304550170898,0.3502550423145294,1.1660535335540771,0.8119602799415588,1.0000000|0.0000000|0.0000000|0.0000000|0.0000000|0.0000000|0.0000000|0.0000000|0.0000000|0.0000000,0,1.0,154.13597884222813,0,0,0,0,0,
cross_town,Town02,mixed,16,12,0.6,37.46135330200195,105.43207550048828,0.21960493922233582,179.79312133789062,0.0,499.7675879071405,0.0,0.008472497574985027,5.32632217886686e-07,0.06137875914573883,0.44634540690449226,0.4788494110107422,0.35069775581359863,0.39503440260887146,0.0,0.47520527243614197,0.39503440260887146,0.9436532258987427,0.35132959485054016,0.8532286882400513,2.1821885108947754,0.5114340|0.4885660|0.0000000|0.0000000|0.0000000|0.0000000|0.0000000|0.0000000|0.0000000|0.0000000,0,0.511434018611908,103.48588569748229,0,0,0,0,0,
cross_town,Town02,mixed,16,13,0.65,37.46135330200195,105.43207550048828,0.22028617560863495,179.79312133789062,0.0,499.7675879071405,0.0,0.008472497574985027,5.32632217886686e-07,0.04177787974535099,0.4693686221954929,0.43612924218177795,0.33170583844184875,0.38794785737991333,0.0,0.3952052593231201,0.38794785737991333,0.7350291013717651,0.35149210691452026,0.40358051657676697,2.4177722930908203,0.5288998|0.4711002|0.0000000|0.0000000|0.0000000|0.0000000|0.0000000|0.0000000|0.0000000|0.0000000,0,0.5288997888565063,83.0529464790661,0,0,0,0,0,
cross_town,Town02,mixed,16,14,0.7,37.46135330200195,105.43207550048828,0.22074805200099945,179.79312133789062,0.0,499.7675879071405,0.0,0.008472497574985027,5.32632217886686e-07,0.02825182154827186,0.43833924286995574,0.07344555854797363,0.11041021347045898,0.0043368106707930565,0.0,0.31520524621009827,0.3079478442668915,0.9696071743965149,0.800000011920929,0.5656715035438538,-1.6301237344741821,1.0000000|0.0000000|0.0000000|0.0000000|0.0000000|0.0000000|0.0000000|0.0000000|0.0000000|0.0000000,0,1.0,70.73681229610317,0,0,0,0,0,
cross_town,Town02,mixed,16,15,0.75,37.46135330200195,105.43207550048828,0.22105933725833893,179.79312133789062,0.0,499.7675879071405,0.0,0.008472497574985027,5.32632217886686e-07,0.018992373347286116,0.4357321066096492,0.42513710260391235,0.7966305613517761,0.4334615170955658,0.0,0.3952052593231201,0.38794785737991333,0.9962116479873657,0.3518049716949463,1.5412033796310425,0.6201492547988892,1.0000000|0.0000000|0.0000000|0.0000000|0.0000000|0.0000000|0.0000000|0.0000000|0.0000000|0.0000000,0,1.0,62.126517523341555,0,0,0,0,0,
cross_town,Town02,mixed,16,16,0.8,37.46135330200195,105.43207550048828,0.22126799821853638,179.79312133789062,0.0,499.7675879071405,0.0,0.008472497574985027,5.32632217886686e-07,0.012705825269564838,0.4675971735370256,0.40659576654434204,0.39879342913627625,0.3283814787864685,0.0,0.31520524621009827,0.3283814787864685,0.711887538433075,0.3523419499397278,0.3738003671169281,2.4889533519744873,0.5086213|0.4913787|0.0000000|0.0000000|0.0000000|0.0000000|0.0000000|0.0000000|0.0000000|0.0000000,0,0.508621335029602,55.81283221903927,0,0,0,0,0,
cross_town,Town02,mixed,16,17,0.85,37.46135330200195,105.43207550048828,0.2214072346687317,179.79312133789062,0.0,499.7675879071405,0.0,0.008472497574985027,5.32632217886686e-07,0.00846139546586658,0.43537557391229814,0.2335440218448639,0.9623785018920898,0.19634252786636353,0.0,0.3952052593231201,0.24838148057460785,1.0,0.3524470031261444,6.483828544616699,0.8161061406135559,1.0000000|0.0000000|0.0000000|0.0000000|0.0000000|0.0000000|0.0000000|0.0000000|0.0000000|0.0000000,0,1.0,50.99601411951538,0,0,0,0,0,
cross_town,Town02,mixed,16,18,0.9,37.46135330200195,105.43207550048828,0.22147098183631897,179.79312133789062,0.0,499.7675879071405,0.0,0.008472497574985027,5.32632217886686e-07,0.0013417052809556313,0.4354066736595939,0.3024316728115082,0.5648278594017029,0.35472193360328674,0.0,0.47520527243614197,0.3283814787864685,0.9998206496238708,0.35357967019081116,2.302856922149658,0.41097158193588257,1.0000000|0.0000000|0.0000000|0.0000000|0.0000000|0.0000000|0.0000000|0.0000000|0.0000000|0.0000000,0,1.0,47.16980607462126,0,0,0,0,0,
cross_town,Town02,mixed,16,19,0.95,37.46135330200195,105.43207550048828,0.2215009331703186,179.79312133789062,0.0,499.7675879071405,0.0,0.008472497574985027,5.32632217886686e-07,0.002504676743681206,0.4354034581942487,0.3458249568939209,0.6623144745826721,0.46088922023773193,0.0,0.5552052855491638,0.40838149189949036,0.9999997615814209,0.35427796840667725,3.9638686180114746,0.6908462643623352,1.0000000|0.0000000|0.0000000|0.0000000|0.0000000|0.0000000|0.0000000|0.0000000|0.0000000|0.0000000,0,1.0,43.98438476808274,0,0,0,0,0,
cross_town,Town02,mixed,16,20,1.0,37.46135330200195,105.43207550048828,0.22153732180595398,179.79312133789062,0.0,499.7675879071405,0.0,0.008472497574985027,5.32632217886686e-07,0.0026122054553199344,0.45874541969413585,0.025434672832489014,0.3849751353263855,0.3846135139465332,0.0,0.47520527243614197,0.3846135139465332,0.8367615938186646,0.800000011920929,0.10858192294836044,-1.4607518911361694,1.0000000|0.0000000|0.0000000|0.0000000|0.0000000|0.0000000|0.0000000|0.0000000|0.0000000|0.0000000,0,1.0,41.258200002518215,0,0,0,0,0,
cross_town,Town02,mixed,16,21,1.05,37.46135330200195,105.43207550048828,0.2215711921453476,179.79312133789062,0.0,499.7675879071405,0.0,0.008472497574985027,5.32632217886686e-07,0.0022939108547718034,0.43571917134345906,0.45909595489501953,0.5875905752182007,0.5066518783569336,0.0,0.5552052855491638,0.46461352705955505,0.9971786737442017,0.35583773255348206,1.6110875606536865,0.48357057571411133,1.0000000|0.0000000|0.0000000|0.0000000|0.0000000|0.0000000|0.0000000|0.0000000|0.0000000|0.0000000,0,1.0,38.8803316555108,0,0,0,0,0,
cross_town,Town02,mixed,16,22,1.1,37.46135330200195,105.43207550048828,0.22159941494464874,179.79312133789062,0.0,499.7675879071405,0.0,0.008472497574985027,5.32632217886686e-07,0.0018512648549530687,0.4363333364605895,0.01975575089454651,0.6380559802055359,0.351866215467453,0.0,0.6352052688598633,0.3846135139465332,0.9912275671958923,0.800000011920929,0.8818325996398926,-1.1076598167419434,1.0000000|0.0000000|0.0000000|0.0000000|0.0000000|0.0000000|0.0000000|0.0000000|0.0000000|0.0000000,0,1.0,36.78033347854867,0,0,0,0,0,
cross_town,Town02,mixed,16,23,1.15,37.46135330200195,105.43207550048828,0.22162143886089325,179.79312133789062,0.0,499.7675879071405,0.0,0.008472497574985027,5.32632217886686e-07,0.0014188499105716153,0.4433611375165692,0.2475164532661438,0.22294512391090393,0.3509764075279236,0.0,0.5552052855491638,0.3509764075279236,0.9843794703483582,0.3554098904132843,1.1804461479187012,1.5164299011230469,0.5210377|0.4789623|0.0000000|0.0000000|0.0000000|0.0000000|0.0000000|0.0000000|0.0000000|0.0000000,0,0.5210376977920532,35.15466200787327,0,0,0,0,0,
cross_town,Town02,mixed,16,24,1.2,37.46135330200195,105.43207550048828,0.22163799405097961,179.79312133789062,0.0,499.7675879071405,0.0,0.008472497574985027,5.32632217886686e-07,0.0010500183132974314,0.4466243828397743,0.2997022867202759,0.2393055558204651,0.33402734994888306,0.0,0.47520527243614197,0.33402734994888306,0.9621020555496216,0.3559287190437317,0.9526270627975464,1.793752670288086,0.5315351|0.4684649|0.0000000|0.0000000|0.0000000|0.0000000|0.0000000|0.0000000|0.0000000|0.0000000,0,0.5315350890159607,34.83454698983652,0,0,0,0,0,
cross_town,Town02,mixed,16,25,1.25,37.46135330200195,105.43207550048828,0.22165007889270782,179.79312133789062,0.0,499.7675879071405,0.0,0.008472497574985027,5.32632217886686e-07,0.0007590179509382414,0.43952857651042837,0.33190587162971497,0.7474449872970581,0.3893679678440094,0.0,0.5552052855491638,0.3893679678440094,1.0,0.3595711588859558,5.277091026306152,0.5071539282798767,1.0000000|0.0000000|0.0000000|0.0000000|0.0000000|0.0000000|0.0000000|0.0000000|0.0000000|0.0000000,0,1.0,34.27106544034376,0,0,0,0,0,
cross_town,Town02,mixed,16,26,1.3,37.46135330200195,105.43207550048828,0.22165873646736145,179.79312133789062,0.0,499.7675879071405,0.0,0.008472497574985027,5.32632217886686e-07,0.0005380210714587071,0.4419252277354589,0.25774842500686646,0.35053372383117676,0.3297881484031677,0.0,0.47520527243614197,0.3297881484031677,0.9704500436782837,0.35721999406814575,1.0156997442245483,1.716373085975647,0.5215330|0.4784670|0.0000000|0.0000000|0.0000000|0.0000000|0.0000000|0.0000000|0.0000000|0.0000000,0,0.5215330123901367,32.495411422081624,0,0,0,0,0,
cross_town,Town02,mixed,16,27,1.35,37.46135330200195,105.43207550048828,0.22166049480438232,179.79312133789062,0.0,499.7675879071405,0.0,0.008472497574985027,5.32632217886686e-07,0.00019892139252871468,0.44249576326376927,0.30148035287857056,0.7368525266647339,0.3549930453300476,0.0,0.5552052855491638,0.3549930453300476,1.0,0.36173078417778015,5.886175632476807,0.5356854200363159,1.0000000|0.0000000|0.0000000|0.0000000|0.0000000|0.0000000|0.0000000|0.0000000|0.0000000|0.0000000,0,1.0,30.44719314300436,0,0,0,0,0,
cross_town,Town02,mixed,16,28,1.4,37.46135330200195,105.43207550048828,0.22166374325752258,179.79312133789062,0.0,499.7675879071405,0.0,0.008472497574985027,5.32632217886686e-07,0.00024307249729646477,0.4494992164505675,0.023629963397979736,0.18962699174880981,0.29191166162490845,0.0,0.47520527243614197,0.29191166162490845,0.8901383876800537,0.800000011920929,0.22303876280784607,-1.7183423042297363,1.0000000|0.0000000|0.0000000|0.0000000|0.0000000|0.0000000|0.0000000|0.0000000|0.0000000|0.0000000,0,1.0,28.664626191843816,0,0,0,0,0,
cross_town,Town02,mixed,16,29,1.45,37.46135330200195,105.43207550048828,0.22166697680950165,179.79312133789062,0.0,499.7675879071405,0.0,0.008472497574985027,5.32632217886686e-07,0.000224945058783116,0.46873964305221033,0.36107516288757324,0.30901938676834106,0.3580204248428345,0.0,0.3952052593231201,0.3580204248428345,0.6933603286743164,0.3589523732662201,0.3450167179107666,1.8472092151641846,0.5604386|0.4395614|0.0000000|0.0000000|0.0000000|0.0000000|0.0000000|0.0000000|0.0000000|0.0000000,0,0.5604386329650879,27.09203585817822,0,0,0,0,0,
cross_town,Town02,mixed,16,30,1.5,37.46135330200195,105.43207550048828,0.22166980803012848,179.79312133789062,0.0,499.7675879071405,0.0,0.008472497574985027,5.32632217886686e-07,0.0001884156948495361,0.48234403721406793,0.3740312457084656,0.5665576457977295,0.3748351037502289,0.0,0.47520527243614197,0.3748351037502289,0.6067063212394714,0.3594062626361847,0.2489657700061798,1.4322497844696045,0.5860897|0.4139103|0.0000000|0.0000000|0.0000000|0.0000000|0.0000000|0.0000000|0.0000000|0.0000000,0,0.5860896706581116,25.7413252477237,0,0,0,0,0,
cross_town,Town02,mixed,16,31,1.55,37.46135330200195,105.43207550048828,0.22167205810546875,179.79312133789062,0.0,499.7675879071405,0.0,0.008472497574985027,5.32632217886686e-07,0.0001490020709788846,0.43673646847250686,0.07098522782325745,0.9784164428710938,0.18427155911922455,0.0,0.5552052855491638,0.29483509063720703,0.9897319674491882,0.3556918799877167,1.2864089012145996,0.5105682015419006,1.0000000|0.0000000|0.0000000|0.0000000|0.0000000|0.0000000|0.0000000|0.0000000|0.0000000|0.0000000,0,1.0,25.715900950067198,0,0,0,0,0,
cross_town,Town02,mixed,16,32,1.6,37.46135330200195,105.43207550048828,0.22167377173900604,179.79312133789062,0.0,499.7675879071405,0.0,0.008472497574985027,5.32632217886686e-07,0.00011123703295715375,0.44565144810262275,0.33727437257766724,0.24882003664970398,0.37778469920158386,0.0,0.47520527243614197,0.3748351037502289,0.900958240032196,0.3613271117210388,0.6906522512435913,1.754712462425232,0.5468463|0.4531537|0.0000000|0.0000000|0.0000000|0.0000000|0.0000000|0.0000000|0.0000000|0.0000000,0,0.5468462705612183,25.69556519780829,0,0,0,0,0,
cross_town,Town02,mixed,16,33,1.65,37.46135330200195,105.43207550048828,0.2216750681400299,179.79312133789062,0.0,499.7675879071405,0.0,0.008472497574985027,5.32632217886686e-07,7.98568821780946e-05,0.43578613471152033,0.27160507440567017,0.7647151947021484,0.18121619522571564,0.0,0.5552052855491638,0.29483509063720703,1.0,0.36897313594818115,7.307232856750488,0.6784614324569702,1.0000000|0.0000000|0.0000000|0.0000000|0.0000000|0.0000000|0.0000000|0.0000000|0.0000000|0.0000000,0,1.0,25.130161199579348,0,0,0,0,0,
cross_town,Town02,mixed,16,34,1.7,37.46135330200195,105.43207550048828,0.2216750681400299,179.79312133789062,0.0,499.7675879071405,0.0,0.008472497574985027,5.32632217886686e-07,5.592756747753522e-05,0.43896142820178347,0.33863574266433716,0.6404351592063904,0.23330175876617432,0.0,0.6352052688598633,0.23330175876617432,1.0,0.3703324496746063,12.592879295349121,0.1979181170463562,1.0000000|0.0000000|0.0000000|0.0000000|0.0000000|0.0000000|0.0000000|0.0000000|0.0000000|0.0000000,0,1.0,25.122637508584862,0,0,0,0,0,
cross_town,Town02,mixed,16,35,1.75,37.46135330200195,105.43207550048828,0.2216763198375702,179.79312133789062,0.0,499.7675879071405,0.0,0.008472497574985027,5.32632217886686e-07,1.3973654159704382e-05,0.4374448197148949,0.258588969707489,0.20753610134124756,0.3947339355945587,0.0,0.5552052855491638,0.31330177187919617,0.9841946363449097,0.3634851574897766,1.1693836450576782,1.3828158378601074,0.5731935|0.4268065|0.0000000|0.0000000|0.0000000|0.0000000|0.0000000|0.0000000|0.0000000|0.0000000,0,0.5731934905052185,24.989836101882872,0,0,0,0,0,
cross_town,Town02,mixed,16,36,1.8,37.46135330200195,105.43207550048828,0.2216763198375702,179.79312133789062,0.0,499.7675879071405,0.0,0.008472497574985027,5.32632217886686e-07,2.342035246477966e-05,0.4756918788135054,0.22433412075042725,0.4968186318874359,0.5170937180519104,0.0,0.4968186318874359,0.393301784992218,0.6021237969398499,0.3637551963329315,0.2398253232240677,0.8822149634361267,0.6116207|0.3883793|0.0000000|0.0000000|0.0000000|0.0000000|0.0000000|0.0000000|0.0000000|0.0000000,0,0.6116206645965576,24.124564968594,0,0,0,0,0,
cross_town,Town02,mixed,16,37,1.85,37.46135330200195,105.43207550048828,0.2216763198375702,179.79312133789062,0.0,499.7675879071405,0.0,0.008472497574985027,5.32632217886686e-07,2.0427738540011298e-05,0.4466010390941491,0.24976462125778198,0.552761971950531,0.4599961042404175,0.0,0.552761971950531,0.4599961042404175,0.9168643951416016,0.3646649718284607,0.7354568243026733,1.0722661018371582,0.6076915|0.3923085|0.0000000|0.0000000|0.0000000|0.0000000|0.0000000|0.0000000|0.0000000|0.0000000,0,0.6076915264129639,21.408814423967577,0,0,0,0,0,
cross_town,Town02,mixed,16,38,1.9,37.46135330200195,105.43207550048828,0.2216763198375702,179.79312133789062,0.0,499.7675879071405,0.0,0.008472497574985027,5.32632217886686e-07,1.8575231975613653e-05,0.4359875325845202,0.060795873403549194,0.9568243026733398,0.19717645645141602,0.0,0.6327619552612305,0.37999609112739563,1.0,0.3587084412574768,5.55812931060791,0.7438827753067017,1.0000000|0.0000000|0.0000000|0.0000000|0.0000000|0.0000000|0.0000000|0.0000000|0.0000000|0.0000000,0,1.0,19.809504051048116,0,0,0,0,0,
cross_town,Town02,mixed,16,39,1.95,37.46135330200195,105.43207550048828,0.22167736291885376,179.79312133789062,0.0,499.7675879071405,0.0,0.008472497574985027,5.32632217886686e-07,1.8266058318367538e-05,0.43603125078182453,0.3271005153656006,0.6358287334442139,0.19519801437854767,0.0,0.6358287334442139,0.2999960780143738,1.0,0.3776739537715912,10.846267700195312,0.012584209442138672,1.0000000|0.0000000|0.0000000|0.0000000|0.0000000|0.0000000|0.0000000|0.0000000|0.0000000|0.0000000,0,1.0,18.651883378909787,0,0,0,0,0,
cross_town,Town02,mixed,16,40,2.0,37.46135330200195,105.43207550048828,0.22167736291885376,179.79312133789062,0.0,499.7675879071405,0.0,0.008472497574985027,5.32632217886686e-07,1.627398338655074e-05,0.4360753131169772,0.2404998242855072,0.5039255023002625,0.04305225610733032,0.0,0.5558287501335144,0.21999607980251312,1.0,0.37926769256591797,22.230884552001953,-0.284787654876709,1.0000000|0.0000000|0.0000000|0.0000000|0.0000000|0.0000000|0.0000000|0.0000000|0.0000000|0.0000000,0,1.0,17.76499393483532,0,0,0,0,0,
cross_town,Town02,mixed,16,41,2.05,37.46135330200195,105.43207550048828,0.22167736291885376,179.79312133789062,0.0,499.7675879071405,0.0,0.008472497574985027,5.32632217886686e-07,9.716046848298185e-06,0.43611965202478165,0.23286762833595276,0.6943603754043579,0.04439181089401245,0.0,0.6358287334442139,0.13999608159065247,1.0,0.3809058368206024,20.99936294555664,0.1337793469429016,1.0000000|0.0000000|0.0000000|0.0000000|0.0000000|0.0000000|0.0000000|0.0000000|0.0000000|0.0000000,0,1.0,17.17122031672807,0,0,0,0,0,
cross_town,Town02,mixed,16,42,2.1,37.46135330200195,105.43207550048828,0.22167736291885376,179.79312133789062,0.0,499.7675879071405,0.0,0.008472497574985027,5.32632217886686e-07,7.2785106133841186e-06,0.4362357482530304,0.7583391666412354,0.8072980642318726,0.4343971312046051,0.0,0.7158287167549133,0.21999607980251312,0.9993114471435547,0.3607461452484131,1.9593244791030884,-0.3401452302932739,1.0000000|0.0000000|0.0000000|0.0000000|0.0000000|0.0000000|0.0000000|0.0000000|0.0000000|0.0000000,0,1.0,16.865596630876446,0,0,0,0,0,
cross_town,Town02,mixed,16,43,2.15,37.46135330200195,105.43207550048828,0.22167736291885376,179.79312133789062,0.0,499.7675879071405,0.0,0.008472497574985027,5.32632217886686e-07,0.0,0.43812400259152473,0.09884011745452881,0.3419538736343384,0.04780477657914162,0.0,0.6358287334442139,0.13999608159065247,0.9809426069259644,0.800000011920929,0.6852637529373169,-1.4573451280593872,1.0000000|0.0000000|0.0000000|0.0000000|0.0000000|0.0000000|0.0000000|0.0000000|0.0000000|0.0000000,0,1.0,16.63425977888662,0,0,0,0,0,
cross_town,Town02,mixed,16,44,2.2,37.46135330200195,105.43207550048828,0.22167736291885376,179.79312133789062,0.0,499.7675879071405,0.0,0.008472497574985027,5.32632217886686e-07,2.9182578743398567e-06,0.43627201124108417,0.12089452147483826,0.6258345246315002,0.2758249044418335,0.0,0.6258345246315002,0.21999607980251312,0.9999998807907104,0.36997395753860474,4.062185287475586,0.40788733959198,0.6672428|0.3327573|0.0000000|0.0000000|0.0000000|0.0000000|0.0000000|0.0000000|0.0000000|0.0000000,0,0.6672427654266357,16.576387788446148,0,0,0,0,0,
cross_town,Town02,mixed,16,45,2.25,37.46135330200195,105.43207550048828,0.22167736291885376,179.79312133789062,0.0,499.7675879071405,0.0,0.008472497574985027,5.32632217886686e-07,4.806943722801561e-06,0.43632747617206147,0.15521222352981567,0.4831782877445221,0.03792962804436684,0.0,0.5458345413208008,0.13999608159065247,1.0,0.3879152536392212,12.030710220336914,-0.13014280796051025,1.0000000|0.0000000|0.0000000|0.0000000|0.0000000|0.0000000|0.0000000|0.0000000|0.0000000|0.0000000,0,1.0,16.573915082674123,0,0,0,0,0,
cross_town,Town02,mixed,16,46,2.3,37.46135330200195,105.43207550048828,0.22167736291885376,179.79312133789062,0.0,499.7675879071405,0.0,0.008472497574985027,5.32632217886686e-07,4.2576617392648165e-06,0.4363846568242851,0.16989433765411377,0.7305488586425781,0.3691251575946808,0.0,0.6258345246315002,0.21999607980251312,1.0,0.37154603004455566,4.7727580070495605,0.0847311019897461,0.6882576|0.3117424|0.0000000|0.0000000|0.0000000|0.0000000|0.0000000|0.0000000|0.0000000|0.0000000,0,0.6882575750350952,16.682791277594607,0,0,0,0,0,
cross_town,Town02,mixed,16,47,2.35,37.46135330200195,105.43207550048828,0.22167736291885376,179.79312133789062,0.0,499.7675879071405,0.0,0.008472497574985027,5.32632217886686e-07,3.7461760409563406e-06,0.436443414750354,0.11265325546264648,0.7478081583976746,0.36239093542099,0.0,0.7058345079421997,0.2999960780143738,1.0,0.37261492013931274,9.16083812713623,0.13792377710342407,0.6891491|0.3108509|0.0000000|0.0000000|0.0000000|0.0000000|0.0000000|0.0000000|0.0000000|0.0000000,0,0.6891491413116455,16.784023577416786,0,0,0,0,0,
cross_town,Town02,mixed,16,48,2.4,37.46135330200195,105.43207550048828,0.22167736291885376,179.79312133789062,0.0,499.7675879071405,0.0,0.008472497574985027,5.32632217886686e-07,6.730530881980594e-06,0.436503715368014,0.24051690101623535,0.4336135983467102,0.02966127172112465,0.0,0.6258345246315002,0.21999607980251312,1.0,0.3936544358730316,20.755937576293945,-0.5369376540184021,1.0000000|0.0000000|0.0000000|0.0000000|0.0000000|0.0000000|0.0000000|0.0000000|0.0000000|0.0000000,0,1.0,16.941908341692137,0,0,0,0,0,
cross_town,Town02,mixed,16,49,2.45,37.46135330200195,105.43207550048828,0.22167736291885376,179.79312133789062,0.0,499.7675879071405,0.0,0.008472497574985027,5.32632217886686e-07,4.883035991363366e-06,0.4365654510941094,0.18553578853607178,0.630739688873291,0.021188320592045784,0.0,0.630739688873291,0.13999608159065247,1.0,0.39563456177711487,19.22513771057129,-0.04132270812988281,1.0000000|0.0000000|0.0000000|0.0000000|0.0000000|0.0000000|0.0000000|0.0000000|0.0000000|0.0000000,0,1.0,17.054064235856202,0,0,0,0,0,
cross_town,Town02,mixed,16,50,2.5,37.46135330200195,105.43207550048828,0.22167736291885376,179.79312133789062,0.0,499.7675879071405,0.0,0.008472497574985027,5.32632217886686e-07,6.321353055679832e-06,0.4366285982807328,0.1570231318473816,0.6743953227996826,0.022197112441062927,0.0,0.6743953227996826,0.05999608337879181,1.0,0.39762529730796814,13.089578628540039,0.11958551406860352,1.0000000|0.0000000|0.0000000|0.0000000|0.0000000|0.0000000|0.0000000|0.0000000|0.0000000|0.0000000,0,1.0,17.20271122983006,0,0,0,0,0,
cross_town,Town02,mixed,16,51,2.55,37.46135330200195,105.43207550048828,0.22167736291885376,179.79312133789062,0.0,499.7675879071405,0.0,0.008472497574985027,5.32632217886686e-07,3.5055258053080105e-06,0.4402767947931029,0.052355021238327026,0.7189831137657166,0.11842164397239685,0.0,0.7189831137657166,0.11842164397239685,1.0,0.3996136784553528,8.859336853027344,0.1516842246055603,1.0000000|0.0000000|0.0000000|0.0000000|0.0000000|0.0000000|0.0000000|0.0000000|0.0000000|0.0000000,0,1.0,17.292504234525136,0,0,0,0,0,
cross_town,Town02,mixed,16,52,2.6,37.46135330200195,105.43207550048828,0.22167736291885376,179.79312133789062,0.0,499.7675879071405,0.0,0.008472497574985027,5.32632217886686e-07,3.0902045034539895e-07,0.4422315894915786,0.10275638103485107,0.5556939244270325,0.16130900382995605,0.0,0.6389831304550171,0.16130900382995605,1.0,0.377975732088089,8.854846000671387,0.21448010206222534,0.7047371|0.2952629|0.0000000|0.0000000|0.0000000|0.0000000|0.0000000|0.0000000|0.0000000|0.0000000,0,0.70473712682724,17.408895792455613,0,0,0,0,0,
cross_town,Town02,mixed,16,53,2.65,37.46135330200195,105.43207550048828,0.22167736291885376,179.79312133789062,0.0,499.7675879071405,0.0,0.008472497574985027,5.32632217886686e-07,1.9608323927757133e-06,0.44393527110275016,0.0920630693435669,0.7904166579246521,0.1395067572593689,0.0,0.7189831137657166,0.1395067572593689,1.0,0.37793946266174316,8.828872680664062,-0.278251051902771,0.7411397|0.2588603|0.0000000|0.0000000|0.0000000|0.0000000|0.0000000|0.0000000|0.0000000|0.0000000,0,0.7411397099494934,17.442126338492063,0,0,0,0,0,
cross_town,Town02,mixed,16,54,2.7,37.46135330200195,105.43207550048828,0.22167736291885376,179.79312133789062,0.0,499.7675879071405,0.0,0.008472497574985027,5.32632217886686e-07,1.3390510704048328e-06,0.4368938459388643,0.8593923449516296,0.8866947889328003,0.48410627245903015,0.0,0.798983097076416,0.21950675547122955,1.0,0.36993950605392456,12.671919822692871,-0.6986781358718872,1.0000000|0.0000000|0.0000000|0.0000000|0.0000000|0.0000000|0.0000000|0.0000000|0.0000000|0.0000000,0,1.0,17.523754789018316,0,0,0,0,0,
cross_town,Town02,mixed,16,55,2.75,37.46135330200195,105.43207550048828,0.22167736291885376,179.79312133789062,0.0,499.7675879071405,0.0,0.008472497574985027,5.32632217886686e-07,1.857030974126067e-06,0.43696313451256846,0.8802651166915894,0.9222851991653442,0.6535531282424927,0.0,0.8789830803871155,0.2995067536830902,1.0,0.37092122435569763,7.676562309265137,-0.48992466926574707,1.0000000|0.0000000|0.0000000|0.0000000|0.0000000|0.0000000|0.0000000|0.0000000|0.0000000|0.0000000,0,1.0,17.531310060312915,0,0,0,0,0,
cross_town,Town02,mixed,16,56,2.8,37.46135330200195,105.43207550048828,0.22167736291885376,179.79312133789062,0.0,499.7675879071405,0.0,0.008472497574985027,5.32632217886686e-07,2.3370446280597462e-06,0.4370334685582454,0.8000731468200684,0.8930797576904297,0.7394442558288574,0.0,0.8930797576904297,0.37950676679611206,0.9999998807907104,0.3719387650489807,4.208158493041992,-0.142849862575531,1.0000000|0.0000000|0.0000000|0.0000000|0.0000000|0.0000000|0.0000000|0.0000000|0.0000000|0.0000000,0,1.0,17.608296232292773,0,0,0,0,0,
cross_town,Town02,mixed,16,57,2.85,37.46135330200195,105.43207550048828,0.22167736291885376,179.79312133789062,0.0,499.7675879071405,0.0,0.008472497574985027,5.32632217886686e-07,2.849689626883606e-06,0.43710465629051587,0.6454360485076904,0.9365882873535156,0.7588505148887634,0.0,0.9365882873535156,0.4595067799091339,1.0,0.3729926347732544,4.368752956390381,0.3557455539703369,1.0000000|0.0000000|0.0000000|0.0000000|0.0000000|0.0000000|0.0000000|0.0000000|0.0000000|0.0000000,0,1.0,17.623759828484427,0,0,0,0,0,
cross_town,Town02,mixed,16,58,2.9,37.46135330200195,105.43207550048828,0.22167736291885376,179.79312133789062,0.0,499.7675879071405,0.0,0.008472497574985027,5.32632217886686e-07,4.53194463209921e-06,0.4371765383218657,0.482254296541214,0.9482439756393433,0.7558448314666748,0.0,0.9482439756393433,0.5395067930221558,0.9999996423721313,0.37408217787742615,3.8037402629852295,0.8711316585540771,1.0000000|0.0000000|0.0000000|0.0000000|0.0000000|0.0000000|0.0000000|0.0000000|0.0000000|0.0000000,0,1.0,17.72243875739151,0,0,0,0,0,
cross_town,Town02,mixed,16,59,2.95,37.46135330200195,105.43207550048828,0.22167736291885376,179.79312133789062,0.0,499.7675879071405,0.0,0.008472497574985027,5.32632217886686e-07,3.915429607022006e-06,0.43724857751289975,0.38416799902915955,0.9439646005630493,0.7541344165802002,0.0,0.9439646005630493,0.6195067763328552,0.9999997615814209,0.3752056360244751,3.939362049102783,1.1782984733581543,1.0000000|0.0000000|0.0000000|0.0000000|0.0000000|0.0000000|0.0000000|0.0000000|0.0000000|0.0000000,0,1.0,17.76246416044057,0,0,0,0,0,
cross_town,Town02,mixed,16,60,3.0,37.46135330200195,105.43207550048828,0.22167736291885376,179.79312133789062,0.0,499.7675879071405,0.0,0.008472497574985027,5.32632217886686e-07,1.0301670675854627e-07,0.4559591868825846,0.05705711245536804,0.5622910857200623,0.028396207839250565,0.0,0.8639646172523499,0.5395067930221558,0.8136118054389954,0.800000011920929,0.06841292232275009,-1.245814561843872,1.0000000|0.0000000|0.0000000|0.0000000|0.0000000|0.0000000|0.0000000|0.0000000|0.0000000|0.0000000,0,1.0,17.887907850369384,0,0,0,0,0,
cross_town,Town02,mixed,16,61,3.05,37.46135330200195,105.43207550048828,0.22167736291885376,179.79312133789062,0.0,499.7675879071405,0.0,0.008472497574985027,5.32632217886686e-07,6.180096259182644e-07,0.43739152362355455,0.5005319714546204,0.9478211402893066,0.7732833027839661,0.0,0.9439646005630493,0.6195067763328552,1.0,0.37753212451934814,4.606372356414795,1.029018521308899,1.0000000|0.0000000|0.0000000|0.0000000|0.0000000|0.0000000|0.0000000|0.0000000|0.0000000|0.0000000,0,1.0,17.946482538628207,0,0,0,0,0,
cross_town,Town02,mixed,16,62,3.1,37.46135330200195,105.43207550048828,0.22167736291885376,179.79312133789062,0.0,499.7675879071405,0.0,0.008472497574985027,5.32632217886686e-07,1.1331069297123996e-06,0.43746270913649393,0.2786479890346527,0.9396423101425171,0.7674809694290161,0.0,0.9396423101425171,0.6995067596435547,0.9999903440475464,0.3787231743335724,3.0091023445129395,1.4525822401046753,1.0000000|0.0000000|0.0000000|0.0000000|0.0000000|0.0000000|0.0000000|0.0000000|0.0000000|0.0000000,0,1.0,18.08661884436417,0,0,0,0,0,
cross_town,Town02,mixed,16,63,3.15,37.46135330200195,105.43207550048828,0.22167736291885376,179.79312133789062,0.0,499.7675879071405,0.0,0.008472497574985027,5.32632217886686e-07,1.5828279666504297e-06,0.4441529700084458,0.046894341707229614,0.6449692845344543,0.05951681360602379,0.0,0.8596423268318176,0.6195067763328552,0.9337783455848694,0.800000011920929,0.36155784130096436,-1.1244275569915771,1.0000000|0.0000000|0.0000000|0.0000000|0.0000000|0.0000000|0.0000000|0.0000000|0.0000000|0.0000000,0,1.0,18.145544904550494,0,0,0,0,0,
cross_town,Town02,mixed,16,64,3.2,37.46135330200195,105.43207550048828,0.22167736291885376,179.79312133789062,0.0,499.7675879071405,0.0,0.008472497574985027,5.32632217886686e-07,2.1287044416599437e-06,0.44470516556705103,0.03261503577232361,0.511755645275116,-0.002926836721599102,0.0,0.7796423435211182,0.5395067930221558,0.9289352893829346,0.800000011920929,0.3426121771335602,-1.0502126216888428,1.0000000|0.0000000|0.0000000|0.0000000|0.0000000|0.0000000|0.0000000|0.0000000|0.0000000|0.0000000,0,1.0,18.290362198697053,0,0,0,0,0,
cross_town,Town02,mixed,16,65,3.25,37.46135330200195,105.43207550048828,0.22167736291885376,179.79312133789062,0.0,499.7675879071405,0.0,0.008472497574985027,5.32632217886686e-07,2.7143412527835234e-06,0.46103971152971734,0.2268608808517456,0.9520221948623657,0.6518957018852234,0.0,0.8596423268318176,0.6195067763328552,0.7662564516067505,0.3823575973510742,0.4144655168056488,1.4010083675384521,1.0000000|0.0000000|0.0000000|0.0000000|0.0000000|0.0000000|0.0000000|0.0000000|0.0000000|0.0000000,0,1.0,18.337060622087133,0,0,0,0,0,
cross_town,Town02,mixed,16,66,3.3,37.46135330200195,105.43207550048828,0.22167736291885376,179.79312133789062,0.0,499.7675879071405,0.0,0.008472497574985027,5.32632217886686e-07,3.2633423553230916e-06,0.4377310301860859,0.3076361417770386,0.951687216758728,0.7787725329399109,0.0,0.9396423101425171,0.6995067596435547,0.9999980926513672,0.3835841715335846,3.415174961090088,1.506761908531189,1.0000000|0.0000000|0.0000000|0.0000000|0.0000000|0.0000000|0.0000000|0.0000000|0.0000000|0.0000000,0,1.0,18.46661217303226,0,0,0,0,0,
cross_town,Town02,mixed,16,67,3.35,37.46135330200195,105.43207550048828,0.22167736291885376,179.79312133789062,0.0,499.7675879071405,0.0,0.008472497574985027,5.32632217886686e-07,3.8123776388674313e-06,0.43779903706490425,0.1910696029663086,0.9479101896286011,0.7973485589027405,0.0,0.9479101896286011,0.7795067429542542,0.9999614953994751,0.3848183751106262,2.656358242034912,1.5419325828552246,1.0000000|0.0000000|0.0000000|0.0000000|0.0000000|0.0000000|0.0000000|0.0000000|0.0000000|0.0000000,0,1.0,18.496023285942666,0,0,0,0,0,
cross_town,Town02,mixed,16,68,3.4,37.46135330200195,105.43207550048828,0.22167736291885376,179.79312133789062,0.0,499.7675879071405,0.0,0.008472497574985027,5.32632217886686e-07,4.327483410153533e-06,0.44427533557649374,0.13460174202919006,0.9589293003082275,0.8349814414978027,0.0,0.9589293003082275,0.8349814414978027,0.9757022857666016,0.38606083393096924,1.0371325016021729,1.3952000141143799,1.0000000|0.0000000|0.0000000|0.0000000|0.0000000|0.0000000|0.0000000|0.0000000|0.0000000|0.0000000,0,1.0,18.618189907254486,0,0,0,0,0,
cross_town,Town02,mixed,16,69,3.45,37.46135330200195,105.43207550048828,0.22167736291885376,179.79312133789062,0.0,499.7675879071405,0.0,0.008472497574985027,5.32632217886686e-07,4.806539005003399e-07,0.44146781411654507,0.029388129711151123,0.7771362066268921,0.12230381369590759,0.0,0.8789293169975281,0.7549814581871033,0.9645301103591919,0.800000011920929,0.5257390141487122,-0.7430654764175415,1.0000000|0.0000000|0.0000000|0.0000000|0.0000000|0.0000000|0.0000000|0.0000000|0.0000000|0.0000000,0,1.0,18.639454235084397,0,0,0,0,0,
cross_town,Town02,mixed,16,70,3.5,37.46135330200195,105.43207550048828,0.22167736291885376,179.79312133789062,0.0,499.7675879071405,0.0,0.008472497574985027,5.32632217886686e-07,1.1329699389936175e-06,0.4404046449690311,0.1606733202934265,0.9506314396858215,0.8218317627906799,0.0,0.9506314396858215,0.8218317627906799,0.9989483952522278,0.3885773718357086,1.8254988193511963,1.3186142444610596,1.0000000|0.0000000|0.0000000|0.0000000|0.0000000|0.0000000|0.0000000|0.0000000|0.0000000|0.0000000,0,1.0,18.764431398722078,0,0,0,0,0,
cross_town,Town02,mixed,16,71,3.55,37.46135330200195,105.43207550048828,0.22167736291885376,179.79312133789062,0.0,499.7675879071405,0.0,0.008472497574985027,5.32632217886686e-07,1.682282346439728e-06,0.44521636523617847,0.08075374364852905,0.959457516670227,0.842409074306488,0.0,0.959457516670227,0.842409074306488,0.9999827146530151,0.3898541033267975,2.8515818119049072,1.034305453300476,1.0000000|0.0000000|0.0000000|0.0000000|0.0000000|0.0000000|0.0000000|0.0000000|0.0000000|0.0000000,0,1.0,18.78867999818912,0,0,0,0,0,
cross_town,Town02,mixed,16,72,3.6,37.46135330200195,105.43207550048828,0.22167736291885376,179.79312133789062,0.0,499.7675879071405,0.0,0.008472497574985027,5.32632217886686e-07,2.1972744280347983e-06,0.4459573809700385,0.12024766206741333,0.9675464630126953,0.8720090389251709,0.0,0.9675464630126953,0.8720090389251709,0.987736165523529,0.3911438286304474,1.2060449123382568,1.3619529008865356,1.0000000|0.0000000|0.0000000|0.0000000|0.0000000|0.0000000|0.0000000|0.0000000|0.0000000|0.0000000,0,1.0,18.92537903618044,0,0,0,0,0,
cross_town,Town02,mixed,16,73,3.65,37.46135330200195,105.43207550048828,0.22167736291885376,179.79312133789062,0.0,499.7675879071405,0.0,0.008472497574985027,5.32632217886686e-07,2.7809147918403697e-06,0.48660971696821703,0.1106957197189331,0.9666157364845276,0.8853980898857117,0.0,0.9666157364845276,0.8853980898857117,0.5901627540588379,0.39244768023490906,0.19871188700199127,1.4618630409240723,1.0000000|0.0000000|0.0000000|0.0000000|0.0000000|0.0000000|0.0000000|0.0000000|0.0000000|0.0000000,0,1.0,18.957668567835956,0,0,0,0,0,
cross_town,Town02,mixed,16,74,3.7,37.46135330200195,105.43207550048828,0.22167736291885376,179.79312133789062,0.0,499.7675879071405,0.0,0.008472497574985027,5.32632217886686e-07,3.295922005679331e-06,0.44625118882156467,0.09130901098251343,0.9688715934753418,0.8846704959869385,0.0,0.9688715934753418,0.8846704959869385,0.9964711666107178,0.3937648832798004,1.5170453786849976,1.1888779401779175,1.0000000|0.0000000|0.0000000|0.0000000|0.0000000|0.0000000|0.0000000|0.0000000|0.0000000|0.0000000,0,1.0,19.106296587406987,0,0,0,0,0,
cross_town,Town02,mixed,16,75,3.75,37.46135330200195,105.43207550048828,0.22167736291885376,179.79312133789062,0.0,499.7675879071405,0.0,0.008472497574985027,5.32632217886686e-07,3.845217117165675e-06,0.44626525102727876,0.10569408535957336,0.9713132381439209,0.8883340954780579,0.0,0.9713132381439209,0.8883340954780579,0.9967445135116577,0.39509591460227966,1.535941243171692,1.247654676437378,1.0000000|0.0000000|0.0000000|0.0000000|0.0000000|0.0000000|0.0000000|0.0000000|0.0000000|0.0000000,0,1.0,19.142922631147137,0,0,0,0,0,
cross_town,Town02,mixed,16,76,3.8,37.46135330200195,105.43207550048828,0.22167736291885376,179.79312133789062,0.0,499.7675879071405,0.0,0.008472497574985027,5.32632217886686e-07,4.428866933370665e-06,0.43839044117473797,0.021143287420272827,0.8288445472717285,0.15062561631202698,0.0,0.8913132548332214,0.8083341121673584,0.9994126558303833,0.800000011920929,1.5598002672195435,-0.6500271558761597,1.0000000|0.0000000|0.0000000|0.0000000|0.0000000|0.0000000|0.0000000|0.0000000|0.0000000|0.0000000,0,1.0,19.297687183836935,0,0,0,0,0,
cross_town,Town02,mixed,16,77,3.85,37.46135330200195,105.43207550048828,0.22167736291885376,179.79312133789062,0.0,499.7675879071405,0.0,0.008472497574985027,5.32632217886686e-07,2.059957959935626e-07,0.44183017408282976,0.17659059166908264,0.9619072079658508,0.8677699565887451,0.0,0.9619072079658508,0.8677699565887451,0.9999724626541138,0.3977954089641571,2.726998805999756,1.1723754405975342,1.0000000|0.0000000|0.0000000|0.0000000|0.0000000|0.0000000|0.0000000|0.0000000|0.0000000|0.0000000,0,1.0,19.33197412063763,0,0,0,0,0,
cross_town,Town02,mixed,16,78,3.9,37.46135330200195,105.43207550048828,0.22167736291885376,179.79312133789062,0.0,499.7675879071405,0.0,0.008472497574985027,5.32632217886686e-07,7.553210039442566e-07,0.44535379927931446,0.14163875579833984,0.9724583029747009,0.8930449485778809,0.0,0.9724583029747009,0.8930449485778809,1.0,0.39916205406188965,4.742127418518066,1.2677652835845947,1.0000000|0.0000000|0.0000000|0.0000000|0.0000000|0.0000000|0.0000000|0.0000000|0.0000000|0.0000000,0,1.0,19.4894193778055,0,0,0,0,0,
cross_town,Town02,mixed,16,79,3.95,37.46135330200195,105.43207550048828,0.22167736291885376,179.79312133789062,0.0,499.7675879071405,0.0,0.008472497574985027,5.32632217886686e-07,1.3732909517067657e-06,0.4461651670614435,0.09358593821525574,0.9715046286582947,0.8904668688774109,0.0,0.9715046286582947,0.8904668688774109,1.0,0.4005393981933594,5.371349811553955,1.0158135890960693,1.0000000|0.0000000|0.0000000|0.0000000|0.0000000|0.0000000|0.0000000|0.0000000|0.0000000|0.0000000,0,1.0,19.518023722082905,0,0,0,0,0,
cross_town,Town02,mixed,16,80,4.0,37.46135330200195,105.43207550048828,0.22167736291885376,179.79312133789062,0.0,499.7675879071405,0.0,0.008472497574985027,5.32632217886686e-07,1.956948279788531e-06,0.44621666144405475,0.1075788140296936,0.9673563241958618,0.896135687828064,0.0,0.9673563241958618,0.896135687828064,0.9996962547302246,0.4019262194633484,2.122819185256958,1.3078696727752686,1.0000000|0.0000000|0.0000000|0.0000000|0.0000000|0.0000000|0.0000000|0.0000000|0.0000000|0.0000000,0,1.0,19.6755320212596,0,0,0,0,0,
cross_town,Town02,mixed,16,81,4.05,37.46135330200195,105.43207550048828,0.22167736291885376,179.79312133789062,0.0,499.7675879071405,0.0,0.008472497574985027,5.32632217886686e-07,2.4719247198445892e-06,0.43865616610615676,0.019846618175506592,0.8356326818466187,0.1547623574733734,0.0,0.8873563408851624,0.8161357045173645,0.9993829727172852,0.800000011920929,1.5475224256515503,-0.6288296580314636,1.0000000|0.0000000|0.0000000|0.0000000|0.0000000|0.0000000|0.0000000|0.0000000|0.0000000|0.0000000,0,1.0,19.694410933941054,0,0,0,0,0,
cross_town,Town02,mixed,16,82,4.1,37.46135330200195,105.43207550048828,0.22167736291885376,179.79312133789062,0.0,499.7675879071405,0.0,0.008472497574985027,5.32632217886686e-07,2.9869081267143463e-06,0.4501592784222887,0.02859419584274292,0.7676284313201904,0.13056153059005737,0.0,0.8073563575744629,0.736135721206665,0.8843518495559692,0.800000011920929,0.20857568085193634,-0.5216677784919739,1.0000000|0.0000000|0.0000000|0.0000000|0.0000000|0.0000000|0.0000000|0.0000000|0.0000000|0.0000000,0,1.0,19.853394913290206,0,0,0,0,0,
cross_town,Town02,mixed,16,83,4.15,37.46135330200195,105.43207550048828,0.22167736291885376,179.79312133789062,0.0,499.7675879071405,0.0,0.008472497574985027,5.32632217886686e-07,3.6048910862947116e-06,0.44526679804890607,0.03128361701965332,0.6230568289756775,0.0661962553858757,0.0,0.7273563742637634,0.6561357378959656,0.9332766532897949,0.800000011920929,0.3595369756221771,-0.4323771595954895,1.0000000|0.0000000|0.0000000|0.0000000|0.0000000|0.0000000|0.0000000|0.0000000|0.0000000|0.0000000,0,1.0,19.86856324665529,0,0,0,0,0,
cross_town,Town02,mixed,16,84,4.2,37.46135330200195,105.43207550048828,0.22167736291885376,179.79312133789062,0.0,499.7675879071405,0.0,0.008472497574985027,5.32632217886686e-07,4.257202573459e-06,0.4386135309037491,0.02981320023536682,0.4839012324810028,0.060136470943689346,0.0,0.647356390953064,0.5761357545852661,0.9998093247413635,0.800000011920929,1.841082215309143,-0.29036545753479004,1.0000000|0.0000000|0.0000000|0.0000000|0.0000000|0.0000000|0.0000000|0.0000000|0.0000000|0.0000000,0,1.0,20.033068779975107,0,0,0,0,0,
cross_town,Town02,mixed,16,85,4.25,37.46135330200195,105.43207550048828,0.22167736291885376,179.79312133789062,0.0,499.7675879071405,0.0,0.008472497574985027,5.32632217886686e-07,0.0,0.4447180421647357,0.017607927322387695,0.7857433557510376,0.23606915771961212,0.0,0.7273563742637634,0.49613574147224426,0.9387641549110413,0.800000011920929,0.38245806097984314,-0.07149219512939453,1.0000000|0.0000000|0.0000000|0.0000000|0.0000000|0.0000000|0.0000000|0.0000000|0.0000000|0.0000000,0,1.0,19.955881390218657,0,0,0,0,0,
cross_town,Town02,mixed,16,86,4.3,37.46135330200195,105.43207550048828,0.22167736291885376,179.79312133789062,0.0,499.7675879071405,0.0,0.008472497574985027,5.32632217886686e-07,4.80681436916296e-07,0.45823246553509694,0.011486291885375977,0.7872711420059204,0.1867651641368866,0.0,0.7872711420059204,0.4161357283592224,0.803619921207428,0.800000011920929,0.052268631756305695,-0.29706162214279175,1.0000000|0.0000000|0.0000000|0.0000000|0.0000000|0.0000000|0.0000000|0.0000000|0.0000000|0.0000000,0,1.0,19.95542547474256,0,0,0,0,0,
cross_town,Town02,mixed,16,87,4.35,37.46135330200195,105.43207550048828,0.22167736291885376,179.79312133789062,0.0,499.7675879071405,0.0,0.008472497574985027,5.32632217886686e-07,1.1329668418961902e-06,0.45052519157498305,0.009020239114761353,0.8553439974784851,0.2659620940685272,0.0,0.8553439974784851,0.33613571524620056,0.8806926608085632,0.800000011920929,0.19975143671035767,-0.9303063154220581,1.0000000|0.0000000|0.0000000|0.0000000|0.0000000|0.0000000|0.0000000|0.0000000|0.0000000|0.0000000,0,1.0,20.08753310780526,0,0,0,0,0,
cross_town,Town02,mixed,16,88,4.4,37.46135330200195,105.43207550048828,0.22167736291885376,179.79312133789062,0.0,499.7675879071405,0.0,0.008472497574985027,5.32632217886686e-07,1.8196122072252945e-06,0.4678293974169161,0.01461559534072876,0.8042112588882446,0.32004624605178833,0.0,0.8042112588882446,0.32004624605178833,0.7813441753387451,0.800000011920929,0.018379172310233116,-1.100710153579712,1.0000000|0.0000000|0.0000000|0.0000000|0.0000000|0.0000000|0.0000000|0.0000000|0.0000000|0.0000000,0,1.0,20.294483179197755,0,0,0,0,0,
cross_town,Town02,mixed,16,89,4.45,37.46135330200195,105.43207550048828,0.22167736291885376,179.79312133789062,0.0,499.7675879071405,0.0,0.008472497574985027,5.32632217886686e-07,2.4032596084935538e-06,0.4632253065369376,0.012675106525421143,0.7874699831008911,0.2739713788032532,0.0,0.7874699831008911,0.2739713788032532,0.805016815662384,0.800000011920929,0.054487504065036774,-1.0439503192901611,1.0000000|0.0000000|0.0000000|0.0000000|0.0000000|0.0000000|0.0000000|0.0000000|0.0000000|0.0000000,0,1.0,20.43531672528603,0,0,0,0,0,
cross_town,Town02,mixed,16,90,4.5,37.46135330200195,105.43207550048828,0.22167736291885376,179.79312133789062,0.0,499.7675879071405,0.0,0.008472497574985027,5.32632217886686e-07,2.8839125591892902e-06,0.4495547387705283,0.03365510702133179,0.6085729002952576,0.21370932459831238,0.0,0.7074699997901917,0.21370932459831238,0.9236190319061279,0.800000011920929,0.3231413960456848,-1.0933912992477417,1.0000000|0.0000000|0.0000000|0.0000000|0.0000000|0.0000000|0.0000000|0.0000000|0.0000000|0.0000000,0,1.0,20.621764651526373,0,0,0,0,0,
cross_town,Town02,mixed,16,91,4.55,37.46135330200195,105.43207550048828,0.22167736291885376,179.79312133789062,0.0,499.7675879071405,0.0,0.008472497574985027,5.32632217886686e-07,3.364565148277233e-06,0.44152969124882707,0.10952454805374146,0.33583924174308777,0.0420495867729187,0.0,0.6274700164794922,0.13370932638645172,0.9706476926803589,0.800000011920929,0.5746482610702515,-1.494326114654541,1.0000000|0.0000000|0.0000000|0.0000000|0.0000000|0.0000000|0.0000000|0.0000000|0.0000000|0.0000000,0,1.0,20.62629520514189,0,0,0,0,0,
cross_town,Town02,mixed,16,92,4.6,37.46135330200195,105.43207550048828,0.22167736291885376,179.79312133789062,0.0,499.7675879071405,0.0,0.008472497574985027,5.32632217886686e-07,3.948211918684894e-06,0.4632361141950542,0.10707321763038635,0.2211351990699768,0.1889885663986206,0.0,0.5474700331687927,0.1889885663986206,0.7937139272689819,0.800000011920929,0.03686482831835747,-1.0669670104980469,1.0000000|0.0000000|0.0000000|0.0000000|0.0000000|0.0000000|0.0000000|0.0000000|0.0000000|0.0000000,0,1.0,20.47553182315916,0,0,0,0,0,
cross_town,Town02,mixed,16,93,4.65,37.46135330200195,105.43207550048828,0.22167736291885376,179.79312133789062,0.0,499.7675879071405,0.0,0.008472497574985027,5.32632217886686e-07,4.6348578465802625e-06,0.45607745812461425,0.05196702480316162,0.10870379209518433,0.15721064805984497,0.0,0.4674700200557709,0.15721064805984497,0.889851987361908,0.800000011920929,0.22230756282806396,-1.2368223667144775,1.0000000|0.0000000|0.0000000|0.0000000|0.0000000|0.0000000|0.0000000|0.0000000|0.0000000|0.0000000,0,1.0,20.227380615128506,0,0,0,0,0,
cross_town,Town02,mixed,16,94,4.7,37.46135330200195,105.43207550048828,0.22167736291885376,179.79312133789062,0.0,499.7675879071405,0.0,0.008472497574985027,5.32632217886686e-07,3.7766256544726886e-07,0.4560744702641398,0.03346791863441467,0.1273917555809021,0.1347196400165558,0.0,0.387470006942749,0.1347196400165558,0.895929753780365,0.800000011920929,0.23819884657859802,-1.6583997011184692,1.0000000|0.0000000|0.0000000|0.0000000|0.0000000|0.0000000|0.0000000|0.0000000|0.0000000|0.0000000,0,1.0,19.953948087196068,0,0,0,0,0,
cross_town,Town02,mixed,16,95,4.75,37.46135330200195,105.43207550048828,0.22167736291885376,179.79312133789062,0.0,499.7675879071405,0.0,0.008472497574985027,5.32632217886686e-07,9.269752516840556e-07,0.4518241493785222,0.02575799822807312,0.12985992431640625,0.13859887421131134,0.0,0.3074699938297272,0.13859887421131134,0.9443225264549255,0.800000011920929,0.40772300958633423,-1.9919456243515015,1.0000000|0.0000000|0.0000000|0.0000000|0.0000000|0.0000000|0.0000000|0.0000000|0.0000000|0.0000000,0,1.0,19.72648981036961,0,0,0,0,0,
cross_town,Town02,mixed,16,96,4.8,37.46135330200195,105.43207550048828,0.22167736291885376,179.79312133789062,0.0,499.7675879071405,0.0,0.008472497574985027,5.32632217886686e-07,1.4076294253094681e-06,0.454183604781537,0.02389177680015564,0.15127289295196533,0.15099722146987915,0.0,0.22746999561786652,0.15099722146987915,0.919063925743103,0.800000011920929,0.3074241280555725,-1.925841212272644,1.0000000|0.0000000|0.0000000|0.0000000|0.0000000|0.0000000|0.0000000|0.0000000|0.0000000|0.0000000,0,1.0,19.598712893176767,0,0,0,0,0,
cross_town,Town02,mixed,16,97,4.85,37.46135330200195,105.43207550048828,0.22167736291885376,179.79312133789062,0.0,499.7675879071405,0.0,0.008472497574985027,5.32632217886686e-07,1.9569403387685145e-06,0.4447805827315367,0.03748372197151184,0.2187442183494568,0.1990162879228592,0.0,0.2187442183494568,0.1990162879228592,0.9872688055038452,0.800000011920929,0.7877228856086731,-1.7123268842697144,1.0000000|0.0000000|0.0000000|0.0000000|0.0000000|0.0000000|0.0000000|0.0000000|0.0000000|0.0000000,0,1.0,19.58806362685691,0,0,0,0,0,
cross_town,Town02,mixed,16,98,4.9,37.46135330200195,105.43207550048828,0.22167736291885376,179.79312133789062,0.0,499.7675879071405,0.0,0.008472497574985027,5.32632217886686e-07,2.6435862134824215e-06,0.4476816935693141,0.03647759556770325,0.13333353400230408,0.15700799226760864,0.0,0.13874422013759613,0.15700799226760864,0.9647513031959534,0.800000011920929,0.5273603200912476,-1.4103835821151733,1.0000000|0.0000000|0.0000000|0.0000000|0.0000000|0.0000000|0.0000000|0.0000000|0.0000000|0.0000000,0,1.0,19.67466319723944,0,0,0,0,0,
cross_town,Town02,mixed,16,99,4.95,37.46135330200195,105.43207550048828,0.22167736291885376,179.79312133789062,0.0,499.7675879071405,0.0,0.008472497574985027,5.32632217886686e-07,3.158570283258104e-06,0.43977366092770576,0.056877702474594116,0.47325852513313293,0.2467392086982727,0.0,0.2187442183494568,0.2370079904794693,0.988207995891571,0.800000011920929,0.8071172833442688,-1.888140320777893,1.0000000|0.0000000|0.0000000|0.0000000|0.0000000|0.0000000|0.0000000|0.0000000|0.0000000|0.0000000,0,1.0,19.812497070723836,0,0,0,0,0,
cross_town,Town02,mixed,16,100,5.0,37.46135330200195,105.43207550048828,0.22167736291885376,179.79312133789062,0.0,499.7675879071405,0.0,0.008472497574985027,5.32632217886686e-07,3.6735537843037506e-06,0.45671266916363706,0.06051677465438843,0.14753901958465576,0.08448359370231628,0.0,0.14753901958465576,0.15700799226760864,0.8188179135322571,0.800000011920929,0.07708988338708878,-1.4993218183517456,1.0000000|0.0000000|0.0000000|0.0000000|0.0000000|0.0000000|0.0000000|0.0000000|0.0000000|0.0000000,0,1.0,19.9453108399418,0,0,0,0,0,
cross_town,Town02,mixed,16,101,5.05,37.46135330200195,105.43207550048828,0.22167736291885376,179.79312133789062,0.0,499.7675879071405,0.0,0.008472497574985027,5.32632217886686e-07,4.291534817451744e-06,0.43987482789128307,0.054038822650909424,0.4405343532562256,0.2438553273677826,0.0,0.22753901779651642,0.2370079904794693,0.9871963262557983,0.800000011920929,0.7862833738327026,-1.8760689496994019,1.0000000|0.0000000|0.0000000|0.0000000|0.0000000|0.0000000|0.0000000|0.0000000|0.0000000|0.0000000,0,1.0,20.01743697378302,0,0,0,0,0,
cross_town,Town02,mixed,16,102,5.1,37.46135330200195,105.43207550048828,0.22167736291885376,179.79312133789062,0.0,499.7675879071405,0.0,0.008472497574985027,5.32632217886686e-07,1.3734127489238434e-07,0.45554285648434645,0.06033596396446228,0.1373777985572815,0.09403616189956665,0.0,0.14753901958465576,0.15700799226760864,0.8305160403251648,0.800000011920929,0.09732218086719513,-1.4909275770187378,1.0000000|0.0000000|0.0000000|0.0000000|0.0000000|0.0000000|0.0000000|0.0000000|0.0000000|0.0000000,0,1.0,19.99013066765773,0,0,0,0,0,
cross_town,Town02,mixed,16,103,5.15,37.46135330200195,105.43207550048828,0.22167736291885376,179.79312133789062,0.0,499.7675879071405,0.0,0.008472497574985027,5.32632217886686e-07,6.86652629914968e-07,0.43987485173314106,0.054038822650909424,0.44053399562835693,0.24385516345500946,0.0,0.22753901779651642,0.2370079904794693,0.9871960878372192,0.800000011920929,0.7862793207168579,-1.876069188117981,1.0000000|0.0000000|0.0000000|0.0000000|0.0000000|0.0000000|0.0000000|0.0000000|0.0000000|0.0000000,0,1.0,19.86483624977148,0,0,0,0,0,
cross_town,Town02,mixed,16,104,5.2,37.46135330200195,105.43207550048828,0.22167736291885376,179.79312133789062,0.0,499.7675879071405,0.0,0.008472497574985027,5.32632217886686e-07,1.304629863136539e-06,0.45554274919598564,0.06033596396446228,0.13737770915031433,0.09403620660305023,0.0,0.14753901958465576,0.15700799226760864,0.8305171132087708,0.800000011920929,0.09732408076524734,-1.490925669670105,1.0000000|0.0000000|0.0000000|0.0000000|0.0000000|0.0000000|0.0000000|0.0000000|0.0000000|0.0000000,0,1.0,19.675349119592287,0,0,0,0,0,
cross_town,Town02,mixed,16,105,5.25,37.46135330200195,105.43207550048828,0.22167736291885376,179.79312133789062,0.0,499.7675879071405,0.0,0.008472497574985027,5.32632217886686e-07,1.8196106016584226e-06,0.43987483981221187,0.054038822650909424,0.4405341148376465,0.2438553273677826,0.0,0.22753901779651642,0.2370079904794693,0.9871962070465088,0.800000011920929,0.7862808704376221,-1.8760690689086914,1.0000000|0.0000000|0.0000000|0.0000000|0.0000000|0.0000000|0.0000000|0.0000000|0.0000000|0.0000000,0,1.0,19.472672882334006,0,0,0,0,0,
cross_town,Town02,mixed,16,106,5.3,37.46135330200195,105.43207550048828,0.22167736291885376,179.79312133789062,0.0,499.7675879071405,0.0,0.008472497574985027,5.32632217886686e-07,2.334596155141872e-06,0.45554274919598586,0.060335904359817505,0.13737761974334717,0.09403616935014725,0.0,0.14753901958465576,0.15700799226760864,0.8305171132087708,0.800000011920929,0.09732400625944138,-1.4909262657165527,1.0000000|0.0000000|0.0000000|0.0000000|0.0000000|0.0000000|0.0000000|0.0000000|0.0000000|0.0000000,0,1.0,19.306476460023834,0,0,0,0,0,
cross_town,Town02,mixed,16,107,5.35,37.46135330200195,105.43207550048828,0.22167736291885376,179.79312133789062,0.0,499.7675879071405,0.0,0.008472497574985027,5.32632217886686e-07,2.952575715018486e-06,0.439874839812212,0.054038792848587036,0.4405341148376465,0.2438553124666214,0.0,0.22753901779651642,0.2370079904794693,0.9871962070465088,0.800000011920929,0.7862827777862549,-1.8760690689086914,1.0000000|0.0000000|0.0000000|0.0000000|0.0000000|0.0000000|0.0000000|0.0000000|0.0000000|0.0000000,0,1.0,19.21115286895806,0,0,0,0,0,
cross_town,Town02,mixed,16,108,5.4,37.46135330200195,105.43207550048828,0.22167736291885376,179.79312133789062,0.0,499.7675879071405,0.0,0.008472497574985027,5.32632217886686e-07,3.6048902532841987e-06,0.45554286840527536,0.06033593416213989,0.13737773895263672,0.09403607994318008,0.0,0.14753901958465576,0.15700799226760864,0.8305159211158752,0.800000011920929,0.09732209891080856,-1.4909266233444214,1.0000000|0.0000000|0.0000000|0.0000000|0.0000000|0.0000000|0.0000000|0.0000000|0.0000000|0.0000000,0,1.0,19.196184648525733,0,0,0,0,0,
cross_town,Town02,mixed,16,109,5.45,37.46135330200195,105.43207550048828,0.22167736291885376,179.79312133789062,0.0,499.7675879071405,0.0,0.008472497574985027,5.32632217886686e-07,4.154205052185029e-06,0.4398748398122119,0.054038822650909424,0.44053399562835693,0.2438552975654602,0.0,0.22753901779651642,0.2370079904794693,0.9871962070465088,0.800000011920929,0.786283016204834,-1.8760687112808228,1.0000000|0.0000000|0.0000000|0.0000000|0.0000000|0.0000000|0.0000000|0.0000000|0.0000000|0.0000000,0,1.0,19.24419675318596,0,0,0,0,0,
cross_town,Town02,mixed,16,110,5.5,37.46135330200195,105.43207550048828,0.22167736291885376,179.79312133789062,0.0,499.7675879071405,0.0,0.008472497574985027,5.32632217886686e-07,4.634858371860813e-06,0.45554284456341754,0.06033596396446228,0.13737782835960388,0.09403613954782486,0.0,0.14753901958465576,0.15700799226760864,0.8305161595344543,0.800000011920929,0.09732245653867722,-1.4909271001815796,1.0000000|0.0000000|0.0000000|0.0000000|0.0000000|0.0000000|0.0000000|0.0000000|0.0000000|0.0000000,0,1.0,19.323194699657222,0,0,0,0,0,
cross_town,Town02,mixed,16,111,5.55,37.46135330200195,105.43207550048828,0.22167736291885376,179.79312133789062,0.0,499.7675879071405,0.0,0.008472497574985027,5.32632217886686e-07,4.119876798245087e-07,0.439874827891283,0.054038822650909424,0.44053447246551514,0.2438552975654602,0.0,0.22753901779651642,0.2370079904794693,0.9871963262557983,0.800000011920929,0.7862849235534668,-1.8760695457458496,1.0000000|0.0000000|0.0000000|0.0000000|0.0000000|0.0000000|0.0000000|0.0000000|0.0000000|0.0000000,0,1.0,19.393754689064213,0,0,0,0,0,
cross_town,Town02,mixed,16,112,5.6,37.46135330200195,105.43207550048828,0.22167736291885376,179.79312133789062,0.0,499.7675879071405,0.0,0.008472497574985027,5.32632217886686e-07,1.064303354757e-06,0.45554276707737934,0.06033593416213989,0.13737767934799194,0.09403616935014725,0.0,0.14753901958465576,0.15700799226760864,0.8305169343948364,0.800000011920929,0.09732383489608765,-1.490925669670105,1.0000000|0.0000000|0.0000000|0.0000000|0.0000000|0.0000000|0.0000000|0.0000000|0.0000000|0.0000000,0,1.0,19.417512915421696,0,0,0,0,0,
cross_town,Town02,mixed,16,113,5.65,37.46135330200195,105.43207550048828,0.22167736291885376,179.79312133789062,0.0,499.7675879071405,0.0,0.008472497574985027,5.32632217886686e-07,1.716616446374163e-06,0.4398748398122119,0.054038822650909424,0.44053417444229126,0.2438552975654602,0.0,0.22753901779651642,0.2370079904794693,0.9871962070465088,0.800000011920929,0.7862809300422668,-1.8760689496994019,1.0000000|0.0000000|0.0000000|0.0000000|0.0000000|0.0000000|0.0000000|0.0000000|0.0000000|0.0000000,0,1.0,19.375946552321178,0,0,0,0,0,
cross_town,Town02,mixed,16,114,5.7,37.46135330200195,105.43207550048828,0.22167736291885376,179.79312133789062,0.0,499.7675879071405,0.0,0.008472497574985027,5.32632217886686e-07,2.231598484837164e-06,0.45554274323552124,0.060335904359817505,0.13737764954566956,0.09403622895479202,0.0,0.14753901958465576,0.15700799226760864,0.8305171728134155,0.800000011920929,0.09732422977685928,-1.4909263849258423,1.0000000|0.0000000|0.0000000|0.0000000|0.0000000|0.0000000|0.0000000|0.0000000|0.0000000|0.0000000,0,1.0,19.27251378082157,0,0,0,0,0,
cross_town,Town02,mixed,16,115,5.75,37.46135330200195,105.43207550048828,0.22167736291885376,179.79312133789062,0.0,499.7675879071405,0.0,0.008472497574985027,5.32632217886686e-07,2.746582192714343e-06,0.43987485173314106,0.05403885245323181,0.44053423404693604,0.2438553273677826,0.0,0.22753901779651642,0.2370079904794693,0.9871960878372192,0.800000011920929,0.7862803936004639,-1.8760687112808228,1.0000000|0.0000000|0.0000000|0.0000000|0.0000000|0.0000000|0.0000000|0.0000000|0.0000000|0.0000000,0,1.0,19.13070875632582,0,0,0,0,0,
cross_town,Town02,mixed,16,116,5.8,37.46135330200195,105.43207550048828,0.22167736291885376,179.79312133789062,0.0,499.7675879071405,0.0,0.008472497574985027,5.32632217886686e-07,3.3302328660806116e-06,0.4555428743657399,0.06033593416213989,0.13737773895263672,0.09403616189956665,0.0,0.14753901958465576,0.15700799226760864,0.8305158615112305,0.800000011920929,0.09732191264629364,-1.490926742553711,1.0000000|0.0000000|0.0000000|0.0000000|0.0000000|0.0000000|0.0000000|0.0000000|0.0000000|0.0000000,0,1.0,18.98396282140773,0,0,0,0,0,
cross_town,Town02,mixed,16,117,5.85,37.46135330200195,105.43207550048828,0.22167736291885376,179.79312133789062,0.0,499.7675879071405,0.0,0.008472497574985027,5.32632217886686e-07,3.982543894439213e-06,0.4398748398122119,0.054038822650909424,0.44053423404693604,0.2438553273677826,0.0,0.22753901779651642,0.2370079904794693,0.9871962070465088,0.800000011920929,0.7862821817398071,-1.8760697841644287,1.0000000|0.0000000|0.0000000|0.0000000|0.0000000|0.0000000|0.0000000|0.0000000|0.0000000|0.0000000,0,1.0,18.61426721777356,0,0,0,0,0,
cross_town,Town02,mixed,16,118,5.9,37.46135330200195,105.43207550048828,0.22167736291885376,179.79312133789062,0.0,499.7675879071405,0.0,0.008472497574985027,5.32632217886686e-07,4.566195086457957e-06,0.4555428803262044,0.06033596396446228,0.1373777985572815,0.09403617680072784,0.0,0.14753901958465576,0.15700799226760864,0.8305158019065857,0.800000011920929,0.0973217636346817,-1.490926742553711,1.0000000|0.0000000|0.0000000|0.0000000|0.0000000|0.0000000|0.0000000|0.0000000|0.0000000|0.0000000,0,1.0,18.424437234970107,0,0,0,0,0,
cross_town,Town02,mixed,16,119,5.95,37.46135330200195,105.43207550048828,0.22167736291885376,179.79312133789062,0.0,499.7675879071405,0.0,0.008472497574985027,5.32632217886686e-07,2.0599635665098133e-07,0.4398748278912827,0.054038792848587036,0.44053423404693604,0.2438553124666214,0.0,0.22753901779651642,0.2370079904794693,0.9871963262557983,0.800000011920929,0.7862848043441772,-1.8760695457458496,1.0000000|0.0000000|0.0000000|0.0000000|0.0000000|0.0000000|0.0000000|0.0000000|0.0000000|0.0000000,0,1.0,18.411060110619463,0,0,0,0,0,
cross_town,Town02,mixed,16,120,6.0,37.46135330200195,105.43207550048828,0.22167736291885376,179.79312133789062,0.0,499.7675879071405,0.0,0.008472497574985027,5.32632217886686e-07,7.553112560309421e-07,0.4555428147610949,0.06033593416213989,0.13737767934799194,0.09403618425130844,0.0,0.14753901958465576,0.15700799226760864,0.8305164575576782,0.800000011920929,0.09732294827699661,-1.4909257888793945,1.0000000|0.0000000|0.0000000|0.0000000|0.0000000|0.0000000|0.0000000|0.0000000|0.0000000|0.0000000,0,1.0,18.512826087370627,0,0,0,0,0,
cross_town,Town02,mixed,16,121,6.05,37.46135330200195,105.43207550048828,0.22167736291885376,179.79312133789062,0.0,499.7675879071405,0.0,0.008472497574985027,5.32632217886686e-07,1.338958717146693e-06,0.43987485173314106,0.054038822650909424,0.44053393602371216,0.24385513365268707,0.0,0.22753901779651642,0.2370079904794693,0.9871960878372192,0.800000011920929,0.7862805724143982,-1.876069188117981,1.0000000|0.0000000|0.0000000|0.0000000|0.0000000|0.0000000|0.0000000|0.0000000|0.0000000|0.0000000,0,1.0,18.674400448481418,0,0,0,0,0,
cross_town,Town02,mixed,16,122,6.1,37.46135330200195,105.43207550048828,0.22167736291885376,179.79312133789062,0.0,499.7675879071405,0.0,0.008472497574985027,5.32632217886686e-07,1.9226075505383984e-06,0.45554280880063064,0.06033593416213989,0.13737770915031433,0.09403607994318008,0.0,0.14753901958465576,0.15700799226760864,0.830516517162323,0.800000011920929,0.09732303023338318,-1.4909266233444214,1.0000000|0.0000000|0.0000000|0.0000000|0.0000000|0.0000000|0.0000000|0.0000000|0.0000000|0.0000000,0,1.0,18.853597807939202,0,0,0,0,0,
cross_town,Town02,mixed,16,123,6.15,37.46135330200195,105.43207550048828,0.22167736291885376,179.79312133789062,0.0,499.7675879071405,0.0,0.008472497574985027,5.32632217886686e-07,2.471928184425277e-06,0.439874851733141,0.054038822650909424,0.4405340552330017,0.243855282664299,0.0,0.22753901779651642,0.2370079904794693,0.9871960878372192,0.800000011920929,0.7862800359725952,-1.8760695457458496,1.0000000|0.0000000|0.0000000|0.0000000|0.0000000|0.0000000|0.0000000|0.0000000|0.0000000|0.0000000,0,1.0,18.847492668929323,0,0,0,0,0,
cross_town,Town02,mixed,16,124,6.2,37.46135330200195,105.43207550048828,0.22167736291885376,179.79312133789062,0.0,499.7675879071405,0.0,0.008472497574985027,5.32632217886686e-07,2.9869079928306182e-06,0.45554288032620405,0.06033596396446228,0.13737773895263672,0.09403609484434128,0.0,0.14753901958465576,0.15700799226760864,0.8305158019065857,0.800000011920929,0.09732183814048767,-1.4909265041351318,1.0000000|0.0000000|0.0000000|0.0000000|0.0000000|0.0000000|0.0000000|0.0000000|0.0000000|0.0000000,0,1.0,18.79913106761785,0,0,0,0,0,
cross_town,Town02,mixed,16,125,6.25,37.46135330200195,105.43207550048828,0.22167736291885376,179.79312133789062,0.0,499.7675879071405,0.0,0.008472497574985027,5.32632217886686e-07,3.6048895793481216e-06,0.4398748398122121,0.054038792848587036,0.44053423404693604,0.2438552975654602,0.0,0.22753901779651642,0.2370079904794693,0.9871962070465088,0.800000011920929,0.7862828373908997,-1.87606942653656,1.0000000|0.0000000|0.0000000|0.0000000|0.0000000|0.0000000|0.0000000|0.0000000|0.0000000|0.0000000,0,1.0,18.71280759457212,0,0,0,0,0,
cross_town,Town02,mixed,16,126,6.3,37.46135330200195,105.43207550048828,0.22167736291885376,179.79312133789062,0.0,499.7675879071405,0.0,0.008472497574985027,5.32632217886686e-07,4.154205357032347e-06,0.45554283264248846,0.06033596396446228,0.13737773895263672,0.09403606504201889,0.0,0.14753901958465576,0.15700799226760864,0.8305162787437439,0.800000011920929,0.09732256829738617,-1.4909271001815796,1.0000000|0.0000000|0.0000000|0.0000000|0.0000000|0.0000000|0.0000000|0.0000000|0.0000000|0.0000000,0,1.0,18.604536739789488,0,0,0,0,0,
cross_town,Town02,mixed,16,127,6.35,37.46135330200195,105.43207550048828,0.22167736291885376,179.79312133789062,0.0,499.7675879071405,0.0,0.008472497574985027,5.32632217886686e-07,0.0,0.43987482789128307,0.054038822650909424,0.4405341148376465,0.243855282664299,0.0,0.22753901779651642,0.2370079904794693,0.9871963262557983,0.800000011920929,0.7862838506698608,-1.87606942653656,1.0000000|0.0000000|0.0000000|0.0000000|0.0000000|0.0000000|0.0000000|0.0000000|0.0000000|0.0000000,0,1.0,18.495831873079496,0,0,0,0,0,
cross_town,Town02,mixed,16,128,6.4,37.46135330200195,105.43207550048828,0.22167736291885376,179.79312133789062,0.0,499.7675879071405,0.0,0.008472497574985027,5.32632217886686e-07,5.49320686387041e-07,0.4555428743657399,0.06033596396446228,0.13737767934799194,0.09403626620769501,0.0,0.14753901958465576,0.15700799226760864,0.8305158615112305,0.800000011920929,0.09732188284397125,-1.490925908088684,1.0000000|0.0000000|0.0000000|0.0000000|0.0000000|0.0000000|0.0000000|0.0000000|0.0000000|0.0000000,0,1.0,18.40643423093452,0,0,0,0,0,
cross_town,Town02,mixed,16,129,6.45,37.46135330200195,105.43207550048828,0.22167736291885376,179.79312133789062,0.0,499.7675879071405,0.0,0.008472497574985027,5.32632217886686e-07,1.1329669956857081e-06,0.439874851733141,0.054038822650909424,0.44053393602371216,0.24385519325733185,0.0,0.22753901779651642,0.2370079904794693,0.9871960878372192,0.800000011920929,0.7862803936004639,-1.8760693073272705,1.0000000|0.0000000|0.0000000|0.0000000|0.0000000|0.0000000|0.0000000|0.0000000|0.0000000|0.0000000,0,1.0,18.348400111329404,0,0,0,0,0,
cross_town,Town02,mixed,16,130,6.5,37.46135330200195,105.43207550048828,0.22167736291885376,179.79312133789062,0.0,499.7675879071405,0.0,0.008472497574985027,5.32632217886686e-07,1.682282194103866e-06,0.45554285052388194,0.06033596396446228,0.13737773895263672,0.09403612464666367,0.0,0.14753901958465576,0.15700799226760864,0.8305160999298096,0.800000011920929,0.09732234477996826,-1.4909260272979736,1.0000000|0.0000000|0.0000000|0.0000000|0.0000000|0.0000000|0.0000000|0.0000000|0.0000000|0.0000000,0,1.0,18.323124388705963,0,0,0,0,0,
cross_town,Town02,mixed,16,131,6.55,37.46135330200195,105.43207550048828,0.22167736291885376,179.79312133789062,0.0,499.7675879071405,0.0,0.008472497574985027,5.32632217886686e-07,2.265930914391677e-06,0.43987485173314106,0.05403885245323181,0.4405341148376465,0.2438552975654602,0.0,0.22753901779651642,0.2370079904794693,0.9871960878372192,0.800000011920929,0.7862800359725952,-1.87606942653656,1.0000000|0.0000000|0.0000000|0.0000000|0.0000000|0.0000000|0.0000000|0.0000000|0.0000000|0.0000000,0,1.0,18.32177806460139,0,0,0,0,0,
cross_town,Town02,mixed,16,132,6.6,37.46135330200195,105.43207550048828,0.22167736291885376,179.79312133789062,0.0,499.7675879071405,0.0,0.008472497574985027,5.32632217886686e-07,2.849581201297768e-06,0.45554281476109504,0.06033596396446228,0.13737770915031433,0.09403609484434128,0.0,0.14753901958465576,0.15700799226760864,0.8305164575576782,0.800000011920929,0.09732295572757721,-1.4909257888793945,1.0000000|0.0000000|0.0000000|0.0000000|0.0000000|0.0000000|0.0000000|0.0000000|0.0000000|0.0000000,0,1.0,18.284202992153507,0,0,0,0,0,
cross_town,Town02,mixed,16,133,6.65,37.46135330200195,105.43207550048828,0.22167736291885376,179.79312133789062,0.0,499.7675879071405,0.0,0.008472497574985027,5.32632217886686e-07,3.3645637706933287e-06,0.4398748398122119,0.054038822650909424,0.44053423404693604,0.24385538697242737,0.0,0.22753901779651642,0.2370079904794693,0.9871962070465088,0.800000011920929,0.7862829566001892,-1.8760688304901123,1.0000000|0.0000000|0.0000000|0.0000000|0.0000000|0.0000000|0.0000000|0.0000000|0.0000000|0.0000000,0,1.0,18.237465228286737,0,0,0,0,0,
cross_town,Town02,mixed,16,134,6.7,37.46135330200195,105.43207550048828,0.22167736291885376,179.79312133789062,0.0,499.7675879071405,0.0,0.008472497574985027,5.32632217886686e-07,3.94821196685613e-06,0.45554281476109515,0.06033596396446228,0.13737773895263672,0.09403613954782486,0.0,0.14753901958465576,0.15700799226760864,0.8305164575576782,0.800000011920929,0.09732287377119064,-1.4909265041351318,1.0000000|0.0000000|0.0000000|0.0000000|0.0000000|0.0000000|0.0000000|0.0000000|0.0000000|0.0000000,0,1.0,18.215360589516706,0,0,0,0,0,
cross_town,Town02,mixed,16,135,6.75,37.46135330200195,105.43207550048828,0.22167736291885376,179.79312133789062,0.0,499.7675879071405,0.0,0.008472497574985027,5.32632217886686e-07,4.600524670069863e-06,0.43987482789128307,0.054038792848587036,0.4405340552330017,0.2438552975654602,0.0,0.22753901779651642,0.2370079904794693,0.9871963262557983,0.800000011920929,0.7862845659255981,-1.87606942653656,1.0000000|0.0000000|0.0000000|0.0000000|0.0000000|0.0000000|0.0000000|0.0000000|0.0000000|0.0000000,0,1.0,18.207556694850673,0,0,0,0,0,
cross_town,Town02,mixed,16,136,6.8,37.46135330200195,105.43207550048828,0.22167736291885376,179.79312133789062,0.0,499.7675879071405,0.0,0.008472497574985027,5.32632217886686e-07,3.0899540774411483e-07,0.455542850523882,0.06033599376678467,0.13737785816192627,0.09403616189956665,0.0,0.14753901958465576,0.15700799226760864,0.8305160999298096,0.800000011920929,0.09732235968112946,-1.4909266233444214,1.0000000|0.0000000|0.0000000|0.0000000|0.0000000|0.0000000|0.0000000|0.0000000|0.0000000|0.0000000,0,1.0,18.179183796552778,0,0,0,0,0,
cross_town,Town02,mixed,16,137,6.85,37.46135330200195,105.43207550048828,0.22167736291885376,179.79312133789062,0.0,499.7675879071405,0.0,0.008472497574985027,5.32632217886686e-07,9.269788609566401e-07,0.439874851733141,0.054038822650909424,0.4405337870121002,0.2438550740480423,0.0,0.22753901779651642,0.2370079904794693,0.9871960878372192,0.800000011920929,0.7862792611122131,-1.87606942653656,1.0000000|0.0000000|0.0000000|0.0000000|0.0000000|0.0000000|0.0000000|0.0000000|0.0000000|0.0000000,0,1.0,18.093220190292712,0,0,0,0,0,
cross_town,Town02,mixed,16,138,6.9,37.46135330200195,105.43207550048828,0.22167736291885376,179.79312133789062,0.0,499.7675879071405,0.0,0.008472497574985027,5.32632217886686e-07,1.4762912265347085e-06,0.45554283264248824,0.06033593416213989,0.13737767934799194,0.09403608739376068,0.0,0.14753901958465576,0.15700799226760864,0.8305162787437439,0.800000011920929,0.09732256084680557,-1.490925908088684,1.0000000|0.0000000|0.0000000|0.0000000|0.0000000|0.0000000|0.0000000|0.0000000|0.0000000|0.0000000,0,1.0,18.0087527398739,0,0,0,0,0,
cross_town,Town02,mixed,16,139,6.95,37.46135330200195,105.43207550048828,0.22167736291885376,179.79312133789062,0.0,499.7675879071405,0.0,0.008472497574985027,5.32632217886686e-07,1.9912735913562027e-06,0.43987483981221187,0.054038822650909424,0.44053423404693604,0.2438552975654602,0.0,0.22753901779651642,0.2370079904794693,0.9871962070465088,0.800000011920929,0.7862807512283325,-1.87606942653656,1.0000000|0.0000000|0.0000000|0.0000000|0.0000000|0.0000000|0.0000000|0.0000000|0.0000000|0.0000000,0,1.0,17.93790710415292,0,0,0,0,0,
cross_town,Town02,mixed,16,140,7.0,37.46135330200195,105.43207550048828,0.22167736291885376,179.79312133789062,0.0,499.7675879071405,0.0,0.008472497574985027,5.32632217886686e-07,2.6092533618857786e-06,0.4555427730378438,0.06033593416213989,0.13737767934799194,0.09403618425130844,0.0,0.14753901958465576,0.15700799226760864,0.8305168747901917,0.800000011920929,0.09732364118099213,-1.4909266233444214,1.0000000|0.0000000|0.0000000|0.0000000|0.0000000|0.0000000|0.0000000|0.0000000|0.0000000|0.0000000,0,1.0,17.88759282595707,0,0,0,0,0,
cross_town,Town02,mixed,16,141,7.05,37.46135330200195,105.43207550048828,0.22167736291885376,179.79312133789062,0.0,499.7675879071405,0.0,0.008472497574985027,5.32632217886686e-07,3.1585693516884104e-06,0.4398748398122121,0.054038822650909424,0.4405341148376465,0.2438553422689438,0.0,0.22753901779651642,0.2370079904794693,0.9871962070465088,0.800000011920929,0.7862828373908997,-1.8760689496994019,1.0000000|0.0000000|0.0000000|0.0000000|0.0000000|0.0000000|0.0000000|0.0000000|0.0000000|0.0000000,0,1.0,17.857772096779364,0,0,0,0,0,
cross_town,Town02,mixed,16,142,7.1,37.46135330200195,105.43207550048828,0.22167736291885376,179.79312133789062,0.0,499.7675879071405,0.0,0.008472497574985027,5.32632217886686e-07,3.707887124541761e-06,0.45554283264248857,0.06033593416213989,0.13737773895263672,0.09403612464666367,0.0,0.14753901958465576,0.15700799226760864,0.8305162787437439,0.800000011920929,0.09732264280319214,-1.490926742553711,1.0000000|0.0000000|0.0000000|0.0000000|0.0000000|0.0000000|0.0000000|0.0000000|0.0000000|0.0000000,0,1.0,17.842061675653042,0,0,0,0,0,
cross_town,Town02,mixed,16,143,7.15,37.46135330200195,105.43207550048828,0.22167736291885376,179.79312133789062,0.0,499.7675879071405,0.0,0.008472497574985027,5.32632217886686e-07,4.257202245169567e-06,0.439874827891283,0.054038822650909424,0.4405343532562256,0.2438553273677826,0.0,0.22753901779651642,0.2370079904794693,0.9871963262557983,0.800000011920929,0.7862833738327026,-1.8760689496994019,1.0000000|0.0000000|0.0000000|0.0000000|0.0000000|0.0000000|0.0000000|0.0000000|0.0000000|0.0000000,0,1.0,17.830175830865393,0,0,0,0,0,
cross_town,Town02,mixed,16,144,7.2,37.46135330200195,105.43207550048828,0.22167736291885376,179.79312133789062,0.0,499.7675879071405,0.0,0.008472497574985027,5.32632217886686e-07,6.872789149576876e-08,0.4555428743657399,0.06033596396446228,0.1373777985572815,0.09403616189956665,0.0,0.14753901958465576,0.15700799226760864,0.8305158615112305,0.800000011920929,0.09732191264629364,-1.4909275770187378,1.0000000|0.0000000|0.0000000|0.0000000|0.0000000|0.0000000|0.0000000|0.0000000|0.0000000|0.0000000,0,1.0,17.805095193002927,0,0,0,0,0,
cross_town,Town02,mixed,16,145,7.25,37.46135330200195,105.43207550048828,0.22167736291885376,179.79312133789062,0.0,499.7675879071405,0.0,0.008472497574985027,5.32632217886686e-07,6.179884197117779e-07,0.439874851733141,0.054038792848587036,0.44053399562835693,0.24385513365268707,0.0,0.22753901779651642,0.2370079904794693,0.9871960878372192,0.800000011920929,0.786279559135437,-1.87606942653656,1.0000000|0.0000000|0.0000000|0.0000000|0.0000000|0.0000000|0.0000000|0.0000000|0.0000000|0.0000000,0,1.0,17.778034987941002,0,0,0,0,0,
cross_town,Town02,mixed,16,146,7.3,37.46135330200195,105.43207550048828,0.22167736291885376,179.79312133789062,0.0,499.7675879071405,0.0,0.008472497574985027,5.32632217886686e-07,1.2359635465884596e-06,0.45554276111691483,0.06033596396446228,0.13737770915031433,0.09403620660305023,0.0,0.14753901958465576,0.15700799226760864,0.8305169939994812,0.800000011920929,0.09732390940189362,-1.490925669670105,1.0000000|0.0000000|0.0000000|0.0000000|0.0000000|0.0000000|0.0000000|0.0000000|0.0000000|0.0000000,0,1.0,17.727545989262204,0,0,0,0,0,
cross_town,Town02,mixed,16,147,7.35,37.46135330200195,105.43207550048828,0.22167736291885376,179.79312133789062,0.0,499.7675879071405,0.0,0.008472497574985027,5.32632217886686e-07,1.7509463255951229e-06,0.4398748398122121,0.05403885245323181,0.44053423404693604,0.24385525286197662,0.0,0.22753901779651642,0.2370079904794693,0.9871962070465088,0.800000011920929,0.7862812280654907,-1.8760690689086914,1.0000000|0.0000000|0.0000000|0.0000000|0.0000000|0.0000000|0.0000000|0.0000000|0.0000000|0.0000000,0,1.0,17.663079962301534,0,0,0,0,0,
cross_town,Town02,mixed,16,148,7.4,37.46135330200195,105.43207550048828,0.22167736291885376,179.79312133789062,0.0,499.7675879071405,0.0,0.008472497574985027,5.32632217886686e-07,2.3345959489037835e-06,0.4555427432355214,0.060335904359817505,0.13737764954566956,0.09403622895479202,0.0,0.14753901958465576,0.15700799226760864,0.8305171728134155,0.800000011920929,0.09732421487569809,-1.4909263849258423,1.0000000|0.0000000|0.0000000|0.0000000|0.0000000|0.0000000|0.0000000|0.0000000|0.0000000|0.0000000,0,1.0,17.59190411894458,0,0,0,0,0,
cross_town,Town02,mixed,16,149,7.45,37.46135330200195,105.43207550048828,0.22167736291885376,179.79312133789062,0.0,499.7675879071405,0.0,0.008472497574985027,5.32632217886686e-07,2.883911971211377e-06,0.4398748398122121,0.054038792848587036,0.4405341148376465,0.2438553124666214,0.0,0.22753901779651642,0.2370079904794693,0.9871962070465088,0.800000011920929,0.7862827777862549,-1.8760690689086914,1.0000000|0.0000000|0.0000000|0.0000000|0.0000000|0.0000000|0.0000000|0.0000000|0.0000000|0.0000000,0,1.0,17.522803425448693,0,0,0,0,0,
cross_town,Town02,mixed,16,150,7.5,37.46135330200195,105.43207550048828,0.22167736291885376,179.79312133789062,0.0,499.7675879071405,0.0,0.008472497574985027,5.32632217886686e-07,3.501893225424195e-06,0.45554285648434645,0.06033593416213989,0.13737773895263672,0.09403616189956665,0.0,0.14753901958465576,0.15700799226760864,0.8305160403251648,0.800000011920929,0.09732219576835632,-1.490926742553711,1.0000000|0.0000000|0.0000000|0.0000000|0.0000000|0.0000000|0.0000000|0.0000000|0.0000000|0.0000000,0,1.0,17.463184765455143,0,0,0,0,0,
cross_town,Town02,mixed,16,151,7.55,37.46135330200195,105.43207550048828,0.22167736291885376,179.79312133789062,0.0,499.7675879071405,0.0,0.008472497574985027,5.32632217886686e-07,4.016877022326838e-06,0.439874827891283,0.054038792848587036,0.44053399562835693,0.2438553273677826,0.0,0.22753901779651642,0.2370079904794693,0.9871963262557983,0.800000011920929,0.7862834334373474,-1.8760689496994019,1.0000000|0.0000000|0.0000000|0.0000000|0.0000000|0.0000000|0.0000000|0.0000000|0.0000000|0.0000000,0,1.0,17.416900121783467,0,0,0,0,0,
cross_town,Town02,mixed,16,152,7.6,37.46135330200195,105.43207550048828,0.22167736291885376,179.79312133789062,0.0,499.7675879071405,0.0,0.008472497574985027,5.32632217886686e-07,4.56619273606809e-06,0.4555428803262044,0.06033596396446228,0.1373777985572815,0.09403614699840546,0.0,0.14753901958465576,0.15700799226760864,0.8305158019065857,0.800000011920929,0.09732179343700409,-1.4909265041351318,1.0000000|0.0000000|0.0000000|0.0000000|0.0000000|0.0000000|0.0000000|0.0000000|0.0000000|0.0000000,0,1.0,17.226133523247718,0,0,0,0,0,
cross_town,Town02,mixed,16,153,7.65,37.46135330200195,105.43207550048828,0.22167736291885376,179.79312133789062,0.0,499.7675879071405,0.0,0.008472497574985027,5.32632217886686e-07,4.4632160023429e-07,0.43987482789128307,0.054038792848587036,0.44053423404693604,0.2438553124666214,0.0,0.22753901779651642,0.2370079904794693,0.9871963262557983,0.800000011920929,0.7862848043441772,-1.8760695457458496,1.0000000|0.0000000|0.0000000|0.0000000|0.0000000|0.0000000|0.0000000|0.0000000|0.0000000|0.0000000,0,1.0,15.84020289966014,0,0,0,0,0,
cross_town,Town02,mixed,16,154,7.7,37.46135330200195,105.43207550048828,0.22167736291885376,179.79312133789062,0.0,499.7675879071405,0.0,0.008472497574985027,5.32632217886686e-07,9.613132991053138e-07,0.45554276707737934,0.06033593416213989,0.13737767934799194,0.09403616935014725,0.0,0.14753901958465576,0.15700799226760864,0.8305169343948364,0.800000011920929,0.09732381999492645,-1.490925669670105,1.0000000|0.0000000|0.0000000|0.0000000|0.0000000|0.0000000|0.0000000|0.0000000|0.0000000|0.0000000,0,1.0,14.872808425738794,0,0,0,0,0,
cross_town,Town02,mixed,16,155,7.75,37.46135330200195,105.43207550048828,0.22167736291885376,179.79312133789062,0.0,499.7675879071405,0.0,0.008472497574985027,5.32632217886686e-07,1.5792850019563756e-06,0.43987485173314084,0.05403885245323181,0.4405341148376465,0.243855282664299,0.0,0.22753901779651642,0.2370079904794693,0.9871960878372192,0.800000011920929,0.7862790822982788,-1.87606942653656,1.0000000|0.0000000|0.0000000|0.0000000|0.0000000|0.0000000|0.0000000|0.0000000|0.0000000|0.0000000,0,1.0,14.141221141677956,0,0,0,0,0,
cross_town,Town02,mixed,16,156,7.8,37.46135330200195,105.43207550048828,0.22167736291885376,179.79312133789062,0.0,499.7675879071405,0.0,0.008472497574985027,5.32632217886686e-07,2.162941306821928e-06,0.45554281476109515,0.06033593416213989,0.13737773895263672,0.09403609484434128,0.0,0.14753901958465576,0.15700799226760864,0.8305164575576782,0.800000011920929,0.09732294082641602,-1.490926742553711,1.0000000|0.0000000|0.0000000|0.0000000|0.0000000|0.0000000|0.0000000|0.0000000|0.0000000|0.0000000,0,1.0,13.68476497912975,0,0,0,0,0,
cross_town,Town02,mixed,16,157,7.85,37.46135330200195,105.43207550048828,0.22167736291885376,179.79312133789062,0.0,499.7675879071405,0.0,0.008472497574985027,5.32632217886686e-07,2.677917956440628e-06,0.4398748517331408,0.05403885245323181,0.4405341148376465,0.2438552975654602,0.0,0.22753901779651642,0.2370079904794693,0.9871960878372192,0.800000011920929,0.7862801551818848,-1.8760687112808228,1.0000000|0.0000000|0.0000000|0.0000000|0.0000000|0.0000000|0.0000000|0.0000000|0.0000000|0.0000000,0,1.0,13.414818757128874,0,0,0,0,0,
cross_town,Town02,mixed,16,158,7.9,37.46135330200195,105.43207550048828,0.22167736291885376,179.79312133789062,0.0,499.7675879071405,0.0,0.008472497574985027,5.32632217886686e-07,3.1929019441437625e-06,0.4555428684052754,0.06033596396446228,0.13737773895263672,0.09403609484434128,0.0,0.14753901958465576,0.15700799226760864,0.8305159211158752,0.800000011920929,0.09732197225093842,-1.4909265041351318,1.0000000|0.0000000|0.0000000|0.0000000|0.0000000|0.0000000|0.0000000|0.0000000|0.0000000|0.0000000,0,1.0,13.180567912105248,0,0,0,0,0,
cross_town,Town02,mixed,16,159,7.95,37.46135330200195,105.43207550048828,0.22167736291885376,179.79312133789062,0.0,499.7675879071405,0.0,0.008472497574985027,5.32632217886686e-07,3.8108842147052806e-06,0.4398748278912831,0.054038822650909424,0.44053423404693604,0.2438553273677826,0.0,0.22753901779651642,0.2370079904794693,0.9871963262557983,0.800000011920929,0.7862837910652161,-1.8760697841644287,1.0000000|0.0000000|0.0000000|0.0000000|0.0000000|0.0000000|0.0000000|0.0000000|0.0000000|0.0000000,0,1.0,13.092014688073998,0,0,0,0,0,
cross_town,Town02,mixed,16,160,8.0,37.46135330200195,105.43207550048828,0.22167736291885376,179.79312133789062,0.0,499.7675879071405,0.0,0.008472497574985027,5.32632217886686e-07,4.463195895682202e-06,0.4555427909192371,0.06033599376678467,0.13737773895263672,0.09403607994318008,0.0,0.14753901958465576,0.15700799226760864,0.8305166959762573,0.800000011920929,0.09732332825660706,-1.49092698097229,1.0000000|0.0000000|0.0000000|0.0000000|0.0000000|0.0000000|0.0000000|0.0000000|0.0000000|0.0000000,0,1.0,13.058815357918832,0,0,0,0,0,
cross_town,Town02,mixed,16,161,8.05,37.46135330200195,105.43207550048828,0.22167736291885376,179.79312133789062,0.0,499.7675879071405,0.0,0.008472497574985027,5.32632217886686e-07,2.060060770629712e-07,0.4398748278912831,0.054038792848587036,0.4405343532562256,0.2438553273677826,0.0,0.22753901779651642,0.2370079904794693,0.9871963262557983,0.800000011920929,0.7862834930419922,-1.87606942653656,1.0000000|0.0000000|0.0000000|0.0000000|0.0000000|0.0000000|0.0000000|0.0000000|0.0000000|0.0000000,0,1.0,13.127972508348842,0,0,0,0,0,
cross_town,Town02,mixed,16,162,8.1,37.46135330200195,105.43207550048828,0.22167736291885376,179.79312133789062,0.0,499.7675879071405,0.0,0.008472497574985027,5.32632217886686e-07,7.896488325334197e-07,0.45554281476109515,0.06033593416213989,0.13737767934799194,0.09403618425130844,0.0,0.14753901958465576,0.15700799226760864,0.8305164575576782,0.800000011920929,0.09732294827699661,-1.4909257888793945,1.0000000|0.0000000|0.0000000|0.0000000|0.0000000|0.0000000|0.0000000|0.0000000|0.0000000|0.0000000,0,1.0,13.201777959158573,0,0,0,0,0,
cross_town,Town02,mixed,16,163,8.15,37.46135330200195,105.43207550048828,0.22167736291885376,179.79312133789062,0.0,499.7675879071405,0.0,0.008472497574985027,5.32632217886686e-07,1.3046265392514517e-06,0.439874851733141,0.05403885245323181,0.4405340552330017,0.243855282664299,0.0,0.22753901779651642,0.2370079904794693,0.9871960878372192,0.800000011920929,0.786279559135437,-1.87606942653656,1.0000000|0.0000000|0.0000000|0.0000000|0.0000000|0.0000000|0.0000000|0.0000000|0.0000000|0.0000000,0,1.0,13.315882831039186,0,0,0,0,0,
cross_town,Town02,mixed,16,164,8.2,37.46135330200195,105.43207550048828,0.22167736291885376,179.79312133789062,0.0,499.7675879071405,0.0,0.008472497574985027,5.32632217886686e-07,1.956940979692305e-06,0.4555428326424885,0.06033593416213989,0.13737770915031433,0.09403607994318008,0.0,0.14753901958465576,0.15700799226760864,0.8305162787437439,0.800000011920929,0.09732265770435333,-1.4909266233444214,1.0000000|0.0000000|0.0000000|0.0000000|0.0000000|0.0000000|0.0000000|0.0000000|0.0000000|0.0000000,0,1.0,13.37682472222161,0,0,0,0,0,
cross_town,Town02,mixed,16,165,8.25,37.46135330200195,105.43207550048828,0.22167736291885376,179.79312133789062,0.0,499.7675879071405,0.0,0.008472497574985027,5.32632217886686e-07,2.506257971971315e-06,0.439874851733141,0.054038822650909424,0.4405340552330017,0.243855282664299,0.0,0.22753901779651642,0.2370079904794693,0.9871960878372192,0.800000011920929,0.7862797379493713,-1.8760695457458496,1.0000000|0.0000000|0.0000000|0.0000000|0.0000000|0.0000000|0.0000000|0.0000000|0.0000000|0.0000000,0,1.0,13.436162670913056,0,0,0,0,0,
cross_town,Town02,mixed,16,166,8.3,37.46135330200195,105.43207550048828,0.22167736291885376,179.79312133789062,0.0,499.7675879071405,0.0,0.008472497574985027,5.32632217886686e-07,3.0899050316831422e-06,0.45554286840527536,0.06033596396446228,0.13737773895263672,0.09403609484434128,0.0,0.14753901958465576,0.15700799226760864,0.8305159211158752,0.800000011920929,0.0973220095038414,-1.4909265041351318,1.0000000|0.0000000|0.0000000|0.0000000|0.0000000|0.0000000|0.0000000|0.0000000|0.0000000|0.0000000,0,1.0,13.403461533163124,0,0,0,0,0,
cross_town,Town02,mixed,16,167,8.35,37.46135330200195,105.43207550048828,0.22167736291885376,179.79312133789062,0.0,499.7675879071405,0.0,0.008472497574985027,5.32632217886686e-07,3.673555717484988e-06,0.4398748278912831,0.054038822650909424,0.44053399562835693,0.243855282664299,0.0,0.22753901779651642,0.2370079904794693,0.9871963262557983,0.800000011920929,0.7862836122512817,-1.8760685920715332,1.0000000|0.0000000|0.0000000|0.0000000|0.0000000|0.0000000|0.0000000|0.0000000|0.0000000|0.0000000,0,1.0,13.36549453655231,0,0,0,0,0,
cross_town,Town02,mixed,16,168,8.4,37.46135330200195,105.43207550048828,0.22167736291885376,179.79312133789062,0.0,499.7675879071405,0.0,0.008472497574985027,5.32632217886686e-07,4.1885386705521356e-06,0.45554281476109504,0.06033596396446228,0.13737773895263672,0.09403606504201889,0.0,0.14753901958465576,0.15700799226760864,0.8305164575576782,0.800000011920929,0.09732285887002945,-1.4909271001815796,1.0000000|0.0000000|0.0000000|0.0000000|0.0000000|0.0000000|0.0000000|0.0000000|0.0000000|0.0000000,0,1.0,13.242560901010688,0,0,0,0,0,
cross_town,Town02,mixed,16,169,8.45,37.46135330200195,105.43207550048828,0.22167736291885376,179.79312133789062,0.0,499.7675879071405,0.0,0.008472497574985027,5.32632217886686e-07,0.0,0.4398748278912831,0.054038822650909424,0.4405341148376465,0.243855282664299,0.0,0.22753901779651642,0.2370079904794693,0.9871963262557983,0.800000011920929,0.7862834930419922,-1.87606942653656,1.0000000|0.0000000|0.0000000|0.0000000|0.0000000|0.0000000|0.0000000|0.0000000|0.0000000|0.0000000,0,1.0,13.147786426017682,0,0,0,0,0,
cross_town,Town02,mixed,16,170,8.5,37.46135330200195,105.43207550048828,0.22167736291885376,179.79312133789062,0.0,499.7675879071405,0.0,0.008472497574985027,5.32632217886686e-07,5.836501750284459e-07,0.4555428743657399,0.06033596396446228,0.13737767934799194,0.09403626620769501,0.0,0.14753901958465576,0.15700799226760864,0.8305158615112305,0.800000011920929,0.09732188284397125,-1.490925908088684,1.0000000|0.0000000|0.0000000|0.0000000|0.0000000|0.0000000|0.0000000|0.0000000|0.0000000|0.0000000,0,1.0,13.01198881398841,0,0,0,0,0,
cross_town,Town02,mixed,16,171,8.55,37.46135330200195,105.43207550048828,0.22167736291885376,179.79312133789062,0.0,499.7675879071405,0.0,0.008472497574985027,5.32632217886686e-07,1.0986423056754607e-06,0.43987485173314106,0.054038822650909424,0.44053393602371216,0.24385519325733185,0.0,0.22753901779651642,0.2370079904794693,0.9871960878372192,0.800000011920929,0.7862797975540161,-1.8760693073272705,1.0000000|0.0000000|0.0000000|0.0000000|0.0000000|0.0000000|0.0000000|0.0000000|0.0000000|0.0000000,0,1.0,12.939164166170848,0,0,0,0,0,
cross_town,Town02,mixed,16,172,8.6,37.46135330200195,105.43207550048828,0.22167736291885376,179.79312133789062,0.0,499.7675879071405,0.0,0.008472497574985027,5.32632217886686e-07,1.6479520672686408e-06,0.4555428266820239,0.06033593416213989,0.13737773895263672,0.09403616935014725,0.0,0.14753901958465576,0.15700799226760864,0.8305163383483887,0.800000011920929,0.09732284396886826,-1.4909265041351318,1.0000000|0.0000000|0.0000000|0.0000000|0.0000000|0.0000000|0.0000000|0.0000000|0.0000000|0.0000000,0,1.0,12.85257045966858,0,0,0,0,0,
cross_town,Town02,mixed,16,173,8.65,37.46135330200195,105.43207550048828,0.22167736291885376,179.79312133789062,0.0,499.7675879071405,0.0,0.008472497574985027,5.32632217886686e-07,2.231601816798088e-06,0.439874851733141,0.05403885245323181,0.4405341148376465,0.243855282664299,0.0,0.22753901779651642,0.2370079904794693,0.9871960878372192,0.800000011920929,0.7862805724143982,-1.8760695457458496,1.0000000|0.0000000|0.0000000|0.0000000|0.0000000|0.0000000|0.0000000|0.0000000|0.0000000|0.0000000,0,1.0,12.834373861772548,0,0,0,0,0,
cross_town,Town02,mixed,16,174,8.7,37.46135330200195,105.43207550048828,0.22167736291885376,179.79312133789062,0.0,499.7675879071405,0.0,0.008472497574985027,5.32632217886686e-07,2.7809150915854558e-06,0.4555428088006305,0.06033596396446228,0.13737770915031433,0.09403609484434128,0.0,0.14753901958465576,0.15700799226760864,0.830516517162323,0.800000011920929,0.09732309728860855,-1.4909257888793945,1.0000000|0.0000000|0.0000000|0.0000000|0.0000000|0.0000000|0.0000000|0.0000000|0.0000000|0.0000000,0,1.0,12.799504376699517,0,0,0,0,0,
cross_town,Town02,mixed,16,175,8.75,37.46135330200195,105.43207550048828,0.22167736291885376,179.79312133789062,0.0,499.7675879071405,0.0,0.008472497574985027,5.32632217886686e-07,3.330231072509744e-06,0.4398748278912831,0.054038822650909424,0.44053423404693604,0.24385535717010498,0.0,0.22753901779651642,0.2370079904794693,0.9871963262557983,0.800000011920929,0.7862831354141235,-1.8760690689086914,1.0000000|0.0000000|0.0000000|0.0000000|0.0000000|0.0000000|0.0000000|0.0000000|0.0000000|0.0000000,0,1.0,12.817957732344759,0,0,0,0,0,
cross_town,Town02,mixed,16,176,8.8,37.46135330200195,105.43207550048828,0.22167736291885376,179.79312133789062,0.0,499.7675879071405,0.0,0.008472497574985027,5.32632217886686e-07,3.982543909498129e-06,0.4555428147610951,0.06033596396446228,0.13737773895263672,0.09403616935014725,0.0,0.14753901958465576,0.15700799226760864,0.8305164575576782,0.800000011920929,0.09732285887002945,-1.4909263849258423,1.0000000|0.0000000|0.0000000|0.0000000|0.0000000|0.0000000|0.0000000|0.0000000|0.0000000|0.0000000,0,1.0,12.800618952325795,0,0,0,0,0,
cross_town,Town02,mixed,16,177,8.85,37.46135330200195,105.43207550048828,0.22167736291885376,179.79312133789062,0.0,499.7675879071405,0.0,0.008472497574985027,5.32632217886686e-07,4.497529427065989e-06,0.4398748278912831,0.054038792848587036,0.4405340552330017,0.2438552975654602,0.0,0.22753901779651642,0.2370079904794693,0.9871963262557983,0.800000011920929,0.7862839698791504,-1.87606942653656,1.0000000|0.0000000|0.0000000|0.0000000|0.0000000|0.0000000|0.0000000|0.0000000|0.0000000|0.0000000,0,1.0,12.818097462981266,0,0,0,0,0,
cross_town,Town02,mixed,16,178,8.9,37.46135330200195,105.43207550048828,0.22167736291885376,179.79312133789062,0.0,499.7675879071405,0.0,0.008472497574985027,5.32632217886686e-07,3.0899148901972053e-07,0.4555428684052753,0.06033599376678467,0.13737785816192627,0.09403616189956665,0.0,0.14753901958465576,0.15700799226760864,0.8305159211158752,0.800000011920929,0.097322016954422,-1.4909266233444214,1.0000000|0.0000000|0.0000000|0.0000000|0.0000000|0.0000000|0.0000000|0.0000000|0.0000000|0.0000000,0,1.0,12.785940501597576,0,0,0,0,0,
cross_town,Town02,mixed,16,179,8.95,37.46135330200195,105.43207550048828,0.22167736291885376,179.79312133789062,0.0,499.7675879071405,0.0,0.008472497574985027,5.32632217886686e-07,9.269729863269971e-07,0.43987485173314106,0.054038822650909424,0.4405337870121002,0.2438550740480423,0.0,0.22753901779651642,0.2370079904794693,0.9871960878372192,0.800000011920929,0.7862792611122131,-1.87606942653656,1.0000000|0.0000000|0.0000000|0.0000000|0.0000000|0.0000000|0.0000000|0.0000000|0.0000000|0.0000000,0,1.0,12.778808143812075,0,0,0,0,0,
cross_town,Town02,mixed,16,180,9.0,37.46135330200195,105.43207550048828,0.22167736291885376,179.79312133789062,0.0,499.7675879071405,0.0,0.008472497574985027,5.32632217886686e-07,1.5106207630299456e-06,0.4555428326424885,0.06033593416213989,0.13737767934799194,0.09403608739376068,0.0,0.14753901958465576,0.15700799226760864,0.8305162787437439,0.800000011920929,0.09732256084680557,-1.490925908088684,1.0000000|0.0000000|0.0000000|0.0000000|0.0000000|0.0000000|0.0000000|0.0000000|0.0000000|0.0000000,0,1.0,12.717626049057806,0,0,0,0,0,
cross_town,Town02,mixed,16,181,9.05,37.46135330200195,105.43207550048828,0.22167736291885376,179.79312133789062,0.0,499.7675879071405,0.0,0.008472497574985027,5.32632217886686e-07,1.991274571914596e-06,0.43987485173314106,0.054038822650909424,0.44053399562835693,0.243855282664299,0.0,0.22753901779651642,0.2370079904794693,0.9871960878372192,0.800000011920929,0.7862805128097534,-1.8760695457458496,1.0000000|0.0000000|0.0000000|0.0000000|0.0000000|0.0000000|0.0000000|0.0000000|0.0000000|0.0000000,0,1.0,12.687193809696197,0,0,0,0,0,
cross_town,Town02,mixed,16,182,9.1,37.46135330200195,105.43207550048828,0.22167736291885376,179.79312133789062,0.0,499.7675879071405,0.0,0.008472497574985027,5.32632217886686e-07,2.574921978357816e-06,0.4555427730378435,0.06033593416213989,0.13737767934799194,0.09403618425130844,0.0,0.14753901958465576,0.15700799226760864,0.8305168747901917,0.800000011920929,0.09732364118099213,-1.4909266233444214,1.0000000|0.0000000|0.0000000|0.0000000|0.0000000|0.0000000|0.0000000|0.0000000|0.0000000|0.0000000,0,1.0,12.6092280098748,0,0,0,0,0,
cross_town,Town02,mixed,16,183,9.15,37.46135330200195,105.43207550048828,0.22167736291885376,179.79312133789062,0.0,499.7675879071405,0.0,0.008472497574985027,5.32632217886686e-07,3.2272349061624715e-06,0.43987482789128274,0.054038792848587036,0.4405341148376465,0.2438553273677826,0.0,0.22753901779651642,0.2370079904794693,0.9871963262557983,0.800000011920929,0.7862832546234131,-1.8760695457458496,1.0000000|0.0000000|0.0000000|0.0000000|0.0000000|0.0000000|0.0000000|0.0000000|0.0000000|0.0000000,0,1.0,12.573414453650102,0,0,0,0,0,
cross_town,Town02,mixed,16,184,9.2,37.46135330200195,105.43207550048828,0.22167736291885376,179.79312133789062,0.0,499.7675879071405,0.0,0.008472497574985027,5.32632217886686e-07,3.74221820024005e-06,0.455542814761095,0.06033593416213989,0.13737770915031433,0.09403613954782486,0.0,0.14753901958465576,0.15700799226760864,0.8305164575576782,0.800000011920929,0.09732294827699661,-1.4909266233444214,1.0000000|0.0000000|0.0000000|0.0000000|0.0000000|0.0000000|0.0000000|0.0000000|0.0000000|0.0000000,0,1.0,12.500026800893355,0,0,0,0,0,
cross_town,Town02,mixed,16,185,9.25,37.46135330200195,105.43207550048828,0.22167736291885376,179.79312133789062,0.0,499.7675879071405,0.0,0.008472497574985027,5.32632217886686e-07,4.291535212553138e-06,0.4398748278912831,0.054038822650909424,0.4405343532562256,0.2438553273677826,0.0,0.22753901779651642,0.2370079904794693,0.9871963262557983,0.800000011920929,0.7862834930419922,-1.8760689496994019,1.0000000|0.0000000|0.0000000|0.0000000|0.0000000|0.0000000|0.0000000|0.0000000|0.0000000|0.0000000,0,1.0,12.474928961197309,0,0,0,0,0,
cross_town,Town02,mixed,16,186,9.3,37.46135330200195,105.43207550048828,0.22167736291885376,179.79312133789062,0.0,499.7675879071405,0.0,0.008472497574985027,5.32632217886686e-07,1.0300997337375195e-07,0.45554285648434634,0.06033596396446228,0.1373777985572815,0.09403616189956665,0.0,0.14753901958465576,0.15700799226760864,0.8305160403251648,0.800000011920929,0.09732218086719513,-1.4909275770187378,1.0000000|0.0000000|0.0000000|0.0000000|0.0000000|0.0000000|0.0000000|0.0000000|0.0000000|0.0000000,0,1.0,12.417515029368133,0,0,0,0,0,
cross_town,Town02,mixed,16,187,9.35,37.46135330200195,105.43207550048828,0.22167736291885376,179.79312133789062,0.0,499.7675879071405,0.0,0.008472497574985027,5.32632217886686e-07,6.866468013411871e-07,0.439874851733141,0.054038822650909424,0.44053399562835693,0.24385516345500946,0.0,0.22753901779651642,0.2370079904794693,0.9871960878372192,0.800000011920929,0.786279559135437,-1.876069188117981,1.0000000|0.0000000|0.0000000|0.0000000|0.0000000|0.0000000|0.0000000|0.0000000|0.0000000|0.0000000,0,1.0,12.40588095225507,0,0,0,0,0,
cross_town,Town02,mixed,16,188,9.4,37.46135330200195,105.43207550048828,0.22167736291885376,179.79312133789062,0.0,499.7675879071405,0.0,0.008472497574985027,5.32632217886686e-07,1.2016310272699135e-06,0.4555427491959858,0.06033596396446228,0.13737770915031433,0.09403620660305023,0.0,0.14753901958465576,0.15700799226760864,0.8305171132087708,0.800000011920929,0.09732408076524734,-1.490925669670105,1.0000000|0.0000000|0.0000000|0.0000000|0.0000000|0.0000000|0.0000000|0.0000000|0.0000000|0.0000000,0,1.0,12.359953103988142,0,0,0,0,0,
cross_town,Town02,mixed,16,189,9.45,37.46135330200195,105.43207550048828,0.22167736291885376,179.79312133789062,0.0,499.7675879071405,0.0,0.008472497574985027,5.32632217886686e-07,1.8539429797255584e-06,0.43987483981221204,0.05403885245323181,0.44053423404693604,0.24385525286197662,0.0,0.22753901779651642,0.2370079904794693,0.9871962070465088,0.800000011920929,0.7862809300422668,-1.8760690689086914,1.0000000|0.0000000|0.0000000|0.0000000|0.0000000|0.0000000|0.0000000|0.0000000|0.0000000|0.0000000,0,1.0,12.35367606945189,0,0,0,0,0,
cross_town,Town02,mixed,16,190,9.5,37.46135330200195,105.43207550048828,0.22167736291885376,179.79312133789062,0.0,499.7675879071405,0.0,0.008472497574985027,5.32632217886686e-07,2.4032630010828795e-06,0.45554277303784374,0.060335904359817505,0.13737761974334717,0.09403616935014725,0.0,0.14753901958465576,0.15700799226760864,0.8305168747901917,0.800000011920929,0.09732365608215332,-1.4909262657165527,1.0000000|0.0000000|0.0000000|0.0000000|0.0000000|0.0000000|0.0000000|0.0000000|0.0000000|0.0000000,0,1.0,12.309481689342407,0,0,0,0,0,
cross_town,Town02,mixed,16,191,9.55,37.46135330200195,105.43207550048828,0.22167736291885376,179.79312133789062,0.0,499.7675879071405,0.0,0.008472497574985027,5.32632217886686e-07,2.918243892235309e-06,0.4398748398122119,0.054038792848587036,0.4405341148376465,0.2438553273677826,0.0,0.22753901779651642,0.2370079904794693,0.9871962070465088,0.800000011920929,0.7862828373908997,-1.8760695457458496,1.0000000|0.0000000|0.0000000|0.0000000|0.0000000|0.0000000|0.0000000|0.0000000|0.0000000|0.0000000,0,1.0,12.301944235778768,0,0,0,0,0,
cross_town,Town02,mixed,16,192,9.6,37.46135330200195,105.43207550048828,0.22167736291885376,179.79312133789062,0.0,499.7675879071405,0.0,0.008472497574985027,5.32632217886686e-07,3.4675602379186235e-06,0.4555428564843465,0.06033593416213989,0.13737773895263672,0.09403616189956665,0.0,0.14753901958465576,0.15700799226760864,0.8305160403251648,0.800000011920929,0.0973222404718399,-1.490926742553711,1.0000000|0.0000000|0.0000000|0.0000000|0.0000000|0.0000000|0.0000000|0.0000000|0.0000000|0.0000000,0,1.0,12.250540018682553,0,0,0,0,0,
cross_town,Town02,mixed,16,193,9.65,37.46135330200195,105.43207550048828,0.22167736291885376,179.79312133789062,0.0,499.7675879071405,0.0,0.008472497574985027,5.32632217886686e-07,4.154205858181547e-06,0.4398748398122121,0.054038792848587036,0.44053399562835693,0.2438553273677826,0.0,0.22753901779651642,0.2370079904794693,0.9871962070465088,0.800000011920929,0.7862827181816101,-1.8760689496994019,1.0000000|0.0000000|0.0000000|0.0000000|0.0000000|0.0000000|0.0000000|0.0000000|0.0000000|0.0000000,0,1.0,12.234983061984295,0,0,0,0,0,
cross_town,Town02,mixed,16,194,9.7,37.46135330200195,105.43207550048828,0.22167736291885376,179.79312133789062,0.0,499.7675879071405,0.0,0.008472497574985027,5.32632217886686e-07,4.6691909082026905e-06,0.4555428445634175,0.06033596396446228,0.13737782835960388,0.09403613954782486,0.0,0.14753901958465576,0.15700799226760864,0.8305161595344543,0.800000011920929,0.09732245653867722,-1.4909271001815796,1.0000000|0.0000000|0.0000000|0.0000000|0.0000000|0.0000000|0.0000000|0.0000000|0.0000000|0.0000000,0,1.0,12.177575553732515,0,0,0,0,0,
cross_town,Town02,mixed,16,195,9.75,37.46135330200195,105.43207550048828,0.22167736291885376,179.79312133789062,0.0,499.7675879071405,0.0,0.008472497574985027,5.32632217886686e-07,4.1198923628746425e-07,0.43987482789128296,0.05403876304626465,0.44053399562835693,0.2438553273677826,0.0,0.22753901779651642,0.2370079904794693,0.9871963262557983,0.800000011920929,0.7862845659255981,-1.8760687112808228,1.0000000|0.0000000|0.0000000|0.0000000|0.0000000|0.0000000|0.0000000|0.0000000|0.0000000|0.0000000,0,1.0,12.157470606755668,0,0,0,0,0,
cross_town,Town02,mixed,16,196,9.8,37.46135330200195,105.43207550048828,0.22167736291885376,179.79312133789062,0.0,499.7675879071405,0.0,0.008472497574985027,5.32632217886686e-07,1.0643024437890304e-06,0.4555427670773792,0.06033593416213989,0.13737767934799194,0.09403616935014725,0.0,0.14753901958465576,0.15700799226760864,0.8305169343948364,0.800000011920929,0.09732383489608765,-1.490925669670105,1.0000000|0.0000000|0.0000000|0.0000000|0.0000000|0.0000000|0.0000000|0.0000000|0.0000000|0.0000000,0,1.0,12.098366406514995,0,0,0,0,0,
cross_town,Town02,mixed,16,197,9.85,37.46135330200195,105.43207550048828,0.22167736291885376,179.79312133789062,0.0,499.7675879071405,0.0,0.008472497574985027,5.32632217886686e-07,1.6822821601666398e-06,0.43987483981221204,0.054038822650909424,0.44053417444229126,0.2438552975654602,0.0,0.22753901779651642,0.2370079904794693,0.9871962070465088,0.800000011920929,0.7862809300422668,-1.8760689496994019,1.0000000|0.0000000|0.0000000|0.0000000|0.0000000|0.0000000|0.0000000|0.0000000|0.0000000|0.0000000,0,1.0,12.078893980964928,0,0,0,0,0,
cross_town,Town02,mixed,16,198,9.9,37.46135330200195,105.43207550048828,0.22167736291885376,179.79312133789062,0.0,499.7675879071405,0.0,0.008472497574985027,5.32632217886686e-07,2.1629356429184717e-06,0.4555427491959858,0.06033593416213989,0.13737767934799194,0.09403612464666367,0.0,0.14753901958465576,0.15700799226760864,0.8305171132087708,0.800000011920929,0.09732411056756973,-1.4909265041351318,1.0000000|0.0000000|0.0000000|0.0000000|0.0000000|0.0000000|0.0000000|0.0000000|0.0000000|0.0000000,0,1.0,12.022891356927385,0,0,0,0,0,
cross_town,Town02,mixed,16,199,9.95,37.46135330200195,105.43207550048828,0.22167736291885376,179.79312133789062,0.0,499.7675879071405,0.0,0.008472497574985027,5.32632217886686e-07,2.7122500240194735e-06,0.4398748517331409,0.05403885245323181,0.4405341148376465,0.2438552975654602,0.0,0.22753901779651642,0.2370079904794693,0.9871960878372192,0.800000011920929,0.7862801551818848,-1.8760687112808228,1.0000000|0.0000000|0.0000000|0.0000000|0.0000000|0.0000000|0.0000000|0.0000000|0.0000000|0.0000000,0,1.0,12.007245365889911,0,0,0,0,0,
cross_town,Town02,mixed,16,200,10.0,37.46135330200195,105.43207550048828,0.22167736291885376,179.79312133789062,0.0,499.7675879071405,0.0,0.008472497574985027,5.32632217886686e-07,3.3302313582856194e-06,0.4555428743657399,0.06033596396446228,0.13737773895263672,0.09403609484434128,0.0,0.14753901958465576,0.15700799226760864,0.8305158615112305,0.800000011920929,0.09732188284397125,-1.4909265041351318,1.0000000|0.0000000|0.0000000|0.0000000|0.0000000|0.0000000|0.0000000|0.0000000|0.0000000|0.0000000,0,1.0,11.955645932764236,0,0,0,0,0,
cross_town,Town02,mixed,16,201,10.05,37.46135330200195,105.43207550048828,0.22167736291885376,179.79312133789062,0.0,499.7675879071405,0.0,0.008472497574985027,5.32632217886686e-07,3.845215721729003e-06,0.439874839812212,0.054038822650909424,0.44053423404693604,0.2438553273677826,0.0,0.22753901779651642,0.2370079904794693,0.9871962070465088,0.800000011920929,0.7862821817398071,-1.8760697841644287,1.0000000|0.0000000|0.0000000|0.0000000|0.0000000|0.0000000|0.0000000|0.0000000|0.0000000|0.0000000,0,1.0,11.943385940271545,0,0,0,0,0,
cross_town,Town02,mixed,16,202,10.1,37.46135330200195,105.43207550048828,0.22167736291885376,179.79312133789062,0.0,499.7675879071405,0.0,0.008472497574985027,5.32632217886686e-07,4.4631958506143e-06,0.45554285648434634,0.06033596396446228,0.13737773895263672,0.09403621405363083,0.0,0.14753901958465576,0.15700799226760864,0.8305160403251648,0.800000011920929,0.09732221066951752,-1.4909263849258423,1.0000000|0.0000000|0.0000000|0.0000000|0.0000000|0.0000000|0.0000000|0.0000000|0.0000000|0.0000000,0,1.0,11.894235630951455,0,0,0,0,0,
cross_town,Town02,mixed,16,203,10.15,37.46135330200195,105.43207550048828,0.22167736291885376,179.79312133789062,0.0,499.7675879071405,0.0,0.008472497574985027,5.32632217886686e-07,2.0600914865705977e-07,0.4398748278912831,0.054038792848587036,0.4405343532562256,0.2438553273677826,0.0,0.22753901779651642,0.2370079904794693,0.9871963262557983,0.800000011920929,0.7862834930419922,-1.87606942653656,1.0000000|0.0000000|0.0000000|0.0000000|0.0000000|0.0000000|0.0000000|0.0000000|0.0000000|0.0000000,0,1.0,11.88283470948143,0,0,0,0,0,
cross_town,Town02,mixed,16,204,10.2,37.46135330200195,105.43207550048828,0.22167736291885376,179.79312133789062,0.0,499.7675879071405,0.0,0.008472497574985027,5.32632217886686e-07,7.20978010945388e-07,0.45554281476109515,0.06033593416213989,0.13737767934799194,0.09403618425130844,0.0,0.14753901958465576,0.15700799226760864,0.8305164575576782,0.800000011920929,0.09732294827699661,-1.4909257888793945,1.0000000|0.0000000|0.0000000|0.0000000|0.0000000|0.0000000|0.0000000|0.0000000|0.0000000|0.0000000,0,1.0,11.833429532966349,0,0,0,0,0,
cross_town,Town02,mixed,16,205,10.25,37.46135330200195,105.43207550048828,0.22167736291885376,179.79312133789062,0.0,499.7675879071405,0.0,0.008472497574985027,5.32632217886686e-07,1.2702968765886219e-06,0.4398748398122121,0.054038822650909424,0.44053393602371216,0.24385516345500946,0.0,0.22753901779651642,0.2370079904794693,0.9871962070465088,0.800000011920929,0.7862807512283325,-1.8760693073272705,1.0000000|0.0000000|0.0000000|0.0000000|0.0000000|0.0000000|0.0000000|0.0000000|0.0000000|0.0000000,0,1.0,11.82078093154747,0,0,0,0,0,
cross_town,Town02,mixed,16,206,10.3,37.46135330200195,105.43207550048828,0.22167736291885376,179.79312133789062,0.0,499.7675879071405,0.0,0.008472497574985027,5.32632217886686e-07,1.9226075454741713e-06,0.45554283264248846,0.06033593416213989,0.13737770915031433,0.09403607994318008,0.0,0.14753901958465576,0.15700799226760864,0.8305162787437439,0.800000011920929,0.09732256829738617,-1.4909266233444214,1.0000000|0.0000000|0.0000000|0.0000000|0.0000000|0.0000000|0.0000000|0.0000000|0.0000000|0.0000000,0,1.0,11.76983441710386,0,0,0,0,0,
cross_town,Town02,mixed,16,207,10.35,37.46135330200195,105.43207550048828,0.22167736291885376,179.79312133789062,0.0,499.7675879071405,0.0,0.008472497574985027,5.32632217886686e-07,2.403263362193163e-06,0.43987485173314106,0.054038822650909424,0.4405340552330017,0.243855282664299,0.0,0.22753901779651642,0.2370079904794693,0.9871960878372192,0.800000011920929,0.7862800359725952,-1.8760695457458496,1.0000000|0.0000000|0.0000000|0.0000000|0.0000000|0.0000000|0.0000000|0.0000000|0.0000000|0.0000000,0,1.0,11.755628787438267,0,0,0,0,0,
cross_town,Town02,mixed,16,208,10.4,37.46135330200195,105.43207550048828,0.22167736291885376,179.79312133789062,0.0,499.7675879071405,0.0,0.008472497574985027,5.32632217886686e-07,2.9525758646592504e-06,0.4555428743657396,0.06033593416213989,0.13737773895263672,0.09403610974550247,0.0,0.14753901958465576,0.15700799226760864,0.8305158615112305,0.800000011920929,0.09732189774513245,-1.490926742553711,1.0000000|0.0000000|0.0000000|0.0000000|0.0000000|0.0000000|0.0000000|0.0000000|0.0000000|0.0000000,0,1.0,11.703744960250628,0,0,0,0,0,
cross_town,Town02,mixed,16,209,10.45,37.46135330200195,105.43207550048828,0.22167736291885376,179.79312133789062,0.0,499.7675879071405,0.0,0.008472497574985027,5.32632217886686e-07,3.604889583725516e-06,0.43987482789128307,0.054038792848587036,0.44053423404693604,0.2438552975654602,0.0,0.22753901779651642,0.2370079904794693,0.9871963262557983,0.800000011920929,0.7862830758094788,-1.87606942653656,1.0000000|0.0000000|0.0000000|0.0000000|0.0000000|0.0000000|0.0000000|0.0000000|0.0000000|0.0000000,0,1.0,11.68910911848293,0,0,0,0,0,
cross_town,Town02,mixed,16,210,10.5,37.46135330200195,105.43207550048828,0.22167736291885376,179.79312133789062,0.0,499.7675879071405,0.0,0.008472497574985027,5.32632217886686e-07,4.085541376489067e-06,0.45554283264248846,0.06033596396446228,0.13737773895263672,0.09403606504201889,0.0,0.14753901958465576,0.15700799226760864,0.8305162787437439,0.800000011920929,0.09732256829738617,-1.4909271001815796,1.0000000|0.0000000|0.0000000|0.0000000|0.0000000|0.0000000|0.0000000|0.0000000|0.0000000|0.0000000,0,1.0,11.63774493791261,0,0,0,0,0,
cross_town,Town02,mixed,16,211,10.55,37.46135330200195,105.43207550048828,0.22167736291885376,179.79312133789062,0.0,499.7675879071405,0.0,0.008472497574985027,5.32632217886686e-07,0.0,0.4398748278912829,0.054038822650909424,0.4405341148376465,0.243855282664299,0.0,0.22753901779651642,0.2370079904794693,0.9871963262557983,0.800000011920929,0.7862842679023743,-1.87606942653656,1.0000000|0.0000000|0.0000000|0.0000000|0.0000000|0.0000000|0.0000000|0.0000000|0.0000000|0.0000000,0,1.0,11.623987699072867,0,0,0,0,0,
cross_town,Town02,mixed,16,212,10.6,37.46135330200195,105.43207550048828,0.22167736291885376,179.79312133789062,0.0,499.7675879071405,0.0,0.008472497574985027,5.32632217886686e-07,5.149851503215107e-07,0.45554287436573987,0.06033596396446228,0.13737767934799194,0.09403626620769501,0.0,0.14753901958465576,0.15700799226760864,0.8305158615112305,0.800000011920929,0.09732188284397125,-1.490925908088684,1.0000000|0.0000000|0.0000000|0.0000000|0.0000000|0.0000000|0.0000000|0.0000000|0.0000000|0.0000000,0,1.0,11.574131832607394,0,0,0,0,0,
cross_town,Town02,mixed,16,213,10.65,37.46135330200195,105.43207550048828,0.22167736291885376,179.79312133789062,0.0,499.7675879071405,0.0,0.008472497574985027,5.32632217886686e-07,1.1329663372932798e-06,0.439874851733141,0.054038822650909424,0.4405338764190674,0.24385522305965424,0.0,0.22753901779651642,0.2370079904794693,0.9871960878372192,0.800000011920929,0.7862805724143982,-1.8760687112808228,1.0000000|0.0000000|0.0000000|0.0000000|0.0000000|0.0000000|0.0000000|0.0000000|0.0000000|0.0000000,0,1.0,11.561739419177485,0,0,0,0,0,
cross_town,Town02,mixed,16,214,10.7,37.46135330200195,105.43207550048828,0.22167736291885376,179.79312133789062,0.0,499.7675879071405,0.0,0.008472497574985027,5.32632217886686e-07,1.7166139238592664e-06,0.45554285052388194,0.06033596396446228,0.13737773895263672,0.09403612464666367,0.0,0.14753901958465576,0.15700799226760864,0.8305160999298096,0.800000011920929,0.09732234477996826,-1.4909260272979736,1.0000000|0.0000000|0.0000000|0.0000000|0.0000000|0.0000000|0.0000000|0.0000000|0.0000000|0.0000000,0,1.0,11.513365767020275,0,0,0,0,0,
cross_town,Town02,mixed,16,215,10.75,37.46135330200195,105.43207550048828,0.22167736291885376,179.79312133789062,0.0,499.7675879071405,0.0,0.008472497574985027,5.32632217886686e-07,2.265930606531275e-06,0.43987485173314106,0.054038822650909424,0.4405341148376465,0.2438552975654602,0.0,0.22753901779651642,0.2370079904794693,0.9871960878372192,0.800000011920929,0.7862801551818848,-1.8760689496994019,1.0000000|0.0000000|0.0000000|0.0000000|0.0000000|0.0000000|0.0000000|0.0000000|0.0000000|0.0000000,0,1.0,11.501945363722134,0,0,0,0,0,
cross_town,Town02,mixed,16,216,10.8,37.46135330200195,105.43207550048828,0.22167736291885376,179.79312133789062,0.0,499.7675879071405,0.0,0.008472497574985027,5.32632217886686e-07,2.7809147578990628e-06,0.4555428147610951,0.06033596396446228,0.13737770915031433,0.09403609484434128,0.0,0.14753901958465576,0.15700799226760864,0.8305164575576782,0.800000011920929,0.09732295572757721,-1.4909257888793945,1.0000000|0.0000000|0.0000000|0.0000000|0.0000000|0.0000000|0.0000000|0.0000000|0.0000000|0.0000000,0,1.0,11.454375272569328,0,0,0,0,0,
cross_town,Town02,mixed,16,217,10.85,37.46135330200195,105.43207550048828,0.22167736291885376,179.79312133789062,0.0,499.7675879071405,0.0,0.008472497574985027,5.32632217886686e-07,3.2958988096765158e-06,0.43987482789128307,0.054038822650909424,0.44053423404693604,0.24385535717010498,0.0,0.22753901779651642,0.2370079904794693,0.9871963262557983,0.800000011920929,0.7862831354141235,-1.8760690689086914,1.0000000|0.0000000|0.0000000|0.0000000|0.0000000|0.0000000|0.0000000|0.0000000|0.0000000|0.0000000,0,1.0,11.443236212757391,0,0,0,0,0,
cross_town,Town02,mixed,16,218,10.9,37.46135330200195,105.43207550048828,0.22167736291885376,179.79312133789062,0.0,499.7675879071405,0.0,0.008472497574985027,5.32632217886686e-07,3.948212588697487e-06,0.45554282668202406,0.06033596396446228,0.13737773895263672,0.09403616935014725,0.0,0.14753901958465576,0.15700799226760864,0.8305163383483887,0.800000011920929,0.09732283651828766,-1.4909263849258423,1.0000000|0.0000000|0.0000000|0.0000000|0.0000000|0.0000000|0.0000000|0.0000000|0.0000000|0.0000000,0,1.0,11.395858981083773,0,0,0,0,0,
cross_town,Town02,mixed,16,219,10.95,37.46135330200195,105.43207550048828,0.22167736291885376,179.79312133789062,0.0,499.7675879071405,0.0,0.008472497574985027,5.32632217886686e-07,4.566192510405557e-06,0.439874827891283,0.054038792848587036,0.4405340552330017,0.2438552975654602,0.0,0.22753901779651642,0.2370079904794693,0.9871963262557983,0.800000011920929,0.7862845659255981,-1.87606942653656,1.0000000|0.0000000|0.0000000|0.0000000|0.0000000|0.0000000|0.0000000|0.0000000|0.0000000|0.0000000,0,1.0,11.384623811965684,0,0,0,0,0,
cross_town,Town02,mixed,16,220,11.0,37.46135330200195,105.43207550048828,0.22167736291885376,179.79312133789062,0.0,499.7675879071405,0.0,0.008472497574985027,5.32632217886686e-07,3.08995407742976e-07,0.455542850523882,0.06033599376678467,0.13737785816192627,0.09403616189956665,0.0,0.14753901958465576,0.15700799226760864,0.8305160999298096,0.800000011920929,0.09732235968112946,-1.4909266233444214,1.0000000|0.0000000|0.0000000|0.0000000|0.0000000|0.0000000|0.0000000|0.0000000|0.0000000|0.0000000,0,1.0,11.337311667740632,0,0,0,0,0,
cross_town,Town02,mixed,16,221,11.05,37.46135330200195,105.43207550048828,0.22167736291885376,179.79312133789062,0.0,499.7675879071405,0.0,0.008472497574985027,5.32632217886686e-07,8.92639817766605e-07,0.439874851733141,0.054038822650909424,0.4405337870121002,0.2438550740480423,0.0,0.22753901779651642,0.2370079904794693,0.9871960878372192,0.800000011920929,0.7862792611122131,-1.87606942653656,1.0000000|0.0000000|0.0000000|0.0000000|0.0000000|0.0000000|0.0000000|0.0000000|0.0000000|0.0000000,0,1.0,11.325068053842072,0,0,0,0,0,
cross_town,Town02,mixed,16,222,11.1,37.46135330200195,105.43207550048828,0.22167736291885376,179.79312133789062,0.0,499.7675879071405,0.0,0.008472497574985027,5.32632217886686e-07,1.510620688677076e-06,0.45554283264248857,0.06033593416213989,0.13737767934799194,0.09403608739376068,0.0,0.14753901958465576,0.15700799226760864,0.8305162787437439,0.800000011920929,0.0973227247595787,-1.490925908088684,1.0000000|0.0000000|0.0000000|0.0000000|0.0000000|0.0000000|0.0000000|0.0000000|0.0000000|0.0000000,0,1.0,11.277732613519206,0,0,0,0,0,
cross_town,Town02,mixed,16,223,11.15,37.46135330200195,105.43207550048828,0.22167736291885376,179.79312133789062,0.0,499.7675879071405,0.0,0.008472497574985027,5.32632217886686e-07,2.0256050158091988e-06,0.439874851733141,0.054038822650909424,0.44053399562835693,0.243855282664299,0.0,0.22753901779651642,0.2370079904794693,0.9871960878372192,0.800000011920929,0.7862805128097534,-1.8760695457458496,1.0000000|0.0000000|0.0000000|0.0000000|0.0000000|0.0000000|0.0000000|0.0000000|0.0000000|0.0000000,0,1.0,11.2674326441976,0,0,0,0,0,
cross_town,Town02,mixed,16,224,11.2,37.46135330200195,105.43207550048828,0.22167736291885376,179.79312133789062,0.0,499.7675879071405,0.0,0.008472497574985027,5.32632217886686e-07,2.609253624025573e-06,0.45554277303784363,0.06033593416213989,0.13737767934799194,0.09403618425130844,0.0,0.14753901958465576,0.15700799226760864,0.8305168747901917,0.800000011920929,0.09732373058795929,-1.4909266233444214,1.0000000|0.0000000|0.0000000|0.0000000|0.0000000|0.0000000|0.0000000|0.0000000|0.0000000|0.0000000,0,1.0,11.221222402896894,0,0,0,0,0,
cross_town,Town02,mixed,16,225,11.25,37.46135330200195,105.43207550048828,0.22167736291885376,179.79312133789062,0.0,499.7675879071405,0.0,0.008472497574985027,5.32632217886686e-07,3.1242369506210387e-06,0.439874839812212,0.054038822650909424,0.4405341148376465,0.2438553422689438,0.0,0.22753901779651642,0.2370079904794693,0.9871962070465088,0.800000011920929,0.7862828373908997,-1.8760689496994019,1.0000000|0.0000000|0.0000000|0.0000000|0.0000000|0.0000000|0.0000000|0.0000000|0.0000000|0.0000000,0,1.0,11.211061851314629,0,0,0,0,0,
cross_town,Town02,mixed,16,226,11.3,37.46135330200195,105.43207550048828,0.22167736291885376,179.79312133789062,0.0,499.7675879071405,0.0,0.008472497574985027,5.32632217886686e-07,3.7078857424044297e-06,0.45554283264248857,0.06033593416213989,0.13737773895263672,0.09403612464666367,0.0,0.14753901958465576,0.15700799226760864,0.8305162787437439,0.800000011920929,0.09732264280319214,-1.490926742553711,1.0000000|0.0000000|0.0000000|0.0000000|0.0000000|0.0000000|0.0000000|0.0000000|0.0000000|0.0000000,0,1.0,11.165817764809448,0,0,0,0,0,
cross_town,Town02,mixed,16,227,11.35,37.46135330200195,105.43207550048828,0.22167736291885376,179.79312133789062,0.0,499.7675879071405,0.0,0.008472497574985027,5.32632217886686e-07,4.257204176552723e-06,0.43987482789128296,0.054038822650909424,0.4405343532562256,0.2438553273677826,0.0,0.22753901779651642,0.2370079904794693,0.9871963262557983,0.800000011920929,0.7862833738327026,-1.8760689496994019,1.0000000|0.0000000|0.0000000|0.0000000|0.0000000|0.0000000|0.0000000|0.0000000|0.0000000|0.0000000,0,1.0,11.156417934073751,0,0,0,0,0,
cross_town,Town02,mixed,16,228,11.4,37.46135330200195,105.43207550048828,0.22167736291885376,179.79312133789062,0.0,499.7675879071405,0.0,0.008472497574985027,5.32632217886686e-07,1.0299746672785177e-07,0.4555428743657396,0.06033596396446228,0.1373777985572815,0.09403616189956665,0.0,0.14753901958465576,0.15700799226760864,0.8305158615112305,0.800000011920929,0.09732191264629364,-1.4909275770187378,1.0000000|0.0000000|0.0000000|0.0000000|0.0000000|0.0000000|0.0000000|0.0000000|0.0000000|0.0000000,0,1.0,11.107982850801129,0,0,0,0,0,
cross_town,Town02,mixed,16,229,11.45,37.46135330200195,105.43207550048828,0.22167736291885376,179.79312133789062,0.0,499.7675879071405,0.0,0.008472497574985027,5.32632217886686e-07,6.17990681171131e-07,0.43987485173314106,0.054038822650909424,0.44053399562835693,0.24385516345500946,0.0,0.22753901779651642,0.2370079904794693,0.9871960878372192,0.800000011920929,0.786279559135437,-1.876069188117981,1.0000000|0.0000000|0.0000000|0.0000000|0.0000000|0.0000000|0.0000000|0.0000000|0.0000000|0.0000000,0,1.0,11.097571416938786,0,0,0,0,0,
cross_town,Town02,mixed,16,230,11.5,37.46135330200195,105.43207550048828,0.22167736291885376,179.79312133789062,0.0,499.7675879071405,0.0,0.008472497574985027,5.32632217886686e-07,1.2359624516924996e-06,0.45554276111691466,0.06033596396446228,0.13737770915031433,0.09403620660305023,0.0,0.14753901958465576,0.15700799226760864,0.8305169939994812,0.800000011920929,0.09732390940189362,-1.490925669670105,1.0000000|0.0000000|0.0000000|0.0000000|0.0000000|0.0000000|0.0000000|0.0000000|0.0000000|0.0000000,0,1.0,11.052800361783339,0,0,0,0,0,
cross_town,Town02,mixed,16,231,11.55,37.46135330200195,105.43207550048828,0.22167736291885376,179.79312133789062,0.0,499.7675879071405,0.0,0.008472497574985027,5.32632217886686e-07,1.8539468349230516e-06,0.4398748398122121,0.05403885245323181,0.44053423404693604,0.24385525286197662,0.0,0.22753901779651642,0.2370079904794693,0.9871962070465088,0.800000011920929,0.7862812280654907,-1.8760690689086914,1.0000000|0.0000000|0.0000000|0.0000000|0.0000000|0.0000000|0.0000000|0.0000000|0.0000000|0.0000000,0,1.0,11.043697922505697,0,0,0,0,0,
cross_town,Town02,mixed,16,232,11.6,37.46135330200195,105.43207550048828,0.22167736291885376,179.79312133789062,0.0,499.7675879071405,0.0,0.008472497574985027,5.32632217886686e-07,2.3689270990882825e-06,0.45554277303784363,0.060335904359817505,0.13737761974334717,0.09403616935014725,0.0,0.14753901958465576,0.15700799226760864,0.8305168747901917,0.800000011920929,0.09732365608215332,-1.4909262657165527,1.0000000|0.0000000|0.0000000|0.0000000|0.0000000|0.0000000|0.0000000|0.0000000|0.0000000|0.0000000,0,1.0,10.999956595413861,0,0,0,0,0,
cross_town,Town02,mixed,16,233,11.65,37.46135330200195,105.43207550048828,0.22167736291885376,179.79312133789062,0.0,499.7675879071405,0.0,0.008472497574985027,5.32632217886686e-07,2.918244296110009e-06,0.4398748278912831,0.054038792848587036,0.4405341148376465,0.2438553124666214,0.0,0.22753901779651642,0.2370079904794693,0.9871963262557983,0.800000011920929,0.7862831354141235,-1.8760690689086914,1.0000000|0.0000000|0.0000000|0.0000000|0.0000000|0.0000000|0.0000000|0.0000000|0.0000000|0.0000000,0,1.0,10.99066383121858,0,0,0,0,0,
cross_town,Town02,mixed,16,234,11.7,37.46135330200195,105.43207550048828,0.22167736291885376,179.79312133789062,0.0,499.7675879071405,0.0,0.008472497574985027,5.32632217886686e-07,3.5362251114638677e-06,0.45554285648434645,0.06033593416213989,0.13737773895263672,0.09403616189956665,0.0,0.14753901958465576,0.15700799226760864,0.8305160403251648,0.800000011920929,0.0973222404718399,-1.490926742553711,1.0000000|0.0000000|0.0000000|0.0000000|0.0000000|0.0000000|0.0000000|0.0000000|0.0000000|0.0000000,0,1.0,10.949108742290312,0,0,0,0,0,
cross_town,Town02,mixed,16,235,11.75,37.46135330200195,105.43207550048828,0.22167736291885376,179.79312133789062,0.0,499.7675879071405,0.0,0.008472497574985027,5.32632217886686e-07,4.051209599952749e-06,0.43987482789128307,0.054038822650909424,0.44053399562835693,0.2438552975654602,0.0,0.22753901779651642,0.2370079904794693,0.9871963262557983,0.800000011920929,0.7862839102745056,-1.8760687112808228,1.0000000|0.0000000|0.0000000|0.0000000|0.0000000|0.0000000|0.0000000|0.0000000|0.0000000|0.0000000,0,1.0,10.941508512543827,0,0,0,0,0,
cross_town,Town02,mixed,16,236,11.8,37.46135330200195,105.43207550048828,0.22167736291885376,179.79312133789062,0.0,499.7675879071405,0.0,0.008472497574985027,5.32632217886686e-07,4.634857663212243e-06,0.4555428803262042,0.06033596396446228,0.1373777985572815,0.09403614699840546,0.0,0.14753901958465576,0.15700799226760864,0.8305158019065857,0.800000011920929,0.09732182323932648,-1.4909265041351318,1.0000000|0.0000000|0.0000000|0.0000000|0.0000000|0.0000000|0.0000000|0.0000000|0.0000000|0.0000000,0,1.0,10.897894881133752,0,0,0,0,0,
cross_town,Town02,mixed,16,237,11.85,37.46135330200195,105.43207550048828,0.22167736291885376,179.79312133789062,0.0,499.7675879071405,0.0,0.008472497574985027,5.32632217886686e-07,4.119945422750518e-07,0.43987482789128296,0.054038822650909424,0.44053447246551514,0.2438552975654602,0.0,0.22753901779651642,0.2370079904794693,0.9871963262557983,0.800000011920929,0.7862849235534668,-1.8760695457458496,1.0000000|0.0000000|0.0000000|0.0000000|0.0000000|0.0000000|0.0000000|0.0000000|0.0000000|0.0000000,0,1.0,10.890439828023446,0,0,0,0,0,
cross_town,Town02,mixed,16,238,11.9,37.46135330200195,105.43207550048828,0.22167736291885376,179.79312133789062,0.0,499.7675879071405,0.0,0.008472497574985027,5.32632217886686e-07,1.0299700003534545e-06,0.45554276707737906,0.06033593416213989,0.13737767934799194,0.09403616935014725,0.0,0.14753901958465576,0.15700799226760864,0.8305169343948364,0.800000011920929,0.09732383489608765,-1.490925669670105,1.0000000|0.0000000|0.0000000|0.0000000|0.0000000|0.0000000|0.0000000|0.0000000|0.0000000|0.0000000,0,1.0,10.849212883462844,0,0,0,0,0,
cross_town,Town02,mixed,16,239,11.95,37.46135330200195,105.43207550048828,0.22167736291885376,179.79312133789062,0.0,499.7675879071405,0.0,0.008472497574985027,5.32632217886686e-07,1.5449523551971125e-06,0.439874839812212,0.054038822650909424,0.44053399562835693,0.24385520815849304,0.0,0.22753901779651642,0.2370079904794693,0.9871962070465088,0.800000011920929,0.7862812876701355,-1.87606942653656,1.0000000|0.0000000|0.0000000|0.0000000|0.0000000|0.0000000|0.0000000|0.0000000|0.0000000|0.0000000,0,1.0,10.84250268372326,0,0,0,0,0,
cross_town,Town02,mixed,16,240,12.0,37.46135330200195,105.43207550048828,0.22167736291885376,179.79312133789062,0.0,499.7675879071405,0.0,0.008472497574985027,5.32632217886686e-07,2.1286011605535507e-06,0.4555428266820241,0.06033593416213989,0.13737773895263672,0.09403609484434128,0.0,0.14753901958465576,0.15700799226760864,0.8305163383483887,0.800000011920929,0.09732283651828766,-1.490926742553711,1.0000000|0.0000000|0.0000000|0.0000000|0.0000000|0.0000000|0.0000000|0.0000000|0.0000000|0.0000000,0,1.0,10.801930027267042,0,0,0,0,0,
cross_town,Town02,mixed,16,241,12.05,37.46135330200195,105.43207550048828,0.22167736291885376,179.79312133789062,0.0,499.7675879071405,0.0,0.008472497574985027,5.32632217886686e-07,2.712249961564082e-06,0.43987485173314106,0.05403885245323181,0.4405341148376465,0.2438552975654602,0.0,0.22753901779651642,0.2370079904794693,0.9871960878372192,0.800000011920929,0.7862799763679504,-1.8760687112808228,1.0000000|0.0000000|0.0000000|0.0000000|0.0000000|0.0000000|0.0000000|0.0000000|0.0000000|0.0000000,0,1.0,10.79513512327689,0,0,0,0,0,
cross_town,Town02,mixed,16,242,12.1,37.46135330200195,105.43207550048828,0.22167736291885376,179.79312133789062,0.0,499.7675879071405,0.0,0.008472497574985027,5.32632217886686e-07,3.192902917441154e-06,0.45554287436573987,0.06033596396446228,0.13737773895263672,0.09403609484434128,0.0,0.14753901958465576,0.15700799226760864,0.8305158615112305,0.800000011920929,0.09732188284397125,-1.4909265041351318,1.0000000|0.0000000|0.0000000|0.0000000|0.0000000|0.0000000|0.0000000|0.0000000|0.0000000|0.0000000,0,1.0,10.754841288947848,0,0,0,0,0,
cross_town,Town02,mixed,16,243,12.15,37.46135330200195,105.43207550048828,0.22167736291885376,179.79312133789062,0.0,499.7675879071405,0.0,0.008472497574985027,5.32632217886686e-07,3.742219030499975e-06,0.4398748278912829,0.054038822650909424,0.44053423404693604,0.2438553273677826,0.0,0.22753901779651642,0.2370079904794693,0.9871963262557983,0.800000011920929,0.7862837910652161,-1.8760697841644287,1.0000000|0.0000000|0.0000000|0.0000000|0.0000000|0.0000000|0.0000000|0.0000000|0.0000000|0.0000000,0,1.0,10.749323059233147,0,0,0,0,0,
cross_town,Town02,mixed,16,244,12.2,37.46135330200195,105.43207550048828,0.22167736291885376,179.79312133789062,0.0,499.7675879071405,0.0,0.008472497574985027,5.32632217886686e-07,4.394531907272517e-06,0.4555428147610948,0.06033599376678467,0.13737773895263672,0.09403607994318008,0.0,0.14753901958465576,0.15700799226760864,0.8305164575576782,0.800000011920929,0.09732295572757721,-1.49092698097229,1.0000000|0.0000000|0.0000000|0.0000000|0.0000000|0.0000000|0.0000000|0.0000000|0.0000000|0.0000000,0,1.0,10.71086638684509,0,0,0,0,0,
cross_town,Town02,mixed,16,245,12.25,37.46135330200195,105.43207550048828,0.22167736291885376,179.79312133789062,0.0,499.7675879071405,0.0,0.008472497574985027,5.32632217886686e-07,2.403335985074934e-07,0.43987482789128285,0.054038792848587036,0.4405343532562256,0.2438553273677826,0.0,0.22753901779651642,0.2370079904794693,0.9871963262557983,0.800000011920929,0.7862848043441772,-1.87606942653656,1.0000000|0.0000000|0.0000000|0.0000000|0.0000000|0.0000000|0.0000000|0.0000000|0.0000000|0.0000000,0,1.0,10.70740435347098,0,0,0,0,0,
cross_town,Town02,mixed,16,246,12.3,37.46135330200195,105.43207550048828,0.22167736291885376,179.79312133789062,0.0,499.7675879071405,0.0,0.008472497574985027,5.32632217886686e-07,8.239763708497834e-07,0.4555428147610949,0.06033593416213989,0.13737767934799194,0.09403618425130844,0.0,0.14753901958465576,0.15700799226760864,0.8305164575576782,0.800000011920929,0.09732285887002945,-1.4909257888793945,1.0000000|0.0000000|0.0000000|0.0000000|0.0000000|0.0000000|0.0000000|0.0000000|0.0000000|0.0000000,0,1.0,10.669823702700365,0,0,0,0,0,
cross_town,Town02,mixed,16,247,12.35,37.46135330200195,105.43207550048828,0.22167736291885376,179.79312133789062,0.0,499.7675879071405,0.0,0.008472497574985027,5.32632217886686e-07,1.3389587184187104e-06,0.43987485173314095,0.054038822650909424,0.44053393602371216,0.24385522305965424,0.0,0.22753901779651642,0.2370079904794693,0.9871960878372192,0.800000011920929,0.7862799763679504,-1.8760693073272705,1.0000000|0.0000000|0.0000000|0.0000000|0.0000000|0.0000000|0.0000000|0.0000000|0.0000000|0.0000000,0,1.0,10.666563460742932,0,0,0,0,0,
cross_town,Town02,mixed,16,248,12.4,37.46135330200195,105.43207550048828,0.22167736291885376,179.79312133789062,0.0,499.7675879071405,0.0,0.008472497574985027,5.32632217886686e-07,1.8539430952324143e-06,0.45554280880063064,0.06033593416213989,0.13737770915031433,0.09403607994318008,0.0,0.14753901958465576,0.15700799226760864,0.830516517162323,0.800000011920929,0.09732303023338318,-1.4909266233444214,1.0000000|0.0000000|0.0000000|0.0000000|0.0000000|0.0000000|0.0000000|0.0000000|0.0000000|0.0000000,0,1.0,10.628906428001235,0,0,0,0,0,
cross_town,Town02,mixed,16,249,12.45,37.46135330200195,105.43207550048828,0.22167736291885376,179.79312133789062,0.0,499.7675879071405,0.0,0.008472497574985027,5.32632217886686e-07,2.471923779603639e-06,0.43987485173314106,0.054038822650909424,0.4405340552330017,0.243855282664299,0.0,0.22753901779651642,0.2370079904794693,0.9871960878372192,0.800000011920929,0.7862799763679504,-1.8760695457458496,1.0000000|0.0000000|0.0000000|0.0000000|0.0000000|0.0000000|0.0000000|0.0000000|0.0000000|0.0000000,0,1.0,10.627122651658382,0,0,0,0,0,
cross_town,Town02,mixed,16,250,12.5,37.46135330200195,105.43207550048828,0.22167736291885376,179.79312133789062,0.0,499.7675879071405,0.0,0.008472497574985027,5.32632217886686e-07,3.0212404857441203e-06,0.4555428803262044,0.06033596396446228,0.13737773895263672,0.09403609484434128,0.0,0.14753901958465576,0.15700799226760864,0.8305158019065857,0.800000011920929,0.09732183814048767,-1.4909265041351318,1.0000000|0.0000000|0.0000000|0.0000000|0.0000000|0.0000000|0.0000000|0.0000000|0.0000000|0.0000000,0,1.0,10.590453337334143,0,0,1,0,0,stuck
