protocol,town,weather,episode,t,sim_time_s,ego_x,ego_y,ego_z,ego_yaw_deg,route_s_m,route_remaining_m,route_completion_pct,cte_m,route_heading_rad,speed_kmh,reward,command_throttle,command_brake,command_steer,applied_throttle,applied_brake,applied_steer,sigma_bar,sigma_ale,sigma_epi,policy_entropy_proxy,attention,top_attention_index,top_attention_value,ttc_s,collision,off_route,timeout,red_light_violation,intervention,terminal_reason
cross_town,Town02,mixed,10,1,0.05,9.530014991760254,302.556640625,0.15079757571220398,179.9609375,0.0,500.0229893708359,0.0,2.86102294921875e-06,2.663161091653876e-07,0.46652514338536133,0.4417671852719996,0.06912693381309509,0.32462701201438904,-0.011160062626004219,0.0,0.07999999821186066,-0.011160062626004219,1.0,0.2724568545818329,39.97090530395508,-0.500913679599762,0.6575994|0.3424005|0.0000000|0.0000000|0.0000000|0.0000000|0.0000000|0.0000000|0.0000000|0.0000000,0,0.6575994491577148,,0,0,0,0,0,
cross_town,Town02,mixed,10,2,0.1,9.530014991760254,302.556640625,0.161112442612648,179.9609375,0.0,500.0229893708359,0.0,2.86102294921875e-06,2.663161091653876e-07,0.8584063410759653,0.4419165093247737,0.10096919536590576,0.5513026714324951,-0.011492152698338032,0.0,0.1599999964237213,-0.011492152698338032,1.0,0.2730347514152527,38.87238311767578,-0.4835163354873657,0.6328719|0.3671282|0.0000000|0.0000000|0.0000000|0.0000000|0.0000000|0.0000000|0.0000000|0.0000000,0,0.6328718662261963,,0,0,0,0,0,
cross_town,Town02,mixed,10,3,0.15,9.530014991760254,302.556640625,0.17358183860778809,179.9609375,0.0,500.0229893708359,0.0,2.86102294921875e-06,2.663161091653876e-07,0.8940874993801221,0.4385139570552542,0.05269840359687805,0.5181100368499756,0.04175792261958122,0.0,0.23999999463558197,0.04175792261958122,1.0,0.2728387415409088,42.91716766357422,-0.41534698009490967,0.6412588|0.3587412|0.0000000|0.0000000|0.0000000|0.0000000|0.0000000|0.0000000|0.0000000|0.0000000,0,0.6412588357925415,,0,0,0,0,0,
cross_town,Town02,mixed,10,4,0.2,9.530014991760254,302.556640625,0.18517284095287323,179.9609375,0.0,500.0229893708359,0.0,2.86102294921875e-06,2.663161091653876e-07,0.7842066764831647,0.4342366413079108,0.11558422446250916,0.40895164012908936,0.18067236244678497,0.0,0.3199999928474426,0.12175792455673218,1.0,0.27333053946495056,35.93506622314453,-1.001427173614502,0.6202154|0.3797847|0.0000000|0.0000000|0.0000000|0.0000000|0.0000000|0.0000000|0.0000000|0.0000000,0,0.6202153563499451,,0,0,0,0,0,
cross_town,Town02,mixed,10,5,0.25,9.530014991760254,302.556640625,0.19481010735034943,179.9609375,0.0,500.0229893708359,0.0,2.86102294921875e-06,2.663161091653876e-07,0.6320991396904148,0.4342366420242497,0.16601723432540894,0.2779799699783325,0.5273931622505188,0.0,0.2779799699783325,0.20175792276859283,1.0,0.28782159090042114,28.47833251953125,-2.187382459640503,1.0000000|0.0000000|0.0000000|0.0000000|0.0000000|0.0000000|0.0000000|0.0000000|0.0000000|0.0000000,0,1.0,,0,0,0,0,0,
cross_town,Town02,mixed,10,6,0.3,9.530014991760254,302.556640625,0.20233973860740662,179.9609375,0.0,500.0229893708359,0.0,2.86102294921875e-06,2.663161091653876e-07,0.4844137609005225,0.43423664202401996,0.05353778600692749,0.06477254629135132,0.35533246397972107,0.0,0.19797997176647186,0.2817579209804535,1.0,0.2725335359573364,27.55863380432129,-1.8745170831680298,0.6542560|0.3457439|0.0000000|0.0000000|0.0000000|0.0000000|0.0000000|0.0000000|0.0000000|0.0000000,0,0.6542560458183289,,0,0,0,0,0,
cross_town,Town02,mixed,10,7,0.35,9.530014991760254,302.556640625,0.20799343287944794,179.9609375,0.0,500.0229893708359,0.0,2.86102294921875e-06,2.663161091653876e-07,0.3589510738862868,0.43423409831524806,0.050930678844451904,0.02579718828201294,0.024741483852267265,0.0,0.1179799735546112,0.20175792276859283,1.0,0.26445499062538147,16.776201248168945,-0.41179609298706055,1.0000000|0.0000000|0.0000000|0.0000000|0.0000000|0.0000000|0.0000000|0.0000000|0.0000000|0.0000000,0,1.0,243.98576329321878,0,0,0,0,0,
cross_town,Town02,mixed,10,8,0.4,9.530014991760254,302.556640625,0.21212272346019745,179.9609375,0.0,500.0229893708359,0.0,2.86102294921875e-06,2.663161091653876e-07,0.25965135097938424,0.4365405571647984,0.07172343134880066,0.08761483430862427,0.13490501046180725,0.0,0.08761483430862427,0.13490501046180725,1.0,0.2644388675689697,15.106411933898926,-1.2547153234481812,1.0000000|0.0000000|0.0000000|0.0000000|0.0000000|0.0000000|0.0000000|0.0000000|0.0000000|0.0000000,0,1.0,113.21758063233649,0,0,0,0,0,
cross_town,Town02,mixed,10,9,0.45,9.530014991760254,302.556640625,0.21507766842842102,179.9609375,0.0,500.0229893708359,0.0,2.86102294921875e-06,2.663161091653876e-07,0.18444973379597016,0.43420711609221063,0.04196789860725403,0.031010210514068604,0.33628472685813904,0.0,0.007614834234118462,0.2149050086736679,1.0,0.2878209948539734,19.80113983154297,-1.0285295248031616,1.0000000|0.0000000|0.0000000|0.0000000|0.0000000|0.0000000|0.0000000|0.0000000|0.0000000|0.0000000,0,1.0,76.5732013297456,0,0,0,0,0,
cross_town,Town02,mixed,10,10,0.5,9.530014991760254,302.556640625,0.21715934574604034,179.9609375,0.0,500.0229893708359,0.0,2.86102294921875e-06,2.663161091653876e-07,0.1291914269343249,0.4341847410123359,0.056283026933670044,0.05691078305244446,0.014892159029841423,0.0,0.05691078305244446,0.13490501046180725,1.0,0.27298927307128906,16.324665069580078,-0.8325355052947998,0.6297283|0.3702717|0.0000000|0.0000000|0.0000000|0.0000000|0.0000000|0.0000000|0.0000000|0.0000000,0,0.6297283172607422,59.1276068217773,0,0,0,0,0,
cross_town,Town02,mixed,10,11,0.55,9.530014991760254,302.556640625,0.21860763430595398,179.9609375,0.0,500.0229893708359,0.0,2.86102294921875e-06,2.663161091653876e-07,0.08946379423214647,0.4341563565980467,0.053459495306015015,0.05248314142227173,0.2595684230327606,0.053459495306015015,0.0,0.2149050086736679,1.0,0.2727588713169098,16.446517944335938,-1.429969310760498,0.6357087|0.3642913|0.0000000|0.0000000|0.0000000|0.0000000|0.0000000|0.0000000|0.0000000|0.0000000,0,0.6357086896896362,46.813561108849136,0,0,0,0,0,
cross_town,Town02,mixed,10,12,0.6,9.530014991760254,302.556640625,0.21960510313510895,179.9609375,0.0,500.0229893708359,0.0,2.86102294921875e-06,2.663161091653876e-07,0.061377733200935966,0.4341218272063646,0.03575289249420166,0.06766551733016968,-0.05477219074964523,0.0,0.06766551733016968,0.13490501046180725,1.0,0.2723500430583954,10.69138240814209,-0.7939152121543884,0.6480865|0.3519134|0.0000000|0.0000000|0.0000000|0.0000000|0.0000000|0.0000000|0.0000000|0.0000000,0,0.6480865478515625,39.20458895078756,0,0,0,0,0,
cross_town,Town02,mixed,10,13,0.65,9.530014991760254,302.556640625,0.2202862948179245,179.9609375,0.0,500.0229893708359,0.0,2.86102294921875e-06,2.663161091653876e-07,0.04177753776404114,0.43408142963239305,0.09131884574890137,0.08737686276435852,0.28556910157203674,0.05999999865889549,0.0,0.2149050086736679,1.0,0.27193284034729004,17.625946044921875,-1.705591082572937,0.6595957|0.3404044|0.0000000|0.0000000|0.0000000|0.0000000|0.0000000|0.0000000|0.0000000|0.0000000,0,0.6595956683158875,34.095844551447136,0,0,0,0,0,
cross_town,Town02,mixed,10,14,0.7,9.530014991760254,302.556640625,0.220748171210289,179.9609375,0.0,500.0229893708359,0.0,2.86102294921875e-06,2.663161091653876e-07,0.028251033653311053,0.4340356341274815,0.04694169759750366,0.09946131706237793,-0.059153228998184204,0.0,0.07999999821186066,0.13490501046180725,1.0,0.27179133892059326,11.36700439453125,-0.9103662967681885,0.6585914|0.3414086|0.0000000|0.0000000|0.0000000|0.0000000|0.0000000|0.0000000|0.0000000|0.0000000,0,0.6585914492607117,30.33742585508265,0,0,0,0,0,
cross_town,Town02,mixed,10,15,0.75,9.530014991760254,302.556640625,0.22105945646762848,179.9609375,0.0,500.0229893708359,0.0,2.86102294921875e-06,2.663161091653876e-07,0.01899175644008934,0.43398444229916355,0.21856987476348877,0.4730292856693268,0.30462631583213806,0.0,0.1599999964237213,0.2149050086736679,1.0,0.26319774985313416,27.003498077392578,-1.4745854139328003,1.0000000|0.0000000|0.0000000|0.0000000|0.0000000|0.0000000|0.0000000|0.0000000|0.0000000|0.0000000,0,1.0,27.40302753930156,0,0,0,0,0,
cross_town,Town02,mixed,10,16,0.8,9.530014991760254,302.556640625,0.22126811742782593,179.9609375,0.0,500.0229893708359,0.0,2.86102294921875e-06,2.663161091653876e-07,0.012705173157157964,0.44157325370194084,0.08626064658164978,0.3587878942489624,0.2095354199409485,0.0,0.23999999463558197,0.2095354199409485,1.0,0.26288244128227234,24.780750274658203,-1.7995193004608154,1.0000000|0.0000000|0.0000000|0.0000000|0.0000000|0.0000000|0.0000000|0.0000000|0.0000000|0.0000000,0,1.0,24.980569712041603,0,0,0,0,0,
cross_town,Town02,mixed,10,17,0.85,9.530014991760254,302.556640625,0.22140730917453766,179.9609375,0.0,500.0229893708359,0.0,2.86102294921875e-06,2.663161091653876e-07,0.008463420533455763,0.4338657865024806,0.07784932851791382,0.11563408374786377,0.34459733963012695,0.0,0.1599999964237213,0.28953543305397034,1.0,0.2711363434791565,30.240093231201172,-1.9889932870864868,0.6598737|0.3401264|0.0000000|0.0000000|0.0000000|0.0000000|0.0000000|0.0000000|0.0000000|0.0000000,0,0.6598736643791199,22.94382608805293,0,0,0,0,0,
cross_town,Town02,mixed,10,18,0.9,9.530014991760254,302.556640625,0.22140730917453766,179.9609375,0.0,500.0229893708359,0.0,2.86102294921875e-06,2.663161091653876e-07,0.0,0.43379813256515937,0.05255630612373352,0.19694119691848755,0.1712253987789154,0.0,0.19694119691848755,0.20953543484210968,1.0,0.27091217041015625,6.833994388580322,-0.9747375249862671,0.6589106|0.3410895|0.0000000|0.0000000|0.0000000|0.0000000|0.0000000|0.0000000|0.0000000|0.0000000,0,0.6589105725288391,21.19731973524899,0,0,0,0,0,
cross_town,Town02,mixed,10,19,0.95,9.530014991760254,302.556640625,0.2215089052915573,179.9609375,0.0,500.0229893708359,0.0,2.86102294921875e-06,2.663161091653876e-07,0.00219342042829702,0.43372249602593105,0.05176553130149841,0.043409526348114014,0.39885494112968445,0.0,0.11694119870662689,0.28953543305397034,1.0,0.2878214418888092,26.425765991210938,-1.6864482164382935,1.0000000|0.0000000|0.0000000|0.0000000|0.0000000|0.0000000|0.0000000|0.0000000|0.0000000|0.0000000,0,1.0,18.860872087659477,0,0,0,0,0,
cross_town,Town02,mixed,10,20,1.0,9.530014991760254,302.556640625,0.2215421199798584,179.9609375,0.0,500.0229893708359,0.0,2.86102294921875e-06,2.663161091653876e-07,0.0024281501824726572,0.43364035631805675,0.02871188521385193,0.04013556241989136,0.11171212047338486,0.0,0.036941200494766235,0.20953543484210968,1.0,0.28782153129577637,15.46104907989502,-0.3848610520362854,1.0000000|0.0000000|0.0000000|0.0000000|0.0000000|0.0000000|0.0000000|0.0000000|0.0000000|0.0000000,0,1.0,17.725181515522266,0,0,0,0,0,
cross_town,Town02,mixed,10,21,1.05,9.530014991760254,302.556640625,0.2215740978717804,179.9609375,0.0,500.0229893708359,0.0,2.86102294921875e-06,2.663161091653876e-07,0.0021796875239982224,0.43355265303090307,0.037199586629867554,0.023679137229919434,0.1235290989279747,0.0,0.0,0.12953543663024902,1.0,0.28782153129577637,13.60460090637207,-0.6894981265068054,1.0000000|0.0000000|0.0000000|0.0000000|0.0000000|0.0000000|0.0000000|0.0000000|0.0000000|0.0000000,0,1.0,16.711439098116116,0,0,0,0,0,
cross_town,Town02,mixed,10,22,1.1,9.530014991760254,302.556640625,0.22160117328166962,179.9609375,0.0,500.0229893708359,0.0,2.86102294921875e-06,2.663161091653876e-07,0.0017822914291825574,0.4334593073935493,0.12887495756149292,0.3532506227493286,0.3390970230102539,0.0,0.07999999821186066,0.20953543484210968,1.0,0.26990678906440735,29.782840728759766,-1.8122529983520508,0.6508757|0.3491243|0.0000000|0.0000000|0.0000000|0.0000000|0.0000000|0.0000000|0.0000000|0.0000000,0,0.6508756875991821,15.829291497843698,0,0,0,0,0,
cross_town,Town02,mixed,10,23,1.15,9.530014991760254,302.556640625,0.2216225415468216,179.9609375,0.0,500.0229893708359,0.0,2.86102294921875e-06,2.663161091653876e-07,0.001374423949595909,0.43932894078037943,0.0902772843837738,0.25813400745391846,0.17177090048789978,0.0,0.1599999964237213,0.17177090048789978,1.0,0.268931120634079,18.039487838745117,-1.763967752456665,0.6730682|0.3269318|0.0000000|0.0000000|0.0000000|0.0000000|0.0000000|0.0000000|0.0000000|0.0000000,0,0.6730682253837585,15.060670363260785,0,0,0,0,0,
cross_town,Town02,mixed,10,24,1.2,9.530014991760254,302.556640625,0.22163863480091095,179.9609375,0.0,500.0229893708359,0.0,2.86102294921875e-06,2.663161091653876e-07,0.00102385713545688,0.43325573544498003,0.15818393230438232,0.31087568402290344,0.29927346110343933,0.0,0.23999999463558197,0.25177091360092163,1.0,0.269001305103302,29.04315757751465,-2.022754430770874,0.6572524|0.3427476|0.0000000|0.0000000|0.0000000|0.0000000|0.0000000|0.0000000|0.0000000|0.0000000,0,0.6572524309158325,14.382801807314934,0,0,0,0,0,
cross_town,Town02,mixed,10,25,1.25,9.530014991760254,302.556640625,0.22165046632289886,179.9609375,0.0,500.0229893708359,0.0,2.86102294921875e-06,2.663161091653876e-07,0.0007449416968889899,0.44082516628948076,0.18729209899902344,0.26953625679016113,0.2522943913936615,0.0,0.26953625679016113,0.2522943913936615,1.0,0.25859278440475464,16.513517379760742,-1.0831953287124634,1.0000000|0.0000000|0.0000000|0.0000000|0.0000000|0.0000000|0.0000000|0.0000000|0.0000000|0.0000000,0,1.0,13.779047580067598,0,0,0,0,0,
cross_town,Town02,mixed,10,26,1.3,9.530014991760254,302.556640625,0.22165900468826294,179.9609375,0.0,500.0229893708359,0.0,2.86102294921875e-06,2.663161091653876e-07,0.0005308799388618836,0.4407084245977342,0.18898558616638184,0.3196766972541809,0.2512834966182709,0.0,0.3196766972541809,0.2512834966182709,1.0,0.26775556802749634,14.50938606262207,-1.7330574989318848,0.6722833|0.3277167|0.0000000|0.0000000|0.0000000|0.0000000|0.0000000|0.0000000|0.0000000|0.0000000,0,0.6722832918167114,13.238694521456258,0,0,0,0,0,
cross_town,Town02,mixed,10,27,1.35,9.530014991760254,302.556640625,0.2216615229845047,179.9609375,0.0,500.0229893708359,0.0,2.86102294921875e-06,2.663161091653876e-07,0.00016479496360959848,0.4329088379780617,0.24663063883781433,0.4698903560638428,0.43413493037223816,0.0,0.39967671036720276,0.3312835097312927,1.0,0.2573317885398865,24.292123794555664,-0.4757869243621826,1.0000000|0.0000000|0.0000000|0.0000000|0.0000000|0.0000000|0.0000000|0.0000000|0.0000000|0.0000000,0,1.0,12.971904334067217,0,0,0,0,0,
cross_town,Town02,mixed,10,28,1.4,9.530014991760254,302.556640625,0.22166435420513153,179.9609375,0.0,500.0229893708359,0.0,2.86102294921875e-06,2.663161091653876e-07,0.00022020721227326566,0.43278697336851396,0.20221704244613647,0.34517133235931396,0.4406631290912628,0.0,0.34517133235931396,0.4112835228443146,1.0,0.2664415240287781,7.718259334564209,-1.0815879106521606,0.6863337|0.3136663|0.0000000|0.0000000|0.0000000|0.0000000|0.0000000|0.0000000|0.0000000|0.0000000,0,0.6863337159156799,12.988544128081463,0,0,0,0,0,
cross_town,Town02,mixed,10,29,1.45,9.530014991760254,302.556640625,0.2216673642396927,179.9609375,0.0,500.0229893708359,0.0,2.86102294921875e-06,2.663161091653876e-07,0.00021251677685577307,0.4395144043304654,0.0535392165184021,0.3155684471130371,0.38500380516052246,0.0,0.3155684471130371,0.38500380516052246,1.0,0.26617103815078735,10.217846870422363,-0.009210050106048584,0.6806292|0.3193708|0.0000000|0.0000000|0.0000000|0.0000000|0.0000000|0.0000000|0.0000000|0.0000000,0,0.6806291937828064,12.972014227080189,0,0,0,0,0,
cross_town,Town02,mixed,10,30,1.5,9.530014991760254,302.556640625,0.22167007625102997,179.9609375,0.0,500.0229893708359,0.0,2.86102294921875e-06,2.663161091653876e-07,0.00018127442378335418,0.43893686236510077,0.05147990584373474,0.417816698551178,0.417609840631485,0.0,0.39556846022605896,0.417609840631485,1.0,0.26571911573410034,19.098936080932617,-0.46206045150756836,0.6807005|0.3192995|0.0000000|0.0000000|0.0000000|0.0000000|0.0000000|0.0000000|0.0000000|0.0000000,0,0.6807005405426025,12.241576591258301,0,0,0,0,0,
cross_town,Town02,mixed,10,31,1.55,9.530014991760254,302.556640625,0.22167223691940308,179.9609375,0.0,500.0229893708359,0.0,2.86102294921875e-06,2.663161091653876e-07,0.00014361190685576274,0.4390020481942609,0.05737382173538208,0.3024251461029053,0.4475356936454773,0.0,0.3155684471130371,0.4475356936454773,1.0,0.264745831489563,9.521387100219727,-0.18432509899139404,0.6959491|0.3040509|0.0000000|0.0000000|0.0000000|0.0000000|0.0000000|0.0000000|0.0000000|0.0000000,0,0.6959490776062012,11.842092446441084,0,0,0,0,0,
cross_town,Town02,mixed,10,32,1.6,9.530014991760254,302.556640625,0.22167392075061798,179.9609375,0.0,500.0229893708359,0.0,2.86102294921875e-06,2.663161091653876e-07,0.00011123659430057967,0.4398827666882741,0.031976133584976196,0.522067666053772,0.44089579582214355,0.0,0.39556846022605896,0.44089579582214355,1.0,0.26411089301109314,16.486583709716797,-0.0027181506156921387,0.7001900|0.2998100|0.0000000|0.0000000|0.0000000|0.0000000|0.0000000|0.0000000|0.0000000|0.0000000,0,0.700190007686615,11.6124599050529,0,0,0,0,0,
cross_town,Town02,mixed,10,33,1.65,9.530014991760254,302.556640625,0.22167518734931946,179.9609375,0.0,500.0229893708359,0.0,2.86102294921875e-06,2.663161091653876e-07,8.088685744569637e-05,0.4321086651339964,0.010815620422363281,0.8460005521774292,0.6096757054328918,0.0,0.4755684733390808,0.520895779132843,1.0,0.2532360255718231,43.89490509033203,-0.29219377040863037,1.0000000|0.0000000|0.0000000|0.0000000|0.0000000|0.0000000|0.0000000|0.0000000|0.0000000|0.0000000,0,1.0,11.209574484637875,0,0,0,0,0,
cross_town,Town02,mixed,10,34,1.7,9.530014991760254,302.556640625,0.22167518734931946,179.9609375,0.0,500.0229893708359,0.0,2.86102294921875e-06,2.663161091653876e-07,5.661392833866371e-05,0.431962972378706,0.03127223253250122,0.3085865378379822,0.14407674968242645,0.0,0.39556846022605896,0.44089576601982117,0.9999614953994751,0.28782153129577637,2.753269910812378,0.3577619194984436,1.0000000|0.0000000|0.0000000|0.0000000|0.0000000|0.0000000|0.0000000|0.0000000|0.0000000|0.0000000,0,1.0,11.269648160915349,0,0,0,0,0,
cross_town,Town02,mixed,10,35,1.75,9.530014991760254,302.556640625,0.2216765582561493,179.9609375,0.0,500.0229893708359,0.0,2.86102294921875e-06,2.663161091653876e-07,8.995518526468019e-06,0.4367676454281598,0.03873556852340698,0.42752647399902344,0.4885290861129761,0.0,0.42752647399902344,0.4885290861129761,1.0,0.2624676525592804,14.012168884277344,-0.15413391590118408,0.7028717|0.2971283|0.0000000|0.0000000|0.0000000|0.0000000|0.0000000|0.0000000|0.0000000|0.0000000,0,0.7028717398643494,11.533827666234254,0,0,0,0,0,
cross_town,Town02,mixed,10,36,1.8,9.530014991760254,302.556640625,0.2216765582561493,179.9609375,0.0,500.0229893708359,0.0,2.86102294921875e-06,2.663161091653876e-07,2.0669585169205323e-05,0.43166842590214727,0.012968599796295166,0.8870137929916382,0.5983789563179016,0.0,0.5075264573097229,0.5685290694236755,1.0,0.2575051784515381,49.95353317260742,-0.5616632103919983,0.9274206|0.0725795|0.0000000|0.0000000|0.0000000|0.0000000|0.0000000|0.0000000|0.0000000|0.0000000,0,0.9274205565452576,12.816333558244764,0,0,0,0,0,
cross_town,Town02,mixed,10,37,1.85,9.530014991760254,302.556640625,0.2216765582561493,179.9609375,0.0,500.0229893708359,0.0,2.86102294921875e-06,2.663161091653876e-07,1.9845581524937386e-05,0.4353879844284302,0.029941260814666748,0.7469872236251831,0.5119250416755676,0.0,0.5875264406204224,0.5119250416755676,1.0,0.2652902901172638,31.34942054748535,-0.03483295440673828,0.6818223|0.2597776|0.0584001|0.0000000|0.0000000|0.0000000|0.0000000|0.0000000|0.0000000|0.0000000,0,0.6818222999572754,16.48971848179369,0,0,0,0,0,
cross_town,Town02,mixed,10,38,1.9,9.530014991760254,302.556640625,0.2216765582561493,179.9609375,0.0,500.0229893708359,0.0,2.86102294921875e-06,2.663161091653876e-07,1.8471200929111575e-05,0.43146590610012414,0.03614494204521179,0.7573724985122681,0.39681121706962585,0.0,0.6675264239311218,0.4319250285625458,1.0,0.2645920515060425,10.850459098815918,-0.1174246072769165,0.6927482|0.2462075|0.0610443|0.0000000|0.0000000|0.0000000|0.0000000|0.0000000|0.0000000|0.0000000,0,0.6927481889724731,17.279322991697025,0,0,0,0,0,
cross_town,Town02,mixed,10,39,1.95,9.530014991760254,302.556640625,0.2216765582561493,179.9609375,0.0,500.0229893708359,0.0,2.86102294921875e-06,2.663161091653876e-07,1.9226117964470683e-05,0.4314078422097543,0.08084690570831299,0.46193432807922363,0.2524089217185974,0.0,0.5875264406204224,0.3519250154495239,1.0,0.259846955537796,6.48712682723999,-0.3929147720336914,0.7275171|0.2724829|0.0000000|0.0000000|0.0000000|0.0000000|0.0000000|0.0000000|0.0000000|0.0000000,0,0.7275170683860779,16.763294976758125,0,0,0,0,0,
cross_town,Town02,mixed,10,40,2.0,9.530014991760254,302.556640625,0.22167766094207764,179.9609375,0.0,500.0229893708359,0.0,2.86102294921875e-06,2.663161091653876e-07,1.6035273528936736e-05,0.4390543897630052,0.06364196538925171,0.8411405682563782,0.3500676155090332,0.0,0.6675264239311218,0.3500676155090332,1.0,0.2639889717102051,10.25486946105957,-1.4683289527893066,0.6863603|0.2583606|0.0552791|0.0000000|0.0000000|0.0000000|0.0000000|0.0000000|0.0000000|0.0000000,0,0.6863602995872498,16.269228923857874,0,0,0,0,0,
cross_town,Town02,mixed,10,41,2.05,9.530014991760254,302.556640625,0.22167766094207764,179.9609375,0.0,500.0229893708359,0.0,2.86102294921875e-06,2.663161091653876e-07,9.099700585255318e-06,0.431374083995556,0.014741122722625732,0.5856598615646362,0.18720753490924835,0.0,0.5875264406204224,0.27006760239601135,1.0,0.800000011920929,29.543060302734375,-0.5203823447227478,1.0000000|0.0000000|0.0000000|0.0000000|0.0000000|0.0000000|0.0000000|0.0000000|0.0000000|0.0000000,0,1.0,15.79217454566291,0,0,0,0,0,
cross_town,Town02,mixed,10,42,2.1,9.530014991760254,302.556640625,0.22167766094207764,179.9609375,0.0,500.0229893708359,0.0,2.86102294921875e-06,2.663161091653876e-07,6.730342902031222e-06,0.43137405339483814,0.03156808018684387,0.8845717310905457,0.7291603684425354,0.0,0.6675264239311218,0.3500676155090332,1.0,0.28782153129577637,8.365628242492676,-2.557440996170044,1.0000000|0.0000000|0.0000000|0.0000000|0.0000000|0.0000000|0.0000000|0.0000000|0.0000000|0.0000000,0,1.0,15.32932016977871,0,0,0,0,0,
cross_town,Town02,mixed,10,43,2.15,9.530014991760254,302.556640625,0.22167766094207764,179.9609375,0.0,500.0229893708359,0.0,2.86102294921875e-06,2.663161091653876e-07,7.005653827167817e-06,0.43221213941660336,0.041880667209625244,0.850514829158783,0.4255730211734772,0.0,0.7475264072418213,0.4255730211734772,1.0,0.2643652856349945,7.871426582336426,-1.5967462062835693,0.6778442|0.2608713|0.0612845|0.0000000|0.0000000|0.0000000|0.0000000|0.0000000|0.0000000|0.0000000,0,0.677844226360321,14.87900323908357,0,0,0,0,0,
cross_town,Town02,mixed,10,44,2.2,9.530014991760254,302.556640625,0.22167766094207764,179.9609375,0.0,500.0229893708359,0.0,2.86102294921875e-06,2.663161091653876e-07,1.6479517764847298e-06,0.4385039301621629,0.0623491108417511,0.4693726897239685,0.4041922390460968,0.0,0.6675264239311218,0.4041922390460968,1.0,0.2650972008705139,12.239514350891113,-1.069814682006836,0.6656715|0.2663485|0.0679800|0.0000000|0.0000000|0.0000000|0.0000000|0.0000000|0.0000000|0.0000000,0,0.6656715273857117,14.440176499029405,0,0,0,0,0,
cross_town,Town02,mixed,10,45,2.25,9.530014991760254,302.556640625,0.22167766094207764,179.9609375,0.0,500.0229893708359,0.0,2.86102294921875e-06,2.663161091653876e-07,3.7078899145660587e-06,0.438663289726915,0.04530525207519531,0.5174351334571838,0.422177791595459,0.0,0.5875264406204224,0.422177791595459,1.0,0.2640194892883301,4.602360725402832,-0.7832004427909851,0.6894011|0.2446790|0.0659199|0.0000000|0.0000000|0.0000000|0.0000000|0.0000000|0.0000000|0.0000000,0,0.6894010901451111,14.012247138222751,0,0,0,0,0,
cross_town,Town02,mixed,10,46,2.3,9.530014991760254,302.556640625,0.22167766094207764,179.9609375,0.0,500.0229893708359,0.0,2.86102294921875e-06,2.663161091653876e-07,5.699163307533218e-06,0.4313704649565192,0.03121715784072876,0.358308881521225,-0.20364299416542053,0.0,0.5075264573097229,0.34217777848243713,1.0,0.3325973451137543,31.602203369140625,0.4547710418701172,1.0000000|0.0000000|0.0000000|0.0000000|0.0000000|0.0000000|0.0000000|0.0000000|0.0000000|0.0000000,0,1.0,13.594734489250465,0,0,0,0,0,
cross_town,Town02,mixed,10,47,2.35,9.530014991760254,302.556640625,0.22167766094207764,179.9609375,0.0,500.0229893708359,0.0,2.86102294921875e-06,2.663161091653876e-07,4.772187968349284e-06,0.4313695934115457,0.028726577758789062,0.8039316534996033,0.4430486559867859,0.0,0.5875264406204224,0.422177791595459,1.0,0.2601486146450043,5.1813273429870605,-1.418953776359558,0.7113827|0.2886173|0.0000000|0.0000000|0.0000000|0.0000000|0.0000000|0.0000000|0.0000000|0.0000000,0,0.7113827466964722,13.187336346927669,0,0,0,0,0,
cross_town,Town02,mixed,10,48,2.4,9.530014991760254,302.556640625,0.22167766094207764,179.9609375,0.0,500.0229893708359,0.0,2.86102294921875e-06,2.663161091653876e-07,6.179809998295324e-06,0.43832403753134763,0.030792832374572754,0.36564159393310547,0.44946104288101196,0.0,0.5075264573097229,0.44946104288101196,0.9983160495758057,0.26027658581733704,1.8359544277191162,-0.4801798462867737,0.7080183|0.2919817|0.0000000|0.0000000|0.0000000|0.0000000|0.0000000|0.0000000|0.0000000|0.0000000,0,0.7080183029174805,12.789792363932754,0,0,0,0,0,
cross_town,Town02,mixed,10,49,2.45,9.530014991760254,302.556640625,0.22167766094207764,179.9609375,0.0,500.0229893708359,0.0,2.86102294921875e-06,2.663161091653876e-07,4.738679362463081e-06,0.43136843290115445,0.017072468996047974,0.3018242418766022,0.3538765609264374,0.0,0.42752644419670105,0.3694610297679901,0.9999995231628418,0.28782153129577637,3.8375988006591797,-0.5982546806335449,1.0000000|0.0000000|0.0000000|0.0000000|0.0000000|0.0000000|0.0000000|0.0000000|0.0000000|0.0000000,0,1.0,12.401863861348465,0,0,0,0,0,
cross_town,Town02,mixed,10,50,2.5,9.530014991760254,302.556640625,0.22167766094207764,179.9609375,0.0,500.0229893708359,0.0,2.86102294921875e-06,2.663161091653876e-07,7.110961975822804e-06,0.43136806969633273,0.053478509187698364,0.3378916382789612,0.13838154077529907,0.0,0.3475264310836792,0.28946101665496826,1.0,0.2645423114299774,5.7159271240234375,-0.323553204536438,0.6796949|0.2431100|0.0771952|0.0000000|0.0000000|0.0000000|0.0000000|0.0000000|0.0000000|0.0000000,0,0.6796948909759521,12.023363884307482,0,0,0,0,0,
cross_town,Town02,mixed,10,51,2.55,9.530014991760254,302.556640625,0.22167766094207764,179.9609375,0.0,500.0229893708359,0.0,2.86102294921875e-06,2.663161091653876e-07,4.843607957769792e-06,0.4389259154082956,0.03769803047180176,0.19490671157836914,0.2995435297489166,0.0,0.26752641797065735,0.2995435297489166,1.0,0.2966088354587555,17.93012237548828,-1.136285424232483,0.7807180|0.2192820|0.0000000|0.0000000|0.0000000|0.0000000|0.0000000|0.0000000|0.0000000|0.0000000,0,0.7807180285453796,11.65408559757947,0,0,0,0,0,
cross_town,Town02,mixed,10,52,2.6,9.530014991760254,302.556640625,0.22167766094207764,179.9609375,0.0,500.0229893708359,0.0,2.86102294921875e-06,2.663161091653876e-07,1.6167556747864057e-07,0.4313678401192686,0.05536392331123352,0.03330618143081665,-0.08127933740615845,0.0,0.1875264197587967,0.21954353153705597,1.0,0.2652600407600403,17.946950912475586,-0.14575815200805664,0.6649490|0.2507644|0.0842867|0.0000000|0.0000000|0.0000000|0.0000000|0.0000000|0.0000000|0.0000000,0,0.6649489998817444,11.293862702128806,0,0,0,0,0,
cross_town,Town02,mixed,10,53,2.65,9.530014991760254,302.556640625,0.22167766094207764,179.9609375,0.0,500.0229893708359,0.0,2.86102294921875e-06,2.663161091653876e-07,1.6558431474268542e-06,0.4313678926005109,0.038760215044021606,0.0449468195438385,0.06687939912080765,0.0,0.10752642154693604,0.1395435333251953,1.0,0.25969773530960083,29.833276748657227,-0.5759871006011963,0.7247332|0.2752668|0.0000000|0.0000000|0.0000000|0.0000000|0.0000000|0.0000000|0.0000000|0.0000000,0,0.7247331738471985,10.942623223290957,0,0,0,0,0,
cross_town,Town02,mixed,10,54,2.7,9.530014991760254,302.556640625,0.22167766094207764,179.9609375,0.0,500.0229893708359,0.0,2.86102294921875e-06,2.663161091653876e-07,3.0922579478476323e-07,0.43664168498129186,0.03391987085342407,0.010621845722198486,0.18432317674160004,0.0,0.02752642147243023,0.18432317674160004,1.0,0.2979792058467865,44.25293731689453,0.2524033784866333,0.7354894|0.2645106|0.0000000|0.0000000|0.0000000|0.0000000|0.0000000|0.0000000|0.0000000|0.0000000,0,0.7354893684387207,10.601756978145263,0,0,0,0,0,
cross_town,Town02,mixed,10,55,2.75,9.530014991760254,302.556640625,0.22167766094207764,179.9609375,0.0,500.0229893708359,0.0,2.86102294921875e-06,2.663161091653876e-07,5.151773989591954e-07,0.4313680434693963,0.09290996193885803,0.07919490337371826,-0.32536885142326355,0.05999999865889549,0.0,0.10432317852973938,1.0,0.26544857025146484,32.29812240600586,0.015386760234832764,0.6585280|0.2570815|0.0843905|0.0000000|0.0000000|0.0000000|0.0000000|0.0000000|0.0000000|0.0000000,0,0.6585279703140259,10.46744741959577,0,0,0,0,0,
cross_town,Town02,mixed,10,56,2.8,9.530014991760254,302.556640625,0.22167766094207764,179.9609375,0.0,500.0229893708359,0.0,2.86102294921875e-06,2.663161091653876e-07,7.55435787313883e-07,0.43136811380400775,0.05429843068122864,0.04648926854133606,-0.11665018647909164,0.05429843068122864,0.0,0.024323178455233574,1.0,0.2586776912212372,17.42109489440918,-0.889349102973938,0.8671662|0.1328339|0.0000000|0.0000000|0.0000000|0.0000000|0.0000000|0.0000000|0.0000000|0.0000000,0,0.8671661615371704,10.292000016878193,0,0,0,0,0,
cross_town,Town02,mixed,10,57,2.85,9.530014991760254,302.556640625,0.22167766094207764,179.9609375,0.0,500.0229893708359,0.0,2.86102294921875e-06,2.663161091653876e-07,2.408467106312165e-06,0.4390468611376316,0.06146165728569031,0.20355844497680664,0.025379380211234093,0.0,0.07999999821186066,0.025379380211234093,1.0,0.2664671540260315,45.64032745361328,0.15671676397323608,0.6520903|0.2415741|0.1063356|0.0000000|0.0000000|0.0000000|0.0000000|0.0000000|0.0000000|0.0000000,0,0.6520902514457703,10.102344411892481,0,0,0,0,0,
cross_town,Town02,mixed,10,58,2.9,9.530014991760254,302.556640625,0.22167766094207764,179.9609375,0.0,500.0229893708359,0.0,2.86102294921875e-06,2.663161091653876e-07,2.6479180985321394e-06,0.43136825809674584,0.047539472579956055,0.04820561408996582,-0.10120388120412827,0.0,0.0,-0.05462061986327171,1.0,0.2576432228088379,33.788352966308594,0.11437493562698364,0.8774087|0.1225913|0.0000000|0.0000000|0.0000000|0.0000000|0.0000000|0.0000000|0.0000000|0.0000000,0,0.8774087429046631,9.830797614760423,0,0,0,0,0,
cross_town,Town02,mixed,10,59,2.95,9.530014991760254,302.556640625,0.22167766094207764,179.9609375,0.0,500.0229893708359,0.0,2.86102294921875e-06,2.663161091653876e-07,2.8870714609674324e-06,0.4313683163956565,0.05693119764328003,0.24158069491386414,0.17470985651016235,0.0,0.07999999821186066,0.025379380211234093,1.0,0.2990785539150238,68.93953704833984,-0.6266753673553467,0.7121840|0.2878160|0.0000000|0.0000000|0.0000000|0.0000000|0.0000000|0.0000000|0.0000000|0.0000000,0,0.7121840119361877,9.573253859261648,0,0,0,0,0,
cross_town,Town02,mixed,10,60,3.0,9.530014991760254,302.556640625,0.22167766094207764,179.9609375,0.0,500.0229893708359,0.0,2.86102294921875e-06,2.663161091653876e-07,0.0,0.4328519192767746,0.09972608089447021,0.1158464252948761,-0.04647952690720558,0.0,0.1158464252948761,-0.04647952690720558,1.0,0.26013660430908203,56.1741828918457,0.25656038522720337,0.7383924|0.2616077|0.0000000|0.0000000|0.0000000|0.0000000|0.0000000|0.0000000|0.0000000|0.0000000,0,0.7383923530578613,9.43455215363968,0,0,0,0,0,
cross_town,Town02,mixed,10,61,3.05,9.530014991760254,302.556640625,0.22167766094207764,179.9609375,0.0,500.0229893708359,0.0,2.86102294921875e-06,2.663161091653876e-07,3.4333036856241553e-07,0.43136839397773225,0.07259869575500488,0.31006258726119995,-0.17266783118247986,0.0,0.19584642350673676,-0.12647952139377594,1.0,0.25873106718063354,40.04367446899414,-0.41270220279693604,0.8547817|0.1452183|0.0000000|0.0000000|0.0000000|0.0000000|0.0000000|0.0000000|0.0000000|0.0000000,0,0.8547816872596741,9.403123983004459,0,0,0,0,0,
cross_town,Town02,mixed,10,62,3.1,9.530014991760254,302.556640625,0.22167766094207764,179.9609375,0.0,500.0229893708359,0.0,2.86102294921875e-06,2.663161091653876e-07,6.8665021590752e-07,0.4313683932625427,0.0346677303314209,0.38937175273895264,-0.04455244913697243,0.0,0.2758464217185974,-0.04647952318191528,1.0,0.26713818311691284,60.836097717285156,-0.11960631608963013,0.6528905|0.2219252|0.1251843|0.0000000|0.0000000|0.0000000|0.0000000|0.0000000|0.0000000|0.0000000,0,0.6528905034065247,9.068574054908105,0,0,0,0,0,
cross_town,Town02,mixed,10,63,3.15,9.530014991760254,302.556640625,0.22167766094207764,179.9609375,0.0,500.0229893708359,0.0,2.86102294921875e-06,2.663161091653876e-07,9.95641770773555e-07,0.4313683779607029,0.155922532081604,0.18368935585021973,0.26646119356155396,0.0,0.19584642350673676,0.033520475029945374,1.0,0.30118775367736816,47.549293518066406,-0.45683950185775757,0.6606227|0.3393773|0.0000000|0.0000000|0.0000000|0.0000000|0.0000000|0.0000000|0.0000000|0.0000000,0,0.6606227159500122,8.609523908793168,0,0,0,0,0,
cross_town,Town02,mixed,10,64,3.2,9.530014991760254,302.556640625,0.22167766094207764,179.9609375,0.0,500.0229893708359,0.0,2.86102294921875e-06,2.663161091653876e-07,1.3046268767845387e-06,0.4333057023651224,0.11755505204200745,0.09534269571304321,0.10269823670387268,0.0,0.1158464252948761,0.10269823670387268,1.0,0.2660609483718872,62.797760009765625,0.37637317180633545,0.6766255|0.2039549|0.1194195|0.0000000|0.0000000|0.0000000|0.0000000|0.0000000|0.0000000|0.0000000,0,0.6766255497932434,8.433136084056791,0,0,0,0,0,
cross_town,Town02,mixed,10,65,3.25,9.530014991760254,302.556640625,0.22167766094207764,179.9609375,0.0,500.0229893708359,0.0,2.86102294921875e-06,2.663161091653876e-07,1.6479530920164278e-06,0.4382211610376618,0.21695008873939514,0.5093770623207092,0.07644281536340714,0.0,0.19584642350673676,0.07644281536340714,1.0,0.800000011920929,12.027393341064453,-3.111976146697998,1.0000000|0.0000000|0.0000000|0.0000000|0.0000000|0.0000000|0.0000000|0.0000000|0.0000000|0.0000000,0,1.0,8.47372899938626,0,0,0,0,0,
cross_town,Town02,mixed,10,66,3.3,9.530014991760254,302.556640625,0.22167766094207764,179.9609375,0.0,500.0229893708359,0.0,2.86102294921875e-06,2.663161091653876e-07,1.956943317246522e-06,0.43903507514677076,0.07474321126937866,0.031099408864974976,0.07976845651865005,0.0,0.1158464252948761,0.07976845651865005,1.0,0.2673529386520386,59.16157150268555,0.5305866599082947,0.6590168|0.1975056|0.1434775|0.0000000|0.0000000|0.0000000|0.0000000|0.0000000|0.0000000|0.0000000,0,0.6590168476104736,8.613497485725333,0,0,0,0,0,
cross_town,Town02,mixed,10,67,3.35,9.530014991760254,302.556640625,0.22167766094207764,179.9609375,0.0,500.0229893708359,0.0,2.86102294921875e-06,2.663161091653876e-07,2.265930695440193e-06,0.43896018415738564,0.0591161847114563,0.028179287910461426,0.08833986520767212,0.0591161847114563,0.0,0.08833986520767212,1.0,0.2608393430709839,46.41521453857422,0.18750953674316406,0.7619247|0.2380753|0.0000000|0.0000000|0.0000000|0.0000000|0.0000000|0.0000000|0.0000000|0.0000000,0,0.7619247436523438,8.850725142197373,0,0,0,0,0,
cross_town,Town02,mixed,10,68,3.4,9.530014991760254,302.556640625,0.22167766094207764,179.9609375,0.0,500.0229893708359,0.0,2.86102294921875e-06,2.663161091653876e-07,2.578009474959069e-06,0.4313683346061435,0.11734795570373535,0.1614718735218048,-0.003986639436334372,0.0,0.07999999821186066,0.008339865133166313,1.0,0.2682802677154541,47.05685043334961,0.30126702785491943,0.6446626|0.1980593|0.1572781|0.0000000|0.0000000|0.0000000|0.0000000|0.0000000|0.0000000|0.0000000,0,0.6446625590324402,9.03069245441712,0,0,0,0,0,
cross_town,Town02,mixed,10,69,3.45,9.530014991760254,302.556640625,0.22167766094207764,179.9609375,0.0,500.0229893708359,0.0,2.86102294921875e-06,2.663161091653876e-07,1.717136762300587e-07,0.43136831930411845,0.1142708957195282,0.2244873046875,0.09150359034538269,0.0,0.1599999964237213,0.08833986520767212,1.0,0.26701974868774414,59.79352569580078,0.2639583349227905,0.6688580|0.1777489|0.1533931|0.0000000|0.0000000|0.0000000|0.0000000|0.0000000|0.0000000|0.0000000,0,0.668857991695404,9.198825155498897,0,0,0,0,0,
cross_town,Town02,mixed,10,70,3.5,9.530014991760254,302.556640625,0.22167766094207764,179.9609375,0.0,500.0229893708359,0.0,2.86102294921875e-06,2.663161091653876e-07,4.806570410815925e-07,0.43136831930429814,0.0372406542301178,0.03491058945655823,-0.06117996945977211,0.0,0.07999999821186066,0.008339865133166313,1.0,0.26720336079597473,40.52937316894531,0.3821336030960083,0.6661842|0.1698245|0.1639913|0.0000000|0.0000000|0.0000000|0.0000000|0.0000000|0.0000000|0.0000000,0,0.6661842465400696,9.252626447931071,0,0,0,0,0,
cross_town,Town02,mixed,10,71,3.55,9.530014991760254,302.556640625,0.22167766094207764,179.9609375,0.0,500.0229893708359,0.0,2.86102294921875e-06,2.663161091653876e-07,8.239780643247403e-07,0.4331962907736364,0.11306893825531006,0.22973203659057617,0.07817307859659195,0.0,0.1599999964237213,0.07817307859659195,1.0,0.267671674489975,57.603759765625,0.3251688480377197,0.6574531|0.1825460|0.1600009|0.0000000|0.0000000|0.0000000|0.0000000|0.0000000|0.0000000|0.0000000,0,0.6574530601501465,9.220169210938653,0,0,0,0,0,
cross_town,Town02,mixed,10,72,3.6,9.530014991760254,302.556640625,0.22167766094207764,179.9609375,0.0,500.0229893708359,0.0,2.86102294921875e-06,2.663161091653876e-07,1.1673110743661484e-06,0.43136830402483717,0.028677552938461304,0.03272813558578491,-0.1231229230761528,0.0,0.07999999821186066,-0.0018269213614985347,1.0,0.2594793736934662,37.23517608642578,0.24445587396621704,0.8034932|0.1965068|0.0000000|0.0000000|0.0000000|0.0000000|0.0000000|0.0000000|0.0000000|0.0000000,0,0.8034932017326355,9.158231111534134,0,0,0,0,0,
cross_town,Town02,mixed,10,73,3.65,9.530014991760254,302.556640625,0.22167766094207764,179.9609375,0.0,500.0229893708359,0.0,2.86102294921875e-06,2.663161091653876e-07,1.4762935745863574e-06,0.4313683040248369,0.08912494778633118,0.16403529047966003,0.5250091552734375,0.0,0.1599999964237213,0.07817307859659195,1.0,0.3033447265625,78.25950622558594,-0.3883039355278015,0.5596296|0.4403704|0.0000000|0.0000000|0.0000000|0.0000000|0.0000000|0.0000000|0.0000000|0.0000000,0,0.5596296191215515,9.831787036951672,0,0,0,0,0,
cross_town,Town02,mixed,10,74,3.7,9.530014991760254,302.556640625,0.22167766094207764,179.9609375,0.0,500.0229893708359,0.0,2.86102294921875e-06,2.663161091653876e-07,1.7852833848511114e-06,0.43136831823146593,0.231769859790802,0.04918453097343445,0.31128373742103577,0.0,0.07999999821186066,0.1581730842590332,1.0,0.3033095598220825,82.53422546386719,-0.12336373329162598,0.5393107|0.4606893|0.0000000|0.0000000|0.0000000|0.0000000|0.0000000|0.0000000|0.0000000|0.0000000,0,0.5393106937408447,10.320666675329917,0,0,0,0,0,
cross_town,Town02,mixed,10,75,3.75,9.530014991760254,302.556640625,0.22167766094207764,179.9609375,0.0,500.0229893708359,0.0,2.86102294921875e-06,2.663161091653876e-07,2.1286025981854652e-06,0.43136831966197725,0.05854251980781555,0.058031439781188965,-0.13854248821735382,0.05854251980781555,0.0,0.07817308604717255,1.0,0.25983062386512756,34.214412689208984,0.03969675302505493,0.7833869|0.2166130|0.0000000|0.0000000|0.0000000|0.0000000|0.0000000|0.0000000|0.0000000|0.0000000,0,0.7833869457244873,10.714611957233062,0,0,0,0,0,
cross_town,Town02,mixed,10,76,3.8,9.530014991760254,302.556640625,0.22167766094207764,179.9609375,0.0,500.0229893708359,0.0,2.86102294921875e-06,2.663161091653876e-07,2.4719305667893552e-06,0.43136831932670133,0.16807469725608826,0.09769037365913391,-0.08422373235225677,0.11854252219200134,0.0,-0.0018269139109179378,1.0,0.26019543409347534,45.028114318847656,0.1897769570350647,0.8116350|0.1883650|0.0000000|0.0000000|0.0000000|0.0000000|0.0000000|0.0000000|0.0000000|0.0000000,0,0.8116350173950195,10.911092971155684,0,0,0,0,0,
cross_town,Town02,mixed,10,77,3.85,9.530014991760254,302.556640625,0.22167766094207764,179.9609375,0.0,500.0229893708359,0.0,2.86102294921875e-06,2.663161091653876e-07,3.446157803193513e-08,0.43416626465152214,0.06691169738769531,0.11846393346786499,-0.06561075896024704,0.0,0.07999999821186066,-0.06561075896024704,1.0,0.26649191975593567,41.665771484375,-0.18710541725158691,0.6728607|0.1880666|0.1390727|0.0000000|0.0000000|0.0000000|0.0000000|0.0000000|0.0000000|0.0000000,0,0.6728606820106506,10.91196822864463,0,0,0,0,0,
cross_town,Town02,mixed,10,78,3.9,9.530014991760254,302.556640625,0.22167766094207764,179.9609375,0.0,500.0229893708359,0.0,2.86102294921875e-06,2.663161091653876e-07,3.4339034935593897e-07,0.4389037194064586,0.02541518211364746,0.3660019040107727,-0.07658800482749939,0.0,0.1599999964237213,-0.07658800482749939,1.0,0.2596377730369568,49.455284118652344,-0.09638863801956177,0.8269171|0.1730829|0.0000000|0.0000000|0.0000000|0.0000000|0.0000000|0.0000000|0.0000000|0.0000000,0,0.8269171118736267,10.779773020692089,0,0,0,0,0,
cross_town,Town02,mixed,10,79,3.95,9.530014991760254,302.556640625,0.22167766094207764,179.9609375,0.0,500.0229893708359,0.0,2.86102294921875e-06,2.663161091653876e-07,6.866475270325229e-07,0.4317434285183243,0.03881081938743591,0.3711603879928589,0.0014338446781039238,0.0,0.23999999463558197,0.0014338446781039238,1.0,0.2667948603630066,54.74668502807617,0.32114285230636597,0.6643596|0.1974837|0.1381567|0.0000000|0.0000000|0.0000000|0.0000000|0.0000000|0.0000000|0.0000000,0,0.6643596291542053,10.567958665844872,0,0,0,0,0,
cross_town,Town02,mixed,10,80,4.0,9.530014991760254,302.556640625,0.22167766094207764,179.9609375,0.0,500.0229893708359,0.0,2.86102294921875e-06,2.663161091653876e-07,1.0299724371606084e-06,0.43612205034287316,0.09055626392364502,0.4017774164676666,0.05081559717655182,0.0,0.3199999928474426,0.05081559717655182,1.0,0.2594758868217468,51.53569412231445,-0.3108903765678406,0.8350777|0.1649223|0.0000000|0.0000000|0.0000000|0.0000000|0.0000000|0.0000000|0.0000000|0.0000000,0,0.835077702999115,10.311128933416114,0,0,0,0,0,
cross_town,Town02,mixed,10,81,4.05,9.530014991760254,302.556640625,0.22167766094207764,179.9609375,0.0,500.0229893708359,0.0,2.86102294921875e-06,2.663161091653876e-07,1.3733039908816329e-06,0.43467290282876014,0.05916181206703186,0.14800098538398743,0.11119920760393143,0.0,0.23999999463558197,0.11119920760393143,1.0,0.25984784960746765,56.71074295043945,-0.295723021030426,0.7541523|0.2458477|0.0000000|0.0000000|0.0000000|0.0000000|0.0000000|0.0000000|0.0000000|0.0000000,0,0.7541522979736328,10.03061230973269,0,0,0,0,0,
cross_town,Town02,mixed,10,82,4.1,9.530014991760254,302.556640625,0.22167766094207764,179.9609375,0.0,500.0229893708359,0.0,2.86102294921875e-06,2.663161091653876e-07,1.6822907168574324e-06,0.4313683193043495,0.029356032609939575,0.04551592469215393,-0.022097747772932053,0.0,0.1599999964237213,0.03119920752942562,1.0,0.26009809970855713,42.2918701171875,-0.1025921106338501,0.7425939|0.2574061|0.0000000|0.0000000|0.0000000|0.0000000|0.0000000|0.0000000|0.0000000|0.0000000,0,0.7425939440727234,9.758575673174086,0,0,0,0,0,
cross_town,Town02,mixed,10,83,4.15,9.530014991760254,302.556640625,0.22167766094207764,179.9609375,0.0,500.0229893708359,0.0,2.86102294921875e-06,2.663161091653876e-07,1.9912755278770308e-06,0.43136831930434955,0.04104757308959961,0.11796659231185913,-0.10218379646539688,0.0,0.11796659231185913,-0.048800792545080185,1.0,0.2489112764596939,31.11879539489746,-0.3845272660255432,1.0000000|0.0000000|0.0000000|0.0000000|0.0000000|0.0000000|0.0000000|0.0000000|0.0000000|0.0000000,0,1.0,9.547483830195574,0,0,0,0,0,
cross_town,Town02,mixed,10,84,4.2,9.530014991760254,302.556640625,0.22167766094207764,179.9609375,0.0,500.0229893708359,0.0,2.86102294921875e-06,2.663161091653876e-07,2.3345949837142103e-06,0.43136831930434955,0.18725818395614624,0.5409120917320251,0.0822690799832344,0.0,0.1979665905237198,0.03119920752942562,1.0,0.800000011920929,9.751957893371582,-1.9125796556472778,1.0000000|0.0000000|0.0000000|0.0000000|0.0000000|0.0000000|0.0000000|0.0000000|0.0000000|0.0000000,0,1.0,9.457917915833468,0,0,0,0,0,
cross_town,Town02,mixed,10,85,4.25,9.530014991760254,302.556640625,0.22167766094207764,179.9609375,0.0,500.0229893708359,0.0,2.86102294921875e-06,2.663161091653876e-07,2.6092535667509083e-06,0.4374417507343784,0.07743924856185913,0.11564716696739197,-0.005390506237745285,0.0,0.11796659231185913,-0.005390506237745285,1.0,0.2662530541419983,54.65940475463867,0.42068660259246826,0.6507673|0.2363017|0.1129309|0.0000000|0.0000000|0.0000000|0.0000000|0.0000000|0.0000000|0.0000000,0,0.6507672667503357,9.575379399770524,0,0,0,0,0,
cross_town,Town02,mixed,10,86,4.3,9.530014991760254,302.556640625,0.22167766094207764,179.9609375,0.0,500.0229893708359,0.0,2.86102294921875e-06,2.663161091653876e-07,2.4034140460606537e-07,0.4313683189467218,0.20689263939857483,0.6867290735244751,0.1591513603925705,0.0,0.1979665905237198,0.07460949569940567,1.0,0.800000011920929,11.956999778747559,-2.056225299835205,1.0000000|0.0000000|0.0000000|0.0000000|0.0000000|0.0000000|0.0000000|0.0000000|0.0000000|0.0000000,0,1.0,9.666878355033962,0,0,0,0,0,
cross_town,Town02,mixed,10,87,4.35,9.530014991760254,302.556640625,0.22167766094207764,179.9609375,0.0,500.0229893708359,0.0,2.86102294921875e-06,2.663161091653876e-07,5.493200576580371e-07,0.43136831823146593,0.16436660289764404,0.15527480840682983,0.24813969433307648,0.0,0.11796659231185913,0.15460950136184692,1.0,0.296431303024292,65.32677459716797,0.2991800308227539,0.7181776|0.2818225|0.0000000|0.0000000|0.0000000|0.0000000|0.0000000|0.0000000|0.0000000|0.0000000,0,0.7181775569915771,9.812662549310282,0,0,0,0,0,
cross_town,Town02,mixed,10,88,4.4,9.530014991760254,302.556640625,0.22167766094207764,179.9609375,0.0,500.0229893708359,0.0,2.86102294921875e-06,2.663161091653876e-07,8.583145922071681e-07,0.43725933066293,0.3801688253879547,0.336367130279541,0.19322068989276886,0.05999999865889549,0.0,0.19322068989276886,1.0,0.2946022152900696,77.39906311035156,0.41437017917633057,0.7572378|0.2427623|0.0000000|0.0000000|0.0000000|0.0000000|0.0000000|0.0000000|0.0000000|0.0000000,0,0.7572377920150757,9.956550792011807,0,0,0,0,0,
cross_town,Town02,mixed,10,89,4.45,9.530014991760254,302.556640625,0.22167766094207764,179.9609375,0.0,500.0229893708359,0.0,2.86102294921875e-06,2.663161091653876e-07,1.1673029337429163e-06,0.4313683196619774,0.11621066927909851,0.030177175998687744,0.4497222304344177,0.11621066927909851,0.0,0.2732206881046295,1.0,0.2850033938884735,16.48786735534668,0.30555522441864014,1.0000000|0.0000000|0.0000000|0.0000000|0.0000000|0.0000000|0.0000000|0.0000000|0.0000000|0.0000000,0,1.0,10.062792550673276,0,0,0,0,0,
cross_town,Town02,mixed,10,90,4.5,9.530014991760254,302.556640625,0.22167766094207764,179.9609375,0.0,500.0229893708359,0.0,2.86102294921875e-06,2.663161091653876e-07,1.5106215531924924e-06,0.43136831966197753,0.18138718605041504,0.22609275579452515,-0.07148100435733795,0.0,0.07999999821186066,0.19322068989276886,1.0,0.2648860216140747,43.27057647705078,-0.07027113437652588,0.6429752|0.2696863|0.0873386|0.0000000|0.0000000|0.0000000|0.0000000|0.0000000|0.0000000|0.0000000,0,0.6429751515388489,10.111227698550962,0,0,0,0,0,
cross_town,Town02,mixed,10,91,4.55,9.530014991760254,302.556640625,0.22167766094207764,179.9609375,0.0,500.0229893708359,0.0,2.86102294921875e-06,2.663161091653876e-07,1.8539436353815394e-06,0.4313683196619775,0.06345927715301514,0.06169518828392029,-0.2601570188999176,0.05999999865889549,0.0,0.1132206916809082,1.0,0.25826433300971985,24.773632049560547,-0.05446827411651611,0.8762209|0.1237791|0.0000000|0.0000000|0.0000000|0.0000000|0.0000000|0.0000000|0.0000000|0.0000000,0,0.8762208819389343,10.105630284363926,0,0,0,0,0,
cross_town,Town02,mixed,10,92,4.6,9.530014991760254,302.556640625,0.22167766094207764,179.9609375,0.0,500.0229893708359,0.0,2.86102294921875e-06,2.663161091653876e-07,2.197266225845139e-06,0.43136831966197753,0.1178504228591919,0.05808889865875244,0.24380730092525482,0.1178504228591919,0.0,0.19322068989276886,1.0,0.2917366325855255,51.232177734375,0.39117348194122314,0.7770492|0.2229508|0.0000000|0.0000000|0.0000000|0.0000000|0.0000000|0.0000000|0.0000000|0.0000000,0,0.7770492434501648,10.069297017135057,0,0,0,0,0,
cross_town,Town02,mixed,10,93,4.65,9.530014991760254,302.556640625,0.22167766094207764,179.9609375,0.0,500.0229893708359,0.0,2.86102294921875e-06,2.663161091653876e-07,2.5405888057068607e-06,0.43136831966197753,0.12376689910888672,0.13654476404190063,-0.12136940658092499,0.0,0.07999999821186066,0.1132206916809082,1.0,0.2647012770175934,33.71074676513672,-0.2932708263397217,0.6295666|0.2851436|0.0852899|0.0000000|0.0000000|0.0000000|0.0000000|0.0000000|0.0000000|0.0000000,0,0.6295665502548218,10.03080842090069,0,0,0,0,0,
cross_town,Town02,mixed,10,94,4.7,9.530014991760254,302.556640625,0.22167766094207764,179.9609375,0.0,500.0229893708359,0.0,2.86102294921875e-06,2.663161091653876e-07,1.373290985725648e-07,0.43136831966197753,0.07219302654266357,0.02707400918006897,-0.1060817763209343,0.05999999865889549,0.0,0.033220693469047546,1.0,0.2591301202774048,51.183448791503906,0.17384660243988037,0.6723537|0.3276463|0.0000000|0.0000000|0.0000000|0.0000000|0.0000000|0.0000000|0.0000000|0.0000000,0,0.6723537445068359,10.012107738383392,0,0,0,0,0,
cross_town,Town02,mixed,10,95,4.75,9.530014991760254,302.556640625,0.22167766094207764,179.9609375,0.0,500.0229893708359,0.0,2.86102294921875e-06,2.663161091653876e-07,4.80651898987909e-07,0.43706137883213664,0.09449699521064758,0.05403226613998413,-0.0074706291779875755,0.09449699521064758,0.0,-0.0074706291779875755,1.0,0.26365411281585693,52.81627655029297,0.04522395133972168,0.6332462|0.2926191|0.0741347|0.0000000|0.0000000|0.0000000|0.0000000|0.0000000|0.0000000|0.0000000,0,0.6332462430000305,10.02258688354576,0,0,0,0,0,
cross_town,Town02,mixed,10,96,4.8,9.530014991760254,302.556640625,0.22167766094207764,179.9609375,0.0,500.0229893708359,0.0,2.86102294921875e-06,2.663161091653876e-07,8.239746890550039e-07,0.4313683194831636,0.7453594207763672,0.4622708857059479,-0.1854226291179657,0.15449699759483337,0.0,-0.0874706283211708,1.0,0.3294767439365387,22.438968658447266,-1.7489200830459595,1.0000000|0.0000000|0.0000000|0.0000000|0.0000000|0.0000000|0.0000000|0.0000000|0.0000000|0.0000000,0,1.0,10.059569570300656,0,0,0,0,0,
cross_town,Town02,mixed,10,97,4.85,9.530014991760254,302.556640625,0.22167766094207764,179.9609375,0.0,500.0229893708359,0.0,2.86102294921875e-06,2.663161091653876e-07,1.1672975328069882e-06,0.4389465793502645,0.016699254512786865,0.3576790690422058,-0.07826284319162369,0.09449699521064758,0.0,-0.07826284319162369,1.0,0.2489112764596939,34.5048942565918,-1.0279659032821655,1.0000000|0.0000000|0.0000000|0.0000000|0.0000000|0.0000000|0.0000000|0.0000000|0.0000000|0.0000000,0,1.0,10.112729682336452,0,0,0,0,0,
cross_town,Town02,mixed,10,98,4.9,9.530014991760254,302.556640625,0.22167766094207764,179.9609375,0.0,500.0229893708359,0.0,2.86102294921875e-06,2.663161091653876e-07,1.5106209076130455e-06,0.43758094325683083,0.016222268342971802,0.40699073672294617,-0.1132315918803215,0.0,0.07999999821186066,-0.1132315918803215,1.0,0.2558687925338745,32.921714782714844,-0.6806347370147705,0.9156207|0.0843793|0.0000000|0.0000000|0.0000000|0.0000000|0.0000000|0.0000000|0.0000000|0.0000000,0,0.915620744228363,10.169444492883763,0,0,0,0,0,
cross_town,Town02,mixed,10,99,4.95,9.530014991760254,302.556640625,0.22167766094207764,179.9609375,0.0,500.0229893708359,0.0,2.86102294921875e-06,2.663161091653876e-07,1.8539427569970537e-06,0.43591352754315627,0.046858757734298706,0.22090762853622437,-0.06212066859006882,0.0,0.1599999964237213,-0.06212066859006882,1.0,0.2579162120819092,33.096343994140625,-0.2499271035194397,0.6589119|0.3410881|0.0000000|0.0000000|0.0000000|0.0000000|0.0000000|0.0000000|0.0000000|0.0000000,0,0.6589118838310242,10.219274637825825,0,0,0,0,0,
cross_town,Town02,mixed,10,100,5.0,9.530014991760254,302.556640625,0.22167766094207764,179.9609375,0.0,500.0229893708359,0.0,2.86102294921875e-06,2.663161091653876e-07,2.1972656291917025e-06,0.43450428061858243,0.07593879103660583,0.2118494212627411,-0.0005845091654919088,0.0,0.2118494212627411,-0.0005845091654919088,1.0,0.262953519821167,44.14065170288086,0.14475834369659424,0.5874209|0.3525104|0.0600687|0.0000000|0.0000000|0.0000000|0.0000000|0.0000000|0.0000000|0.0000000,0,0.5874208807945251,10.256644408119556,0,0,0,0,0,
cross_town,Town02,mixed,10,101,5.05,9.530014991760254,302.556640625,0.22167766094207764,179.9609375,0.0,500.0229893708359,0.0,2.86102294921875e-06,2.663161091653876e-07,2.5405885194268087e-06,0.4313683189578977,0.10655182600021362,0.16567644476890564,0.10930724442005157,0.0,0.16567644476890564,0.07941549271345139,1.0,0.26315099000930786,46.38270568847656,0.28812283277511597,0.5724522|0.3658342|0.0617137|0.0000000|0.0000000|0.0000000|0.0000000|0.0000000|0.0000000|0.0000000,0,0.572452187538147,10.28145751944474,0,0,0,0,0,
cross_town,Town02,mixed,10,102,5.1,9.530014991760254,302.556640625,0.22167766094207764,179.9609375,0.0,500.0229893708359,0.0,2.86102294921875e-06,2.663161091653876e-07,0.0,0.43136831823146604,0.369945228099823,0.12403687834739685,0.41227293014526367,0.0,0.08567644655704498,0.15941549837589264,1.0,0.2808001935482025,43.90777587890625,0.4004504680633545,0.8679266|0.1320734|0.0000000|0.0000000|0.0000000|0.0000000|0.0000000|0.0000000|0.0000000|0.0000000,0,0.8679265975952148,10.297806520049667,0,0,0,0,0,
cross_town,Town02,mixed,10,103,5.15,9.530014991760254,302.556640625,0.22167766094207764,179.9609375,0.0,500.0229893708359,0.0,2.86102294921875e-06,2.663161091653876e-07,3.4332279177867733e-07,0.43136831966197753,0.11074817180633545,0.03618243336677551,-0.15367306768894196,0.05999999865889549,0.0,0.07941550016403198,1.0,0.2558300793170929,27.771587371826172,-0.14017343521118164,0.9205464|0.0794536|0.0000000|0.0000000|0.0000000|0.0000000|0.0000000|0.0000000|0.0000000|0.0000000,0,0.9205464124679565,10.311553884912986,0,0,0,0,0,
cross_town,Town02,mixed,10,104,5.2,9.530014991760254,302.556640625,0.22167766094207764,179.9609375,0.0,500.0229893708359,0.0,2.86102294921875e-06,2.663161091653876e-07,6.866455857819829e-07,0.43136831931552555,0.05291163921356201,0.09076958894729614,-0.09763064235448837,0.0,0.07999999821186066,-0.0005844998522661626,1.0,0.2489112764596939,30.337017059326172,-0.24804431200027466,1.0000000|0.0000000|0.0000000|0.0000000|0.0000000|0.0000000|0.0000000|0.0000000|0.0000000|0.0000000,0,1.0,10.327916943614904,0,0,0,0,0,
cross_town,Town02,mixed,10,105,5.25,9.530014991760254,302.556640625,0.22167766094207764,179.9609375,0.0,500.0229893708359,0.0,2.86102294921875e-06,2.663161091653876e-07,1.0299695371857018e-06,0.43136831931552555,0.13807940483093262,0.0691264271736145,0.15068651735782623,0.05999999865889549,0.0,0.07941550016403198,1.0,0.25656434893608093,41.2346076965332,0.2705271244049072,0.6342084|0.3657916|0.0000000|0.0000000|0.0000000|0.0000000|0.0000000|0.0000000|0.0000000|0.0000000,0,0.6342083811759949,10.349825379007468,0,0,0,0,0,
cross_town,Town02,mixed,10,106,5.3,9.530014991760254,302.556640625,0.22167766094207764,179.9609375,0.0,500.0229893708359,0.0,2.86102294921875e-06,2.663161091653876e-07,1.3732909395357044e-06,0.4313683193155255,0.11316075921058655,0.10625511407852173,-0.21418596804141998,0.11316075921058655,0.0,-0.0005844998522661626,1.0,0.25513753294944763,40.779212951660156,-0.04097950458526611,0.9307343|0.0692656|0.0000000|0.0000000|0.0000000|0.0000000|0.0000000|0.0000000|0.0000000|0.0000000,0,0.9307343363761902,10.377500855287272,0,0,0,0,0,
cross_town,Town02,mixed,10,107,5.35,9.530014991760254,302.556640625,0.22167766094207764,179.9609375,0.0,500.0229893708359,0.0,2.86102294921875e-06,2.663161091653876e-07,1.716614464674409e-06,0.43789442675981644,0.1681746244430542,0.11308705806732178,-0.03159380704164505,0.1681746244430542,0.0,-0.03159380704164505,1.0,0.2602654695510864,44.54477310180664,-0.8358387351036072,0.5852868|0.3670705|0.0476427|0.0000000|0.0000000|0.0000000|0.0000000|0.0000000|0.0000000|0.0000000,0,0.5852867960929871,10.388311826287184,0,0,0,0,0,
cross_town,Town02,mixed,10,108,5.4,9.530014991760254,302.556640625,0.22167766094207764,179.9609375,0.0,500.0229893708359,0.0,2.86102294921875e-06,2.663161091653876e-07,2.0599364227134725e-06,0.43671234338159587,0.06501924991607666,0.08892130851745605,0.012527011334896088,0.10817462205886841,0.0,0.012527011334896088,1.0,0.2598778307437897,33.08863067626953,-0.6317096948623657,0.5762082|0.3798817|0.0439101|0.0000000|0.0000000|0.0000000|0.0000000|0.0000000|0.0000000|0.0000000,0,0.5762081742286682,10.309838614011413,0,0,0,0,0,
cross_town,Town02,mixed,10,109,5.45,9.530014991760254,302.556640625,0.22167766094207764,179.9609375,0.0,500.0229893708359,0.0,2.86102294921875e-06,2.663161091653876e-07,2.4032597975093024e-06,0.43136831966197753,0.44343218207359314,0.016739696264266968,0.29063665866851807,0.1681746244430542,0.0,0.09252700954675674,1.0,0.26629897952079773,4.799229621887207,-0.31690990924835205,1.0000000|0.0000000|0.0000000|0.0000000|0.0000000|0.0000000|0.0000000|0.0000000|0.0000000|0.0000000,0,1.0,10.135753620752663,0,0,0,0,0,
cross_town,Town02,mixed,10,110,5.5,9.530014991760254,302.556640625,0.22167766094207764,179.9609375,0.0,500.0229893708359,0.0,2.86102294921875e-06,2.663161091653876e-07,2.7465818826734566e-06,0.43136831930434966,0.043632686138153076,0.017073452472686768,-0.024277329444885254,0.10817462205886841,0.0,0.012527009472250938,1.0,0.2558426260948181,24.57229995727539,-0.32389146089553833,0.5799605|0.4200395|0.0000000|0.0000000|0.0000000|0.0000000|0.0000000|0.0000000|0.0000000|0.0000000,0,0.5799605250358582,9.90565592653791,0,0,0,0,0,
cross_town,Town02,mixed,10,111,5.55,9.530014991760254,302.556640625,0.22167766094207764,179.9609375,0.0,500.0229893708359,0.0,2.86102294921875e-06,2.663161091653876e-07,2.0599365756524603e-07,0.43872662846428845,0.15043985843658447,0.04967942833900452,0.02890002727508545,0.15043985843658447,0.0,0.02890002727508545,1.0,0.25503361225128174,33.450340270996094,-0.7190431952476501,0.6075810|0.3924190|0.0000000|0.0000000|0.0000000|0.0000000|0.0000000|0.0000000|0.0000000|0.0000000,0,0.6075809597969055,9.645470539135937,0,0,0,0,0,
cross_town,Town02,mixed,10,112,5.6,9.530014991760254,302.556640625,0.22167766094207764,179.9609375,0.0,500.0229893708359,0.0,2.86102294921875e-06,2.663161091653876e-07,5.493164594043366e-07,0.43136831966197753,0.07646673917770386,0.10769319534301758,-0.10495561361312866,0.09043985605239868,0.0,-0.05109997093677521,1.0,0.2489112764596939,30.392105102539062,-0.9460117816925049,1.0000000|0.0000000|0.0000000|0.0000000|0.0000000|0.0000000|0.0000000|0.0000000|0.0000000|0.0000000,0,1.0,9.370682290534202,0,0,0,0,0,
cross_town,Town02,mixed,10,113,5.65,9.530014991760254,302.556640625,0.22167766094207764,179.9609375,0.0,500.0229893708359,0.0,2.86102294921875e-06,2.663161091653876e-07,8.926392407700375e-07,0.4326855468809196,0.5806140303611755,0.03536701202392578,0.021741341799497604,0.15043985843658447,0.0,0.021741341799497604,0.9999574422836304,0.26265427470207214,2.7532618045806885,-0.5465834140777588,1.0000000|0.0000000|0.0000000|0.0000000|0.0000000|0.0000000|0.0000000|0.0000000|0.0000000|0.0000000,0,1.0,9.090374251913817,0,0,0,0,0,
cross_town,Town02,mixed,10,114,5.7,9.530014991760254,302.556640625,0.22167766094207764,179.9609375,0.0,500.0229893708359,0.0,2.86102294921875e-06,2.663161091653876e-07,1.201632303026337e-06,0.4313683189467218,0.11081337928771973,0.060359299182891846,0.19205376505851746,0.11081337928771973,0.0,0.10174134373664856,1.0,0.25447219610214233,36.50408935546875,-0.19825679063796997,0.5648705|0.4351296|0.0000000|0.0000000|0.0000000|0.0000000|0.0000000|0.0000000|0.0000000|0.0000000,0,0.5648704767227173,8.809800678721716,0,0,0,0,0,
cross_town,Town02,mixed,10,115,5.75,9.530014991760254,302.556640625,0.22167766094207764,179.9609375,0.0,500.0229893708359,0.0,2.86102294921875e-06,2.663161091653876e-07,1.5106210800735515e-06,0.4336261515594935,0.1088356077671051,0.018369853496551514,0.03452175483107567,0.1088356077671051,0.0,0.03452175483107567,1.0,0.2540973424911499,30.727924346923828,-0.7134161591529846,0.5602004|0.4397996|0.0000000|0.0000000|0.0000000|0.0000000|0.0000000|0.0000000|0.0000000|0.0000000,0,0.5602003931999207,8.531967474725068,0,0,0,0,0,
cross_town,Town02,mixed,10,116,5.8,9.530014991760254,302.556640625,0.22167766094207764,179.9609375,0.0,500.0229893708359,0.0,2.86102294921875e-06,2.663161091653876e-07,1.8539433645315379e-06,0.43136831894672173,0.1550654172897339,0.03741329908370972,0.14158231019973755,0.1550654172897339,0.0,0.11452175676822662,1.0,0.2535649240016937,31.907119750976562,-0.6129440069198608,0.5682282|0.4317718|0.0000000|0.0000000|0.0000000|0.0000000|0.0000000|0.0000000|0.0000000|0.0000000,0,0.5682282447814941,8.258562370612486,0,0,0,0,0,
cross_town,Town02,mixed,10,117,5.85,9.530014991760254,302.556640625,0.22167766094207764,179.9609375,0.0,500.0229893708359,0.0,2.86102294921875e-06,2.663161091653876e-07,2.197265580404355e-06,0.43136831966197753,0.0777936577796936,0.03196027874946594,-0.10345659404993057,0.0950654149055481,0.0,0.03452175855636597,1.0,0.25308600068092346,42.7212028503418,-0.49974173307418823,0.5712464|0.4287536|0.0000000|0.0000000|0.0000000|0.0000000|0.0000000|0.0000000|0.0000000|0.0000000,0,0.5712463855743408,7.990519110555781,0,0,0,0,0,
cross_town,Town02,mixed,10,118,5.9,9.530014991760254,302.556640625,0.22167766094207764,179.9609375,0.0,500.0229893708359,0.0,2.86102294921875e-06,2.663161091653876e-07,2.540588412452135e-06,0.43136831966197753,0.34189119935035706,0.016238898038864136,0.6185867786407471,0.1550654172897339,0.0,0.11452175676822662,1.0,0.25757884979248047,5.113572120666504,0.10242342948913574,1.0000000|0.0000000|0.0000000|0.0000000|0.0000000|0.0000000|0.0000000|0.0000000|0.0000000|0.0000000,0,1.0,7.729054370206318,0,0,0,0,0,
cross_town,Town02,mixed,10,119,5.95,9.530014991760254,302.556640625,0.22167766094207764,179.9609375,0.0,500.0229893708359,0.0,2.86102294921875e-06,2.663161091653876e-07,6.866458790910459e-08,0.43136831966197753,0.07454478740692139,0.031482189893722534,-0.08215153962373734,0.0950654149055481,0.0,0.03452175855636597,1.0,0.25229644775390625,45.76083755493164,-0.42818963527679443,0.5527677|0.4472323|0.0000000|0.0000000|0.0000000|0.0000000|0.0000000|0.0000000|0.0000000|0.0000000,0,0.5527676939964294,7.491478381388456,0,0,0,0,0,
cross_town,Town02,mixed,10,120,6.0,9.530014991760254,302.556640625,0.22167766094207764,179.9609375,0.0,500.0229893708359,0.0,2.86102294921875e-06,2.663161091653876e-07,4.1198731662744133e-07,0.43136831966197753,0.24662458896636963,0.03869277238845825,0.28399544954299927,0.1550654172897339,0.0,0.11452175676822662,1.0,0.251903235912323,40.83271789550781,-0.38317084312438965,0.5355416|0.4644584|0.0000000|0.0000000|0.0000000|0.0000000|0.0000000|0.0000000|0.0000000|0.0000000,0,0.5355415940284729,7.417658707528936,0,0,0,0,0,
cross_town,Town02,mixed,10,121,6.05,9.530014991760254,302.556640625,0.22167766094207764,179.9609375,0.0,500.0229893708359,0.0,2.86102294921875e-06,2.663161091653876e-07,7.553102507712669e-07,0.43136831966197753,0.07494744658470154,0.046525806188583374,-0.05810350924730301,0.0950654149055481,0.0,0.03452175855636597,1.0,0.251313716173172,47.336185455322266,-0.4768484830856323,0.5469438|0.4530561|0.0000000|0.0000000|0.0000000|0.0000000|0.0000000|0.0000000|0.0000000|0.0000000,0,0.5469438433647156,7.261604151544894,0,0,0,0,0,
cross_town,Town02,mixed,10,122,6.1,9.530014991760254,302.556640625,0.22167766094207764,179.9609375,0.0,500.0229893708359,0.0,2.86102294921875e-06,2.663161091653876e-07,1.0986327947757876e-06,0.43137051311290525,0.1027999222278595,0.6306856870651245,0.30442386865615845,0.0,0.07999999821186066,0.11452175676822662,0.9999780654907227,0.800000011920929,2.3824245929718018,-3.0715818405151367,1.0000000|0.0000000|0.0000000|0.0000000|0.0000000|0.0000000|0.0000000|0.0000000|0.0000000|0.0000000,0,1.0,7.099690074604128,0,0,0,0,0,
cross_town,Town02,mixed,10,123,6.15,9.530014991760254,302.556640625,0.22167766094207764,179.9609375,0.0,500.0229893708359,0.0,2.86102294921875e-06,2.663161091653876e-07,1.4419567692540552e-06,0.4366359990856322,0.27632051706314087,0.06239786744117737,0.06968575716018677,0.05999999865889549,0.0,0.06968575716018677,1.0,0.2503712773323059,52.163368225097656,0.2253408432006836,0.5106681|0.4893319|0.0000000|0.0000000|0.0000000|0.0000000|0.0000000|0.0000000|0.0000000|0.0000000,0,0.5106680989265442,6.8849040248612,0,0,0,0,0,
cross_town,Town02,mixed,10,124,6.2,9.530014991760254,302.556640625,0.22167766094207764,179.9609375,0.0,500.0229893708359,0.0,2.86102294921875e-06,2.663161091653876e-07,1.78527830090416e-06,0.4313683196619775,0.3384409248828888,0.03169053792953491,0.1614992469549179,0.11999999731779099,0.0,0.14968575537204742,1.0,0.24977853894233704,52.41872024536133,-0.17392367124557495,0.5157421|0.4842579|0.0000000|0.0000000|0.0000000|0.0000000|0.0000000|0.0000000|0.0000000|0.0000000,0,0.5157421231269836,6.683682745819921,0,0,0,0,0,
cross_town,Town02,mixed,10,125,6.25,9.530014991760254,302.556640625,0.22167766094207764,179.9609375,0.0,500.0229893708359,0.0,2.86102294921875e-06,2.663161091653876e-07,2.128601990658488e-06,0.4351827683124123,0.10269972681999207,0.03696167469024658,0.09398149698972702,0.10269972681999207,0.0,0.09398149698972702,1.0,0.24918687343597412,56.395904541015625,-0.27486658096313477,0.5169439|0.4830562|0.0000000|0.0000000|0.0000000|0.0000000|0.0000000|0.0000000|0.0000000|0.0000000,0,0.5169438719749451,6.63789160339889,0,0,0,0,0,
cross_town,Town02,mixed,10,126,6.3,9.530014991760254,302.556640625,0.22167766094207764,179.9609375,0.0,500.0229893708359,0.0,2.86102294921875e-06,2.663161091653876e-07,2.471924272302137e-06,0.43668440909376505,0.2575298249721527,0.07688766717910767,0.13431747257709503,0.16269972920417786,0.0,0.13431747257709503,1.0,0.24857819080352783,59.762489318847656,-0.16462314128875732,0.5051701|0.4948299|0.0000000|0.0000000|0.0000000|0.0000000|0.0000000|0.0000000|0.0000000|0.0000000,0,0.5051701068878174,6.601893030294889,0,0,0,0,0,
cross_town,Town02,mixed,10,127,6.35,9.530014991760254,302.556640625,0.22167766094207764,179.9609375,0.0,500.0229893708359,0.0,2.86102294921875e-06,2.663161091653876e-07,2.8152465786693737e-06,0.4306725281648023,0.09494951367378235,0.058892130851745605,0.01077279169112444,0.10269972681999207,0.0,0.054317474365234375,1.0,0.24793793261051178,57.1630859375,-0.47560471296310425,0.5155506|0.4844495|0.0000000|0.0000000|0.0000000|0.0000000|0.0000000|0.0000000|0.0000000|0.0000000,0,0.5155505537986755,6.181411314127765,0,0,0,0,0,
cross_town,Town02,mixed,10,128,6.4,9.530014991760254,302.556640625,0.22167766094207764,179.9609375,0.0,500.0229893708359,0.0,2.86102294921875e-06,2.663161091653876e-07,2.746582287040949e-07,0.4303630715056955,0.2559016942977905,0.046506136655807495,0.27623969316482544,0.16269972920417786,0.0,0.13431747257709503,1.0,0.24727459251880646,50.08965301513672,-0.15122169256210327,0.5191404|0.4808596|0.0000000|0.0000000|0.0000000|0.0000000|0.0000000|0.0000000|0.0000000|0.0000000,0,0.5191404223442078,5.8449131681974915,0,0,0,0,0,
cross_town,Town02,mixed,10,129,6.45,9.530014991760254,302.556640625,0.22167766094207764,179.9609375,0.0,500.0229893708359,0.0,2.86102294921875e-06,2.663161091653876e-07,6.17981021200236e-07,0.43003212715585576,0.34632545709609985,0.16610479354858398,0.6137453317642212,0.22269973158836365,0.0,0.2143174707889557,1.0,0.2444165050983429,14.913148880004883,-0.04562187194824219,1.0000000|0.0000000|0.0000000|0.0000000|0.0000000|0.0000000|0.0000000|0.0000000|0.0000000|0.0000000,0,1.0,5.583282928046346,0,0,0,0,0,
cross_town,Town02,mixed,10,130,6.5,9.530014991760254,302.556640625,0.22167766094207764,179.9609375,0.0,500.0229893708359,0.0,2.86102294921875e-06,2.663161091653876e-07,9.613039241639676e-07,0.4296822655182395,0.09298878908157349,0.3740558326244354,0.5015196800231934,0.16269972920417786,0.0,0.29431748390197754,1.0,0.24301911890506744,23.463125228881836,-0.8497290015220642,1.0000000|0.0000000|0.0000000|0.0000000|0.0000000|0.0000000|0.0000000|0.0000000|0.0000000|0.0000000,0,1.0,5.405045909497521,0,0,0,0,0,
cross_town,Town02,mixed,10,131,6.55,9.530014991760254,302.556640625,0.22167766094207764,179.9609375,0.0,500.0229893708359,0.0,2.86102294921875e-06,2.663161091653876e-07,1.304626493963108e-06,0.4293141366105628,0.16662472486495972,0.19965359568595886,-0.15128593146800995,0.10269972681999207,0.0,0.21431748569011688,1.0,0.2489112764596939,48.447879791259766,0.05012619495391846,1.0000000|0.0000000|0.0000000|0.0000000|0.0000000|0.0000000|0.0000000|0.0000000|0.0000000|0.0000000,0,1.0,5.23479672380554,0,0,0,0,0,
cross_town,Town02,mixed,10,132,6.6,9.530014991760254,302.556640625,0.22167766094207764,179.9609375,0.0,500.0229893708359,0.0,2.86102294921875e-06,2.663161091653876e-07,1.6479492408114008e-06,0.43646668969259744,0.17058879137039185,0.24568840861320496,0.22515781223773956,0.0,0.07999999821186066,0.22515781223773956,1.0,0.2440417855978012,61.829490661621094,-0.33297741413116455,0.5534338|0.4465663|0.0000000|0.0000000|0.0000000|0.0000000|0.0000000|0.0000000|0.0000000|0.0000000,0,0.5534337759017944,5.093310009068532,0,0,0,0,0,
cross_town,Town02,mixed,10,133,6.65,9.530014991760254,302.556640625,0.22167766094207764,179.9609375,0.0,500.0229893708359,0.0,2.86102294921875e-06,2.663161091653876e-07,1.9569414152859793e-06,0.43298006401359496,0.165027916431427,0.18276739120483398,0.2769768536090851,0.0,0.1599999964237213,0.2769768536090851,1.0,0.24300286173820496,44.26166915893555,-0.25115031003952026,0.5737844|0.4262156|0.0000000|0.0000000|0.0000000|0.0000000|0.0000000|0.0000000|0.0000000|0.0000000,0,0.5737844109535217,4.949012605767202,0,0,0,0,0,
cross_town,Town02,mixed,10,134,6.7,9.530014991760254,302.556640625,0.22167766094207764,179.9609375,0.0,500.0229893708359,0.0,2.86102294921875e-06,2.663161091653876e-07,2.300262426255419e-06,0.42809758050504937,0.05290579795837402,0.4123684763908386,0.02916230633854866,0.0,0.23999999463558197,0.19697685539722443,1.0,0.800000011920929,4.608334541320801,-1.387266755104065,1.0000000|0.0000000|0.0000000|0.0000000|0.0000000|0.0000000|0.0000000|0.0000000|0.0000000|0.0000000,0,1.0,4.824529116432685,0,0,0,0,0,
cross_town,Town02,mixed,10,135,6.75,9.530014991760254,302.556640625,0.22167766094207764,179.9609375,0.0,500.0229893708359,0.0,2.86102294921875e-06,2.663161091653876e-07,2.6092534046765855e-06,0.4329461495344499,0.3206399381160736,0.6178804039955139,0.24157080054283142,0.0,0.3199999928474426,0.24157080054283142,1.0,0.24135613441467285,22.821664810180664,-0.1118316650390625,0.5648546|0.4351454|0.0000000|0.0000000|0.0000000|0.0000000|0.0000000|0.0000000|0.0000000|0.0000000,0,0.5648545622825623,4.694342905896894,0,0,0,0,0,
cross_town,Town02,mixed,10,136,6.8,9.530014991760254,302.556640625,0.22167766094207764,179.9609375,0.0,500.0229893708359,0.0,2.86102294921875e-06,2.663161091653876e-07,1.3733127020470788e-07,0.4348649751341406,0.28586146235466003,0.7186251878738403,0.24264848232269287,0.0,0.4000000059604645,0.24264848232269287,1.0,0.24019385874271393,20.763519287109375,-0.03714132308959961,0.5830052|0.4169948|0.0000000|0.0000000|0.0000000|0.0000000|0.0000000|0.0000000|0.0000000|0.0000000,0,0.5830052495002747,4.579120454063058,0,0,0,0,0,
cross_town,Town02,mixed,10,137,6.85,9.530014991760254,302.556640625,0.22167766094207764,179.9609375,0.0,500.0229893708359,0.0,2.86102294921875e-06,2.663161091653876e-07,4.463285982199746e-07,0.4266979736528214,0.01912987232208252,0.6809037327766418,0.02943945676088333,0.0,0.48000001907348633,0.16264848411083221,1.0,0.800000011920929,14.069844245910645,-2.0289955139160156,1.0000000|0.0000000|0.0000000|0.0000000|0.0000000|0.0000000|0.0000000|0.0000000|0.0000000|0.0000000,0,1.0,4.457571003850752,0,0,0,0,0,
cross_town,Town02,mixed,10,138,6.9,9.530014991760254,302.556640625,0.22167766094207764,179.9609375,0.0,500.0229893708359,0.0,2.86102294921875e-06,2.663161091653876e-07,7.896430060629619e-07,0.4294718031624919,0.07089003920555115,0.9100483655929565,0.10213283449411392,0.0,0.5600000023841858,0.10213283449411392,1.0,0.800000011920929,35.99412536621094,-2.6820054054260254,1.0000000|0.0000000|0.0000000|0.0000000|0.0000000|0.0000000|0.0000000|0.0000000|0.0000000|0.0000000,0,1.0,4.347965926022071,0,0,0,0,0,
cross_town,Town02,mixed,10,139,6.95,9.530014991760254,302.556640625,0.22167766094207764,179.9609375,0.0,500.0229893708359,0.0,2.86102294921875e-06,2.663161091653876e-07,1.1329651777808454e-06,0.4256501181647076,0.4662964344024658,0.8326293230056763,0.2035054862499237,0.0,0.6399999856948853,0.18213284015655518,1.0,0.23694974184036255,46.218589782714844,-1.8156315088272095,0.6032428|0.3967572|0.0000000|0.0000000|0.0000000|0.0000000|0.0000000|0.0000000|0.0000000|0.0000000,0,0.603242814540863,4.232437568340633,0,0,0,0,0,
cross_town,Town02,mixed,10,140,7.0,9.530014991760254,302.556640625,0.22167766094207764,179.9609375,0.0,500.0229893708359,0.0,2.86102294921875e-06,2.663161091653876e-07,1.4762883428132908e-06,0.4250881082197001,0.30236005783081055,0.8784197568893433,-0.018532289192080498,0.0,0.7199999690055847,0.10213284194469452,1.0,0.23587748408317566,32.82477569580078,-1.3397752046585083,0.6061586|0.3938414|0.0000000|0.0000000|0.0000000|0.0000000|0.0000000|0.0000000|0.0000000|0.0000000,0,0.6061585545539856,4.127300151364042,0,0,0,0,0,
cross_town,Town02,mixed,10,141,7.05,9.530014991760254,302.556640625,0.22167766094207764,179.9609375,0.0,500.0229893708359,0.0,2.86102294921875e-06,2.663161091653876e-07,1.8196105350266414e-06,0.4295825501006934,0.3592761754989624,0.7870203256607056,0.055619414895772934,0.0,0.7870203256607056,0.055619414895772934,1.0,0.23471984267234802,87.49127197265625,-2.824113368988037,0.6117160|0.3882841|0.0000000|0.0000000|0.0000000|0.0000000|0.0000000|0.0000000|0.0000000|0.0000000,0,0.6117159724235535,4.01741147400001,0,0,0,0,0,
cross_town,Town02,mixed,10,142,7.1,9.530014991760254,302.556640625,0.22167766094207764,179.9609375,0.0,500.0229893708359,0.0,2.86102294921875e-06,2.663161091653876e-07,2.1629333379441184e-06,0.4238807404679061,0.2287832796573639,0.3115311861038208,-0.1779150515794754,0.0,0.7070203423500061,-0.024380585178732872,1.0,0.23342961072921753,46.45256805419922,-1.978996992111206,0.6212391|0.3787609|0.0000000|0.0000000|0.0000000|0.0000000|0.0000000|0.0000000|0.0000000|0.0000000,0,0.6212390661239624,3.9161118864415414,0,0,0,0,0,
cross_town,Town02,mixed,10,143,7.15,9.530014991760254,302.556640625,0.22167766094207764,179.9609375,0.0,500.0229893708359,0.0,2.86102294921875e-06,2.663161091653876e-07,2.5062560364422027e-06,0.4232322796256992,0.508928120136261,0.08669263124465942,-0.2489251047372818,0.0,0.6270203590393066,-0.10438058525323868,1.0,0.23192524909973145,34.395591735839844,-1.5262669324874878,0.6370055|0.3629945|0.0000000|0.0000000|0.0000000|0.0000000|0.0000000|0.0000000|0.0000000|0.0000000,0,0.6370055079460144,3.8108258517960225,0,0,0,0,0,
cross_town,Town02,mixed,10,144,7.2,9.530014991760254,302.556640625,0.22167766094207764,179.9609375,0.0,500.0229893708359,0.0,2.86102294921875e-06,2.663161091653876e-07,0.0,0.42993015042628185,0.6079710125923157,0.15318942070007324,-0.08852487802505493,0.0,0.5470203757286072,-0.08852487802505493,1.0,0.23085813224315643,48.02727508544922,-0.6989048719406128,0.6349042|0.3650958|0.0000000|0.0000000|0.0000000|0.0000000|0.0000000|0.0000000|0.0000000|0.0000000,0,0.6349042057991028,3.7126922978329473,0,0,0,0,0,
cross_town,Town02,mixed,10,145,7.25,9.530014991760254,302.556640625,0.22167766094207764,179.9609375,0.0,500.0229893708359,0.0,2.86102294921875e-06,2.663161091653876e-07,3.433227914987019e-07,0.4218373872342545,0.7561434507369995,0.2519215941429138,0.13021844625473022,0.0,0.4670203626155853,-0.008524877950549126,1.0,0.22980310022830963,59.61869430541992,-0.6284462213516235,0.6321514|0.3678486|0.0000000|0.0000000|0.0000000|0.0000000|0.0000000|0.0000000|0.0000000|0.0000000,0,0.6321513652801514,3.611715083574025,0,0,0,0,0,
cross_town,Town02,mixed,10,146,7.3,9.530014991760254,302.556640625,0.22167766094207764,179.9609375,0.0,500.0229893708359,0.0,2.86102294921875e-06,2.663161091653876e-07,6.866455861336346e-07,0.42108717896809966,0.0069341957569122314,0.6921998262405396,0.439495712518692,0.0,0.5470203757286072,0.07147511839866638,1.0,0.2489112764596939,81.23426055908203,-0.8177881240844727,1.0000000|0.0000000|0.0000000|0.0000000|0.0000000|0.0000000|0.0000000|0.0000000|0.0000000|0.0000000,0,1.0,3.5166045617823283,0,0,0,0,0,
cross_town,Town02,mixed,10,147,7.35,9.530014991760254,302.556640625,0.22167766094207764,179.9609375,0.0,500.0229893708359,0.0,2.86102294921875e-06,2.663161091653876e-07,1.029968209876201e-06,0.42640718378120146,0.8007418513298035,0.7973237037658691,0.10767015069723129,0.0,0.4670203626155853,0.10767015069723129,1.0,0.2262042611837387,47.23455047607422,-1.6248778104782104,0.6701115|0.3298885|0.0000000|0.0000000|0.0000000|0.0000000|0.0000000|0.0000000|0.0000000|0.0000000,0,0.6701115369796753,3.4228354617834995,0,0,0,0,0,
cross_town,Town02,mixed,10,148,7.4,9.530014991760254,302.556640625,0.22167766094207764,179.9609375,0.0,500.0229893708359,0.0,2.86102294921875e-06,2.663161091653876e-07,1.3732909510955167e-06,0.4229134881389127,0.7362518310546875,0.8311533331871033,0.16711007058620453,0.0,0.5470203757286072,0.16711007058620453,1.0,0.2247510552406311,35.07697677612305,-1.031158208847046,0.6758054|0.3241946|0.0000000|0.0000000|0.0000000|0.0000000|0.0000000|0.0000000|0.0000000|0.0000000,0,0.675805389881134,3.341159010549001,0,0,0,0,0,
cross_town,Town02,mixed,10,149,7.45,9.530014991760254,302.556640625,0.22167766094207764,179.9609375,0.0,500.0229893708359,0.0,2.86102294921875e-06,2.663161091653876e-07,1.7166140925873622e-06,0.41860937440897233,0.26393601298332214,0.6957787275314331,-0.26516175270080566,0.0,0.6270203590393066,0.08711007237434387,1.0,0.21127615869045258,30.810354232788086,0.4982433319091797,1.0000000|0.0000000|0.0000000|0.0000000|0.0000000|0.0000000|0.0000000|0.0000000|0.0000000|0.0000000,0,1.0,3.268986312258804,0,0,0,0,0,
cross_town,Town02,mixed,10,150,7.5,9.530014991760254,302.556640625,0.22167766094207764,179.9609375,0.0,500.0229893708359,0.0,2.86102294921875e-06,2.663161091653876e-07,2.059936411299788e-06,0.42538465507470563,0.7147670984268188,0.688265323638916,0.08523137122392654,0.0,0.5470203757286072,0.08523137122392654,1.0,0.2226818948984146,55.694541931152344,-2.1807544231414795,0.6634539|0.3365461|0.0000000|0.0000000|0.0000000|0.0000000|0.0000000|0.0000000|0.0000000|0.0000000,0,0.6634538769721985,3.20953146754988,0,0,0,0,0,
cross_town,Town02,mixed,10,151,7.55,9.530014991760254,302.556640625,0.22167766094207764,179.9609375,0.0,500.0229893708359,0.0,2.86102294921875e-06,2.663161091653876e-07,2.40325937113742e-06,0.42419120269458366,0.7554994821548462,0.8186384439468384,0.07046861946582794,0.0,0.6270203590393066,0.07046861946582794,1.0,0.21995604038238525,53.290550231933594,-1.3792095184326172,0.6986870|0.3013131|0.0000000|0.0000000|0.0000000|0.0000000|0.0000000|0.0000000|0.0000000|0.0000000,0,0.698686957359314,3.1569460442470882,0,0,0,0,0,
cross_town,Town02,mixed,10,152,7.6,9.530014991760254,302.556640625,0.22167766094207764,179.9609375,0.0,500.0229893708359,0.0,2.86102294921875e-06,2.663161091653876e-07,2.746581882594418e-06,0.41580170762036184,0.7135180234909058,0.3685135543346405,-0.1409781277179718,0.0,0.5470203757286072,-0.009531380608677864,1.0,0.21865509450435638,44.27352523803711,-1.8301584720611572,0.6979015|0.3020985|0.0000000|0.0000000|0.0000000|0.0000000|0.0000000|0.0000000|0.0000000|0.0000000,0,0.6979014873504639,3.11234516830421,0,0,0,0,0,
cross_town,Town02,mixed,10,153,7.65,9.530014991760254,302.556640625,0.22167766094207764,179.9609375,0.0,500.0229893708359,0.0,2.86102294921875e-06,2.663161091653876e-07,2.0599365743076825e-07,0.41802143340398623,0.8924432992935181,0.3658873438835144,-0.07045792788267136,0.0,0.4670203626155853,-0.07045792788267136,1.0,0.21643927693367004,51.53214645385742,-0.14385390281677246,0.7174169|0.2825831|0.0000000|0.0000000|0.0000000|0.0000000|0.0000000|0.0000000|0.0000000|0.0000000,0,0.7174169421195984,3.068981881301817,0,0,0,0,0,
cross_town,Town02,mixed,10,154,7.7,9.530014991760254,302.556640625,0.22167766094207764,179.9609375,0.0,500.0229893708359,0.0,2.86102294921875e-06,2.663161091653876e-07,5.493167054448437e-07,0.4160182093949108,0.5678454041481018,0.35811468958854675,-0.0032717804424464703,0.0,0.3870203495025635,-0.0032717804424464703,1.0,0.20174354314804077,14.55933666229248,-0.21774089336395264,1.0000000|0.0000000|0.0000000|0.0000000|0.0000000|0.0000000|0.0000000|0.0000000|0.0000000|0.0000000,0,1.0,3.0293438058855124,0,0,0,0,0,
cross_town,Town02,mixed,10,155,7.75,9.530014991760254,302.556640625,0.22167766094207764,179.9609375,0.0,500.0229893708359,0.0,2.86102294921875e-06,2.663161091653876e-07,8.926392803880339e-07,0.4126778909575344,0.785030722618103,0.7938895225524902,0.49518483877182007,0.0,0.4670203626155853,0.0767282173037529,1.0,0.21412929892539978,18.908695220947266,-0.3601170778274536,0.7088584|0.2911415|0.0000000|0.0000000|0.0000000|0.0000000|0.0000000|0.0000000|0.0000000|0.0000000,0,0.7088584303855896,2.986895601399786,0,0,0,0,0,
cross_town,Town02,mixed,10,156,7.8,9.530014991760254,302.556640625,0.22167766094207764,179.9609375,0.0,500.0229893708359,0.0,2.86102294921875e-06,2.663161091653876e-07,1.2359621591351737e-06,0.4115633216532103,0.6397536993026733,0.8962011337280273,-0.005400578957051039,0.0,0.5470203757286072,-0.003271782770752907,1.0,0.2116667479276657,28.971630096435547,-0.9086807370185852,0.7308300|0.2691701|0.0000000|0.0000000|0.0000000|0.0000000|0.0000000|0.0000000|0.0000000|0.0000000,0,0.7308299541473389,2.945739144173752,0,0,0,0,0,
cross_town,Town02,mixed,10,157,7.85,9.530014991760254,302.556640625,0.22167766094207764,179.9609375,0.0,500.0229893708359,0.0,2.86102294921875e-06,2.663161091653876e-07,1.579284618935454e-06,0.41040926829024604,0.8723095059394836,0.6758480668067932,-0.1672622412443161,0.0,0.4670203626155853,-0.08327177911996841,1.0,0.1960601508617401,20.580392837524414,-0.2696192264556885,1.0000000|0.0000000|0.0000000|0.0000000|0.0000000|0.0000000|0.0000000|0.0000000|0.0000000|0.0000000,0,1.0,2.9000446299223603,0,0,0,0,0,
cross_town,Town02,mixed,10,158,7.9,9.530014991760254,302.556640625,0.22167766094207764,179.9609375,0.0,500.0229893708359,0.0,2.86102294921875e-06,2.663161091653876e-07,1.9226074539661604e-06,0.4092138360390195,0.05966159701347351,0.7226201891899109,0.16777147352695465,0.0,0.5470203757286072,-0.0032717790454626083,1.0,0.2489112764596939,75.06634521484375,0.22664546966552734,1.0000000|0.0000000|0.0000000|0.0000000|0.0000000|0.0000000|0.0000000|0.0000000|0.0000000|0.0000000,0,1.0,2.854941868835542,0,0,0,0,0,
cross_town,Town02,mixed,10,159,7.95,9.530014991760254,302.556640625,0.22167766094207764,179.9609375,0.0,500.0229893708359,0.0,2.86102294921875e-06,2.663161091653876e-07,2.2659305396418326e-06,0.40797453771306574,0.8461758494377136,0.2891794443130493,-0.1849835366010666,0.0,0.4670203626155853,-0.08327177911996841,1.0,0.20622511208057404,28.53607749938965,-0.29272711277008057,0.7539238|0.2460763|0.0000000|0.0000000|0.0000000|0.0000000|0.0000000|0.0000000|0.0000000|0.0000000,0,0.753923773765564,2.8053196498717803,0,0,0,0,0,
cross_town,Town02,mixed,10,160,8.0,9.530014991760254,302.556640625,0.22167766094207764,179.9609375,0.0,500.0229893708359,0.0,2.86102294921875e-06,2.663161091653876e-07,2.60925291247801e-06,0.4066892768575174,0.7723387479782104,0.47166287899017334,0.1305384784936905,0.0,0.3870203495025635,-0.0032717790454626083,1.0,0.19041167199611664,18.515857696533203,-0.40553057193756104,1.0000000|0.0000000|0.0000000|0.0000000|0.0000000|0.0000000|0.0000000|0.0000000|0.0000000|0.0000000,0,1.0,2.7567142666596975,0,0,0,0,0,
cross_town,Town02,mixed,10,161,8.05,9.530014991760254,302.556640625,0.22167766094207764,179.9609375,0.0,500.0229893708359,0.0,2.86102294921875e-06,2.663161091653876e-07,6.866458788015495e-08,0.4053555200245235,0.7901884913444519,0.785161554813385,0.4028109014034271,0.0,0.3070203363895416,0.0767282173037529,1.0,0.2036450207233429,14.689897537231445,-0.6254920363426208,0.7496907|0.2503093|0.0000000|0.0000000|0.0000000|0.0000000|0.0000000|0.0000000|0.0000000|0.0000000,0,0.7496906518936157,2.704501429841576,0,0,0,0,0,
cross_town,Town02,mixed,10,162,8.1,9.530014991760254,302.556640625,0.22167766094207764,179.9609375,0.0,500.0229893708359,0.0,2.86102294921875e-06,2.663161091653876e-07,4.1199106955574873e-07,0.40397119954380184,0.5978028774261475,0.8324108719825745,0.16712425649166107,0.0,0.3870203495025635,0.15672822296619415,1.0,0.2023039311170578,14.823671340942383,-0.7417055368423462,0.7485828|0.2514171|0.0000000|0.0000000|0.0000000|0.0000000|0.0000000|0.0000000|0.0000000|0.0000000,0,0.7485828399658203,2.6541021392079793,0,0,0,0,0,
cross_town,Town02,mixed,10,163,8.15,9.530014991760254,302.556640625,0.22167766094207764,179.9609375,0.0,500.0229893708359,0.0,2.86102294921875e-06,2.663161091653876e-07,7.553118689405954e-07,0.40253397638453287,0.10819441080093384,0.5606264472007751,0.3279884159564972,0.0,0.4670203626155853,0.2367282211780548,1.0,0.2489112764596939,43.0263671875,-2.6392295360565186,1.0000000|0.0000000|0.0000000|0.0000000|0.0000000|0.0000000|0.0000000|0.0000000|0.0000000|0.0000000,0,1.0,2.6011089468559754,0,0,0,0,0,
cross_town,Town02,mixed,10,164,8.2,9.530014991760254,302.556640625,0.22167766094207764,179.9609375,0.0,500.0229893708359,0.0,2.86102294921875e-06,2.663161091653876e-07,1.0986327922480537e-06,0.4010442310191172,0.15304917097091675,0.559659481048584,-0.30509501695632935,0.0,0.5470203757286072,0.15672822296619415,0.9999771118164062,0.19826148450374603,2.972727060317993,-0.19391876459121704,0.7671242|0.2328758|0.0000000|0.0000000|0.0000000|0.0000000|0.0000000|0.0000000|0.0000000|0.0000000,0,0.7671241760253906,2.550523507093665,0,0,0,0,0,
cross_town,Town02,mixed,10,165,8.25,9.530014991760254,302.556640625,0.22167766094207764,179.9609375,0.0,500.0229893708359,0.0,2.86102294921875e-06,2.663161091653876e-07,1.4419556777825102e-06,0.39949289855948134,0.07834330201148987,0.9415665864944458,-0.012546123005449772,0.0,0.6270203590393066,0.0767282247543335,1.0,0.800000011920929,43.4920768737793,-2.8443877696990967,1.0000000|0.0000000|0.0000000|0.0000000|0.0000000|0.0000000|0.0000000|0.0000000|0.0000000|0.0000000,0,1.0,2.497994575911637,0,0,0,0,0,
cross_town,Town02,mixed,10,166,8.3,9.530014991760254,302.556640625,0.22167766094207764,179.9609375,0.0,500.0229893708359,0.0,2.86102294921875e-06,2.663161091653876e-07,1.7852789442936358e-06,0.39788506587661,0.8387252688407898,0.713367760181427,-0.21626602113246918,0.0,0.5470203757286072,-0.00327177532017231,1.0,0.19439278542995453,35.337791442871094,-1.8266384601593018,0.7811199|0.2188801|0.0000000|0.0000000|0.0000000|0.0000000|0.0000000|0.0000000|0.0000000|0.0000000,0,0.7811199426651001,2.448058123451209,0,0,0,0,0,
cross_town,Town02,mixed,10,167,8.35,9.530014991760254,302.556640625,0.22167766094207764,179.9609375,0.0,500.0229893708359,0.0,2.86102294921875e-06,2.663161091653876e-07,2.128601094735216e-06,0.3962162184964541,0.08477148413658142,0.9344029426574707,0.3454703986644745,0.0,0.6270203590393066,0.0767282247543335,1.0,0.2489112764596939,78.94921112060547,-1.5073505640029907,1.0000000|0.0000000|0.0000000|0.0000000|0.0000000|0.0000000|0.0000000|0.0000000|0.0000000|0.0000000,0,1.0,2.396397306629014,0,0,0,0,0,
cross_town,Town02,mixed,10,168,8.4,9.530014991760254,302.556640625,0.22167766094207764,179.9609375,0.0,500.0229893708359,0.0,2.86102294921875e-06,2.663161091653876e-07,2.4719237233528567e-06,0.3944845793637327,0.04811021685600281,0.9940812587738037,0.50991290807724,0.0,0.7070203423500061,0.15672822296619415,1.0,0.2489112764596939,90.14161682128906,-2.7206320762634277,1.0000000|0.0000000|0.0000000|0.0000000|0.0000000|0.0000000|0.0000000|0.0000000|0.0000000|0.0000000,0,1.0,2.347196111636159,0,0,0,0,0,
cross_town,Town02,mixed,10,169,8.45,9.530014991760254,302.556640625,0.22167766094207764,179.9609375,0.0,500.0229893708359,0.0,2.86102294921875e-06,2.663161091653876e-07,2.8152465713778455e-06,0.3926876941758869,0.47495022416114807,0.40189552307128906,-0.30924901366233826,0.0,0.6270203590393066,0.0767282247543335,1.0,0.18950098752975464,49.24037551879883,-0.6350808143615723,0.7873539|0.2126461|0.0000000|0.0000000|0.0000000|0.0000000|0.0000000|0.0000000|0.0000000|0.0000000,0,0.7873538732528687,2.296227070897347,0,0,0,0,0,
cross_town,Town02,mixed,10,170,8.5,9.530014991760254,302.556640625,0.22167766094207764,179.9609375,0.0,500.0229893708359,0.0,2.86102294921875e-06,2.663161091653876e-07,2.7465822851283846e-07,0.39082362108750435,0.8538943529129028,0.7662835121154785,-0.1901351660490036,0.0,0.5470203757286072,-0.00327177532017231,1.0,0.1876477152109146,43.01192855834961,-2.0702199935913086,0.7921028|0.2078972|0.0000000|0.0000000|0.0000000|0.0000000|0.0000000|0.0000000|0.0000000|0.0000000,0,0.7921028137207031,2.2474558638356,0,0,0,0,0,
cross_town,Town02,mixed,10,171,8.55,9.530014991760254,302.556640625,0.22167766094207764,179.9609375,0.0,500.0229893708359,0.0,2.86102294921875e-06,2.663161091653876e-07,6.179810208869213e-07,0.38888959705073173,0.9325652718544006,0.4730347692966461,-0.291856050491333,0.0,0.4670203626155853,-0.08327177166938782,1.0,0.18578176200389862,28.125131607055664,-0.5169748663902283,0.7967885|0.2032115|0.0000000|0.0000000|0.0000000|0.0000000|0.0000000|0.0000000|0.0000000|0.0000000,0,0.7967884540557861,2.1968097134302162,0,0,0,0,0,
cross_town,Town02,mixed,10,172,8.6,9.530014991760254,302.556640625,0.22167766094207764,179.9609375,0.0,500.0229893708359,0.0,2.86102294921875e-06,2.663161091653876e-07,9.613049004956936e-07,0.38688346431040527,0.03252574801445007,0.7576649188995361,0.1617577075958252,0.0,0.5470203757286072,-0.0032717715948820114,1.0,0.2489112764596939,72.02262878417969,0.1516682505607605,1.0000000|0.0000000|0.0000000|0.0000000|0.0000000|0.0000000|0.0000000|0.0000000|0.0000000|0.0000000,0,1.0,2.148117036801431,0,0,0,0,0,
cross_town,Town02,mixed,10,173,8.65,9.530014991760254,302.556640625,0.22167766094207764,179.9609375,0.0,500.0229893708359,0.0,2.86102294921875e-06,2.663161091653876e-07,1.3046264520733012e-06,0.3848021638961909,0.062068015336990356,0.9514137506484985,0.3739180266857147,0.0,0.6270203590393066,0.0767282247543335,1.0,0.2489112764596939,70.37847137451172,-1.458490014076233,1.0000000|0.0000000|0.0000000|0.0000000|0.0000000|0.0000000|0.0000000|0.0000000|0.0000000|0.0000000,0,1.0,2.097499431311785,0,0,0,0,0,
cross_town,Town02,mixed,10,174,8.7,9.530014991760254,302.556640625,0.22167766094207764,179.9609375,0.0,500.0229893708359,0.0,2.86102294921875e-06,2.663161091653876e-07,1.6479501856512946e-06,0.38264717912991714,0.8807562589645386,0.4287286698818207,-0.297721266746521,0.0,0.5470203757286072,-0.00327177532017231,1.0,0.1805412322282791,17.985143661499023,-1.020413875579834,0.8053986|0.1946014|0.0000000|0.0000000|0.0000000|0.0000000|0.0000000|0.0000000|0.0000000|0.0000000,0,0.8053985834121704,2.0578344895557406,0,0,0,0,0,
cross_town,Town02,mixed,10,175,8.75,9.530014991760254,302.556640625,0.22167766094207764,179.9609375,0.0,500.0229893708359,0.0,2.86102294921875e-06,2.663161091653876e-07,1.9912724411397416e-06,0.38043748652061254,0.9142268300056458,0.36074429750442505,-0.30411553382873535,0.0,0.4670203626155853,-0.08327177166938782,1.0,0.17838135361671448,14.20569896697998,-0.8944830894470215,0.8128169|0.1871831|0.0000000|0.0000000|0.0000000|0.0000000|0.0000000|0.0000000|0.0000000|0.0000000,0,0.8128169178962708,2.039810154638257,0,0,0,0,0,
cross_town,Town02,mixed,10,176,8.8,9.530014991760254,302.556640625,0.22167766094207764,179.9609375,0.0,500.0229893708359,0.0,2.86102294921875e-06,2.663161091653876e-07,2.3345947554291897e-06,0.3781984446889881,0.9357820749282837,0.9157334566116333,0.3876834511756897,0.0,0.3870203495025635,-0.0032717715948820114,1.0,0.1760525405406952,13.332540512084961,-0.968142032623291,0.8220259|0.1779741|0.0000000|0.0000000|0.0000000|0.0000000|0.0000000|0.0000000|0.0000000|0.0000000,0,0.8220258951187134,2.044416574090869,0,0,0,0,0,
cross_town,Town02,mixed,10,177,8.85,9.530014991760254,302.556640625,0.22167766094207764,179.9609375,0.0,500.0229893708359,0.0,2.86102294921875e-06,2.663161091653876e-07,2.6779178232207213e-06,0.375943136854213,0.5979302525520325,0.995591402053833,0.5544054508209229,0.0,0.4670203626155853,0.0767282247543335,1.0,0.15845900774002075,5.526938438415527,-1.1080554723739624,1.0000000|0.0000000|0.0000000|0.0000000|0.0000000|0.0000000|0.0000000|0.0000000|0.0000000|0.0000000,0,1.0,2.0517106959681106,0,0,0,0,0,
cross_town,Town02,mixed,10,178,8.9,9.530014991760254,302.556640625,0.22167766094207764,179.9609375,0.0,500.0229893708359,0.0,2.86102294921875e-06,2.663161091653876e-07,1.3732909857126023e-07,0.3736795738343636,0.5015606880187988,0.6132447123527527,-0.14189036190509796,0.0,0.5470203757286072,-0.00327177532017231,1.0,0.17333972454071045,19.236419677734375,0.1930382251739502,0.8194572|0.1805428|0.0000000|0.0000000|0.0000000|0.0000000|0.0000000|0.0000000|0.0000000|0.0000000,0,0.8194571733474731,2.068227651041471,0,0,0,0,0,
cross_town,Town02,mixed,10,179,8.95,9.530014991760254,302.556640625,0.22167766094207764,179.9609375,0.0,500.0229893708359,0.0,2.86102294921875e-06,2.663161091653876e-07,4.806518989174169e-07,0.37856242487200303,0.8431355357170105,0.4821232557296753,-0.024282170459628105,0.0,0.4670203626155853,-0.024282170459628105,1.0,0.17154963314533234,11.247152328491211,-1.0186883211135864,0.8235418|0.1764582|0.0000000|0.0000000|0.0000000|0.0000000|0.0000000|0.0000000|0.0000000|0.0000000,0,0.8235418200492859,2.081935429720559,0,0,0,0,0,
cross_town,Town02,mixed,10,180,9.0,9.530014991760254,302.556640625,0.22167766094207764,179.9609375,0.0,500.0229893708359,0.0,2.86102294921875e-06,2.663161091653876e-07,8.239748162161486e-07,0.3691475194956379,0.8807641267776489,0.9308398962020874,0.3228999078273773,0.0,0.5470203757286072,0.0557178296148777,1.0,0.16998425126075745,9.922197341918945,-1.0641635656356812,0.8255872|0.1744128|0.0000000|0.0000000|0.0000000|0.0000000|0.0000000|0.0000000|0.0000000|0.0000000,0,0.8255871534347534,2.105733457502524,0,0,0,0,0,
cross_town,Town02,mixed,10,181,9.05,9.530014991760254,302.556640625,0.22167766094207764,179.9609375,0.0,500.0229893708359,0.0,2.86102294921875e-06,2.663161091653876e-07,1.1672979847520646e-06,0.36688900256741036,0.12466078996658325,0.9855054616928101,0.367936909198761,0.0,0.6270203590393066,0.13571782410144806,1.0,0.2489112764596939,77.79327392578125,-2.573237895965576,1.0000000|0.0000000|0.0000000|0.0000000|0.0000000|0.0000000|0.0000000|0.0000000|0.0000000|0.0000000,0,1.0,2.1247046151920377,0,0,0,0,0,
cross_town,Town02,mixed,10,182,9.1,9.530014991760254,302.556640625,0.22167766094207764,179.9609375,0.0,500.0229893708359,0.0,2.86102294921875e-06,2.663161091653876e-07,1.5106201338915598e-06,0.364643092469467,0.5326033234596252,0.412962943315506,-0.31798988580703735,0.0,0.5470203757286072,0.0557178258895874,1.0,0.1667657196521759,26.107458114624023,0.3163437843322754,0.8317198|0.1682802|0.0000000|0.0000000|0.0000000|0.0000000|0.0000000|0.0000000|0.0000000|0.0000000,0,0.8317198157310486,2.1553759737784226,0,0,0,0,0,
cross_town,Town02,mixed,10,183,9.15,9.530014991760254,302.556640625,0.22167766094207764,179.9609375,0.0,500.0229893708359,0.0,2.86102294921875e-06,2.663161091653876e-07,1.853942761430377e-06,0.36240641905150206,0.5895746350288391,0.4532502591609955,-0.21179093420505524,0.0,0.4670203626155853,-0.024282174184918404,1.0,0.16640937328338623,17.80245590209961,-0.9322497844696045,0.8228177|0.1771823|0.0000000|0.0000000|0.0000000|0.0000000|0.0000000|0.0000000|0.0000000|0.0000000,0,0.8228177428245544,2.1666961633269435,0,0,0,0,0,
cross_town,Town02,mixed,10,184,9.2,9.530014991760254,302.556640625,0.22167766094207764,179.9609375,0.0,500.0229893708359,0.0,2.86102294921875e-06,2.663161091653876e-07,2.162935187622165e-06,0.3601708617663858,0.8882669806480408,0.8898714780807495,0.26258617639541626,0.0,0.5470203757286072,0.0557178258895874,1.0,0.16373151540756226,4.828686714172363,-1.336103081703186,0.8373910|0.1626090|0.0000000|0.0000000|0.0000000|0.0000000|0.0000000|0.0000000|0.0000000|0.0000000,0,0.8373910188674927,2.1830219159291553,0,0,0,0,0,
cross_town,Town02,mixed,10,185,9.25,9.530014991760254,302.556640625,0.22167766094207764,179.9609375,0.0,500.0229893708359,0.0,2.86102294921875e-06,2.663161091653876e-07,2.5062560395880407e-06,0.3579594561242097,0.11192870140075684,0.869061291217804,-0.15200376510620117,0.0,0.6270203590393066,-0.024282174184918404,1.0,0.800000011920929,52.212066650390625,-2.608908176422119,1.0000000|0.0000000|0.0000000|0.0000000|0.0000000|0.0000000|0.0000000|0.0000000|0.0000000|0.0000000,0,1.0,2.2609957411207215,0,0,0,0,0,
cross_town,Town02,mixed,10,186,9.3,9.530014991760254,302.556640625,0.22167766094207764,179.9609375,0.0,500.0229893708359,0.0,2.86102294921875e-06,2.663161091653876e-07,0.0,0.3635111997379414,0.580437421798706,0.27141523361206055,-0.03059215098619461,0.0,0.5470203757286072,-0.03059215098619461,1.0,0.16171160340309143,10.35682487487793,-0.33170127868652344,0.8345101|0.1654899|0.0000000|0.0000000|0.0000000|0.0000000|0.0000000|0.0000000|0.0000000|0.0000000,0,0.8345101475715637,2.4178581851219842,0,0,0,0,0,
cross_town,Town02,mixed,10,187,9.35,9.530014991760254,302.556640625,0.22167766094207764,179.9609375,0.0,500.0229893708359,0.0,2.86102294921875e-06,2.663161091653876e-07,3.4332279172967435e-07,0.35391629316934897,0.5685968399047852,0.6624699234962463,0.15164470672607422,0.0,0.6270203590393066,0.049407847225666046,1.0,0.16092124581336975,8.591676712036133,-0.4276096820831299,0.8321441|0.1678559|0.0000000|0.0000000|0.0000000|0.0000000|0.0000000|0.0000000|0.0000000|0.0000000,0,0.8321440815925598,2.558701638718585,0,0,0,0,0,
cross_town,Town02,mixed,10,188,9.4,9.530014991760254,302.556640625,0.22167766094207764,179.9609375,0.0,500.0229893708359,0.0,2.86102294921875e-06,2.663161091653876e-07,6.866456197818788e-07,0.3596830624974981,0.30645257234573364,0.2672528028488159,0.0435890257358551,0.0,0.5470203757286072,0.0435890257358551,1.0,0.1420232504606247,8.464902877807617,-0.10232073068618774,1.0000000|0.0000000|0.0000000|0.0000000|0.0000000|0.0000000|0.0000000|0.0000000|0.0000000|0.0000000,0,1.0,2.6844856233030794,0,0,0,0,0,
cross_town,Town02,mixed,10,189,9.45,9.530014991760254,302.556640625,0.22167766094207764,179.9609375,0.0,500.0229893708359,0.0,2.86102294921875e-06,2.663161091653876e-07,1.0299693929769649e-06,0.35026347207647335,0.46190497279167175,0.6502037644386292,-0.04394320398569107,0.0,0.6270203590393066,-0.036410972476005554,1.0,0.1580691784620285,11.374244689941406,-1.0630608797073364,0.8414357|0.1585643|0.0000000|0.0000000|0.0000000|0.0000000|0.0000000|0.0000000|0.0000000|0.0000000,0,0.8414356708526611,2.8363651894233195,0,0,0,0,0,
cross_town,Town02,mixed,10,190,9.5,9.530014991760254,302.556640625,0.22167766094207764,179.9609375,0.0,500.0229893708359,0.0,2.86102294921875e-06,2.663161091653876e-07,1.3732909410608607e-06,0.35359991186104317,0.4872879981994629,0.4702417850494385,0.010618596337735653,0.0,0.5470203757286072,0.010618596337735653,1.0,0.15686358511447906,17.31232452392578,-0.09710729122161865,0.8447823|0.1552177|0.0000000|0.0000000|0.0000000|0.0000000|0.0000000|0.0000000|0.0000000|0.0000000,0,0.844782292842865,2.9919355421592915,0,0,0,0,0,
cross_town,Town02,mixed,10,191,9.55,9.530014991760254,302.556640625,0.22167766094207764,179.9609375,0.0,500.0229893708359,0.0,2.86102294921875e-06,2.663161091653876e-07,1.7166138081625502e-06,0.3469704486725308,0.5744460225105286,0.5978795289993286,0.1322748363018036,0.0,0.5978795289993286,0.09061859548091888,1.0,0.13902026414871216,8.144126892089844,-0.5543109178543091,1.0000000|0.0000000|0.0000000|0.0000000|0.0000000|0.0000000|0.0000000|0.0000000|0.0000000|0.0000000,0,1.0,3.156149476214786,0,0,0,0,0,
cross_town,Town02,mixed,10,192,9.6,9.530014991760254,302.556640625,0.22167766094207764,179.9609375,0.0,500.0229893708359,0.0,2.86102294921875e-06,2.663161091653876e-07,2.0599364727784666e-06,0.345450046527372,0.25673049688339233,0.5516149401664734,-0.06442064791917801,0.0,0.5516149401664734,0.010618595406413078,1.0,0.15519979596138,26.971349716186523,-0.8445626497268677,0.8460838|0.1539162|0.0000000|0.0000000|0.0000000|0.0000000|0.0000000|0.0000000|0.0000000|0.0000000,0,0.8460838198661804,3.333641369807086,0,0,0,0,0,
cross_town,Town02,mixed,10,193,9.65,9.530014991760254,302.556640625,0.22167766094207764,179.9609375,0.0,500.0229893708359,0.0,2.86102294921875e-06,2.663161091653876e-07,2.4032595444279335e-06,0.35161074743710014,0.40962526202201843,0.7374914288520813,0.01883106492459774,0.0,0.6316149234771729,0.01883106492459774,1.0,0.15437322854995728,16.491769790649414,-0.4260364770889282,0.8473524|0.1526476|0.0000000|0.0000000|0.0000000|0.0000000|0.0000000|0.0000000|0.0000000|0.0000000,0,0.8473523855209351,3.5289006996928944,0,0,0,0,0,
cross_town,Town02,mixed,10,194,9.7,9.530014991760254,302.556640625,0.22167766094207764,179.9609375,0.0,500.0229893708359,0.0,2.86102294921875e-06,2.663161091653876e-07,2.7465821307417754e-06,0.3426450461125167,0.3938584327697754,0.35731804370880127,-0.124999038875103,0.0,0.5516149401664734,-0.061168935149908066,1.0,0.15402913093566895,23.67637062072754,-0.2525467276573181,0.8447251|0.1552749|0.0000000|0.0000000|0.0000000|0.0000000|0.0000000|0.0000000|0.0000000|0.0000000,0,0.8447250723838806,3.690905517152471,0,0,0,0,0,
cross_town,Town02,mixed,10,195,9.75,9.530014991760254,302.556640625,0.22167766094207764,179.9609375,0.0,500.0229893708359,0.0,2.86102294921875e-06,2.663161091653876e-07,2.0600193416114314e-07,0.34132072287993376,0.41214874386787415,0.7015625238418579,0.043082818388938904,0.0,0.6316149234771729,0.01883106492459774,1.0,0.15228992700576782,55.717010498046875,0.04825466871261597,0.8548316|0.1451684|0.0000000|0.0000000|0.0000000|0.0000000|0.0000000|0.0000000|0.0000000|0.0000000,0,0.8548315763473511,3.772361265790491,0,0,0,0,0,
cross_town,Town02,mixed,10,196,9.8,9.530014991760254,302.556640625,0.22167766094207764,179.9609375,0.0,500.0229893708359,0.0,2.86102294921875e-06,2.663161091653876e-07,5.493165217133411e-07,0.3467359829724033,0.36534425616264343,0.5889388918876648,-0.009375241585075855,0.0,0.5889388918876648,-0.009375241585075855,1.0,0.15295207500457764,25.169193267822266,0.006713747978210449,0.8439296|0.1560704|0.0000000|0.0000000|0.0000000|0.0000000|0.0000000|0.0000000|0.0000000|0.0000000,0,0.843929648399353,3.7933999154572584,0,0,0,0,0,
cross_town,Town02,mixed,10,197,9.85,9.530014991760254,302.556640625,0.22167766094207764,179.9609375,0.0,500.0229893708359,0.0,2.86102294921875e-06,2.663161091653876e-07,8.92639137246938e-07,0.340625215699611,0.4169534146785736,0.41801244020462036,-0.07860352098941803,0.0,0.5089389085769653,-0.07860352098941803,1.0,0.15174375474452972,33.48236083984375,-0.2349919080734253,0.8496280|0.1503720|0.0000000|0.0000000|0.0000000|0.0000000|0.0000000|0.0000000|0.0000000|0.0000000,0,0.8496279716491699,3.754424534798355,0,0,0,0,0,
cross_town,Town02,mixed,10,198,9.9,9.530014991760254,302.556640625,0.22167766094207764,179.9609375,0.0,500.0229893708359,0.0,2.86102294921875e-06,2.663161091653876e-07,1.2016324401355863e-06,0.33735585242782834,0.5120066404342651,0.6807416081428528,0.059521447867155075,0.0,0.5889388918876648,0.0013964789686724544,1.0,0.1510440707206726,64.24833679199219,0.04038715362548828,0.8508849|0.1491151|0.0000000|0.0000000|0.0000000|0.0000000|0.0000000|0.0000000|0.0000000|0.0000000,0,0.8508849143981934,3.6587224663781828,0,0,0,0,0,
cross_town,Town02,mixed,10,199,9.95,9.530014991760254,302.556640625,0.22167766094207764,179.9609375,0.0,500.0229893708359,0.0,2.86102294921875e-06,2.663161091653876e-07,1.544952449242327e-06,0.34284788090465373,0.38496601581573486,0.49702945351600647,-0.024518435820937157,0.0,0.5089389085769653,-0.024518435820937157,1.0,0.15057481825351715,48.31171417236328,-0.16301405429840088,0.8501030|0.1498971|0.0000000|0.0000000|0.0000000|0.0000000|0.0000000|0.0000000|0.0000000|0.0000000,0,0.850102961063385,3.5349037115567468,0,0,0,0,0,
cross_town,Town02,mixed,10,200,10.0,9.530014991760254,302.556640625,0.22167766094207764,179.9609375,0.0,500.0229893708359,0.0,2.86102294921875e-06,2.663161091653876e-07,1.8539438934639308e-06,0.3382087647338411,0.39370375871658325,0.7642827033996582,0.03331902250647545,0.0,0.5889388918876648,0.03331902250647545,1.0,0.14974120259284973,52.949119567871094,-0.1821134090423584,0.8523762|0.1476238|0.0000000|0.0000000|0.0000000|0.0000000|0.0000000|0.0000000|0.0000000|0.0000000,0,0.8523762226104736,3.4121291802350884,0,0,0,0,0,
cross_town,Town02,mixed,10,201,10.05,9.530014991760254,302.556640625,0.22167766094207764,179.9609375,0.0,500.0229893708359,0.0,2.86102294921875e-06,2.663161091653876e-07,2.197265583858798e-06,0.33306893246936875,0.4011356234550476,0.5013125538825989,-0.1618051379919052,0.0,0.5089389085769653,-0.04668097570538521,1.0,0.14957602322101593,22.466522216796875,-0.41179001331329346,0.8488057|0.1511943|0.0000000|0.0000000|0.0000000|0.0000000|0.0000000|0.0000000|0.0000000|0.0000000,0,0.8488057255744934,3.31825993659178,0,0,0,0,0,
cross_town,Town02,mixed,10,202,10.1,9.530014991760254,302.556640625,0.22167766094207764,179.9609375,0.0,500.0229893708359,0.0,2.86102294921875e-06,2.663161091653876e-07,2.540588471693594e-06,0.3344824878759227,0.40203768014907837,0.7029117345809937,0.01632293313741684,0.0,0.5889388918876648,0.01632293313741684,1.0,0.1480513960123062,70.08692932128906,-0.06802809238433838,0.8567438|0.1432562|0.0000000|0.0000000|0.0000000|0.0000000|0.0000000|0.0000000|0.0000000|0.0000000,0,0.8567438125610352,3.2627009870516526,0,0,0,0,0,
cross_town,Town02,mixed,10,203,10.15,9.530014991760254,302.556640625,0.22167766094207764,179.9609375,0.0,500.0229893708359,0.0,2.86102294921875e-06,2.663161091653876e-07,6.866458794288843e-08,0.3300486967033263,0.4036257863044739,0.5143793225288391,-0.08063872903585434,0.0,0.5143793225288391,-0.06367706507444382,1.0,0.14804500341415405,48.21762466430664,-0.17566174268722534,0.8517384|0.1482616|0.0000000|0.0000000|0.0000000|0.0000000|0.0000000|0.0000000|0.0000000|0.0000000,0,0.8517383933067322,3.2359434701263057,0,0,0,0,0,
cross_town,Town02,mixed,10,204,10.2,9.530014991760254,302.556640625,0.22167766094207764,179.9609375,0.0,500.0229893708359,0.0,2.86102294921875e-06,2.663161091653876e-07,4.119873160769403e-07,0.32983482164957184,0.05236765742301941,0.8138368725776672,-0.13654188811779022,0.0,0.5943793058395386,-0.13654188811779022,1.0,0.800000011920929,51.05033874511719,-1.2873122692108154,1.0000000|0.0000000|0.0000000|0.0000000|0.0000000|0.0000000|0.0000000|0.0000000|0.0000000|0.0000000,0,1.0,3.2203219810942296,0,0,0,0,0,
cross_town,Town02,mixed,10,205,10.25,9.530014991760254,302.556640625,0.22167766094207764,179.9609375,0.0,500.0229893708359,0.0,2.86102294921875e-06,2.663161091653876e-07,7.553101287883997e-07,0.326998226854721,0.3872565031051636,0.20457449555397034,0.0020633868407458067,0.0,0.5143793225288391,-0.056541889905929565,1.0,0.14728134870529175,23.965534210205078,0.055186927318573,0.8482603|0.1517397|0.0000000|0.0000000|0.0000000|0.0000000|0.0000000|0.0000000|0.0000000|0.0000000,0,0.8482602834701538,3.1998133052501707,0,0,0,0,0,
cross_town,Town02,mixed,10,206,10.3,9.530014991760254,302.556640625,0.22167766094207764,179.9609375,0.0,500.0229893708359,0.0,2.86102294921875e-06,2.663161091653876e-07,1.0643043510644407e-06,0.32547102640974457,0.43456143140792847,0.64711594581604,0.03351607918739319,0.0,0.5943793058395386,0.02345811016857624,1.0,0.14472831785678864,57.676109313964844,-0.04238408803939819,0.8646435|0.1353565|0.0000000|0.0000000|0.0000000|0.0000000|0.0000000|0.0000000|0.0000000|0.0000000,0,0.8646435141563416,3.216015107187414,0,0,0,0,0,
cross_town,Town02,mixed,10,207,10.35,9.530014991760254,302.556640625,0.22167766094207764,179.9609375,0.0,500.0229893708359,0.0,2.86102294921875e-06,2.663161091653876e-07,1.4076235969911494e-06,0.32398177386360905,0.4026445150375366,0.48053252696990967,-0.09815169870853424,0.0,0.5143793225288391,-0.056541889905929565,1.0,0.14624935388565063,50.18292999267578,-0.14742004871368408,0.8472851|0.1527149|0.0000000|0.0000000|0.0000000|0.0000000|0.0000000|0.0000000|0.0000000|0.0000000,0,0.8472850918769836,3.3275064018687828,0,0,0,0,0,
cross_town,Town02,mixed,10,208,10.4,9.530014991760254,302.556640625,0.22167766094207764,179.9609375,0.0,500.0229893708359,0.0,2.86102294921875e-06,2.663161091653876e-07,1.7509460237233418e-06,0.3242791922316979,0.4140467941761017,0.6915113925933838,0.01400254387408495,0.0,0.5943793058395386,0.01400254387408495,1.0,0.14509576559066772,67.5873031616211,-0.05617070198059082,0.8522470|0.1477530|0.0000000|0.0000000|0.0000000|0.0000000|0.0000000|0.0000000|0.0000000|0.0000000,0,0.8522469997406006,3.5437550778751916,0,0,0,0,0,
cross_town,Town02,mixed,10,209,10.45,9.530014991760254,302.556640625,0.22167766094207764,179.9609375,0.0,500.0229893708359,0.0,2.86102294921875e-06,2.663161091653876e-07,2.0942688802332383e-06,0.3253815701608757,0.3773626685142517,0.5890612602233887,-0.04054095968604088,0.0,0.5890612602233887,-0.04054095968604088,1.0,0.14400599896907806,50.061763763427734,-0.034720659255981445,0.8569263|0.1430738|0.0000000|0.0000000|0.0000000|0.0000000|0.0000000|0.0000000|0.0000000|0.0000000,0,0.8569262623786926,3.8718827482293863,0,0,0,0,0,
cross_town,Town02,mixed,10,210,10.5,9.530014991760254,302.556640625,0.22167766094207764,179.9609375,0.0,500.0229893708359,0.0,2.86102294921875e-06,2.663161091653876e-07,2.4032600899026477e-06,0.32774764532069406,0.33301180601119995,0.34542715549468994,-0.04519091919064522,0.0,0.5090612769126892,-0.04519091919064522,1.0,0.12593846023082733,28.724864959716797,0.05808067321777344,1.0000000|0.0000000|0.0000000|0.0000000|0.0000000|0.0000000|0.0000000|0.0000000|0.0000000|0.0000000,0,1.0,4.279258075383063,0,0,0,0,0,
cross_town,Town02,mixed,10,211,10.55,9.530014991760254,302.556640625,0.22167766094207764,179.9609375,0.0,500.0229893708359,0.0,2.86102294921875e-06,2.663161091653876e-07,2.7465818780845006e-06,0.3262711504626567,0.37754109501838684,0.6841073036193848,-0.0259709469974041,0.0,0.5890612602233887,-0.0259709469974041,1.0,0.14277757704257965,55.82573699951172,-0.05936652421951294,0.8596018|0.1403982|0.0000000|0.0000000|0.0000000|0.0000000|0.0000000|0.0000000|0.0000000|0.0000000,0,0.8596017956733704,4.76811461113555,0,0,0,0,0,
cross_town,Town02,mixed,10,212,10.6,9.530014991760254,302.556640625,0.22167766094207764,179.9609375,0.0,500.0229893708359,0.0,2.86102294921875e-06,2.663161091653876e-07,2.746582285873697e-07,0.322945744514921,0.3924762010574341,0.38910767436027527,0.022553058341145515,0.0,0.5090612769126892,0.022553058341145515,1.0,0.14258325099945068,33.66279983520508,0.15819275379180908,0.8581066|0.1418934|0.0000000|0.0000000|0.0000000|0.0000000|0.0000000|0.0000000|0.0000000|0.0000000,0,0.8581066131591797,5.36431162031836,0,0,0,0,0,
cross_town,Town02,mixed,10,213,10.65,9.530014991760254,302.556640625,0.22167766094207764,179.9609375,0.0,500.0229893708359,0.0,2.86102294921875e-06,2.663161091653876e-07,6.17983209499462e-07,0.32401063635337063,0.2878075838088989,0.7948521971702576,-0.005374975968152285,0.0,0.5890612602233887,-0.005374975968152285,1.0,0.14181187748908997,41.974910736083984,0.0721355676651001,0.8616194|0.1383806|0.0000000|0.0000000|0.0000000|0.0000000|0.0000000|0.0000000|0.0000000|0.0000000,0,0.8616193532943726,6.1948821510025,0,0,0,0,0,
cross_town,Town02,mixed,10,214,10.7,9.530014991760254,302.556640625,0.22167766094207764,179.9609375,0.0,500.0229893708359,0.0,2.86102294921875e-06,2.663161091653876e-07,9.613039004500769e-07,0.3197620850456274,0.3436735272407532,0.31322020292282104,0.057210344821214676,0.0,0.5090612769126892,0.057210344821214676,1.0,0.14216050505638123,35.91011047363281,0.09224146604537964,0.8564816|0.1435185|0.0000000|0.0000000|0.0000000|0.0000000|0.0000000|0.0000000|0.0000000|0.0000000,0,0.8564815521240234,9.47301059511077,0,0,0,0,0,
cross_town,Town02,mixed,10,215,10.75,9.530014991760254,302.556640625,0.22167766094207764,179.9609375,0.0,500.0229893708359,0.0,2.86102294921875e-06,2.663161091653876e-07,1.3046264506610948e-06,0.31953762531638696,0.1690325140953064,0.7158527970314026,-0.006746692582964897,0.0,0.5890612602233887,-0.006746692582964897,1.0,0.14247189462184906,33.5765380859375,0.5559002161026001,0.8526302|0.1473698|0.0000000|0.0000000|0.0000000|0.0000000|0.0000000|0.0000000|0.0000000|0.0000000,0,0.8526301980018616,9.361672960795387,0,0,0,0,0,
cross_town,Town02,mixed,10,216,10.8,9.530014991760254,302.556640625,0.22167766094207764,179.9609375,0.0,500.0229893708359,0.0,2.86102294921875e-06,2.663161091653876e-07,1.6479492054919315e-06,0.3231382749447741,0.2512563467025757,0.6508592367172241,0.026248469948768616,0.0,0.6508592367172241,0.026248469948768616,1.0,0.14209163188934326,34.48857116699219,0.6026753783226013,0.8556312|0.1443689|0.0000000|0.0000000|0.0000000|0.0000000|0.0000000|0.0000000|0.0000000|0.0000000,0,0.8556311726570129,9.492561550847732,0,0,0,0,0,
cross_town,Town02,mixed,10,217,10.85,9.530014991760254,302.556640625,0.22167766094207764,179.9609375,0.0,500.0229893708359,0.0,2.86102294921875e-06,2.663161091653876e-07,1.991271979110664e-06,0.3167620180063634,0.4026029706001282,0.5265260338783264,0.21674109995365143,0.0,0.5708592534065247,0.10624846816062927,1.0,0.1440810263156891,19.600788116455078,0.3443848490715027,0.8485823|0.1392935|0.0121243|0.0000000|0.0000000|0.0000000|0.0000000|0.0000000|0.0000000|0.0000000,0,0.8485822677612305,9.37831669282936,0,0,0,0,0,
cross_town,Town02,mixed,10,218,10.9,9.530014991760254,302.556640625,0.22167766094207764,179.9609375,0.0,500.0229893708359,0.0,2.86102294921875e-06,2.663161091653876e-07,2.300263794052519e-06,0.3167595433391407,0.10424607992172241,0.7506739497184753,0.20065684616565704,0.0,0.6508592367172241,0.18624846637248993,1.0,0.14480708539485931,17.12725830078125,-0.22619903087615967,0.8432226|0.1438300|0.0129474|0.0000000|0.0000000|0.0000000|0.0000000|0.0000000|0.0000000|0.0000000,0,0.8432226181030273,9.511748020293046,0,0,0,0,0,
cross_town,Town02,mixed,10,219,10.95,9.530014991760254,302.556640625,0.22167766094207764,179.9609375,0.0,500.0229893708359,0.0,2.86102294921875e-06,2.663161091653876e-07,2.60925361316648e-06,0.3243622849992548,0.07524847984313965,0.5169835686683655,0.17833106219768524,0.0,0.5708592534065247,0.17833106219768524,1.0,0.14430442452430725,5.778631687164307,0.061731934547424316,0.8463843|0.1416781|0.0119376|0.0000000|0.0000000|0.0000000|0.0000000|0.0000000|0.0000000|0.0000000,0,0.8463843464851379,9.395321389266288,0,0,0,0,0,
cross_town,Town02,mixed,10,220,11.0,9.530014991760254,302.556640625,0.22167766094207764,179.9609375,0.0,500.0229893708359,0.0,2.86102294921875e-06,2.663161091653876e-07,1.3732909871250165e-07,0.3244333551430586,0.11588838696479797,0.731853187084198,0.17686603963375092,0.0,0.6508592367172241,0.17686603963375092,1.0,0.14346349239349365,6.035962104797363,-0.2914664149284363,0.8531600|0.1346554|0.0121846|0.0000000|0.0000000|0.0000000|0.0000000|0.0000000|0.0000000|0.0000000,0,0.8531599640846252,9.531937151004684,0,0,0,0,0,
cross_town,Town02,mixed,10,221,11.05,9.530014991760254,302.556640625,0.22167766094207764,179.9609375,0.0,500.0229893708359,0.0,2.86102294921875e-06,2.663161091653876e-07,4.4632730898011964e-07,0.3229677647711047,0.06442689895629883,0.5059447288513184,0.21183016896247864,0.0,0.5708592534065247,0.21183016896247864,1.0,0.12406396865844727,6.068568229675293,0.28238654136657715,1.0000000|0.0000000|0.0000000|0.0000000|0.0000000|0.0000000|0.0000000|0.0000000|0.0000000|0.0000000,0,1.0,9.413726995987405,0,0,0,0,0,
cross_town,Town02,mixed,10,222,11.1,9.530014991760254,302.556640625,0.22167766094207764,179.9609375,0.0,500.0229893708359,0.0,2.86102294921875e-06,2.663161091653876e-07,7.55311082472395e-07,0.32429864028335015,0.1260446310043335,0.6742013096809387,0.20121513307094574,0.0,0.6508592367172241,0.20121513307094574,1.0,0.14409685134887695,6.673710823059082,-0.4819965362548828,0.8492141|0.1365527|0.0142332|0.0000000|0.0000000|0.0000000|0.0000000|0.0000000|0.0000000|0.0000000,0,0.8492141366004944,9.553913724883643,0,0,0,0,0,
cross_town,Town02,mixed,10,223,11.15,9.530014991760254,302.556640625,0.22167766094207764,179.9609375,0.0,500.0229893708359,0.0,2.86102294921875e-06,2.663161091653876e-07,1.0986331152174993e-06,0.32431704390590455,0.09173989295959473,0.5060077905654907,0.19137759506702423,0.0,0.5708592534065247,0.19137759506702423,1.0,0.1421256810426712,8.057989120483398,-0.23575711250305176,0.8553238|0.1446762|0.0000000|0.0000000|0.0000000|0.0000000|0.0000000|0.0000000|0.0000000|0.0000000,0,0.8553237915039062,9.433970748767695,0,0,0,0,0,
cross_town,Town02,mixed,10,224,11.2,9.530014991760254,302.556640625,0.22167766094207764,179.9609375,0.0,500.0229893708359,0.0,2.86102294921875e-06,2.663161091653876e-07,1.4419572143391587e-06,0.3244816598608953,0.08205634355545044,0.6134046316146851,0.1969079226255417,0.0,0.6134046316146851,0.1969079226255417,0.9991433620452881,0.1444566547870636,2.1209521293640137,-0.1764255166053772,0.8464977|0.1385605|0.0149418|0.0000000|0.0000000|0.0000000|0.0000000|0.0000000|0.0000000|0.0000000,0,0.846497654914856,9.63857048261794,0,0,0,0,0,
cross_town,Town02,mixed,10,225,11.25,9.530014991760254,302.556640625,0.22167766094207764,179.9609375,0.0,500.0229893708359,0.0,2.86102294921875e-06,2.663161091653876e-07,1.7852783211193274e-06,0.323329830127307,0.08804869651794434,0.48085707426071167,0.2272183746099472,0.0,0.5334046483039856,0.2272183746099472,1.0,0.1281919628381729,4.97795295715332,-0.067527174949646,0.9799385|0.0200615|0.0000000|0.0000000|0.0000000|0.0000000|0.0000000|0.0000000|0.0000000|0.0000000,0,0.9799385070800781,10.199862025631816,0,0,0,0,0,
cross_town,Town02,mixed,10,226,11.3,9.530014991760254,302.556640625,0.22167766094207764,179.9609375,0.0,500.0229893708359,0.0,2.86102294921875e-06,2.663161091653876e-07,2.12860125892836e-06,0.32394587987730133,0.1385735273361206,0.6241564154624939,0.20709088444709778,0.0,0.6134046316146851,0.20709088444709778,1.0,0.14391116797924042,10.782257080078125,-0.27359795570373535,0.8512166|0.1328152|0.0159682|0.0000000|0.0000000|0.0000000|0.0000000|0.0000000|0.0000000|0.0000000,0,0.8512165546417236,12.810224774196248,0,0,0,0,0,
cross_town,Town02,mixed,10,227,11.35,9.530014991760254,302.556640625,0.22167766094207764,179.9609375,0.0,500.0229893708359,0.0,2.86102294921875e-06,2.663161091653876e-07,2.4719237363901164e-06,0.32405700710015983,0.08758562803268433,0.6013749241828918,0.1894129365682602,0.0,0.6013749241828918,0.1894129365682602,1.0,0.1442261040210724,6.094798564910889,-0.03273969888687134,0.8485785|0.1354244|0.0159971|0.0000000|0.0000000|0.0000000|0.0000000|0.0000000|0.0000000|0.0000000,0,0.8485784530639648,17.24162294042716,0,0,0,0,0,
cross_town,Town02,mixed,10,228,11.4,9.530014991760254,302.556640625,0.22167766094207764,179.9609375,0.0,500.0229893708359,0.0,2.86102294921875e-06,2.663161091653876e-07,0.0,0.324350070509149,0.09375587105751038,0.6388411521911621,0.18114914000034332,0.0,0.6388411521911621,0.18114914000034332,1.0,0.14506639540195465,4.534807205200195,-0.4156753420829773,0.8424937|0.1403121|0.0171943|0.0000000|0.0000000|0.0000000|0.0000000|0.0000000|0.0000000|0.0000000,0,0.8424936532974243,26.31591986535431,0,0,0,0,0,
cross_town,Town02,mixed,10,229,11.45,9.530014991760254,302.556640625,0.22167766094207764,179.9609375,0.0,500.0229893708359,0.0,2.86102294921875e-06,2.663161091653876e-07,3.433227909080173e-07,0.31675201925293084,0.14419978857040405,0.9412696361541748,0.45802003145217896,0.0,0.7188411355018616,0.261149138212204,1.0,0.2568134367465973,34.5631217956543,-2.9089910984039307,0.8978523|0.1021477|0.0000000|0.0000000|0.0000000|0.0000000|0.0000000|0.0000000|0.0000000|0.0000000,0,0.8978523015975952,42.85777536603242,0,0,0,0,0,
cross_town,Town02,mixed,10,230,11.5,9.530014991760254,302.556640625,0.22167766094207764,179.9609375,0.0,500.0229893708359,0.0,2.86102294921875e-06,2.663161091653876e-07,6.866455849298875e-07,0.3221754249835639,0.1757475733757019,0.3059481978416443,0.21778446435928345,0.0,0.6388411521911621,0.21778446435928345,1.0,0.14490534365177155,18.045312881469727,0.09733867645263672,0.8441717|0.1378158|0.0180125|0.0000000|0.0000000|0.0000000|0.0000000|0.0000000|0.0000000|0.0000000,0,0.8441717028617859,41.77730976067343,0,0,0,0,0,
cross_town,Town02,mixed,10,231,11.55,9.530014991760254,302.556640625,0.22167766094207764,179.9609375,0.0,500.0229893708359,0.0,2.86102294921875e-06,2.663161091653876e-07,1.0299682098256986e-06,0.324294804141382,0.07960715889930725,0.4560370147228241,0.20709121227264404,0.0,0.5588411688804626,0.20709121227264404,1.0,0.14544303715229034,5.379417896270752,-0.08705836534500122,0.8409727|0.1392002|0.0198271|0.0000000|0.0000000|0.0000000|0.0000000|0.0000000|0.0000000|0.0000000,0,0.8409726619720459,42.27372338082891,0,0,0,0,0,
cross_town,Town02,mixed,10,232,11.6,9.530014991760254,302.556640625,0.22167766094207764,179.9609375,0.0,500.0229893708359,0.0,2.86102294921875e-06,2.663161091653876e-07,1.3732919145463402e-06,0.3243311413743763,0.09829145669937134,0.6185877323150635,0.19774866104125977,0.0,0.6185877323150635,0.19774866104125977,0.9999613761901855,0.14450639486312866,2.895639181137085,-0.4499799609184265,0.8474290|0.1344408|0.0181302|0.0000000|0.0000000|0.0000000|0.0000000|0.0000000|0.0000000|0.0000000,0,0.8474289774894714,43.763292716342804,0,0,0,0,0,
cross_town,Town02,mixed,10,233,11.65,9.530014991760254,302.556640625,0.22167766094207764,179.9609375,0.0,500.0229893708359,0.0,2.86102294921875e-06,2.663161091653876e-07,1.716613818801798e-06,0.3187649235821707,0.12840721011161804,0.9651926755905151,0.26646968722343445,0.0,0.6985877156257629,0.26646968722343445,1.0,0.2582148313522339,27.24762535095215,-2.752899169921875,0.8791445|0.1208555|0.0000000|0.0000000|0.0000000|0.0000000|0.0000000|0.0000000|0.0000000|0.0000000,0,0.879144549369812,45.061606421686584,0,0,0,0,0,
cross_town,Town02,mixed,10,234,11.7,9.530014991760254,302.556640625,0.22167766094207764,179.9609375,0.0,500.0229893708359,0.0,2.86102294921875e-06,2.663161091653876e-07,2.0599364402871162e-06,0.31675201925293084,0.08998143672943115,0.8723253607749939,0.14097866415977478,0.0,0.7785876989364624,0.1864696890115738,1.0,0.2585565149784088,16.651369094848633,-1.5233407020568848,0.8746986|0.1253015|0.0000000|0.0000000|0.0000000|0.0000000|0.0000000|0.0000000|0.0000000|0.0000000,0,0.8746985793113708,46.18036653703815,0,0,0,0,0,
cross_town,Town02,mixed,10,235,11.75,9.530014991760254,302.556640625,0.22167766094207764,179.9609375,0.0,500.0229893708359,0.0,2.86102294921875e-06,2.663161091653876e-07,2.403259369418635e-06,0.31675201925293084,0.06740057468414307,0.8788323998451233,0.0868152379989624,0.0,0.8585876822471619,0.10646969079971313,1.0,0.2579824924468994,37.657020568847656,-1.9887783527374268,0.8821464|0.1178536|0.0000000|0.0000000|0.0000000|0.0000000|0.0000000|0.0000000|0.0000000|0.0000000,0,0.8821463584899902,46.98406874580615,0,0,0,0,0,
cross_town,Town02,mixed,10,236,11.8,9.530014991760254,302.556640625,0.22167766094207764,179.9609375,0.0,500.0229893708359,0.0,2.86102294921875e-06,2.663161091653876e-07,2.7465818943635557e-06,0.31675201925293084,0.29964569211006165,0.5249468088150024,0.26881667971611023,0.0,0.7785876989364624,0.1864696890115738,1.0,0.14448776841163635,25.42049789428711,-1.09468674659729,0.8468708|0.1361417|0.0169874|0.0000000|0.0000000|0.0000000|0.0000000|0.0000000|0.0000000|0.0000000,0,0.8468708395957947,47.61157646542266,0,0,0,0,0,
cross_town,Town02,mixed,10,237,11.85,9.530014991760254,302.556640625,0.22167766094207764,179.9609375,0.0,500.0229893708359,0.0,2.86102294921875e-06,2.663161091653876e-07,2.0599365770122839e-07,0.32403828561595904,0.14144137501716614,0.4646874666213989,0.16835585236549377,0.0,0.6985877156257629,0.16835585236549377,1.0,0.14483430981636047,21.694894790649414,-0.13431328535079956,0.8434114|0.1407093|0.0158793|0.0000000|0.0000000|0.0000000|0.0000000|0.0000000|0.0000000|0.0000000,0,0.8434114456176758,47.389932098234205,0,0,0,0,0,
cross_town,Town02,mixed,10,238,11.9,9.530014991760254,302.556640625,0.22167766094207764,179.9609375,0.0,500.0229893708359,0.0,2.86102294921875e-06,2.663161091653876e-07,5.493164592796837e-07,0.32404239034325977,0.08028659224510193,0.5679942965507507,0.18637502193450928,0.0,0.6185877323150635,0.18637502193450928,1.0,0.1454528570175171,11.737512588500977,0.4448748230934143,0.8389990|0.1442413|0.0167598|0.0000000|0.0000000|0.0000000|0.0000000|0.0000000|0.0000000|0.0000000,0,0.8389989733695984,46.683465531128356,0,0,0,0,0,
cross_town,Town02,mixed,10,239,11.95,9.530014991760254,302.556640625,0.22167766094207764,179.9609375,0.0,500.0229893708359,0.0,2.86102294921875e-06,2.663161091653876e-07,8.926393473515666e-07,0.3237231105426671,0.08851262927055359,0.6067178249359131,0.16206952929496765,0.0,0.6067178249359131,0.16206952929496765,1.0,0.14171770215034485,5.373303413391113,0.00934380292892456,0.8585865|0.1414135|0.0000000|0.0000000|0.0000000|0.0000000|0.0000000|0.0000000|0.0000000|0.0000000,0,0.8585864901542664,45.34907547294124,0,0,0,0,0,
cross_town,Town02,mixed,10,240,12.0,9.530014991760254,302.556640625,0.22167766094207764,179.9609375,0.0,500.0229893708359,0.0,2.86102294921875e-06,2.663161091653876e-07,1.2016332381554476e-06,0.32205566910683237,0.07078349590301514,0.5868499279022217,0.2065727859735489,0.0,0.5868499279022217,0.2065727859735489,0.9999970197677612,0.12406237423419952,3.556861162185669,0.23249787092208862,1.0000000|0.0000000|0.0000000|0.0000000|0.0000000|0.0000000|0.0000000|0.0000000|0.0000000|0.0000000,0,1.0,44.17986730707318,0,0,0,0,0,
cross_town,Town02,mixed,10,241,12.05,9.530014991760254,302.556640625,0.22167766094207764,179.9609375,0.0,500.0229893708359,0.0,2.86102294921875e-06,2.663161091653876e-07,1.5449524221445064e-06,0.32431600415388556,0.11340445280075073,0.673048734664917,0.19674023985862732,0.0,0.6668499112129211,0.19674023985862732,1.0,0.14528536796569824,5.731910228729248,-0.4063258171081543,0.8410872|0.1409387|0.0179741|0.0000000|0.0000000|0.0000000|0.0000000|0.0000000|0.0000000|0.0000000,0,0.8410871624946594,43.43320645167332,0,0,0,0,0,
cross_town,Town02,mixed,10,242,12.1,9.530014991760254,302.556640625,0.22167766094207764,179.9609375,0.0,500.0229893708359,0.0,2.86102294921875e-06,2.663161091653876e-07,1.8882752187156076e-06,0.32440403214254426,0.07573458552360535,0.4719392657279968,0.19191092252731323,0.0,0.5868499279022217,0.19191092252731323,1.0,0.1413285732269287,6.909071922302246,0.1181606650352478,0.8617031|0.1382969|0.0000000|0.0000000|0.0000000|0.0000000|0.0000000|0.0000000|0.0000000|0.0000000,0,0.861703097820282,43.70228469567222,0,0,0,0,0,
cross_town,Town02,mixed,10,243,12.15,9.530014991760254,302.556640625,0.22167766094207764,179.9609375,0.0,500.0229893708359,0.0,2.86102294921875e-06,2.663161091653876e-07,2.197265892023082e-06,0.3167520163919077,0.07377740740776062,0.9756051301956177,0.574596643447876,0.0,0.6668499112129211,0.2719109356403351,1.0,0.2489112764596939,28.791833877563477,-2.98404860496521,1.0000000|0.0000000|0.0000000|0.0000000|0.0000000|0.0000000|0.0000000|0.0000000|0.0000000|0.0000000,0,1.0,44.73084017502655,0,0,0,0,0,
cross_town,Town02,mixed,10,244,12.2,9.530014991760254,302.556640625,0.22167766094207764,179.9609375,0.0,500.0229893708359,0.0,2.86102294921875e-06,2.663161091653876e-07,2.5405884608178848e-06,0.3242965203979705,0.10634517669677734,0.3205556869506836,0.2612847685813904,0.0,0.5868499279022217,0.2612847685813904,1.0,0.14182160794734955,13.076528549194336,0.16147381067276,0.8577542|0.1422458|0.0000000|0.0000000|0.0000000|0.0000000|0.0000000|0.0000000|0.0000000|0.0000000,0,0.8577542304992676,47.01675247771488,0,0,0,0,0,
cross_town,Town02,mixed,10,245,12.25,9.530014991760254,302.556640625,0.22167766094207764,179.9609375,0.0,500.0229893708359,0.0,2.86102294921875e-06,2.663161091653876e-07,6.866458749133438e-08,0.3167520163919077,0.07607260346412659,0.9486404657363892,0.42832478880882263,0.0,0.6668499112129211,0.34128478169441223,1.0,0.25668391585350037,20.606590270996094,-2.432236909866333,0.8989756|0.1010245|0.0000000|0.0000000|0.0000000|0.0000000|0.0000000|0.0000000|0.0000000|0.0000000,0,0.8989755511283875,52.14412105875404,0,0,0,0,0,
cross_town,Town02,mixed,10,246,12.3,9.530014991760254,302.556640625,0.22167766094207764,179.9609375,0.0,500.0229893708359,0.0,2.86102294921875e-06,2.663161091653876e-07,4.11987316357918e-07,0.31802035603388656,0.1478990912437439,0.4515680968761444,0.26818859577178955,0.0,0.5868499279022217,0.26818859577178955,1.0,0.14143510162830353,15.380035400390625,0.6834694147109985,0.8608499|0.1391501|0.0000000|0.0000000|0.0000000|0.0000000|0.0000000|0.0000000|0.0000000|0.0000000,0,0.8608498573303223,93.20997879121978,0,0,0,0,0,
cross_town,Town02,mixed,10,247,12.35,9.530014991760254,302.556640625,0.22167766094207764,179.9609375,0.0,500.0229893708359,0.0,2.86102294921875e-06,2.663161091653876e-07,7.209832693397378e-07,0.32404204451875646,0.10728105902671814,0.3812309801578522,0.28625401854515076,0.0,0.5068499445915222,0.28625401854515076,0.9999834299087524,0.14461266994476318,3.107607364654541,-0.058382272720336914,0.8458143|0.1372840|0.0169016|0.0000000|0.0000000|0.0000000|0.0000000|0.0000000|0.0000000|0.0000000,0,0.8458143472671509,513.4443481411616,0,0,0,0,0,
cross_town,Town02,mixed,10,248,12.4,9.530014991760254,302.556640625,0.22167766094207764,179.9609375,0.0,500.0229893708359,0.0,2.86102294921875e-06,2.663161091653876e-07,1.0643005740203795e-06,0.3238744368573301,0.12908169627189636,0.6754128932952881,0.26469823718070984,0.0,0.5868499279022217,0.26469823718070984,1.0,0.12817440927028656,10.074581146240234,0.3752824068069458,0.9796221|0.0203780|0.0000000|0.0000000|0.0000000|0.0000000|0.0000000|0.0000000|0.0000000|0.0000000,0,0.9796220660209656,527.069104279875,0,0,0,0,0,
cross_town,Town02,mixed,10,249,12.45,9.530014991760254,302.556640625,0.22167766094207764,179.9609375,0.0,500.0229893708359,0.0,2.86102294921875e-06,2.663161091653876e-07,1.4076232796744175e-06,0.321665095861209,0.09734249114990234,0.9598687887191772,0.31271666288375854,0.0,0.6668499112129211,0.31271666288375854,1.0,0.2570228576660156,15.843948364257812,-2.4131407737731934,0.8945738|0.1054262|0.0000000|0.0000000|0.0000000|0.0000000|0.0000000|0.0000000|0.0000000|0.0000000,0,0.8945738077163696,389.45172883847493,0,0,0,0,0,
cross_town,Town02,mixed,10,250,12.5,9.530014991760254,302.556640625,0.22167766094207764,179.9609375,0.0,500.0229893708359,0.0,2.86102294921875e-06,2.663161091653876e-07,1.7509460211312384e-06,0.32439571984429827,0.07526236772537231,0.8886935710906982,0.30721673369407654,0.0,0.7468498945236206,0.30721673369407654,1.0,0.2582201361656189,8.957855224609375,-1.8168141841888428,0.8790144|0.1209857|0.0000000|0.0000000|0.0000000|0.0000000|0.0000000|0.0000000|0.0000000|0.0000000,0,0.8790143728256226,323.3196944260289,0,0,1,0,0,stuck
