protocol,town,weather,episode,t,sim_time_s,ego_x,ego_y,ego_z,ego_yaw_deg,route_s_m,route_remaining_m,route_completion_pct,cte_m,route_heading_rad,speed_kmh,reward,command_throttle,command_brake,command_steer,applied_throttle,applied_brake,applied_steer,sigma_bar,sigma_ale,sigma_epi,policy_entropy_proxy,attention,top_attention_index,top_attention_value,ttc_s,collision,off_route,timeout,red_light_violation,intervention,terminal_reason
cross_town,Town02,mixed,7,1,0.05,189.69888305664062,252.3280487060547,0.15079757571220398,90.03919219970703,0.0018463235132821598,500.16605343813944,0.0003691407453701041,1.52587890625e-05,0.0,0.46652653813544315,0.4444768734255296,0.1559010148048401,0.5208714604377747,0.3305284082889557,0.0,0.07999999821186066,0.07999999821186066,0.8927803635597229,0.3094487488269806,0.7204164862632751,1.170846700668335,1.0000000|0.0000000|0.0000000|0.0000000|0.0000000|0.0000000|0.0000000|0.0000000|0.0000000|0.0000000,0,1.0,,0,0,0,0,0,
cross_town,Town02,mixed,7,2,0.1,189.69888305664062,252.3280487060547,0.1611124724149704,90.03919219970703,0.0018463235132821598,500.16605343813944,0.0003691407453701041,1.52587890625e-05,0.0,0.8584084331991313,0.44735903812752464,0.03305843472480774,0.5840250253677368,0.18149922788143158,0.0,0.1599999964237213,0.1599999964237213,0.8639587163925171,0.800000011920929,0.1621415764093399,-1.537075400352478,1.0000000|0.0000000|0.0000000|0.0000000|0.0000000|0.0000000|0.0000000|0.0000000|0.0000000|0.0000000,0,1.0,,0,0,0,0,0,
cross_town,Town02,mixed,7,3,0.15,189.69888305664062,252.3280487060547,0.17358188331127167,90.03919219970703,0.0018463235132821598,500.16605343813944,0.0003691407453701041,1.52587890625e-05,0.0,0.8940873384478119,0.4420650928608466,0.1659509539604187,0.33486413955688477,0.17586581408977509,0.0,0.23999999463558197,0.17586581408977509,0.9906774759292603,0.3094487488269806,1.357041358947754,0.5273143649101257,1.0000000|0.0000000|0.0000000|0.0000000|0.0000000|0.0000000|0.0000000|0.0000000|0.0000000|0.0000000,0,1.0,,0,0,0,0,0,
cross_town,Town02,mixed,7,4,0.2,189.69888305664062,252.3280487060547,0.18517296016216278,90.03919219970703,0.0018463235132821598,500.16605343813944,0.0003691407453701041,1.52587890625e-05,0.0,0.7842072665691694,0.4414560618195774,0.04052719473838806,0.15798413753509521,0.1758325695991516,0.0,0.1599999964237213,0.1758325695991516,0.9997884631156921,0.800000011920929,1.8151649236679077,-1.4472010135650635,1.0000000|0.0000000|0.0000000|0.0000000|0.0000000|0.0000000|0.0000000|0.0000000|0.0000000|0.0000000,0,1.0,,0,0,0,0,0,
cross_town,Town02,mixed,7,5,0.25,189.69888305664062,252.3280487060547,0.19481013715267181,90.03919219970703,0.0018463235132821598,500.16605343813944,0.0003691407453701041,1.52587890625e-05,0.0,0.6320986568927958,0.44096632748272846,0.244338721036911,0.3148866891860962,0.2018527388572693,0.0,0.23999999463558197,0.2018527388572693,0.9965612292289734,0.3094487488269806,1.6078546047210693,0.5590807795524597,1.0000000|0.0000000|0.0000000|0.0000000|0.0000000|0.0000000|0.0000000|0.0000000|0.0000000|0.0000000,0,1.0,,0,0,0,0,0,
cross_town,Town02,mixed,7,6,0.3,189.69888305664062,252.3280487060547,0.2023397833108902,90.03919219970703,0.0018463235132821598,500.16605343813944,0.0003691407453701041,1.52587890625e-05,0.0,0.48441145420075954,0.43425736503693135,0.2174091935157776,0.4879339635372162,0.0976586565375328,0.0,0.3199999928474426,0.12185274064540863,0.9949754476547241,0.3094487488269806,1.512647271156311,0.633337676525116,1.0000000|0.0000000|0.0000000|0.0000000|0.0000000|0.0000000|0.0000000|0.0000000|0.0000000|0.0000000,0,1.0,,0,0,0,0,0,
cross_town,Town02,mixed,7,7,0.35,189.69888305664062,252.3280487060547,0.20799346268177032,90.03919219970703,0.0018463235132821598,500.16605343813944,0.0003691407453701041,1.52587890625e-05,0.0,0.3589472383264305,0.4604729581588299,0.022014379501342773,0.17196476459503174,0.1551869660615921,0.0,0.23999999463558197,0.1551869660615921,0.796284556388855,0.800000011920929,0.04080812260508537,-2.1283984184265137,1.0000000|0.0000000|0.0000000|0.0000000|0.0000000|0.0000000|0.0000000|0.0000000|0.0000000|0.0000000,0,1.0,,0,0,0,0,0,
cross_town,Town02,mixed,7,8,0.4,189.69888305664062,252.3280487060547,0.21212272346019745,90.03919219970703,0.0018463235132821598,500.16605343813944,0.0003691407453701041,1.52587890625e-05,0.0,0.2596475690609179,0.4403704225458942,0.17390817403793335,0.3198245167732239,0.12381185591220856,0.0,0.3198245167732239,0.12381185591220856,0.9988295435905457,0.3094481825828552,1.8778480291366577,0.3414452075958252,1.0000000|0.0000000|0.0000000|0.0000000|0.0000000|0.0000000|0.0000000|0.0000000|0.0000000|0.0000000,0,1.0,,0,0,0,0,0,
cross_town,Town02,mixed,7,9,0.45,189.69888305664062,252.3280487060547,0.21507762372493744,90.03919219970703,0.0018463235132821598,500.16605343813944,0.0003691407453701041,1.52587890625e-05,0.0,0.1844478160145441,0.46057918742649195,0.021286696195602417,0.160927414894104,0.15429140627384186,0.0,0.23982451856136322,0.15429140627384186,0.7974065542221069,0.800000011920929,0.042540889233350754,-2.128141403198242,1.0000000|0.0000000|0.0000000|0.0000000|0.0000000|0.0000000|0.0000000|0.0000000|0.0000000|0.0000000,0,1.0,847.6622889166833,0,0,0,0,0,
cross_town,Town02,mixed,7,10,0.5,189.69888305664062,252.3280487060547,0.21715930104255676,90.03919219970703,0.0018463235132821598,500.16605343813944,0.0003691407453701041,1.52587890625e-05,0.0,0.12918698787711683,0.44360826125420477,0.035486459732055664,0.18536746501922607,0.18090197443962097,0.0,0.18536746501922607,0.18090197443962097,0.9697667956352234,0.800000011920929,0.5670289993286133,-1.6175090074539185,1.0000000|0.0000000|0.0000000|0.0000000|0.0000000|0.0000000|0.0000000|0.0000000|0.0000000|0.0000000,0,1.0,641.9071222769387,0,0,0,0,0,
cross_town,Town02,mixed,7,11,0.55,189.69888305664062,252.3280487060547,0.218607559800148,90.03919219970703,0.0018463235132821598,500.16605343813944,0.0003691407453701041,1.52587890625e-05,0.0,0.0894603610038984,0.45134552794428245,0.17667615413665771,0.4522428512573242,0.14530286192893982,0.0,0.2653674781322479,0.14530286192893982,0.8856842517852783,0.30944740772247314,0.7024017572402954,0.5594469904899597,1.0000000|0.0000000|0.0000000|0.0000000|0.0000000|0.0000000|0.0000000|0.0000000|0.0000000|0.0000000,0,1.0,550.3834424221442,0,0,0,0,0,
cross_town,Town02,mixed,7,12,0.6,189.69888305664062,252.3280487060547,0.21960502862930298,90.03919219970703,0.0018463235132821598,500.16605343813944,0.0003691407453701041,1.52587890625e-05,0.0,0.061380234361612655,0.4339596340082527,0.1811930537223816,0.28347596526145935,0.22463126480579376,0.0,0.28347596526145935,0.22463126480579376,0.9992352724075317,0.3094475567340851,1.9843460321426392,0.35312801599502563,1.0000000|0.0000000|0.0000000|0.0000000|0.0000000|0.0000000|0.0000000|0.0000000|0.0000000|0.0000000,0,1.0,464.03550316214125,0,0,0,0,0,
cross_town,Town02,mixed,7,13,0.65,189.69888305664062,252.3280487060547,0.22028620541095734,90.03919219970703,0.0018463235132821598,500.16605343813944,0.0003691407453701041,1.52587890625e-05,0.0,0.041779220851328576,0.4515041242103221,0.05514451861381531,0.10213938355445862,0.12252684682607651,0.0,0.2034759670495987,0.1446312665939331,0.8225067853927612,0.800000011920929,0.08335607498884201,-1.4107279777526855,1.0000000|0.0000000|0.0000000|0.0000000|0.0000000|0.0000000|0.0000000|0.0000000|0.0000000|0.0000000,0,1.0,190.51910601483877,0,0,0,0,0,
cross_town,Town02,mixed,7,14,0.7,189.69888305664062,252.3280487060547,0.22074812650680542,90.03919219970703,0.0018463235132821598,500.16605343813944,0.0003691407453701041,1.52587890625e-05,0.0,0.028249008581902196,0.4500645655331015,0.16674411296844482,0.3941096365451813,0.17347009479999542,0.0,0.28347596526145935,0.17347009479999542,0.9037222862243652,0.30944809317588806,0.750373125076294,0.509607195854187,1.0000000|0.0000000|0.0000000|0.0000000|0.0000000|0.0000000|0.0000000|0.0000000|0.0000000|0.0000000,0,1.0,119.08479786293263,0,0,0,0,0,
cross_town,Town02,mixed,7,15,0.75,189.69888305664062,252.3280487060547,0.2210594117641449,90.03919219970703,0.0018463235132821598,500.16605343813944,0.0003691407453701041,1.52587890625e-05,0.0,0.01899069194025068,0.44085887025595977,0.26919853687286377,0.5198091268539429,0.19539758563041687,0.0,0.3634759783744812,0.19539758563041687,0.9999898672103882,0.30944812297821045,3.0660948753356934,0.6078919768333435,1.0000000|0.0000000|0.0000000|0.0000000|0.0000000|0.0000000|0.0000000|0.0000000|0.0000000|0.0000000,0,1.0,94.15836225455725,0,0,0,0,0,
cross_town,Town02,mixed,7,16,0.8,189.69888305664062,252.3280487060547,0.22126807272434235,90.03919219970703,0.0018463235132821598,500.16605343813944,0.0003691407453701041,1.52587890625e-05,0.0,0.012702426408515882,0.44064703198720645,0.2312392294406891,0.4840673506259918,0.16126276552677155,0.0,0.44347599148750305,0.16126276552677155,0.9938960671424866,0.3094483017921448,1.4637242555618286,0.3085172176361084,1.0000000|0.0000000|0.0000000|0.0000000|0.0000000|0.0000000|0.0000000|0.0000000|0.0000000|0.0000000,0,1.0,79.93447473485695,0,0,0,0,0,
cross_town,Town02,mixed,7,17,0.85,189.69888305664062,252.3280487060547,0.22140727937221527,90.03919219970703,0.0018463235132821598,500.16605343813944,0.0003691407453701041,1.52587890625e-05,0.0,0.008462081942831193,0.4338993768569864,0.2302461862564087,0.432971715927124,0.3098754286766052,0.0,0.432971715927124,0.2412627637386322,0.9985548853874207,0.3094484508037567,1.8250843286514282,0.4236137866973877,1.0000000|0.0000000|0.0000000|0.0000000|0.0000000|0.0000000|0.0000000|0.0000000|0.0000000|0.0000000,0,1.0,72.87207024373977,0,0,0,0,0,
cross_town,Town02,mixed,7,18,0.9,189.69888305664062,252.3280487060547,0.22140727937221527,90.03919219970703,0.0018463235132821598,500.16605343813944,0.0003691407453701041,1.52587890625e-05,0.0,0.0,0.44039307919646964,0.24488893151283264,0.5002589821815491,0.2707272469997406,0.0,0.5002589821815491,0.2707272469997406,1.0,0.3094484806060791,6.523781776428223,0.47303473949432373,1.0000000|0.0000000|0.0000000|0.0000000|0.0000000|0.0000000|0.0000000|0.0000000|0.0000000|0.0000000,0,1.0,65.2444913513416,0,0,0,0,0,
cross_town,Town02,mixed,7,19,0.95,189.69888305664062,252.3280487060547,0.22150886058807373,90.03919219970703,0.0018463235132821598,500.16605343813944,0.0003691407453701041,1.52587890625e-05,0.0,0.0021902960734738143,0.4411853980544232,0.4063412547111511,0.7363215684890747,0.2851462662220001,0.0,0.5802589654922485,0.2851462662220001,1.0,0.3094484806060791,4.605210304260254,0.32103896141052246,1.0000000|0.0000000|0.0000000|0.0000000|0.0000000|0.0000000|0.0000000|0.0000000|0.0000000|0.0000000,0,1.0,59.32772778465457,0,0,0,0,0,
cross_town,Town02,mixed,7,20,1.0,189.69888305664062,252.3280487060547,0.221542090177536,90.03919219970703,0.0018463235132821598,500.16605343813944,0.0003691407453701041,1.52587890625e-05,0.0,0.002425884134180953,0.4337552775929404,0.42663735151290894,0.6796793937683105,0.3885853588581085,0.0,0.660258948802948,0.365146279335022,0.9999960660934448,0.30944862961769104,3.3038768768310547,0.4261641502380371,1.0000000|0.0000000|0.0000000|0.0000000|0.0000000|0.0000000|0.0000000|0.0000000|0.0000000|0.0000000,0,1.0,52.809049850804925,0,0,0,0,0,
cross_town,Town02,mixed,7,21,1.05,189.69888305664062,252.3280487060547,0.22157405316829681,90.03919219970703,0.0018463235132821598,500.16605343813944,0.0003691407453701041,1.52587890625e-05,0.0,0.0021828116683441064,0.44086436479649416,0.4205411970615387,0.4800150692462921,0.34334176778793335,0.0,0.5802589654922485,0.34334176778793335,1.0,0.30944859981536865,4.455914497375488,0.3445746898651123,1.0000000|0.0000000|0.0000000|0.0000000|0.0000000|0.0000000|0.0000000|0.0000000|0.0000000|0.0000000,0,1.0,48.20514096049051,0,0,0,0,0,
cross_town,Town02,mixed,7,22,1.1,189.69888305664062,252.3280487060547,0.22160114347934723,90.03919219970703,0.0018463235132821598,500.16605343813944,0.0003691407453701041,1.52587890625e-05,0.0,0.001782531780196676,0.43375488741992996,0.4274121820926666,0.5482462048530579,0.4675343632698059,0.0,0.5482462048530579,0.4233417809009552,1.0,0.30944862961769104,10.444992065429688,0.4666639566421509,1.0000000|0.0000000|0.0000000|0.0000000|0.0000000|0.0000000|0.0000000|0.0000000|0.0000000|0.0000000,0,1.0,43.40849612437228,0,0,0,0,0,
cross_town,Town02,mixed,7,23,1.15,189.69888305664062,252.3280487060547,0.221622496843338,90.03919219970703,0.0018463235132821598,500.16605343813944,0.0003691407453701041,1.52587890625e-05,0.0,0.0013728790455582534,0.44140986704669405,0.314054012298584,0.6338582038879395,0.41877514123916626,0.0,0.6282461881637573,0.41877514123916626,1.0,0.30944862961769104,7.315162658691406,0.4629899263381958,1.0000000|0.0000000|0.0000000|0.0000000|0.0000000|0.0000000|0.0000000|0.0000000|0.0000000|0.0000000,0,1.0,39.65700044711288,0,0,0,0,0,
cross_town,Town02,mixed,7,24,1.2,189.69888305664062,252.3280487060547,0.22163860499858856,90.03919219970703,0.0018463235132821598,500.16605343813944,0.0003691407453701041,1.52587890625e-05,0.0,0.0010251617641370695,0.4378991819468393,0.44481247663497925,0.7294570207595825,0.3644941747188568,0.0,0.7082461714744568,0.3644941747188568,1.0,0.30944862961769104,4.390535831451416,0.6150206327438354,1.0000000|0.0000000|0.0000000|0.0000000|0.0000000|0.0000000|0.0000000|0.0000000|0.0000000|0.0000000,0,1.0,36.007694858315666,0,0,0,0,0,
cross_town,Town02,mixed,7,25,1.25,189.69888305664062,252.3280487060547,0.22165042161941528,90.03919219970703,0.0018463235132821598,500.16605343813944,0.0003691407453701041,1.52587890625e-05,0.0,0.0007446670373126693,0.4432574407064144,0.44007614254951477,0.3624723255634308,0.39718568325042725,0.0,0.6282461881637573,0.39718568325042725,0.9689496755599976,0.30944862961769104,1.0507018566131592,0.4670109152793884,1.0000000|0.0000000|0.0000000|0.0000000|0.0000000|0.0000000|0.0000000|0.0000000|0.0000000|0.0000000,0,1.0,32.93949887325099,0,0,0,0,0,
cross_town,Town02,mixed,7,26,1.3,189.69888305664062,252.3280487060547,0.22165893018245697,90.03919219970703,0.0018463235132821598,500.16605343813944,0.0003691407453701041,1.52587890625e-05,0.0,0.0005333175638707214,0.441403908654097,0.48575133085250854,0.6554282307624817,0.4022667109966278,0.0,0.6554282307624817,0.4022667109966278,1.0,0.30944862961769104,5.778887748718262,0.40937018394470215,1.0000000|0.0000000|0.0000000|0.0000000|0.0000000|0.0000000|0.0000000|0.0000000|0.0000000|0.0000000,0,1.0,30.121590208775693,0,0,0,0,0,
cross_town,Town02,mixed,7,27,1.35,189.69888305664062,252.3280487060547,0.22166144847869873,90.03919219970703,0.0018463235132821598,500.16605343813944,0.0003691407453701041,1.52587890625e-05,0.0,0.00016397117301415325,0.43520678015469816,0.4390091896057129,0.6677711009979248,0.33021974563598633,0.0,0.6677711009979248,0.33021974563598633,0.9999918937683105,0.30944862961769104,3.119793176651001,0.4257151484489441,1.0000000|0.0000000|0.0000000|0.0000000|0.0000000|0.0000000|0.0000000|0.0000000|0.0000000|0.0000000,0,1.0,27.923594508059168,0,0,0,0,0,
cross_town,Town02,mixed,7,28,1.4,189.69888305664062,252.3280487060547,0.22166426479816437,90.03919219970703,0.0018463235132821598,500.16605343813944,0.0003691407453701041,1.52587890625e-05,0.0,0.00022085953388354768,0.4467179656805734,0.009787648916244507,0.7212661504745483,0.18864786624908447,0.0,0.7212661504745483,0.2502197325229645,0.8703691959381104,0.800000011920929,0.1760566532611847,-1.312566876411438,1.0000000|0.0000000|0.0000000|0.0000000|0.0000000|0.0000000|0.0000000|0.0000000|0.0000000|0.0000000,0,1.0,26.09069950396116,0,0,0,0,0,
cross_town,Town02,mixed,7,29,1.45,189.69888305664062,252.3280487060547,0.2216673195362091,90.03919219970703,0.0018463235132821598,500.16605343813944,0.0003691407453701041,1.52587890625e-05,0.0,0.00021351241601703068,0.4360379458819569,0.33535832166671753,0.4873734712600708,0.3173168897628784,0.0,0.6412661671638489,0.3173168897628784,0.9999452829360962,0.30944862961769104,2.643983840942383,0.6405061483383179,1.0000000|0.0000000|0.0000000|0.0000000|0.0000000|0.0000000|0.0000000|0.0000000|0.0000000|0.0000000,0,1.0,24.50424434955777,0,0,0,0,0,
cross_town,Town02,mixed,7,30,1.5,189.69888305664062,252.3280487060547,0.2216700315475464,90.03919219970703,0.0018463235132821598,500.16605343813944,0.0003691407453701041,1.52587890625e-05,0.0,0.00017952346994567803,0.4482045223224873,0.018170654773712158,0.4906223714351654,0.24398232996463776,0.0,0.5612661838531494,0.24398232996463776,0.8677683472633362,0.800000011920929,0.17034228146076202,-1.3576040267944336,1.0000000|0.0000000|0.0000000|0.0000000|0.0000000|0.0000000|0.0000000|0.0000000|0.0000000|0.0000000,0,1.0,23.099936835921007,0,0,0,0,0,
cross_town,Town02,mixed,7,31,1.55,189.69888305664062,252.3280487060547,0.2216722071170807,90.03919219970703,0.0018463235132821598,500.16605343813944,0.0003691407453701041,1.52587890625e-05,0.0,0.00014186123087891735,0.4337549174331523,0.42031097412109375,0.6116392612457275,0.42277973890304565,0.0,0.6116392612457275,0.3239823281764984,0.9999998807907104,0.3094487190246582,4.297915935516357,0.4115889072418213,1.0000000|0.0000000|0.0000000|0.0000000|0.0000000|0.0000000|0.0000000|0.0000000|0.0000000|0.0000000,0,1.0,21.840082718877984,0,0,0,0,0,
cross_town,Town02,mixed,7,32,1.6,189.69888305664062,252.3280487060547,0.2216738909482956,90.03919219970703,0.0018463235132821598,500.16605343813944,0.0003691407453701041,1.52587890625e-05,0.0,0.00010831859279801994,0.4414336017074499,0.4192737638950348,0.5383363366127014,0.3229401111602783,0.0,0.5383363366127014,0.3229401111602783,1.0,0.3094487190246582,4.628169059753418,0.25332576036453247,1.0000000|0.0000000|0.0000000|0.0000000|0.0000000|0.0000000|0.0000000|0.0000000|0.0000000|0.0000000,0,1.0,20.69974606328772,0,0,0,0,0,
cross_town,Town02,mixed,7,33,1.65,189.69888305664062,252.3280487060547,0.22167514264583588,90.03919219970703,0.0018463235132821598,500.16605343813944,0.0003691407453701041,1.52587890625e-05,0.0,7.910164158411574e-05,0.43375503377871133,0.4693955183029175,0.5774052739143372,0.44674935936927795,0.0,0.5774052739143372,0.40294012427330017,0.9999986886978149,0.3094487190246582,3.5673141479492188,0.2067973017692566,1.0000000|0.0000000|0.0000000|0.0000000|0.0000000|0.0000000|0.0000000|0.0000000|0.0000000|0.0000000,0,1.0,20.02419734816834,0,0,0,0,0,
cross_town,Town02,mixed,7,34,1.7,189.69888305664062,252.3280487060547,0.22167514264583588,90.03919219970703,0.0018463235132821598,500.16605343813944,0.0003691407453701041,1.52587890625e-05,0.0,5.7540895225086784e-05,0.4413290073657343,0.41414952278137207,0.7128559350967407,0.4123341739177704,0.0,0.6574052572250366,0.4123341739177704,1.0,0.3094487190246582,5.462281227111816,0.2971435785293579,1.0000000|0.0000000|0.0000000|0.0000000|0.0000000|0.0000000|0.0000000|0.0000000|0.0000000|0.0000000,0,1.0,20.363639569139504,0,0,0,0,0,
cross_town,Town02,mixed,7,35,1.75,189.69888305664062,252.3280487060547,0.22167648375034332,90.03919219970703,0.0018463235132821598,500.16605343813944,0.0003691407453701041,1.52587890625e-05,0.0,1.1673663545629092e-05,0.4403271016536799,0.46153122186660767,0.6789669990539551,0.3819504678249359,0.0,0.6789669990539551,0.3819504678249359,1.0,0.3094487190246582,5.313926696777344,0.6162266731262207,1.0000000|0.0000000|0.0000000|0.0000000|0.0000000|0.0000000|0.0000000|0.0000000|0.0000000|0.0000000,0,1.0,20.012296157019236,0,0,0,0,0,
cross_town,Town02,mixed,7,36,1.8,189.69888305664062,252.3280487060547,0.22167648375034332,90.03919219970703,0.0018463235132821598,500.16605343813944,0.0003691407453701041,1.52587890625e-05,0.0,2.1013125911868548e-05,0.45165117936271487,0.007300704717636108,0.9003578424453735,0.2300289273262024,0.0,0.7589669823646545,0.30195045471191406,0.821037232875824,0.800000011920929,0.0808476060628891,-0.8648236989974976,1.0000000|0.0000000|0.0000000|0.0000000|0.0000000|0.0000000|0.0000000|0.0000000|0.0000000|0.0000000,0,1.0,19.945780992633452,0,0,0,0,0,
cross_town,Town02,mixed,7,37,1.85,189.69888305664062,252.3280487060547,0.22167648375034332,90.03919219970703,0.0018463235132821598,500.16605343813944,0.0003691407453701041,1.52587890625e-05,0.0,1.8642655896970144e-05,0.44015242700688256,0.013120025396347046,0.6516965627670288,0.18163950741291046,0.0,0.6789669990539551,0.2219504565000534,0.9360247850418091,0.800000011920929,0.37078654766082764,-1.2585810422897339,1.0000000|0.0000000|0.0000000|0.0000000|0.0000000|0.0000000|0.0000000|0.0000000|0.0000000|0.0000000,0,1.0,19.219353498165905,0,0,0,0,0,
cross_town,Town02,mixed,7,38,1.9,189.69888305664062,252.3280487060547,0.22167648375034332,90.03919219970703,0.0018463235132821598,500.16605343813944,0.0003691407453701041,1.52587890625e-05,0.0,1.5930284293750106e-05,0.44131335859525983,0.08127224445343018,0.2504916787147522,0.06618913263082504,0.0,0.5989670157432556,0.14195045828819275,0.9244154691696167,0.800000011920929,0.3259773850440979,-1.517064094543457,1.0000000|0.0000000|0.0000000|0.0000000|0.0000000|0.0000000|0.0000000|0.0000000|0.0000000|0.0000000,0,1.0,18.948819179784937,0,0,0,0,0,
cross_town,Town02,mixed,7,39,1.95,189.69888305664062,252.3280487060547,0.22167648375034332,90.03919219970703,0.0018463235132821598,500.16605343813944,0.0003691407453701041,1.52587890625e-05,0.0,1.4556926077987888e-05,0.4427889729046493,0.3601839244365692,0.5241724252700806,0.38164228200912476,0.0,0.5241724252700806,0.2219504565000534,0.9096593260765076,0.3094487190246582,0.7679218053817749,0.6415964961051941,1.0000000|0.0000000|0.0000000|0.0000000|0.0000000|0.0000000|0.0000000|0.0000000|0.0000000|0.0000000,0,1.0,18.763490458410942,0,0,0,0,0,
cross_town,Town02,mixed,7,40,2.0,189.69888305664062,252.3280487060547,0.22167766094207764,90.03919219970703,0.0018463235132821598,500.16605343813944,0.0003691407453701041,1.52587890625e-05,0.0,1.1261982943622766e-05,0.44640993123285877,0.05824434757232666,0.1024535596370697,0.12390703707933426,0.0,0.4441724121570587,0.14195045828819275,0.8734497427940369,0.800000011920929,0.18295279145240784,-1.413720965385437,1.0000000|0.0000000|0.0000000|0.0000000|0.0000000|0.0000000|0.0000000|0.0000000|0.0000000|0.0000000,0,1.0,18.894685070658372,0,0,0,0,0,
cross_town,Town02,mixed,7,41,2.05,189.69888305664062,252.3280487060547,0.22167766094207764,90.03919219970703,0.0018463235132821598,500.16605343813944,0.0003691407453701041,1.52587890625e-05,0.0,6.592039852450198e-06,0.436274930288542,0.25583356618881226,0.3683326244354248,0.3560381829738617,0.0,0.3683326244354248,0.2219504565000534,0.9747997522354126,0.3094487190246582,1.104396104812622,0.448280930519104,1.0000000|0.0000000|0.0000000|0.0000000|0.0000000|0.0000000|0.0000000|0.0000000|0.0000000|0.0000000,0,1.0,16.65259428773582,0,0,0,0,0,
cross_town,Town02,mixed,7,42,2.1,189.69888305664062,252.3280487060547,0.22167766094207764,90.03919219970703,0.0018463235132821598,500.16605343813944,0.0003691407453701041,1.52587890625e-05,0.0,4.534658666664681e-06,0.4407411740573017,0.43202704191207886,0.6814825534820557,0.24599435925483704,0.0,0.44833263754844666,0.24599435925483704,1.0,0.3094487190246582,5.930886268615723,0.3334749937057495,1.0000000|0.0000000|0.0000000|0.0000000|0.0000000|0.0000000|0.0000000|0.0000000|0.0000000|0.0000000,0,1.0,15.075986819475146,0,0,0,0,0,
cross_town,Town02,mixed,7,43,2.15,189.69888305664062,252.3280487060547,0.22167766094207764,90.03919219970703,0.0018463235132821598,500.16605343813944,0.0003691407453701041,1.52587890625e-05,0.0,6.351478643826112e-06,0.4434335720943837,0.38283881545066833,0.6722694635391235,0.26005318760871887,0.0,0.5283326506614685,0.26005318760871887,0.9776415228843689,0.3094487190246582,1.135035514831543,0.2941349744796753,1.0000000|0.0000000|0.0000000|0.0000000|0.0000000|0.0000000|0.0000000|0.0000000|0.0000000|0.0000000,0,1.0,13.932326140238454,0,0,0,0,0,
cross_town,Town02,mixed,7,44,2.2,189.69888305664062,252.3280487060547,0.22167766094207764,90.03919219970703,0.0018463235132821598,500.16605343813944,0.0003691407453701041,1.52587890625e-05,0.0,2.4375968447006404e-06,0.433793723156306,0.4694720506668091,0.5986466407775879,0.45334166288375854,0.0,0.5986466407775879,0.3400532007217407,0.9996117949485779,0.3094487190246582,2.1539571285247803,0.2743372321128845,1.0000000|0.0000000|0.0000000|0.0000000|0.0000000|0.0000000|0.0000000|0.0000000|0.0000000|0.0000000,0,1.0,13.202892125730614,0,0,0,0,0,
cross_town,Town02,mixed,7,45,2.25,189.69888305664062,252.3280487060547,0.22167766094207764,90.03919219970703,0.0018463235132821598,500.16605343813944,0.0003691407453701041,1.52587890625e-05,0.0,5.5618318245876e-06,0.4337549026512777,0.4773039221763611,0.5320687294006348,0.44949764013290405,0.0,0.5320687294006348,0.4200532138347626,1.0,0.3094487190246582,6.540644645690918,0.3289489150047302,1.0000000|0.0000000|0.0000000|0.0000000|0.0000000|0.0000000|0.0000000|0.0000000|0.0000000|0.0000000,0,1.0,12.846268899566708,0,0,0,0,0,
cross_town,Town02,mixed,7,46,2.3,189.69888305664062,252.3280487060547,0.22167766094207764,90.03919219970703,0.0018463235132821598,500.16605343813944,0.0003691407453701041,1.52587890625e-05,0.0,5.9051566715002245e-06,0.43610822227528756,0.33183202147483826,0.723797082901001,0.3534281253814697,0.0,0.6120687127113342,0.3534281253814697,1.0,0.3094487190246582,6.473657131195068,0.4441763162612915,1.0000000|0.0000000|0.0000000|0.0000000|0.0000000|0.0000000|0.0000000|0.0000000|0.0000000|0.0000000,0,1.0,12.812331593617735,0,0,0,0,0,
cross_town,Town02,mixed,7,47,2.35,189.69888305664062,252.3280487060547,0.22167766094207764,90.03919219970703,0.0018463235132821598,500.16605343813944,0.0003691407453701041,1.52587890625e-05,0.0,5.355836050993419e-06,0.4520150183401606,0.01719006896018982,0.556711733341217,0.32675233483314514,0.0,0.556711733341217,0.32675233483314514,0.8856596946716309,0.800000011920929,0.21178829669952393,-1.1476643085479736,1.0000000|0.0000000|0.0000000|0.0000000|0.0000000|0.0000000|0.0000000|0.0000000|0.0000000|0.0000000,0,1.0,12.803998682070198,0,0,0,0,0,
cross_town,Town02,mixed,7,48,2.4,189.69888305664062,252.3280487060547,0.22167766094207764,90.03919219970703,0.0018463235132821598,500.16605343813944,0.0003691407453701041,1.52587890625e-05,0.0,7.1411134909908055e-06,0.44975761418577836,0.030532091856002808,0.0999290943145752,0.24591246247291565,0.0,0.4767117202281952,0.24675233662128448,0.8399729132652283,0.800000011920929,0.11450660228729248,-1.6337034702301025,1.0000000|0.0000000|0.0000000|0.0000000|0.0000000|0.0000000|0.0000000|0.0000000|0.0000000|0.0000000,0,1.0,12.99591859771935,0,0,0,0,0,
cross_town,Town02,mixed,7,49,2.45,189.69888305664062,252.3280487060547,0.22167766094207764,90.03919219970703,0.0018463235132821598,500.16605343813944,0.0003691407453701041,1.52587890625e-05,0.0,4.229026745125846e-06,0.44655189239470294,0.37915167212486267,0.6732319593429565,0.2845655083656311,0.0,0.556711733341217,0.2845655083656311,0.9316720962524414,0.3094487190246582,0.8437169194221497,0.21901476383209229,1.0000000|0.0000000|0.0000000|0.0000000|0.0000000|0.0000000|0.0000000|0.0000000|0.0000000|0.0000000,0,1.0,13.0810366905307,0,0,0,0,0,
cross_town,Town02,mixed,7,50,2.5,189.69888305664062,252.3280487060547,0.22167766094207764,90.03919219970703,0.0018463235132821598,500.16605343813944,0.0003691407453701041,1.52587890625e-05,0.0,5.529943051130901e-06,0.4539791055154252,0.03488275408744812,0.06448453664779663,0.18543164432048798,0.0,0.4767117202281952,0.20456551015377045,0.7977278232574463,0.800000011920929,0.04303831607103348,-1.6375234127044678,1.0000000|0.0000000|0.0000000|0.0000000|0.0000000|0.0000000|0.0000000|0.0000000|0.0000000|0.0000000,0,1.0,13.328098469255837,0,0,0,0,0,
cross_town,Town02,mixed,7,51,2.55,189.69888305664062,252.3280487060547,0.22167766094207764,90.03919219970703,0.0018463235132821598,500.16605343813944,0.0003691407453701041,1.52587890625e-05,0.0,5.1498418752179075e-06,0.4642826634314416,0.28274619579315186,0.646557629108429,0.27297699451446533,0.0,0.556711733341217,0.27297699451446533,0.7150819897651672,0.30943068861961365,0.4206182062625885,0.2699013352394104,1.0000000|0.0000000|0.0000000|0.0000000|0.0000000|0.0000000|0.0000000|0.0000000|0.0000000|0.0000000,0,1.0,13.427042307281464,0,0,0,0,0,
cross_town,Town02,mixed,7,52,2.6,189.69888305664062,252.3280487060547,0.22167766094207764,90.03919219970703,0.0018463235132821598,500.16605343813944,0.0003691407453701041,1.52587890625e-05,0.0,2.746601775182564e-07,0.4336766381100462,0.3922077417373657,0.47751107811927795,0.5146028995513916,0.0,0.47751107811927795,0.3529770076274872,1.0,0.3092823028564453,6.783146858215332,0.49803096055984497,1.0000000|0.0000000|0.0000000|0.0000000|0.0000000|0.0000000|0.0000000|0.0000000|0.0000000|0.0000000,0,1.0,13.638378722934684,0,0,0,0,0,
cross_town,Town02,mixed,7,53,2.65,189.69888305664062,252.3280487060547,0.22167766094207764,90.03919219970703,0.0018463235132821598,500.16605343813944,0.0003691407453701041,1.52587890625e-05,0.0,9.613051645887344e-07,0.43360017235015863,0.3987175524234772,0.49016958475112915,0.5454950332641602,0.0,0.49016958475112915,0.43297702074050903,1.0,0.3089829981327057,7.919369697570801,0.6900151371955872,1.0000000|0.0000000|0.0000000|0.0000000|0.0000000|0.0000000|0.0000000|0.0000000|0.0000000|0.0000000,0,1.0,13.625553614002325,0,0,0,0,0,
cross_town,Town02,mixed,7,54,2.7,189.69888305664062,252.3280487060547,0.22167766094207764,90.03919219970703,0.0018463235132821598,500.16605343813944,0.0003691407453701041,1.52587890625e-05,0.0,1.647950743022939e-06,0.4344133767268692,0.049562275409698486,0.187827467918396,0.2300967127084732,0.0,0.4101695716381073,0.3529770076274872,0.9908362627029419,0.800000011920929,0.8708239793777466,-1.3491281270980835,1.0000000|0.0000000|0.0000000|0.0000000|0.0000000|0.0000000|0.0000000|0.0000000|0.0000000|0.0000000,0,1.0,13.188796069374044,0,0,0,0,0,
cross_town,Town02,mixed,7,55,2.75,189.69888305664062,252.3280487060547,0.22167766094207764,90.03919219970703,0.0018463235132821598,500.16605343813944,0.0003691407453701041,1.52587890625e-05,0.0,2.471926021519251e-06,0.43339082701690823,0.40855786204338074,0.3784375488758087,0.5404237508773804,0.0,0.33016955852508545,0.43297702074050903,0.999755322933197,0.3079298138618469,2.2708752155303955,0.8221122622489929,1.0000000|0.0000000|0.0000000|0.0000000|0.0000000|0.0000000|0.0000000|0.0000000|0.0000000|0.0000000,0,1.0,10.719035496966123,0,0,0,0,0,
cross_town,Town02,mixed,7,56,2.8,189.69888305664062,252.3280487060547,0.22167766094207764,90.03919219970703,0.0018463235132821598,500.16605343813944,0.0003691407453701041,1.52587890625e-05,0.0,3.192902567980858e-06,0.43844301503468586,0.08319142460823059,0.12279754877090454,-0.2925456166267395,0.0,0.2501695454120636,0.3529770076274872,0.9476418495178223,0.800000011920929,0.4239669442176819,-1.5043843984603882,1.0000000|0.0000000|0.0000000|0.0000000|0.0000000|0.0000000|0.0000000|0.0000000|0.0000000|0.0000000,0,1.0,9.012831736119788,0,0,0,0,0,
cross_town,Town02,mixed,7,57,2.85,189.69888305664062,252.3280487060547,0.22167766094207764,90.03919219970703,0.0018463235132821598,500.16605343813944,0.0003691407453701041,1.52587890625e-05,0.0,3.845216176417818e-06,0.4893134264775668,0.5265117287635803,0.6172012090682983,0.6066511869430542,0.0,0.33016955852508545,0.43297702074050903,0.43704748153686523,0.3062751293182373,0.130436509847641,1.157348871231079,1.0000000|0.0000000|0.0000000|0.0000000|0.0000000|0.0000000|0.0000000|0.0000000|0.0000000|0.0000000,0,1.0,7.753039324012373,0,0,0,0,0,
cross_town,Town02,mixed,7,58,2.9,189.69888305664062,252.3280487060547,0.22167766094207764,90.03919219970703,0.0018463235132821598,500.16605343813944,0.0003691407453701041,1.52587890625e-05,0.0,4.531862530326411e-06,0.4328907890957077,0.5701338648796082,0.5676735639572144,0.5990935564041138,0.0,0.2501695454120636,0.5129770040512085,0.9990682005882263,0.3052239716053009,1.9391424655914307,1.3415899276733398,1.0000000|0.0000000|0.0000000|0.0000000|0.0000000|0.0000000|0.0000000|0.0000000|0.0000000|0.0000000,0,1.0,6.7989485398995315,0,0,0,0,0,
cross_town,Town02,mixed,7,59,2.95,189.69888305664062,252.3280487060547,0.22167766094207764,90.03919219970703,0.0018463235132821598,500.16605343813944,0.0003691407453701041,1.52587890625e-05,0.0,5.287175410663823e-06,0.4365668092082454,0.49823060631752014,0.711965799331665,0.45777374505996704,0.0,0.33016955852508545,0.45777374505996704,1.0,0.3040240705013275,5.57020902633667,1.6037942171096802,1.0000000|0.0000000|0.0000000|0.0000000|0.0000000|0.0000000|0.0000000|0.0000000|0.0000000|0.0000000,0,1.0,6.040118224212867,0,0,0,0,0,
cross_town,Town02,mixed,7,60,3.0,189.69888305664062,252.3280487060547,0.22167766094207764,90.03919219970703,0.0018463235132821598,500.16605343813944,0.0003691407453701041,1.52587890625e-05,0.0,0.0,0.4346095156172273,0.5407529473304749,0.6934046149253845,0.5243862271308899,0.0,0.4101695716381073,0.5243862271308899,1.0,0.3026767373085022,6.621859550476074,1.4680328369140625,1.0000000|0.0000000|0.0000000|0.0000000|0.0000000|0.0000000|0.0000000|0.0000000|0.0000000|0.0000000,0,1.0,5.422244416759314,0,0,0,0,0,
cross_town,Town02,mixed,7,61,3.05,189.69888305664062,252.3280487060547,0.22167766094207764,90.03919219970703,0.0018463235132821598,500.16605343813944,0.0003691407453701041,1.52587890625e-05,0.0,6.523170629209402e-07,0.43206668351151817,0.04507666826248169,0.17382735013961792,-0.19317464530467987,0.0,0.33016955852508545,0.44438621401786804,0.9985982775688171,0.800000011920929,1.3421680927276611,-0.8016334772109985,1.0000000|0.0000000|0.0000000|0.0000000|0.0000000|0.0000000|0.0000000|0.0000000|0.0000000|0.0000000,0,1.0,4.908137520570471,0,0,0,0,0,
cross_town,Town02,mixed,7,62,3.1,189.69888305664062,252.3280487060547,0.22167766094207764,90.03919219970703,0.0018463235132821598,500.16605343813944,0.0003691407453701041,1.52587890625e-05,0.0,1.4419604696950085e-06,0.43896610342810655,0.47296854853630066,0.7613717317581177,0.4594291150569916,0.0,0.4101695716381073,0.4594291150569916,1.0,0.2995426058769226,6.701204776763916,1.4872636795043945,1.0000000|0.0000000|0.0000000|0.0000000|0.0000000|0.0000000|0.0000000|0.0000000|0.0000000|0.0000000,0,1.0,4.474530346267598,0,0,0,0,0,
cross_town,Town02,mixed,7,63,3.15,189.69888305664062,252.3280487060547,0.22167766094207764,90.03919219970703,0.0018463235132821598,500.16605343813944,0.0003691407453701041,1.52587890625e-05,0.0,2.2659348487346676e-06,0.43419596122106296,0.3815559446811676,0.6956602931022644,0.39732223749160767,0.0,0.49016958475112915,0.39732223749160767,1.0,0.2977571189403534,11.183491706848145,1.5110011100769043,1.0000000|0.0000000|0.0000000|0.0000000|0.0000000|0.0000000|0.0000000|0.0000000|0.0000000|0.0000000,0,1.0,4.1105426464673105,0,0,0,0,0,
cross_town,Town02,mixed,7,64,3.2,189.69888305664062,252.3280487060547,0.22167766094207764,90.03919219970703,0.0018463235132821598,500.16605343813944,0.0003691407453701041,1.52587890625e-05,0.0,2.952576454944124e-06,0.430693667026232,0.3195388913154602,0.7109347581863403,0.27644792199134827,0.0,0.5701695680618286,0.3173222243785858,1.0,0.2958293855190277,8.190461158752441,1.0958211421966553,1.0000000|0.0000000|0.0000000|0.0000000|0.0000000|0.0000000|0.0000000|0.0000000|0.0000000|0.0000000,0,1.0,3.990303646795978,0,0,0,0,0,
cross_town,Town02,mixed,7,65,3.25,189.69888305664062,252.3280487060547,0.22167766094207764,90.03919219970703,0.0018463235132821598,500.16605343813944,0.0003691407453701041,1.52587890625e-05,0.0,3.6048910621159105e-06,0.4302516195317989,0.3598623275756836,0.7019197344779968,0.18205362558364868,0.0,0.6501695513725281,0.23732222616672516,1.0,0.293803870677948,4.761290550231934,0.5405515432357788,1.0000000|0.0000000|0.0000000|0.0000000|0.0000000|0.0000000|0.0000000|0.0000000|0.0000000|0.0000000,0,1.0,4.398696234537935,0,0,0,0,0,
cross_town,Town02,mixed,7,66,3.3,189.69888305664062,252.3280487060547,0.22167766094207764,90.03919219970703,0.0018463235132821598,500.16605343813944,0.0003691407453701041,1.52587890625e-05,0.0,4.2915384070988415e-06,0.43740660872322507,0.4322561025619507,0.6338307857513428,0.2273160219192505,0.0,0.6338307857513428,0.2273160219192505,0.9999991655349731,0.29189345240592957,3.6987242698669434,0.3447180986404419,1.0000000|0.0000000|0.0000000|0.0000000|0.0000000|0.0000000|0.0000000|0.0000000|0.0000000|0.0000000,0,1.0,4.826646551584469,0,0,0,0,0,
cross_town,Town02,mixed,7,67,3.35,189.69888305664062,252.3280487060547,0.22167766094207764,90.03919219970703,0.0018463235132821598,500.16605343813944,0.0003691407453701041,1.52587890625e-05,0.0,4.9438478097862e-06,0.44309158177170416,0.06975379586219788,0.1577170193195343,0.18758080899715424,0.0,0.5538308024406433,0.18758080899715424,0.9214324951171875,0.800000011920929,0.3154926896095276,-1.4418553113937378,1.0000000|0.0000000|0.0000000|0.0000000|0.0000000|0.0000000|0.0000000|0.0000000|0.0000000|0.0000000,0,1.0,4.898366231563156,0,0,0,0,0,
cross_town,Town02,mixed,7,68,3.4,189.69888305664062,252.3280487060547,0.22167766094207764,90.03919219970703,0.0018463235132821598,500.16605343813944,0.0003691407453701041,1.52587890625e-05,0.0,5.5961646569011325e-06,0.44966289206641896,0.05181959271430969,0.1088082492351532,0.1686026155948639,0.0,0.47383078932762146,0.1686026155948639,0.8661447763442993,0.800000011920929,0.16682329773902893,-1.2300899028778076,1.0000000|0.0000000|0.0000000|0.0000000|0.0000000|0.0000000|0.0000000|0.0000000|0.0000000|0.0000000,0,1.0,4.580410984888009,0,0,0,0,0,
cross_town,Town02,mixed,7,69,3.45,189.69888305664062,252.3280487060547,0.22167766094207764,90.03919219970703,0.0018463235132821598,500.16605343813944,0.0003691407453701041,1.52587890625e-05,0.0,4.119938715161513e-07,0.46675825494041717,0.3746126592159271,0.5429649353027344,0.11787594109773636,0.0,0.5429649353027344,0.11787594109773636,0.6640632748603821,0.2869555652141571,0.3834081292152405,0.11517906188964844,1.0000000|0.0000000|0.0000000|0.0000000|0.0000000|0.0000000|0.0000000|0.0000000|0.0000000|0.0000000,0,1.0,4.311195457770866,0,0,0,0,0,
cross_town,Town02,mixed,7,70,3.5,189.69888305664062,252.3280487060547,0.22167766094207764,90.03919219970703,0.0018463235132821598,500.16605343813944,0.0003691407453701041,1.52587890625e-05,0.0,1.098640715620002e-06,0.44193432812221467,0.050006747245788574,0.14191627502441406,0.2402806580066681,0.0,0.4629649221897125,0.1978759467601776,0.8614246845245361,0.800000011920929,0.15679341554641724,-1.1231508255004883,1.0000000|0.0000000|0.0000000|0.0000000|0.0000000|0.0000000|0.0000000|0.0000000|0.0000000|0.0000000,0,1.0,4.078323907288347,0,0,0,0,0,
cross_town,Town02,mixed,7,71,3.55,189.69888305664062,252.3280487060547,0.22167766094207764,90.03919219970703,0.0018463235132821598,500.16605343813944,0.0003691407453701041,1.52587890625e-05,0.0,1.9226118849469044e-06,0.4390821515583439,0.36955907940864563,0.4696171283721924,0.18540258705615997,0.0,0.4696171283721924,0.18540258705615997,0.9595282673835754,0.2834111750125885,1.0080485343933105,0.512849748134613,1.0000000|0.0000000|0.0000000|0.0000000|0.0000000|0.0000000|0.0000000|0.0000000|0.0000000|0.0000000,0,1.0,3.8799418948395856,0,0,0,0,0,
cross_town,Town02,mixed,7,72,3.6,189.69888305664062,252.3280487060547,0.22167766094207764,90.03919219970703,0.0018463235132821598,500.16605343813944,0.0003691407453701041,1.52587890625e-05,0.0,2.6092539509022584e-06,0.4503892891532464,0.37191691994667053,0.4759994447231293,0.14020846784114838,0.0,0.4759994447231293,0.14020846784114838,0.8180850148200989,0.2815231382846832,0.5943335890769958,0.2740989327430725,1.0000000|0.0000000|0.0000000|0.0000000|0.0000000|0.0000000|0.0000000|0.0000000|0.0000000|0.0000000,0,1.0,3.735229468291048,0,0,0,0,0,
cross_town,Town02,mixed,7,73,3.65,189.69888305664062,252.3280487060547,0.22167766094207764,90.03919219970703,0.0018463235132821598,500.16605343813944,0.0003691407453701041,1.52587890625e-05,0.0,3.261568967622308e-06,0.4496243929467448,0.03279238939285278,0.13880932331085205,0.1849805861711502,0.0,0.3959994316101074,0.1849805861711502,0.8202926516532898,0.800000011920929,0.07958288490772247,-1.61965811252594,1.0000000|0.0000000|0.0000000|0.0000000|0.0000000|0.0000000|0.0000000|0.0000000|0.0000000|0.0000000,0,1.0,3.8811521779083678,0,0,0,0,0,
cross_town,Town02,mixed,7,74,3.7,189.69888305664062,252.3280487060547,0.22167766094207764,90.03919219970703,0.0018463235132821598,500.16605343813944,0.0003691407453701041,1.52587890625e-05,0.0,3.948215745922705e-06,0.44193390156565354,0.3631730079650879,0.3924415409564972,0.1528300642967224,0.0,0.3924415409564972,0.1528300642967224,0.9031093716621399,0.27764660120010376,0.7804186344146729,0.5235006809234619,1.0000000|0.0000000|0.0000000|0.0000000|0.0000000|0.0000000|0.0000000|0.0000000|0.0000000|0.0000000,0,1.0,3.9633322805425144,0,0,0,0,0,
cross_town,Town02,mixed,7,75,3.75,189.69888305664062,252.3280487060547,0.22167766094207764,90.03919219970703,0.0018463235132821598,500.16605343813944,0.0003691407453701041,1.52587890625e-05,0.0,4.600525212942666e-06,0.4530851847429945,0.24033677577972412,0.5599306225776672,0.36438342928886414,0.0,0.47244155406951904,0.23283006250858307,0.7212816476821899,0.2758360803127289,0.4618709087371826,0.9784647822380066,1.0000000|0.0000000|0.0000000|0.0000000|0.0000000|0.0000000|0.0000000|0.0000000|0.0000000|0.0000000,0,1.0,3.923556862125878,0,0,0,0,0,
cross_town,Town02,mixed,7,76,3.8,189.69888305664062,252.3280487060547,0.22167766094207764,90.03919219970703,0.0018463235132821598,500.16605343813944,0.0003691407453701041,1.52587890625e-05,0.0,5.252841802163046e-06,0.4321877827161944,0.4187549948692322,0.5948470234870911,0.30232101678848267,0.0,0.5524415373802185,0.30232101678848267,0.9429954886436462,0.2740335762500763,0.9274494051933289,0.9730315804481506,1.0000000|0.0000000|0.0000000|0.0000000|0.0000000|0.0000000|0.0000000|0.0000000|0.0000000|0.0000000,0,1.0,3.880162918288057,0,0,0,0,0,
cross_town,Town02,mixed,7,77,3.85,189.69888305664062,252.3280487060547,0.22167766094207764,90.03919219970703,0.0018463235132821598,500.16605343813944,0.0003691407453701041,1.52587890625e-05,0.0,1.3733179374911522e-07,0.4242519935678394,0.3472673296928406,0.5282067656517029,0.19811458885669708,0.0,0.5282067656517029,0.222321018576622,0.9971612691879272,0.2722364366054535,1.6931451559066772,0.5553832054138184,1.0000000|0.0000000|0.0000000|0.0000000|0.0000000|0.0000000|0.0000000|0.0000000|0.0000000|0.0000000,0,1.0,3.815273536594751,0,0,0,0,0,
cross_town,Town02,mixed,7,78,3.9,189.69888305664062,252.3280487060547,0.22167766094207764,90.03919219970703,0.0018463235132821598,500.16605343813944,0.0003691407453701041,1.52587890625e-05,0.0,8.239763193738831e-07,0.4506488401660719,0.37843766808509827,0.5681406855583191,0.2483823448419571,0.0,0.5681406855583191,0.2483823448419571,0.7952327132225037,0.27043673396110535,0.5687535405158997,0.5062264800071716,1.0000000|0.0000000|0.0000000|0.0000000|0.0000000|0.0000000|0.0000000|0.0000000|0.0000000|0.0000000,0,1.0,3.7349893731777124,0,0,0,0,0,
cross_town,Town02,mixed,7,79,3.95,189.69888305664062,252.3280487060547,0.22167766094207764,90.03919219970703,0.0018463235132821598,500.16605343813944,0.0003691407453701041,1.52587890625e-05,0.0,1.5792867774573127e-06,0.44449669114010737,0.055895835161209106,0.08876639604568481,0.14274296164512634,0.0,0.48814067244529724,0.16838234663009644,0.7811919450759888,0.800000011920929,0.018156452104449272,-1.6096762418746948,1.0000000|0.0000000|0.0000000|0.0000000|0.0000000|0.0000000|0.0000000|0.0000000|0.0000000|0.0000000,0,1.0,3.6497463553812772,0,0,0,0,0,
cross_town,Town02,mixed,7,80,4.0,189.69888305664062,252.3280487060547,0.22167766094207764,90.03919219970703,0.0018463235132821598,500.16605343813944,0.0003691407453701041,1.52587890625e-05,0.0,2.4032619171103114e-06,0.44528933849026275,0.03658115863800049,0.1277828812599182,0.13441598415374756,0.0,0.4081406593322754,0.13441598415374756,0.828996479511261,0.800000011920929,0.09463296830654144,-1.4296609163284302,1.0000000|0.0000000|0.0000000|0.0000000|0.0000000|0.0000000|0.0000000|0.0000000|0.0000000|0.0000000,0,1.0,3.581697343480267,0,0,0,0,0,
cross_town,Town02,mixed,7,81,4.05,189.69888305664062,252.3280487060547,0.22167766094207764,90.03919219970703,0.0018463235132821598,500.16605343813944,0.0003691407453701041,1.52587890625e-05,0.0,3.089904880916496e-06,0.4348219766371724,0.030111879110336304,0.12565326690673828,0.12570668756961823,0.0,0.32814064621925354,0.12570668756961823,0.9391268491744995,0.800000011920929,0.38403958082199097,-1.924032211303711,1.0000000|0.0000000|0.0000000|0.0000000|0.0000000|0.0000000|0.0000000|0.0000000|0.0000000|0.0000000,0,1.0,3.546318033611026,0,0,0,0,0,
cross_town,Town02,mixed,7,82,4.1,189.69888305664062,252.3280487060547,0.22167766094207764,90.03919219970703,0.0018463235132821598,500.16605343813944,0.0003691407453701041,1.52587890625e-05,0.0,3.7422195422067856e-06,0.43986235161543036,0.01986926794052124,0.14643973112106323,0.14900514483451843,0.0,0.24814064800739288,0.14900514483451843,0.8754017949104309,0.800000011920929,0.18739724159240723,-2.1584815979003906,1.0000000|0.0000000|0.0000000|0.0000000|0.0000000|0.0000000|0.0000000|0.0000000|0.0000000|0.0000000,0,1.0,3.5115522106711423,0,0,0,0,0,
cross_town,Town02,mixed,7,83,4.15,189.69888305664062,252.3280487060547,0.22167766094207764,90.03919219970703,0.0018463235132821598,500.16605343813944,0.0003691407453701041,1.52587890625e-05,0.0,4.428864955441434e-06,0.4837532599746025,0.17348933219909668,0.5572492480278015,0.4708515703678131,0.0,0.32814064621925354,0.2290051430463791,0.3582425117492676,0.26128125190734863,0.09296863526105881,1.5064597129821777,1.0000000|0.0000000|0.0000000|0.0000000|0.0000000|0.0000000|0.0000000|0.0000000|0.0000000|0.0000000,0,1.0,3.4766004333670932,0,0,0,0,0,
cross_town,Town02,mixed,7,84,4.2,189.69888305664062,252.3280487060547,0.22167766094207764,90.03919219970703,0.0018463235132821598,500.16605343813944,0.0003691407453701041,1.52587890625e-05,0.0,5.115510112375056e-06,0.4220011123220492,0.31501322984695435,0.5813301801681519,0.4016445577144623,0.0,0.4081406593322754,0.30900514125823975,0.9675459861755371,0.259456604719162,1.0892776250839233,1.459406852722168,1.0000000|0.0000000|0.0000000|0.0000000|0.0000000|0.0000000|0.0000000|0.0000000|0.0000000|0.0000000,0,1.0,3.4415049015777215,0,0,0,0,0,
cross_town,Town02,mixed,7,85,4.25,189.69888305664062,252.3280487060547,0.22167766094207764,90.03919219970703,0.0018463235132821598,500.16605343813944,0.0003691407453701041,1.52587890625e-05,0.0,5.767822107273724e-06,0.4224071596999322,0.050052642822265625,0.04638037085533142,0.10490313917398453,0.0,0.32814064621925354,0.2290051430463791,0.9550099968910217,0.800000011920929,0.46382027864456177,-1.8931713104248047,1.0000000|0.0000000|0.0000000|0.0000000|0.0000000|0.0000000|0.0000000|0.0000000|0.0000000|0.0000000,0,1.0,3.4062911641049296,0,0,0,0,0,
cross_town,Town02,mixed,7,86,4.3,189.69888305664062,252.3280487060547,0.22167766094207764,90.03919219970703,0.0018463235132821598,500.16605343813944,0.0003691407453701041,1.52587890625e-05,0.0,5.14994613634894e-07,0.4189570347576517,0.16399210691452026,0.5208216905593872,0.4102250635623932,0.0,0.4081406593322754,0.30900514125823975,0.9807687401771545,0.255830854177475,1.2271181344985962,1.3810714483261108,1.0000000|0.0000000|0.0000000|0.0000000|0.0000000|0.0000000|0.0000000|0.0000000|0.0000000|0.0000000,0,1.0,3.3709410064603595,0,0,0,0,0,
cross_town,Town02,mixed,7,87,4.35,189.69888305664062,252.3280487060547,0.22167766094207764,90.03919219970703,0.0018463235132821598,500.16605343813944,0.0003691407453701041,1.52587890625e-05,0.0,1.2016373817724162e-06,0.42063117295502656,0.050052642822265625,0.04638037085533142,0.10490313917398453,0.0,0.32814064621925354,0.2290051430463791,0.9550108313560486,0.800000011920929,0.46382516622543335,-1.8931713104248047,1.0000000|0.0000000|0.0000000|0.0000000|0.0000000|0.0000000|0.0000000|0.0000000|0.0000000|0.0000000,0,1.0,3.335440093130483,0,0,0,0,0,
cross_town,Town02,mixed,7,88,4.4,189.69888305664062,252.3280487060547,0.22167766094207764,90.03919219970703,0.0018463235132821598,500.16605343813944,0.0003691407453701041,1.52587890625e-05,0.0,1.991278550173807e-06,0.4179394003044401,0.340201735496521,0.5795376300811768,0.4105014503002167,0.0,0.4081406593322754,0.30900514125823975,0.9726318120956421,0.25223633646965027,1.1404201984405518,1.5006475448608398,1.0000000|0.0000000|0.0000000|0.0000000|0.0000000|0.0000000|0.0000000|0.0000000|0.0000000|0.0000000,0,1.0,3.2998431771944605,0,0,0,0,0,
cross_town,Town02,mixed,7,89,4.45,189.69888305664062,252.3280487060547,0.22167766094207764,90.03919219970703,0.0018463235132821598,500.16605343813944,0.0003691407453701041,1.52587890625e-05,0.0,2.677922244712173e-06,0.4142460651042148,0.39065271615982056,0.7477788925170898,0.45345327258110046,0.0,0.48814067244529724,0.3890051543712616,0.999981164932251,0.2504507005214691,2.969104766845703,1.5546776056289673,1.0000000|0.0000000|0.0000000|0.0000000|0.0000000|0.0000000|0.0000000|0.0000000|0.0000000|0.0000000,0,1.0,3.2640950227546477,0,0,0,0,0,
cross_town,Town02,mixed,7,90,4.5,189.69888305664062,252.3280487060547,0.22167766094207764,90.03919219970703,0.0018463235132821598,500.16605343813944,0.0003691407453701041,1.52587890625e-05,0.0,3.33023312685612e-06,0.4202699769229926,0.33338284492492676,0.6506106853485107,0.4125698506832123,0.0,0.5681406855583191,0.4125698506832123,0.9999998807907104,0.24867287278175354,4.262264728546143,1.545241117477417,1.0000000|0.0000000|0.0000000|0.0000000|0.0000000|0.0000000|0.0000000|0.0000000|0.0000000|0.0000000,0,1.0,3.2283400493035157,0,0,0,0,0,
cross_town,Town02,mixed,7,91,4.55,189.69888305664062,252.3280487060547,0.22167766094207764,90.03919219970703,0.0018463235132821598,500.16605343813944,0.0003691407453701041,1.52587890625e-05,0.0,4.0168769392370124e-06,0.41251361025522193,0.2692664861679077,0.5086179375648499,0.33399415016174316,0.0,0.5086179375648499,0.33399415016174316,0.9997439980506897,0.24690282344818115,2.320605754852295,1.4336600303649902,1.0000000|0.0000000|0.0000000|0.0000000|0.0000000|0.0000000|0.0000000|0.0000000|0.0000000|0.0000000,0,1.0,3.084318435512848,0,0,0,0,0,
cross_town,Town02,mixed,7,92,4.6,189.69888305664062,252.3280487060547,0.22167766094207764,90.03919219970703,0.0018463235132821598,500.16605343813944,0.0003691407453701041,1.52587890625e-05,0.0,4.806523919287027e-06,0.4143412301151137,0.039836108684539795,0.045801401138305664,0.21543942391872406,0.0,0.428617924451828,0.2539941370487213,0.9676737785339355,0.800000011920929,0.5497535467147827,-1.848665714263916,1.0000000|0.0000000|0.0000000|0.0000000|0.0000000|0.0000000|0.0000000|0.0000000|0.0000000|0.0000000,0,1.0,2.9491074572173814,0,0,0,0,0,
cross_town,Town02,mixed,7,93,4.65,189.69888305664062,252.3280487060547,0.22167766094207764,90.03919219970703,0.0018463235132821598,500.16605343813944,0.0003691407453701041,1.52587890625e-05,0.0,5.699162556797128e-06,0.453000444049713,0.13449311256408691,0.5692445039749146,0.4937467575073242,0.0,0.5086179375648499,0.33399415016174316,0.5692923665046692,0.24325358867645264,0.3264875113964081,1.1609759330749512,1.0000000|0.0000000|0.0000000|0.0000000|0.0000000|0.0000000|0.0000000|0.0000000|0.0000000|0.0000000,0,1.0,2.8356924405601305,0,0,0,0,0,
cross_town,Town02,mixed,7,94,4.7,189.69888305664062,252.3280487060547,0.22167766094207764,90.03919219970703,0.0018463235132821598,500.16605343813944,0.0003691407453701041,1.52587890625e-05,0.0,2.7466017491946236e-07,0.4455588961952816,0.23566654324531555,0.5325483679771423,0.36623644828796387,0.0,0.5325483679771423,0.36623644828796387,0.6959323883056641,0.2413558065891266,0.46564483642578125,1.4419691562652588,1.0000000|0.0000000|0.0000000|0.0000000|0.0000000|0.0000000|0.0000000|0.0000000|0.0000000|0.0000000,0,1.0,2.9470264841942737,0,0,0,0,0,
cross_town,Town02,mixed,7,95,4.75,189.69888305664062,252.3280487060547,0.22167766094207764,90.03919219970703,0.0018463235132821598,500.16605343813944,0.0003691407453701041,1.52587890625e-05,0.0,9.613138695509418e-07,0.4519376678153951,0.15569210052490234,0.5006522536277771,0.35152962803840637,0.0,0.5006522536277771,0.35152962803840637,0.6305670738220215,0.2394784390926361,0.3941841721534729,1.0787365436553955,1.0000000|0.0000000|0.0000000|0.0000000|0.0000000|0.0000000|0.0000000|0.0000000|0.0000000|0.0000000,0,1.0,3.081287308996383,0,0,0,0,0,
cross_town,Town02,mixed,7,96,4.8,189.69888305664062,252.3280487060547,0.22167766094207764,90.03919219970703,0.0018463235132821598,500.16605343813944,0.0003691407453701041,1.52587890625e-05,0.0,1.7509506232174306e-06,0.41188338387411916,0.2421233057975769,0.5812945365905762,0.39462634921073914,0.0,0.5806522369384766,0.39462634921073914,0.9995900988578796,0.2377622425556183,2.2120635509490967,1.6974796056747437,1.0000000|0.0000000|0.0000000|0.0000000|0.0000000|0.0000000|0.0000000|0.0000000|0.0000000|0.0000000,0,1.0,3.00235303553842,0,0,0,0,0,
cross_town,Town02,mixed,7,97,4.85,189.69888305664062,252.3280487060547,0.22167766094207764,90.03919219970703,0.0018463235132821598,500.16605343813944,0.0003691407453701041,1.52587890625e-05,0.0,2.4032614970189163e-06,0.4254267479720173,0.17562603950500488,0.4837326109409332,0.3231029510498047,0.0,0.5006522536277771,0.3231029510498047,0.8127202391624451,0.23604893684387207,0.6308969259262085,1.627556562423706,1.0000000|0.0000000|0.0000000|0.0000000|0.0000000|0.0000000|0.0000000|0.0000000|0.0000000|0.0000000,0,1.0,2.924073583030944,0,0,0,0,0,
cross_town,Town02,mixed,7,98,4.9,189.69888305664062,252.3280487060547,0.22167766094207764,90.03919219970703,0.0018463235132821598,500.16605343813944,0.0003691407453701041,1.52587890625e-05,0.0,3.0899053479432303e-06,0.4560944200335347,0.3053687810897827,0.49082598090171814,0.3534782826900482,0.0,0.49082598090171814,0.3534782826900482,0.5434661507606506,0.23432089388370514,0.30925530195236206,1.5887525081634521,1.0000000|0.0000000|0.0000000|0.0000000|0.0000000|0.0000000|0.0000000|0.0000000|0.0000000|0.0000000,0,1.0,2.844568077411805,0,0,0,0,0,
cross_town,Town02,mixed,7,99,4.95,189.69888305664062,252.3280487060547,0.22167766094207764,90.03919219970703,0.0018463235132821598,500.16605343813944,0.0003691407453701041,1.52587890625e-05,0.0,3.776552875228266e-06,0.41028703644216225,0.20711234211921692,0.5416941046714783,0.40868380665779114,0.0,0.5416941046714783,0.40868380665779114,0.9625788331031799,0.23257526755332947,1.0792697668075562,1.6905748844146729,1.0000000|0.0000000|0.0000000|0.0000000|0.0000000|0.0000000|0.0000000|0.0000000|0.0000000|0.0000000,0,1.0,2.7742101314123846,0,0,0,0,0,
cross_town,Town02,mixed,7,100,5.0,189.69888305664062,252.3280487060547,0.22167766094207764,90.03919219970703,0.0018463235132821598,500.16605343813944,0.0003691407453701041,1.52587890625e-05,0.0,4.600527682591094e-06,0.43868385817862815,0.10351383686065674,0.4749850332736969,0.407626748085022,0.0,0.4749850332736969,0.407626748085022,0.7011799216270447,0.23081403970718384,0.48241668939590454,1.5666087865829468,1.0000000|0.0000000|0.0000000|0.0000000|0.0000000|0.0000000|0.0000000|0.0000000|0.0000000|0.0000000,0,1.0,2.720896645841071,0,0,0,0,0,
cross_town,Town02,mixed,7,101,5.05,189.69888305664062,252.3280487060547,0.22167766094207764,90.03919219970703,0.0018463235132821598,500.16605343813944,0.0003691407453701041,1.52587890625e-05,0.0,5.287170953533996e-06,0.3998122985982308,0.06808638572692871,0.10641339421272278,0.21932129561901093,0.0,0.39498502016067505,0.3276267349720001,0.9987230896949768,0.800000011920929,1.3655229806900024,-1.5104681253433228,1.0000000|0.0000000|0.0000000|0.0000000|0.0000000|0.0000000|0.0000000|0.0000000|0.0000000|0.0000000,0,1.0,2.706084436496145,0,0,0,0,0,
cross_town,Town02,mixed,7,102,5.1,189.69888305664062,252.3280487060547,0.22167766094207764,90.03919219970703,0.0018463235132821598,500.16605343813944,0.0003691407453701041,1.52587890625e-05,0.0,0.0,0.46168442948867167,0.19584131240844727,0.5793232321739197,0.4311368763446808,0.0,0.4749850332736969,0.407626748085022,0.3653303384780884,0.22728896141052246,0.13463540375232697,1.6265283823013306,1.0000000|0.0000000|0.0000000|0.0000000|0.0000000|0.0000000|0.0000000|0.0000000|0.0000000|0.0000000,0,1.0,2.6931161673029957,0,0,0,0,0,
cross_town,Town02,mixed,7,103,5.15,189.69888305664062,252.3280487060547,0.22167766094207764,90.03919219970703,0.0018463235132821598,500.16605343813944,0.0003691407453701041,1.52587890625e-05,0.0,6.523225914876724e-07,0.407247622872261,0.1599191427230835,0.5523217916488647,0.3838183879852295,0.0,0.5523217916488647,0.3838183879852295,0.9647563099861145,0.22555726766586304,1.101839542388916,1.9157427549362183,1.0000000|0.0000000|0.0000000|0.0000000|0.0000000|0.0000000|0.0000000|0.0000000|0.0000000|0.0000000,0,1.0,2.6897511601093607,0,0,0,0,0,
cross_town,Town02,mixed,7,104,5.2,189.69888305664062,252.3280487060547,0.22167766094207764,90.03919219970703,0.0018463235132821598,500.16605343813944,0.0003691407453701041,1.52587890625e-05,0.0,1.441963546211642e-06,0.42056833318827036,0.025912821292877197,0.2809339761734009,0.3443731963634491,0.0,0.4723217785358429,0.3443731963634491,0.8045330047607422,0.800000011920929,0.053717564791440964,-1.5914539098739624,1.0000000|0.0000000|0.0000000|0.0000000|0.0000000|0.0000000|0.0000000|0.0000000|0.0000000|0.0000000,0,1.0,2.6941427398980986,0,0,0,0,0,
cross_town,Town02,mixed,7,105,5.25,189.69888305664062,252.3280487060547,0.22167766094207764,90.03919219970703,0.0018463235132821598,500.16605343813944,0.0003691407453701041,1.52587890625e-05,0.0,2.2659340334414294e-06,0.42956074340896566,0.29279693961143494,0.49463918805122375,0.38263052701950073,0.0,0.49463918805122375,0.38263052701950073,0.7003905177116394,0.22217939794063568,0.4901100993156433,1.8267571926116943,1.0000000|0.0000000|0.0000000|0.0000000|0.0000000|0.0000000|0.0000000|0.0000000|0.0000000|0.0000000,0,1.0,2.7002921682468606,0,0,0,0,0,
cross_town,Town02,mixed,7,106,5.3,189.69888305664062,252.3280487060547,0.22167766094207764,90.03919219970703,0.0018463235132821598,500.16605343813944,0.0003691407453701041,1.52587890625e-05,0.0,2.918244382302824e-06,0.3991912952591002,0.2540222406387329,0.5810848474502563,0.41400569677352905,0.0,0.5746392011642456,0.41400569677352905,0.994330883026123,0.2205408364534378,1.571221113204956,1.7778551578521729,1.0000000|0.0000000|0.0000000|0.0000000|0.0000000|0.0000000|0.0000000|0.0000000|0.0000000|0.0000000,0,1.0,2.7017270839154905,0,0,0,0,0,
cross_town,Town02,mixed,7,107,5.35,189.69888305664062,252.3280487060547,0.22167766094207764,90.03919219970703,0.0018463235132821598,500.16605343813944,0.0003691407453701041,1.52587890625e-05,0.0,3.570561149482386e-06,0.400233486395726,0.26577913761138916,0.4524654448032379,0.3129883110523224,0.0,0.49463918805122375,0.3340056836605072,0.9031953811645508,0.21893486380577087,0.8393763303756714,1.8822064399719238,1.0000000|0.0000000|0.0000000|0.0000000|0.0000000|0.0000000|0.0000000|0.0000000|0.0000000|0.0000000,0,1.0,2.692218134195386,0,0,0,0,0,
cross_town,Town02,mixed,7,108,5.4,189.69888305664062,252.3280487060547,0.22167766094207764,90.03919219970703,0.0018463235132821598,500.16605343813944,0.0003691407453701041,1.52587890625e-05,0.0,4.325868069760579e-06,0.3929547815708122,0.041312575340270996,0.0408150851726532,0.20493926107883453,0.0,0.4146391749382019,0.25400567054748535,0.9599574208259583,0.800000011920929,0.4942363202571869,-1.8992458581924438,1.0000000|0.0000000|0.0000000|0.0000000|0.0000000|0.0000000|0.0000000|0.0000000|0.0000000|0.0000000,0,1.0,2.6672636973416073,0,0,0,0,0,
cross_town,Town02,mixed,7,109,5.45,189.69888305664062,252.3280487060547,0.22167766094207764,90.03919219970703,0.0018463235132821598,500.16605343813944,0.0003691407453701041,1.52587890625e-05,0.0,5.149842482179954e-06,0.45487707399629845,0.38147488236427307,0.43532538414001465,0.392572283744812,0.0,0.43532538414001465,0.3340056836605072,0.32431167364120483,0.21579544246196747,0.1006978303194046,1.5278260707855225,1.0000000|0.0000000|0.0000000|0.0000000|0.0000000|0.0000000|0.0000000|0.0000000|0.0000000|0.0000000,0,1.0,2.6261404706400495,0,0,0,0,0,
cross_town,Town02,mixed,7,110,5.5,189.69888305664062,252.3280487060547,0.22167766094207764,90.03919219970703,0.0018463235132821598,500.16605343813944,0.0003691407453701041,1.52587890625e-05,0.0,5.836487365705352e-06,0.40457300067981544,0.334017813205719,0.5159870982170105,0.39102014899253845,0.0,0.5153253674507141,0.39102014899253845,0.8482245206832886,0.21424417197704315,0.7159414887428284,1.8329471349716187,1.0000000|0.0000000|0.0000000|0.0000000|0.0000000|0.0000000|0.0000000|0.0000000|0.0000000|0.0000000,0,1.0,2.5723576291980517,0,0,0,0,0,
cross_town,Town02,mixed,7,111,5.55,189.69888305664062,252.3280487060547,0.22167766094207764,90.03919219970703,0.0018463235132821598,500.16605343813944,0.0003691407453701041,1.52587890625e-05,0.0,3.7766783134668644e-07,0.4092067767174294,0.31071847677230835,0.473990797996521,0.358389288187027,0.0,0.473990797996521,0.358389288187027,0.8106178045272827,0.21269364655017853,0.6508138179779053,1.9643219709396362,1.0000000|0.0000000|0.0000000|0.0000000|0.0000000|0.0000000|0.0000000|0.0000000|0.0000000|0.0000000,0,1.0,2.512094950680187,0,0,0,0,0,
cross_town,Town02,mixed,7,112,5.6,189.69888305664062,252.3280487060547,0.22167766094207764,90.03919219970703,0.0018463235132821598,500.16605343813944,0.0003691407453701041,1.52587890625e-05,0.0,1.0986415799006663e-06,0.3970692892272922,0.320880651473999,0.4935058355331421,0.379688024520874,0.0,0.4935058355331421,0.379688024520874,0.9212090373039246,0.21113796532154083,0.9035841226577759,1.8528064489364624,1.0000000|0.0000000|0.0000000|0.0000000|0.0000000|0.0000000|0.0000000|0.0000000|0.0000000|0.0000000,0,1.0,2.4524787164018256,0,0,0,0,0,
cross_town,Town02,mixed,7,113,5.65,189.69888305664062,252.3280487060547,0.22167766094207764,90.03919219970703,0.0018463235132821598,500.16605343813944,0.0003691407453701041,1.52587890625e-05,0.0,1.9226148286215346e-06,0.3903030927078162,0.3427363634109497,0.5278295278549194,0.3821178078651428,0.0,0.5278295278549194,0.3821178078651428,0.9755187630653381,0.20957566797733307,1.2116905450820923,1.9306834936141968,1.0000000|0.0000000|0.0000000|0.0000000|0.0000000|0.0000000|0.0000000|0.0000000|0.0000000|0.0000000,0,1.0,2.4001559277136666,0,0,0,0,0,
cross_town,Town02,mixed,7,114,5.7,189.69888305664062,252.3280487060547,0.22167766094207764,90.03919219970703,0.0018463235132821598,500.16605343813944,0.0003691407453701041,1.52587890625e-05,0.0,2.609254487568252e-06,0.4159405757134206,0.3246770203113556,0.4871874451637268,0.3605283498764038,0.0,0.4871874451637268,0.3605283498764038,0.6943458914756775,0.20800958573818207,0.4971194267272949,1.867689609527588,1.0000000|0.0000000|0.0000000|0.0000000|0.0000000|0.0000000|0.0000000|0.0000000|0.0000000|0.0000000,0,1.0,2.359421730814065,0,0,0,0,0,
cross_town,Town02,mixed,7,115,5.75,189.69888305664062,252.3280487060547,0.22167766094207764,90.03919219970703,0.0018463235132821598,500.16605343813944,0.0003691407453701041,1.52587890625e-05,0.0,3.26156890287049e-06,0.41755332797867917,0.3294352889060974,0.46417829394340515,0.37408447265625,0.0,0.46417829394340515,0.37408447265625,0.6618765592575073,0.20644597709178925,0.4614710211753845,1.7722800970077515,1.0000000|0.0000000|0.0000000|0.0000000|0.0000000|0.0000000|0.0000000|0.0000000|0.0000000|0.0000000,0,1.0,2.331861642748581,0,0,0,0,0,
cross_town,Town02,mixed,7,116,5.8,189.69888305664062,252.3280487060547,0.22167766094207764,90.03919219970703,0.0018463235132821598,500.16605343813944,0.0003691407453701041,1.52587890625e-05,0.0,3.982545911641895e-06,0.39684164721195453,0.2817325294017792,0.5088694095611572,0.40864482522010803,0.0,0.5088694095611572,0.40864482522010803,0.8367882966995239,0.20489351451396942,0.7037372589111328,1.8073606491088867,1.0000000|0.0000000|0.0000000|0.0000000|0.0000000|0.0000000|0.0000000|0.0000000|0.0000000|0.0000000,0,1.0,2.316077412290559,0,0,0,0,0,
cross_town,Town02,mixed,7,117,5.85,189.69888305664062,252.3280487060547,0.22167766094207764,90.03919219970703,0.0018463235132821598,500.16605343813944,0.0003691407453701041,1.52587890625e-05,0.0,4.8065204295612855e-06,0.44302345851816055,0.161016583442688,0.42585277557373047,0.3860013782978058,0.0,0.4288693964481354,0.3860013782978058,0.36281412839889526,0.2033606320619583,0.15584668517112732,1.8294509649276733,1.0000000|0.0000000|0.0000000|0.0000000|0.0000000|0.0000000|0.0000000|0.0000000|0.0000000|0.0000000,0,1.0,2.3084186860436398,0,0,0,0,0,
cross_town,Town02,mixed,7,118,5.9,189.69888305664062,252.3280487060547,0.22167766094207764,90.03919219970703,0.0018463235132821598,500.16605343813944,0.0003691407453701041,1.52587890625e-05,0.0,5.424499711787275e-06,0.3907721698220236,0.24521079659461975,0.5625861883163452,0.4351676404476166,0.0,0.5088694095611572,0.4351676404476166,0.8419371247291565,0.201853409409523,0.7163247466087341,1.8510308265686035,1.0000000|0.0000000|0.0000000|0.0000000|0.0000000|0.0000000|0.0000000|0.0000000|0.0000000|0.0000000,0,1.0,2.304678784615077,0,0,0,0,0,
cross_town,Town02,mixed,7,119,5.95,189.69888305664062,252.3280487060547,0.22167766094207764,90.03919219970703,0.0018463235132821598,500.16605343813944,0.0003691407453701041,1.52587890625e-05,0.0,1.3733181529087484e-07,0.40945932228532733,0.26890313625335693,0.4975249469280243,0.3805971145629883,0.0,0.4975249469280243,0.3805971145629883,0.6276240944862366,0.20037521421909332,0.4301341474056244,2.0623974800109863,1.0000000|0.0000000|0.0000000|0.0000000|0.0000000|0.0000000|0.0000000|0.0000000|0.0000000|0.0000000,0,1.0,2.299648352511107,0,0,0,0,0,
cross_town,Town02,mixed,7,120,6.0,189.69888305664062,252.3280487060547,0.22167766094207764,90.03919219970703,0.0018463235132821598,500.16605343813944,0.0003691407453701041,1.52587890625e-05,0.0,8.2397621367406e-07,0.36645505396490774,0.05004483461380005,0.08753988146781921,0.2594405710697174,0.0,0.41752493381500244,0.30059710144996643,0.9956825971603394,0.800000011920929,1.0601924657821655,-1.6789965629577637,1.0000000|0.0000000|0.0000000|0.0000000|0.0000000|0.0000000|0.0000000|0.0000000|0.0000000|0.0000000,0,1.0,2.28810168778975,0,0,0,0,0,
cross_town,Town02,mixed,7,121,6.05,189.69888305664062,252.3280487060547,0.22167766094207764,90.03919219970703,0.0018463235132821598,500.16605343813944,0.0003691407453701041,1.52587890625e-05,0.0,1.579286852568338e-06,0.37071788647742887,0.04732775688171387,0.043418943881988525,0.12932881712913513,0.0,0.3375249207019806,0.22059710323810577,0.9317825436592102,0.800000011920929,0.3535996973514557,-1.8481487035751343,1.0000000|0.0000000|0.0000000|0.0000000|0.0000000|0.0000000|0.0000000|0.0000000|0.0000000|0.0000000,0,1.0,2.25353764333413,0,0,0,0,0,
cross_town,Town02,mixed,7,122,6.1,189.69888305664062,252.3280487060547,0.22167766094207764,90.03919219970703,0.0018463235132821598,500.16605343813944,0.0003691407453701041,1.52587890625e-05,0.0,2.4032616413129647e-06,0.42009291977887303,0.23211577534675598,0.38200873136520386,0.45584726333618164,0.0,0.38200873136520386,0.30059710144996643,0.41629064083099365,0.1960957646369934,0.2193993628025055,1.6966440677642822,1.0000000|0.0000000|0.0000000|0.0000000|0.0000000|0.0000000|0.0000000|0.0000000|0.0000000|0.0000000,0,1.0,2.2150224303215564,0,0,0,0,0,
cross_town,Town02,mixed,7,123,6.15,189.69888305664062,252.3280487060547,0.22167766094207764,90.03919219970703,0.0018463235132821598,500.16605343813944,0.0003691407453701041,1.52587890625e-05,0.0,3.1242376183088574e-06,0.4276557707716788,0.28135740756988525,0.4602513313293457,0.39251577854156494,0.0,0.4602513313293457,0.3805971145629883,0.3184455633163452,0.19469612836837769,0.11507272720336914,1.9024375677108765,1.0000000|0.0000000|0.0000000|0.0000000|0.0000000|0.0000000|0.0000000|0.0000000|0.0000000|0.0000000,0,1.0,2.1780652436280126,0,0,0,0,0,
cross_town,Town02,mixed,7,124,6.2,189.69888305664062,252.3280487060547,0.22167766094207764,90.03919219970703,0.0018463235132821598,500.16605343813944,0.0003691407453701041,1.52587890625e-05,0.0,3.776552762810632e-06,0.3578182850578945,0.06000030040740967,0.07697984576225281,0.20975172519683838,0.0,0.38025131821632385,0.30059710144996643,0.9941217303276062,0.800000011920929,0.9826496839523315,-1.730817198753357,1.0000000|0.0000000|0.0000000|0.0000000|0.0000000|0.0000000|0.0000000|0.0000000|0.0000000|0.0000000,0,1.0,2.1404627332434853,0,0,0,0,0,
cross_town,Town02,mixed,7,125,6.25,189.69888305664062,252.3280487060547,0.22167766094207764,90.03919219970703,0.0018463235132821598,500.16605343813944,0.0003691407453701041,1.52587890625e-05,0.0,4.463197298197769e-06,0.3643446946039611,0.059889644384384155,0.055527448654174805,0.09029196947813034,0.0,0.300251305103302,0.22059710323810577,0.9056758880615234,0.800000011920929,0.2654860317707062,-1.8468226194381714,1.0000000|0.0000000|0.0000000|0.0000000|0.0000000|0.0000000|0.0000000|0.0000000|0.0000000|0.0000000,0,1.0,2.1032152997716445,0,0,0,0,0,
cross_town,Town02,mixed,7,126,6.3,189.69888305664062,252.3280487060547,0.22167766094207764,90.03919219970703,0.0018463235132821598,500.16605343813944,0.0003691407453701041,1.52587890625e-05,0.0,5.081177027493277e-06,0.42692352574120573,0.26579034328460693,0.48328080773353577,0.4492148160934448,0.0,0.38025131821632385,0.30059710144996643,0.2562183141708374,0.19054478406906128,0.04302580654621124,1.7261356115341187,1.0000000|0.0000000|0.0000000|0.0000000|0.0000000|0.0000000|0.0000000|0.0000000|0.0000000|0.0000000,0,1.0,2.065991470301716,0,0,0,0,0,
cross_town,Town02,mixed,7,127,6.35,189.69888305664062,252.3280487060547,0.22167766094207764,90.03919219970703,0.0018463235132821598,500.16605343813944,0.0003691407453701041,1.52587890625e-05,0.0,5.733490971802785e-06,0.3595620527145112,0.05988961458206177,0.055527448654174805,0.09029194712638855,0.0,0.300251305103302,0.22059710323810577,0.9056757688522339,0.800000011920929,0.2654857337474823,-1.8468225002288818,1.0000000|0.0000000|0.0000000|0.0000000|0.0000000|0.0000000|0.0000000|0.0000000|0.0000000|0.0000000,0,1.0,2.029018204283589,0,0,0,0,0,
cross_town,Town02,mixed,7,128,6.4,189.69888305664062,252.3280487060547,0.22167766094207764,90.03919219970703,0.0018463235132821598,500.16605343813944,0.0003691407453701041,1.52587890625e-05,0.0,5.493218892658544e-07,0.3651381974449104,0.052065759897232056,0.09692162275314331,0.12589433789253235,0.0,0.22025130689144135,0.14059710502624512,0.8252673149108887,0.800000011920929,0.0881124809384346,-1.3575750589370728,1.0000000|0.0000000|0.0000000|0.0000000|0.0000000|0.0000000|0.0000000|0.0000000|0.0000000|0.0000000,0,1.0,1.9921497941098378,0,0,0,0,0,
cross_town,Town02,mixed,7,129,6.45,189.69888305664062,252.3280487060547,0.22167766094207764,90.03919219970703,0.0018463235132821598,500.16605343813944,0.0003691407453701041,1.52587890625e-05,0.0,1.373295507999217e-06,0.40583782220830417,0.13568145036697388,0.5697534680366516,0.5179353356361389,0.0,0.300251305103302,0.22059710323810577,0.39313530921936035,0.18646784126758575,0.20499415695667267,1.6765800714492798,1.0000000|0.0000000|0.0000000|0.0000000|0.0000000|0.0000000|0.0000000|0.0000000|0.0000000|0.0000000,0,1.0,1.9553875245743497,0,0,0,0,0,
cross_town,Town02,mixed,7,130,6.5,189.69888305664062,252.3280487060547,0.22167766094207764,90.03919219970703,0.0018463235132821598,500.16605343813944,0.0003691407453701041,1.52587890625e-05,0.0,2.025605314962919e-06,0.4074291555415188,0.23390445113182068,0.44947293400764465,0.4396187663078308,0.0,0.38025131821632385,0.30059710144996643,0.35159677267074585,0.1851264387369156,0.16186659038066864,1.7504547834396362,1.0000000|0.0000000|0.0000000|0.0000000|0.0000000|0.0000000|0.0000000|0.0000000|0.0000000|0.0000000,0,1.0,1.9187471228972064,0,0,0,0,0,
cross_town,Town02,mixed,7,131,6.55,189.69888305664062,252.3280487060547,0.22167766094207764,90.03919219970703,0.0018463235132821598,500.16605343813944,0.0003691407453701041,1.52587890625e-05,0.0,2.712249708022714e-06,0.4108288456760329,0.3966813385486603,0.42654725909233093,0.37430787086486816,0.0,0.42654725909233093,0.37430787086486816,0.30359628796577454,0.18379417061805725,0.10864818096160889,1.8772963285446167,1.0000000|0.0000000|0.0000000|0.0000000|0.0000000|0.0000000|0.0000000|0.0000000|0.0000000|0.0000000,0,1.0,1.9799280792666474,0,0,0,0,0,
cross_town,Town02,mixed,7,132,6.6,189.69888305664062,252.3280487060547,0.22167766094207764,90.03919219970703,0.0018463235132821598,500.16605343813944,0.0003691407453701041,1.52587890625e-05,0.0,3.398895272471828e-06,0.36134424968081846,0.3735113739967346,0.47110360860824585,0.382493257522583,0.0,0.47110360860824585,0.382493257522583,0.8386545777320862,0.18249674141407013,0.7295661568641663,2.059187412261963,1.0000000|0.0000000|0.0000000|0.0000000|0.0000000|0.0000000|0.0000000|0.0000000|0.0000000|0.0000000,0,1.0,2.0995054254652823,0,0,0,0,0,
cross_town,Town02,mixed,7,133,6.65,189.69888305664062,252.3280487060547,0.22167766094207764,90.03919219970703,0.0018463235132821598,500.16605343813944,0.0003691407453701041,1.52587890625e-05,0.0,4.051209595914761e-06,0.4027056799304652,0.4194311499595642,0.45559027791023254,0.4046782851219177,0.0,0.45559027791023254,0.4046782851219177,0.39705124497413635,0.1813008338212967,0.21425744891166687,2.189263343811035,1.0000000|0.0000000|0.0000000|0.0000000|0.0000000|0.0000000|0.0000000|0.0000000|0.0000000|0.0000000,0,1.0,2.2041619262862016,0,0,0,0,0,
cross_town,Town02,mixed,7,134,6.7,189.69888305664062,252.3280487060547,0.22167766094207764,90.03919219970703,0.0018463235132821598,500.16605343813944,0.0003691407453701041,1.52587890625e-05,0.0,4.737855283962137e-06,0.39261949158523407,0.4189454913139343,0.5354257822036743,0.3902736008167267,0.0,0.5354257822036743,0.3902736008167267,0.47931867837905884,0.1801941692829132,0.2991127371788025,2.226245880126953,1.0000000|0.0000000|0.0000000|0.0000000|0.0000000|0.0000000|0.0000000|0.0000000|0.0000000|0.0000000,0,1.0,2.26652318434616,0,0,0,0,0,
cross_town,Town02,mixed,7,135,6.75,189.69888305664062,252.3280487060547,0.22167766094207764,90.03919219970703,0.0018463235132821598,500.16605343813944,0.0003691407453701041,1.52587890625e-05,0.0,5.5618292193477325e-06,0.3485539821098549,0.030365020036697388,0.21888399124145508,0.3526477813720703,0.0,0.45542576909065247,0.3526477813720703,0.8838503956794739,0.800000011920929,0.20735208690166473,-1.631018877029419,1.0000000|0.0000000|0.0000000|0.0000000|0.0000000|0.0000000|0.0000000|0.0000000|0.0000000|0.0000000,0,1.0,2.280563718582657,0,0,0,0,0,
cross_town,Town02,mixed,7,136,6.8,189.69888305664062,252.3280487060547,0.22167766094207764,90.03919219970703,0.0018463235132821598,500.16605343813944,0.0003691407453701041,1.52587890625e-05,0.0,2.7466016917165644e-07,0.3997399099806517,0.4178873300552368,0.4153899550437927,0.40563249588012695,0.0,0.3754257559776306,0.40563249588012695,0.33359354734420776,0.17814835906028748,0.14885753393173218,2.1455211639404297,1.0000000|0.0000000|0.0000000|0.0000000|0.0000000|0.0000000|0.0000000|0.0000000|0.0000000|0.0000000,0,1.0,2.2450735342070303,0,0,0,0,0,
cross_town,Town02,mixed,7,137,6.85,189.69888305664062,252.3280487060547,0.22167766094207764,90.03919219970703,0.0018463235132821598,500.16605343813944,0.0003691407453701041,1.52587890625e-05,0.0,1.029968626125906e-06,0.40076944840552153,0.4414530098438263,0.5968097448348999,0.41139814257621765,0.0,0.45542576909065247,0.41139814257621765,0.33444759249687195,0.17716073989868164,0.15080496668815613,2.363266706466675,1.0000000|0.0000000|0.0000000|0.0000000|0.0000000|0.0000000|0.0000000|0.0000000|0.0000000|0.0000000,0,1.0,2.188438602209179,0,0,0,0,0,
cross_town,Town02,mixed,7,138,6.9,189.69888305664062,252.3280487060547,0.22167766094207764,90.03919219970703,0.0018463235132821598,500.16605343813944,0.0003691407453701041,1.52587890625e-05,0.0,1.8539454145065663e-06,0.3243359825576467,0.07383829355239868,0.10648748278617859,0.15068498253822327,0.0,0.3754257559776306,0.3313981294631958,0.9994373917579651,0.800000011920929,1.5706168413162231,-1.489749550819397,1.0000000|0.0000000|0.0000000|0.0000000|0.0000000|0.0000000|0.0000000|0.0000000|0.0000000|0.0000000,0,1.0,2.0791848322547515,0,0,0,0,0,
cross_town,Town02,mixed,7,139,6.95,189.69888305664062,252.3280487060547,0.22167766094207764,90.03919219970703,0.0018463235132821598,500.16605343813944,0.0003691407453701041,1.52587890625e-05,0.0,2.6779180844428896e-06,0.39459093723037997,0.4240925908088684,0.5158214569091797,0.4368572533130646,0.0,0.45542576909065247,0.41139814257621765,0.2729473412036896,0.17516762018203735,0.07990237325429916,2.2513487339019775,1.0000000|0.0000000|0.0000000|0.0000000|0.0000000|0.0000000|0.0000000|0.0000000|0.0000000|0.0000000,0,1.0,1.9927449174740874,0,0,0,0,0,
cross_town,Town02,mixed,7,140,7.0,189.69888305664062,252.3280487060547,0.22167766094207764,90.03919219970703,0.0018463235132821598,500.16605343813944,0.0003691407453701041,1.52587890625e-05,0.0,3.330231627946736e-06,0.36683950874848587,0.4100634455680847,0.5448943972587585,0.3775918781757355,0.0,0.5354257822036743,0.3775918781757355,0.5883204340934753,0.17413996160030365,0.41511669754981995,2.15291166305542,1.0000000|0.0000000|0.0000000|0.0000000|0.0000000|0.0000000|0.0000000|0.0000000|0.0000000|0.0000000,0,1.0,1.8672692709699268,0,0,0,0,0,
cross_town,Town02,mixed,7,141,7.05,189.69888305664062,252.3280487060547,0.22167766094207764,90.03919219970703,0.0018463235132821598,500.16605343813944,0.0003691407453701041,1.52587890625e-05,0.0,4.016876155095362e-06,0.3295469642011766,0.030095994472503662,0.17460381984710693,0.3234754502773285,0.0,0.45542576909065247,0.3234754502773285,0.9131965637207031,0.800000011920929,0.2883262634277344,-1.6939496994018555,1.0000000|0.0000000|0.0000000|0.0000000|0.0000000|0.0000000|0.0000000|0.0000000|0.0000000|0.0000000,0,1.0,1.7633011726935623,0,0,0,0,0,
cross_town,Town02,mixed,7,142,7.1,189.69888305664062,252.3280487060547,0.22167766094207764,90.03919219970703,0.0018463235132821598,500.16605343813944,0.0003691407453701041,1.52587890625e-05,0.0,4.703521886546728e-06,0.32138744703294553,0.04457560181617737,0.03646358847618103,0.17981325089931488,0.0,0.3754257559776306,0.24347545206546783,0.9249413013458252,0.800000011920929,0.32786500453948975,-1.9124021530151367,1.0000000|0.0000000|0.0000000|0.0000000|0.0000000|0.0000000|0.0000000|0.0000000|0.0000000|0.0000000,0,1.0,1.6495508424979966,0,0,0,0,0,
cross_town,Town02,mixed,7,143,7.15,189.69888305664062,252.3280487060547,0.22167766094207764,90.03919219970703,0.0018463235132821598,500.16605343813944,0.0003691407453701041,1.52587890625e-05,0.0,5.355835810148433e-06,0.33090884385039054,0.044036686420440674,0.07107710838317871,0.15270937979221344,0.0,0.29542574286460876,0.16347545385360718,0.799907386302948,0.800000011920929,0.046428874135017395,-1.5695887804031372,1.0000000|0.0000000|0.0000000|0.0000000|0.0000000|0.0000000|0.0000000|0.0000000|0.0000000|0.0000000,0,1.0,1.5507910671348493,0,0,0,0,0,
cross_town,Town02,mixed,7,144,7.2,189.69888305664062,252.3280487060547,0.22167766094207764,90.03919219970703,0.0018463235132821598,500.16605343813944,0.0003691407453701041,1.52587890625e-05,0.0,0.0,0.3848269670067356,0.3460294008255005,0.37937355041503906,0.4233878254890442,0.0,0.3754257559776306,0.24347545206546783,0.23077473044395447,0.16967198252677917,0.029342595487833023,1.5874462127685547,1.0000000|0.0000000|0.0000000|0.0000000|0.0000000|0.0000000|0.0000000|0.0000000|0.0000000|0.0000000,0,1.0,1.63777844210905,0,0,0,0,0,
cross_town,Town02,mixed,7,145,7.25,189.69888305664062,252.3280487060547,0.22167766094207764,90.03919219970703,0.0018463235132821598,500.16605343813944,0.0003691407453701041,1.52587890625e-05,0.0,6.86647019409602e-07,0.37385603686698915,0.3919563293457031,0.30246788263320923,0.36717697978019714,0.0,0.29542574286460876,0.3234754502773285,0.31531280279159546,0.16851863265037537,0.13763213157653809,1.8365827798843384,1.0000000|0.0000000|0.0000000|0.0000000|0.0000000|0.0000000|0.0000000|0.0000000|0.0000000|0.0000000,0,1.0,2.083590159424742,0,0,0,0,0,
cross_town,Town02,mixed,7,146,7.3,189.69888305664062,252.3280487060547,0.22167766094207764,90.03919219970703,0.0018463235132821598,500.16605343813944,0.0003691407453701041,1.52587890625e-05,0.0,1.5106227262054733e-06,0.38034152527746945,0.4602825343608856,0.7158350348472595,0.5351266860961914,0.0,0.3754257559776306,0.40347546339035034,0.2325499802827835,0.16756905615329742,0.03393891453742981,2.4846367835998535,1.0000000|0.0000000|0.0000000|0.0000000|0.0000000|0.0000000|0.0000000|0.0000000|0.0000000|0.0000000,0,1.0,3.1408569448147703,0,0,0,0,0,
cross_town,Town02,mixed,7,147,7.35,189.69888305664062,252.3280487060547,0.22167766094207764,90.03919219970703,0.0018463235132821598,500.16605343813944,0.0003691407453701041,1.52587890625e-05,0.0,2.197266446140554e-06,0.30834932855614383,0.07692617177963257,0.1125873327255249,-0.10113877803087234,0.0,0.29542574286460876,0.3234754502773285,0.9422417879104614,0.800000011920929,0.39799922704696655,-1.6070985794067383,1.0000000|0.0000000|0.0000000|0.0000000|0.0000000|0.0000000|0.0000000|0.0000000|0.0000000|0.0000000,0,1.0,6.582547171909873,0,0,0,0,0,
cross_town,Town02,mixed,7,148,7.4,189.69888305664062,252.3280487060547,0.22167766094207764,90.03919219970703,0.0018463235132821598,500.16605343813944,0.0003691407453701041,1.52587890625e-05,0.0,2.883912602967545e-06,0.3089840576308056,0.09710007905960083,0.09670573472976685,-0.041103627532720566,0.0,0.2154257446527481,0.24347545206546783,0.9332815408706665,0.800000011920929,0.3595561385154724,-1.748945951461792,1.0000000|0.0000000|0.0000000|0.0000000|0.0000000|0.0000000|0.0000000|0.0000000|0.0000000|0.0000000,0,1.0,11.908191326624532,0,0,0,0,0,
cross_town,Town02,mixed,7,149,7.45,189.69888305664062,252.3280487060547,0.22167766094207764,90.03919219970703,0.0018463235132821598,500.16605343813944,0.0003691407453701041,1.52587890625e-05,0.0,3.5705576225419384e-06,0.3769433906709443,0.35744234919548035,0.6739487648010254,0.7755728363990784,0.0,0.29542574286460876,0.3234754502773285,0.2537105977535248,0.16643238067626953,0.06383783370256424,2.6673827171325684,1.0000000|0.0000000|0.0000000|0.0000000|0.0000000|0.0000000|0.0000000|0.0000000|0.0000000|0.0000000,0,1.0,11.862469325742417,0,0,0,0,0,
cross_town,Town02,mixed,7,150,7.5,189.69888305664062,252.3280487060547,0.22167766094207764,90.03919219970703,0.0018463235132821598,500.16605343813944,0.0003691407453701041,1.52587890625e-05,0.0,4.394533445377977e-06,0.3782830128814344,0.4338911175727844,0.6107403039932251,0.7637802958488464,0.0,0.3754257559776306,0.40347546339035034,0.24040642380714417,0.1664332002401352,0.045953650027513504,2.8820509910583496,1.0000000|0.0000000|0.0000000|0.0000000|0.0000000|0.0000000|0.0000000|0.0000000|0.0000000|0.0000000,0,1.0,11.192536416869416,0,0,0,0,0,
cross_town,Town02,mixed,7,151,7.55,189.69888305664062,252.3280487060547,0.22167766094207764,90.03919219970703,0.0018463235132821598,500.16605343813944,0.0003691407453701041,1.52587890625e-05,0.0,5.1155098668820285e-06,0.375783511268119,0.4594775438308716,0.5842092037200928,0.7026420831680298,0.0,0.45542576909065247,0.4834754765033722,0.2655027210712433,0.166436567902565,0.07917310297489166,2.6399903297424316,1.0000000|0.0000000|0.0000000|0.0000000|0.0000000|0.0000000|0.0000000|0.0000000|0.0000000|0.0000000,0,1.0,10.755605462575879,0,0,0,0,0,
cross_town,Town02,mixed,7,152,7.6,189.69888305664062,252.3280487060547,0.22167766094207764,90.03919219970703,0.0018463235132821598,500.16605343813944,0.0003691407453701041,1.52587890625e-05,0.0,5.8021547983467285e-06,0.3831320872773255,0.4490479826927185,0.48230862617492676,0.5239483118057251,0.0,0.48230862617492676,0.5239483118057251,0.24924631416797638,0.16644027829170227,0.05790072679519653,2.1275908946990967,1.0000000|0.0000000|0.0000000|0.0000000|0.0000000|0.0000000|0.0000000|0.0000000|0.0000000|0.0000000,0,1.0,10.563743539806023,0,0,0,0,0,
cross_town,Town02,mixed,7,153,7.65,189.69888305664062,252.3280487060547,0.22167766094207764,90.03919219970703,0.0018463235132821598,500.16605343813944,0.0003691407453701041,1.52587890625e-05,0.0,4.11988918386925e-07,0.3769356411429712,0.45308008790016174,0.5011445879936218,0.43323153257369995,0.0,0.5011445879936218,0.44394829869270325,0.2541370391845703,0.16644340753555298,0.06438952684402466,2.1429858207702637,1.0000000|0.0000000|0.0000000|0.0000000|0.0000000|0.0000000|0.0000000|0.0000000|0.0000000|0.0000000,0,1.0,10.56899465640515,0,0,0,0,0,
cross_town,Town02,mixed,7,154,7.7,189.69888305664062,252.3280487060547,0.22167766094207764,90.03919219970703,0.0018463235132821598,500.16605343813944,0.0003691407453701041,1.52587890625e-05,0.0,1.0986341622392131e-06,0.3788518398655903,0.502498984336853,0.421920508146286,0.591882586479187,0.0,0.4211445748806,0.5239483118057251,0.23502415418624878,0.16644595563411713,0.03851504251360893,2.430556297302246,1.0000000|0.0000000|0.0000000|0.0000000|0.0000000|0.0000000|0.0000000|0.0000000|0.0000000|0.0000000,0,1.0,10.674454159857888,0,0,0,0,0,
cross_town,Town02,mixed,7,155,7.75,189.69888305664062,252.3280487060547,0.22167766094207764,90.03919219970703,0.0018463235132821598,500.16605343813944,0.0003691407453701041,1.52587890625e-05,0.0,1.7852811355269732e-06,0.30239372758784056,0.04352405667304993,0.1835414171218872,-0.1667054444551468,0.0,0.3411445617675781,0.44394829869270325,0.9996390342712402,0.800000011920929,1.681578278541565,-0.8397437334060669,1.0000000|0.0000000|0.0000000|0.0000000|0.0000000|0.0000000|0.0000000|0.0000000|0.0000000|0.0000000,0,1.0,10.815026494419826,0,0,0,0,0,
cross_town,Town02,mixed,7,156,7.8,189.69888305664062,252.3280487060547,0.22167766094207764,90.03919219970703,0.0018463235132821598,500.16605343813944,0.0003691407453701041,1.52587890625e-05,0.0,2.609256270156127e-06,0.37711770071561296,0.41953402757644653,0.6543176174163818,0.6567306518554688,0.0,0.4211445748806,0.5239483118057251,0.2524269223213196,0.16644899547100067,0.06212345510721207,2.6775927543640137,1.0000000|0.0000000|0.0000000|0.0000000|0.0000000|0.0000000|0.0000000|0.0000000|0.0000000|0.0000000,0,1.0,10.966441321281437,0,0,0,0,0,
cross_town,Town02,mixed,7,157,7.85,189.69888305664062,252.3280487060547,0.22167766094207764,90.03919219970703,0.0018463235132821598,500.16605343813944,0.0003691407453701041,1.52587890625e-05,0.0,3.2958989283541504e-06,0.3023986376726747,0.043524086475372314,0.18354153633117676,-0.16670532524585724,0.0,0.3411445617675781,0.44394829869270325,0.9996390342712402,0.800000011920929,1.68157160282135,-0.8397431373596191,1.0000000|0.0000000|0.0000000|0.0000000|0.0000000|0.0000000|0.0000000|0.0000000|0.0000000|0.0000000,0,1.0,11.113238625478093,0,0,0,0,0,
cross_town,Town02,mixed,7,158,7.9,189.69888305664062,252.3280487060547,0.22167766094207764,90.03919219970703,0.0018463235132821598,500.16605343813944,0.0003691407453701041,1.52587890625e-05,0.0,4.119874399566082e-06,0.37543688455309315,0.4259195923805237,0.6522255539894104,0.6640381813049316,0.0,0.4211445748806,0.5239483118057251,0.26926884055137634,0.16645078361034393,0.08396540582180023,2.526089668273926,1.0000000|0.0000000|0.0000000|0.0000000|0.0000000|0.0000000|0.0000000|0.0000000|0.0000000|0.0000000,0,1.0,11.143201434248672,0,0,0,0,0,
cross_town,Town02,mixed,7,159,7.95,189.69888305664062,252.3280487060547,0.22167766094207764,90.03919219970703,0.0018463235132821598,500.16605343813944,0.0003691407453701041,1.52587890625e-05,0.0,4.806518509577804e-06,0.38430546926163045,0.48060253262519836,0.5751760601997375,0.4911436140537262,0.0,0.5011445879936218,0.4911436140537262,0.24446924030780792,0.16645123064517975,0.05146604776382446,2.4485249519348145,1.0000000|0.0000000|0.0000000|0.0000000|0.0000000|0.0000000|0.0000000|0.0000000|0.0000000|0.0000000,0,1.0,11.151047265079924,0,0,0,0,0,
cross_town,Town02,mixed,7,160,8.0,189.69888305664062,252.3280487060547,0.22167766094207764,90.03919219970703,0.0018463235132821598,500.16605343813944,0.0003691407453701041,1.52587890625e-05,0.0,5.4931637450684685e-06,0.38030089357181673,0.5149039030075073,0.4344272017478943,0.5394783616065979,0.0,0.4211445748806,0.5394783616065979,0.26939380168914795,0.16645123064517975,0.0841236487030983,2.3288025856018066,1.0000000|0.0000000|0.0000000|0.0000000|0.0000000|0.0000000|0.0000000|0.0000000|0.0000000|0.0000000,0,1.0,11.536886243467055,0,0,0,0,0,
cross_town,Town02,mixed,7,161,8.05,189.69888305664062,252.3280487060547,0.22167766094207764,90.03919219970703,0.0018463235132821598,500.16605343813944,0.0003691407453701041,1.52587890625e-05,0.0,1.3733183030213498e-07,0.37767419108833733,0.4724777638912201,0.573977530002594,0.3801426291465759,0.0,0.5011445879936218,0.45947834849357605,0.24689577519893646,0.16645123064517975,0.05473944544792175,2.386763572692871,1.0000000|0.0000000|0.0000000|0.0000000|0.0000000|0.0000000|0.0000000|0.0000000|0.0000000|0.0000000,0,1.0,12.018475330416456,0,0,0,0,0,
cross_town,Town02,mixed,7,162,8.1,189.69888305664062,252.3280487060547,0.22167766094207764,90.03919219970703,0.0018463235132821598,500.16605343813944,0.0003691407453701041,1.52587890625e-05,0.0,8.239760851365288e-07,0.3028137300321049,0.030087321996688843,0.3393787443637848,0.20550216734409332,0.0,0.4211445748806,0.3794783353805542,0.995500385761261,0.800000011920929,1.049811601638794,-1.242008090019226,1.0000000|0.0000000|0.0000000|0.0000000|0.0000000|0.0000000|0.0000000|0.0000000|0.0000000|0.0000000,0,1.0,12.367356005993178,0,0,0,0,0,
cross_town,Town02,mixed,7,163,8.15,189.69888305664062,252.3280487060547,0.22167766094207764,90.03919219970703,0.0018463235132821598,500.16605343813944,0.0003691407453701041,1.52587890625e-05,0.0,1.5106217008308277e-06,0.3694661412545628,0.4896215796470642,0.4548441171646118,0.7352074384689331,0.0,0.3411445617675781,0.45947834849357605,0.32897627353668213,0.16645123064517975,0.15534403920173645,2.650266170501709,1.0000000|0.0000000|0.0000000|0.0000000|0.0000000|0.0000000|0.0000000|0.0000000|0.0000000|0.0000000,0,1.0,12.606261561541531,0,0,0,0,0,
cross_town,Town02,mixed,7,164,8.2,189.69888305664062,252.3280487060547,0.22167766094207764,90.03919219970703,0.0018463235132821598,500.16605343813944,0.0003691407453701041,1.52587890625e-05,0.0,2.1972663395858606e-06,0.3760014418670124,0.4093565046787262,0.6546424627304077,0.6385023593902588,0.0,0.4211445748806,0.5394783616065979,0.26362326741218567,0.16645123064517975,0.07674358785152435,2.307490348815918,1.0000000|0.0000000|0.0000000|0.0000000|0.0000000|0.0000000|0.0000000|0.0000000|0.0000000|0.0000000,0,1.0,12.718954017750278,0,0,0,0,0,
cross_town,Town02,mixed,7,165,8.25,189.69888305664062,252.3280487060547,0.22167766094207764,90.03919219970703,0.0018463235132821598,500.16605343813944,0.0003691407453701041,1.52587890625e-05,0.0,2.95257574141101e-06,0.3759325597592777,0.4896148443222046,0.5961270332336426,0.43181854486465454,0.0,0.5011445879936218,0.45947834849357605,0.26431208848953247,0.16645123064517975,0.07762989401817322,2.50075626373291,1.0000000|0.0000000|0.0000000|0.0000000|0.0000000|0.0000000|0.0000000|0.0000000|0.0000000|0.0000000,0,1.0,12.711635038450787,0,0,0,0,0,
cross_town,Town02,mixed,7,166,8.3,189.69888305664062,252.3280487060547,0.22167766094207764,90.03919219970703,0.0018463235132821598,500.16605343813944,0.0003691407453701041,1.52587890625e-05,0.0,3.7078871209048493e-06,0.37881566771950187,0.49218618869781494,0.41215282678604126,0.5620056390762329,0.0,0.4211445748806,0.5394783616065979,0.23548100888729095,0.16645123064517975,0.03914462774991989,2.2736494541168213,1.0000000|0.0000000|0.0000000|0.0000000|0.0000000|0.0000000|0.0000000|0.0000000|0.0000000|0.0000000,0,1.0,12.59798588232463,0,0,0,0,0,
cross_town,Town02,mixed,7,167,8.35,189.69888305664062,252.3280487060547,0.22167766094207764,90.03919219970703,0.0018463235132821598,500.16605343813944,0.0003691407453701041,1.52587890625e-05,0.0,4.531860723189236e-06,0.3769696030923313,0.46906477212905884,0.5680288076400757,0.441113144159317,0.0,0.5011445879936218,0.45947834849357605,0.2539416551589966,0.16645123064517975,0.0641239732503891,2.3300182819366455,1.0000000|0.0000000|0.0000000|0.0000000|0.0000000|0.0000000|0.0000000|0.0000000|0.0000000|0.0000000,0,1.0,12.393371596834232,0,0,0,0,0,
cross_town,Town02,mixed,7,168,8.4,189.69888305664062,252.3280487060547,0.22167766094207764,90.03919219970703,0.0018463235132821598,500.16605343813944,0.0003691407453701041,1.52587890625e-05,0.0,5.218506144471714e-06,0.30281374195303384,0.03008735179901123,0.3393787443637848,0.20550230145454407,0.0,0.4211445748806,0.3794783353805542,0.9955002665519714,0.800000011920929,1.049804925918579,-1.242006540298462,1.0000000|0.0000000|0.0000000|0.0000000|0.0000000|0.0000000|0.0000000|0.0000000|0.0000000|0.0000000,0,1.0,12.131810479885292,0,0,0,0,0,
cross_town,Town02,mixed,7,169,8.45,189.69888305664062,252.3280487060547,0.22167766094207764,90.03919219970703,0.0018463235132821598,500.16605343813944,0.0003691407453701041,1.52587890625e-05,0.0,5.905151178579286e-06,0.3666699085542149,0.49767962098121643,0.46678417921066284,0.7420971393585205,0.0,0.3411445617675781,0.45947834849357605,0.35693860054016113,0.16645123064517975,0.18637967109680176,2.827968120574951,1.0000000|0.0000000|0.0000000|0.0000000|0.0000000|0.0000000|0.0000000|0.0000000|0.0000000|0.0000000,0,1.0,11.876163528125524,0,0,0,0,0,
cross_town,Town02,mixed,7,170,8.5,189.69888305664062,252.3280487060547,0.22167766094207764,90.03919219970703,0.0018463235132821598,500.16605343813944,0.0003691407453701041,1.52587890625e-05,0.0,5.493178397845115e-07,0.3758226905175633,0.4142681956291199,0.6579305529594421,0.6407283544540405,0.0,0.4211445748806,0.5394783616065979,0.26541078090667725,0.16645123064517975,0.07904060930013657,2.3717844486236572,1.0000000|0.0000000|0.0000000|0.0000000|0.0000000|0.0000000|0.0000000|0.0000000|0.0000000|0.0000000,0,1.0,11.699374032520694,0,0,0,0,0,
cross_town,Town02,mixed,7,171,8.55,189.69888305664062,252.3280487060547,0.22167766094207764,90.03919219970703,0.0018463235132821598,500.16605343813944,0.0003691407453701041,1.52587890625e-05,0.0,1.2359633510094036e-06,0.30240696409429974,0.04460838437080383,0.19315946102142334,-0.15741755068302155,0.0,0.3411445617675781,0.45947834849357605,0.9995680451393127,0.800000011920929,1.6366689205169678,-0.6849758625030518,1.0000000|0.0000000|0.0000000|0.0000000|0.0000000|0.0000000|0.0000000|0.0000000|0.0000000|0.0000000,0,1.0,11.643591407728549,0,0,0,0,0,
cross_town,Town02,mixed,7,172,8.6,189.69888305664062,252.3280487060547,0.22167766094207764,90.03919219970703,0.0018463235132821598,500.16605343813944,0.0003691407453701041,1.52587890625e-05,0.0,1.9226096579488906e-06,0.36848649421419566,0.43152642250061035,0.6775078773498535,0.6638365387916565,0.0,0.4211445748806,0.5394783616065979,0.3387727439403534,0.16645123064517975,0.16635675728321075,2.335958957672119,1.0000000|0.0000000|0.0000000|0.0000000|0.0000000|0.0000000|0.0000000|0.0000000|0.0000000|0.0000000,0,1.0,11.695594512007977,0,0,0,0,0,
cross_town,Town02,mixed,7,173,8.65,189.69888305664062,252.3280487060547,0.22167766094207764,90.03919219970703,0.0018463235132821598,500.16605343813944,0.0003691407453701041,1.52587890625e-05,0.0,2.7465852526524152e-06,0.37599019745077555,0.45469167828559875,0.5790196657180786,0.3870425820350647,0.0,0.5011445879936218,0.45947834849357605,0.26373571157455444,0.16645123064517975,0.07688834518194199,2.2563910484313965,1.0000000|0.0000000|0.0000000|0.0000000|0.0000000|0.0000000|0.0000000|0.0000000|0.0000000|0.0000000,0,1.0,11.816004217807572,0,0,0,0,0,
cross_town,Town02,mixed,7,174,8.7,189.69888305664062,252.3280487060547,0.22167766094207764,90.03919219970703,0.0018463235132821598,500.16605343813944,0.0003691407453701041,1.52587890625e-05,0.0,3.467559894513758e-06,0.3786070753046458,0.5015562772750854,0.425876259803772,0.5905802845954895,0.0,0.4211445748806,0.5394783616065979,0.23756693303585052,0.16645123064517975,0.04203248396515846,2.395608901977539,1.0000000|0.0000000|0.0000000|0.0000000|0.0000000|0.0000000|0.0000000|0.0000000|0.0000000|0.0000000,0,1.0,11.974553993347332,0,0,0,0,0,
cross_town,Town02,mixed,7,175,8.75,189.69888305664062,252.3280487060547,0.22167766094207764,90.03919219970703,0.0018463235132821598,500.16605343813944,0.0003691407453701041,1.52587890625e-05,0.0,4.257203911253952e-06,0.3760681782075351,0.4688437879085541,0.5764726996421814,0.42432698607444763,0.0,0.5011445879936218,0.45947834849357605,0.262955904006958,0.16645123064517975,0.0758833959698677,2.3604087829589844,1.0000000|0.0000000|0.0000000|0.0000000|0.0000000|0.0000000|0.0000000|0.0000000|0.0000000|0.0000000,0,1.0,12.154584037604208,0,0,0,0,0,
cross_town,Town02,mixed,7,176,8.8,189.69888305664062,252.3280487060547,0.22167766094207764,90.03919219970703,0.0018463235132821598,500.16605343813944,0.0003691407453701041,1.52587890625e-05,0.0,4.9781798900137835e-06,0.376725072056908,0.4888189733028412,0.3997199833393097,0.6327643394470215,0.0,0.4211445748806,0.5394783616065979,0.25638696551322937,0.16645123064517975,0.06734054535627365,2.357907772064209,1.0000000|0.0000000|0.0000000|0.0000000|0.0000000|0.0000000|0.0000000|0.0000000|0.0000000|0.0000000,0,1.0,12.345502452796078,0,0,0,0,0,
cross_town,Town02,mixed,7,177,8.85,189.69888305664062,252.3280487060547,0.22167766094207764,90.03919219970703,0.0018463235132821598,500.16605343813944,0.0003691407453701041,1.52587890625e-05,0.0,5.66482548061983e-06,0.37021220866951227,0.455927312374115,0.5615313649177551,0.4634026885032654,0.0,0.5011445879936218,0.4634026885032654,0.32886552810668945,0.16645123064517975,0.15521861612796783,2.1328866481781006,1.0000000|0.0000000|0.0000000|0.0000000|0.0000000|0.0000000|0.0000000|0.0000000|0.0000000|0.0000000,0,1.0,12.523624242446884,0,0,0,0,0,
cross_town,Town02,mixed,7,178,8.9,189.69888305664062,252.3280487060547,0.22167766094207764,90.03919219970703,0.0018463235132821598,500.16605343813944,0.0003691407453701041,1.52587890625e-05,0.0,2.746601705237956e-07,0.3791442410656398,0.5001821517944336,0.4323326349258423,0.5619714260101318,0.0,0.4211445748806,0.5434026718139648,0.23219533264636993,0.16645123064517975,0.03455963730812073,2.342947483062744,1.0000000|0.0000000|0.0000000|0.0000000|0.0000000|0.0000000|0.0000000|0.0000000|0.0000000|0.0000000,0,1.0,12.667579426787688,0,0,0,0,0,
cross_town,Town02,mixed,7,179,8.95,189.69888305664062,252.3280487060547,0.22167766094207764,90.03919219970703,0.0018463235132821598,500.16605343813944,0.0003691407453701041,1.52587890625e-05,0.0,9.613051274345201e-07,0.3775263134547657,0.46553555130958557,0.5981870889663696,0.39376887679100037,0.0,0.5011445879936218,0.463402658700943,0.2483745515346527,0.16645123064517975,0.05672373250126839,2.3791942596435547,1.0000000|0.0000000|0.0000000|0.0000000|0.0000000|0.0000000|0.0000000|0.0000000|0.0000000|0.0000000,0,1.0,12.762704213390695,0,0,0,0,0,
cross_town,Town02,mixed,7,180,9.0,189.69888305664062,252.3280487060547,0.22167766094207764,90.03919219970703,0.0018463235132821598,500.16605343813944,0.0003691407453701041,1.52587890625e-05,0.0,1.6479506755397932e-06,0.37837459036793175,0.5199703574180603,0.41526341438293457,0.6081138253211975,0.0,0.4211445748806,0.5434026718139648,0.23989178240299225,0.16645123064517975,0.04523053392767906,2.5067477226257324,1.0000000|0.0000000|0.0000000|0.0000000|0.0000000|0.0000000|0.0000000|0.0000000|0.0000000|0.0000000,0,1.0,12.802316169057827,0,0,0,0,0,
cross_town,Town02,mixed,7,181,9.05,189.69888305664062,252.3280487060547,0.22167766094207764,90.03919219970703,0.0018463235132821598,500.16605343813944,0.0003691407453701041,1.52587890625e-05,0.0,2.40326083154411e-06,0.3729686860152668,0.46769553422927856,0.5828478336334229,0.43818336725234985,0.0,0.5011445879936218,0.463402658700943,0.2939508259296417,0.16645123064517975,0.11448068916797638,2.336367130279541,1.0000000|0.0000000|0.0000000|0.0000000|0.0000000|0.0000000|0.0000000|0.0000000|0.0000000|0.0000000,0,1.0,12.78961695052474,0,0,0,0,0,
cross_town,Town02,mixed,7,182,9.1,189.69888305664062,252.3280487060547,0.22167766094207764,90.03919219970703,0.0018463235132821598,500.16605343813944,0.0003691407453701041,1.52587890625e-05,0.0,3.2272365100791983e-06,0.37702241280760235,0.5039056539535522,0.40532252192497253,0.6353936791419983,0.0,0.4211445748806,0.5434026718139648,0.2534135580062866,0.16645123064517975,0.06342662870883942,2.4605677127838135,1.0000000|0.0000000|0.0000000|0.0000000|0.0000000|0.0000000|0.0000000|0.0000000|0.0000000|0.0000000,0,1.0,12.739357941689907,0,0,0,0,0,
cross_town,Town02,mixed,7,183,9.15,189.69888305664062,252.3280487060547,0.22167766094207764,90.03919219970703,0.0018463235132821598,500.16605343813944,0.0003691407453701041,1.52587890625e-05,0.0,3.982545060127681e-06,0.3600717429229206,0.44297122955322266,0.5559607148170471,0.4501291513442993,0.0,0.5011445879936218,0.463402658700943,0.42292025685310364,0.16645123064517975,0.25584959983825684,1.998375654220581,1.0000000|0.0000000|0.0000000|0.0000000|0.0000000|0.0000000|0.0000000|0.0000000|0.0000000|0.0000000,0,1.0,12.675046731121673,0,0,0,0,0,
cross_town,Town02,mixed,7,184,9.2,189.69888305664062,252.3280487060547,0.22167766094207764,90.03919219970703,0.0018463235132821598,500.16605343813944,0.0003691407453701041,1.52587890625e-05,0.0,4.634859039122415e-06,0.37458154597963744,0.4838826656341553,0.37934571504592896,0.6188160181045532,0.0,0.4211445748806,0.5434026718139648,0.27782222628593445,0.16645123064517975,0.09472628682851791,2.244905948638916,1.0000000|0.0000000|0.0000000|0.0000000|0.0000000|0.0000000|0.0000000|0.0000000|0.0000000|0.0000000,0,1.0,12.62189399887193,0,0,0,0,0,
cross_town,Town02,mixed,7,185,9.25,189.69888305664062,252.3280487060547,0.22167766094207764,90.03919219970703,0.0018463235132821598,500.16605343813944,0.0003691407453701041,1.52587890625e-05,0.0,5.321503042043286e-06,0.37500688770498675,0.46371570229530334,0.5721760988235474,0.4236082434654236,0.0,0.5011445879936218,0.463402658700943,0.2735688090324402,0.16645123064517975,0.08940111100673676,2.2787811756134033,1.0000000|0.0000000|0.0000000|0.0000000|0.0000000|0.0000000|0.0000000|0.0000000|0.0000000|0.0000000,0,1.0,12.599026877097218,0,0,0,0,0,
cross_town,Town02,mixed,7,186,9.3,189.69888305664062,252.3280487060547,0.22167766094207764,90.03919219970703,0.0018463235132821598,500.16605343813944,0.0003691407453701041,1.52587890625e-05,0.0,0.0,0.3775769148179478,0.5155041217803955,0.4118894636631012,0.6234093904495239,0.0,0.4211445748806,0.5434026718139648,0.24786853790283203,0.16645123064517975,0.05604559928178787,2.5028905868530273,1.0000000|0.0000000|0.0000000|0.0000000|0.0000000|0.0000000|0.0000000|0.0000000|0.0000000|0.0000000,0,1.0,12.615660338240538,0,0,0,0,0,
cross_town,Town02,mixed,7,187,9.35,189.69888305664062,252.3280487060547,0.22167766094207764,90.03919219970703,0.0018463235132821598,500.16605343813944,0.0003691407453701041,1.52587890625e-05,0.0,8.23974844657033e-07,0.3024326954194493,0.043885260820388794,0.19782066345214844,-0.15172675251960754,0.0,0.3411445617675781,0.463402658700943,0.9993107318878174,0.800000011920929,1.5198147296905518,-0.6472460627555847,1.0000000|0.0000000|0.0000000|0.0000000|0.0000000|0.0000000|0.0000000|0.0000000|0.0000000|0.0000000,0,1.0,12.67164927328225,0,0,0,0,0,
cross_town,Town02,mixed,7,188,9.4,189.69888305664062,252.3280487060547,0.22167766094207764,90.03919219970703,0.0018463235132821598,500.16605343813944,0.0003691407453701041,1.52587890625e-05,0.0,1.5106205746744878e-06,0.3060123179265446,0.06819078326225281,0.1364654302597046,-0.32081320881843567,0.0,0.2611445486545563,0.38340264558792114,0.963514506816864,0.800000011920929,0.5184180736541748,-1.1324833631515503,1.0000000|0.0000000|0.0000000|0.0000000|0.0000000|0.0000000|0.0000000|0.0000000|0.0000000|0.0000000,0,1.0,12.760187407100707,0,0,0,0,0,
cross_town,Town02,mixed,7,189,9.45,189.69888305664062,252.3280487060547,0.22167766094207764,90.03919219970703,0.0018463235132821598,500.16605343813944,0.0003691407453701041,1.52587890625e-05,0.0,2.1972660255859715e-06,0.36082235911573834,0.42971763014793396,0.7023950815200806,0.7197297811508179,0.0,0.3411445617675781,0.463402658700943,0.41541409492492676,0.16645123064517975,0.2481417953968048,2.7914986610412598,1.0000000|0.0000000|0.0000000|0.0000000|0.0000000|0.0000000|0.0000000|0.0000000|0.0000000|0.0000000,0,1.0,12.870208479692986,0,0,0,0,0,
cross_town,Town02,mixed,7,190,9.5,189.69888305664062,252.3280487060547,0.22167766094207764,90.03919219970703,0.0018463235132821598,500.16605343813944,0.0003691407453701041,1.52587890625e-05,0.0,2.8839114087717537e-06,0.3060123060056156,0.06819075345993042,0.13646548986434937,-0.3208131194114685,0.0,0.2611445486545563,0.38340264558792114,0.9635146260261536,0.800000011920929,0.5184191465377808,-1.132482886314392,1.0000000|0.0000000|0.0000000|0.0000000|0.0000000|0.0000000|0.0000000|0.0000000|0.0000000|0.0000000,0,1.0,12.988898599085822,0,0,0,0,0,
cross_town,Town02,mixed,7,191,9.55,189.69888305664062,252.3280487060547,0.22167766094207764,90.03919219970703,0.0018463235132821598,500.16605343813944,0.0003691407453701041,1.52587890625e-05,0.0,3.707885539600078e-06,0.3725577179500049,0.40441635251045227,0.7242134809494019,0.7304446697235107,0.0,0.3411445617675781,0.463402658700943,0.29806050658226013,0.16645123064517975,0.11941108852624893,2.7591981887817383,1.0000000|0.0000000|0.0000000|0.0000000|0.0000000|0.0000000|0.0000000|0.0000000|0.0000000|0.0000000,0,1.0,13.020830431891595,0,0,0,0,0,
cross_town,Town02,mixed,7,192,9.6,189.69888305664062,252.3280487060547,0.22167766094207764,90.03919219970703,0.0018463235132821598,500.16605343813944,0.0003691407453701041,1.52587890625e-05,0.0,4.394531416217802e-06,0.3682261500665135,0.45035508275032043,0.6971876621246338,0.6453217267990112,0.0,0.4211445748806,0.5434026718139648,0.3413761854171753,0.16645123064517975,0.16925692558288574,2.5771942138671875,1.0000000|0.0000000|0.0000000|0.0000000|0.0000000|0.0000000|0.0000000|0.0000000|0.0000000|0.0000000,0,1.0,12.97675869686716,0,0,0,0,0,
cross_town,Town02,mixed,7,193,9.65,189.69888305664062,252.3280487060547,0.22167766094207764,90.03919219970703,0.0018463235132821598,500.16605343813944,0.0003691407453701041,1.52587890625e-05,0.0,5.081177166625076e-06,0.3024326954194492,0.043885260820388794,0.19782069325447083,-0.151726633310318,0.0,0.3411445617675781,0.463402658700943,0.9993107318878174,0.800000011920929,1.5198041200637817,-0.6472451686859131,1.0000000|0.0000000|0.0000000|0.0000000|0.0000000|0.0000000|0.0000000|0.0000000|0.0000000|0.0000000,0,1.0,12.931262367696604,0,0,0,0,0,
cross_town,Town02,mixed,7,194,9.7,189.69888305664062,252.3280487060547,0.22167766094207764,90.03919219970703,0.0018463235132821598,500.16605343813944,0.0003691407453701041,1.52587890625e-05,0.0,5.767824997525141e-06,0.37599637547220655,0.42003369331359863,0.6773914098739624,0.6249324083328247,0.0,0.4211445748806,0.5434026718139648,0.26367393136024475,0.16645123064517975,0.07680878788232803,2.669771909713745,1.0000000|0.0000000|0.0000000|0.0000000|0.0000000|0.0000000|0.0000000|0.0000000|0.0000000|0.0000000,0,1.0,12.884375732862948,0,0,0,0,0,
cross_town,Town02,mixed,7,195,9.75,189.69888305664062,252.3280487060547,0.22167766094207764,90.03919219970703,0.0018463235132821598,500.16605343813944,0.0003691407453701041,1.52587890625e-05,0.0,4.806606543124329e-07,0.3759165201493684,0.45313718914985657,0.5803342461585999,0.38055408000946045,0.0,0.5011445879936218,0.463402658700943,0.26447248458862305,0.16645123064517975,0.07783607393503189,2.179542064666748,1.0000000|0.0000000|0.0000000|0.0000000|0.0000000|0.0000000|0.0000000|0.0000000|0.0000000|0.0000000,0,1.0,12.836303652073667,0,0,0,0,0,
cross_town,Town02,mixed,7,196,9.8,189.69888305664062,252.3280487060547,0.22167766094207764,90.03919219970703,0.0018463235132821598,500.16605343813944,0.0003691407453701041,1.52587890625e-05,0.0,1.2359623961919403e-06,0.3779866952606623,0.48756855726242065,0.407970130443573,0.5531094074249268,0.0,0.4211445748806,0.5434026718139648,0.24377073347568512,0.16645123064517975,0.0505196638405323,2.213280439376831,1.0000000|0.0000000|0.0000000|0.0000000|0.0000000|0.0000000|0.0000000|0.0000000|0.0000000|0.0000000,0,1.0,12.787194114071578,0,0,0,0,0,
cross_town,Town02,mixed,7,197,9.85,189.69888305664062,252.3280487060547,0.22167766094207764,90.03919219970703,0.0018463235132821598,500.16605343813944,0.0003691407453701041,1.52587890625e-05,0.0,1.8882786444553787e-06,0.3024326954194492,0.043885260820388794,0.1978207528591156,-0.15172676742076874,0.0,0.3411445617675781,0.463402658700943,0.9993107318878174,0.800000011920929,1.5198112726211548,-0.6472458839416504,1.0000000|0.0000000|0.0000000|0.0000000|0.0000000|0.0000000|0.0000000|0.0000000|0.0000000|0.0000000,0,1.0,12.737276470553072,0,0,0,0,0,
cross_town,Town02,mixed,7,198,9.9,189.69888305664062,252.3280487060547,0.22167766094207764,90.03919219970703,0.0018463235132821598,500.16605343813944,0.0003691407453701041,1.52587890625e-05,0.0,2.574922711407271e-06,0.37520523706163816,0.4205123484134674,0.6722309589385986,0.6390080451965332,0.0,0.4211445748806,0.5434026718139648,0.2715853154659271,0.16645123064517975,0.08690021932125092,2.4591376781463623,1.0000000|0.0000000|0.0000000|0.0000000|0.0000000|0.0000000|0.0000000|0.0000000|0.0000000|0.0000000,0,1.0,12.686728852340345,0,0,0,0,0,
cross_town,Town02,mixed,7,199,9.95,189.69888305664062,252.3280487060547,0.22167766094207764,90.03919219970703,0.0018463235132821598,500.16605343813944,0.0003691407453701041,1.52587890625e-05,0.0,3.227233906165853e-06,0.3024326954194492,0.04388529062271118,0.1978207230567932,-0.151726633310318,0.0,0.3411445617675781,0.463402658700943,0.9993107318878174,0.800000011920929,1.519805669784546,-0.6472452282905579,1.0000000|0.0000000|0.0000000|0.0000000|0.0000000|0.0000000|0.0000000|0.0000000|0.0000000|0.0000000,0,1.0,12.635758669120069,0,0,0,0,0,
cross_town,Town02,mixed,7,200,10.0,189.69888305664062,252.3280487060547,0.22167766094207764,90.03919219970703,0.0018463235132821598,500.16605343813944,0.0003691407453701041,1.52587890625e-05,0.0,3.879547755172289e-06,0.3784002382465786,0.3998197317123413,0.6486303806304932,0.5982586741447449,0.0,0.4211445748806,0.5434026718139648,0.23963530361652374,0.16645123064517975,0.04487873613834381,2.4312262535095215,1.0000000|0.0000000|0.0000000|0.0000000|0.0000000|0.0000000|0.0000000|0.0000000|0.0000000|0.0000000,0,1.0,12.584510068984182,0,0,0,0,0,
cross_town,Town02,mixed,7,201,10.05,189.69888305664062,252.3280487060547,0.22167766094207764,90.03919219970703,0.0018463235132821598,500.16605343813944,0.0003691407453701041,1.52587890625e-05,0.0,4.669192886565608e-06,0.30243269541944895,0.04388529062271118,0.19782060384750366,-0.15172670781612396,0.0,0.3411445617675781,0.463402658700943,0.9993107318878174,0.800000011920929,1.5198006629943848,-0.6472448110580444,1.0000000|0.0000000|0.0000000|0.0000000|0.0000000|0.0000000|0.0000000|0.0000000|0.0000000|0.0000000,0,1.0,12.533135063697467,0,0,0,0,0,
cross_town,Town02,mixed,7,202,10.1,189.69888305664062,252.3280487060547,0.22167766094207764,90.03919219970703,0.0018463235132821598,500.16605343813944,0.0003691407453701041,1.52587890625e-05,0.0,5.561830981089018e-06,0.38049621024813096,0.3809717893600464,0.6500254273414612,0.5627943277359009,0.0,0.4211445748806,0.5434026718139648,0.21867558360099792,0.16645123064517975,0.01519847847521305,2.505178451538086,1.0000000|0.0000000|0.0000000|0.0000000|0.0000000|0.0000000|0.0000000|0.0000000|0.0000000|0.0000000,0,1.0,12.481748392304702,0,0,0,0,0,
cross_town,Town02,mixed,7,203,10.15,189.69888305664062,252.3280487060547,0.22167766094207764,90.03919219970703,0.0018463235132821598,500.16605343813944,0.0003691407453701041,1.52587890625e-05,0.0,1.0304069097675988e-07,0.37444433310713215,0.4941881597042084,0.6069664359092712,0.41656410694122314,0.0,0.5011445879936218,0.463402658700943,0.27919435501098633,0.16645123064517975,0.09643343091011047,2.520644187927246,1.0000000|0.0000000|0.0000000|0.0000000|0.0000000|0.0000000|0.0000000|0.0000000|0.0000000|0.0000000,0,1.0,12.430423512373512,0,0,0,0,0,
cross_town,Town02,mixed,7,204,10.2,189.69888305664062,252.3280487060547,0.22167766094207764,90.03919219970703,0.0018463235132821598,500.16605343813944,0.0003691407453701041,1.52587890625e-05,0.0,7.896453140280698e-07,0.30274578669752517,0.028737515211105347,0.3616141676902771,0.19967985153198242,0.0,0.4211445748806,0.38340264558792114,0.9961798191070557,0.800000011920929,1.0909030437469482,-1.2275242805480957,1.0000000|0.0000000|0.0000000|0.0000000|0.0000000|0.0000000|0.0000000|0.0000000|0.0000000|0.0000000,0,1.0,12.379233814475045,0,0,0,0,0,
cross_town,Town02,mixed,7,205,10.25,189.69888305664062,252.3280487060547,0.22167766094207764,90.03919219970703,0.0018463235132821598,500.16605343813944,0.0003691407453701041,1.52587890625e-05,0.0,1.579285826171764e-06,0.3683879975387043,0.49048638343811035,0.4695282280445099,0.7462900876998901,0.0,0.3411445617675781,0.463402658700943,0.3397577106952667,0.16645123064517975,0.16745522618293762,2.7102880477905273,1.0000000|0.0000000|0.0000000|0.0000000|0.0000000|0.0000000|0.0000000|0.0000000|0.0000000|0.0000000,0,1.0,12.328201254935856,0,0,0,0,0,
cross_town,Town02,mixed,7,206,10.3,189.69888305664062,252.3280487060547,0.22167766094207764,90.03919219970703,0.0018463235132821598,500.16605343813944,0.0003691407453701041,1.52587890625e-05,0.0,2.4032610705749244e-06,0.37276395598139234,0.4360924959182739,0.6898376941680908,0.6419113278388977,0.0,0.4211445748806,0.5434026718139648,0.29599812626838684,0.16645123064517975,0.11694178730249405,2.6108736991882324,1.0000000|0.0000000|0.0000000|0.0000000|0.0000000|0.0000000|0.0000000|0.0000000|0.0000000|0.0000000,0,1.0,12.277352234806207,0,0,0,0,0,
cross_town,Town02,mixed,7,207,10.35,189.69888305664062,252.3280487060547,0.22167766094207764,90.03919219970703,0.0018463235132821598,500.16605343813944,0.0003691407453701041,1.52587890625e-05,0.0,3.1242369544237745e-06,0.37089392879690586,0.44886353611946106,0.5757269859313965,0.430276483297348,0.0,0.5011445879936218,0.463402658700943,0.31469839811325073,0.16645123064517975,0.1389877200126648,2.103015899658203,1.0000000|0.0000000|0.0000000|0.0000000|0.0000000|0.0000000|0.0000000|0.0000000|0.0000000|0.0000000,0,1.0,12.226681659538526,0,0,0,0,0,
cross_town,Town02,mixed,7,208,10.4,189.69888305664062,252.3280487060547,0.22167766094207764,90.03919219970703,0.0018463235132821598,500.16605343813944,0.0003691407453701041,1.52587890625e-05,0.0,3.8108827373180373e-06,0.38185612201512525,0.5053682923316956,0.4360640347003937,0.5324715375900269,0.0,0.4211445748806,0.5324715375900269,0.22463037073612213,0.16645123064517975,0.023827863857150078,2.3553972244262695,1.0000000|0.0000000|0.0000000|0.0000000|0.0000000|0.0000000|0.0000000|0.0000000|0.0000000|0.0000000,0,1.0,12.176196366170458,0,0,0,0,0,
cross_town,Town02,mixed,7,209,10.45,189.69888305664062,252.3280487060547,0.22167766094207764,90.03919219970703,0.0018463235132821598,500.16605343813944,0.0003691407453701041,1.52587890625e-05,0.0,4.497528192331539e-06,0.37683994510855146,0.45063188672065735,0.5662912726402283,0.44544148445129395,0.0,0.5011445879936218,0.452471524477005,0.25523823499679565,0.16645123064517975,0.0658319890499115,2.1854801177978516,1.0000000|0.0000000|0.0000000|0.0000000|0.0000000|0.0000000|0.0000000|0.0000000|0.0000000|0.0000000,0,1.0,12.125861206335902,0,0,0,0,0,
cross_town,Town02,mixed,7,210,10.5,189.69888305664062,252.3280487060547,0.22167766094207764,90.03919219970703,0.0018463235132821598,500.16605343813944,0.0003691407453701041,1.52587890625e-05,0.0,5.184174193621948e-06,0.30318492391790813,0.032920777797698975,0.30646029114723206,0.22257515788078308,0.0,0.4211445748806,0.37247151136398315,0.9917884469032288,0.800000011920929,0.8984923362731934,-1.2680201530456543,1.0000000|0.0000000|0.0000000|0.0000000|0.0000000|0.0000000|0.0000000|0.0000000|0.0000000|0.0000000,0,1.0,12.075677025222799,0,0,0,0,0,
cross_town,Town02,mixed,7,211,10.55,189.69888305664062,252.3280487060547,0.22167766094207764,90.03919219970703,0.0018463235132821598,500.16605343813944,0.0003691407453701041,1.52587890625e-05,0.0,5.905152066342076e-06,0.30452756622518956,0.061631977558135986,0.08759057521820068,0.1431984156370163,0.0,0.3411445617675781,0.2924714982509613,0.9783620238304138,0.800000011920929,0.6528574824333191,-1.6933274269104004,1.0000000|0.0000000|0.0000000|0.0000000|0.0000000|0.0000000|0.0000000|0.0000000|0.0000000|0.0000000,0,1.0,12.025600773374507,0,0,0,0,0,
cross_town,Town02,mixed,7,212,10.6,189.69888305664062,252.3280487060547,0.22167766094207764,90.03919219970703,0.0018463235132821598,500.16605343813944,0.0003691407453701041,1.52587890625e-05,0.0,6.523132394806124e-07,0.31994193223204087,0.0722728967666626,0.06739827990531921,0.059999797493219376,0.0,0.2611445486545563,0.21247150003910065,0.8242183923721313,0.800000011920929,0.08629833161830902,-1.7681033611297607,1.0000000|0.0000000|0.0000000|0.0000000|0.0000000|0.0000000|0.0000000|0.0000000|0.0000000|0.0000000,0,1.0,11.975618206837073,0,0,0,0,0,
cross_town,Town02,mixed,7,213,10.65,189.69888305664062,252.3280487060547,0.22167766094207764,90.03919219970703,0.0018463235132821598,500.16605343813944,0.0003691407453701041,1.52587890625e-05,0.0,1.3389592461385604e-06,0.3752667161532827,0.3803649842739105,0.6365019083023071,0.7558289766311646,0.0,0.3411445617675781,0.2924714982509613,0.27097055315971375,0.16645123064517975,0.0861227884888649,2.6051981449127197,1.0000000|0.0000000|0.0000000|0.0000000|0.0000000|0.0000000|0.0000000|0.0000000|0.0000000|0.0000000,0,1.0,11.925702118588564,0,0,0,0,0,
cross_town,Town02,mixed,7,214,10.7,189.69888305664062,252.3280487060547,0.22167766094207764,90.03919219970703,0.0018463235132821598,500.16605343813944,0.0003691407453701041,1.52587890625e-05,0.0,2.0256052324666127e-06,0.37762488761629526,0.42718440294265747,0.5032301545143127,0.7462146282196045,0.0,0.4211445748806,0.37247151136398315,0.2473888099193573,0.16645123064517975,0.05540188029408455,2.6039769649505615,1.0000000|0.0000000|0.0000000|0.0000000|0.0000000|0.0000000|0.0000000|0.0000000|0.0000000|0.0000000,0,1.0,11.875837267794752,0,0,0,0,0,
cross_town,Town02,mixed,7,215,10.75,189.69888305664062,252.3280487060547,0.22167766094207764,90.03919219970703,0.0018463235132821598,500.16605343813944,0.0003691407453701041,1.52587890625e-05,0.0,2.71225007454293e-06,0.37241790333475533,0.4715103507041931,0.4331696927547455,0.7156432867050171,0.0,0.3411445617675781,0.452471524477005,0.29945865273475647,0.16645123064517975,0.12107952684164047,2.3804073333740234,1.0000000|0.0000000|0.0000000|0.0000000|0.0000000|0.0000000|0.0000000|0.0000000|0.0000000|0.0000000,0,1.0,11.825996732969971,0,0,0,0,0,
cross_town,Town02,mixed,7,216,10.8,189.69888305664062,252.3280487060547,0.22167766094207764,90.03919219970703,0.0018463235132821598,500.16605343813944,0.0003691407453701041,1.52587890625e-05,0.0,3.398901724194691e-06,0.3714824143954701,0.43881383538246155,0.6818928718566895,0.6408030390739441,0.0,0.4211445748806,0.5324715375900269,0.30881354212760925,0.16645123064517975,0.13213077187538147,2.7078053951263428,1.0000000|0.0000000|0.0000000|0.0000000|0.0000000|0.0000000|0.0000000|0.0000000|0.0000000|0.0000000,0,1.0,11.776177504422474,0,0,0,0,0,
cross_town,Town02,mixed,7,217,10.85,189.69888305664062,252.3280487060547,0.22167766094207764,90.03919219970703,0.0018463235132821598,500.16605343813944,0.0003691407453701041,1.52587890625e-05,0.0,4.188543714315997e-06,0.37924238482202943,0.46334242820739746,0.5677698254585266,0.405597060918808,0.0,0.5011445879936218,0.452471524477005,0.23121383786201477,0.16645123064517975,0.03318130224943161,2.35373854637146,1.0000000|0.0000000|0.0000000|0.0000000|0.0000000|0.0000000|0.0000000|0.0000000|0.0000000|0.0000000,0,1.0,11.726352374368602,0,0,0,0,0,
cross_town,Town02,mixed,7,218,10.9,189.69888305664062,252.3280487060547,0.22167766094207764,90.03919219970703,0.0018463235132821598,500.16605343813944,0.0003691407453701041,1.52587890625e-05,0.0,4.806519071568892e-06,0.37896635869230666,0.5409715175628662,0.4248853325843811,0.644054114818573,0.0,0.4211445748806,0.5324715375900269,0.23397409915924072,0.16645123064517975,0.03704739362001419,2.7415130138397217,1.0000000|0.0000000|0.0000000|0.0000000|0.0000000|0.0000000|0.0000000|0.0000000|0.0000000|0.0000000,0,1.0,11.676525810129952,0,0,0,0,0,
cross_town,Town02,mixed,7,219,10.95,189.69888305664062,252.3280487060547,0.22167766094207764,90.03919219970703,0.0018463235132821598,500.16605343813944,0.0003691407453701041,1.52587890625e-05,0.0,5.458836026526893e-06,0.3746234182013789,0.5367199778556824,0.6388393044471741,0.47851431369781494,0.0,0.5011445879936218,0.47851431369781494,0.3192669451236725,0.16645123064517975,0.1442631036043167,2.659965991973877,1.0000000|0.0000000|0.0000000|0.0000000|0.0000000|0.0000000|0.0000000|0.0000000|0.0000000|0.0000000,0,1.0,11.626687301692721,0,0,0,0,0,
cross_town,Town02,mixed,7,220,11.0,189.69888305664062,252.3280487060547,0.22167766094207764,90.03919219970703,0.0018463235132821598,500.16605343813944,0.0003691407453701041,1.52587890625e-05,0.0,2.746601665942994e-07,0.3865385040520516,0.503145694732666,0.4349464178085327,0.49621060490608215,0.0,0.4211445748806,0.49621060490608215,0.23129476606845856,0.16645123064517975,0.03329510986804962,2.343743324279785,1.0000000|0.0000000|0.0000000|0.0000000|0.0000000|0.0000000|0.0000000|0.0000000|0.0000000|0.0000000,0,1.0,11.576825050320206,0,0,0,0,0,
cross_town,Town02,mixed,7,221,11.05,189.69888305664062,252.3280487060547,0.22167766094207764,90.03919219970703,0.0018463235132821598,500.16605343813944,0.0003691407453701041,1.52587890625e-05,0.0,9.613050496809383e-07,0.37555792072500627,0.49455079436302185,0.5978625416755676,0.6001682281494141,0.0,0.5011445879936218,0.576210618019104,0.2680584788322449,0.16645123064517975,0.08242488652467728,2.5872201919555664,1.0000000|0.0000000|0.0000000|0.0000000|0.0000000|0.0000000|0.0000000|0.0000000|0.0000000|0.0000000,0,1.0,11.526944811736172,0,0,0,0,0,
cross_town,Town02,mixed,7,222,11.1,189.69888305664062,252.3280487060547,0.22167766094207764,90.03919219970703,0.0018463235132821598,500.16605343813944,0.0003691407453701041,1.52587890625e-05,0.0,1.785280618048493e-06,0.37561568060602607,0.5172185301780701,0.4708830416202545,0.3726695477962494,0.0,0.4211445748806,0.49621060490608215,0.26748088002204895,0.16645123064517975,0.08168841153383255,2.275996685028076,1.0000000|0.0000000|0.0000000|0.0000000|0.0000000|0.0000000|0.0000000|0.0000000|0.0000000|0.0000000,0,1.0,11.477045580292721,0,0,0,0,0,
cross_town,Town02,mixed,7,223,11.15,189.69888305664062,252.3280487060547,0.22167766094207764,90.03919219970703,0.0018463235132821598,500.16605343813944,0.0003691407453701041,1.52587890625e-05,0.0,2.5062568295387185e-06,0.3865256968296022,0.47678858041763306,0.5486615896224976,0.519203245639801,0.0,0.5011445879936218,0.519203245639801,0.2288368046283722,0.16645123064517975,0.029826026409864426,2.494149684906006,1.0000000|0.0000000|0.0000000|0.0000000|0.0000000|0.0000000|0.0000000|0.0000000|0.0000000|0.0000000,0,1.0,11.427125765108096,0,0,0,0,0,
cross_town,Town02,mixed,7,224,11.2,189.69888305664062,252.3280487060547,0.22167766094207764,90.03919219970703,0.0018463235132821598,500.16605343813944,0.0003691407453701041,1.52587890625e-05,0.0,3.158570814696895e-06,0.374005707914219,0.45635321736335754,0.4684378504753113,0.44021502137184143,0.0,0.4684378504753113,0.44021502137184143,0.28551095724105835,0.16645123064517975,0.1042269617319107,2.064122438430786,1.0000000|0.0000000|0.0000000|0.0000000|0.0000000|0.0000000|0.0000000|0.0000000|0.0000000|0.0000000,0,1.0,11.377184645675422,0,0,0,0,0,
cross_town,Town02,mixed,7,225,11.25,189.69888305664062,252.3280487060547,0.22167766094207764,90.03919219970703,0.0018463235132821598,500.16605343813944,0.0003691407453701041,1.52587890625e-05,0.0,3.845216929579907e-06,0.3716908548184817,0.5041842460632324,0.4200364947319031,0.6846516132354736,0.0,0.38843783736228943,0.5202150344848633,0.30672913789749146,0.16645123064517975,0.12968483567237854,2.589416027069092,1.0000000|0.0000000|0.0000000|0.0000000|0.0000000|0.0000000|0.0000000|0.0000000|0.0000000|0.0000000,0,1.0,11.327223660849873,0,0,0,0,0,
cross_town,Town02,mixed,7,226,11.3,189.69888305664062,252.3280487060547,0.22167766094207764,90.03919219970703,0.0018463235132821598,500.16605343813944,0.0003691407453701041,1.52587890625e-05,0.0,4.5318669979840145e-06,0.3030929003068394,0.044965386390686035,0.16244077682495117,-0.22920173406600952,0.0,0.3084378242492676,0.44021502137184143,0.992708683013916,0.800000011920929,0.9284389615058899,-0.7690067291259766,1.0000000|0.0000000|0.0000000|0.0000000|0.0000000|0.0000000|0.0000000|0.0000000|0.0000000|0.0000000,0,1.0,11.313163621307973,0,0,0,0,0,
cross_town,Town02,mixed,7,227,11.35,189.69888305664062,252.3280487060547,0.22167766094207764,90.03919219970703,0.0018463235132821598,500.16605343813944,0.0003691407453701041,1.52587890625e-05,0.0,5.218508968089582e-06,0.3699695263215487,0.42902320623397827,0.7109085917472839,0.6711416244506836,0.0,0.38843783736228943,0.5202150344848633,0.3239424228668213,0.16645123064517975,0.14962062239646912,2.4895617961883545,1.0000000|0.0000000|0.0000000|0.0000000|0.0000000|0.0000000|0.0000000|0.0000000|0.0000000|0.0000000,0,1.0,11.3898292648605,0,0,0,0,0,
cross_town,Town02,mixed,7,228,11.4,189.69888305664062,252.3280487060547,0.22167766094207764,90.03919219970703,0.0018463235132821598,500.16605343813944,0.0003691407453701041,1.52587890625e-05,0.0,0.0,0.38448829507704646,0.4695918560028076,0.6267381310462952,0.5197196006774902,0.0,0.4684378504753113,0.5197196006774902,0.255551815032959,0.16645123064517975,0.0662442222237587,2.4256343841552734,1.0000000|0.0000000|0.0000000|0.0000000|0.0000000|0.0000000|0.0000000|0.0000000|0.0000000|0.0000000,0,1.0,11.546898531009985,0,0,0,0,0,
cross_town,Town02,mixed,7,229,11.45,189.69888305664062,252.3280487060547,0.22167766094207764,90.03919219970703,0.0018463235132821598,500.16605343813944,0.0003691407453701041,1.52587890625e-05,0.0,6.180366499064425e-07,0.3843594475470492,0.4625065326690674,0.5122588276863098,0.4875866770744324,0.0,0.5122588276863098,0.4875866770744324,0.24445293843746185,0.16645123064517975,0.05144396424293518,2.178568124771118,1.0000000|0.0000000|0.0000000|0.0000000|0.0000000|0.0000000|0.0000000|0.0000000|0.0000000|0.0000000,0,1.0,11.743875239871864,0,0,0,0,0,
cross_town,Town02,mixed,7,230,11.5,189.69888305664062,252.3280487060547,0.22167766094207764,90.03919219970703,0.0018463235132821598,500.16605343813944,0.0003691407453701041,1.52587890625e-05,0.0,1.3046638040334658e-06,0.3734136404105607,0.5612841248512268,0.4149519205093384,0.5961244106292725,0.0,0.43225881457328796,0.5675866603851318,0.2895013391971588,0.16645123064517975,0.10909698903560638,2.651665687561035,1.0000000|0.0000000|0.0000000|0.0000000|0.0000000|0.0000000|0.0000000|0.0000000|0.0000000|0.0000000,0,1.0,11.974941301207334,0,0,0,0,0,
cross_town,Town02,mixed,7,231,11.55,189.69888305664062,252.3280487060547,0.22167766094207764,90.03919219970703,0.0018463235132821598,500.16605343813944,0.0003691407453701041,1.52587890625e-05,0.0,1.9569487478827203e-06,0.3026347432443087,0.04172345995903015,0.2287673056125641,-0.09141391515731812,0.0,0.3522588014602661,0.48758664727211,0.9972902536392212,0.800000011920929,1.1770479679107666,-0.44352859258651733,1.0000000|0.0000000|0.0000000|0.0000000|0.0000000|0.0000000|0.0000000|0.0000000|0.0000000|0.0000000,0,1.0,12.36019317148795,0,0,0,0,0,
cross_town,Town02,mixed,7,232,11.6,189.69888305664062,252.3280487060547,0.22167766094207764,90.03919219970703,0.0018463235132821598,500.16605343813944,0.0003691407453701041,1.52587890625e-05,0.0,2.6092565049200323e-06,0.3808208980162817,0.4101230800151825,0.6414099931716919,0.5449089407920837,0.0,0.43225881457328796,0.5449089407920837,0.25279858708381653,0.16645123064517975,0.06261333078145981,2.325765609741211,1.0000000|0.0000000|0.0000000|0.0000000|0.0000000|0.0000000|0.0000000|0.0000000|0.0000000|0.0000000,0,1.0,13.05945024507327,0,0,0,0,0,
cross_town,Town02,mixed,7,233,11.65,189.69888305664062,252.3280487060547,0.22167766094207764,90.03919219970703,0.0018463235132821598,500.16605343813944,0.0003691407453701041,1.52587890625e-05,0.0,3.2959021968329764e-06,0.3782069493242686,0.47202369570732117,0.5653815269470215,0.39860817790031433,0.0,0.5122588276863098,0.4649089276790619,0.2415681928396225,0.16645123064517975,0.04752350226044655,2.344357967376709,1.0000000|0.0000000|0.0000000|0.0000000|0.0000000|0.0000000|0.0000000|0.0000000|0.0000000|0.0000000,0,1.0,13.01052088390427,0,0,0,0,0,
cross_town,Town02,mixed,7,234,11.7,189.69888305664062,252.3280487060547,0.22167766094207764,90.03919219970703,0.0018463235132821598,500.16605343813944,0.0003691407453701041,1.52587890625e-05,0.0,4.119891063175582e-06,0.3035569284268803,0.024540483951568604,0.4342101216316223,0.23935003578662872,0.0,0.4342101216316223,0.38490891456604004,0.9880684018135071,0.800000011920929,0.8041406869888306,-1.2242248058319092,1.0000000|0.0000000|0.0000000|0.0000000|0.0000000|0.0000000|0.0000000|0.0000000|0.0000000|0.0000000,0,1.0,12.961001110921668,0,0,0,0,0,
cross_town,Town02,mixed,7,235,11.75,189.69888305664062,252.3280487060547,0.22167766094207764,90.03919219970703,0.0018463235132821598,500.16605343813944,0.0003691407453701041,1.52587890625e-05,0.0,4.875195573616695e-06,0.3726384494611207,0.4909451901912689,0.4544784128665924,0.7164297103881836,0.0,0.35421010851860046,0.4649089276790619,0.29725319147109985,0.16645123064517975,0.11844567209482193,2.744199752807617,1.0000000|0.0000000|0.0000000|0.0000000|0.0000000|0.0000000|0.0000000|0.0000000|0.0000000|0.0000000,0,1.0,12.911614344282803,0,0,0,0,0,
cross_town,Town02,mixed,7,236,11.8,189.69888305664062,252.3280487060547,0.22167766094207764,90.03919219970703,0.0018463235132821598,500.16605343813944,0.0003691407453701041,1.52587890625e-05,0.0,5.493165627268479e-06,0.37527490595068386,0.4311521053314209,0.6549630761146545,0.6296958327293396,0.0,0.4342101216316223,0.5449089407920837,0.27088862657546997,0.16645123064517975,0.0860191136598587,2.60211443901062,1.0000000|0.0000000|0.0000000|0.0000000|0.0000000|0.0000000|0.0000000|0.0000000|0.0000000|0.0000000,0,1.0,12.862265728154068,0,0,0,0,0,
cross_town,Town02,mixed,7,237,11.85,189.69888305664062,252.3280487060547,0.22167766094207764,90.03919219970703,0.0018463235132821598,500.16605343813944,0.0003691407453701041,1.52587890625e-05,0.0,3.433615982907477e-07,0.3024223003694004,0.039625704288482666,0.22301042079925537,-0.1074674129486084,0.0,0.35421010851860046,0.4649089276790619,0.9994146823883057,0.800000011920929,1.5606915950775146,-0.6993970274925232,1.0000000|0.0000000|0.0000000|0.0000000|0.0000000|0.0000000|0.0000000|0.0000000|0.0000000|0.0000000,0,1.0,12.812881113558314,0,0,0,0,0,
cross_town,Town02,mixed,7,238,11.9,189.69888305664062,252.3280487060547,0.22167766094207764,90.03919219970703,0.0018463235132821598,500.16605343813944,0.0003691407453701041,1.52587890625e-05,0.0,9.956814402144246e-07,0.374662956983704,0.43751025199890137,0.662136971950531,0.6243799924850464,0.0,0.4342101216316223,0.5449089407920837,0.2770081162452698,0.16645123064517975,0.09371098130941391,2.5946412086486816,1.0000000|0.0000000|0.0000000|0.0000000|0.0000000|0.0000000|0.0000000|0.0000000|0.0000000|0.0000000,0,1.0,12.763270511742524,0,0,0,0,0,
cross_town,Town02,mixed,7,239,11.95,189.69888305664062,252.3280487060547,0.22167766094207764,90.03919219970703,0.0018463235132821598,500.16605343813944,0.0003691407453701041,1.52587890625e-05,0.0,1.647963227095092e-06,0.30242230036940015,0.03962567448616028,0.22301018238067627,-0.10746768862009048,0.0,0.35421010851860046,0.4649089276790619,0.9994146823883057,0.800000011920929,1.5607069730758667,-0.6993984580039978,1.0000000|0.0000000|0.0000000|0.0000000|0.0000000|0.0000000|0.0000000|0.0000000|0.0000000|0.0000000,0,1.0,12.714464437058824,0,0,0,0,0,
cross_town,Town02,mixed,7,240,12.0,189.69888305664062,252.3280487060547,0.22167766094207764,90.03919219970703,0.0018463235132821598,500.16605343813944,0.0003691407453701041,1.52587890625e-05,0.0,2.300266284550608e-06,0.37252412477220953,0.4348621964454651,0.6566819548606873,0.6320773959159851,0.0,0.4342101216316223,0.5449089407920837,0.29839643836021423,0.16645123064517975,0.11981239169836044,2.4181017875671387,1.0000000|0.0000000|0.0000000|0.0000000|0.0000000|0.0000000|0.0000000|0.0000000|0.0000000|0.0000000,0,1.0,12.664893123075357,0,0,0,0,0,
cross_town,Town02,mixed,7,241,12.05,189.69888305664062,252.3280487060547,0.22167766094207764,90.03919219970703,0.0018463235132821598,500.16605343813944,0.0003691407453701041,1.52587890625e-05,0.0,2.9869117471067944e-06,0.3024223003694004,0.039625704288482666,0.2230101227760315,-0.10746773332357407,0.0,0.35421010851860046,0.4649089276790619,0.9994146823883057,0.800000011920929,1.5607037544250488,-0.6993979215621948,1.0000000|0.0000000|0.0000000|0.0000000|0.0000000|0.0000000|0.0000000|0.0000000|0.0000000|0.0000000,0,1.0,12.615552201252838,0,0,0,0,0,
cross_town,Town02,mixed,7,242,12.1,189.69888305664062,252.3280487060547,0.22167766094207764,90.03919219970703,0.0018463235132821598,500.16605343813944,0.0003691407453701041,1.52587890625e-05,0.0,3.7765541666413496e-06,0.3757661674329227,0.42310380935668945,0.6513521671295166,0.6341496706008911,0.0,0.4342101216316223,0.5449089407920837,0.2659760117530823,0.16645123064517975,0.07976487278938293,2.4168667793273926,1.0000000|0.0000000|0.0000000|0.0000000|0.0000000|0.0000000|0.0000000|0.0000000|0.0000000|0.0000000,0,1.0,12.566255461594846,0,0,0,0,0,
cross_town,Town02,mixed,7,243,12.15,189.69888305664062,252.3280487060547,0.22167766094207764,90.03919219970703,0.0018463235132821598,500.16605343813944,0.0003691407453701041,1.52587890625e-05,0.0,4.634861431514523e-06,0.37417067924227176,0.4695013165473938,0.5475559830665588,0.42664188146591187,0.0,0.5142101049423218,0.4649089276790619,0.2819308936595917,0.16645123064517975,0.09982283413410187,2.206723690032959,1.0000000|0.0000000|0.0000000|0.0000000|0.0000000|0.0000000|0.0000000|0.0000000|0.0000000|0.0000000,0,1.0,12.517307554764187,0,0,0,0,0,
cross_town,Town02,mixed,7,244,12.2,189.69888305664062,252.3280487060547,0.22167766094207764,90.03919219970703,0.0018463235132821598,500.16605343813944,0.0003691407453701041,1.52587890625e-05,0.0,5.287172649118496e-06,0.37846074888195447,0.5269436240196228,0.41967278718948364,0.5938724279403687,0.0,0.4342100918292999,0.5449089407920837,0.23903019726276398,0.16645123064517975,0.04404778406023979,2.5421969890594482,1.0000000|0.0000000|0.0000000|0.0000000|0.0000000|0.0000000|0.0000000|0.0000000|0.0000000|0.0000000,0,1.0,12.467776325690698,0,0,0,0,0,
cross_town,Town02,mixed,7,245,12.25,189.69888305664062,252.3280487060547,0.22167766094207764,90.03919219970703,0.0018463235132821598,500.16605343813944,0.0003691407453701041,1.52587890625e-05,0.0,1.3733183139595984e-07,0.3786905262776794,0.43758270144462585,0.5734393000602722,0.3530941605567932,0.0,0.5142101049423218,0.4649089276790619,0.23673242330551147,0.16645123064517975,0.04087921977043152,2.128283739089966,1.0000000|0.0000000|0.0000000|0.0000000|0.0000000|0.0000000|0.0000000|0.0000000|0.0000000|0.0000000,0,1.0,12.418745739874387,0,0,0,0,0,
cross_town,Town02,mixed,7,246,12.3,189.69888305664062,252.3280487060547,0.22167766094207764,90.03919219970703,0.0018463235132821598,500.16605343813944,0.0003691407453701041,1.52587890625e-05,0.0,8.239759441043269e-07,0.37303316930021696,0.4974392354488373,0.38105395436286926,0.6535438895225525,0.0,0.4342100918292999,0.5449089407920837,0.29330599308013916,0.16645123064517975,0.11370345205068588,2.4305315017700195,1.0000000|0.0000000|0.0000000|0.0000000|0.0000000|0.0000000|0.0000000|0.0000000|0.0000000|0.0000000,0,1.0,12.369300973297143,0,0,0,0,0,
cross_town,Town02,mixed,7,247,12.35,189.69888305664062,252.3280487060547,0.22167766094207764,90.03919219970703,0.0018463235132821598,500.16605343813944,0.0003691407453701041,1.52587890625e-05,0.0,1.579286780243821e-06,0.3762878809281772,0.48035016655921936,0.5538409948348999,0.44160735607147217,0.0,0.5142101049423218,0.4649089276790619,0.2607588768005371,0.16645123064517975,0.07304175198078156,2.291701316833496,1.0000000|0.0000000|0.0000000|0.0000000|0.0000000|0.0000000|0.0000000|0.0000000|0.0000000|0.0000000,0,1.0,12.320010146246371,0,0,0,0,0,
cross_town,Town02,mixed,7,248,12.4,189.69888305664062,252.3280487060547,0.22167766094207764,90.03919219970703,0.0018463235132821598,500.16605343813944,0.0003691407453701041,1.52587890625e-05,0.0,2.3689276153136235e-06,0.3037738297292178,0.024096310138702393,0.4440916180610657,0.24701938033103943,0.0,0.4440916180610657,0.38490891456604004,0.9858993887901306,0.800000011920929,0.7618340849876404,-1.2241971492767334,1.0000000|0.0000000|0.0000000|0.0000000|0.0000000|0.0000000|0.0000000|0.0000000|0.0000000|0.0000000,0,1.0,12.270743155489875,0,0,0,0,0,
cross_town,Town02,mixed,7,249,12.45,189.69888305664062,252.3280487060547,0.22167766094207764,90.03919219970703,0.0018463235132821598,500.16605343813944,0.0003691407453701041,1.52587890625e-05,0.0,3.05557352554801e-06,0.3692920450278706,0.4990713894367218,0.4230145812034607,0.7306357622146606,0.0,0.3640916049480438,0.4649089276790619,0.3307172358036041,0.16645123064517975,0.1573130339384079,2.6882245540618896,1.0000000|0.0000000|0.0000000|0.0000000|0.0000000|0.0000000|0.0000000|0.0000000|0.0000000|0.0000000,0,1.0,12.221715623330454,0,0,0,0,0,
cross_town,Town02,mixed,7,250,12.5,189.69888305664062,252.3280487060547,0.22167766094207764,90.03919219970703,0.0018463235132821598,500.16605343813944,0.0003691407453701041,1.52587890625e-05,0.0,3.742219435599059e-06,0.3728004310437626,0.44244465231895447,0.6548447012901306,0.6532589197158813,0.0,0.4440916180610657,0.5449089407920837,0.29563337564468384,0.16645123064517975,0.11650407314300537,2.4944844245910645,1.0000000|0.0000000|0.0000000|0.0000000|0.0000000|0.0000000|0.0000000|0.0000000|0.0000000|0.0000000,0,1.0,12.172279923554553,0,0,1,0,0,stuck
