protocol,town,weather,episode,t,sim_time_s,ego_x,ego_y,ego_z,ego_yaw_deg,route_s_m,route_remaining_m,route_completion_pct,cte_m,route_heading_rad,speed_kmh,reward,command_throttle,command_brake,command_steer,applied_throttle,applied_brake,applied_steer,sigma_bar,sigma_ale,sigma_epi,policy_entropy_proxy,attention,top_attention_index,top_attention_value,ttc_s,collision,off_route,timeout,red_light_violation,intervention,terminal_reason
cross_town,Town02,mixed,3,1,0.05,-7.447046756744385,219.40994262695312,0.15079757571220398,89.98705291748047,0.0,501.23677125825446,0.0,0.0,2.663161087212984e-07,0.46652337312787184,0.45037940363518003,0.14948147535324097,0.25509828329086304,0.05679376423358917,0.0,0.07999999821186066,0.05679376423358917,0.772554337978363,0.30376026034355164,0.5019373893737793,1.2505676746368408,1.0000000|0.0000000|0.0000000|0.0000000|0.0000000|0.0000000|0.0000000|0.0000000|0.0000000|0.0000000,0,1.0,,0,0,0,0,0,
cross_town,Town02,mixed,3,2,0.1,-7.447046756744385,219.40994262695312,0.161112442612648,89.98705291748047,0.0,501.23677125825446,0.0,0.0,2.663161087212984e-07,0.8584078967571339,0.4572390886578351,0.25885629653930664,0.6794106364250183,0.49159982800483704,0.0,0.1599999964237213,0.13679376244544983,0.6658638715744019,0.22209088504314423,0.4502933919429779,1.490208625793457,1.0000000|0.0000000|0.0000000|0.0000000|0.0000000|0.0000000|0.0000000|0.0000000|0.0000000|0.0000000,0,1.0,,0,0,0,0,0,
cross_town,Town02,mixed,3,3,0.15,-7.447046756744385,219.40994262695312,0.17358183860778809,89.98705291748047,0.0,501.23677125825446,0.0,0.0,2.663161087212984e-07,0.8940891087055264,0.43487742271147656,0.21098199486732483,0.6109858155250549,0.44252869486808777,0.0,0.23999999463558197,0.21679376065731049,0.8894805312156677,0.24018625915050507,0.7811751961708069,1.1207234859466553,0.7792385|0.1087609|0.1120006|0.0000000|0.0000000|0.0000000|0.0000000|0.0000000|0.0000000|0.0000000,0,0.7792385220527649,,0,0,0,0,0,
cross_town,Town02,mixed,3,4,0.2,-7.447046756744385,219.40994262695312,0.1851729154586792,89.98705291748047,0.0,501.23677125825446,0.0,0.0,2.663161087212984e-07,0.784206300973901,0.42386864748046255,0.43984246253967285,0.7305949926376343,0.44236618280410767,0.0,0.3199999928474426,0.29679375886917114,0.9995682835578918,0.2313532531261444,2.2054924964904785,1.0195274353027344,0.8873987|0.1126013|0.0000000|0.0000000|0.0000000|0.0000000|0.0000000|0.0000000|0.0000000|0.0000000,0,0.8873986601829529,,0,0,0,0,0,
cross_town,Town02,mixed,3,5,0.25,-7.447046756744385,219.40994262695312,0.19481006264686584,89.98705291748047,0.0,501.23677125825446,0.0,0.0,2.663161087212984e-07,0.6321009635931872,0.42866275634273826,0.30141139030456543,0.5871790647506714,0.009384814649820328,0.0,0.4000000059604645,0.21679376065731049,0.9516271948814392,0.3040330410003662,0.9407755732536316,0.4220852255821228,0.5357744|0.4642257|0.0000000|0.0000000|0.0000000|0.0000000|0.0000000|0.0000000|0.0000000|0.0000000,0,0.5357743501663208,,0,0,0,0,0,
cross_town,Town02,mixed,3,6,0.3,-7.447046279907227,219.40994262695312,0.20233973860740662,89.98705291748047,1.0766143529545502e-10,501.2367712581468,2.1479157449919837e-11,4.76837158203125e-07,2.663161087212984e-07,0.48440807461739305,0.4238253804347914,0.457301527261734,0.7239804863929749,0.3331393599510193,0.0,0.48000001907348633,0.29679375886917114,0.9999998807907104,0.23208573460578918,4.335375785827637,0.7048360109329224,0.8785028|0.1214971|0.0000000|0.0000000|0.0000000|0.0000000|0.0000000|0.0000000|0.0000000|0.0000000,0,0.8785027861595154,,0,0,0,0,0,
cross_town,Town02,mixed,3,7,0.35,-7.447046279907227,219.40994262695312,0.20799338817596436,89.98705291748047,1.0766143529545502e-10,501.2367712581468,2.1479157449919837e-11,4.76837158203125e-07,2.663161087212984e-07,0.3589437246323815,0.42382536846122243,0.4351135194301605,0.7741664052009583,0.21668940782546997,0.0,0.5600000023841858,0.21679376065731049,1.0,0.30405864119529724,8.693414688110352,0.09708184003829956,0.4913608|0.5086392|0.0000000|0.0000000|0.0000000|0.0000000|0.0000000|0.0000000|0.0000000|0.0000000,1,0.5086392164230347,412.3688057937156,0,0,0,0,0,
cross_town,Town02,mixed,3,8,0.4,-7.447046279907227,219.40994262695312,0.21212264895439148,89.98705291748047,1.0766143529545502e-10,501.2367712581468,2.1479157449919837e-11,4.76837158203125e-07,2.663161087212984e-07,0.2596451014280403,0.423829123552825,0.4581717848777771,0.4339214265346527,0.45250189304351807,0.0,0.47999998927116394,0.29679375886917114,0.9999624490737915,0.23272202908992767,2.8145227432250977,0.36650973558425903,0.8707677|0.1292323|0.0000000|0.0000000|0.0000000|0.0000000|0.0000000|0.0000000|0.0000000|0.0000000,0,0.8707677125930786,251.49371487778114,0,0,0,0,0,
cross_town,Town02,mixed,3,9,0.45,-7.447046279907227,219.40994262695312,0.21507754921913147,89.98705291748047,1.0766143529545502e-10,501.2367712581468,2.1479157449919837e-11,4.76837158203125e-07,2.663161087212984e-07,0.18444942533984346,0.42917434095606066,0.47391924262046814,0.7416911721229553,0.2527197003364563,0.0,0.5600000023841858,0.2527197003364563,1.0,0.30375179648399353,7.112806797027588,0.26160115003585815,1.0000000|0.0000000|0.0000000|0.0000000|0.0000000|0.0000000|0.0000000|0.0000000|0.0000000|0.0000000,0,1.0,184.38018526653315,0,0,0,0,0,
cross_town,Town02,mixed,3,10,0.5,-7.447046279907227,219.40994262695312,0.2171591967344284,89.98705291748047,1.0766143529545502e-10,501.2367712581468,2.1479157449919837e-11,4.76837158203125e-07,2.663161087212984e-07,0.12919035404947393,0.43914488273661384,0.06220310926437378,0.06288594007492065,0.1714974045753479,0.0,0.47999998927116394,0.17271970212459564,0.8468048572540283,0.800000011920929,0.12743934988975525,-1.567697286605835,1.0000000|0.0000000|0.0000000|0.0000000|0.0000000|0.0000000|0.0000000|0.0000000|0.0000000|0.0000000,0,1.0,141.31975624246292,0,0,0,0,0,
cross_town,Town02,mixed,3,11,0.55,-7.447046279907227,219.40994262695312,0.21860744059085846,89.98705291748047,1.0766143529545502e-10,501.2367712581468,2.1479157449919837e-11,4.76837158203125e-07,2.663161087212984e-07,0.0894627682869814,0.4238253684606415,0.43600207567214966,0.38033124804496765,0.3219861388206482,0.0,0.3999999761581421,0.2527197003364563,1.0,0.303752064704895,10.928522109985352,0.33397722244262695,1.0000000|0.0000000|0.0000000|0.0000000|0.0000000|0.0000000|0.0000000|0.0000000|0.0000000|0.0000000,0,1.0,125.16623055948081,0,0,0,0,0,
cross_town,Town02,mixed,3,12,0.6,-7.447046279907227,219.40994262695312,0.21960493922233582,89.98705291748047,1.0766143529545502e-10,501.2367712581468,2.1479157449919837e-11,4.76837158203125e-07,2.663161087212984e-07,0.061380442235187016,0.4238253803828078,0.3197975754737854,0.6469669342041016,0.1062048077583313,0.0,0.47999998927116394,0.17271970212459564,0.9999998807907104,0.30435416102409363,4.270845890045166,0.16790556907653809,1.0000000|0.0000000|0.0000000|0.0000000|0.0000000|0.0000000|0.0000000|0.0000000|0.0000000|0.0000000,0,1.0,105.13324699347373,0,0,0,0,0,
cross_town,Town02,mixed,3,13,0.65,-7.447046279907227,219.40994262695312,0.22028613090515137,89.98705291748047,1.0766143529545502e-10,501.2367712581468,2.1479157449919837e-11,4.76837158203125e-07,2.663161087212984e-07,0.04177815467145128,0.42382536845947566,0.3209379315376282,0.5809770822525024,0.40007588267326355,0.0,0.5600000023841858,0.2527197003364563,1.0,0.2400902956724167,4.932889461517334,0.4694654941558838,0.7804205|0.1061309|0.1134486|0.0000000|0.0000000|0.0000000|0.0000000|0.0000000|0.0000000|0.0000000,0,0.7804205417633057,92.5603670571501,0,0,0,0,0,
cross_town,Town02,mixed,3,14,0.7,-7.447046279907227,219.40994262695312,0.22074805200099945,89.98705291748047,1.0766143529545502e-10,501.2367712581468,2.1479157449919837e-11,4.76837158203125e-07,2.663161087212984e-07,0.028251137585866257,0.46156523853338866,0.5248304605484009,0.42735931277275085,0.5132685303688049,0.0,0.47999998927116394,0.33271971344947815,0.6226012706756592,0.24024808406829834,0.3849029242992401,0.3204119801521301,0.7784811|0.1090754|0.1124435|0.0000000|0.0000000|0.0000000|0.0000000|0.0000000|0.0000000|0.0000000,0,0.778481125831604,86.39900158845177,0,0,0,0,0,
cross_town,Town02,mixed,3,15,0.75,-7.447046279907227,219.40994262695312,0.22105933725833893,89.98705291748047,1.0766143529545502e-10,501.2367712581468,2.1479157449919837e-11,4.76837158203125e-07,2.663161087212984e-07,0.018990966865886652,0.42384129196116255,0.5205709934234619,0.489607572555542,0.4533153176307678,0.0,0.3999999761581421,0.4127197265625,0.9998407363891602,0.23982098698616028,2.446335792541504,0.40415382385253906,0.7836531|0.1118363|0.1045106|0.0000000|0.0000000|0.0000000|0.0000000|0.0000000|0.0000000|0.0000000,0,0.7836530804634094,73.56905747474002,0,0,0,0,0,
cross_town,Town02,mixed,3,16,0.8,-7.447046279907227,219.40994262695312,0.22126799821853638,89.98705291748047,1.0766143529545502e-10,501.2367712581468,2.1479157449919837e-11,4.76837158203125e-07,2.663161087212984e-07,0.012704658508695389,0.4808162021608858,0.488609254360199,0.5509226322174072,0.5154196619987488,0.0,0.47999998927116394,0.49271973967552185,0.43001478910446167,0.24200385808944702,0.18754842877388,0.7977389097213745,0.7570251|0.1244874|0.1184875|0.0000000|0.0000000|0.0000000|0.0000000|0.0000000|0.0000000|0.0000000,0,0.7570250630378723,61.390497799948655,0,0,0,0,0,
cross_town,Town02,mixed,3,17,0.85,-7.447046279907227,219.40994262695312,0.2214072048664093,89.98705291748047,1.0766143529545502e-10,501.2367712581468,2.1479157449919837e-11,4.76837158203125e-07,2.663161087212984e-07,0.008462871518024011,0.43666640955900704,0.624392569065094,0.5976298451423645,0.5198405981063843,0.0,0.3999999761581421,0.5198405981063843,0.9388607144355774,0.23210200667381287,0.9507761001586914,0.9302088022232056,0.8771789|0.1228211|0.0000000|0.0000000|0.0000000|0.0000000|0.0000000|0.0000000|0.0000000|0.0000000,0,0.8771789073944092,28.629137720990286,0,0,0,0,0,
cross_town,Town02,mixed,3,18,0.9,-7.447046279907227,219.40994262695312,0.2214072048664093,89.98705291748047,1.0766143529545502e-10,501.2367712581468,2.1479157449919837e-11,4.76837158203125e-07,2.663161087212984e-07,0.0,0.4239861592748512,0.5351699590682983,0.7420007586479187,0.37777963280677795,0.0,0.47999998927116394,0.4398405849933624,0.9965213537216187,0.30406203866004944,1.610347032546997,0.9927999377250671,0.4852273|0.5147727|0.0000000|0.0000000|0.0000000|0.0000000|0.0000000|0.0000000|0.0000000|0.0000000,1,0.5147726535797119,18.5386795115627,0,0,0,0,0,
cross_town,Town02,mixed,3,19,0.95,-7.447046279907227,219.40994262695312,0.22150881588459015,89.98705291748047,1.0766143529545502e-10,501.2367712581468,2.1479157449919837e-11,4.76837158203125e-07,2.663161087212984e-07,0.0021905707894822554,0.42550110030011823,0.4134410619735718,0.8051512241363525,0.31990233063697815,0.0,0.5600000023841858,0.3598405718803406,0.9797936081886292,0.30406486988067627,1.1662715673446655,0.572127640247345,0.4805018|0.5194982|0.0000000|0.0000000|0.0000000|0.0000000|0.0000000|0.0000000|0.0000000|0.0000000,1,0.5194981694221497,14.59675692320766,0,0,0,0,0,
cross_town,Town02,mixed,3,20,1.0,-7.447046279907227,219.40994262695312,0.22154201567173004,89.98705291748047,1.0766143529545502e-10,501.2367712581468,2.1479157449919837e-11,4.76837158203125e-07,2.663161087212984e-07,0.0024231032248661446,0.4285252052178213,0.5027028322219849,0.5001128911972046,0.5728541016578674,0.0,0.47999998927116394,0.4398405849933624,0.9476755857467651,0.23927825689315796,0.9848586916923523,0.8975005149841309,0.7812786|0.1105013|0.1082201|0.0000000|0.0000000|0.0000000|0.0000000|0.0000000|0.0000000|0.0000000,0,0.7812785506248474,12.77944216165975,0,0,0,0,0,
cross_town,Town02,mixed,3,21,1.05,-7.447046279907227,219.40994262695312,0.22157397866249084,89.98705291748047,1.0766143529545502e-10,501.2367712581468,2.1479157449919837e-11,4.76837158203125e-07,2.663161087212984e-07,0.0021800307557809985,0.481922317258474,0.4995384216308594,0.5181695818901062,0.5706350803375244,0.0,0.5181695818901062,0.5198405981063843,0.4115881621837616,0.23849427700042725,0.17215470969676971,0.9763332605361938,0.7859485|0.1048917|0.1091599|0.0000000|0.0000000|0.0000000|0.0000000|0.0000000|0.0000000|0.0000000,0,0.7859484553337097,11.52943182354919,0,0,0,0,0,
cross_town,Town02,mixed,3,22,1.1,-7.447046279907227,219.40994262695312,0.22160102427005768,89.98705291748047,1.0766143529545502e-10,501.2367712581468,2.1479157449919837e-11,4.76837158203125e-07,2.663161087212984e-07,0.001781364397696007,0.45069307228629585,0.4860541522502899,0.5583941340446472,0.7059316635131836,0.0,0.5583941340446472,0.5998405814170837,0.7215864062309265,0.22507895529270172,0.5130071640014648,1.643866777420044,0.9584458|0.0415542|0.0000000|0.0000000|0.0000000|0.0000000|0.0000000|0.0000000|0.0000000|0.0000000,0,0.9584457874298096,10.842193002933834,0,0,0,0,0,
cross_town,Town02,mixed,3,23,1.15,-7.447046279907227,219.40994262695312,0.22162239253520966,89.98705291748047,1.0766143529545502e-10,501.2367712581468,2.1479157449919837e-11,4.76837158203125e-07,2.663161087212984e-07,0.0013750418904967157,0.422612500298762,0.6324470043182373,0.4365828037261963,0.7039015889167786,0.0,0.47839412093162537,0.6798405647277832,0.9999115467071533,0.23416727781295776,2.598950147628784,1.3783190250396729,0.8415257|0.1213235|0.0371507|0.0000000|0.0000000|0.0000000|0.0000000|0.0000000|0.0000000|0.0000000,0,0.8415257334709167,10.045963518797606,0,0,0,0,0,
cross_town,Town02,mixed,3,24,1.2,-7.447046279907227,219.40994262695312,0.221638485789299,89.98705291748047,1.0766143529545502e-10,501.2367712581468,2.1479157449919837e-11,4.76837158203125e-07,2.663161087212984e-07,0.0010264663126190827,0.4223354755965658,0.6145703792572021,0.394157350063324,0.5792028903961182,0.0,0.3983941078186035,0.5998405814170837,1.0,0.2403358519077301,13.868807792663574,1.6568032503128052,0.7628357|0.0995600|0.1006164|0.0369880|0.0000000|0.0000000|0.0000000|0.0000000|0.0000000|0.0000000,0,0.762835681438446,9.41085228333388,0,0,0,0,0,
cross_town,Town02,mixed,3,25,1.25,-7.447046279907227,219.40994262695312,0.22165030241012573,89.98705291748047,1.0766143529545502e-10,501.2367712581468,2.1479157449919837e-11,4.76837158203125e-07,2.663161087212984e-07,0.0007479972748067875,0.4287394181368649,0.6437921524047852,0.5109131932258606,0.6665946245193481,0.0,0.31839409470558167,0.6665946245193481,0.9563853740692139,0.2373267412185669,1.03461492061615,1.2470545768737793,0.7765146|0.1156464|0.1078389|0.0000000|0.0000000|0.0000000|0.0000000|0.0000000|0.0000000|0.0000000,0,0.7765146493911743,8.747068994074683,0,0,0,0,0,
cross_town,Town02,mixed,3,26,1.3,-7.447046279907227,219.40994262695312,0.2216588854789734,89.98705291748047,1.0766143529545502e-10,501.2367712581468,2.1479157449919837e-11,4.76837158203125e-07,2.663161087212984e-07,0.0005318069248806481,0.42173464796044896,0.6716734766960144,0.5485968589782715,0.5466430187225342,0.0,0.238394096493721,0.5865946412086487,0.9999828338623047,0.23898470401763916,3.004716157913208,1.8012348413467407,0.7642062|0.1027451|0.0986347|0.0344140|0.0000000|0.0000000|0.0000000|0.0000000|0.0000000|0.0000000,0,0.7642061710357666,8.24331527388914,0,0,0,0,0,
cross_town,Town02,mixed,3,27,1.35,-7.447046279907227,219.40994262695312,0.22166140377521515,89.98705291748047,1.0766143529545502e-10,501.2367712581468,2.1479157449919837e-11,4.76837158203125e-07,2.663161087212984e-07,0.00016362762533661334,0.422033043316687,0.6263400316238403,0.7169589400291443,0.6632130146026611,0.0,0.31839409470558167,0.6632130146026611,0.999995231628418,0.23693029582500458,3.3270461559295654,2.0800936222076416,0.7809252|0.0936011|0.0900694|0.0354044|0.0000000|0.0000000|0.0000000|0.0000000|0.0000000|0.0000000,0,0.7809251546859741,7.724044107115896,0,0,0,0,0,
cross_town,Town02,mixed,3,28,1.4,-7.447046279907227,219.40994262695312,0.22166423499584198,89.98705291748047,1.0766143529545502e-10,501.2367712581468,2.1479157449919837e-11,4.76837158203125e-07,2.663161087212984e-07,0.00021996688745398748,0.42103761167084186,0.6759881377220154,0.5299375057220459,0.5525891780853271,0.0,0.238394096493721,0.5832130312919617,0.9999967813491821,0.23889976739883423,3.426239490509033,1.940993309020996,0.7509662|0.1058346|0.1078043|0.0353949|0.0000000|0.0000000|0.0000000|0.0000000|0.0000000|0.0000000,0,0.7509661912918091,7.3122349611036,0,0,0,0,0,
cross_town,Town02,mixed,3,29,1.45,-7.447046279907227,219.40994262695312,0.22166724503040314,89.98705291748047,1.0766143529545502e-10,501.2367712581468,2.1479157449919837e-11,4.76837158203125e-07,2.663161087212984e-07,0.00021200180117670456,0.4206517639625767,0.47065436840057373,0.7176529169082642,0.4766504168510437,0.0,0.31839409470558167,0.5032130479812622,0.9999998807907104,0.2290143072605133,4.208619117736816,2.316030263900757,0.8552630|0.1051501|0.0395869|0.0000000|0.0000000|0.0000000|0.0000000|0.0000000|0.0000000|0.0000000,0,0.8552629947662354,6.881005216173296,0,0,0,0,0,
cross_town,Town02,mixed,3,30,1.5,-7.447046279907227,219.40994262695312,0.22166995704174042,89.98705291748047,1.0766143529545502e-10,501.2367712581468,2.1479157449919837e-11,4.76837158203125e-07,2.663161087212984e-07,0.00018065644242045928,0.4202401099624083,0.5836290717124939,0.6904909014701843,0.7174607515335083,0.0,0.3983941078186035,0.5832130312919617,1.0,0.22336432337760925,4.540539741516113,1.7709543704986572,0.8962165|0.1037835|0.0000000|0.0000000|0.0000000|0.0000000|0.0000000|0.0000000|0.0000000|0.0000000,0,0.8962165117263794,6.535891406860103,0,0,0,0,0,
cross_town,Town02,mixed,3,31,1.55,-7.447046279907227,219.40994262695312,0.22167213261127472,89.98705291748047,1.0766143529545502e-10,501.2367712581468,2.1479157449919837e-11,4.76837158203125e-07,2.663161087212984e-07,0.00014323424939689602,0.42096022522486604,0.6091307997703552,0.5207582712173462,0.6642869710922241,0.0,0.31839409470558167,0.6632130146026611,0.9884107112884521,0.230915367603302,1.3805887699127197,1.5908344984054565,0.8034194|0.1015113|0.0950694|0.0000000|0.0000000|0.0000000|0.0000000|0.0000000|0.0000000|0.0000000,0,0.8034193515777588,6.201677982526514,0,0,0,0,0,
cross_town,Town02,mixed,3,32,1.6,-7.447046279907227,219.40994262695312,0.22167380154132843,89.98705291748047,1.0766143529545502e-10,501.2367712581468,2.1479157449919837e-11,4.76837158203125e-07,2.663161087212984e-07,0.00011075591933126448,0.4193394383382772,0.6174067258834839,0.5124384164810181,0.45905622839927673,0.0,0.238394096493721,0.5832130312919617,0.9999501705169678,0.22899340093135834,2.7476754188537598,1.9596352577209473,0.8155062|0.0959583|0.0885355|0.0000000|0.0000000|0.0000000|0.0000000|0.0000000|0.0000000|0.0000000,0,0.8155061602592468,5.909998355311178,0,0,0,0,0,
cross_town,Town02,mixed,3,33,1.65,-7.447046279907227,219.40994262695312,0.2216750681400299,89.98705291748047,1.0766143529545502e-10,501.2367712581468,2.1479157449919837e-11,4.76837158203125e-07,2.663161087212984e-07,8.030320614572693e-05,0.4188383496590721,0.6829683780670166,0.7425265312194824,0.47222593426704407,0.0,0.31839409470558167,0.5032130479812622,0.9999998807907104,0.30405399203300476,4.166158199310303,0.9851828217506409,0.4984872|0.5015128|0.0000000|0.0000000|0.0000000|0.0000000|0.0000000|0.0000000|0.0000000|0.0000000,1,0.5015128254890442,5.576975240912445,0,0,0,0,0,
cross_town,Town02,mixed,3,34,1.7,-7.447046279907227,219.40994262695312,0.2216750681400299,89.98705291748047,1.0766143529545502e-10,501.2367712581468,2.1479157449919837e-11,4.76837158203125e-07,2.663161087212984e-07,5.599594529786464e-05,0.42531565614395433,0.46557730436325073,0.6944586038589478,0.5283812284469604,0.0,0.3983941078186035,0.5283812284469604,0.9992226362228394,0.21547053754329681,2.074256181716919,2.3473060131073,0.9534934|0.0465066|0.0000000|0.0000000|0.0000000|0.0000000|0.0000000|0.0000000|0.0000000|0.0000000,0,0.9534934163093567,5.5602554866897895,0,0,0,0,0,
cross_town,Town02,mixed,3,35,1.75,-7.447046279907227,219.40994262695312,0.22167640924453735,89.98705291748047,1.0766143529545502e-10,501.2367712581468,2.1479157449919837e-11,4.76837158203125e-07,2.663161087212984e-07,9.133835640445836e-06,0.4597750923513805,0.5517058968544006,0.5764756798744202,0.6153264045715332,0.0,0.47839412093162537,0.6083812117576599,0.5800921320915222,0.3114308714866638,0.26935699582099915,1.4364827871322632,0.6972576|0.3027425|0.0000000|0.0000000|0.0000000|0.0000000|0.0000000|0.0000000|0.0000000|0.0000000,0,0.6972575783729553,5.411331397052123,0,0,0,0,0,
cross_town,Town02,mixed,3,36,1.8,-7.447046279907227,219.40994262695312,0.22167640924453735,89.98705291748047,1.0766143529545502e-10,501.2367712581468,2.1479157449919837e-11,4.76837158203125e-07,2.663161087212984e-07,1.9878425402522235e-05,0.4248815423731876,0.5847623944282532,0.4938926696777344,0.6026914119720459,0.0,0.3983941078186035,0.6026914119720459,0.9999996423721313,0.2244294136762619,3.9938602447509766,1.9793353080749512,0.8257180|0.0890458|0.0852362|0.0000000|0.0000000|0.0000000|0.0000000|0.0000000|0.0000000|0.0000000,0,0.8257179856300354,5.45046752991527,0,0,0,0,0,
cross_town,Town02,mixed,3,37,1.85,-7.447046279907227,219.40994262695312,0.22167640924453735,89.98705291748047,1.0766143529545502e-10,501.2367712581468,2.1479157449919837e-11,4.76837158203125e-07,2.663161087212984e-07,2.0736699446361425e-05,0.4231224329089765,0.5608212947845459,0.5458499789237976,0.5705356001853943,0.0,0.31839409470558167,0.5705356001853943,0.9999452829360962,0.22445660829544067,2.729017496109009,2.0516672134399414,0.8159255|0.0962986|0.0877759|0.0000000|0.0000000|0.0000000|0.0000000|0.0000000|0.0000000|0.0000000,0,0.8159254789352417,5.24009508444366,0,0,0,0,0,
cross_town,Town02,mixed,3,38,1.9,-7.447046279907227,219.40994262695312,0.22167640924453735,89.98705291748047,1.0766143529545502e-10,501.2367712581468,2.1479157449919837e-11,4.76837158203125e-07,2.663161087212984e-07,1.7029444639485047e-05,0.4282037898889624,0.690664529800415,0.6610406637191772,0.5726567506790161,0.0,0.238394096493721,0.5726567506790161,0.955676257610321,0.3084171712398529,0.9593077898025513,0.8310002684593201,0.4091646|0.3888355|0.2019999|0.0000000|0.0000000|0.0000000|0.0000000|0.0000000|0.0000000|0.0000000,0,0.40916457772254944,5.224568238945079,0,0,0,0,0,
cross_town,Town02,mixed,3,39,1.95,-7.447046279907227,219.40994262695312,0.22167640924453735,89.98705291748047,1.0766143529545502e-10,501.2367712581468,2.1479157449919837e-11,4.76837158203125e-07,2.663161087212984e-07,1.696087166810601e-05,0.4154989954375682,0.4836015999317169,0.7147355675697327,0.3984546959400177,0.0,0.31839409470558167,0.49265673756599426,0.9999998807907104,0.22167102992534637,4.3005690574646,2.195000410079956,0.8252069|0.0867449|0.0880482|0.0000000|0.0000000|0.0000000|0.0000000|0.0000000|0.0000000|0.0000000,0,0.8252068758010864,5.084889781846736,0,0,0,0,0,
cross_town,Town02,mixed,3,40,2.0,-7.447046279907227,219.40994262695312,0.22167754173278809,89.98705291748047,1.0766143529545502e-10,501.2367712581468,2.1479157449919837e-11,4.76837158203125e-07,2.663161087212984e-07,1.4764907883458726e-05,0.4164090885836142,0.5250318050384521,0.6848405599594116,0.5837370157241821,0.0,0.3983941078186035,0.5726567506790161,0.9848136305809021,0.20954559743404388,1.3334671258926392,2.351903200149536,0.9461415|0.0538585|0.0000000|0.0000000|0.0000000|0.0000000|0.0000000|0.0000000|0.0000000|0.0000000,0,0.9461415410041809,5.137522933472562,0,0,0,0,0,
cross_town,Town02,mixed,3,41,2.05,-7.447046279907227,219.40994262695312,0.22167754173278809,89.98705291748047,1.0766143529545502e-10,501.2367712581468,2.1479157449919837e-11,4.76837158203125e-07,2.663161087212984e-07,7.661300718939166e-06,0.4227501298907325,0.5230675935745239,0.6197434663772583,0.5630015730857849,0.0,0.47839412093162537,0.5630015730857849,0.9904108047485352,0.21684300899505615,1.4425264596939087,2.4274327754974365,0.8626001|0.0897688|0.0476311|0.0000000|0.0000000|0.0000000|0.0000000|0.0000000|0.0000000|0.0000000,0,0.8626001477241516,4.494640508417843,0,0,0,0,0,
cross_town,Town02,mixed,3,42,2.1,-7.447046279907227,219.40994262695312,0.22167754173278809,89.98705291748047,1.0766143529545502e-10,501.2367712581468,2.1479157449919837e-11,4.76837158203125e-07,2.663161087212984e-07,5.701683858745338e-06,0.4221160174050532,0.5045220255851746,0.5739679336547852,0.5652084350585938,0.0,0.5583941340446472,0.5652084350585938,0.99037104845047,0.22180037200450897,1.4365265369415283,2.384284496307373,0.8029754|0.0779981|0.0747750|0.0442515|0.0000000|0.0000000|0.0000000|0.0000000|0.0000000|0.0000000,0,0.8029753565788269,4.185717976730304,0,0,0,0,0,
cross_town,Town02,mixed,3,43,2.15,-7.447046279907227,219.40994262695312,0.22167754173278809,89.98705291748047,1.0766143529545502e-10,501.2367712581468,2.1479157449919837e-11,4.76837158203125e-07,2.663161087212984e-07,8.962130405520776e-06,0.4126611637875827,0.4798578917980194,0.6720180511474609,0.3745260238647461,0.0,0.6383941173553467,0.4852084219455719,1.0,0.30404868721961975,8.080743789672852,0.7045323252677917,0.5073052|0.4926948|0.0000000|0.0000000|0.0000000|0.0000000|0.0000000|0.0000000|0.0000000|0.0000000,0,0.5073052048683167,3.843152410832564,0,0,0,0,0,
cross_town,Town02,mixed,3,44,2.2,-7.447046279907227,219.40994262695312,0.22167754173278809,89.98705291748047,1.0766143529545502e-10,501.2367712581468,2.1479157449919837e-11,4.76837158203125e-07,2.663161087212984e-07,1.9569425600059547e-06,0.4213098212437583,0.46808889508247375,0.4632011950016022,0.4118989109992981,0.0,0.5583941340446472,0.4118989109992981,0.9170102477073669,0.2158041000366211,0.8847962617874146,1.6916581392288208,0.8314658|0.0885541|0.0799802|0.0000000|0.0000000|0.0000000|0.0000000|0.0000000|0.0000000|0.0000000,0,0.8314657807350159,3.6805634891683923,0,0,0,0,0,
cross_town,Town02,mixed,3,45,2.25,-7.447046279907227,219.40994262695312,0.22167754173278809,89.98705291748047,1.0766143529545502e-10,501.2367712581468,2.1479157449919837e-11,4.76837158203125e-07,2.663161087212984e-07,4.360204655885114e-06,0.4177801468780353,0.41063791513442993,0.509594738483429,0.4370097815990448,0.0,0.509594738483429,0.4370097815990448,0.9997637867927551,0.20550282299518585,2.3820865154266357,1.42572820186615,0.9158572|0.0841428|0.0000000|0.0000000|0.0000000|0.0000000|0.0000000|0.0000000|0.0000000|0.0000000,0,0.915857195854187,3.452044649979265,0,0,0,0,0,
cross_town,Town02,mixed,3,46,2.3,-7.447046279907227,219.40994262695312,0.22167754173278809,89.98705291748047,1.0766143529545502e-10,501.2367712581468,2.1479157449919837e-11,4.76837158203125e-07,2.663161087212984e-07,6.763466552874309e-06,0.41515344502686063,0.410352498292923,0.5290950536727905,0.4814610481262207,0.0,0.5290950536727905,0.4814610481262207,0.9998235106468201,0.2106967717409134,2.4497768878936768,2.24493408203125,0.8612058|0.0791106|0.0596837|0.0000000|0.0000000|0.0000000|0.0000000|0.0000000|0.0000000|0.0000000,0,0.8612057566642761,3.3432167567010094,0,0,0,0,0,
cross_town,Town02,mixed,3,47,2.35,-7.447046279907227,219.40994262695312,0.22167754173278809,89.98705291748047,1.0766143529545502e-10,501.2367712581468,2.1479157449919837e-11,4.76837158203125e-07,2.663161087212984e-07,4.909772809363387e-06,0.4127025676183963,0.4277058243751526,0.5619375705718994,0.5372331142425537,0.0,0.5619375705718994,0.5372331142425537,0.999995231628418,0.21537375450134277,3.345721483230591,2.146186113357544,0.8047493|0.0738003|0.0697852|0.0516652|0.0000000|0.0000000|0.0000000|0.0000000|0.0000000|0.0000000,0,0.8047492504119873,3.1606212584658118,0,0,0,0,0,
cross_town,Town02,mixed,3,48,2.4,-7.447046279907227,219.40994262695312,0.22167754173278809,89.98705291748047,1.0766143529545502e-10,501.2367712581468,2.1479157449919837e-11,4.76837158203125e-07,2.663161087212984e-07,7.141947253611327e-06,0.40763162383627616,0.3700980544090271,0.366061806678772,0.3512745797634125,0.0,0.48193755745887756,0.45723310112953186,0.9998929500579834,0.3073573112487793,2.478060245513916,1.1550981998443604,0.5672548|0.4327452|0.0000000|0.0000000|0.0000000|0.0000000|0.0000000|0.0000000|0.0000000|0.0000000,0,0.5672547817230225,3.073149416987069,0,0,0,0,0,
cross_town,Town02,mixed,3,49,2.45,-7.447046279907227,219.40994262695312,0.22167754173278809,89.98705291748047,1.0766143529545502e-10,501.2367712581468,2.1479157449919837e-11,4.76837158203125e-07,2.663161087212984e-07,4.190376504997347e-06,0.4117199765570467,0.042209118604660034,0.2662988007068634,0.19752681255340576,0.0,0.4019375443458557,0.37723308801651,0.9470177292823792,0.800000011920929,0.42084017395973206,-1.3033994436264038,1.0000000|0.0000000|0.0000000|0.0000000|0.0000000|0.0000000|0.0000000|0.0000000|0.0000000|0.0000000,0,1.0,2.9394319837421343,0,0,0,0,0,
cross_town,Town02,mixed,3,50,2.5,-7.447046279907227,219.40994262695312,0.22167754173278809,89.98705291748047,1.0766143529545502e-10,501.2367712581468,2.1479157449919837e-11,4.76837158203125e-07,2.663161087212984e-07,6.081823111071191e-06,0.42912713263134095,0.4376341700553894,0.5433598756790161,0.6721159219741821,0.0,0.48193755745887756,0.45723310112953186,0.760377824306488,0.30560576915740967,0.4830821454524994,1.5311799049377441,0.3615423|0.3361047|0.3023530|0.0000000|0.0000000|0.0000000|0.0000000|0.0000000|0.0000000|0.0000000,0,0.36154231429100037,2.8745407945055175,0,0,0,0,0,
cross_town,Town02,mixed,3,51,2.55,-7.447046279907227,219.40994262695312,0.22167754173278809,89.98705291748047,1.0766143529545502e-10,501.2367712581468,2.1479157449919837e-11,4.76837158203125e-07,2.663161087212984e-07,5.733491601994225e-06,0.4077248998596566,0.336484432220459,0.560625433921814,0.4009654223918915,0.0,0.560625433921814,0.4009654223918915,0.9999450445175171,0.2035440057516098,2.748605728149414,1.8166967630386353,0.8541961|0.0707681|0.0750358|0.0000000|0.0000000|0.0000000|0.0000000|0.0000000|0.0000000|0.0000000,0,0.8541960716247559,2.7472560626756977,0,0,0,0,0,
cross_town,Town02,mixed,3,52,2.6,-7.447046279907227,219.40994262695312,0.22167754173278809,89.98705291748047,1.0766143529545502e-10,501.2367712581468,2.1479157449919837e-11,4.76837158203125e-07,2.663161087212984e-07,3.091191319988886e-07,0.4071823847970536,0.3344484567642212,0.3539990782737732,0.45176100730895996,0.0,0.4806254208087921,0.45176100730895996,0.9984439015388489,0.30511993169784546,1.8108803033828735,0.9096447825431824,0.5250362|0.4749638|0.0000000|0.0000000|0.0000000|0.0000000|0.0000000|0.0000000|0.0000000|0.0000000,0,0.5250361561775208,2.675031324262951,0,0,0,0,0,
cross_town,Town02,mixed,3,53,2.65,-7.447046279907227,219.40994262695312,0.22167754173278809,89.98705291748047,1.0766143529545502e-10,501.2367712581468,2.1479157449919837e-11,4.76837158203125e-07,2.663161087212984e-07,9.958901620131766e-07,0.446433318636935,0.20338678359985352,0.5141263604164124,0.35837966203689575,0.0,0.5141263604164124,0.3717609941959381,0.5453320741653442,0.19112256169319153,0.3543343245983124,2.048513174057007,0.9317223|0.0682777|0.0000000|0.0000000|0.0000000|0.0000000|0.0000000|0.0000000|0.0000000|0.0000000,0,0.9317222833633423,2.552195173215764,0,0,0,0,0,
cross_town,Town02,mixed,3,54,2.7,-7.447046279907227,219.40994262695312,0.22167754173278809,89.98705291748047,1.0766143529545502e-10,501.2367712581468,2.1479157449919837e-11,4.76837158203125e-07,2.663161087212984e-07,1.682535419157282e-06,0.4244188825600981,0.37505045533180237,0.4618166387081146,0.37635940313339233,0.0,0.4618166387081146,0.37635940313339233,0.8264526128768921,0.1968075931072235,0.6933653354644775,2.084324359893799,0.8710315|0.0661545|0.0628141|0.0000000|0.0000000|0.0000000|0.0000000|0.0000000|0.0000000|0.0000000,0,0.8710314631462097,2.479296633808039,0,0,0,0,0,
cross_town,Town02,mixed,3,55,2.75,-7.447046279907227,219.40994262695312,0.22167754173278809,89.98705291748047,1.0766143529545502e-10,501.2367712581468,2.1479157449919837e-11,4.76837158203125e-07,2.663161087212984e-07,2.3691151870790443e-06,0.4297028407707421,0.22907650470733643,0.45609402656555176,0.35923147201538086,0.0,0.45609402656555176,0.35923147201538086,0.7538591027259827,0.19460871815681458,0.5852165818214417,1.9134739637374878,0.8740001|0.0612919|0.0647081|0.0000000|0.0000000|0.0000000|0.0000000|0.0000000|0.0000000|0.0000000,0,0.874000072479248,2.3641734109369112,0,0,0,0,0,
cross_town,Town02,mixed,3,56,2.8,-7.447046279907227,219.40994262695312,0.22167754173278809,89.98705291748047,1.0766143529545502e-10,501.2367712581468,2.1479157449919837e-11,4.76837158203125e-07,2.663161087212984e-07,3.055652147433513e-06,0.4035516482687238,0.2208080291748047,0.5816986560821533,0.39961743354797363,0.0,0.5360940098762512,0.39961743354797363,0.9819236397743225,0.19305458664894104,1.3056724071502686,1.7668362855911255,0.8739939|0.0716190|0.0543872|0.0000000|0.0000000|0.0000000|0.0000000|0.0000000|0.0000000|0.0000000,0,0.8739938735961914,2.2949854545926733,0,0,0,0,0,
cross_town,Town02,mixed,3,57,2.85,-7.447046279907227,219.40994262695312,0.22167754173278809,89.98705291748047,1.0766143529545502e-10,501.2367712581468,2.1479157449919837e-11,4.76837158203125e-07,2.663161087212984e-07,3.742232598443977e-06,0.4687049928961542,0.22559508681297302,0.4184718132019043,0.3470212519168854,0.0,0.45609399676322937,0.3470212519168854,0.2983802855014801,0.1912614107131958,0.09498293697834015,1.838065505027771,0.8716426|0.0646399|0.0637175|0.0000000|0.0000000|0.0000000|0.0000000|0.0000000|0.0000000|0.0000000,0,0.8716425895690918,2.1958175815206866,0,0,0,0,0,
cross_town,Town02,mixed,3,58,2.9,-7.447046279907227,219.40994262695312,0.22167754173278809,89.98705291748047,1.0766143529545502e-10,501.2367712581468,2.1479157449919837e-11,4.76837158203125e-07,2.663161087212984e-07,4.497541094979194e-06,0.4401152570683441,0.18529045581817627,0.5364595055580139,0.40056493878364563,0.0,0.5360940098762512,0.40056493878364563,0.5637646317481995,0.18775612115859985,0.3763576149940491,1.6327345371246338,0.8877543|0.0627928|0.0494529|0.0000000|0.0000000|0.0000000|0.0000000|0.0000000|0.0000000|0.0000000,0,0.8877543210983276,2.142105398283621,0,0,0,0,0,
cross_town,Town02,mixed,3,59,2.95,-7.447046279907227,219.40994262695312,0.22167754173278809,89.98705291748047,1.0766143529545502e-10,501.2367712581468,2.1479157449919837e-11,4.76837158203125e-07,2.663161087212984e-07,5.184201614304328e-06,0.4146599943677879,0.29312169551849365,0.4741557240486145,0.3441047966480255,0.0,0.4741557240486145,0.3441047966480255,0.7942175269126892,0.19379118084907532,0.6438432335853577,1.915464162826538,0.8261012|0.0613948|0.0619133|0.0505907|0.0000000|0.0000000|0.0000000|0.0000000|0.0000000|0.0000000,0,0.8261011838912964,2.0656017077866333,0,0,0,0,0,
cross_town,Town02,mixed,3,60,3.0,-7.447046279907227,219.40994262695312,0.22167754173278809,89.98705291748047,1.0766143529545502e-10,501.2367712581468,2.1479157449919837e-11,4.76837158203125e-07,2.663161087212984e-07,0.0,0.4528888196687395,0.27465516328811646,0.43669986724853516,0.3793608546257019,0.0,0.43669986724853516,0.3793608546257019,0.41418686509132385,0.1929452121257782,0.2203839123249054,1.6952179670333862,0.8190497|0.0624168|0.0690891|0.0494445|0.0000000|0.0000000|0.0000000|0.0000000|0.0000000|0.0000000,0,0.8190496563911438,2.030584427983638,0,0,0,0,0,
cross_town,Town02,mixed,3,61,3.05,-7.447046279907227,219.40994262695312,0.22167754173278809,89.98705291748047,1.0766143529545502e-10,501.2367712581468,2.1479157449919837e-11,4.76837158203125e-07,2.663161087212984e-07,6.869490665236824e-08,0.4449525287568941,0.21166056394577026,0.4883986711502075,0.4410797357559204,0.0,0.4883986711502075,0.4410797357559204,0.44083136320114136,0.18396250903606415,0.256590336561203,1.5794798135757446,0.8703818|0.0653237|0.0642945|0.0000000|0.0000000|0.0000000|0.0000000|0.0000000|0.0000000|0.0000000,0,0.870381772518158,1.9717686318248624,0,0,0,0,0,
cross_town,Town02,mixed,3,62,3.1,-7.447046279907227,219.40994262695312,0.22167754173278809,89.98705291748047,1.0766143529545502e-10,501.2367712581468,2.1479157449919837e-11,4.76837158203125e-07,2.663161087212984e-07,2.4038270374490623e-07,0.4478270712827619,0.14136481285095215,0.4690154194831848,0.378228098154068,0.0,0.4690154194831848,0.378228098154068,0.3877219557762146,0.18757745623588562,0.19819802045822144,1.890987515449524,0.8328395|0.0646441|0.0602840|0.0422325|0.0000000|0.0000000|0.0000000|0.0000000|0.0000000|0.0000000,0,0.8328395485877991,1.947077765910167,0,0,0,0,0,
cross_town,Town02,mixed,3,63,3.15,-7.447046279907227,219.40994262695312,0.22167754173278809,89.98705291748047,1.0766143529545502e-10,501.2367712581468,2.1479157449919837e-11,4.76837158203125e-07,2.663161087212984e-07,2.747540883866832e-07,0.4663660462380709,0.19875076413154602,0.39983856678009033,0.4005814492702484,0.0,0.39983856678009033,0.4005814492702484,0.2202693670988083,0.18013057112693787,0.0038450479041785,1.7064294815063477,0.8712066|0.0711926|0.0576008|0.0000000|0.0000000|0.0000000|0.0000000|0.0000000|0.0000000|0.0000000,0,0.8712065815925598,1.8951270919344034,0,0,0,0,0,
cross_town,Town02,mixed,3,64,3.2,-7.447046279907227,219.40994262695312,0.22167754173278809,89.98705291748047,1.0766143529545502e-10,501.2367712581468,2.1479157449919837e-11,4.76837158203125e-07,2.663161087212984e-07,3.434134353797874e-07,0.4340412764998723,0.0743817389011383,0.6052377223968506,0.4480578899383545,0.0,0.4798385798931122,0.4480578899383545,0.49826157093048096,0.1768481582403183,0.32141342759132385,1.6031690835952759,0.8858858|0.0702073|0.0439069|0.0000000|0.0000000|0.0000000|0.0000000|0.0000000|0.0000000|0.0000000,0,0.8858858346939087,1.8726329103314694,0,0,0,0,0,
cross_town,Town02,mixed,3,65,3.25,-7.447046279907227,219.40994262695312,0.22167754173278809,89.98705291748047,1.0766143529545502e-10,501.2367712581468,2.1479157449919837e-11,4.76837158203125e-07,2.663161087212984e-07,1.042764528500579e-06,0.4446068988006201,0.12826526165008545,0.4740777313709259,0.4148857891559601,0.0,0.4740777313709259,0.4148857891559601,0.38141652941703796,0.1766989678144455,0.20241598784923553,1.751982569694519,0.8690661|0.0759482|0.0549857|0.0000000|0.0000000|0.0000000|0.0000000|0.0000000|0.0000000|0.0000000,0,0.869066059589386,1.82019889718365,0,0,0,0,0,
cross_town,Town02,mixed,3,66,3.3,-7.447046279907227,219.40994262695312,0.22167754173278809,89.98705291748047,1.0766143529545502e-10,501.2367712581468,2.1479157449919837e-11,4.76837158203125e-07,2.663161087212984e-07,5.837749336183295e-07,0.45466214032095376,0.18565058708190918,0.4333643317222595,0.4209670424461365,0.0,0.4333643317222595,0.4209670424461365,0.2677994966506958,0.1745673418045044,0.0739787369966507,1.7684358358383179,0.8713944|0.0707347|0.0578710|0.0000000|0.0000000|0.0000000|0.0000000|0.0000000|0.0000000|0.0000000,0,0.8713943958282471,1.7943877450556978,0,0,0,0,0,
cross_town,Town02,mixed,3,67,3.35,-7.447046279907227,219.40994262695312,0.22167754173278809,89.98705291748047,1.0766143529545502e-10,501.2367712581468,2.1479157449919837e-11,4.76837158203125e-07,2.663161087212984e-07,6.181215124254449e-07,0.44918733838625396,0.17975544929504395,0.5120849609375,0.4180777966976166,0.0,0.5120849609375,0.4180777966976166,0.2961407005786896,0.17266209423542023,0.11090196669101715,1.852979302406311,0.8717935|0.0726349|0.0555716|0.0000000|0.0000000|0.0000000|0.0000000|0.0000000|0.0000000|0.0000000,0,0.8717935085296631,1.7377434579333983,0,0,0,0,0,
cross_town,Town02,mixed,3,68,3.4,-7.447046279907227,219.40994262695312,0.22167754173278809,89.98705291748047,1.0766143529545502e-10,501.2367712581468,2.1479157449919837e-11,4.76837158203125e-07,2.663161087212984e-07,6.868076777567262e-07,0.4136393487492758,0.12214350700378418,0.418976753950119,0.403310626745224,0.0,0.43208494782447815,0.403310626745224,0.6214471459388733,0.16858451068401337,0.455339252948761,1.701878547668457,0.8912261|0.0729185|0.0358555|0.0000000|0.0000000|0.0000000|0.0000000|0.0000000|0.0000000|0.0000000,0,0.8912261128425598,1.70646439545893,0,0,0,0,0,
cross_town,Town02,mixed,3,69,3.45,-7.447046279907227,219.40994262695312,0.22167754173278809,89.98705291748047,1.0766143529545502e-10,501.2367712581468,2.1479157449919837e-11,4.76837158203125e-07,2.663161087212984e-07,1.0301837244806364e-07,0.4456349396401788,0.1783367395401001,0.4735318720340729,0.4402659237384796,0.0,0.4735318720340729,0.4402659237384796,0.2590000033378601,0.16834530234336853,0.06886158883571625,1.684647560119629,0.8763521|0.0726325|0.0510154|0.0000000|0.0000000|0.0000000|0.0000000|0.0000000|0.0000000|0.0000000,0,0.8763521313667297,1.645305947150361,0,0,0,0,0,
cross_town,Town02,mixed,3,70,3.5,-7.447046279907227,219.40994262695312,0.22167754173278809,89.98705291748047,1.0766143529545502e-10,501.2367712581468,2.1479157449919837e-11,4.76837158203125e-07,2.663161087212984e-07,1.4173008075409712e-06,0.4345870689327461,0.23334580659866333,0.558598518371582,0.4255104959011078,0.0,0.5535318851470947,0.4255104959011078,0.35349512100219727,0.1720159500837326,0.17705628275871277,1.76597261428833,0.8428278|0.0739272|0.0513146|0.0319304|0.0000000|0.0000000|0.0000000|0.0000000|0.0000000|0.0000000,0,0.8428277969360352,1.6094723109447628,0,0,0,0,0,
cross_town,Town02,mixed,3,71,3.55,-7.447046279907227,219.40994262695312,0.22167754173278809,89.98705291748047,1.0766143529545502e-10,501.2367712581468,2.1479157449919837e-11,4.76837158203125e-07,2.663161087212984e-07,1.5253282227274135e-07,0.38485359680815456,0.1654737889766693,0.3720213770866394,0.3714005947113037,0.0,0.4735318720340729,0.3714005947113037,0.7873587012290955,0.16093575954437256,0.6663336157798767,1.4124822616577148,0.9127442|0.0554655|0.0317903|0.0000000|0.0000000|0.0000000|0.0000000|0.0000000|0.0000000|0.0000000,0,0.9127441644668579,1.5474233639382577,0,0,0,0,0,
cross_town,Town02,mixed,3,72,3.6,-7.447046279907227,219.40994262695312,0.22167754173278809,89.98705291748047,1.0766143529545502e-10,501.2367712581468,2.1479157449919837e-11,4.76837158203125e-07,2.663161087212984e-07,1.7176692175893936e-07,0.42544937304789193,0.20474082231521606,0.31535571813583374,0.3961825966835022,0.0,0.393531858921051,0.3961825966835022,0.3770813047885895,0.16419407725334167,0.21031709015369415,1.5884478092193604,0.8667083|0.0813947|0.0518970|0.0000000|0.0000000|0.0000000|0.0000000|0.0000000|0.0000000|0.0000000,0,0.8667083382606506,1.5103179567901728,0,0,0,0,0,
cross_town,Town02,mixed,3,73,3.65,-7.447046279907227,219.40994262695312,0.22167754173278809,89.98705291748047,1.0766143529545502e-10,501.2367712581468,2.1479157449919837e-11,4.76837158203125e-07,2.663161087212984e-07,1.1786792296530867e-06,0.41127284007152115,0.21223968267440796,0.5533613562583923,0.43847084045410156,0.0,0.4735318720340729,0.43847084045410156,0.4714030623435974,0.16659344732761383,0.30477839708328247,1.6114530563354492,0.8420809|0.0846333|0.0484977|0.0247881|0.0000000|0.0000000|0.0000000|0.0000000|0.0000000|0.0000000,0,0.8420808911323547,1.4502846449574105,0,0,0,0,0,
cross_town,Town02,mixed,3,74,3.7,-7.447046279907227,219.40994262695312,0.22167754173278809,89.98705291748047,1.0766143529545502e-10,501.2367712581468,2.1479157449919837e-11,4.76837158203125e-07,2.663161087212984e-07,5.151075711785218e-07,0.42037070235476226,0.19869446754455566,0.4169447124004364,0.441483736038208,0.0,0.4169447124004364,0.441483736038208,0.3672443628311157,0.14959798753261566,0.21438780426979065,1.4981112480163574,0.9476468|0.0523532|0.0000000|0.0000000|0.0000000|0.0000000|0.0000000|0.0000000|0.0000000|0.0000000,0,0.9476467967033386,1.4147376583770839,0,0,0,0,0,
cross_town,Town02,mixed,3,75,3.75,-7.447046279907227,219.40994262695312,0.22167754173278809,89.98705291748047,1.0766143529545502e-10,501.2367712581468,2.1479157449919837e-11,4.76837158203125e-07,2.663161087212984e-07,5.94144656311481e-07,0.41561001615965115,0.19485485553741455,0.5260880589485168,0.4377812445163727,0.0,0.49694472551345825,0.4377812445163727,0.379006952047348,0.1522320806980133,0.22432658076286316,1.6492737531661987,0.9229038|0.0497041|0.0273921|0.0000000|0.0000000|0.0000000|0.0000000|0.0000000|0.0000000|0.0000000,0,0.922903835773468,1.3603883482283374,0,0,0,0,0,
cross_town,Town02,mixed,3,76,3.8,-7.447046279907227,219.40994262695312,0.22167754173278809,89.98705291748047,1.0766143529545502e-10,501.2367712581468,2.1479157449919837e-11,4.76837158203125e-07,2.663161087212984e-07,5.945052829433364e-07,0.414626680673844,0.14689987897872925,0.4471297264099121,0.4236620366573334,0.0,0.4471297264099121,0.4236620366573334,0.34974199533462524,0.15473711490631104,0.19021949172019958,1.781449556350708,0.8831944|0.0893159|0.0274896|0.0000000|0.0000000|0.0000000|0.0000000|0.0000000|0.0000000|0.0000000,0,0.8831944465637207,1.3310955718760211,0,0,0,0,0,
cross_town,Town02,mixed,3,77,3.85,-7.447046279907227,219.40994262695312,0.22167754173278809,89.98705291748047,1.0766143529545502e-10,501.2367712581468,2.1479157449919837e-11,4.76837158203125e-07,2.663161087212984e-07,3.435731347523476e-08,0.42551095906353187,0.15735715627670288,0.4163769483566284,0.43723514676094055,0.0,0.4163769483566284,0.43723514676094055,0.20310276746749878,0.1551569551229477,0.003089637029916048,1.5482301712036133,0.8659618|0.0876641|0.0463739|0.0000000|0.0000000|0.0000000|0.0000000|0.0000000|0.0000000|0.0000000,0,0.8659618496894836,1.2847275886860263,0,0,0,0,0,
cross_town,Town02,mixed,3,78,3.9,-7.447046279907227,219.40994262695312,0.22167754173278809,89.98705291748047,1.0766143529545502e-10,501.2367712581468,2.1479157449919837e-11,4.76837158203125e-07,2.663161087212984e-07,6.874791211928667e-08,0.4111968420409435,0.14301371574401855,0.5727944374084473,0.4480184316635132,0.0,0.49637696146965027,0.4480184316635132,0.30820152163505554,0.15063712000846863,0.1472276747226715,1.6842772960662842,0.8853519|0.0911993|0.0234488|0.0000000|0.0000000|0.0000000|0.0000000|0.0000000|0.0000000|0.0000000,0,0.8853518962860107,1.2622117502678853,0,0,0,0,0,
cross_town,Town02,mixed,3,79,3.95,-7.447046279907227,219.40994262695312,0.22167754173278809,89.98705291748047,1.0766143529545502e-10,501.2367712581468,2.1479157449919837e-11,4.76837158203125e-07,2.663161087212984e-07,1.7383137410650102e-07,0.38999878059285137,0.1728227734565735,0.4351339340209961,0.43861129879951477,0.0,0.4351339340209961,0.43861129879951477,0.48074567317962646,0.13696622848510742,0.34376993775367737,1.5583889484405518,0.9729270|0.0270730|0.0000000|0.0000000|0.0000000|0.0000000|0.0000000|0.0000000|0.0000000|0.0000000,0,0.9729270339012146,1.221897161125185,0,0,0,0,0,
cross_town,Town02,mixed,3,80,4.0,-7.447046279907227,219.40994262695312,0.22167754173278809,89.98705291748047,1.0766143529545502e-10,501.2367712581468,2.1479157449919837e-11,4.76837158203125e-07,2.663161087212984e-07,3.090584159091971e-07,0.35164201402153433,0.5266290307044983,0.4328794777393341,0.588031530380249,0.0,0.35513392090797424,0.5186113119125366,0.748124897480011,0.2772616446018219,0.49489760398864746,0.972258448600769,0.8296363|0.1703637|0.0000000|0.0000000|0.0000000|0.0000000|0.0000000|0.0000000|0.0000000|0.0000000,0,0.82963627576828,1.2039733165006432,0,0,0,0,0,
cross_town,Town02,mixed,3,81,4.05,-7.447046279907227,219.40994262695312,0.22167754173278809,89.98705291748047,1.0766143529545502e-10,501.2367712581468,2.1479157449919837e-11,4.76837158203125e-07,2.663161087212984e-07,4.807479805780523e-07,0.3305437011132834,0.47464945912361145,0.6460216641426086,0.5173263549804688,0.0,0.4351339340209961,0.5173263549804688,0.9947050213813782,0.28146612644195557,1.527456283569336,2.3842861652374268,0.6224633|0.2489988|0.1285379|0.0000000|0.0000000|0.0000000|0.0000000|0.0000000|0.0000000|0.0000000,0,0.6224633455276489,1.1673150866126742,0,0,0,0,0,
cross_town,Town02,mixed,3,82,4.1,-7.447046279907227,219.40994262695312,0.22167754173278809,89.98705291748047,1.0766143529545502e-10,501.2367712581468,2.1479157449919837e-11,4.76837158203125e-07,2.663161087212984e-07,5.49667461034965e-07,0.3642527974089641,0.1433323323726654,0.6305441856384277,0.46278443932533264,0.0,0.5151339173316956,0.46278443932533264,0.5802378058433533,0.14996683597564697,0.43097057938575745,1.8498420715332031,0.8473680|0.0930323|0.0409171|0.0186824|0.0000000|0.0000000|0.0000000|0.0000000|0.0000000|0.0000000,0,0.8473680019378662,1.151896388011649,0,0,0,0,0,
cross_town,Town02,mixed,3,83,4.15,-7.447046279907227,219.40994262695312,0.22167754173278809,89.98705291748047,1.0766143529545502e-10,501.2367712581468,2.1479157449919837e-11,4.76837158203125e-07,2.663161087212984e-07,9.744404136957697e-07,0.36530693967184463,0.1659494936466217,0.46996191143989563,0.43830519914627075,0.0,0.46996191143989563,0.43830519914627075,0.5559144020080566,0.13956639170646667,0.4165828227996826,1.5529011487960815,0.8925394|0.1074606|0.0000000|0.0000000|0.0000000|0.0000000|0.0000000|0.0000000|0.0000000|0.0000000,0,0.892539381980896,1.1167718235967963,0,0,0,0,0,
cross_town,Town02,mixed,3,84,4.2,-7.447046279907227,219.40994262695312,0.22167754173278809,89.98705291748047,1.0766143529545502e-10,501.2367712581468,2.1479157449919837e-11,4.76837158203125e-07,2.663161087212984e-07,5.838029423864078e-07,0.350203977080398,0.22025474905967712,0.4412080645561218,0.428818017244339,0.0,0.4412080645561218,0.428818017244339,0.6703898906707764,0.14823506772518158,0.5292521715164185,1.6071150302886963,0.8367326|0.1043043|0.0400107|0.0189524|0.0000000|0.0000000|0.0000000|0.0000000|0.0000000|0.0000000,0,0.8367326259613037,1.1024503535705503,0,0,0,0,0,
cross_town,Town02,mixed,3,85,4.25,-7.447046279907227,219.40994262695312,0.22167754173278809,89.98705291748047,1.0766143529545502e-10,501.2367712581468,2.1479157449919837e-11,4.76837158203125e-07,2.663161087212984e-07,6.181305462901663e-07,0.36994608663102424,0.2354612946510315,0.4581998884677887,0.4240448772907257,0.0,0.4581998884677887,0.4240448772907257,0.4306381940841675,0.1473211944103241,0.28286683559417725,1.7137397527694702,0.8318986|0.1100196|0.0393691|0.0187127|0.0000000|0.0000000|0.0000000|0.0000000|0.0000000|0.0000000,0,0.8318986296653748,1.0682368489303082,0,0,0,0,0,
cross_town,Town02,mixed,3,86,4.3,-7.447046279907227,219.40994262695312,0.22167754173278809,89.98705291748047,1.0766143529545502e-10,501.2367712581468,2.1479157449919837e-11,4.76837158203125e-07,2.663161087212984e-07,3.443642893544466e-08,0.3533304319238025,0.25986501574516296,0.42677268385887146,0.42370784282684326,0.0,0.42677268385887146,0.42370784282684326,0.5537048578262329,0.14516055583953857,0.40875229239463806,1.5863478183746338,0.8357400|0.1077584|0.0394126|0.0170890|0.0000000|0.0000000|0.0000000|0.0000000|0.0000000|0.0000000,0,0.8357399702072144,1.0550508525979991,0,0,0,0,0,
cross_town,Town02,mixed,3,87,4.35,-7.447046279907227,219.40994262695312,0.22167754173278809,89.98705291748047,1.0766143529545502e-10,501.2367712581468,2.1479157449919837e-11,4.76837158203125e-07,2.663161087212984e-07,2.318342103489317e-07,0.3560175057143797,0.25012558698654175,0.4495914578437805,0.4228970408439636,0.0,0.4495914578437805,0.4228970408439636,0.4831618666648865,0.1409841775894165,0.3421713411808014,1.6650763750076294,0.8467833|0.1130489|0.0401678|0.0000000|0.0000000|0.0000000|0.0000000|0.0000000|0.0000000|0.0000000,0,0.8467832803726196,1.0229485633744508,0,0,0,0,0,
cross_town,Town02,mixed,3,88,4.4,-7.447046279907227,219.40994262695312,0.22167754173278809,89.98705291748047,1.0766143529545502e-10,501.2367712581468,2.1479157449919837e-11,4.76837158203125e-07,2.663161087212984e-07,3.090488257260552e-07,0.32590348016851584,0.2732768654823303,0.39160358905792236,0.4107688367366791,0.0,0.39160358905792236,0.4107688367366791,0.7388758063316345,0.11999504268169403,0.6400383710861206,1.6131376028060913,0.9832413|0.0167587|0.0000000|0.0000000|0.0000000|0.0000000|0.0000000|0.0000000|0.0000000|0.0000000,0,0.9832413196563721,1.0127199835084095,0,0,0,0,0,
cross_town,Town02,mixed,3,89,4.45,-7.447046279907227,219.40994262695312,0.22167754173278809,89.98705291748047,1.0766143529545502e-10,501.2367712581468,2.1479157449919837e-11,4.76837158203125e-07,2.663161087212984e-07,3.7773201823986453e-07,0.3609418213178218,0.26492446660995483,0.5152335166931152,0.43443384766578674,0.0,0.4716036021709442,0.43443384766578674,0.3398419916629791,0.13441018760204315,0.19959019124507904,1.7232873439788818,0.8682410|0.1168415|0.0149176|0.0000000|0.0000000|0.0000000|0.0000000|0.0000000|0.0000000|0.0000000,0,0.8682409524917603,0.9849765980189135,0,0,0,0,0,
cross_town,Town02,mixed,3,90,4.5,-7.447046279907227,219.40994262695312,0.22167754173278809,89.98705291748047,1.0766143529545502e-10,501.2367712581468,2.1479157449919837e-11,4.76837158203125e-07,2.663161087212984e-07,4.464441850510495e-07,0.28648172339112365,0.5498194694519043,0.4844808876514435,0.6017202138900757,0.0,0.39160358905792236,0.5144338607788086,0.9710242748260498,0.2618538439273834,1.116119146347046,1.0467283725738525,0.8802222|0.1197778|0.0000000|0.0000000|0.0000000|0.0000000|0.0000000|0.0000000|0.0000000|0.0000000,0,0.8802222013473511,0.9810186872001193,0,0,0,0,0,
cross_town,Town02,mixed,3,91,4.55,-7.447046279907227,219.40994262695312,0.22167754173278809,89.98705291748047,1.0766143529545502e-10,501.2367712581468,2.1479157449919837e-11,4.76837158203125e-07,2.663161087212984e-07,5.49437770373913e-07,0.3131526491851978,0.17411330342292786,0.6776422262191772,0.44083094596862793,0.0,0.4716036021709442,0.44083094596862793,0.6732077598571777,0.1392492651939392,0.5414330363273621,1.8050369024276733,0.8265260|0.1187679|0.0387238|0.0159822|0.0000000|0.0000000|0.0000000|0.0000000|0.0000000|0.0000000,0,0.8265260457992554,0.9626107101131923,0,0,0,0,0,
cross_town,Town02,mixed,3,92,4.6,-7.447046279907227,219.40994262695312,0.22167754173278809,89.98705291748047,1.0766143529545502e-10,501.2367712581468,2.1479157449919837e-11,4.76837158203125e-07,2.663161087212984e-07,6.867724926173054e-07,0.2751000176388016,0.5604094862937927,0.618597686290741,0.6047064661979675,0.0,0.5516036152839661,0.5208309292793274,1.0,0.25790834426879883,5.052298069000244,1.2164266109466553,0.8978231|0.1021770|0.0000000|0.0000000|0.0000000|0.0000000|0.0000000|0.0000000|0.0000000|0.0000000,0,0.8978230953216553,0.9711379174688413,0,0,0,0,0,
cross_town,Town02,mixed,3,93,4.65,-7.447046279907227,219.40994262695312,0.22167754173278809,89.98705291748047,1.0766143529545502e-10,501.2367712581468,2.1479157449919837e-11,4.76837158203125e-07,2.663161087212984e-07,7.556577022733433e-07,0.2710436827243683,0.21663349866867065,0.4708518385887146,0.3670932650566101,0.0,0.4716036021709442,0.44083091616630554,0.9997819066047668,0.1367882341146469,2.470811367034912,1.7629427909851074,0.8236758|0.1259171|0.0372668|0.0131403|0.0000000|0.0000000|0.0000000|0.0000000|0.0000000|0.0000000,0,0.823675811290741,0.9697051567584711,0,0,0,0,0,
cross_town,Town02,mixed,3,94,4.7,-7.447046279907227,219.40994262695312,0.22167754173278809,89.98705291748047,1.0766143529545502e-10,501.2367712581468,2.1479157449919837e-11,4.76837158203125e-07,2.663161087212984e-07,6.880044199304484e-08,0.2842505941467945,0.27635669708251953,0.5382078289985657,0.41653674840927124,0.0,0.5382078289985657,0.41653674840927124,0.8984640836715698,0.1303463578224182,0.9147222638130188,1.6704010963439941,0.8479557|0.1386021|0.0134421|0.0000000|0.0000000|0.0000000|0.0000000|0.0000000|0.0000000|0.0000000,0,0.8479557037353516,1.0019977739248191,0,0,0,0,0,
cross_town,Town02,mixed,3,95,4.75,-7.447046279907227,219.40994262695312,0.22167754173278809,89.98705291748047,1.0766143529545502e-10,501.2367712581468,2.1479157449919837e-11,4.76837158203125e-07,2.663161087212984e-07,1.0307854321484451e-07,0.2634449246898806,0.3881271481513977,0.32775866985321045,0.3143862187862396,0.0,0.4582078158855438,0.3365367352962494,0.9999901056289673,0.11783825606107712,3.2628448009490967,1.4415349960327148,0.9459090|0.0391391|0.0149519|0.0000000|0.0000000|0.0000000|0.0000000|0.0000000|0.0000000|0.0000000,0,0.9459090232849121,1.032422997774137,0,0,0,0,0,
cross_town,Town02,mixed,3,96,4.8,-7.447046279907227,219.40994262695312,0.22167754173278809,89.98705291748047,1.0766143529545502e-10,501.2367712581468,2.1479157449919837e-11,4.76837158203125e-07,2.663161087212984e-07,1.8013465768210498e-07,0.2999595249675393,0.4150949716567993,0.24097773432731628,0.3297717273235321,0.0,0.378207802772522,0.3297717273235321,0.6772018074989319,0.1260007619857788,0.5592347383499146,1.6481571197509766,0.8540096|0.1459904|0.0000000|0.0000000|0.0000000|0.0000000|0.0000000|0.0000000|0.0000000|0.0000000,0,0.8540096282958984,1.1129057232891995,0,0,0,0,0,
cross_town,Town02,mixed,3,97,4.85,-7.447046279907227,219.40994262695312,0.22167754173278809,89.98705291748047,1.0766143529545502e-10,501.2367712581468,2.1479157449919837e-11,4.76837158203125e-07,2.663161087212984e-07,1.7188560325536458e-07,0.2644597296991439,0.38283663988113403,0.36438459157943726,0.3488217294216156,0.0,0.2982077896595001,0.3488217294216156,0.9978535771369934,0.11639884859323502,1.9190566539764404,1.6680164337158203,0.9433144|0.0430016|0.0136840|0.0000000|0.0000000|0.0000000|0.0000000|0.0000000|0.0000000|0.0000000,0,0.9433143734931946,1.2129779308066073,0,0,0,0,0,
cross_town,Town02,mixed,3,98,4.9,-7.447046279907227,219.40994262695312,0.22167754173278809,89.98705291748047,1.0766143529545502e-10,501.2367712581468,2.1479157449919837e-11,4.76837158203125e-07,2.663161087212984e-07,1.7212190894343268e-07,0.2543747175028917,0.362092524766922,0.8264045119285583,0.5258879661560059,0.0,0.378207802772522,0.42882174253463745,0.9998641014099121,0.251144677400589,2.474764108657837,1.9891282320022583,0.8066688|0.1933312|0.0000000|0.0000000|0.0000000|0.0000000|0.0000000|0.0000000|0.0000000|0.0000000,0,0.8066688179969788,1.412972128271029,0,0,0,0,0,
cross_town,Town02,mixed,3,99,4.95,-7.447046279907227,219.40994262695312,0.22167754173278809,89.98705291748047,1.0766143529545502e-10,501.2367712581468,2.1479157449919837e-11,4.76837158203125e-07,2.663161087212984e-07,1.7313889863829917e-07,0.27949560306522736,0.3468315601348877,0.5668416619300842,0.4045599699020386,0.0,0.4582078158855438,0.4045599699020386,0.7965793013572693,0.13375192880630493,0.7075107097625732,1.7820204496383667,0.8011000|0.1474420|0.0397712|0.0116868|0.0000000|0.0000000|0.0000000|0.0000000|0.0000000|0.0000000,0,0.801099956035614,1.7191129082546832,0,0,0,0,0,
cross_town,Town02,mixed,3,100,5.0,-7.447046279907227,219.40994262695312,0.22167754173278809,89.98705291748047,1.0766143529545502e-10,501.2367712581468,2.1479157449919837e-11,4.76837158203125e-07,2.663161087212984e-07,1.6895354958522212e-06,0.2505231513631238,0.47620847821235657,0.5555930733680725,0.5885182619094849,0.0,0.5382078289985657,0.4845599830150604,0.999993085861206,0.25272855162620544,3.218156099319458,2.3027565479278564,0.7726511|0.1732440|0.0541050|0.0000000|0.0000000|0.0000000|0.0000000|0.0000000|0.0000000|0.0000000,0,0.7726511359214783,2.3744946212964044,0,0,0,0,0,
cross_town,Town02,mixed,3,101,5.05,-7.447046279907227,219.40994262695312,0.22167754173278809,89.98705291748047,1.0766143529545502e-10,501.2367712581468,2.1479157449919837e-11,4.76837158203125e-07,2.663161087212984e-07,1.6894884144622902e-06,0.2515754264905202,0.22771519422531128,0.48782506585121155,0.3971906900405884,0.0,0.48782506585121155,0.4045599699020386,0.9783651232719421,0.12602125108242035,1.3268730640411377,1.6544479131698608,0.8308141|0.1578555|0.0113305|0.0000000|0.0000000|0.0000000|0.0000000|0.0000000|0.0000000|0.0000000,0,0.8308140635490417,3.9299061680501173,0,0,0,0,0,
cross_town,Town02,mixed,3,102,5.1,-7.447046279907227,219.40994262695312,0.22167754173278809,89.98705291748047,1.0766143529545502e-10,501.2367712581468,2.1479157449919837e-11,4.76837158203125e-07,2.663161087212984e-07,0.0,0.25133153481278064,0.401948481798172,0.3440369963645935,0.3380143344402313,0.0,0.4078250527381897,0.3380143344402313,0.9992374181747437,0.13194143772125244,2.162576198577881,1.6021549701690674,0.7972922|0.1591911|0.0338870|0.0096297|0.0000000|0.0000000|0.0000000|0.0000000|0.0000000|0.0000000,0,0.7972922325134277,4.852419164564962,0,0,0,0,0,
cross_town,Town02,mixed,3,103,5.15,-7.447046279907227,219.40994262695312,0.22167754173278809,89.98705291748047,1.0766143529545502e-10,501.2367712581468,2.1479157449919837e-11,4.76837158203125e-07,2.663161087212984e-07,3.444369090832851e-08,0.2627723215621676,0.4327305555343628,0.32694798707962036,0.3346002995967865,0.0,0.32782503962516785,0.3346002995967865,0.9385055899620056,0.13247813284397125,1.0488574504852295,1.8130967617034912,0.7918801|0.1618572|0.0367066|0.0095561|0.0000000|0.0000000|0.0000000|0.0000000|0.0000000|0.0000000,0,0.7918801307678223,4.7940396163613785,0,0,0,0,0,
cross_town,Town02,mixed,3,104,5.2,-7.447046279907227,219.40994262695312,0.22167754173278809,89.98705291748047,1.0766143529545502e-10,501.2367712581468,2.1479157449919837e-11,4.76837158203125e-07,2.663161087212984e-07,1.3738100400412462e-07,0.2547067140132721,0.30769357085227966,0.44628018140792847,0.3873835504055023,0.0,0.4078250527381897,0.3873835504055023,0.991621732711792,0.1048961654305458,1.588529109954834,1.7710140943527222,0.9876431|0.0123570|0.0000000|0.0000000|0.0000000|0.0000000|0.0000000|0.0000000|0.0000000|0.0000000,0,0.9876430630683899,4.714781080768131,0,0,0,0,0,
cross_town,Town02,mixed,3,105,5.25,-7.447046279907227,219.40994262695312,0.22167754173278809,89.98705291748047,1.0766143529545502e-10,501.2367712581468,2.1479157449919837e-11,4.76837158203125e-07,2.663161087212984e-07,1.2129567875141515e-06,0.27483822631835536,0.42921534180641174,0.4882778525352478,0.35739025473594666,0.0,0.48782506585121155,0.35739025473594666,0.8228635787963867,0.12463359534740448,0.7593339681625366,1.901863932609558,0.8228598|0.1771403|0.0000000|0.0000000|0.0000000|0.0000000|0.0000000|0.0000000|0.0000000|0.0000000,0,0.8228597640991211,4.619397854129838,0,0,0,0,0,
cross_town,Town02,mixed,3,106,5.3,-7.447046279907227,219.40994262695312,0.22167754173278809,89.98705291748047,1.0766143529545502e-10,501.2367712581468,2.1479157449919837e-11,4.76837158203125e-07,2.663161087212984e-07,4.12066474527208e-07,0.2561201767853745,0.4527709484100342,0.2450522482395172,0.27715328335762024,0.0,0.4078250527381897,0.2773902416229248,0.9576300978660583,0.1023830845952034,1.1771224737167358,1.530051589012146,1.0000000|0.0000000|0.0000000|0.0000000|0.0000000|0.0000000|0.0000000|0.0000000|0.0000000|0.0000000,0,1.0,4.514824333106576,0,0,0,0,0,
cross_town,Town02,mixed,3,107,5.35,-7.447046279907227,219.40994262695312,0.22167754173278809,89.98705291748047,1.0766143529545502e-10,501.2367712581468,2.1479157449919837e-11,4.76837158203125e-07,2.663161087212984e-07,4.940515898140447e-07,0.29994008517204723,0.42573022842407227,0.25501352548599243,0.36157649755477905,0.0,0.32782503962516785,0.35739025473594666,0.5362709164619446,0.13224360346794128,0.4040911793708801,1.7568825483322144,0.7813715|0.1832931|0.0353354|0.0000000|0.0000000|0.0000000|0.0000000|0.0000000|0.0000000|0.0000000,0,0.7813714742660522,4.411257272130629,0,0,0,0,0,
cross_town,Town02,mixed,3,108,5.4,-7.447046279907227,219.40994262695312,0.22167754173278809,89.98705291748047,1.0766143529545502e-10,501.2367712581468,2.1479157449919837e-11,4.76837158203125e-07,2.663161087212984e-07,5.150965204017779e-07,0.33929222313359364,0.4039286971092224,0.6960283517837524,0.35934051871299744,0.0,0.4078250527381897,0.35934051871299744,0.2391240894794464,0.11064856499433517,0.09997951239347458,2.0107038021087646,0.9616766|0.0383234|0.0000000|0.0000000|0.0000000|0.0000000|0.0000000|0.0000000|0.0000000|0.0000000,0,0.9616765975952148,4.319373974611918,0,0,0,0,0,
cross_town,Town02,mixed,3,109,5.45,-7.447046279907227,219.40994262695312,0.22167754173278809,89.98705291748047,1.0766143529545502e-10,501.2367712581468,2.1479157449919837e-11,4.76837158203125e-07,2.663161087212984e-07,5.837737902119253e-07,0.27423290609171175,0.4310934841632843,0.44466426968574524,0.33707040548324585,0.0,0.44466426968574524,0.33707040548324585,0.9059110879898071,0.13347618281841278,0.9326992034912109,1.8513514995574951,0.7713200|0.1954651|0.0332148|0.0000000|0.0000000|0.0000000|0.0000000|0.0000000|0.0000000|0.0000000,0,0.7713199853897095,4.246329797006754,0,0,0,0,0,
cross_town,Town02,mixed,3,110,5.5,-7.447046279907227,219.40994262695312,0.22167754173278809,89.98705291748047,1.0766143529545502e-10,501.2367712581468,2.1479157449919837e-11,4.76837158203125e-07,2.663161087212984e-07,6.628947658301081e-07,0.28346067560719124,0.44427794218063354,0.28291720151901245,0.30535781383514404,0.0,0.3646642565727234,0.30535781383514404,0.8316867351531982,0.13352639973163605,0.765880823135376,1.7616667747497559,0.7722640|0.1944639|0.0332721|0.0000000|0.0000000|0.0000000|0.0000000|0.0000000|0.0000000|0.0000000,0,0.7722640037536621,4.1953165963687935,0,0,0,0,0,
cross_town,Town02,mixed,3,111,5.55,-7.447046279907227,219.40994262695312,0.22167754173278809,89.98705291748047,1.0766143529545502e-10,501.2367712581468,2.1479157449919837e-11,4.76837158203125e-07,2.663161087212984e-07,1.0301985985971215e-07,0.29990158211628254,0.4210924506187439,0.32305142283439636,0.34348809719085693,0.0,0.28466424345970154,0.34348809719085693,0.6880127787590027,0.1296629160642624,0.568048357963562,1.8918083906173706,0.7851995|0.2148006|0.0000000|0.0000000|0.0000000|0.0000000|0.0000000|0.0000000|0.0000000|0.0000000,0,0.7851994633674622,4.1641011887221975,0,0,0,0,0,
cross_town,Town02,mixed,3,112,5.6,-7.447046279907227,219.40994262695312,0.22167754173278809,89.98705291748047,1.0766143529545502e-10,501.2367712581468,2.1479157449919837e-11,4.76837158203125e-07,2.663161087212984e-07,2.403700062430694e-07,0.3148180277579146,0.3614334464073181,0.6363033056259155,0.3986020088195801,0.0,0.3646642565727234,0.3986020088195801,0.5475948452949524,0.13592839241027832,0.411810964345932,2.0642244815826416,0.7559168|0.2095792|0.0345040|0.0000000|0.0000000|0.0000000|0.0000000|0.0000000|0.0000000|0.0000000,0,0.7559167742729187,4.147300263894097,0,0,0,0,0,
cross_town,Town02,mixed,3,113,5.65,-7.447046279907227,219.40994262695312,0.22167754173278809,89.98705291748047,1.0766143529545502e-10,501.2367712581468,2.1479157449919837e-11,4.76837158203125e-07,2.663161087212984e-07,2.654882057196685e-07,0.29539135399300065,0.4240322709083557,0.6317448616027832,0.35612961649894714,0.0,0.44466426968574524,0.35612961649894714,0.7861000299453735,0.13715003430843353,0.6882438659667969,1.9803355932235718,0.7468718|0.2191417|0.0339865|0.0000000|0.0000000|0.0000000|0.0000000|0.0000000|0.0000000|0.0000000,0,0.746871829032898,4.137839187722017,0,0,0,0,0,
cross_town,Town02,mixed,3,114,5.7,-7.447046279907227,219.40994262695312,0.22167754173278809,89.98705291748047,1.0766143529545502e-10,501.2367712581468,2.1479157449919837e-11,4.76837158203125e-07,2.663161087212984e-07,2.747346498814926e-07,0.28264280808879066,0.43998217582702637,0.3430476188659668,0.3152815103530884,0.0,0.3646642565727234,0.3152815103530884,0.9461172819137573,0.13735350966453552,1.0790355205535889,1.7358152866363525,0.7486739|0.2161117|0.0352145|0.0000000|0.0000000|0.0000000|0.0000000|0.0000000|0.0000000|0.0000000,0,0.7486738562583923,4.127938128405721,0,0,0,0,0,
cross_town,Town02,mixed,3,115,5.75,-7.447046279907227,219.40994262695312,0.22167754173278809,89.98705291748047,1.0766143529545502e-10,501.2367712581468,2.1479157449919837e-11,4.76837158203125e-07,2.663161087212984e-07,3.434183433196205e-07,0.28040256310062195,0.4243365228176117,0.45753344893455505,0.3684723377227783,0.0,0.44466426968574524,0.3684723377227783,0.9868708848953247,0.10833384841680527,1.471592903137207,1.694870114326477,1.0000000|0.0000000|0.0000000|0.0000000|0.0000000|0.0000000|0.0000000|0.0000000|0.0000000|0.0000000,0,1.0,4.110036091292419,0,0,0,0,0,
cross_town,Town02,mixed,3,116,5.8,-7.447046279907227,219.40994262695312,0.22167754173278809,89.98705291748047,1.0766143529545502e-10,501.2367712581468,2.1479157449919837e-11,4.76837158203125e-07,2.663161087212984e-07,4.464181759993539e-07,0.32630691661761146,0.4079340696334839,0.4686475992202759,0.35617417097091675,0.0,0.4686475992202759,0.35617417097091675,0.5927674770355225,0.11746399104595184,0.4763905107975006,1.7894535064697266,0.9566796|0.0433204|0.0000000|0.0000000|0.0000000|0.0000000|0.0000000|0.0000000|0.0000000|0.0000000,0,0.95667964220047,4.0777585060928105,0,0,0,0,0,
cross_town,Town02,mixed,3,117,5.85,-7.447046279907227,219.40994262695312,0.22167754173278809,89.98705291748047,1.0766143529545502e-10,501.2367712581468,2.1479157449919837e-11,4.76837158203125e-07,2.663161087212984e-07,6.180971038831675e-07,0.3252884313655827,0.44763267040252686,0.36179953813552856,0.37425026297569275,0.0,0.38864758610725403,0.37425026297569275,0.6345345973968506,0.11826971918344498,0.5196602940559387,1.7685515880584717,0.9575481|0.0424518|0.0000000|0.0000000|0.0000000|0.0000000|0.0000000|0.0000000|0.0000000|0.0000000,0,0.9575481414794922,4.028394423919358,0,0,0,0,0,
cross_town,Town02,mixed,3,118,5.9,-7.447046279907227,219.40994262695312,0.22167754173278809,89.98705291748047,1.0766143529545502e-10,501.2367712581468,2.1479157449919837e-11,4.76837158203125e-07,2.663161087212984e-07,7.72278965587554e-07,0.2986345006161332,0.38571929931640625,0.6484188437461853,0.3512430191040039,0.0,0.4686475992202759,0.3512430191040039,0.9351653456687927,0.11895567178726196,1.0482648611068726,1.6666942834854126,0.9593197|0.0406803|0.0000000|0.0000000|0.0000000|0.0000000|0.0000000|0.0000000|0.0000000|0.0000000,0,0.9593197107315063,3.963494378779969,0,0,0,0,0,
cross_town,Town02,mixed,3,119,5.95,-7.447046279907227,219.40994262695312,0.22167754173278809,89.98705291748047,1.0766143529545502e-10,501.2367712581468,2.1479157449919837e-11,4.76837158203125e-07,2.663161087212984e-07,3.435704081994347e-08,0.2931695846308342,0.43661779165267944,0.2690184712409973,0.29659900069236755,0.0,0.38864758610725403,0.29659900069236755,0.9993048906326294,0.1421891748905182,2.175480365753174,1.586477279663086,0.7192902|0.2468945|0.0338154|0.0000000|0.0000000|0.0000000|0.0000000|0.0000000|0.0000000|0.0000000,0,0.7192901968955994,3.8879657150754108,0,0,0,0,0,
cross_town,Town02,mixed,3,120,6.0,-7.447046279907227,219.40994262695312,0.22167754173278809,89.98705291748047,1.0766143529545502e-10,501.2367712581468,2.1479157449919837e-11,4.76837158203125e-07,2.663161087212984e-07,6.872401442232513e-08,0.30084213641532936,0.3853279650211334,0.28693199157714844,0.31377631425857544,0.0,0.3086475729942322,0.31377631425857544,0.9946385025978088,0.1430821567773819,1.6626993417739868,1.5865976810455322,0.7159300|0.2497882|0.0342818|0.0000000|0.0000000|0.0000000|0.0000000|0.0000000|0.0000000|0.0000000,0,0.7159299850463867,3.80836922630207,0,0,0,0,0,
cross_town,Town02,mixed,3,121,6.05,-7.447046279907227,219.40994262695312,0.22167754173278809,89.98705291748047,1.0766143529545502e-10,501.2367712581468,2.1479157449919837e-11,4.76837158203125e-07,2.663161087212984e-07,1.7229256715927092e-07,0.3063880378276374,0.29889965057373047,0.43423914909362793,0.38612261414527893,0.0,0.38864758610725403,0.38612261414527893,0.9194631576538086,0.14446087181568146,0.9643077850341797,1.7869560718536377,0.7073254|0.2579624|0.0347123|0.0000000|0.0000000|0.0000000|0.0000000|0.0000000|0.0000000|0.0000000,0,0.7073253989219666,3.7607049911055594,0,0,0,0,0,
cross_town,Town02,mixed,3,122,6.1,-7.447046279907227,219.40994262695312,0.22167754173278809,89.98705291748047,1.0766143529545502e-10,501.2367712581468,2.1479157449919837e-11,4.76837158203125e-07,2.663161087212984e-07,3.090488373335991e-07,0.31277116502988167,0.32938656210899353,0.4396498501300812,0.36491528153419495,0.0,0.4396498501300812,0.36491528153419495,0.9514434933662415,0.1455232799053192,1.0982897281646729,1.756636381149292,0.6989756|0.2686643|0.0323601|0.0000000|0.0000000|0.0000000|0.0000000|0.0000000|0.0000000|0.0000000,0,0.6989755630493164,3.7185261037500212,0,0,0,0,0,
cross_town,Town02,mixed,3,123,6.15,-7.447046279907227,219.40994262695312,0.22167754173278809,89.98705291748047,1.0766143529545502e-10,501.2367712581468,2.1479157449919837e-11,4.76837158203125e-07,2.663161087212984e-07,4.464068530820123e-07,0.3107638337201498,0.42866361141204834,0.3449370265007019,0.33035367727279663,0.0,0.3596498370170593,0.33035367727279663,0.9997342228889465,0.14684560894966125,2.4112746715545654,1.6357003450393677,0.6884673|0.2800872|0.0314455|0.0000000|0.0000000|0.0000000|0.0000000|0.0000000|0.0000000|0.0000000,0,0.6884673237800598,3.6762429882876075,0,0,0,0,0,
cross_town,Town02,mixed,3,124,6.2,-7.447046279907227,219.40994262695312,0.22167754173278809,89.98705291748047,1.0766143529545502e-10,501.2367712581468,2.1479157449919837e-11,4.76837158203125e-07,2.663161087212984e-07,4.807660286207011e-07,0.3233632459848354,0.36788204312324524,0.40242302417755127,0.35019156336784363,0.0,0.40242302417755127,0.35019156336784363,0.9189707636833191,0.1481321156024933,0.9589789509773254,1.8324685096740723,0.6803123|0.2868921|0.0327956|0.0000000|0.0000000|0.0000000|0.0000000|0.0000000|0.0000000|0.0000000,0,0.6803123354911804,3.6338671383410555,0,0,0,0,0,
cross_town,Town02,mixed,3,125,6.25,-7.447046279907227,219.40994262695312,0.22167754173278809,89.98705291748047,1.0766143529545502e-10,501.2367712581468,2.1479157449919837e-11,4.76837158203125e-07,2.663161087212984e-07,5.275344843843815e-07,0.31861525501334126,0.37428510189056396,0.5482131838798523,0.3745473623275757,0.0,0.4824230372905731,0.3745473623275757,0.9982383251190186,0.12866373360157013,1.956262230873108,1.6303762197494507,0.9546039|0.0453961|0.0000000|0.0000000|0.0000000|0.0000000|0.0000000|0.0000000|0.0000000|0.0000000,0,0.954603910446167,3.5914436020648814,0,0,0,0,0,
cross_town,Town02,mixed,3,126,6.3,-7.447046279907227,219.40994262695312,0.22167754173278809,89.98705291748047,1.0766143529545502e-10,501.2367712581468,2.1479157449919837e-11,4.76837158203125e-07,2.663161087212984e-07,5.837676791865067e-07,0.31780894003564325,0.43431907892227173,0.2787955403327942,0.31245172023773193,0.0,0.40242302417755127,0.31245172023773193,0.999703586101532,0.1448788046836853,2.3860104084014893,1.5742939710617065,0.6917708|0.3082292|0.0000000|0.0000000|0.0000000|0.0000000|0.0000000|0.0000000|0.0000000|0.0000000,0,0.6917707920074463,3.548975394468273,0,0,0,0,0,
cross_town,Town02,mixed,3,127,6.35,-7.447046279907227,219.40994262695312,0.22167754173278809,89.98705291748047,1.0766143529545502e-10,501.2367712581468,2.1479157449919837e-11,4.76837158203125e-07,2.663161087212984e-07,6.524555497210381e-07,0.3429675635836898,0.4093668460845947,0.517961859703064,0.4089988172054291,0.0,0.4824230372905731,0.3924517333507538,0.7487239837646484,0.20411565899848938,0.568838894367218,1.9104647636413574,0.9091402|0.0908598|0.0000000|0.0000000|0.0000000|0.0000000|0.0000000|0.0000000|0.0000000|0.0000000,0,0.9091402292251587,3.5063749059929297,0,0,0,0,0,
cross_town,Town02,mixed,3,128,6.4,-7.447046279907227,219.40994262695312,0.22167754173278809,89.98705291748047,1.0766143529545502e-10,501.2367712581468,2.1479157449919837e-11,4.76837158203125e-07,2.663161087212984e-07,6.883958392652413e-08,0.3239264245733146,0.42892804741859436,0.4115462601184845,0.29560473561286926,0.0,0.40242302417755127,0.31245172023773193,0.9688799381256104,0.15096044540405273,1.2086117267608643,1.7299442291259766,0.6649481|0.3022011|0.0328509|0.0000000|0.0000000|0.0000000|0.0000000|0.0000000|0.0000000|0.0000000,0,0.6649481058120728,3.4638709901112925,0,0,0,0,0,
cross_town,Town02,mixed,3,129,6.45,-7.447046279907227,219.40994262695312,0.22167754173278809,89.98705291748047,1.0766143529545502e-10,501.2367712581468,2.1479157449919837e-11,4.76837158203125e-07,2.663161087212984e-07,1.0309902874902493e-07,0.3567469080209371,0.41637611389160156,0.551446795463562,0.4689640700817108,0.0,0.4824230372905731,0.3924517333507538,0.6693170666694641,0.20208409428596497,0.47419029474258423,1.959420919418335,0.9017947|0.0982054|0.0000000|0.0000000|0.0000000|0.0000000|0.0000000|0.0000000|0.0000000|0.0000000,0,0.9017946720123291,3.4212895213308294,0,0,0,0,0,
cross_town,Town02,mixed,3,130,6.5,-7.447046279907227,219.40994262695312,0.22167754173278809,89.98705291748047,1.0766143529545502e-10,501.2367712581468,2.1479157449919837e-11,4.76837158203125e-07,2.663161087212984e-07,1.033416489562046e-07,0.33560800741017416,0.43405020236968994,0.37802818417549133,0.28726986050605774,0.0,0.40242302417755127,0.31245172023773193,0.908559262752533,0.15258534252643585,0.9214571118354797,1.7519218921661377,0.6510859|0.3156367|0.0332774|0.0000000|0.0000000|0.0000000|0.0000000|0.0000000|0.0000000|0.0000000,0,0.6510859131813049,3.3785754287934973,0,0,0,0,0,
cross_town,Town02,mixed,3,131,6.55,-7.447046279907227,219.40994262695312,0.22167754173278809,89.98705291748047,1.0766143529545502e-10,501.2367712581468,2.1479157449919837e-11,4.76837158203125e-07,2.663161087212984e-07,1.6216452344640655e-06,0.34643821018156196,0.41400039196014404,0.3599241077899933,0.33186542987823486,0.0,0.3224230110645294,0.33186542987823486,0.8999465703964233,0.15323971211910248,0.8959181904792786,1.6873332262039185,0.6415130|0.3273287|0.0311583|0.0000000|0.0000000|0.0000000|0.0000000|0.0000000|0.0000000|0.0000000,0,0.6415130496025085,3.320785498468694,0,0,0,0,0,
cross_town,Town02,mixed,3,132,6.6,-7.447046279907227,219.40994262695312,0.22167754173278809,89.98705291748047,1.0766143529545502e-10,501.2367712581468,2.1479157449919837e-11,4.76837158203125e-07,2.663161087212984e-07,1.0366617949693025e-07,0.37661820296011295,0.26636242866516113,0.6449488401412964,0.42797476053237915,0.0,0.40242302417755127,0.4118654429912567,0.551122784614563,0.19706997275352478,0.3542321026325226,1.894371747970581,0.9095331|0.0904669|0.0000000|0.0000000|0.0000000|0.0000000|0.0000000|0.0000000|0.0000000|0.0000000,0,0.9095330834388733,3.2484201419676757,0,0,0,0,0,
cross_town,Town02,mixed,3,133,6.65,-7.447046279907227,219.40994262695312,0.22167754173278809,89.98705291748047,1.0766143529545502e-10,501.2367712581468,2.1479157449919837e-11,4.76837158203125e-07,2.663161087212984e-07,1.0397000733687609e-07,0.37443222831011025,0.4144253432750702,0.6180567741394043,0.3094610571861267,0.0,0.4824230372905731,0.33186542987823486,0.595142126083374,0.15485119819641113,0.4414648413658142,2.007336139678955,0.6221768|0.3464019|0.0314213|0.0000000|0.0000000|0.0000000|0.0000000|0.0000000|0.0000000|0.0000000,0,0.6221767663955688,3.1721089401386084,0,0,0,0,0,
cross_town,Town02,mixed,3,134,6.7,-7.447046279907227,219.40994262695312,0.22167754173278809,89.98705291748047,1.0766143529545502e-10,501.2367712581468,2.1479157449919837e-11,4.76837158203125e-07,2.663161087212984e-07,1.0448101473163955e-07,0.36458898407711415,0.44764411449432373,0.31279367208480835,0.376034677028656,0.0,0.40242302417755127,0.376034677028656,0.7673585414886475,0.15533432364463806,0.6430295705795288,1.6323926448822021,0.6157925|0.3524042|0.0318033|0.0000000|0.0000000|0.0000000|0.0000000|0.0000000|0.0000000|0.0000000,0,0.615792453289032,3.0972231574869915,0,0,0,0,0,
cross_town,Town02,mixed,3,135,6.75,-7.447046279907227,219.40994262695312,0.22167754173278809,89.98705291748047,1.0766143529545502e-10,501.2367712581468,2.1479157449919837e-11,4.76837158203125e-07,2.663161087212984e-07,1.063773818528281e-07,0.4094441376896547,0.43859434127807617,0.5747594833374023,0.32888302206993103,0.0,0.4824230372905731,0.32888302206993103,0.33447766304016113,0.15557700395584106,0.17242245376110077,2.1321048736572266,0.6121624|0.3558944|0.0319432|0.0000000|0.0000000|0.0000000|0.0000000|0.0000000|0.0000000|0.0000000,0,0.6121623516082764,3.028406810157803,0,0,0,0,0,
cross_town,Town02,mixed,3,136,6.8,-7.447046279907227,219.40994262695312,0.22167754173278809,89.98705291748047,1.0766143529545502e-10,501.2367712581468,2.1479157449919837e-11,4.76837158203125e-07,2.663161087212984e-07,6.880003694512629e-08,0.41634819790163763,0.4831165075302124,0.4205232262611389,0.5337017774581909,0.0,0.40242302417755127,0.4088830351829529,0.23345376551151276,0.14157287776470184,0.0611993744969368,2.28989839553833,0.9507301|0.0492699|0.0000000|0.0000000|0.0000000|0.0000000|0.0000000|0.0000000|0.0000000|0.0000000,0,0.9507300853729248,2.9682611320425702,0,0,0,0,0,
cross_town,Town02,mixed,3,137,6.85,-7.447046279907227,219.40994262695312,0.22167754173278809,89.98705291748047,1.0766143529545502e-10,501.2367712581468,2.1479157449919837e-11,4.76837158203125e-07,2.663161087212984e-07,1.0308596605994281e-07,0.4199409157236018,0.43242526054382324,0.6677990555763245,0.30701112747192383,0.0,0.4824230372905731,0.32888302206993103,0.2154349535703659,0.1427593231201172,0.034123051911592484,2.5669374465942383,0.9486827|0.0513173|0.0000000|0.0000000|0.0000000|0.0000000|0.0000000|0.0000000|0.0000000|0.0000000,0,0.9486826658248901,2.9179825164159996,0,0,0,0,0,
cross_town,Town02,mixed,3,138,6.9,-7.447046279907227,219.40994262695312,0.22167754173278809,89.98705291748047,1.0766143529545502e-10,501.2367712581468,2.1479157449919837e-11,4.76837158203125e-07,2.663161087212984e-07,1.0328012060509737e-07,0.4077095149898336,0.44777724146842957,0.29626142978668213,0.3591580092906952,0.0,0.40242302417755127,0.3591580092906952,0.42154115438461304,0.1517399549484253,0.26914751529693604,1.8132405281066895,0.6116412|0.3883588|0.0000000|0.0000000|0.0000000|0.0000000|0.0000000|0.0000000|0.0000000|0.0000000,0,0.6116412281990051,2.876801617648724,0,0,0,0,0,
cross_town,Town02,mixed,3,139,6.95,-7.447046279907227,219.40994262695312,0.22167754173278809,89.98705291748047,1.0766143529545502e-10,501.2367712581468,2.1479157449919837e-11,4.76837158203125e-07,2.663161087212984e-07,1.0344477979655224e-07,0.4156533988051053,0.4298650324344635,0.4951682388782501,0.3200065791606903,0.0,0.4824230372905731,0.3200065791606903,0.3529547154903412,0.15673613548278809,0.19174475967884064,2.0649232864379883,0.5886862|0.3772754|0.0340385|0.0000000|0.0000000|0.0000000|0.0000000|0.0000000|0.0000000|0.0000000,0,0.5886861681938171,2.842522957868901,0,0,0,0,0,
cross_town,Town02,mixed,3,140,7.0,-7.447046279907227,219.40994262695312,0.22167754173278809,89.98705291748047,1.0766143529545502e-10,501.2367712581468,2.1479157449919837e-11,4.76837158203125e-07,2.663161087212984e-07,1.0381294683656467e-07,0.38400352736347676,0.44927099347114563,0.2604462802410126,0.35350143909454346,0.0,0.40242302417755127,0.35350143909454346,0.6929486393928528,0.15220774710178375,0.5512774586677551,1.6519619226455688,0.5968441|0.4031559|0.0000000|0.0000000|0.0000000|0.0000000|0.0000000|0.0000000|0.0000000|0.0000000,0,0.5968440771102905,2.8122626111378746,0,0,0,0,0,
cross_town,Town02,mixed,3,141,7.05,-7.447046279907227,219.40994262695312,0.22167754173278809,89.98705291748047,1.0766143529545502e-10,501.2367712581468,2.1479157449919837e-11,4.76837158203125e-07,2.663161087212984e-07,1.0394559289978527e-07,0.35205651303065494,0.06086486577987671,0.07203418016433716,0.09891936182975769,0.0,0.3224230110645294,0.2735014259815216,0.9680219292640686,0.800000011920929,0.5525513887405396,-1.8102326393127441,1.0000000|0.0000000|0.0000000|0.0000000|0.0000000|0.0000000|0.0000000|0.0000000|0.0000000|0.0000000,0,1.0,2.7826490458500666,0,0,0,0,0,
cross_town,Town02,mixed,3,142,7.1,-7.447046279907227,219.40994262695312,0.22167754173278809,89.98705291748047,1.0766143529545502e-10,501.2367712581468,2.1479157449919837e-11,4.76837158203125e-07,2.663161087212984e-07,1.044173725960119e-07,0.42479754083516597,0.3960157632827759,0.36781635880470276,0.3528226315975189,0.0,0.24242301285266876,0.3528226315975189,0.2610909342765808,0.15246330201625824,0.08746017515659332,1.8831324577331543,0.5870556|0.4129444|0.0000000|0.0000000|0.0000000|0.0000000|0.0000000|0.0000000|0.0000000|0.0000000,0,0.5870556235313416,2.750557042739427,0,0,0,0,0,
cross_town,Town02,mixed,3,143,7.15,-7.447046279907227,219.40994262695312,0.22167754173278809,89.98705291748047,1.0766143529545502e-10,501.2367712581468,2.1479157449919837e-11,4.76837158203125e-07,2.663161087212984e-07,1.7272952630575643e-07,0.41648948249606965,0.28911876678466797,0.7729924321174622,0.3925183415412903,0.0,0.3224230110645294,0.3925183415412903,0.4199800193309784,0.15704402327537537,0.2622421383857727,2.0240345001220703,0.5553899|0.4159473|0.0286627|0.0000000|0.0000000|0.0000000|0.0000000|0.0000000|0.0000000|0.0000000,0,0.5553898811340332,2.7133775620755594,0,0,0,0,0,
cross_town,Town02,mixed,3,144,7.2,-7.447046279907227,219.40994262695312,0.22167754173278809,89.98705291748047,1.0766143529545502e-10,501.2367712581468,2.1479157449919837e-11,4.76837158203125e-07,2.663161087212984e-07,0.0,0.4094283113188203,0.38529321551322937,0.679162859916687,0.3488397002220154,0.0,0.40242302417755127,0.3488397002220154,0.5053218007087708,0.15763264894485474,0.3476893901824951,2.012453556060791,0.5506397|0.4168453|0.0325150|0.0000000|0.0000000|0.0000000|0.0000000|0.0000000|0.0000000|0.0000000,0,0.5506396889686584,2.669601630692389,0,0,0,0,0,
cross_town,Town02,mixed,3,145,7.25,-7.447046279907227,219.40994262695312,0.22167754173278809,89.98705291748047,1.0766143529545502e-10,501.2367712581468,2.1479157449919837e-11,4.76837158203125e-07,2.663161087212984e-07,3.746263388486788e-09,0.4173080920155293,0.42348989844322205,0.45125842094421387,0.3127586543560028,0.0,0.45125842094421387,0.3127586543560028,0.45222777128219604,0.15743201971054077,0.294649600982666,1.9802796840667725,0.5459127|0.4236432|0.0304441|0.0000000|0.0000000|0.0000000|0.0000000|0.0000000|0.0000000|0.0000000,0,0.5459126830101013,2.6191471152623054,0,0,0,0,0,
cross_town,Town02,mixed,3,146,7.3,-7.447046279907227,219.40994262695312,0.22167754173278809,89.98705291748047,1.0766143529545502e-10,501.2367712581468,2.1479157449919837e-11,4.76837158203125e-07,2.663161087212984e-07,6.91468133634957e-08,0.3867795460850061,0.4375443458557129,0.2777332663536072,0.3325839638710022,0.0,0.371258407831192,0.3325839638710022,0.7864803671836853,0.1531345248222351,0.6728251576423645,1.6731398105621338,0.5557140|0.4442860|0.0000000|0.0000000|0.0000000|0.0000000|0.0000000|0.0000000|0.0000000|0.0000000,0,0.5557140111923218,2.563227755283971,0,0,0,0,0,
cross_town,Town02,mixed,3,147,7.35,-7.447046279907227,219.40994262695312,0.22167754173278809,89.98705291748047,1.0766143529545502e-10,501.2367712581468,2.1479157449919837e-11,4.76837158203125e-07,2.663161087212984e-07,1.0330675377240224e-07,0.41212762165743055,0.44624990224838257,0.6908313632011414,0.4788905680179596,0.0,0.45125842094421387,0.41258397698402405,0.4787690341472626,0.15329353511333466,0.3254626989364624,2.013728141784668,0.9430063|0.0569937|0.0000000|0.0000000|0.0000000|0.0000000|0.0000000|0.0000000|0.0000000|0.0000000,0,0.9430063366889954,2.503929829647137,0,0,0,0,0,
cross_town,Town02,mixed,3,148,7.4,-7.447046279907227,219.40994262695312,0.22167754173278809,89.98705291748047,1.0766143529545502e-10,501.2367712581468,2.1479157449919837e-11,4.76837158203125e-07,2.663161087212984e-07,1.3922521687616336e-07,0.38143558026992097,0.40967032313346863,0.4807717204093933,0.2830086946487427,0.0,0.4807717204093933,0.3325839638710022,0.8031766414642334,0.15780791640281677,0.6937589645385742,1.889366626739502,0.5200464|0.4486507|0.0313029|0.0000000|0.0000000|0.0000000|0.0000000|0.0000000|0.0000000|0.0000000,0,0.5200464129447937,2.443734924433836,0,0,0,0,0,
cross_town,Town02,mixed,3,149,7.45,-7.447046279907227,219.40994262695312,0.22167754173278809,89.98705291748047,1.0766143529545502e-10,501.2367712581468,2.1479157449919837e-11,4.76837158203125e-07,2.663161087212984e-07,1.8034604616287586e-07,0.3724628367513212,0.4378669857978821,0.2624460458755493,0.321358323097229,0.0,0.40077170729637146,0.321358323097229,0.9853922724723816,0.15757708251476288,1.3952950239181519,1.47770094871521,0.5189213|0.4506820|0.0303967|0.0000000|0.0000000|0.0000000|0.0000000|0.0000000|0.0000000|0.0000000,0,0.5189212560653687,2.3850169814678583,0,0,0,0,0,
cross_town,Town02,mixed,3,150,7.5,-7.447046279907227,219.40994262695312,0.22167754173278809,89.98705291748047,1.0766143529545502e-10,501.2367712581468,2.1479157449919837e-11,4.76837158203125e-07,2.663161087212984e-07,1.6555219407635846e-06,0.40739048980145465,0.42132771015167236,0.4522244334220886,0.3639872968196869,0.0,0.4522244334220886,0.3639872968196869,0.6325432062149048,0.15761099755764008,0.47817462682724,1.8261609077453613,0.5136492|0.4552205|0.0311303|0.0000000|0.0000000|0.0000000|0.0000000|0.0000000|0.0000000|0.0000000,0,0.5136492252349854,2.329741699137559,0,0,0,0,0,
cross_town,Town02,mixed,3,151,7.55,-7.447046279907227,219.40994262695312,0.22167754173278809,89.98705291748047,1.0766143529545502e-10,501.2367712581468,2.1479157449919837e-11,4.76837158203125e-07,2.663161087212984e-07,1.6554729157931762e-06,0.398521547906166,0.43544480204582214,0.40127965807914734,0.2978686988353729,0.0,0.3722244203090668,0.2978686988353729,0.7069166898727417,0.1573292315006256,0.5627847909927368,1.8453738689422607,0.5126769|0.4572272|0.0300959|0.0000000|0.0000000|0.0000000|0.0000000|0.0000000|0.0000000|0.0000000,0,0.5126768946647644,2.278659645092268,0,0,0,0,0,
cross_town,Town02,mixed,3,152,7.6,-7.447046279907227,219.40994262695312,0.22167754173278809,89.98705291748047,1.0766143529545502e-10,501.2367712581468,2.1479157449919837e-11,4.76837158203125e-07,2.663161087212984e-07,1.655300342177984e-06,0.4203868440377729,0.4066711664199829,0.39372730255126953,0.3685425817966461,0.0,0.2922244071960449,0.3685425817966461,0.4965888261795044,0.15750838816165924,0.3390803933143616,1.7967355251312256,0.4966315|0.4716009|0.0317676|0.0000000|0.0000000|0.0000000|0.0000000|0.0000000|0.0000000|0.0000000,0,0.4966314733028412,2.23222944521087,0,0,0,0,0,
cross_town,Town02,mixed,3,153,7.65,-7.447046279907227,219.40994262695312,0.22167754173278809,89.98705291748047,1.0766143529545502e-10,501.2367712581468,2.1479157449919837e-11,4.76837158203125e-07,2.663161087212984e-07,2.5720154441643832e-09,0.3889279217276382,0.21579450368881226,0.6988320350646973,0.46416038274765015,0.0,0.3722244203090668,0.44854259490966797,0.8096982836723328,0.15435200929641724,0.7076607346534729,1.8209623098373413,1.0000000|0.0000000|0.0000000|0.0000000|0.0000000|0.0000000|0.0000000|0.0000000|0.0000000|0.0000000,0,1.0,2.1898293009293868,0,0,0,0,0,
cross_town,Town02,mixed,3,154,7.7,-7.447046279907227,219.40994262695312,0.22167754173278809,89.98705291748047,1.0766143529545502e-10,501.2367712581468,2.1479157449919837e-11,4.76837158203125e-07,2.663161087212984e-07,5.821142697422908e-09,0.40571141032325253,0.46975573897361755,0.7465661764144897,0.19491329789161682,0.0,0.4522244334220886,0.3685425817966461,0.6279120445251465,0.160866379737854,0.4699510931968689,2.4136083126068115,0.9405465|0.0594535|0.0000000|0.0000000|0.0000000|0.0000000|0.0000000|0.0000000|0.0000000|0.0000000,0,0.940546452999115,2.1502980490015497,0,0,0,0,0,
cross_town,Town02,mixed,3,155,7.75,-7.447046279907227,219.40994262695312,0.22167754173278809,89.98705291748047,1.0766143529545502e-10,501.2367712581468,2.1479157449919837e-11,4.76837158203125e-07,2.663161087212984e-07,9.217319230554439e-09,0.4463942858137402,0.33714205026626587,0.3893883526325226,0.3828705847263336,0.0,0.3893883526325226,0.3828705847263336,0.2728940546512604,0.15125171840190887,0.10375114530324936,1.8644353151321411,1.0000000|0.0000000|0.0000000|0.0000000|0.0000000|0.0000000|0.0000000|0.0000000|0.0000000|0.0000000,0,1.0,2.1121714415319586,0,0,0,0,0,
cross_town,Town02,mixed,3,156,7.8,-7.447046279907227,219.40994262695312,0.22167754173278809,89.98705291748047,1.0766143529545502e-10,501.2367712581468,2.1479157449919837e-11,4.76837158203125e-07,2.663161087212984e-07,6.9779070450803e-08,0.408314559905784,0.4187958836555481,0.6197986006736755,0.31652310490608215,0.0,0.46938836574554443,0.31652310490608215,0.5802460312843323,0.15627363324165344,0.4246722161769867,1.9550600051879883,0.4952821|0.4751951|0.0295228|0.0000000|0.0000000|0.0000000|0.0000000|0.0000000|0.0000000|0.0000000,0,0.49528205394744873,2.0738202930303262,0,0,0,0,0,
cross_town,Town02,mixed,3,157,7.85,-7.447046279907227,219.40994262695312,0.22167754173278809,89.98705291748047,1.0766143529545502e-10,501.2367712581468,2.1479157449919837e-11,4.76837158203125e-07,2.663161087212984e-07,1.8152235536922404e-07,0.3733092630039554,0.4401886463165283,0.24379566311836243,0.31726258993148804,0.0,0.3893883526325226,0.31726258993148804,0.9594603776931763,0.15161603689193726,1.139406442642212,1.5191385746002197,0.5221353|0.4778647|0.0000000|0.0000000|0.0000000|0.0000000|0.0000000|0.0000000|0.0000000|0.0000000,0,0.522135317325592,2.034159254619871,0,0,0,0,0,
cross_town,Town02,mixed,3,158,7.9,-7.447046279907227,219.40994262695312,0.22167754173278809,89.98705291748047,1.0766143529545502e-10,501.2367712581468,2.1479157449919837e-11,4.76837158203125e-07,2.663161087212984e-07,1.722768636315812e-07,0.40061912026362734,0.4167117476463318,0.4375801086425781,0.36026984453201294,0.0,0.4375801086425781,0.36026984453201294,0.6399090886116028,0.15588578581809998,0.4878566265106201,1.7503783702850342,0.5111564|0.4571482|0.0316954|0.0000000|0.0000000|0.0000000|0.0000000|0.0000000|0.0000000|0.0000000,0,0.511156439781189,1.9920835426529275,0,0,0,0,0,
cross_town,Town02,mixed,3,159,7.95,-7.447046279907227,219.40994262695312,0.22167754173278809,89.98705291748047,1.0766143529545502e-10,501.2367712581468,2.1479157449919837e-11,4.76837158203125e-07,2.663161087212984e-07,2.4095633484236574e-07,0.35806723150795194,0.2899693548679352,0.18869709968566895,0.5795383453369141,0.0,0.3575800955295563,0.4402698576450348,0.985913097858429,0.29751986265182495,1.2645599842071533,0.5303857326507568,1.0000000|0.0000000|0.0000000|0.0000000|0.0000000|0.0000000|0.0000000|0.0000000|0.0000000|0.0000000,0,1.0,1.947279329394091,0,0,0,0,0,
cross_town,Town02,mixed,3,160,8.0,-7.447046279907227,219.40994262695312,0.22167754173278809,89.98705291748047,1.0766143529545502e-10,501.2367712581468,2.1479157449919837e-11,4.76837158203125e-07,2.663161087212984e-07,1.7578416190233326e-06,0.42663004346575584,0.3675435781478882,0.7357988953590393,0.3088299334049225,0.0,0.4375801086425781,0.36026984453201294,0.27467936277389526,0.15482082962989807,0.10242684185504913,2.0913026332855225,0.5214637|0.4488536|0.0296828|0.0000000|0.0000000|0.0000000|0.0000000|0.0000000|0.0000000|0.0000000,0,0.5214636921882629,1.8999711095066851,0,0,0,0,0,
cross_town,Town02,mixed,3,161,8.05,-7.447046279907227,219.40994262695312,0.22167754173278809,89.98705291748047,1.0766143529545502e-10,501.2367712581468,2.1479157449919837e-11,4.76837158203125e-07,2.663161087212984e-07,3.4357080288759554e-08,0.3867901491379586,0.4236035943031311,0.47693705558776855,0.3177666962146759,0.0,0.47693705558776855,0.3177666962146759,0.7018624544143677,0.15445107221603394,0.5595945119857788,1.8256031274795532,0.5265359|0.4433861|0.0300780|0.0000000|0.0000000|0.0000000|0.0000000|0.0000000|0.0000000|0.0000000,0,0.5265359282493591,1.854384758817269,0,0,0,0,0,
cross_town,Town02,mixed,3,162,8.1,-7.447046279907227,219.40994262695312,0.22167754173278809,89.98705291748047,1.0766143529545502e-10,501.2367712581468,2.1479157449919837e-11,4.76837158203125e-07,2.663161087212984e-07,6.873796660591696e-08,0.38988180858859733,0.5775003433227539,0.5473387241363525,0.5030741095542908,0.0,0.3969370424747467,0.39776670932769775,0.5888173580169678,0.16937214136123657,0.4203975200653076,2.0665383338928223,0.9344534|0.0655465|0.0000000|0.0000000|0.0000000|0.0000000|0.0000000|0.0000000|0.0000000|0.0000000,0,0.9344534277915955,1.8130853326496958,0,0,0,0,0,
cross_town,Town02,mixed,3,163,8.15,-7.447046279907227,219.40994262695312,0.22167754173278809,89.98705291748047,1.0766143529545502e-10,501.2367712581468,2.1479157449919837e-11,4.76837158203125e-07,2.663161087212984e-07,1.0308419659743402e-07,0.40042788849508126,0.40504881739616394,0.6437453627586365,0.30449289083480835,0.0,0.47693705558776855,0.3177666962146759,0.45568233728408813,0.1534455418586731,0.3021202087402344,1.9674373865127563,0.5414458|0.4283334|0.0302209|0.0000000|0.0000000|0.0000000|0.0000000|0.0000000|0.0000000|0.0000000,0,0.541445791721344,1.771919345867877,0,0,0,0,0,
cross_town,Town02,mixed,3,164,8.2,-7.447046279907227,219.40994262695312,0.22167754173278809,89.98705291748047,1.0766143529545502e-10,501.2367712581468,2.1479157449919837e-11,4.76837158203125e-07,2.663161087212984e-07,2.4088065655696484e-07,0.36487986308072756,0.4352123737335205,0.242807537317276,0.35185518860816956,0.0,0.3969370424747467,0.35185518860816956,0.8456706404685974,0.15351755917072296,0.7717427015304565,1.4916279315948486,0.5392040|0.4276199|0.0331760|0.0000000|0.0000000|0.0000000|0.0000000|0.0000000|0.0000000|0.0000000,0,0.5392040014266968,1.7310483569627741,0,0,0,0,0,
cross_town,Town02,mixed,3,165,8.25,-7.447046279907227,219.40994262695312,0.22167754173278809,89.98705291748047,1.0766143529545502e-10,501.2367712581468,2.1479157449919837e-11,4.76837158203125e-07,2.663161087212984e-07,4.120589583464362e-07,0.38869051213630273,0.4318424463272095,0.3967730402946472,0.3606136739253998,0.0,0.31693702936172485,0.3606136739253998,0.5915648341178894,0.14406388998031616,0.4485456049442291,1.9366888999938965,0.9509410|0.0490590|0.0000000|0.0000000|0.0000000|0.0000000|0.0000000|0.0000000|0.0000000|0.0000000,0,0.9509409666061401,1.6905094711399702,0,0,0,0,0,
cross_town,Town02,mixed,3,166,8.3,-7.447046279907227,219.40994262695312,0.22167754173278809,89.98705291748047,1.0766143529545502e-10,501.2367712581468,2.1479157449919837e-11,4.76837158203125e-07,2.663161087212984e-07,5.837540274033844e-07,0.4085160021827637,0.3230167627334595,0.5452074408531189,0.41039419174194336,0.0,0.3969370424747467,0.41039419174194336,0.3347935378551483,0.14374849200248718,0.18460561335086823,1.9563840627670288,0.9442558|0.0557442|0.0000000|0.0000000|0.0000000|0.0000000|0.0000000|0.0000000|0.0000000|0.0000000,0,0.9442558288574219,1.6503441655068989,0,0,0,0,0,
cross_town,Town02,mixed,3,167,8.35,-7.447046279907227,219.40994262695312,0.22167754173278809,89.98705291748047,1.0766143529545502e-10,501.2367712581468,2.1479157449919837e-11,4.76837158203125e-07,2.663161087212984e-07,7.21094957035709e-07,0.38361050488997994,0.3883075714111328,0.6489377021789551,0.3047464191913605,0.0,0.47693705558776855,0.3303941786289215,0.5064090490341187,0.15122534334659576,0.35518407821655273,1.927708387374878,0.5612396|0.4088826|0.0298779|0.0000000|0.0000000|0.0000000|0.0000000|0.0000000|0.0000000|0.0000000,0,0.5612396001815796,1.6105992041149086,0,0,0,0,0,
cross_town,Town02,mixed,3,168,8.4,-7.447046279907227,219.40994262695312,0.22167754173278809,89.98705291748047,1.0766143529545502e-10,501.2367712581468,2.1479157449919837e-11,4.76837158203125e-07,2.663161087212984e-07,8.241111735523891e-07,0.39261138843765675,0.4470604956150055,0.3059167265892029,0.3344736099243164,0.0,0.3969370424747467,0.3344736099243164,0.4619492292404175,0.13959452509880066,0.32228103280067444,1.799272060394287,0.9526398|0.0473603|0.0000000|0.0000000|0.0000000|0.0000000|0.0000000|0.0000000|0.0000000|0.0000000,0,0.9526397585868835,1.5713279150657242,0,0,0,0,0,
cross_town,Town02,mixed,3,169,8.45,-7.447046279907227,219.40994262695312,0.22167754173278809,89.98705291748047,1.0766143529545502e-10,501.2367712581468,2.1479157449919837e-11,4.76837158203125e-07,2.663161087212984e-07,8.322906630523232e-07,0.35762784930610536,0.42627036571502686,0.4291747510433197,0.32144245505332947,0.0,0.4291747510433197,0.32144245505332947,0.7782312035560608,0.14535833895206451,0.6684888005256653,1.764230728149414,0.5914420|0.4085580|0.0000000|0.0000000|0.0000000|0.0000000|0.0000000|0.0000000|0.0000000|0.0000000,0,0.5914420485496521,1.5325987346153067,0,0,0,0,0,
cross_town,Town02,mixed,3,170,8.5,-7.447046279907227,219.40994262695312,0.22167754173278809,89.98705291748047,1.0766143529545502e-10,501.2367712581468,2.1479157449919837e-11,4.76837158203125e-07,2.663161087212984e-07,3.442702339475624e-08,0.3573389985761165,0.4243389964103699,0.36592966318130493,0.3737357258796692,0.0,0.34917473793029785,0.3737357258796692,0.7179706692695618,0.1491570919752121,0.5844473242759705,1.6690089702606201,0.5786191|0.3923136|0.0290673|0.0000000|0.0000000|0.0000000|0.0000000|0.0000000|0.0000000|0.0000000,0,0.578619122505188,1.494480734655437,0,0,0,0,0,
cross_town,Town02,mixed,3,171,8.55,-7.447046279907227,219.40994262695312,0.22167754173278809,89.98705291748047,1.0766143529545502e-10,501.2367712581468,2.1479157449919837e-11,4.76837158203125e-07,2.663161087212984e-07,6.877832541183947e-08,0.39864446930469155,0.3917047381401062,0.6914340257644653,0.3451310694217682,0.0,0.4291747510433197,0.3451310694217682,0.2948917746543884,0.14854225516319275,0.13352201879024506,1.9108275175094604,0.5824160|0.3885020|0.0290821|0.0000000|0.0000000|0.0000000|0.0000000|0.0000000|0.0000000|0.0000000,0,0.5824159979820251,1.4554774757399749,0,0,0,0,0,
cross_town,Town02,mixed,3,172,8.6,-7.447046279907227,219.40994262695312,0.22167754173278809,89.98705291748047,1.0766143529545502e-10,501.2367712581468,2.1479157449919837e-11,4.76837158203125e-07,2.663161087212984e-07,1.0320394295607464e-07,0.3650953350433197,0.4310253858566284,0.4133211672306061,0.3442819118499756,0.0,0.34917473793029785,0.3442819118499756,0.6064061522483826,0.14796242117881775,0.4600951671600342,1.7446998357772827,0.5842709|0.3869164|0.0288127|0.0000000|0.0000000|0.0000000|0.0000000|0.0000000|0.0000000|0.0000000,0,0.5842708945274353,1.4097844957179706,0,0,0,0,0,
cross_town,Town02,mixed,3,173,8.65,-7.447046279907227,219.40994262695312,0.22167754173278809,89.98705291748047,1.0766143529545502e-10,501.2367712581468,2.1479157449919837e-11,4.76837158203125e-07,2.663161087212984e-07,2.40386059258431e-07,0.38908034041842965,0.41896340250968933,0.6308711767196655,0.34547722339630127,0.0,0.4291747510433197,0.34547722339630127,0.3318689167499542,0.14692716300487518,0.17813675105571747,1.8611645698547363,0.5929754|0.3795083|0.0275163|0.0000000|0.0000000|0.0000000|0.0000000|0.0000000|0.0000000|0.0000000,0,0.5929754376411438,1.3608491392554398,0,0,0,0,0,
cross_town,Town02,mixed,3,174,8.7,-7.447046279907227,219.40994262695312,0.22167754173278809,89.98705291748047,1.0766143529545502e-10,501.2367712581468,2.1479157449919837e-11,4.76837158203125e-07,2.663161087212984e-07,4.782724839579578e-07,0.3598619959544143,0.45235997438430786,0.30288857221603394,0.3334384858608246,0.0,0.34917473793029785,0.3334384858608246,0.586691677570343,0.1317095160484314,0.45586687326431274,1.9760570526123047,0.9511190|0.0488809|0.0000000|0.0000000|0.0000000|0.0000000|0.0000000|0.0000000|0.0000000|0.0000000,0,0.9511190056800842,1.3110949643575054,0,0,0,0,0,
cross_town,Town02,mixed,3,175,8.75,-7.447046279907227,219.40994262695312,0.22167754173278809,89.98705291748047,1.0766143529545502e-10,501.2367712581468,2.1479157449919837e-11,4.76837158203125e-07,2.663161087212984e-07,1.1102230077057857e-06,0.3175694490461,0.40662282705307007,0.44850197434425354,0.38356727361679077,0.0,0.4291747510433197,0.38356727361679077,0.9445892572402954,0.1299293339252472,1.0790646076202393,1.8168551921844482,0.9536262|0.0463738|0.0000000|0.0000000|0.0000000|0.0000000|0.0000000|0.0000000|0.0000000|0.0000000,0,0.9536262154579163,1.2628515675540986,0,0,0,0,0,
cross_town,Town02,mixed,3,176,8.8,-7.447046279907227,219.40994262695312,0.22167754173278809,89.98705291748047,1.0766143529545502e-10,501.2367712581468,2.1479157449919837e-11,4.76837158203125e-07,2.663161087212984e-07,5.150918150344273e-07,0.3123283759848974,0.4086345434188843,0.36765992641448975,0.34646347165107727,0.0,0.34917473793029785,0.34646347165107727,0.9731089472770691,0.1285143494606018,1.2686610221862793,1.7370485067367554,0.9540361|0.0459639|0.0000000|0.0000000|0.0000000|0.0000000|0.0000000|0.0000000|0.0000000|0.0000000,0,0.9540361166000366,1.2181634761744211,0,0,0,0,0,
cross_town,Town02,mixed,3,177,8.85,-7.447046279907227,219.40994262695312,0.22167754173278809,89.98705291748047,1.0766143529545502e-10,501.2367712581468,2.1479157449919837e-11,4.76837158203125e-07,2.663161087212984e-07,6.867696052278758e-07,0.37176048565215064,0.3993428349494934,0.5801360607147217,0.34171000123023987,0.0,0.4291747510433197,0.34171000123023987,0.3567258417606354,0.14373746514320374,0.20886167883872986,1.823765754699707,0.6119329|0.3620301|0.0260370|0.0000000|0.0000000|0.0000000|0.0000000|0.0000000|0.0000000|0.0000000,0,0.6119328737258911,1.1785916903210985,0,0,0,0,0,
cross_town,Town02,mixed,3,178,8.9,-7.447046279907227,219.40994262695312,0.22167754173278809,89.98705291748047,1.0766143529545502e-10,501.2367712581468,2.1479157449919837e-11,4.76837158203125e-07,2.663161087212984e-07,6.87973427228115e-08,0.3178618121674327,0.43241584300994873,0.393836110830307,0.354925274848938,0.0,0.34917473793029785,0.354925274848938,0.854979395866394,0.14348439872264862,0.8000659942626953,1.6224626302719116,0.6151175|0.3551205|0.0297621|0.0000000|0.0000000|0.0000000|0.0000000|0.0000000|0.0000000|0.0000000,0,0.6151175498962402,1.1450771196960563,0,0,0,0,0,
cross_town,Town02,mixed,3,179,8.95,-7.447046279907227,219.40994262695312,0.22167754173278809,89.98705291748047,1.0766143529545502e-10,501.2367712581468,2.1479157449919837e-11,4.76837158203125e-07,2.663161087212984e-07,1.3746651655565897e-07,0.3675822844775627,0.40468767285346985,0.6170493960380554,0.34384965896606445,0.0,0.4291747510433197,0.34384965896606445,0.3191315829753876,0.14200791716575623,0.16855069994926453,1.8201123476028442,0.6244693|0.3489667|0.0265640|0.0000000|0.0000000|0.0000000|0.0000000|0.0000000|0.0000000|0.0000000,0,0.6244692802429199,1.1180273701808285,0,0,0,0,0,
cross_town,Town02,mixed,3,180,9.0,-7.447046279907227,219.40994262695312,0.22167754173278809,89.98705291748047,1.0766143529545502e-10,501.2367712581468,2.1479157449919837e-11,4.76837158203125e-07,2.663161087212984e-07,1.6559949993319525e-06,0.295551459750456,0.4300761818885803,0.32778769731521606,0.3312440812587738,0.0,0.34917473793029785,0.3312440812587738,0.9996408224105835,0.12336745858192444,2.359443187713623,1.6009645462036133,0.9533263|0.0466737|0.0000000|0.0000000|0.0000000|0.0000000|0.0000000|0.0000000|0.0000000|0.0000000,0,0.9533263444900513,1.0974354524351702,0,0,0,0,0,
cross_town,Town02,mixed,3,181,9.05,-7.447046279907227,219.40994262695312,0.22167754173278809,89.98705291748047,1.0766143529545502e-10,501.2367712581468,2.1479157449919837e-11,4.76837158203125e-07,2.663161087212984e-07,1.7187656430207636e-07,0.35933194650487743,0.401364803314209,0.5389148592948914,0.35581308603286743,0.0,0.4291747510433197,0.35581308603286743,0.3173089027404785,0.14115925133228302,0.1672990918159485,1.7883508205413818,0.6255998|0.3455303|0.0288699|0.0000000|0.0000000|0.0000000|0.0000000|0.0000000|0.0000000|0.0000000,0,0.6255998015403748,1.0832959678284497,0,0,0,0,0,
cross_town,Town02,mixed,3,182,9.1,-7.447046279907227,219.40994262695312,0.22167754173278809,89.98705291748047,1.0766143529545502e-10,501.2367712581468,2.1479157449919837e-11,4.76837158203125e-07,2.663161087212984e-07,1.7201020346357468e-07,0.30557821694289405,0.4323924481868744,0.4121292233467102,0.3273046612739563,0.0,0.34917473793029785,0.3273046612739563,0.8136042952537537,0.1398390531539917,0.728561520576477,1.596574306488037,0.6356952|0.3366711|0.0276338|0.0000000|0.0000000|0.0000000|0.0000000|0.0000000|0.0000000|0.0000000,0,0.6356951594352722,1.0760975619763715,0,0,0,0,0,
cross_town,Town02,mixed,3,183,9.15,-7.447046279907227,219.40994262695312,0.22167754173278809,89.98705291748047,1.0766143529545502e-10,501.2367712581468,2.1479157449919837e-11,4.76837158203125e-07,2.663161087212984e-07,2.0764132026153426e-07,0.30073043842286884,0.35813117027282715,0.36040329933166504,0.3735378682613373,0.0,0.36040329933166504,0.3735378682613373,0.8082109093666077,0.11099690198898315,0.7486097812652588,1.8716946840286255,1.0000000|0.0000000|0.0000000|0.0000000|0.0000000|0.0000000|0.0000000|0.0000000|0.0000000|0.0000000,0,1.0,1.0767698867487474,0,0,0,0,0,
cross_town,Town02,mixed,3,184,9.2,-7.447046279907227,219.40994262695312,0.22167754173278809,89.98705291748047,1.0766143529545502e-10,501.2367712581468,2.1479157449919837e-11,4.76837158203125e-07,2.663161087212984e-07,1.6896521022062123e-06,0.34958345427504284,0.397468626499176,0.6829282641410828,0.3410787880420685,0.0,0.4404033124446869,0.3410787880420685,0.2957824170589447,0.13858897984027863,0.14454516768455505,1.8143113851547241,0.6404584|0.3317346|0.0278070|0.0000000|0.0000000|0.0000000|0.0000000|0.0000000|0.0000000|0.0000000,0,0.6404584050178528,1.0864985970611503,0,0,0,0,0,
cross_town,Town02,mixed,3,185,9.25,-7.447046279907227,219.40994262695312,0.22167754173278809,89.98705291748047,1.0766143529545502e-10,501.2367712581468,2.1479157449919837e-11,4.76837158203125e-07,2.663161087212984e-07,2.0819353132464643e-07,0.3143798001055479,0.4355803430080414,0.35484856367111206,0.3335617482662201,0.0,0.36040329933166504,0.3335617482662201,0.6242673993110657,0.1376996487379074,0.4892256259918213,1.6242239475250244,0.6483634|0.3230063|0.0286303|0.0000000|0.0000000|0.0000000|0.0000000|0.0000000|0.0000000|0.0000000,0,0.6483633518218994,1.1070188501626714,0,0,0,0,0,
cross_town,Town02,mixed,3,186,9.3,-7.447046279907227,219.40994262695312,0.22167754173278809,89.98705291748047,1.0766143529545502e-10,501.2367712581468,2.1479157449919837e-11,4.76837158203125e-07,2.663161087212984e-07,0.0,0.3223255398948003,0.4232499599456787,0.5462456941604614,0.3609481751918793,0.0,0.4404033124446869,0.3609481751918793,0.502682089805603,0.1372598111629486,0.3654223084449768,1.7439253330230713,0.6476104|0.3248516|0.0275379|0.0000000|0.0000000|0.0000000|0.0000000|0.0000000|0.0000000|0.0000000,0,0.6476104259490967,1.1410322555309587,0,0,0,0,0,
cross_town,Town02,mixed,3,187,9.35,-7.447046279907227,219.40994262695312,0.22167754173278809,89.98705291748047,1.0766143529545502e-10,501.2367712581468,2.1479157449919837e-11,4.76837158203125e-07,2.663161087212984e-07,6.88632206406154e-08,0.31557494937933184,0.4306197762489319,0.413296639919281,0.3161091208457947,0.0,0.36040329933166504,0.3161091208457947,0.5232879519462585,0.1363462507724762,0.3869585394859314,1.7220227718353271,0.6564602|0.3153110|0.0282289|0.0000000|0.0000000|0.0000000|0.0000000|0.0000000|0.0000000|0.0000000,0,0.656460165977478,1.1929014359711396,0,0,0,0,0,
cross_town,Town02,mixed,3,188,9.4,-7.447046279907227,219.40994262695312,0.22167754173278809,89.98705291748047,1.0766143529545502e-10,501.2367712581468,2.1479157449919837e-11,4.76837158203125e-07,2.663161087212984e-07,6.892736681640141e-08,0.2840422138604275,0.6301718950271606,0.6615327000617981,0.4554806649684906,0.0,0.4404033124446869,0.39610913395881653,0.7565466165542603,0.19468960165977478,0.5887700915336609,1.9584414958953857,0.9125609|0.0874392|0.0000000|0.0000000|0.0000000|0.0000000|0.0000000|0.0000000|0.0000000|0.0000000,0,0.9125608801841736,1.2698425129142838,0,0,0,0,0,
cross_town,Town02,mixed,3,189,9.45,-7.447046279907227,219.40994262695312,0.22167754173278809,89.98705291748047,1.0766143529545502e-10,501.2367712581468,2.1479157449919837e-11,4.76837158203125e-07,2.663161087212984e-07,1.3430832283848537e-07,0.32113339406758235,0.4285431504249573,0.5825283527374268,0.28485873341560364,0.0,0.5204033255577087,0.3161091208457947,0.3589661419391632,0.13521453738212585,0.21982192993164062,1.8812294006347656,0.6661171|0.3046208|0.0292621|0.0000000|0.0000000|0.0000000|0.0000000|0.0000000|0.0000000|0.0000000,0,0.6661171317100525,1.3843447401413338,0,0,0,0,0,
cross_town,Town02,mixed,3,190,9.5,-7.447046279907227,219.40994262695312,0.22167754173278809,89.98705291748047,1.0766143529545502e-10,501.2367712581468,2.1479157449919837e-11,4.76837158203125e-07,2.663161087212984e-07,6.955644680705011e-08,0.28470688100478064,0.4458902180194855,0.19342732429504395,0.3387039005756378,0.0,0.4404033124446869,0.3387039005756378,0.7703400254249573,0.12996402382850647,0.6725940704345703,1.4594917297363281,0.6885474|0.3114526|0.0000000|0.0000000|0.0000000|0.0000000|0.0000000|0.0000000|0.0000000|0.0000000,0,0.6885474324226379,1.5592454044328952,0,0,0,0,0,
cross_town,Town02,mixed,3,191,9.55,-7.447046279907227,219.40994262695312,0.22167754173278809,89.98705291748047,1.0766143529545502e-10,501.2367712581468,2.1479157449919837e-11,4.76837158203125e-07,2.663161087212984e-07,7.010169026600261e-08,0.2947857003769075,0.4358989894390106,0.3428535461425781,0.3426261842250824,0.0,0.36040329933166504,0.3426261842250824,0.6554226875305176,0.13008691370487213,0.5306535959243774,1.6061636209487915,0.6858705|0.3141295|0.0000000|0.0000000|0.0000000|0.0000000|0.0000000|0.0000000|0.0000000|0.0000000,0,0.6858705282211304,1.8403556318377705,0,0,0,0,0,
cross_town,Town02,mixed,3,192,9.6,-7.447046279907227,219.40994262695312,0.22167754173278809,89.98705291748047,1.0766143529545502e-10,501.2367712581468,2.1479157449919837e-11,4.76837158203125e-07,2.663161087212984e-07,1.3975195005572389e-07,0.31116572057762815,0.3670610785484314,0.5181933045387268,0.33086204528808594,0.0,0.4404033124446869,0.33086204528808594,0.47396382689476013,0.13436394929885864,0.3395763039588928,1.7054040431976318,0.6747646|0.2943345|0.0309009|0.0000000|0.0000000|0.0000000|0.0000000|0.0000000|0.0000000|0.0000000,0,0.6747645735740662,2.335264327653463,0,0,0,0,0,
cross_town,Town02,mixed,3,193,9.65,-7.447046279907227,219.40994262695312,0.22167754173278809,89.98705291748047,1.0766143529545502e-10,501.2367712581468,2.1479157449919837e-11,4.76837158203125e-07,2.663161087212984e-07,2.0961007170277863e-07,0.25857346039655577,0.4425920844078064,0.28472739458084106,0.3211119472980499,0.0,0.36040329933166504,0.3211119472980499,0.9884663820266724,0.11028439551591873,1.5024374723434448,1.5427155494689941,0.9601980|0.0398020|0.0000000|0.0000000|0.0000000|0.0000000|0.0000000|0.0000000|0.0000000|0.0000000,0,0.9601979851722717,3.3525794853242763,0,0,0,0,0,
cross_town,Town02,mixed,3,194,9.7,-7.447046279907227,219.40994262695312,0.22167754173278809,89.98705291748047,1.0766143529545502e-10,501.2367712581468,2.1479157449919837e-11,4.76837158203125e-07,2.663161087212984e-07,2.386212455502521e-07,0.3203880243774416,0.39576268196105957,0.45863473415374756,0.34116846323013306,0.0,0.4404033124446869,0.34116846323013306,0.3592297434806824,0.13367828726768494,0.22164447605609894,1.72088623046875,0.6821009|0.2886289|0.0292703|0.0000000|0.0000000|0.0000000|0.0000000|0.0000000|0.0000000|0.0000000,0,0.6821008920669556,6.379951394222221,0,0,0,0,0,
cross_town,Town02,mixed,3,195,9.75,-7.447046279907227,219.40994262695312,0.22167754173278809,89.98705291748047,1.0766143529545502e-10,501.2367712581468,2.1479157449919837e-11,4.76837158203125e-07,2.663161087212984e-07,2.531858334030539e-09,0.25650728983478654,0.4394724667072296,0.33612221479415894,0.3336532413959503,0.0,0.36040329933166504,0.3336532413959503,0.9994993209838867,0.10200810432434082,2.297771692276001,1.5057083368301392,1.0000000|0.0000000|0.0000000|0.0000000|0.0000000|0.0000000|0.0000000|0.0000000|0.0000000|0.0000000,0,1.0,18.608468476665614,0,0,0,0,0,
cross_town,Town02,mixed,3,196,9.8,-7.447046279907227,219.40994262695312,0.22167754173278809,89.98705291748047,1.0766143529545502e-10,501.2367712581468,2.1479157449919837e-11,4.76837158203125e-07,2.663161087212984e-07,6.906719833186406e-08,0.3178291147503145,0.40029090642929077,0.5031493306159973,0.34627145528793335,0.0,0.4404033124446869,0.34627145528793335,0.3871174156665802,0.1285153180360794,0.2566233277320862,1.7418462038040161,0.7101296|0.2898705|0.0000000|0.0000000|0.0000000|0.0000000|0.0000000|0.0000000|0.0000000|0.0000000,0,0.7101295590400696,18.578049462944012,0,0,0,0,0,
cross_town,Town02,mixed,3,197,9.85,-7.447046279907227,219.40994262695312,0.22167754173278809,89.98705291748047,1.0766143529545502e-10,501.2367712581468,2.1479157449919837e-11,4.76837158203125e-07,2.663161087212984e-07,1.3755996776287957e-07,0.3216463537739988,0.45706111192703247,0.4101715683937073,0.36303097009658813,0.0,0.36040329933166504,0.36303097009658813,0.35418596863746643,0.13339899480342865,0.21642863750457764,1.833099365234375,0.6923802|0.2797612|0.0278586|0.0000000|0.0000000|0.0000000|0.0000000|0.0000000|0.0000000|0.0000000,0,0.6923802495002747,18.54913762341217,0,0,0,0,0,
cross_town,Town02,mixed,3,198,9.9,-7.447046279907227,219.40994262695312,0.22167754173278809,89.98705291748047,1.0766143529545502e-10,501.2367712581468,2.1479157449919837e-11,4.76837158203125e-07,2.663161087212984e-07,1.690033133073314e-06,0.3029503666323793,0.34327834844589233,0.5585179924964905,0.29577672481536865,0.0,0.4404033124446869,0.29577672481536865,0.5012989044189453,0.13429801166057587,0.36700087785720825,1.6735960245132446,0.6911034|0.2779855|0.0309111|0.0000000|0.0000000|0.0000000|0.0000000|0.0000000|0.0000000|0.0000000,0,0.6911033987998962,18.52197476393098,0,0,0,0,0,
cross_town,Town02,mixed,3,199,9.95,-7.447046279907227,219.40994262695312,0.22167754173278809,89.98705291748047,1.0766143529545502e-10,501.2367712581468,2.1479157449919837e-11,4.76837158203125e-07,2.663161087212984e-07,1.7198213664606422e-07,0.30344420258345267,0.4378775358200073,0.2617926001548767,0.30159834027290344,0.0,0.36040329933166504,0.30159834027290344,0.5652521252632141,0.12877383828163147,0.4368525445461273,1.6608413457870483,0.7225333|0.2774667|0.0000000|0.0000000|0.0000000|0.0000000|0.0000000|0.0000000|0.0000000|0.0000000,0,0.7225332856178284,18.496369625937287,0,0,0,0,0,
cross_town,Town02,mixed,3,200,10.0,-7.447046279907227,219.40994262695312,0.22167754173278809,89.98705291748047,1.0766143529545502e-10,501.2367712581468,2.1479157449919837e-11,4.76837158203125e-07,2.663161087212984e-07,1.7226798886166245e-07,0.25555284770209363,0.15448600053787231,0.6204133033752441,0.3741012215614319,0.0,0.4404033124446869,0.3741012215614319,1.0,0.20907893776893616,7.377513885498047,1.085476040840149,0.8939148|0.1060852|0.0000000|0.0000000|0.0000000|0.0000000|0.0000000|0.0000000|0.0000000|0.0000000,0,0.8939147591590881,18.472541423542093,0,0,0,0,0,
cross_town,Town02,mixed,3,201,10.05,-7.447046279907227,219.40994262695312,0.22167754173278809,89.98705291748047,1.0766143529545502e-10,501.2367712581468,2.1479157449919837e-11,4.76837158203125e-07,2.663161087212984e-07,1.733769640243363e-07,0.3172688805480959,0.40109482407569885,0.4259636104106903,0.26887622475624084,0.0,0.4259636104106903,0.29410120844841003,0.39061275124549866,0.13513889908790588,0.25367677211761475,1.7406283617019653,0.7012584|0.2686654|0.0300762|0.0000000|0.0000000|0.0000000|0.0000000|0.0000000|0.0000000|0.0000000,0,0.7012584209442139,18.4467385926144,0,0,0,0,0,
cross_town,Town02,mixed,3,202,10.1,-7.447046279907227,219.40994262695312,0.22167754173278809,89.98705291748047,1.0766143529545502e-10,501.2367712581468,2.1479157449919837e-11,4.76837158203125e-07,2.663161087212984e-07,1.736132839124069e-07,0.31463306066177865,0.45667141675949097,0.29399412870407104,0.3008836805820465,0.0,0.34596359729766846,0.3008836805820465,0.5172032117843628,0.13532418012619019,0.3818857967853546,1.7410043478012085,0.7081013|0.2608160|0.0310827|0.0000000|0.0000000|0.0000000|0.0000000|0.0000000|0.0000000|0.0000000,0,0.7081012725830078,18.428689597910363,0,0,0,0,0,
cross_town,Town02,mixed,3,203,10.15,-7.447046279907227,219.40994262695312,0.22167754173278809,89.98705291748047,1.0766143529545502e-10,501.2367712581468,2.1479157449919837e-11,4.76837158203125e-07,2.663161087212984e-07,1.468201305983646e-09,0.2677237346282627,0.13225972652435303,0.6654108762741089,0.33389607071876526,0.0,0.4259636104106903,0.33389607071876526,0.9997958540916443,0.2126513421535492,2.4114725589752197,0.9598069190979004,0.8918347|0.1081654|0.0000000|0.0000000|0.0000000|0.0000000|0.0000000|0.0000000|0.0000000|0.0000000,0,0.8918346762657166,18.41025443903258,0,0,0,0,0,
cross_town,Town02,mixed,3,204,10.2,-7.447046279907227,219.40994262695312,0.22167754173278809,89.98705291748047,1.0766143529545502e-10,501.2367712581468,2.1479157449919837e-11,4.76837158203125e-07,2.663161087212984e-07,4.519225823152785e-09,0.2729176636688357,0.44001126289367676,0.3605029582977295,0.3639295995235443,0.0,0.34596359729766846,0.3639295995235443,0.9777801632881165,0.11362269520759583,1.3324527740478516,1.6001813411712646,0.9569578|0.0430422|0.0000000|0.0000000|0.0000000|0.0000000|0.0000000|0.0000000|0.0000000|0.0000000,0,0.9569578170776367,18.39366867339928,0,0,0,0,0,
cross_town,Town02,mixed,3,205,10.25,-7.447046279907227,219.40994262695312,0.22167754173278809,89.98705291748047,1.0766143529545502e-10,501.2367712581468,2.1479157449919837e-11,4.76837158203125e-07,2.663161087212984e-07,8.022577988464255e-09,0.2694496688714485,0.23125219345092773,0.10800033807754517,0.6005916595458984,0.0,0.2659635841846466,0.44392961263656616,0.9754603505134583,0.29751986265182495,1.1231353282928467,0.5976614356040955,1.0000000|0.0000000|0.0000000|0.0000000|0.0000000|0.0000000|0.0000000|0.0000000|0.0000000|0.0000000,0,1.0,18.378856420572536,0,0,0,0,0,
cross_town,Town02,mixed,3,206,10.3,-7.447046279907227,219.40994262695312,0.22167754173278809,89.98705291748047,1.0766143529545502e-10,501.2367712581468,2.1479157449919837e-11,4.76837158203125e-07,2.663161087212984e-07,1.344673186942722e-07,0.31046468736908606,0.27802667021751404,0.8384467363357544,0.29960399866104126,0.0,0.34596359729766846,0.3639295995235443,0.5953130722045898,0.11516118794679642,0.4813322126865387,2.125849962234497,0.9570569|0.0429431|0.0000000|0.0000000|0.0000000|0.0000000|0.0000000|0.0000000|0.0000000|0.0000000,0,0.9570568799972534,18.36602585237299,0,0,0,0,0,
cross_town,Town02,mixed,3,207,10.35,-7.447046279907227,219.40994262695312,0.22167754173278809,89.98705291748047,1.0766143529545502e-10,501.2367712581468,2.1479157449919837e-11,4.76837158203125e-07,2.663161087212984e-07,1.6215549621876093e-06,0.34430210685131885,0.4060780107975006,0.46755272150039673,0.21995291113853455,0.0,0.4259636104106903,0.28392958641052246,0.28772440552711487,0.1388210505247116,0.13456350564956665,2.0921683311462402,0.7178019|0.2482832|0.0339149|0.0000000|0.0000000|0.0000000|0.0000000|0.0000000|0.0000000|0.0000000,0,0.7178018689155579,18.355068513109707,0,0,0,0,0,
cross_town,Town02,mixed,3,208,10.4,-7.447046279907227,219.40994262695312,0.22167754173278809,89.98705291748047,1.0766143529545502e-10,501.2367712581468,2.1479157449919837e-11,4.76837158203125e-07,2.663161087212984e-07,1.3794918785331976e-07,0.3052909595701443,0.5058698058128357,0.3243977725505829,0.30266639590263367,0.0,0.34596359729766846,0.30266639590263367,0.781793475151062,0.1391601860523224,0.6798770427703857,1.9342825412750244,0.7242253|0.2408669|0.0349078|0.0000000|0.0000000|0.0000000|0.0000000|0.0000000|0.0000000|0.0000000,0,0.7242252826690674,18.346172064016255,0,0,0,0,0,
cross_town,Town02,mixed,3,209,10.45,-7.447046279907227,219.40994262695312,0.22167754173278809,89.98705291748047,1.0766143529545502e-10,501.2367712581468,2.1479157449919837e-11,4.76837158203125e-07,2.663161087212984e-07,1.722294742141935e-07,0.3276628015843544,0.42153075337409973,0.4151684641838074,0.27220869064331055,0.0,0.2659635841846466,0.27220869064331055,0.5829187035560608,0.13416524231433868,0.4495263993740082,2.05617094039917,0.7524282|0.2475718|0.0000000|0.0000000|0.0000000|0.0000000|0.0000000|0.0000000|0.0000000|0.0000000,0,0.7524281740188599,18.339242563731165,0,0,0,0,0,
cross_town,Town02,mixed,3,210,10.5,-7.447046279907227,219.40994262695312,0.22167754173278809,89.98705291748047,1.0766143529545502e-10,501.2367712581468,2.1479157449919837e-11,4.76837158203125e-07,2.663161087212984e-07,1.68942908792036e-06,0.33797201804020854,0.3308040499687195,0.5460132956504822,0.30802392959594727,0.0,0.34596359729766846,0.30802392959594727,0.5075479745864868,0.14052657783031464,0.36702197790145874,1.868979573249817,0.7266225|0.2408763|0.0325013|0.0000000|0.0000000|0.0000000|0.0000000|0.0000000|0.0000000|0.0000000,0,0.726622462272644,18.33443137615818,0,0,0,0,0,
cross_town,Town02,mixed,3,211,10.55,-7.447046279907227,219.40994262695312,0.22167754173278809,89.98705291748047,1.0766143529545502e-10,501.2367712581468,2.1479157449919837e-11,4.76837158203125e-07,2.663161087212984e-07,1.6895706670079186e-06,0.31104366143578516,0.4185332655906677,0.4132557213306427,0.2464074194431305,0.0,0.2659635841846466,0.2464074194431305,0.7787116765975952,0.14186637103557587,0.6726772785186768,2.060181140899658,0.7235649|0.2427503|0.0336848|0.0000000|0.0000000|0.0000000|0.0000000|0.0000000|0.0000000|0.0000000,0,0.7235649228096008,18.331676023581714,0,0,0,0,0,
cross_town,Town02,mixed,3,212,10.6,-7.447046279907227,219.40994262695312,0.22167754173278809,89.98705291748047,1.0766143529545502e-10,501.2367712581468,2.1479157449919837e-11,4.76837158203125e-07,2.663161087212984e-07,3.1079518945488355e-09,0.3450935900271521,0.34663650393486023,0.5056349039077759,0.30339404940605164,0.0,0.34596359729766846,0.30339404940605164,0.4767659902572632,0.13743720948696136,0.33931204676628113,1.9431287050247192,0.7486555|0.2513445|0.0000000|0.0000000|0.0000000|0.0000000|0.0000000|0.0000000|0.0000000|0.0000000,0,0.7486554980278015,18.331115841582086,0,0,0,0,0,
cross_town,Town02,mixed,3,213,10.65,-7.447046279907227,219.40994262695312,0.22167754173278809,89.98705291748047,1.0766143529545502e-10,501.2367712581468,2.1479157449919837e-11,4.76837158203125e-07,2.663161087212984e-07,6.2671754657906385e-09,0.30833366194491457,0.40310293436050415,0.4083923101425171,0.23949269950389862,0.0,0.4083923101425171,0.23949269950389862,0.8660737872123718,0.14259009063243866,0.8240801095962524,1.997621774673462,0.7339949|0.2343180|0.0316871|0.0000000|0.0000000|0.0000000|0.0000000|0.0000000|0.0000000|0.0000000,0,0.7339949011802673,18.332701233438158,0,0,0,0,0,
cross_town,Town02,mixed,3,214,10.7,-7.447046279907227,219.40994262695312,0.22167754173278809,89.98705291748047,1.0766143529545502e-10,501.2367712581468,2.1479157449919837e-11,4.76837158203125e-07,2.663161087212984e-07,9.543975213267426e-09,0.3010339254125855,0.3710514008998871,0.20468926429748535,0.40191030502319336,0.0,0.32839229702949524,0.3194926977157593,0.9426752924919128,0.11490876972675323,1.0850886106491089,1.5142593383789062,1.0000000|0.0000000|0.0000000|0.0000000|0.0000000|0.0000000|0.0000000|0.0000000|0.0000000|0.0000000,0,1.0,18.33655166148298,0,0,0,0,0,
cross_town,Town02,mixed,3,215,10.75,-7.447046279907227,219.40994262695312,0.22167754173278809,89.98705291748047,1.0766143529545502e-10,501.2367712581468,2.1479157449919837e-11,4.76837158203125e-07,2.663161087212984e-07,1.255621200865442e-07,0.3074322762598003,0.40275633335113525,0.4255531132221222,0.20269064605236053,0.0,0.4083923101425171,0.23949269950389862,0.9096531867980957,0.14503994584083557,0.93231201171875,2.071204662322998,0.7315810|0.2338903|0.0345287|0.0000000|0.0000000|0.0000000|0.0000000|0.0000000|0.0000000|0.0000000,0,0.7315810322761536,18.34264655123792,0,0,0,0,0,
cross_town,Town02,mixed,3,216,10.8,-7.447046279907227,219.40994262695312,0.22167754173278809,89.98705291748047,1.0766143529545502e-10,501.2367712581468,2.1479157449919837e-11,4.76837158203125e-07,2.663161087212984e-07,7.013631011391908e-08,0.3083410511945652,0.5259183049201965,0.32081034779548645,0.3551194667816162,0.0,0.32839229702949524,0.3194926977157593,0.9310171604156494,0.14586347341537476,1.0047415494918823,1.8240867853164673,0.7347214|0.2291793|0.0360993|0.0000000|0.0000000|0.0000000|0.0000000|0.0000000|0.0000000|0.0000000,0,0.7347214221954346,18.355121003512163,0,0,0,0,0,
cross_town,Town02,mixed,3,217,10.85,-7.447046279907227,219.40994262695312,0.22167754173278809,89.98705291748047,1.0766143529545502e-10,501.2367712581468,2.1479157449919837e-11,4.76837158203125e-07,2.663161087212984e-07,1.3803819502830493e-07,0.3104567236134682,0.3866340219974518,0.43273502588272095,0.19615015387535095,0.0,0.4083923101425171,0.23949269950389862,0.9397560954093933,0.1470530778169632,1.0397518873214722,2.012636184692383,0.7341156|0.2282358|0.0376486|0.0000000|0.0000000|0.0000000|0.0000000|0.0000000|0.0000000|0.0000000,0,0.7341156005859375,18.367686543310946,0,0,0,0,0,
cross_town,Town02,mixed,3,218,10.9,-7.447046279907227,219.40994262695312,0.22167754173278809,89.98705291748047,1.0766143529545502e-10,501.2367712581468,2.1479157449919837e-11,4.76837158203125e-07,2.663161087212984e-07,1.7210261213000662e-07,0.31764657685924746,0.13351964950561523,0.6949540376663208,0.0915062353014946,0.0,0.48839232325553894,0.15949270129203796,0.897165060043335,0.226773202419281,0.8147554397583008,0.7477611899375916,0.8678289|0.1321711|0.0000000|0.0000000|0.0000000|0.0000000|0.0000000|0.0000000|0.0000000|0.0000000,0,0.867828905582428,18.37863781801705,0,0,0,0,0,
cross_town,Town02,mixed,3,219,10.95,-7.447046279907227,219.40994262695312,0.22167754173278809,89.98705291748047,1.0766143529545502e-10,501.2367712581468,2.1479157449919837e-11,4.76837158203125e-07,2.663161087212984e-07,2.4073024094290647e-07,0.3707972256027884,0.5291978120803833,0.2575085163116455,0.37852782011032104,0.0,0.4083923101425171,0.23949269950389862,0.3943767547607422,0.14303719997406006,0.24972495436668396,1.7691335678100586,0.7651479|0.2348521|0.0000000|0.0000000|0.0000000|0.0000000|0.0000000|0.0000000|0.0000000|0.0000000,0,0.7651479244232178,18.394466178874755,0,0,0,0,0,
cross_town,Town02,mixed,3,220,11.0,-7.447046279907227,219.40994262695312,0.22167754173278809,89.98705291748047,1.0766143529545502e-10,501.2367712581468,2.1479157449919837e-11,4.76837158203125e-07,2.663161087212984e-07,3.438121965055845e-08,0.3293144575901917,0.5481927394866943,0.3214278817176819,0.3801150321960449,0.0,0.32839229702949524,0.3194926977157593,0.8373275399208069,0.14909686148166656,0.7605224251747131,1.906637191772461,0.7419609|0.2232348|0.0348043|0.0000000|0.0000000|0.0000000|0.0000000|0.0000000|0.0000000|0.0000000,0,0.741960883140564,18.41301389743414,0,0,0,0,0,
cross_town,Town02,mixed,3,221,11.05,-7.447046279907227,219.40994262695312,0.22167754173278809,89.98705291748047,1.0766143529545502e-10,501.2367712581468,2.1479157449919837e-11,4.76837158203125e-07,2.663161087212984e-07,6.872400380573641e-08,0.3299777464223386,0.4163355827331543,0.41948097944259644,0.2059471607208252,0.0,0.4083923101425171,0.23949269950389862,0.8582493662834167,0.15072715282440186,0.7994791865348816,2.1560099124908447,0.7375548|0.2252291|0.0372160|0.0000000|0.0000000|0.0000000|0.0000000|0.0000000|0.0000000|0.0000000,0,0.7375548481941223,18.434207732024365,0,0,0,0,0,
cross_town,Town02,mixed,3,222,11.1,-7.447046279907227,219.40994262695312,0.22167754173278809,89.98705291748047,1.0766143529545502e-10,501.2367712581468,2.1479157449919837e-11,4.76837158203125e-07,2.663161087212984e-07,1.3415494198028113e-07,0.33885629611546986,0.5620255470275879,0.3206489086151123,0.3882403075695038,0.0,0.32839229702949524,0.3194926977157593,0.7964663505554199,0.15149500966072083,0.6895932555198669,1.9056211709976196,0.7405991|0.2216221|0.0377788|0.0000000|0.0000000|0.0000000|0.0000000|0.0000000|0.0000000|0.0000000,0,0.7405990958213806,18.4581167446558,0,0,0,0,0,
cross_town,Town02,mixed,3,223,11.15,-7.447046279907227,219.40994262695312,0.22167754173278809,89.98705291748047,1.0766143529545502e-10,501.2367712581468,2.1479157449919837e-11,4.76837158203125e-07,2.663161087212984e-07,2.0602875344988408e-07,0.3366123217341176,0.39102089405059814,0.42175471782684326,0.19911536574363708,0.0,0.4083923101425171,0.23949269950389862,0.8453648686408997,0.14697717130184174,0.7776978015899658,2.0240302085876465,0.7680500|0.2319500|0.0000000|0.0000000|0.0000000|0.0000000|0.0000000|0.0000000|0.0000000|0.0000000,0,0.7680500149726868,18.48478002838447,0,0,0,0,0,
cross_town,Town02,mixed,3,224,11.2,-7.447046279907227,219.40994262695312,0.22167754173278809,89.98705291748047,1.0766143529545502e-10,501.2367712581468,2.1479157449919837e-11,4.76837158203125e-07,2.663161087212984e-07,3.777326248515388e-07,0.3588425512637182,0.5515641570091248,0.29534727334976196,0.36402827501296997,0.0,0.32839229702949524,0.3194926977157593,0.6483609676361084,0.1478716880083084,0.5050889253616333,1.8789645433425903,0.7698344|0.2301656|0.0000000|0.0000000|0.0000000|0.0000000|0.0000000|0.0000000|0.0000000|0.0000000,0,0.7698343992233276,18.514294898909906,0,0,0,0,0,
cross_town,Town02,mixed,3,225,11.25,-7.447046279907227,219.40994262695312,0.22167754173278809,89.98705291748047,1.0766143529545502e-10,501.2367712581468,2.1479157449919837e-11,4.76837158203125e-07,2.663161087212984e-07,5.60237564576531e-07,0.4060908571623384,0.4454877972602844,0.6592475175857544,0.47934362292289734,0.0,0.4083923101425171,0.39949271082878113,0.19732356071472168,0.13576877117156982,0.0134544987231493,2.1411538124084473,0.9483885|0.0516116|0.0000000|0.0000000|0.0000000|0.0000000|0.0000000|0.0000000|0.0000000|0.0000000,0,0.9483884572982788,18.546710475045128,0,0,0,0,0,
cross_town,Town02,mixed,3,226,11.3,-7.447046279907227,219.40994262695312,0.22167754173278809,89.98705291748047,1.0766143529545502e-10,501.2367712581468,2.1479157449919837e-11,4.76837158203125e-07,2.663161087212984e-07,7.212453667087044e-07,0.4065389266193011,0.4505866467952728,0.3559359014034271,0.1579003632068634,0.0,0.32839229702949524,0.3194926977157593,0.2081994265317917,0.14923696219921112,0.016809698194265366,2.3218655586242676,0.7760915|0.2239085|0.0000000|0.0000000|0.0000000|0.0000000|0.0000000|0.0000000|0.0000000|0.0000000,0,0.7760915160179138,18.582112029118278,0,0,0,0,0,
cross_town,Town02,mixed,3,227,11.35,-7.447046279907227,219.40994262695312,0.22167754173278809,89.98705291748047,1.0766143529545502e-10,501.2367712581468,2.1479157449919837e-11,4.76837158203125e-07,2.663161087212984e-07,7.718960141621248e-07,0.41077213033399407,0.504315197467804,0.44854044914245605,0.33639419078826904,0.0,0.24839229881763458,0.33639419078826904,0.24802401661872864,0.1491079181432724,0.07359737902879715,2.747025728225708,0.7848932|0.2151068|0.0000000|0.0000000|0.0000000|0.0000000|0.0000000|0.0000000|0.0000000|0.0000000,0,0.7848932147026062,18.620579037411147,0,0,0,0,0,
cross_town,Town02,mixed,3,228,11.4,-7.447046279907227,219.40994262695312,0.22167754173278809,89.98705291748047,1.0766143529545502e-10,501.2367712581468,2.1479157449919837e-11,4.76837158203125e-07,2.663161087212984e-07,0.0,0.3481928210350138,0.12794893980026245,0.8642478585243225,0.0352778434753418,0.0,0.32839229702949524,0.2563941776752472,0.8029189109802246,0.22480541467666626,0.6263542771339417,1.339217185974121,1.0000000|0.0000000|0.0000000|0.0000000|0.0000000|0.0000000|0.0000000|0.0000000|0.0000000|0.0000000,0,1.0,18.66220750356094,0,0,0,0,0,
cross_town,Town02,mixed,3,229,11.45,-7.447046279907227,219.40994262695312,0.22167754173278809,89.98705291748047,1.0766143529545502e-10,501.2367712581468,2.1479157449919837e-11,4.76837158203125e-07,2.663161087212984e-07,3.444414444974929e-08,0.408227967140686,0.48073872923851013,0.5635647773742676,0.5323939323425293,0.0,0.4083923101425171,0.33639419078826904,0.20253555476665497,0.13705261051654816,0.02031695283949375,3.1026344299316406,0.9526829|0.0473171|0.0000000|0.0000000|0.0000000|0.0000000|0.0000000|0.0000000|0.0000000|0.0000000,0,0.9526828527450562,18.707075060090887,0,0,0,0,0,
cross_town,Town02,mixed,3,230,11.5,-7.447046279907227,219.40994262695312,0.22167754173278809,89.98705291748047,1.0766143529545502e-10,501.2367712581468,2.1479157449919837e-11,4.76837158203125e-07,2.663161087212984e-07,7.120405289390153e-08,0.3346756397471454,0.2104659378528595,0.6959102749824524,-0.09680065512657166,0.0,0.48839232325553894,0.2563941776752472,0.9379692673683167,0.23787327110767365,0.9411484003067017,1.098945140838623,0.8380949|0.1619051|0.0000000|0.0000000|0.0000000|0.0000000|0.0000000|0.0000000|0.0000000|0.0000000,0,0.8380948901176453,18.75528187507751,0,0,0,0,0,
cross_town,Town02,mixed,3,231,11.55,-7.447046279907227,219.40994262695312,0.22167754173278809,89.98705291748047,1.0766143529545502e-10,501.2367712581468,2.1479157449919837e-11,4.76837158203125e-07,2.663161087212984e-07,2.0601572871586132e-07,0.3739181085513922,0.22606560587882996,0.6263256072998047,0.0348266065120697,0.0,0.5683923363685608,0.17639417946338654,0.5454590916633606,0.23721541464328766,0.30836954712867737,0.6227439641952515,0.8566468|0.1433532|0.0000000|0.0000000|0.0000000|0.0000000|0.0000000|0.0000000|0.0000000|0.0000000,0,0.8566467761993408,18.809095016455206,0,0,0,0,0,
cross_town,Town02,mixed,3,232,11.6,-7.447046279907227,219.40994262695312,0.22167754173278809,89.98705291748047,1.0766143529545502e-10,501.2367712581468,2.1479157449919837e-11,4.76837158203125e-07,2.663161087212984e-07,3.7771760065463037e-07,0.4079952740097016,0.5365006327629089,0.2742723226547241,0.46975693106651306,0.0,0.48839232325553894,0.2563941776752472,0.2046179622411728,0.1290733367204666,0.03150719404220581,2.0900511741638184,1.0000000|0.0000000|0.0000000|0.0000000|0.0000000|0.0000000|0.0000000|0.0000000|0.0000000|0.0000000,0,1.0,18.87327481027685,0,0,0,0,0,
cross_town,Town02,mixed,3,233,11.65,-7.447046279907227,219.40994262695312,0.22167754173278809,89.98705291748047,1.0766143529545502e-10,501.2367712581468,2.1479157449919837e-11,4.76837158203125e-07,2.663161087212984e-07,5.15299080343525e-07,0.3960010493630396,0.6713115572929382,0.3662714958190918,0.4739478528499603,0.0,0.4083923101425171,0.33639419078826904,0.3245040774345398,0.15511536598205566,0.1615973562002182,2.706735610961914,0.7653345|0.1959116|0.0387539|0.0000000|0.0000000|0.0000000|0.0000000|0.0000000|0.0000000|0.0000000,0,0.7653344869613647,18.935462332137764,0,0,0,0,0,
cross_town,Town02,mixed,3,234,11.7,-7.447046279907227,219.40994262695312,0.22167754173278809,89.98705291748047,1.0766143529545502e-10,501.2367712581468,2.1479157449919837e-11,4.76837158203125e-07,2.663161087212984e-07,9.069229252851059e-07,0.41017292811807254,0.5773293972015381,0.43195879459381104,0.33791106939315796,0.0,0.32839229702949524,0.33791106939315796,0.2595202922821045,0.1552523672580719,0.08263182640075684,2.9937350749969482,0.7650527|0.1968762|0.0380711|0.0000000|0.0000000|0.0000000|0.0000000|0.0000000|0.0000000|0.0000000,0,0.7650527358055115,19.024021139165566,0,0,0,0,0,
cross_town,Town02,mixed,3,235,11.75,-7.447046279907227,219.40994262695312,0.22167754173278809,89.98705291748047,1.0766143529545502e-10,501.2367712581468,2.1479157449919837e-11,4.76837158203125e-07,2.663161087212984e-07,6.524345947629124e-07,0.41348287061819566,0.49807190895080566,0.5557021498680115,0.2899613678455353,0.0,0.4083923101425171,0.2899613678455353,0.19883032143115997,0.136834055185318,0.014760682359337807,3.2946724891662598,0.9538863|0.0461137|0.0000000|0.0000000|0.0000000|0.0000000|0.0000000|0.0000000|0.0000000|0.0000000,0,0.9538862705230713,19.13261886544976,0,0,0,0,0,
cross_town,Town02,mixed,3,236,11.8,-7.447046279907227,219.40994262695312,0.22167754173278809,89.98705291748047,1.0766143529545502e-10,501.2367712581468,2.1479157449919837e-11,4.76837158203125e-07,2.663161087212984e-07,6.868008100358809e-07,0.3993308979161213,0.6143405437469482,0.43429234623908997,0.450595498085022,0.0,0.32839229702949524,0.36996138095855713,0.291117399930954,0.15450075268745422,0.12300843000411987,2.948596954345703,0.7742282|0.1897916|0.0359802|0.0000000|0.0000000|0.0000000|0.0000000|0.0000000|0.0000000|0.0000000,0,0.7742282152175903,19.262050340959757,0,0,0,0,0,
cross_town,Town02,mixed,3,237,11.85,-7.447046279907227,219.40994262695312,0.22167754173278809,89.98705291748047,1.0766143529545502e-10,501.2367712581468,2.1479157449919837e-11,4.76837158203125e-07,2.663161087212984e-07,3.4396746146528275e-08,0.3962631139326417,0.4548250138759613,0.5197467803955078,0.22384555637836456,0.0,0.4083923101425171,0.2899613678455353,0.32178056240081787,0.1548147201538086,0.15878501534461975,3.1167454719543457,0.7734964|0.1893545|0.0371492|0.0000000|0.0000000|0.0000000|0.0000000|0.0000000|0.0000000|0.0000000,0,0.7734963893890381,19.411542496602937,0,0,0,0,0,
cross_town,Town02,mixed,3,238,11.9,-7.447046279907227,219.40994262695312,0.22167754173278809,89.98705291748047,1.0766143529545502e-10,501.2367712581468,2.1479157449919837e-11,4.76837158203125e-07,2.663161087212984e-07,6.88382635967743e-08,0.39855027837381096,0.6121569871902466,0.43948879837989807,0.4358852207660675,0.0,0.32839229702949524,0.36996138095855713,0.29889556765556335,0.15461011230945587,0.13224920630455017,2.9294304847717285,0.7777896|0.1838675|0.0383429|0.0000000|0.0000000|0.0000000|0.0000000|0.0000000|0.0000000|0.0000000,0,0.7777895927429199,19.59169275894394,0,0,0,0,0,
cross_town,Town02,mixed,3,239,11.95,-7.447046279907227,219.40994262695312,0.22167754173278809,89.98705291748047,1.0766143529545502e-10,501.2367712581468,2.1479157449919837e-11,4.76837158203125e-07,2.663161087212984e-07,2.0603702667030362e-07,0.40133302915451996,0.4474002718925476,0.5539343953132629,0.19342181086540222,0.0,0.4083923101425171,0.2899613678455353,0.27105870842933655,0.1550910919904709,0.0975944772362709,3.1058506965637207,0.7737512|0.1895395|0.0367094|0.0000000|0.0000000|0.0000000|0.0000000|0.0000000|0.0000000|0.0000000,0,0.7737511992454529,19.808362031181236,0,0,0,0,0,
cross_town,Town02,mixed,3,240,12.0,-7.447046279907227,219.40994262695312,0.22167754173278809,89.98705291748047,1.0766143529545502e-10,501.2367712581468,2.1479157449919837e-11,4.76837158203125e-07,2.663161087212984e-07,3.777144221790843e-07,0.40404575872776993,0.550990641117096,0.4657299518585205,0.47111067175865173,0.0,0.32839229702949524,0.36996138095855713,0.24393141269683838,0.1369183361530304,0.08027039468288422,3.0264501571655273,0.9533636|0.0466364|0.0000000|0.0000000|0.0000000|0.0000000|0.0000000|0.0000000|0.0000000|0.0000000,0,0.9533635973930359,20.039770261190217,0,0,0,0,0,
cross_town,Town02,mixed,3,241,12.05,-7.447046279907227,219.40994262695312,0.22167754173278809,89.98705291748047,1.0766143529545502e-10,501.2367712581468,2.1479157449919837e-11,4.76837158203125e-07,2.663161087212984e-07,5.152871567124584e-07,0.335238669399003,0.10620665550231934,0.8441010117530823,-0.02471904829144478,0.0,0.4083923101425171,0.2899613678455353,0.9320023059844971,0.24672916531562805,0.9077361822128296,1.2999951839447021,0.8223872|0.1776128|0.0000000|0.0000000|0.0000000|0.0000000|0.0000000|0.0000000|0.0000000|0.0000000,0,0.8223872184753418,20.309413671571324,0,0,0,0,0,
cross_town,Town02,mixed,3,242,12.1,-7.447046279907227,219.40994262695312,0.22167754173278809,89.98705291748047,1.0766143529545502e-10,501.2367712581468,2.1479157449919837e-11,4.76837158203125e-07,2.663161087212984e-07,6.180858922051065e-07,0.3951914321219705,0.5929037928581238,0.44555628299713135,0.3911787271499634,0.0,0.32839229702949524,0.36996138095855713,0.3324746787548065,0.15387065708637238,0.17187592387199402,2.8411285877227783,0.7921959|0.1680907|0.0397134|0.0000000|0.0000000|0.0000000|0.0000000|0.0000000|0.0000000|0.0000000,0,0.7921959161758423,20.603518510993002,0,0,0,0,0,
cross_town,Town02,mixed,3,243,12.15,-7.447046279907227,219.40994262695312,0.22167754173278809,89.98705291748047,1.0766143529545502e-10,501.2367712581468,2.1479157449919837e-11,4.76837158203125e-07,2.663161087212984e-07,6.524132704322267e-07,0.4069531227981848,0.43963882327079773,0.5767448544502258,0.21702568233013153,0.0,0.4083923101425171,0.2899613678455353,0.2148577719926834,0.13699394464492798,0.039033930748701096,3.262498378753662,0.9529147|0.0470853|0.0000000|0.0000000|0.0000000|0.0000000|0.0000000|0.0000000|0.0000000|0.0000000,0,0.9529147148132324,20.91586737849704,0,0,0,0,0,
cross_town,Town02,mixed,3,244,12.2,-7.447046279907227,219.40994262695312,0.22167754173278809,89.98705291748047,1.0766143529545502e-10,501.2367712581468,2.1479157449919837e-11,4.76837158203125e-07,2.663161087212984e-07,6.870181106540093e-07,0.39925256181118884,0.6098800897598267,0.4327125549316406,0.4598032236099243,0.0,0.32839229702949524,0.36996138095855713,0.2918633818626404,0.15425261855125427,0.12415957450866699,2.9653844833374023,0.7929753|0.1657584|0.0412663|0.0000000|0.0000000|0.0000000|0.0000000|0.0000000|0.0000000|0.0000000,0,0.7929753065109253,21.29125454856504,0,0,0,0,0,
cross_town,Town02,mixed,3,245,12.25,-7.447046279907227,219.40994262695312,0.22167754173278809,89.98705291748047,1.0766143529545502e-10,501.2367712581468,2.1479157449919837e-11,4.76837158203125e-07,2.663161087212984e-07,3.435733803012232e-08,0.3284397344624758,0.307147741317749,0.11934351921081543,0.6157066822052002,0.0,0.24839229881763458,0.449961394071579,0.9999916553497314,0.29751986265182495,3.1256625652313232,0.6061068773269653,1.0000000|0.0000000|0.0000000|0.0000000|0.0000000|0.0000000|0.0000000|0.0000000|0.0000000|0.0000000,0,1.0,21.762191313669458,0,0,0,0,0,
cross_town,Town02,mixed,3,246,12.3,-7.447046279907227,219.40994262695312,0.22167754173278809,89.98705291748047,1.0766143529545502e-10,501.2367712581468,2.1479157449919837e-11,4.76837158203125e-07,2.663161087212984e-07,1.0301894832172937e-07,0.33311494398472624,0.08849763870239258,0.8806279897689819,-0.04552147537469864,0.0,0.32839229702949524,0.36996138095855713,0.9532395601272583,0.2533518373966217,1.0003550052642822,1.1671414375305176,0.7857150|0.2142850|0.0000000|0.0000000|0.0000000|0.0000000|0.0000000|0.0000000|0.0000000|0.0000000,0,0.7857150435447693,22.266702364303004,0,0,0,0,0,
cross_town,Town02,mixed,3,247,12.35,-7.447046279907227,219.40994262695312,0.22167754173278809,89.98705291748047,1.0766143529545502e-10,501.2367712581468,2.1479157449919837e-11,4.76837158203125e-07,2.663161087212984e-07,2.403654901946529e-07,0.3980916481053639,0.4529955983161926,0.5330174565315247,0.20474225282669067,0.0,0.4083923101425171,0.2899613678455353,0.30347251892089844,0.1540527641773224,0.1382431983947754,3.1141016483306885,0.7989492|0.1610180|0.0400328|0.0000000|0.0000000|0.0000000|0.0000000|0.0000000|0.0000000|0.0000000,0,0.7989491820335388,22.787740501731548,0,0,0,0,0,
cross_town,Town02,mixed,3,248,12.4,-7.447046279907227,219.40994262695312,0.22167754173278809,89.98705291748047,1.0766143529545502e-10,501.2367712581468,2.1479157449919837e-11,4.76837158203125e-07,2.663161087212984e-07,2.747318667871858e-07,0.3514759461915302,0.2847053110599518,0.23585140705108643,0.5523091554641724,0.0,0.32839229702949524,0.36996138095855713,0.7696295380592346,0.29751986265182495,0.504035234451294,0.53676438331604,1.0000000|0.0000000|0.0000000|0.0000000|0.0000000|0.0000000|0.0000000|0.0000000|0.0000000|0.0000000,0,1.0,23.328615588529104,0,0,0,0,0,
cross_town,Town02,mixed,3,249,12.45,-7.447046279907227,219.40994262695312,0.22167754173278809,89.98705291748047,1.0766143529545502e-10,501.2367712581468,2.1479157449919837e-11,4.76837158203125e-07,2.663161087212984e-07,3.3029718596990163e-07,0.40391350794189795,0.44459444284439087,0.5638065338134766,0.17435480654239655,0.0,0.4083923101425171,0.2899613678455353,0.24525392055511475,0.15437114238739014,0.06460703909397125,3.085526466369629,0.8007486|0.1556877|0.0435636|0.0000000|0.0000000|0.0000000|0.0000000|0.0000000|0.0000000|0.0000000,0,0.8007486462593079,23.891227913255825,0,0,0,0,0,
cross_town,Town02,mixed,3,250,12.5,-7.447046279907227,219.40994262695312,0.22167754173278809,89.98705291748047,1.0766143529545502e-10,501.2367712581468,2.1479157449919837e-11,4.76837158203125e-07,2.663161087212984e-07,3.777517812444164e-07,0.39900869834759756,0.6021209955215454,0.43328261375427246,0.4343126714229584,0.0,0.32839229702949524,0.36996138095855713,0.2943020164966583,0.15308132767677307,0.12827345728874207,2.9409165382385254,0.8130478|0.1437410|0.0432112|0.0000000|0.0000000|0.0000000|0.0000000|0.0000000|0.0000000|0.0000000,0,0.8130478262901306,24.473519106510754,0,0,1,0,0,stuck
