protocol,town,weather,episode,t,sim_time_s,ego_x,ego_y,ego_z,ego_yaw_deg,route_s_m,route_remaining_m,route_completion_pct,cte_m,route_heading_rad,speed_kmh,reward,command_throttle,command_brake,command_steer,applied_throttle,applied_brake,applied_steer,sigma_bar,sigma_ale,sigma_epi,policy_entropy_proxy,attention,top_attention_index,top_attention_value,ttc_s,collision,off_route,timeout,red_light_violation,intervention,terminal_reason
cross_town,Town02,mixed,20,1,0.05,117.93017578125,187.6062774658203,0.15079765021800995,-179.97372436523438,6.984891830066211e-09,499.49803358058756,1.3983822478535569e-09,1.52587890625e-05,2.663161087212984e-07,0.46652326583862325,0.4251611994577847,0.046233952045440674,0.7066443562507629,0.5813064575195312,0.0,0.07999999821186066,0.07999999821186066,0.9986158609390259,0.30549871921539307,1.8398233652114868,0.739220917224884,0.6793725|0.2741013|0.0465262|0.0000000|0.0000000|0.0000000|0.0000000|0.0000000|0.0000000|0.0000000,0,0.6793725490570068,,0,0,0,0,0,
cross_town,Town02,mixed,20,2,0.1,117.93017578125,187.6062774658203,0.16111251711845398,-179.97372436523438,6.984891830066211e-09,499.49803358058756,1.3983822478535569e-09,1.52587890625e-05,2.663161087212984e-07,0.8584080040455402,0.44874514210817806,0.09371286630630493,0.9096556901931763,0.5061578154563904,0.0,0.1599999964237213,0.1599999964237213,0.7627764344215393,0.3009633719921112,0.49102717638015747,0.630550742149353,0.7223801|0.2776199|0.0000000|0.0000000|0.0000000|0.0000000|0.0000000|0.0000000|0.0000000|0.0000000,0,0.7223801016807556,,0,0,0,0,0,
cross_town,Town02,mixed,20,3,0.15,117.93017578125,187.6062774658203,0.17358191311359406,-179.97372436523438,6.984891830066211e-09,499.49803358058756,1.3983822478535569e-09,1.52587890625e-05,2.663161087212984e-07,0.894089537858971,0.4251162158321091,0.2563636898994446,0.5615755915641785,0.7650467753410339,0.0,0.23999999463558197,0.23999999463558197,0.9990656971931458,0.3107125759124756,1.9329888820648193,1.520488977432251,0.5373484|0.2022073|0.2254410|0.0350032|0.0000000|0.0000000|0.0000000|0.0000000|0.0000000|0.0000000,0,0.5373484492301941,,0,0,0,0,0,
cross_town,Town02,mixed,20,4,0.2,117.93017578125,187.6062774658203,0.18517296016216278,-179.97372436523438,6.984891830066211e-09,499.49803358058756,1.3983822478535569e-09,1.52587890625e-05,2.663161087212984e-07,0.7842068374157074,0.4808110283686024,0.15384778380393982,0.6621444225311279,0.3628227710723877,0.0,0.3199999928474426,0.3199999928474426,0.4421175718307495,0.28944647312164307,0.15241041779518127,1.6332287788391113,1.0000000|0.0000000|0.0000000|0.0000000|0.0000000|0.0000000|0.0000000|0.0000000|0.0000000|0.0000000,0,1.0,,0,0,0,0,0,
cross_town,Town02,mixed,20,5,0.25,117.93017578125,187.6062774658203,0.1948101818561554,-179.97372436523438,6.984891830066211e-09,499.49803358058756,1.3983822478535569e-09,1.52587890625e-05,2.663161087212984e-07,0.6320998907092412,0.4706640797903413,0.3330308198928833,0.6124916672706604,0.7589536309242249,0.0,0.4000000059604645,0.4000000059604645,0.5435870289802551,0.311714231967926,0.2319837361574173,1.8653061389923096,0.5211645|0.2265070|0.2118369|0.0404915|0.0000000|0.0000000|0.0000000|0.0000000|0.0000000|0.0000000,0,0.5211644768714905,,0,0,0,0,0,
cross_town,Town02,mixed,20,6,0.3,117.93017578125,187.6062774658203,0.20233985781669617,-179.97372436523438,6.984891830066211e-09,499.49803358058756,1.3983822478535569e-09,1.52587890625e-05,2.663161087212984e-07,0.48440818190577156,0.48024723708936823,0.3197527527809143,0.6690593361854553,0.6900899410247803,0.0,0.48000001907348633,0.48000001907348633,0.44775545597076416,0.3111554682254791,0.13640859723091125,1.9564120769500732,0.5278686|0.2186334|0.2174773|0.0360208|0.0000000|0.0000000|0.0000000|0.0000000|0.0000000|0.0000000,0,0.5278685688972473,,0,0,0,0,0,
cross_town,Town02,mixed,20,7,0.35,117.93017578125,187.6062774658203,0.2079935371875763,-179.97372436523438,6.984891830066211e-09,499.49803358058756,1.3983822478535569e-09,1.52587890625e-05,2.663161087212984e-07,0.35894490480423397,0.4665280715310337,0.4345710873603821,0.5252262949943542,0.6121090054512024,0.0,0.5252262949943542,0.5600000023841858,0.5849471688270569,0.31103062629699707,0.2747483551502228,1.7014883756637573,0.5277231|0.2239348|0.2142875|0.0340546|0.0000000|0.0000000|0.0000000|0.0000000|0.0000000|0.0000000,0,0.5277230739593506,,0,0,0,0,0,
cross_town,Town02,mixed,20,8,0.4,117.93017578125,187.6062774658203,0.21212275326251984,-179.97372436523438,6.984891830066211e-09,499.49803358058756,1.3983822478535569e-09,1.52587890625e-05,2.663161087212984e-07,0.25964488685131737,0.42506204427170424,0.31803977489471436,0.4920676350593567,0.4777039587497711,0.0,0.4920676350593567,0.47999998927116394,0.9996073842048645,0.3054705262184143,2.155118942260742,1.276193618774414,0.6757559|0.2804091|0.0438351|0.0000000|0.0000000|0.0000000|0.0000000|0.0000000|0.0000000|0.0000000,0,0.6757558584213257,,0,0,0,0,0,
cross_town,Town02,mixed,20,9,0.45,117.93017578125,187.6062774658203,0.21507766842842102,-179.97372436523438,6.984891830066211e-09,499.49803358058756,1.3983822478535569e-09,1.52587890625e-05,2.663161087212984e-07,0.1844491839411334,0.4742926675167705,0.4942643642425537,0.49545204639434814,0.6448255777359009,0.0,0.49545204639434814,0.5600000023841858,0.5073011517524719,0.31102246046066284,0.19627922773361206,1.6910386085510254,0.5302992|0.2311530|0.2028618|0.0356860|0.0000000|0.0000000|0.0000000|0.0000000|0.0000000|0.0000000,0,0.530299186706543,,0,0,0,0,0,
cross_town,Town02,mixed,20,10,0.5,117.93017578125,187.6062774658203,0.21715930104255676,-179.97372436523438,6.984891830066211e-09,499.49803358058756,1.3983822478535569e-09,1.52587890625e-05,2.663161087212984e-07,0.12919011265040656,0.4338885499520883,0.4818250238895416,0.4947565197944641,0.5673030614852905,0.0,0.4947565197944641,0.5673030614852905,0.9875023365020752,0.31107497215270996,1.2813349962234497,1.3893802165985107,0.5368932|0.2196103|0.2028887|0.0406078|0.0000000|0.0000000|0.0000000|0.0000000|0.0000000|0.0000000,0,0.5368932485580444,,0,0,0,0,0,
cross_town,Town02,mixed,20,11,0.55,117.93017578125,187.6062774658203,0.218607559800148,-179.97372436523438,6.984891830066211e-09,499.49803358058756,1.3983822478535569e-09,1.52587890625e-05,2.663161087212984e-07,0.08946249336006779,0.43277914927036504,0.5376527905464172,0.4770602285861969,0.5552289485931396,0.0,0.41475650668144226,0.5552289485931396,0.99748694896698,0.3079490661621094,1.6879854202270508,1.4279975891113281,0.5492868|0.2242268|0.2264863|0.0000000|0.0000000|0.0000000|0.0000000|0.0000000|0.0000000|0.0000000,0,0.5492868423461914,,0,0,0,0,0,
cross_town,Town02,mixed,20,12,0.6,117.93017578125,187.6062774658203,0.21960502862930298,-179.97372436523438,6.984891830066211e-09,499.49803358058756,1.3983822478535569e-09,1.52587890625e-05,2.663161087212984e-07,0.06137862503534353,0.4308067989747897,0.6468989253044128,0.5457251667976379,0.5155144333839417,0.0,0.3347564935684204,0.5155144333839417,0.9999970197677612,0.33574917912483215,3.3456974029541016,1.005661964416504,0.4515853|0.4672662|0.0811485|0.0000000|0.0000000|0.0000000|0.0000000|0.0000000|0.0000000|0.0000000,1,0.4672662317752838,219.18134615143427,0,0,0,0,0,
cross_town,Town02,mixed,20,13,0.65,117.93017578125,187.6062774658203,0.22028625011444092,-179.97372436523438,6.984891830066211e-09,499.49803358058756,1.3983822478535569e-09,1.52587890625e-05,2.663161087212984e-07,0.04177801720830058,0.4582066911078562,0.30249741673469543,0.8135014772415161,0.604982852935791,0.0,0.41475650668144226,0.5955144166946411,0.6678535342216492,0.3117900490760803,0.3628332018852234,1.8338024616241455,0.5094111|0.2441613|0.2120279|0.0343998|0.0000000|0.0000000|0.0000000|0.0000000|0.0000000|0.0000000,0,0.509411096572876,68.80261678777724,0,0,0,0,0,
cross_town,Town02,mixed,20,14,0.7,117.93017578125,187.6062774658203,0.220748171210289,-179.97372436523438,6.984891830066211e-09,499.49803358058756,1.3983822478535569e-09,1.52587890625e-05,2.663161087212984e-07,0.028249454498530332,0.458539088473957,0.4177211821079254,0.718154788017273,0.5625839233398438,0.0,0.4947565197944641,0.5625839233398438,0.7278358340263367,0.3117176592350006,0.43419989943504333,1.269712209701538,0.5105007|0.2246272|0.2305447|0.0343275|0.0000000|0.0000000|0.0000000|0.0000000|0.0000000|0.0000000,0,0.5105006694793701,44.57405550382865,0,0,0,0,0,
cross_town,Town02,mixed,20,15,0.75,117.93017578125,187.6062774658203,0.22105945646762848,-179.97372436523438,6.984891830066211e-09,499.49803358058756,1.3983822478535569e-09,1.52587890625e-05,2.663161087212984e-07,0.018989627436465064,0.424880792629907,0.49035701155662537,0.7477906346321106,0.4208013117313385,0.0,0.5747565031051636,0.4825839102268219,1.0,0.34071728587150574,7.224833011627197,0.7111928462982178,0.8478480|0.1521520|0.0000000|0.0000000|0.0000000|0.0000000|0.0000000|0.0000000|0.0000000|0.0000000,0,0.8478479981422424,34.962947854788894,0,0,0,0,0,
cross_town,Town02,mixed,20,16,0.8,117.93017578125,187.6062774658203,0.22126811742782593,-179.97372436523438,6.984891830066211e-09,499.49803358058756,1.3983822478535569e-09,1.52587890625e-05,2.663161087212984e-07,0.012704521045568948,0.4370643623791428,0.6308190226554871,0.4142845869064331,0.5621403455734253,0.0,0.4947564899921417,0.5621403455734253,0.8782410621643066,0.30761659145355225,0.6863528490066528,1.193407654762268,0.5526192|0.2230859|0.2242949|0.0000000|0.0000000|0.0000000|0.0000000|0.0000000|0.0000000|0.0000000,0,0.552619218826294,29.151783688420714,0,0,0,0,0,
cross_town,Town02,mixed,20,17,0.85,117.93017578125,187.6062774658203,0.22140730917453766,-179.97372436523438,6.984891830066211e-09,499.49803358058756,1.3983822478535569e-09,1.52587890625e-05,2.663161087212984e-07,0.008462562226852715,0.42471536562612616,0.5579643845558167,0.6681951284408569,0.38573718070983887,0.0,0.5747565031051636,0.48214033246040344,1.0,0.33934059739112854,7.126532554626465,0.6871680617332458,0.8627371|0.1372629|0.0000000|0.0000000|0.0000000|0.0000000|0.0000000|0.0000000|0.0000000|0.0000000,0,0.8627371191978455,26.167815131330368,0,0,0,0,0,
cross_town,Town02,mixed,20,18,0.9,117.93017578125,187.6062774658203,0.22140730917453766,-179.97372436523438,6.984891830066211e-09,499.49803358058756,1.3983822478535569e-09,1.52587890625e-05,2.663161087212984e-07,0.0,0.43541260904081297,0.620854914188385,0.38781824707984924,0.5622673034667969,0.0,0.4947564899921417,0.5621403455734253,0.8920600414276123,0.30703815817832947,0.7209513783454895,1.3115400075912476,0.5619122|0.2212175|0.2168703|0.0000000|0.0000000|0.0000000|0.0000000|0.0000000|0.0000000|0.0000000,0,0.5619121789932251,24.062034376275392,0,0,0,0,0,
cross_town,Town02,mixed,20,19,0.95,117.93017578125,187.6062774658203,0.2215089350938797,-179.97372436523438,6.984891830066211e-09,499.49803358058756,1.3983822478535569e-09,1.52587890625e-05,2.663161087212984e-07,0.0021906395210111694,0.42617970780368963,0.6008300185203552,0.3770391345024109,0.45928826928138733,0.0,0.4147564768791199,0.48214033246040344,0.983316957950592,0.30741459131240845,1.2117199897766113,1.3238410949707031,0.5505978|0.2228761|0.2265261|0.0000000|0.0000000|0.0000000|0.0000000|0.0000000|0.0000000|0.0000000,0,0.5505977869033813,21.55261166823857,0,0,0,0,0,
cross_town,Town02,mixed,20,20,1.0,117.93017578125,187.6062774658203,0.2215421199798584,-179.97372436523438,6.984891830066211e-09,499.49803358058756,1.3983822478535569e-09,1.52587890625e-05,2.663161087212984e-07,0.002426296100030136,0.45478368638103045,0.6097429394721985,0.5111376643180847,0.4933233857154846,0.0,0.334756463766098,0.4933233857154846,0.7713721990585327,0.3100975453853607,0.4939213693141937,1.0049351453781128,0.5404907|0.2131248|0.2101984|0.0361860|0.0000000|0.0000000|0.0000000|0.0000000|0.0000000|0.0000000,0,0.5404907464981079,19.310560981318105,0,0,0,0,0,
cross_town,Town02,mixed,20,21,1.05,117.93017578125,187.6062774658203,0.2215740978717804,-179.97372436523438,6.984891830066211e-09,499.49803358058756,1.3983822478535569e-09,1.52587890625e-05,2.663161087212984e-07,0.0021806143458177507,0.4260825989988048,0.4995105266571045,0.3984643816947937,0.3162298798561096,0.0,0.25475645065307617,0.41332337260246277,0.9817412495613098,0.303876131772995,1.192294716835022,0.9417669773101807,0.6908576|0.2671345|0.0420079|0.0000000|0.0000000|0.0000000|0.0000000|0.0000000|0.0000000|0.0000000,0,0.6908575892448425,17.516519453452762,0,0,0,0,0,
cross_town,Town02,mixed,20,22,1.1,117.93017578125,187.6062774658203,0.22160114347934723,-179.97372436523438,6.984891830066211e-09,499.49803358058756,1.3983822478535569e-09,1.52587890625e-05,2.663161087212984e-07,0.001782016712379092,0.4508506726097315,0.3094964623451233,0.6665804982185364,0.3581341803073883,0.0,0.334756463766098,0.3581341803073883,0.7728244066238403,0.302100270986557,0.5039818286895752,1.1650245189666748,0.7187594|0.2420302|0.0392105|0.0000000|0.0000000|0.0000000|0.0000000|0.0000000|0.0000000|0.0000000,0,0.7187593579292297,15.896215828461848,0,0,0,0,0,
cross_town,Town02,mixed,20,23,1.15,117.93017578125,187.6062774658203,0.221622496843338,-179.97372436523438,6.984891830066211e-09,499.49803358058756,1.3983822478535569e-09,1.52587890625e-05,2.663161087212984e-07,0.001375797204768061,0.42411591381604996,0.673642635345459,0.48810216784477234,0.6363399028778076,0.0,0.25475645065307617,0.43813419342041016,0.9982757568359375,0.30880269408226013,1.7815158367156982,0.9064476490020752,0.5529707|0.2114988|0.2046338|0.0308967|0.0000000|0.0000000|0.0000000|0.0000000|0.0000000|0.0000000,0,0.5529707074165344,14.426000810662378,0,0,0,0,0,
cross_town,Town02,mixed,20,24,1.2,117.93017578125,187.6062774658203,0.22163860499858856,-179.97372436523438,6.984891830066211e-09,499.49803358058756,1.3983822478535569e-09,1.52587890625e-05,2.663161087212984e-07,0.0010286979915099376,0.4360359099570418,0.3990618884563446,0.7103673815727234,0.49986425042152405,0.0,0.334756463766098,0.49986425042152405,0.9083251357078552,0.3086647093296051,0.7646738290786743,1.0417845249176025,0.5550930|0.2212547|0.1905648|0.0330875|0.0000000|0.0000000|0.0000000|0.0000000|0.0000000|0.0000000,0,0.555092990398407,13.11501114102126,0,0,0,0,0,
cross_town,Town02,mixed,20,25,1.25,117.93017578125,187.6062774658203,0.22165042161941528,-179.97372436523438,6.984891830066211e-09,499.49803358058756,1.3983822478535569e-09,1.52587890625e-05,2.663161087212984e-07,0.0007472076564086809,0.42355938009680705,0.5886105298995972,0.894419252872467,0.25544118881225586,0.0,0.4147564768791199,0.4198642373085022,1.0,0.3411954641342163,4.601129531860352,0.5112684369087219,0.8709564|0.1290436|0.0000000|0.0000000|0.0000000|0.0000000|0.0000000|0.0000000|0.0000000|0.0000000,0,0.8709564208984375,11.928497334988785,0,0,0,0,0,
cross_town,Town02,mixed,20,26,1.3,117.93017578125,187.6062774658203,0.22165900468826294,-179.97372436523438,6.984891830066211e-09,499.49803358058756,1.3983822478535569e-09,1.52587890625e-05,2.663161087212984e-07,0.0005324249330625737,0.4234277129768398,0.39056116342544556,0.04476684331893921,0.5595884323120117,0.0,0.334756463766098,0.49986425042152405,0.9990869760513306,0.2906818985939026,1.9587751626968384,-0.19314616918563843,0.9522608|0.0477392|0.0000000|0.0000000|0.0000000|0.0000000|0.0000000|0.0000000|0.0000000|0.0000000,0,0.9522607922554016,10.90168890473178,0,0,0,0,0,
cross_town,Town02,mixed,20,27,1.35,117.93017578125,187.6062774658203,0.2216615229845047,-179.97372436523438,6.984891830066211e-09,499.49803358058756,1.3983822478535569e-09,1.52587890625e-05,2.663161087212984e-07,0.00016355896038211263,0.42317456328038305,0.4736992418766022,0.4204240143299103,0.2978167235851288,0.0,0.25475645065307617,0.4198642373085022,0.999177873134613,0.3044125437736511,1.971289873123169,1.0206120014190674,0.5850762|0.2174910|0.1974329|0.0000000|0.0000000|0.0000000|0.0000000|0.0000000|0.0000000|0.0000000,0,0.5850761532783508,10.080648388128779,0,0,0,0,0,
cross_town,Town02,mixed,20,28,1.4,117.93017578125,187.6062774658203,0.22166435420513153,-179.97372436523438,6.984891830066211e-09,499.49803358058756,1.3983822478535569e-09,1.52587890625e-05,2.663161087212984e-07,0.00021993254847847495,0.42309796893649765,0.5466369390487671,0.8521530628204346,0.34080588817596436,0.0,0.334756463766098,0.34080588817596436,0.9990973472595215,0.3324717879295349,1.9198240041732788,1.06016206741333,0.5192144|0.4807856|0.0000000|0.0000000|0.0000000|0.0000000|0.0000000|0.0000000|0.0000000|0.0000000,0,0.519214391708374,9.405134073467684,0,0,0,0,0,
cross_town,Town02,mixed,20,29,1.45,117.93017578125,187.6062774658203,0.2216673642396927,-179.97372436523438,6.984891830066211e-09,499.49803358058756,1.3983822478535569e-09,1.52587890625e-05,2.663161087212984e-07,0.00021207046667585065,0.42260489725629324,0.7326258420944214,0.4713411033153534,0.5892757177352905,0.0,0.25475645065307617,0.4208059012889862,0.9993835687637329,0.3059566020965576,2.0418083667755127,0.6075436472892761,0.5820414|0.2016074|0.1865959|0.0297553|0.0000000|0.0000000|0.0000000|0.0000000|0.0000000|0.0000000,0,0.5820413827896118,8.824444500527461,0,0,0,0,0,
cross_town,Town02,mixed,20,30,1.5,117.93017578125,187.6062774658203,0.22167007625102997,-179.97372436523438,6.984891830066211e-09,499.49803358058756,1.3983822478535569e-09,1.52587890625e-05,2.663161087212984e-07,0.0001807594358955023,0.4361615704771529,0.2653232216835022,0.398303747177124,0.47574901580810547,0.0,0.334756463766098,0.47574901580810547,0.9013381600379944,0.2955928444862366,0.7574527859687805,0.2960752844810486,0.7526572|0.2473428|0.0000000|0.0000000|0.0000000|0.0000000|0.0000000|0.0000000|0.0000000|0.0000000,0,0.7526571750640869,8.312926759860607,0,0,0,0,0,
cross_town,Town02,mixed,20,31,1.55,117.93017578125,187.6062774658203,0.22167223691940308,-179.97372436523438,6.984891830066211e-09,499.49803358058756,1.3983822478535569e-09,1.52587890625e-05,2.663161087212984e-07,0.00014316559587233536,0.4219641710586959,0.42740875482559204,0.31919801235198975,0.29645639657974243,0.0,0.25475645065307617,0.3957490026950836,0.9994710087776184,0.3023315668106079,2.0836453437805176,0.6625901460647583,0.5982129|0.2182722|0.1835149|0.0000000|0.0000000|0.0000000|0.0000000|0.0000000|0.0000000|0.0000000,0,0.5982128977775574,7.855443442014748,0,0,0,0,0,
cross_town,Town02,mixed,20,32,1.6,117.93017578125,187.6062774658203,0.22167392075061798,-179.97372436523438,6.984891830066211e-09,499.49803358058756,1.3983822478535569e-09,1.52587890625e-05,2.663161087212984e-07,0.0001106872556986473,0.4276411261724122,0.3457527458667755,0.5330449342727661,0.35550856590270996,0.0,0.334756463766098,0.35550856590270996,0.9965845346450806,0.3022759258747101,1.6167322397232056,0.6073722839355469,0.5918776|0.2102025|0.1979200|0.0000000|0.0000000|0.0000000|0.0000000|0.0000000|0.0000000|0.0000000,0,0.5918775796890259,7.441992634958245,0,0,0,0,0,
cross_town,Town02,mixed,20,33,1.65,117.93017578125,187.6062774658203,0.22167518734931946,-179.97372436523438,6.984891830066211e-09,499.49803358058756,1.3983822478535569e-09,1.52587890625e-05,2.663161087212984e-07,7.872400798809556e-05,0.421540882070956,0.4596918821334839,0.31747549772262573,0.47153887152671814,0.0,0.25475645065307617,0.4355085790157318,0.9965099692344666,0.2965083122253418,1.6170755624771118,0.05015993118286133,0.7190561|0.2473997|0.0335442|0.0000000|0.0000000|0.0000000|0.0000000|0.0000000|0.0000000|0.0000000,0,0.7190561294555664,7.092497190101933,0,0,0,0,0,
cross_town,Town02,mixed,20,34,1.7,117.93017578125,187.6062774658203,0.22167518734931946,-179.97372436523438,6.984891830066211e-09,499.49803358058756,1.3983822478535569e-09,1.52587890625e-05,2.663161087212984e-07,5.561828287342711e-05,0.4246051152609565,0.5091404318809509,0.8414788246154785,0.37750816345214844,0.0,0.334756463766098,0.37750816345214844,0.998508632183075,0.33761465549468994,1.7890236377716064,1.350504755973816,0.4939127|0.4437822|0.0623052|0.0000000|0.0000000|0.0000000|0.0000000|0.0000000|0.0000000|0.0000000,0,0.4939126670360565,7.141728457743642,0,0,0,0,0,
cross_town,Town02,mixed,20,35,1.75,117.93017578125,187.6062774658203,0.2216765135526657,-179.97372436523438,6.984891830066211e-09,499.49803358058756,1.3983822478535569e-09,1.52587890625e-05,2.663161087212984e-07,9.065343445772888e-06,0.4223204268883791,0.24822649359703064,0.03623285889625549,0.553876519203186,0.0,0.25475645065307617,0.4575081765651703,0.9810993075370789,0.2829957902431488,1.2043721675872803,-0.569130539894104,0.9622311|0.0377689|0.0000000|0.0000000|0.0000000|0.0000000|0.0000000|0.0000000|0.0000000|0.0000000,0,0.9622310996055603,7.124931977608231,0,0,0,0,0,
cross_town,Town02,mixed,20,36,1.8,117.93017578125,187.6062774658203,0.2216765135526657,-179.97372436523438,6.984891830066211e-09,499.49803358058756,1.3983822478535569e-09,1.52587890625e-05,2.663161087212984e-07,2.2316017460364068e-05,0.4276435067772285,0.2239263653755188,0.28293007612228394,0.4703848958015442,0.0,0.28293007612228394,0.4703848958015442,0.9988344311714172,0.2947266101837158,1.8936235904693604,0.09496426582336426,0.7512397|0.2168210|0.0319394|0.0000000|0.0000000|0.0000000|0.0000000|0.0000000|0.0000000|0.0000000,0,0.7512396574020386,7.208079403151748,0,0,0,0,0,
cross_town,Town02,mixed,20,37,1.85,117.93017578125,187.6062774658203,0.2216765135526657,-179.97372436523438,6.984891830066211e-09,499.49803358058756,1.3983822478535569e-09,1.52587890625e-05,2.663161087212984e-07,2.1766701985688208e-05,0.42727684157255835,0.20123708248138428,0.1786646842956543,0.4608684480190277,0.0,0.20293007791042328,0.4608684480190277,0.9995643496513367,0.29005172848701477,2.144502878189087,0.16081100702285767,0.7848149|0.2151851|0.0000000|0.0000000|0.0000000|0.0000000|0.0000000|0.0000000|0.0000000|0.0000000,0,0.7848148941993713,7.281872118110122,0,0,0,0,0,
cross_town,Town02,mixed,20,38,1.9,117.93017578125,187.6062774658203,0.2216765135526657,-179.97372436523438,6.984891830066211e-09,499.49803358058756,1.3983822478535569e-09,1.52587890625e-05,2.663161087212984e-07,1.9363405589759173e-05,0.42693825291154436,0.5218850374221802,0.8125663995742798,0.4673820436000824,0.0,0.28293007612228394,0.4673820436000824,1.0,0.337912917137146,6.142043113708496,1.051539659500122,0.5249909|0.4120455|0.0629635|0.0000000|0.0000000|0.0000000|0.0000000|0.0000000|0.0000000|0.0000000,0,0.5249909162521362,8.271954264079461,0,0,0,0,0,
cross_town,Town02,mixed,20,39,1.95,117.93017578125,187.6062774658203,0.2216765135526657,-179.97372436523438,6.984891830066211e-09,499.49803358058756,1.3983822478535569e-09,1.52587890625e-05,2.663161087212984e-07,1.8745527244305995e-05,0.4197641130166016,0.5448077321052551,0.6199594736099243,0.5432751178741455,0.0,0.3629300892353058,0.5432751178741455,0.9999574422836304,0.3277949392795563,2.688546657562256,1.4336328506469727,1.0000000|0.0000000|0.0000000|0.0000000|0.0000000|0.0000000|0.0000000|0.0000000|0.0000000|0.0000000,0,1.0,9.348964699026494,0,0,0,0,0,
cross_town,Town02,mixed,20,40,2.0,117.93017578125,187.6062774658203,0.22167766094207764,-179.97372436523438,6.984891830066211e-09,499.49803358058756,1.3983822478535569e-09,1.52587890625e-05,2.663161087212984e-07,1.5037578475103695e-05,0.41871316585067736,0.379909485578537,0.3141329288482666,0.18839031457901,0.0,0.28293007612228394,0.46327510476112366,0.9999970197677612,0.29551005363464355,3.388765811920166,0.9890610575675964,0.6413075|0.1993009|0.1593916|0.0000000|0.0000000|0.0000000|0.0000000|0.0000000|0.0000000|0.0000000,0,0.6413074731826782,10.842922406069746,0,0,0,0,0,
cross_town,Town02,mixed,20,41,2.05,117.93017578125,187.6062774658203,0.22167766094207764,-179.97372436523438,6.984891830066211e-09,499.49803358058756,1.3983822478535569e-09,1.52587890625e-05,2.663161087212984e-07,8.205582724847295e-06,0.41847609472856434,0.4849514663219452,0.04401937127113342,0.3823743760585785,0.0,0.20293007791042328,0.3832750916481018,1.0,0.2735266089439392,5.404448986053467,0.10354852676391602,1.0000000|0.0000000|0.0000000|0.0000000|0.0000000|0.0000000|0.0000000|0.0000000|0.0000000|0.0000000,0,1.0,13.041056765200233,0,0,0,0,0,
cross_town,Town02,mixed,20,42,2.1,117.93017578125,187.6062774658203,0.22167766094207764,-179.97372436523438,6.984891830066211e-09,499.49803358058756,1.3983822478535569e-09,1.52587890625e-05,2.663161087212984e-07,7.072449901539001e-06,0.4411131938903193,0.5395426750183105,0.9027245044708252,0.3851722776889801,0.0,0.28293007612228394,0.3851722776889801,0.8484621644020081,0.3332242965698242,0.5974231958389282,1.4695360660552979,0.5987965|0.4012036|0.0000000|0.0000000|0.0000000|0.0000000|0.0000000|0.0000000|0.0000000|0.0000000,0,0.5987964868545532,16.48196830833116,0,0,0,0,0,
cross_town,Town02,mixed,20,43,2.15,117.93017578125,187.6062774658203,0.22167766094207764,-179.97372436523438,6.984891830066211e-09,499.49803358058756,1.3983822478535569e-09,1.52587890625e-05,2.663161087212984e-07,3.4357045743356693e-06,0.42887963681973795,0.5090391635894775,0.6602156162261963,0.44257888197898865,0.0,0.3629300892353058,0.44257888197898865,0.929972767829895,0.2941940426826477,0.8523737192153931,1.1708157062530518,0.6449967|0.2097942|0.1452091|0.0000000|0.0000000|0.0000000|0.0000000|0.0000000|0.0000000|0.0000000,0,0.644996702671051,18.985228356407163,0,0,0,0,0,
cross_town,Town02,mixed,20,44,2.2,117.93017578125,187.6062774658203,0.22167766094207764,-179.97372436523438,6.984891830066211e-09,499.49803358058756,1.3983822478535569e-09,1.52587890625e-05,2.663161087212984e-07,2.0599398582453854e-06,0.47514797919047,0.4083147346973419,0.5269032120704651,0.5023034811019897,0.0,0.44293010234832764,0.5023034811019897,0.46369120478630066,0.29412972927093506,0.1694975048303604,1.8632431030273438,0.6413199|0.2188251|0.1398550|0.0000000|0.0000000|0.0000000|0.0000000|0.0000000|0.0000000|0.0000000,0,0.6413199305534363,18.399150769162112,0,0,0,0,0,
cross_town,Town02,mixed,20,45,2.25,117.93017578125,187.6062774658203,0.22167766094207764,-179.97372436523438,6.984891830066211e-09,499.49803358058756,1.3983822478535569e-09,1.52587890625e-05,2.663161087212984e-07,4.6348618533178126e-06,0.4190590433770388,0.411112517118454,0.3954249918460846,0.2447144240140915,0.0,0.3629300892353058,0.4223034679889679,0.9905941486358643,0.2845470607280731,1.3796958923339844,1.3745588064193726,0.8325155|0.1674845|0.0000000|0.0000000|0.0000000|0.0000000|0.0000000|0.0000000|0.0000000|0.0000000,0,0.8325154781341553,17.840438787879897,0,0,0,0,0,
cross_town,Town02,mixed,20,46,2.3,117.93017578125,187.6062774658203,0.22167766094207764,-179.97372436523438,6.984891830066211e-09,499.49803358058756,1.3983822478535569e-09,1.52587890625e-05,2.663161087212984e-07,5.735779139007142e-06,0.4725695926963201,0.34502992033958435,0.5730011463165283,0.5480797290802002,0.0,0.44293010234832764,0.5023034811019897,0.4554815888404846,0.29328858852386475,0.16207477450370789,1.9551018476486206,0.6549227|0.2104064|0.1346709|0.0000000|0.0000000|0.0000000|0.0000000|0.0000000|0.0000000|0.0000000,0,0.6549227237701416,17.307440804257165,0,0,0,0,0,
cross_town,Town02,mixed,20,47,2.35,117.93017578125,187.6062774658203,0.22167766094207764,-179.97372436523438,6.984891830066211e-09,499.49803358058756,1.3983822478535569e-09,1.52587890625e-05,2.663161087212984e-07,6.72912772195799e-06,0.4191045292240403,0.2985226511955261,0.5555446147918701,0.3085800111293793,0.0,0.5229300856590271,0.4223034679889679,0.9901190996170044,0.28490397334098816,1.366902470588684,1.5637918710708618,0.8317099|0.1682901|0.0000000|0.0000000|0.0000000|0.0000000|0.0000000|0.0000000|0.0000000|0.0000000,0,0.8317099213600159,17.2828684034345,0,0,0,0,0,
cross_town,Town02,mixed,20,48,2.4,117.93017578125,187.6062774658203,0.22167766094207764,-179.97372436523438,6.984891830066211e-09,499.49803358058756,1.3983822478535569e-09,1.52587890625e-05,2.663161087212984e-07,5.561829457362471e-06,0.42387738154523474,0.4906831383705139,0.25736817717552185,0.2692399322986603,0.0,0.44293007254600525,0.34230345487594604,0.942376971244812,0.2845153510570526,0.914105236530304,1.464969515800476,0.8388192|0.1611808|0.0000000|0.0000000|0.0000000|0.0000000|0.0000000|0.0000000|0.0000000|0.0000000,0,0.8388192057609558,17.273597249660487,0,0,0,0,0,
cross_town,Town02,mixed,20,49,2.45,117.93017578125,187.6062774658203,0.22167766094207764,-179.97372436523438,6.984891830066211e-09,499.49803358058756,1.3983822478535569e-09,1.52587890625e-05,2.663161087212984e-07,6.900788632168409e-06,0.48496878358448603,0.5224349498748779,0.2015916109085083,0.22548475861549377,0.0,0.3629300594329834,0.2623034417629242,0.33144891262054443,0.2847951352596283,0.039795078337192535,1.3893671035766602,0.8371322|0.1628678|0.0000000|0.0000000|0.0000000|0.0000000|0.0000000|0.0000000|0.0000000|0.0000000,0,0.8371322154998779,16.19314407340978,0,0,0,0,0,
cross_town,Town02,mixed,20,50,2.5,117.93017578125,187.6062774658203,0.22167766094207764,-179.97372436523438,6.984891830066211e-09,499.49803358058756,1.3983822478535569e-09,1.52587890625e-05,2.663161087212984e-07,4.9781871180326575e-06,0.4563620892197538,0.25862136483192444,0.3523944020271301,0.18824520707130432,0.0,0.3523944020271301,0.18824520707130432,0.6284885406494141,0.27224358916282654,0.3591909110546112,1.6767665147781372,1.0000000|0.0000000|0.0000000|0.0000000|0.0000000|0.0000000|0.0000000|0.0000000|0.0000000|0.0000000,0,1.0,15.393141233407205,0,0,0,0,0,
cross_town,Town02,mixed,20,51,2.55,117.93017578125,187.6062774658203,0.22167766094207764,-179.97372436523438,6.984891830066211e-09,499.49803358058756,1.3983822478535569e-09,1.52587890625e-05,2.663161087212984e-07,5.664832753323079e-06,0.4181114439872286,0.17594420909881592,0.9308923482894897,0.34970399737358093,0.0,0.432394415140152,0.26824522018432617,1.0,0.35126054286956787,14.457237243652344,-1.5116263628005981,1.0000000|0.0000000|0.0000000|0.0000000|0.0000000|0.0000000|0.0000000|0.0000000|0.0000000|0.0000000,0,1.0,14.865431285058053,0,0,0,0,0,
cross_town,Town02,mixed,20,52,2.6,117.93017578125,187.6062774658203,0.22167766094207764,-179.97372436523438,6.984891830066211e-09,499.49803358058756,1.3983822478535569e-09,1.52587890625e-05,2.663161087212984e-07,2.7467416983170736e-07,0.45097615320195933,0.45658808946609497,0.22406548261642456,0.4895612895488739,0.0,0.3523944020271301,0.348245233297348,0.6713446378707886,0.28599095344543457,0.39257732033729553,1.6902395486831665,0.7209581|0.2790419|0.0000000|0.0000000|0.0000000|0.0000000|0.0000000|0.0000000|0.0000000|0.0000000,0,0.7209580540657043,14.426180003379395,0,0,0,0,0,
cross_town,Town02,mixed,20,53,2.65,117.93017578125,187.6062774658203,0.22167766094207764,-179.97372436523438,6.984891830066211e-09,499.49803358058756,1.3983822478535569e-09,1.52587890625e-05,2.663161087212984e-07,9.61320389967031e-07,0.46998785429827766,0.3760216236114502,0.5652130246162415,0.6363463997840881,0.0,0.432394415140152,0.4282452464103699,0.4812201261520386,0.2928391098976135,0.18837220966815948,2.068450927734375,0.6470891|0.2474565|0.1054544|0.0000000|0.0000000|0.0000000|0.0000000|0.0000000|0.0000000|0.0000000,0,0.6470891237258911,14.042777416366775,0,0,0,0,0,
cross_town,Town02,mixed,20,54,2.7,117.93017578125,187.6062774658203,0.22167766094207764,-179.97372436523438,6.984891830066211e-09,499.49803358058756,1.3983822478535569e-09,1.52587890625e-05,2.663161087212984e-07,1.6479607933726383e-06,0.4251304502950191,0.3094784617424011,0.5359945297241211,0.40469837188720703,0.0,0.5123944282531738,0.40469837188720703,0.9999351501464844,0.3305826187133789,2.5803046226501465,0.8365353941917419,0.6991457|0.3008542|0.0000000|0.0000000|0.0000000|0.0000000|0.0000000|0.0000000|0.0000000|0.0000000,0,0.6991457343101501,13.649174152885662,0,0,0,0,0,
cross_town,Town02,mixed,20,55,2.75,117.93017578125,187.6062774658203,0.22167766094207764,-179.97372436523438,6.984891830066211e-09,499.49803358058756,1.3983822478535569e-09,1.52587890625e-05,2.663161087212984e-07,2.3345993785111858e-06,0.4671528000713746,0.3553619980812073,0.3010120987892151,0.41146594285964966,0.0,0.432394415140152,0.41146594285964966,0.5858108997344971,0.28523218631744385,0.3014364540576935,1.7443455457687378,0.7262014|0.2737986|0.0000000|0.0000000|0.0000000|0.0000000|0.0000000|0.0000000|0.0000000|0.0000000,0,0.7262014150619507,13.27657699087882,0,0,0,0,0,
cross_town,Town02,mixed,20,56,2.8,117.93017578125,187.6062774658203,0.22167766094207764,-179.97372436523438,6.984891830066211e-09,499.49803358058756,1.3983822478535569e-09,1.52587890625e-05,2.663161087212984e-07,3.0212415762212586e-06,0.46431545112699707,0.184822678565979,0.484121710062027,0.1371515989303589,0.0,0.484121710062027,0.3314659297466278,0.5379303097724915,0.27223339676856995,0.26576995849609375,1.6275901794433594,1.0000000|0.0000000|0.0000000|0.0000000|0.0000000|0.0000000|0.0000000|0.0000000|0.0000000|0.0000000,0,1.0,12.919627236212248,0,0,0,0,0,
cross_town,Town02,mixed,20,57,2.85,117.93017578125,187.6062774658203,0.22167766094207764,-179.97372436523438,6.984891830066211e-09,499.49803358058756,1.3983822478535569e-09,1.52587890625e-05,2.663161087212984e-07,3.707885849032174e-06,0.4809824984497939,0.6387435793876648,0.25115734338760376,0.5284226536750793,0.0,0.4041216969490051,0.41146594285964966,0.3712564706802368,0.2922213077545166,0.0760711058974266,1.4841415882110596,0.6439759|0.2660174|0.0900067|0.0000000|0.0000000|0.0000000|0.0000000|0.0000000|0.0000000|0.0000000,0,0.6439758539199829,12.754549376254106,0,0,0,0,0,
cross_town,Town02,mixed,20,58,2.9,117.93017578125,187.6062774658203,0.22167766094207764,-179.97372436523438,6.984891830066211e-09,499.49803358058756,1.3983822478535569e-09,1.52587890625e-05,2.663161087212984e-07,4.394531159707194e-06,0.4648941851259348,0.35033127665519714,0.5330467820167542,0.5480979084968567,0.0,0.484121710062027,0.4914659559726715,0.5321376323699951,0.2916528582572937,0.2405291497707367,1.9947514533996582,0.6538424|0.2572860|0.0888716|0.0000000|0.0000000|0.0000000|0.0000000|0.0000000|0.0000000|0.0000000,0,0.6538423895835876,12.737618171347723,0,0,0,0,0,
cross_town,Town02,mixed,20,59,2.95,117.93017578125,187.6062774658203,0.22167766094207764,-179.97372436523438,6.984891830066211e-09,499.49803358058756,1.3983822478535569e-09,1.52587890625e-05,2.663161087212984e-07,5.0811770419912104e-06,0.43315222796147035,0.4293345808982849,0.4548785090446472,0.47244423627853394,0.0,0.4548785090446472,0.47244423627853394,0.9220141172409058,0.2921527624130249,0.8253553509712219,1.8954505920410156,0.6465203|0.2590916|0.0943882|0.0000000|0.0000000|0.0000000|0.0000000|0.0000000|0.0000000|0.0000000,0,0.6465202569961548,12.422145303122836,0,0,0,0,0,
cross_town,Town02,mixed,20,60,3.0,117.93017578125,187.6062774658203,0.22167766094207764,-179.97372436523438,6.984891830066211e-09,499.49803358058756,1.3983822478535569e-09,1.52587890625e-05,2.663161087212984e-07,0.0,0.46554551443615794,0.41818851232528687,0.47339415550231934,0.470686137676239,0.0,0.47339415550231934,0.470686137676239,0.6023843884468079,0.29224061965942383,0.3116118609905243,1.9854456186294556,0.6389803|0.2707874|0.0902323|0.0000000|0.0000000|0.0000000|0.0000000|0.0000000|0.0000000|0.0000000,0,0.6389802694320679,11.81705372607528,0,0,0,0,0,
cross_town,Town02,mixed,20,61,3.05,117.93017578125,187.6062774658203,0.22167766094207764,-179.97372436523438,6.984891830066211e-09,499.49803358058756,1.3983822478535569e-09,1.52587890625e-05,2.663161087212984e-07,6.866473759026234e-07,0.4227659380552306,0.3730859160423279,0.5290611386299133,0.42040902376174927,0.0,0.5290611386299133,0.42040902376174927,0.9998821020126343,0.3272664546966553,2.4341108798980713,0.8130884170532227,0.7537990|0.2462010|0.0000000|0.0000000|0.0000000|0.0000000|0.0000000|0.0000000|0.0000000|0.0000000,0,0.7537989616394043,11.413601963419758,0,0,0,0,0,
cross_town,Town02,mixed,20,62,3.1,117.93017578125,187.6062774658203,0.22167766094207764,-179.97372436523438,6.984891830066211e-09,499.49803358058756,1.3983822478535569e-09,1.52587890625e-05,2.663161087212984e-07,1.3732939960354999e-06,0.47927750499498417,0.4032214283943176,0.31759917736053467,0.353267103433609,0.0,0.4490611255168915,0.353267103433609,0.41100195050239563,0.28519803285598755,0.12484574317932129,1.6291512250900269,0.6969400|0.3030600|0.0000000|0.0000000|0.0000000|0.0000000|0.0000000|0.0000000|0.0000000|0.0000000,0,0.696940004825592,11.088619215924064,0,0,0,0,0,
cross_town,Town02,mixed,20,63,3.15,117.93017578125,187.6062774658203,0.22167766094207764,-179.97372436523438,6.984891830066211e-09,499.49803358058756,1.3983822478535569e-09,1.52587890625e-05,2.663161087212984e-07,2.0599417960927335e-06,0.4181072222728708,0.3507785201072693,0.45403820276260376,0.46980029344558716,0.0,0.45403820276260376,0.43326711654663086,1.0,0.32574474811553955,8.028958320617676,0.737217366695404,0.7739424|0.2260576|0.0000000|0.0000000|0.0000000|0.0000000|0.0000000|0.0000000|0.0000000|0.0000000,0,0.7739424109458923,10.796270335814864,0,0,0,0,0,
cross_town,Town02,mixed,20,64,3.2,117.93017578125,187.6062774658203,0.22167766094207764,-179.97372436523438,6.984891830066211e-09,499.49803358058756,1.3983822478535569e-09,1.52587890625e-05,2.663161087212984e-07,2.7465863217970507e-06,0.45324624548876935,0.3461204767227173,0.4712609052658081,0.5229182243347168,0.0,0.4712609052658081,0.5132670998573303,0.6486088633537292,0.2904064655303955,0.36282601952552795,2.0510964393615723,0.6491586|0.2808547|0.0699867|0.0000000|0.0000000|0.0000000|0.0000000|0.0000000|0.0000000|0.0000000,0,0.6491585969924927,10.52061548235012,0,0,0,0,0,
cross_town,Town02,mixed,20,65,3.25,117.93017578125,187.6062774658203,0.22167766094207764,-179.97372436523438,6.984891830066211e-09,499.49803358058756,1.3983822478535569e-09,1.52587890625e-05,2.663161087212984e-07,3.4332282552290052e-06,0.42578508563309186,0.4847034513950348,0.39741021394729614,0.5174684524536133,0.0,0.39126089215278625,0.5174684524536133,0.999808132648468,0.3235374093055725,2.316030979156494,1.0289418697357178,0.8028329|0.1971671|0.0000000|0.0000000|0.0000000|0.0000000|0.0000000|0.0000000|0.0000000|0.0000000,0,0.8028329014778137,10.25582339239682,0,0,0,0,0,
cross_town,Town02,mixed,20,66,3.3,117.93017578125,187.6062774658203,0.22167766094207764,-179.97372436523438,6.984891830066211e-09,499.49803358058756,1.3983822478535569e-09,1.52587890625e-05,2.663161087212984e-07,4.119873658408511e-06,0.43886503292748635,0.2597728371620178,0.6195257902145386,0.2987028956413269,0.0,0.4712609052658081,0.43746843934059143,0.792419970035553,0.2852170169353485,0.5496766567230225,1.863133192062378,0.6731306|0.3268693|0.0000000|0.0000000|0.0000000|0.0000000|0.0000000|0.0000000|0.0000000|0.0000000,0,0.6731306314468384,10.000261414046294,0,0,0,0,0,
cross_town,Town02,mixed,20,67,3.35,117.93017578125,187.6062774658203,0.22167766094207764,-179.97372436523438,6.984891830066211e-09,499.49803358058756,1.3983822478535569e-09,1.52587890625e-05,2.663161087212984e-07,4.806521105546462e-06,0.4524105816423997,0.31183362007141113,0.3588767647743225,0.23674459755420685,0.0,0.39126089215278625,0.3574684262275696,0.6569642424583435,0.2819794714450836,0.38046926259994507,1.6091606616973877,0.9000742|0.0999257|0.0000000|0.0000000|0.0000000|0.0000000|0.0000000|0.0000000|0.0000000|0.0000000,0,0.9000742435455322,9.78422260488281,0,0,0,0,0,
cross_town,Town02,mixed,20,68,3.4,117.93017578125,187.6062774658203,0.22167766094207764,-179.97372436523438,6.984891830066211e-09,499.49803358058756,1.3983822478535569e-09,1.52587890625e-05,2.663161087212984e-07,5.493167043051971e-06,0.4666633692698779,0.3659634292125702,0.49182772636413574,0.5986674427986145,0.0,0.4712609052658081,0.43746843934059143,0.5144361257553101,0.2902265191078186,0.2242136001586914,2.110290050506592,0.6306679|0.3045595|0.0647726|0.0000000|0.0000000|0.0000000|0.0000000|0.0000000|0.0000000|0.0000000,0,0.6306679248809814,9.761079750517263,0,0,0,0,0,
cross_town,Town02,mixed,20,69,3.45,117.93017578125,187.6062774658203,0.22167766094207764,-179.97372436523438,6.984891830066211e-09,499.49803358058756,1.3983822478535569e-09,1.52587890625e-05,2.663161087212984e-07,4.119883270897621e-07,0.4277913833949884,0.26138222217559814,0.42373883724212646,0.23076488077640533,0.0,0.42373883724212646,0.3574684262275696,0.9031557440757751,0.28143465518951416,0.7767630815505981,1.6600708961486816,0.9076907|0.0923093|0.0000000|0.0000000|0.0000000|0.0000000|0.0000000|0.0000000|0.0000000|0.0000000,0,0.907690703868866,9.736086800515748,0,0,0,0,0,
cross_town,Town02,mixed,20,70,3.5,117.93017578125,187.6062774658203,0.22167766094207764,-179.97372436523438,6.984891830066211e-09,499.49803358058756,1.3983822478535569e-09,1.52587890625e-05,2.663161087212984e-07,1.0986356933839153e-06,0.46117889496157904,0.413023978471756,0.4114907383918762,0.583834171295166,0.0,0.3437388241291046,0.43746843934059143,0.5692801475524902,0.2895267605781555,0.2802020013332367,1.9848606586456299,0.6298847|0.3109143|0.0592009|0.0000000|0.0000000|0.0000000|0.0000000|0.0000000|0.0000000|0.0000000,0,0.6298847198486328,9.306261316306673,0,0,0,0,0,
cross_town,Town02,mixed,20,71,3.55,117.93017578125,187.6062774658203,0.22167766094207764,-179.97372436523438,6.984891830066211e-09,499.49803358058756,1.3983822478535569e-09,1.52587890625e-05,2.663161087212984e-07,1.785279525568568e-06,0.41810690489906,0.4188474714756012,0.9068489074707031,0.298602819442749,0.0,0.42373883724212646,0.3574684262275696,1.0,0.37386149168014526,7.723161220550537,-0.43702566623687744,1.0000000|0.0000000|0.0000000|0.0000000|0.0000000|0.0000000|0.0000000|0.0000000|0.0000000|0.0000000,0,1.0,8.990070411859252,0,0,0,0,0,
cross_town,Town02,mixed,20,72,3.6,117.93017578125,187.6062774658203,0.22167766094207764,-179.97372436523438,6.984891830066211e-09,499.49803358058756,1.3983822478535569e-09,1.52587890625e-05,2.663161087212984e-07,2.471927161322897e-06,0.4614857646574372,0.398159384727478,0.41539281606674194,0.587672233581543,0.0,0.41539281606674194,0.43746843934059143,0.5662114024162292,0.28894609212875366,0.2776564657688141,1.9922387599945068,0.6308519|0.3117402|0.0574080|0.0000000|0.0000000|0.0000000|0.0000000|0.0000000|0.0000000|0.0000000,0,0.6308518648147583,8.738017747384985,0,0,0,0,0,
cross_town,Town02,mixed,20,73,3.65,117.93017578125,187.6062774658203,0.22167766094207764,-179.97372436523438,6.984891830066211e-09,499.49803358058756,1.3983822478535569e-09,1.52587890625e-05,2.663161087212984e-07,3.1585694426023404e-06,0.44047663567217704,0.35147932171821594,0.500613808631897,0.4917452037334442,0.0,0.4953928291797638,0.4917452037334442,0.817750871181488,0.2888087332248688,0.5864871740341187,2.178194046020508,0.6188331|0.3282627|0.0529042|0.0000000|0.0000000|0.0000000|0.0000000|0.0000000|0.0000000|0.0000000,0,0.618833065032959,8.517449166266992,0,0,0,0,0,
cross_town,Town02,mixed,20,74,3.7,117.93017578125,187.6062774658203,0.22167766094207764,-179.97372436523438,6.984891830066211e-09,499.49803358058756,1.3983822478535569e-09,1.52587890625e-05,2.663161087212984e-07,3.84521488504139e-06,0.46672677702965143,0.4779682457447052,0.41610658168792725,0.41154181957244873,0.0,0.41539281606674194,0.41174519062042236,0.5138010382652283,0.28807494044303894,0.2257295846939087,1.8305341005325317,0.6277360|0.3218884|0.0503756|0.0000000|0.0000000|0.0000000|0.0000000|0.0000000|0.0000000|0.0000000,0,0.6277360320091248,8.319154283270478,0,0,0,0,0,
cross_town,Town02,mixed,20,75,3.75,117.93017578125,187.6062774658203,0.22167766094207764,-179.97372436523438,6.984891830066211e-09,499.49803358058756,1.3983822478535569e-09,1.52587890625e-05,2.663161087212984e-07,4.531860436944139e-06,0.4638813645368994,0.24490311741828918,0.4199707508087158,0.20004086196422577,0.0,0.4199707508087158,0.3317451775074005,0.542255163192749,0.2808876037597656,0.2614685893058777,1.5469974279403687,0.9172796|0.0827204|0.0000000|0.0000000|0.0000000|0.0000000|0.0000000|0.0000000|0.0000000|0.0000000,0,0.9172796010971069,8.139335085966978,0,0,0,0,0,
cross_town,Town02,mixed,20,76,3.8,117.93017578125,187.6062774658203,0.22167766094207764,-179.97372436523438,6.984891830066211e-09,499.49803358058756,1.3983822478535569e-09,1.52587890625e-05,2.663161087212984e-07,5.218506145847059e-06,0.4620498564519905,0.5667436122894287,0.359158456325531,0.5397704243659973,0.0,0.33997073769569397,0.41174519062042236,0.5605697631835938,0.28858357667922974,0.2722851037979126,1.6998803615570068,0.6018111|0.3445137|0.0536752|0.0000000|0.0000000|0.0000000|0.0000000|0.0000000|0.0000000|0.0000000,0,0.6018111109733582,7.974817869605805,0,0,0,0,0,
cross_town,Town02,mixed,20,77,3.85,117.93017578125,187.6062774658203,0.22167766094207764,-179.97372436523438,6.984891830066211e-09,499.49803358058756,1.3983822478535569e-09,1.52587890625e-05,2.663161087212984e-07,1.3735219882174743e-07,0.44501310851955644,0.3756088614463806,0.5834196209907532,0.5607339143753052,0.0,0.4199707508087158,0.4917452037334442,0.7309372425079346,0.2884276211261749,0.461418092250824,2.21266770362854,0.5903583|0.3585832|0.0510586|0.0000000|0.0000000|0.0000000|0.0000000|0.0000000|0.0000000|0.0000000,0,0.590358316898346,7.823426621554945,0,0,0,0,0,
cross_town,Town02,mixed,20,78,3.9,117.93017578125,187.6062774658203,0.22167766094207764,-179.97372436523438,6.984891830066211e-09,499.49803358058756,1.3983822478535569e-09,1.52587890625e-05,2.663161087212984e-07,8.239770694896578e-07,0.45874022510433426,0.3641350567340851,0.47716549038887024,0.35773083567619324,0.0,0.47716549038887024,0.41174519062042236,0.5936660766601562,0.28312864899635315,0.31165677309036255,2.0537519454956055,0.6260498|0.3739502|0.0000000|0.0000000|0.0000000|0.0000000|0.0000000|0.0000000|0.0000000|0.0000000,0,0.626049816608429,7.763115133081458,0,0,0,0,0,
cross_town,Town02,mixed,20,79,3.95,117.93017578125,187.6062774658203,0.22167766094207764,-179.97372436523438,6.984891830066211e-09,499.49803358058756,1.3983822478535569e-09,1.52587890625e-05,2.663161087212984e-07,1.5106201636140548e-06,0.45340915587330094,0.34858155250549316,0.3775362968444824,0.5414422750473022,0.0,0.3971654772758484,0.4917452037334442,0.6469767689704895,0.28771325945854187,0.3637309670448303,2.1743366718292236,0.5929759|0.3557635|0.0512607|0.0000000|0.0000000|0.0000000|0.0000000|0.0000000|0.0000000|0.0000000,0,0.5929758548736572,7.73402436848599,0,0,0,0,0,
cross_town,Town02,mixed,20,80,4.0,117.93017578125,187.6062774658203,0.22167766094207764,-179.97372436523438,6.984891830066211e-09,499.49803358058756,1.3983822478535569e-09,1.52587890625e-05,2.663161087212984e-07,2.197265899579685e-06,0.4591955269032994,0.3218322694301605,0.5253698825836182,0.36283203959465027,0.0,0.47716549038887024,0.41174519062042236,0.5891128182411194,0.2824869751930237,0.30758780241012573,2.0157837867736816,0.6227758|0.3772242|0.0000000|0.0000000|0.0000000|0.0000000|0.0000000|0.0000000|0.0000000|0.0000000,0,0.6227757930755615,7.568704712012449,0,0,0,0,0,
cross_town,Town02,mixed,20,81,4.05,117.93017578125,187.6062774658203,0.22167766094207764,-179.97372436523438,6.984891830066211e-09,499.49803358058756,1.3983822478535569e-09,1.52587890625e-05,2.663161087212984e-07,2.883911610284239e-06,0.461300286119608,0.3457205295562744,0.35214418172836304,0.5144795179367065,0.0,0.3971654772758484,0.4917452037334442,0.5680652260780334,0.2865784168243408,0.28191202878952026,2.1810669898986816,0.5968670|0.3563571|0.0467759|0.0000000|0.0000000|0.0000000|0.0000000|0.0000000|0.0000000|0.0000000,0,0.5968669652938843,7.338192616141489,0,0,0,0,0,
cross_town,Town02,mixed,20,82,4.1,117.93017578125,187.6062774658203,0.22167766094207764,-179.97372436523438,6.984891830066211e-09,499.49803358058756,1.3983822478535569e-09,1.52587890625e-05,2.663161087212984e-07,3.5705578248712772e-06,0.4756872531926515,0.34073948860168457,0.6067304015159607,0.44860371947288513,0.0,0.47716549038887024,0.44860371947288513,0.47866132855415344,0.2865338921546936,0.19211445748806,2.2149343490600586,0.5923141|0.3584945|0.0491914|0.0000000|0.0000000|0.0000000|0.0000000|0.0000000|0.0000000|0.0000000,0,0.5923141241073608,7.153933816928288,0,0,0,0,0,
cross_town,Town02,mixed,20,83,4.15,117.93017578125,187.6062774658203,0.22167766094207764,-179.97372436523438,6.984891830066211e-09,499.49803358058756,1.3983822478535569e-09,1.52587890625e-05,2.663161087212984e-07,4.257202257100697e-06,0.4372706318551578,0.20930969715118408,0.4050784111022949,0.17138700187206268,0.0,0.4050784111022949,0.3686037063598633,0.8083617687225342,0.27222907543182373,0.5876210927963257,1.6160776615142822,1.0000000|0.0000000|0.0000000|0.0000000|0.0000000|0.0000000|0.0000000|0.0000000|0.0000000|0.0000000,0,1.0,6.995955127432666,0,0,0,0,0,
cross_town,Town02,mixed,20,84,4.2,117.93017578125,187.6062774658203,0.22167766094207764,-179.97372436523438,6.984891830066211e-09,499.49803358058756,1.3983822478535569e-09,1.52587890625e-05,2.663161087212984e-07,4.943847512819873e-06,0.46923022515120894,0.44245031476020813,0.46856579184532166,0.5691263675689697,0.0,0.46856579184532166,0.44860371947288513,0.4887658357620239,0.285907119512558,0.20285680890083313,1.9800788164138794,0.5947765|0.3540022|0.0512213|0.0000000|0.0000000|0.0000000|0.0000000|0.0000000|0.0000000|0.0000000,0,0.5947765111923218,6.854514531292511,0,0,0,0,0,
cross_town,Town02,mixed,20,85,4.25,117.93017578125,187.6062774658203,0.22167766094207764,-179.97372436523438,6.984891830066211e-09,499.49803358058756,1.3983822478535569e-09,1.52587890625e-05,2.663161087212984e-07,5.630493396078434e-06,0.46091635131250114,0.38198626041412354,0.4650854468345642,0.5269473195075989,0.0,0.4650854468345642,0.5269473195075989,0.5750519633293152,0.2862982153892517,0.28932517766952515,2.1478724479675293,0.5620714|0.3862085|0.0517200|0.0000000|0.0000000|0.0000000|0.0000000|0.0000000|0.0000000|0.0000000,0,0.5620714426040649,6.724195101570364,0,0,0,0,0,
cross_town,Town02,mixed,20,86,4.3,117.93017578125,187.6062774658203,0.22167766094207764,-179.97372436523438,6.984891830066211e-09,499.49803358058756,1.3983822478535569e-09,1.52587890625e-05,2.663161087212984e-07,5.493302481900023e-07,0.44724642283263594,0.33513879776000977,0.5387993454933167,0.408724308013916,0.0,0.5387993454933167,0.446947306394577,0.7086038589477539,0.2852542996406555,0.4368990361690521,1.997924566268921,0.5766351|0.3754205|0.0479445|0.0000000|0.0000000|0.0000000|0.0000000|0.0000000|0.0000000|0.0000000,0,0.5766350626945496,6.604415605161697,0,0,0,0,0,
cross_town,Town02,mixed,20,87,4.35,117.93017578125,187.6062774658203,0.22167766094207764,-179.97372436523438,6.984891830066211e-09,499.49803358058756,1.3983822478535569e-09,1.52587890625e-05,2.663161087212984e-07,1.2359622610315671e-06,0.4704581583196201,0.4297516942024231,0.38708943128585815,0.5381156802177429,0.0,0.4587993323802948,0.5269473195075989,0.4764865040779114,0.28481152653694153,0.1916576325893402,2.045760154724121,0.5626248|0.3930607|0.0443145|0.0000000|0.0000000|0.0000000|0.0000000|0.0000000|0.0000000|0.0000000,0,0.5626247525215149,6.489575394184967,0,0,0,0,0,
cross_town,Town02,mixed,20,88,4.4,117.93017578125,187.6062774658203,0.22167766094207764,-179.97372436523438,6.984891830066211e-09,499.49803358058756,1.3983822478535569e-09,1.52587890625e-05,2.663161087212984e-07,1.922607557035597e-06,0.43504023796859176,0.2258588969707489,0.5269240736961365,0.2695273160934448,0.0,0.5269240736961365,0.446947306394577,0.8306657075881958,0.27222907543182373,0.6253591179847717,1.5322575569152832,1.0000000|0.0000000|0.0000000|0.0000000|0.0000000|0.0000000|0.0000000|0.0000000|0.0000000|0.0000000,0,1.0,6.4202125999017765,0,0,0,0,0,
cross_town,Town02,mixed,20,89,4.45,117.93017578125,187.6062774658203,0.22167766094207764,-179.97372436523438,6.984891830066211e-09,499.49803358058756,1.3983822478535569e-09,1.52587890625e-05,2.663161087212984e-07,2.60925402485857e-06,0.4197249496633092,0.4982401132583618,0.4846050441265106,0.656761884689331,0.0,0.4469240605831146,0.5269473195075989,0.9838185906410217,0.29904961585998535,1.2278454303741455,1.2956757545471191,0.8984194|0.1015805|0.0000000|0.0000000|0.0000000|0.0000000|0.0000000|0.0000000|0.0000000|0.0000000,0,0.8984194397926331,6.342896204037036,0,0,0,0,0,
cross_town,Town02,mixed,20,90,4.5,117.93017578125,187.6062774658203,0.22167766094207764,-179.97372436523438,6.984891830066211e-09,499.49803358058756,1.3983822478535569e-09,1.52587890625e-05,2.663161087212984e-07,3.295899027339518e-06,0.4458140993768253,0.37256622314453125,0.535973846912384,0.4170038402080536,0.0,0.5269240736961365,0.446947306394577,0.7229270935058594,0.2839868366718292,0.4557700753211975,2.0817642211914062,0.5386563|0.4162408|0.0451029|0.0000000|0.0000000|0.0000000|0.0000000|0.0000000|0.0000000|0.0000000,0,0.5386562943458557,6.396788731058405,0,0,0,0,0,
cross_town,Town02,mixed,20,91,4.55,117.93017578125,187.6062774658203,0.22167766094207764,-179.97372436523438,6.984891830066211e-09,499.49803358058756,1.3983822478535569e-09,1.52587890625e-05,2.663161087212984e-07,3.9825464594807594e-06,0.45867408758941086,0.3721405863761902,0.40537530183792114,0.5523738861083984,0.0,0.4469240605831146,0.5269473195075989,0.5943272113800049,0.28321322798728943,0.3122575879096985,2.1245980262756348,0.5591159|0.3957717|0.0451123|0.0000000|0.0000000|0.0000000|0.0000000|0.0000000|0.0000000|0.0000000,0,0.5591159462928772,6.052646697996704,0,0,0,0,0,
cross_town,Town02,mixed,20,92,4.6,117.93017578125,187.6062774658203,0.22167766094207764,-179.97372436523438,6.984891830066211e-09,499.49803358058756,1.3983822478535569e-09,1.52587890625e-05,2.663161087212984e-07,4.669189758350747e-06,0.4181096220666446,0.03622451424598694,0.2261562943458557,-0.09390271455049515,0.0,0.3669240474700928,0.446947306394577,0.999971866607666,0.800000011920929,2.3198132514953613,-0.8722188472747803,1.0000000|0.0000000|0.0000000|0.0000000|0.0000000|0.0000000|0.0000000|0.0000000|0.0000000|0.0000000,0,1.0,5.904150206018591,0,0,0,0,0,
cross_town,Town02,mixed,20,93,4.65,117.93017578125,187.6062774658203,0.22167766094207764,-179.97372436523438,6.984891830066211e-09,499.49803358058756,1.3983822478535569e-09,1.52587890625e-05,2.663161087212984e-07,5.355834773587767e-06,0.45681978709044846,0.3756420612335205,0.5923002362251282,0.5446810722351074,0.0,0.4469240605831146,0.5269473195075989,0.6128702163696289,0.28203994035720825,0.33280831575393677,2.289320468902588,0.5400908|0.4204259|0.0394833|0.0000000|0.0000000|0.0000000|0.0000000|0.0000000|0.0000000|0.0000000,0,0.540090799331665,5.731249878014043,0,0,0,0,0,
cross_town,Town02,mixed,20,94,4.7,117.93017578125,187.6062774658203,0.22167766094207764,-179.97372436523438,6.984891830066211e-09,499.49803358058756,1.3983822478535569e-09,1.52587890625e-05,2.663161087212984e-07,2.7465897852181994e-07,0.4515637481862584,0.37528494000434875,0.5783202648162842,0.4168452024459839,0.0,0.5269240736961365,0.446947306394577,0.6654306054115295,0.28192514181137085,0.38997238874435425,2.1427526473999023,0.5288371|0.4291320|0.0420309|0.0000000|0.0000000|0.0000000|0.0000000|0.0000000|0.0000000|0.0000000,0,0.5288370847702026,5.6202450796152155,0,0,0,0,0,
cross_town,Town02,mixed,20,95,4.75,117.93017578125,187.6062774658203,0.22167766094207764,-179.97372436523438,6.984891830066211e-09,499.49803358058756,1.3983822478535569e-09,1.52587890625e-05,2.663161087212984e-07,9.613066545891595e-07,0.4181327307874242,0.4979580342769623,0.4402511417865753,0.556088387966156,0.0,0.4469240605831146,0.5269473195075989,0.9997407793998718,0.2915164828300476,2.272834300994873,1.2917509078979492,0.9129538|0.0870462|0.0000000|0.0000000|0.0000000|0.0000000|0.0000000|0.0000000|0.0000000|0.0000000,0,0.912953794002533,5.493821084513806,0,0,0,0,0,
cross_town,Town02,mixed,20,96,4.8,117.93017578125,187.6062774658203,0.22167766094207764,-179.97372436523438,6.984891830066211e-09,499.49803358058756,1.3983822478535569e-09,1.52587890625e-05,2.663161087212984e-07,1.6479503305430955e-06,0.43830144650283237,0.16914471983909607,0.5504887700080872,0.20004650950431824,0.0,0.5269240736961365,0.446947306394577,0.7980536222457886,0.27222907543182373,0.5713143348693848,1.6745437383651733,1.0000000|0.0000000|0.0000000|0.0000000|0.0000000|0.0000000|0.0000000|0.0000000|0.0000000|0.0000000,0,1.0,5.3941717301597345,0,0,0,0,0,
cross_town,Town02,mixed,20,97,4.85,117.93017578125,187.6062774658203,0.22167766094207764,-179.97372436523438,6.984891830066211e-09,499.49803358058756,1.3983822478535569e-09,1.52587890625e-05,2.663161087212984e-07,2.334597477168034e-06,0.43430389410796555,0.24411612749099731,0.36092549562454224,0.19905821979045868,0.0,0.4469240605831146,0.3669472932815552,0.838029146194458,0.2805662751197815,0.6303428411483765,1.6795133352279663,0.9221358|0.0778643|0.0000000|0.0000000|0.0000000|0.0000000|0.0000000|0.0000000|0.0000000|0.0000000,0,0.9221357703208923,5.289411627867482,0,0,0,0,0,
cross_town,Town02,mixed,20,98,4.9,117.93017578125,187.6062774658203,0.22167766094207764,-179.97372436523438,6.984891830066211e-09,499.49803358058756,1.3983822478535569e-09,1.52587890625e-05,2.663161087212984e-07,3.021240500016191e-06,0.4390399659329929,0.21841147541999817,0.30085045099258423,0.13083688914775848,0.0,0.3669240474700928,0.2869472801685333,0.7906684279441833,0.28014421463012695,0.5520955920219421,1.725386142730713,0.9260772|0.0739227|0.0000000|0.0000000|0.0000000|0.0000000|0.0000000|0.0000000|0.0000000|0.0000000,0,0.9260772466659546,5.1963270701128454,0,0,0,0,0,
cross_town,Town02,mixed,20,99,4.95,117.93017578125,187.6062774658203,0.22167766094207764,-179.97372436523438,6.984891830066211e-09,499.49803358058756,1.3983822478535569e-09,1.52587890625e-05,2.663161087212984e-07,3.7078854896418056e-06,0.4713892067128697,0.3399614095687866,0.5361905097961426,0.6506766080856323,0.0,0.4469240605831146,0.3669472932815552,0.46717602014541626,0.27915844321250916,0.1879703253507614,1.9869056940078735,0.5058721|0.4549949|0.0391331|0.0000000|0.0000000|0.0000000|0.0000000|0.0000000|0.0000000|0.0000000,0,0.5058720707893372,5.150995305158434,0,0,0,0,0,
cross_town,Town02,mixed,20,100,5.0,117.93017578125,187.6062774658203,0.22167766094207764,-179.97372436523438,6.984891830066211e-09,499.49803358058756,1.3983822478535569e-09,1.52587890625e-05,2.663161087212984e-07,4.394531397573344e-06,0.47999263054671676,0.403369665145874,0.38239723443984985,0.6454784870147705,0.0,0.3669240474700928,0.446947306394577,0.3811417818069458,0.2789519429206848,0.09987187385559082,2.2096755504608154,0.4936652|0.4642488|0.0420859|0.0000000|0.0000000|0.0000000|0.0000000|0.0000000|0.0000000|0.0000000,0,0.4936652183532715,5.129273908806638,0,0,0,0,0,
cross_town,Town02,mixed,20,101,5.05,117.93017578125,187.6062774658203,0.22167766094207764,-179.97372436523438,6.984891830066211e-09,499.49803358058756,1.3983822478535569e-09,1.52587890625e-05,2.663161087212984e-07,5.081177152478446e-06,0.45956065899672893,0.36955586075782776,0.5855297446250916,0.5361820459365845,0.0,0.4469240605831146,0.5269473195075989,0.5854614973068237,0.27840638160705566,0.3079022765159607,2.2353694438934326,0.4872492|0.4705863|0.0421646|0.0000000|0.0000000|0.0000000|0.0000000|0.0000000|0.0000000|0.0000000,0,0.4872491955757141,4.963465216720556,0,0,0,0,0,
cross_town,Town02,mixed,20,102,5.1,117.93017578125,187.6062774658203,0.22167766094207764,-179.97372436523438,6.984891830066211e-09,499.49803358058756,1.3983822478535569e-09,1.52587890625e-05,2.663161087212984e-07,0.0,0.42888159996810343,0.3688223958015442,0.541815996170044,0.4050280749797821,0.0,0.5269240736961365,0.446947306394577,0.8922520875930786,0.27726131677627563,0.7512273192405701,2.153764247894287,0.4927195|0.4703117|0.0369688|0.0000000|0.0000000|0.0000000|0.0000000|0.0000000|0.0000000|0.0000000,0,0.49271947145462036,4.801049243521532,0,0,0,0,0,
cross_town,Town02,mixed,20,103,5.15,117.93017578125,187.6062774658203,0.22167766094207764,-179.97372436523438,6.984891830066211e-09,499.49803358058756,1.3983822478535569e-09,1.52587890625e-05,2.663161087212984e-07,6.866476426696488e-07,0.4179600755042506,0.31553661823272705,0.7983866333961487,0.2938893437385559,0.0,0.6069240570068359,0.3669472932815552,1.0,0.3793025016784668,6.987910270690918,0.8119291663169861,1.0000000|0.0000000|0.0000000|0.0000000|0.0000000|0.0000000|0.0000000|0.0000000|0.0000000|0.0000000,0,1.0,4.664686411604657,0,0,0,0,0,
cross_town,Town02,mixed,20,104,5.2,117.93017578125,187.6062774658203,0.22167766094207764,-179.97372436523438,6.984891830066211e-09,499.49803358058756,1.3983822478535569e-09,1.52587890625e-05,2.663161087212984e-07,1.3732909672912345e-06,0.4179358936282377,0.4783242344856262,0.5252530574798584,0.5310011506080627,0.0,0.5269240736961365,0.446947306394577,0.9938250780105591,0.27986636757850647,1.490400791168213,1.182948350906372,0.9259980|0.0740021|0.0000000|0.0000000|0.0000000|0.0000000|0.0000000|0.0000000|0.0000000|0.0000000,0,0.9259979724884033,4.5490262565208335,0,0,0,0,0,
cross_town,Town02,mixed,20,105,5.25,117.93017578125,187.6062774658203,0.22167766094207764,-179.97372436523438,6.984891830066211e-09,499.49803358058756,1.3983822478535569e-09,1.52587890625e-05,2.663161087212984e-07,2.059936886001469e-06,0.46044679797271937,0.35821884870529175,0.3929251730442047,0.5189512968063354,0.0,0.4469240605831146,0.5189512968063354,0.5766258835792542,0.2754203677177429,0.3018140196800232,2.183202028274536,0.4822129|0.4805960|0.0371911|0.0000000|0.0000000|0.0000000|0.0000000|0.0000000|0.0000000|0.0000000,0,0.48221293091773987,4.444004267107826,0,0,0,0,0,
cross_town,Town02,mixed,20,106,5.3,117.93017578125,187.6062774658203,0.22167766094207764,-179.97372436523438,6.984891830066211e-09,499.49803358058756,1.3983822478535569e-09,1.52587890625e-05,2.663161087212984e-07,2.7465825228408297e-06,0.4159578776604319,0.43098586797714233,0.49504032731056213,0.43568289279937744,0.0,0.49504032731056213,0.4389512836933136,0.9999960660934448,0.26924020051956177,3.3409810066223145,2.010730743408203,1.0000000|0.0000000|0.0000000|0.0000000|0.0000000|0.0000000|0.0000000|0.0000000|0.0000000|0.0000000,0,1.0,4.346437268514746,0,0,0,0,0,
cross_town,Town02,mixed,20,107,5.35,117.93017578125,187.6062774658203,0.22167766094207764,-179.97372436523438,6.984891830066211e-09,499.49803358058756,1.3983822478535569e-09,1.52587890625e-05,2.663161087212984e-07,3.433229630403867e-06,0.4634127261136614,0.37504804134368896,0.42686402797698975,0.5665480494499207,0.0,0.42686402797698975,0.5189512968063354,0.5182523727416992,0.2742654085159302,0.2439950406551361,2.2391653060913086,0.4979587|0.4627782|0.0392631|0.0000000|0.0000000|0.0000000|0.0000000|0.0000000|0.0000000|0.0000000,0,0.4979587495326996,4.254438545039018,0,0,0,0,0,
cross_town,Town02,mixed,20,108,5.4,117.93017578125,187.6062774658203,0.22167766094207764,-179.97372436523438,6.984891830066211e-09,499.49803358058756,1.3983822478535569e-09,1.52587890625e-05,2.663161087212984e-07,4.119873100343714e-06,0.4447536753095287,0.34661635756492615,0.5331426858901978,0.34601640701293945,0.0,0.5068640112876892,0.4389512836933136,0.6973817348480225,0.26918676495552063,0.4395284056663513,2.1773805618286133,0.5307989|0.4692011|0.0000000|0.0000000|0.0000000|0.0000000|0.0000000|0.0000000|0.0000000|0.0000000,0,0.5307988524436951,4.166612548670354,0,0,0,0,0,
cross_town,Town02,mixed,20,109,5.45,117.93017578125,187.6062774658203,0.22167766094207764,-179.97372436523438,6.984891830066211e-09,499.49803358058756,1.3983822478535569e-09,1.52587890625e-05,2.663161087212984e-07,4.806518481743431e-06,0.41371974196834943,0.2952561378479004,0.8213549852371216,0.3577028214931488,0.0,0.5868639945983887,0.35895127058029175,1.0,0.3793025314807892,6.651086330413818,1.1227514743804932,1.0000000|0.0000000|0.0000000|0.0000000|0.0000000|0.0000000|0.0000000|0.0000000|0.0000000|0.0000000,0,1.0,4.102473669391634,0,0,0,0,0,
cross_town,Town02,mixed,20,110,5.5,117.93017578125,187.6062774658203,0.22167766094207764,-179.97372436523438,6.984891830066211e-09,499.49803358058756,1.3983822478535569e-09,1.52587890625e-05,2.663161087212984e-07,5.493163962136051e-06,0.4401451182213616,0.4030068516731262,0.2761355936527252,0.540703296661377,0.0,0.5068640112876892,0.4389512836933136,0.7278270125389099,0.27148181200027466,0.4744245409965515,1.910393476486206,0.5225167|0.4428678|0.0346156|0.0000000|0.0000000|0.0000000|0.0000000|0.0000000|0.0000000|0.0000000,0,0.5225167274475098,4.068953774015083,0,0,0,0,0,
cross_town,Town02,mixed,20,111,5.55,117.93017578125,187.6062774658203,0.22167766094207764,-179.97372436523438,6.984891830066211e-09,499.49803358058756,1.3983822478535569e-09,1.52587890625e-05,2.663161087212984e-07,4.1198863211771877e-07,0.4392931592401536,0.4025524854660034,0.4477972388267517,0.5383108258247375,0.0,0.4477972388267517,0.5189512968063354,0.7282217144966125,0.27084681391716003,0.47555798292160034,2.1390202045440674,0.5289669|0.4349278|0.0361053|0.0000000|0.0000000|0.0000000|0.0000000|0.0000000|0.0000000|0.0000000,0,0.5289669036865234,3.9967845367433226,0,0,0,0,0,
cross_town,Town02,mixed,20,112,5.6,117.93017578125,187.6062774658203,0.22167766094207764,-179.97372436523438,6.984891830066211e-09,499.49803358058756,1.3983822478535569e-09,1.52587890625e-05,2.663161087212984e-07,1.098634525780607e-06,0.41594558918048674,0.36142778396606445,0.5126699209213257,0.38183388113975525,0.0,0.5126699209213257,0.4389512836933136,0.9531987905502319,0.2698937952518463,0.9835847020149231,2.1676502227783203,0.5385141|0.4263771|0.0351089|0.0000000|0.0000000|0.0000000|0.0000000|0.0000000|0.0000000|0.0000000,0,0.5385140776634216,3.8604734152843783,0,0,0,0,0,
cross_town,Town02,mixed,20,113,5.65,117.93017578125,187.6062774658203,0.22167766094207764,-179.97372436523438,6.984891830066211e-09,499.49803358058756,1.3983822478535569e-09,1.52587890625e-05,2.663161087212984e-07,1.7852789566208988e-06,0.4691837792801278,0.36706918478012085,0.3477756977081299,0.5057468414306641,0.0,0.43266990780830383,0.5057468414306641,0.4351680874824524,0.2690843939781189,0.16571666300296783,2.309234142303467,0.5250617|0.4418457|0.0330926|0.0000000|0.0000000|0.0000000|0.0000000|0.0000000|0.0000000|0.0000000,0,0.5250616669654846,3.745294044115463,0,0,0,0,0,
cross_town,Town02,mixed,20,114,5.7,117.93017578125,187.6062774658203,0.22167766094207764,-179.97372436523438,6.984891830066211e-09,499.49803358058756,1.3983822478535569e-09,1.52587890625e-05,2.663161087212984e-07,2.471923735564459e-06,0.4442325985663673,0.36796504259109497,0.537693977355957,0.36873072385787964,0.0,0.5126699209213257,0.4257468283176422,0.652110755443573,0.2645506262779236,0.39253196120262146,2.2545392513275146,0.5412929|0.4587071|0.0000000|0.0000000|0.0000000|0.0000000|0.0000000|0.0000000|0.0000000|0.0000000,0,0.5412929058074951,3.6442997519905287,0,0,0,0,0,
cross_town,Town02,mixed,20,115,5.75,117.93017578125,187.6062774658203,0.22167766094207764,-179.97372436523438,6.984891830066211e-09,499.49803358058756,1.3983822478535569e-09,1.52587890625e-05,2.663161087212984e-07,3.158569675121709e-06,0.4186287982975039,0.2913566827774048,0.32121968269348145,0.20421770215034485,0.0,0.43266990780830383,0.34574681520462036,0.8984434008598328,0.27222907543182373,0.7727827429771423,1.4925464391708374,1.0000000|0.0000000|0.0000000|0.0000000|0.0000000|0.0000000|0.0000000|0.0000000|0.0000000|0.0000000,0,1.0,3.5523589577559864,0,0,0,0,0,
cross_town,Town02,mixed,20,116,5.8,117.93017578125,187.6062774658203,0.22167766094207764,-179.97372436523438,6.984891830066211e-09,499.49803358058756,1.3983822478535569e-09,1.52587890625e-05,2.663161087212984e-07,3.845214898992157e-06,0.46245044602046737,0.3433949947357178,0.3191695213317871,0.44041505455970764,0.0,0.352669894695282,0.4257468283176422,0.45012152194976807,0.262844055891037,0.1871110498905182,2.045499801635742,0.5473983|0.4526017|0.0000000|0.0000000|0.0000000|0.0000000|0.0000000|0.0000000|0.0000000|0.0000000,0,0.5473983287811279,3.4650522894808273,0,0,0,0,0,
cross_town,Town02,mixed,20,117,5.85,117.93017578125,187.6062774658203,0.22167766094207764,-179.97372436523438,6.984891830066211e-09,499.49803358058756,1.3983822478535569e-09,1.52587890625e-05,2.663161087212984e-07,4.531860255085948e-06,0.48085549896459,0.3500381112098694,0.5448578000068665,0.4463214874267578,0.0,0.43266990780830383,0.4463214874267578,0.3272760510444641,0.2617015838623047,0.05816563963890076,2.3182320594787598,0.5644594|0.4355406|0.0000000|0.0000000|0.0000000|0.0000000|0.0000000|0.0000000|0.0000000|0.0000000,0,0.5644594430923462,3.3815178448102627,0,0,0,0,0,
cross_town,Town02,mixed,20,118,5.9,117.93017578125,187.6062774658203,0.22167766094207764,-179.97372436523438,6.984891830066211e-09,499.49803358058756,1.3983822478535569e-09,1.52587890625e-05,2.663161087212984e-07,5.218505875633596e-06,0.4685039768977653,0.37507879734039307,0.425975501537323,0.4520278573036194,0.0,0.425975501537323,0.4520278573036194,0.4445466697216034,0.2647087574005127,0.17960883677005768,2.212280750274658,0.5613079|0.4031813|0.0355108|0.0000000|0.0000000|0.0000000|0.0000000|0.0000000|0.0000000|0.0000000,0,0.5613079071044922,3.3017957265536113,0,0,0,0,0,
cross_town,Town02,mixed,20,119,5.95,117.93017578125,187.6062774658203,0.22167766094207764,-179.97372436523438,6.984891830066211e-09,499.49803358058756,1.3983822478535569e-09,1.52587890625e-05,2.663161087212984e-07,1.3732937079679076e-07,0.45192825469560793,0.31918543577194214,0.427571177482605,0.3555811643600464,0.0,0.427571177482605,0.37202784419059753,0.522529125213623,0.259635865688324,0.2629085183143616,2.127129554748535,0.5801446|0.4198554|0.0000000|0.0000000|0.0000000|0.0000000|0.0000000|0.0000000|0.0000000|0.0000000,0,0.5801446437835693,3.2244546124832283,0,0,0,0,0,
cross_town,Town02,mixed,20,120,6.0,117.93017578125,187.6062774658203,0.22167766094207764,-179.97372436523438,6.984891830066211e-09,499.49803358058756,1.3983822478535569e-09,1.52587890625e-05,2.663161087212984e-07,8.239792667441848e-07,0.4562461421366912,0.3456856608390808,0.367809534072876,0.4591251611709595,0.0,0.367809534072876,0.4520278573036194,0.4675408601760864,0.2615041434764862,0.20599102973937988,2.1161506175994873,0.5768639|0.3980099|0.0251262|0.0000000|0.0000000|0.0000000|0.0000000|0.0000000|0.0000000|0.0000000,0,0.5768638849258423,3.1499006390957454,0,0,0,0,0,
cross_town,Town02,mixed,20,121,6.05,117.93017578125,187.6062774658203,0.22167766094207764,-179.97372436523438,6.984891830066211e-09,499.49803358058756,1.3983822478535569e-09,1.52587890625e-05,2.663161087212984e-07,1.5106202015987298e-06,0.4557069305081491,0.3086715340614319,0.556861162185669,0.3626152276992798,0.0,0.4478095471858978,0.37202784419059753,0.4606660008430481,0.2608293294906616,0.1997552216053009,2.1450231075286865,0.5828128|0.3885756|0.0286116|0.0000000|0.0000000|0.0000000|0.0000000|0.0000000|0.0000000|0.0000000,0,0.5828127861022949,3.077310313585811,0,0,0,0,0,
cross_town,Town02,mixed,20,122,6.1,117.93017578125,187.6062774658203,0.22167766094207764,-179.97372436523438,6.984891830066211e-09,499.49803358058756,1.3983822478535569e-09,1.52587890625e-05,2.663161087212984e-07,2.1972671422873794e-06,0.4084784857761417,0.34873008728027344,0.3027397394180298,0.19090582430362701,0.0,0.367809534072876,0.2920278310775757,0.9202113747596741,0.27222907543182373,0.8390763401985168,1.3746118545532227,1.0000000|0.0000000|0.0000000|0.0000000|0.0000000|0.0000000|0.0000000|0.0000000|0.0000000|0.0000000,0,1.0,3.006780649636388,0,0,0,0,0,
cross_town,Town02,mixed,20,123,6.15,117.93017578125,187.6062774658203,0.22167766094207764,-179.97372436523438,6.984891830066211e-09,499.49803358058756,1.3983822478535569e-09,1.52587890625e-05,2.663161087212984e-07,2.883911056988007e-06,0.39964221584906795,0.40191516280174255,0.6774135828018188,0.46986496448516846,0.0,0.4478095471858978,0.37202784419059753,0.9953479170799255,0.2504999339580536,1.5909429788589478,1.6954469680786133,0.9537706|0.0462294|0.0000000|0.0000000|0.0000000|0.0000000|0.0000000|0.0000000|0.0000000|0.0000000,0,0.953770637512207,2.9380742377208415,0,0,0,0,0,
cross_town,Town02,mixed,20,124,6.2,117.93017578125,187.6062774658203,0.22167766094207764,-179.97372436523438,6.984891830066211e-09,499.49803358058756,1.3983822478535569e-09,1.52587890625e-05,2.663161087212984e-07,3.5705569122778176e-06,0.4538277540936875,0.35008513927459717,0.40986859798431396,0.45046553015708923,0.0,0.40986859798431396,0.45046553015708923,0.4427356421947479,0.25412794947624207,0.18835529685020447,1.9527835845947266,0.6122305|0.3877696|0.0000000|0.0000000|0.0000000|0.0000000|0.0000000|0.0000000|0.0000000|0.0000000,0,0.6122304797172546,2.8712192908306937,0,0,0,0,0,
cross_town,Town02,mixed,20,125,6.25,117.93017578125,187.6062774658203,0.22167766094207764,-179.97372436523438,6.984891830066211e-09,499.49803358058756,1.3983822478535569e-09,1.52587890625e-05,2.663161087212984e-07,4.257202192072823e-06,0.39662781441676026,0.230383038520813,0.6904784440994263,0.34870147705078125,0.0,0.4898686110973358,0.3704655170440674,0.997519314289093,0.24823245406150818,1.7509514093399048,2.0297043323516846,0.9481167|0.0518833|0.0000000|0.0000000|0.0000000|0.0000000|0.0000000|0.0000000|0.0000000|0.0000000,0,0.948116660118103,2.8056493244331184,0,0,0,0,0,
cross_town,Town02,mixed,20,126,6.3,117.93017578125,187.6062774658203,0.22167766094207764,-179.97372436523438,6.984891830066211e-09,499.49803358058756,1.3983822478535569e-09,1.52587890625e-05,2.663161087212984e-07,4.943848263209014e-06,0.39864687277598704,0.3036157190799713,0.6293630599975586,0.4277300536632538,0.0,0.5698686242103577,0.4277300536632538,0.9999997615814209,0.24569785594940186,4.071866035461426,1.8077290058135986,0.9553097|0.0446903|0.0000000|0.0000000|0.0000000|0.0000000|0.0000000|0.0000000|0.0000000|0.0000000,0,0.9553097486495972,2.7415485897889837,0,0,0,0,0,
cross_town,Town02,mixed,20,127,6.35,117.93017578125,187.6062774658203,0.22167766094207764,-179.97372436523438,6.984891830066211e-09,499.49803358058756,1.3983822478535569e-09,1.52587890625e-05,2.663161087212984e-07,7.14307258455259e-06,0.40281559386085736,0.3439866006374359,0.3563074469566345,0.41446030139923096,0.0,0.4898686110973358,0.41446030139923096,0.9802273511886597,0.2545362412929535,1.2213338613510132,1.8657053709030151,0.6058351|0.3647546|0.0294103|0.0000000|0.0000000|0.0000000|0.0000000|0.0000000|0.0000000|0.0000000,0,0.6058350801467896,2.6817411238796236,0,0,0,0,0,
cross_town,Town02,mixed,20,128,6.4,117.93017578125,187.6062774658203,0.22167766094207764,-179.97372436523438,6.984891830066211e-09,499.49803358058756,1.3983822478535569e-09,1.52587890625e-05,2.663161087212984e-07,3.4421093557236414e-08,0.40199647361278196,0.17574816942214966,0.6033777594566345,0.4200226962566376,0.0,0.5698686242103577,0.4200226962566376,0.974312424659729,0.23619931936264038,1.1727321147918701,1.7666786909103394,1.0000000|0.0000000|0.0000000|0.0000000|0.0000000|0.0000000|0.0000000|0.0000000|0.0000000|0.0000000,0,1.0,2.6314603789011,0,0,0,0,0,
cross_town,Town02,mixed,20,129,6.45,117.93017578125,187.6062774658203,0.22167766094207764,-179.97372436523438,6.984891830066211e-09,499.49803358058756,1.3983822478535569e-09,1.52587890625e-05,2.663161087212984e-07,6.881692691550236e-08,0.4003163390641665,0.3989163041114807,0.21894210577011108,0.24434691667556763,0.0,0.4898686110973358,0.3400226831436157,0.8983625769615173,0.28066641092300415,0.7641242146492004,1.4801095724105835,0.9212005|0.0787995|0.0000000|0.0000000|0.0000000|0.0000000|0.0000000|0.0000000|0.0000000|0.0000000,0,0.9212004542350769,2.5929259301351744,0,0,0,0,0,
cross_town,Town02,mixed,20,130,6.5,117.93017578125,187.6062774658203,0.22167766094207764,-179.97372436523438,6.984891830066211e-09,499.49803358058756,1.3983822478535569e-09,1.52587890625e-05,2.663161087212984e-07,1.0451133829328493e-07,0.4248223523997745,0.348115473985672,0.28098487854003906,0.40444010496139526,0.0,0.40986859798431396,0.40444010496139526,0.663569986820221,0.2506996989250183,0.41911131143569946,1.7455670833587646,0.6232830|0.3490916|0.0276253|0.0000000|0.0000000|0.0000000|0.0000000|0.0000000|0.0000000|0.0000000,0,0.6232830286026001,2.564024532890755,0,0,0,0,0,
cross_town,Town02,mixed,20,131,6.55,117.93017578125,187.6062774658203,0.22167766094207764,-179.97372436523438,6.984891830066211e-09,499.49803358058756,1.3983822478535569e-09,1.52587890625e-05,2.663161087212984e-07,1.3763672935544928e-07,0.39137588718855665,0.3047836720943451,0.7401862144470215,0.4571067988872528,0.0,0.4898686110973358,0.4571067988872528,0.9974408149719238,0.2374260574579239,1.753953218460083,2.0275583267211914,0.9587710|0.0412290|0.0000000|0.0000000|0.0000000|0.0000000|0.0000000|0.0000000|0.0000000|0.0000000,0,0.9587710499763489,2.541171937514992,0,0,0,0,0,
cross_town,Town02,mixed,20,132,6.6,117.93017578125,187.6062774658203,0.22167766094207764,-179.97372436523438,6.984891830066211e-09,499.49803358058756,1.3983822478535569e-09,1.52587890625e-05,2.663161087212984e-07,1.719856553654023e-07,0.40400378797481445,0.2665053606033325,0.3880375027656555,0.2183510959148407,0.0,0.40986859798431396,0.37710678577423096,0.8102024793624878,0.28000229597091675,0.5828293561935425,1.5797770023345947,0.9274032|0.0725969|0.0000000|0.0000000|0.0000000|0.0000000|0.0000000|0.0000000|0.0000000|0.0000000,0,0.9274031519889832,2.5204269982365566,0,0,0,0,0,
cross_town,Town02,mixed,20,133,6.65,117.93017578125,187.6062774658203,0.22167766094207764,-179.97372436523438,6.984891830066211e-09,499.49803358058756,1.3983822478535569e-09,1.52587890625e-05,2.663161087212984e-07,2.056920389292426e-07,0.4511286248912656,0.35076355934143066,0.41145920753479004,0.41472765803337097,0.0,0.41145920753479004,0.41472765803337097,0.38098961114883423,0.24640214443206787,0.13226039707660675,2.0553956031799316,0.6509446|0.3222383|0.0268172|0.0000000|0.0000000|0.0000000|0.0000000|0.0000000|0.0000000|0.0000000,0,0.6509445905685425,2.4988524209764735,0,0,0,0,0,
cross_town,Town02,mixed,20,134,6.7,117.93017578125,187.6062774658203,0.22167766094207764,-179.97372436523438,6.984891830066211e-09,499.49803358058756,1.3983822478535569e-09,1.52587890625e-05,2.663161087212984e-07,1.3144434038047053e-06,0.38694161152159123,0.3621700406074524,0.826407790184021,0.37218692898750305,0.0,0.4914592206478119,0.37218692898750305,0.999997615814209,0.3793025314807892,3.3606009483337402,1.330075740814209,1.0000000|0.0000000|0.0000000|0.0000000|0.0000000|0.0000000|0.0000000|0.0000000|0.0000000|0.0000000,0,1.0,2.4746188731387013,0,0,0,0,0,
cross_town,Town02,mixed,20,135,6.75,117.93017578125,187.6062774658203,0.22167766094207764,-179.97372436523438,6.984891830066211e-09,499.49803358058756,1.3983822478535569e-09,1.52587890625e-05,2.663161087212984e-07,1.212309567813463e-06,0.38274992639837696,0.36136162281036377,0.25226202607154846,0.2077377289533615,0.0,0.41145920753479004,0.2921869158744812,0.9683310985565186,0.27222907543182373,1.0828311443328857,1.3874589204788208,1.0000000|0.0000000|0.0000000|0.0000000|0.0000000|0.0000000|0.0000000|0.0000000|0.0000000|0.0000000,0,1.0,2.447216714527983,0,0,0,0,0,
cross_town,Town02,mixed,20,136,6.8,117.93017578125,187.6062774658203,0.22167766094207764,-179.97372436523438,6.984891830066211e-09,499.49803358058756,1.3983822478535569e-09,1.52587890625e-05,2.663161087212984e-07,6.872886243189262e-08,0.4036903996449258,0.2784324288368225,0.2266218662261963,0.174276202917099,0.0,0.3314591944217682,0.21218691766262054,0.7400315403938293,0.2803697884082794,0.4811633229255676,1.8202458620071411,0.9239706|0.0760294|0.0000000|0.0000000|0.0000000|0.0000000|0.0000000|0.0000000|0.0000000|0.0000000,0,0.923970639705658,2.417217642549527,0,0,0,0,0,
cross_town,Town02,mixed,20,137,6.85,117.93017578125,187.6062774658203,0.22167766094207764,-179.97372436523438,6.984891830066211e-09,499.49803358058756,1.3983822478535569e-09,1.52587890625e-05,2.663161087212984e-07,1.717418585179124e-07,0.43949150949448756,0.3310413360595703,0.3512335419654846,0.4069935381412506,0.0,0.3512335419654846,0.2921869158744812,0.3627120852470398,0.2422603964805603,0.1168365478515625,1.7656900882720947,0.6469766|0.3292880|0.0237353|0.0000000|0.0000000|0.0000000|0.0000000|0.0000000|0.0000000|0.0000000,0,0.6469766497612,2.3857806004714925,0,0,0,0,0,
cross_town,Town02,mixed,20,138,6.9,117.93017578125,187.6062774658203,0.22167766094207764,-179.97372436523438,6.984891830066211e-09,499.49803358058756,1.3983822478535569e-09,1.52587890625e-05,2.663161087212984e-07,1.3488951222534814e-06,0.43617282672386526,0.32574042677879333,0.4423846900463104,0.4153877794742584,0.0,0.43123355507850647,0.37218692898750305,0.3761689364910126,0.2410692572593689,0.13247042894363403,1.8491357564926147,0.6552182|0.3190830|0.0256989|0.0000000|0.0000000|0.0000000|0.0000000|0.0000000|0.0000000|0.0000000,0,0.6552181839942932,2.354111182825972,0,0,0,0,0,
cross_town,Town02,mixed,20,139,6.95,117.93017578125,187.6062774658203,0.22167766094207764,-179.97372436523438,6.984891830066211e-09,499.49803358058756,1.3983822478535569e-09,1.52587890625e-05,2.663161087212984e-07,2.0616924626073515e-07,0.3717744731550886,0.2959350347518921,0.7293501496315002,0.28620874881744385,0.0,0.5112335681915283,0.2921869158744812,1.0,0.3793025314807892,5.954580307006836,0.8772207498550415,1.0000000|0.0000000|0.0000000|0.0000000|0.0000000|0.0000000|0.0000000|0.0000000|0.0000000|0.0000000,0,1.0,2.3232686826762503,0,0,0,0,0,
cross_town,Town02,mixed,20,140,7.0,117.93017578125,187.6062774658203,0.22167766094207764,-179.97372436523438,6.984891830066211e-09,499.49803358058756,1.3983822478535569e-09,1.52587890625e-05,2.663161087212984e-07,2.405630205388579e-07,0.4170372472306174,0.33110296726226807,0.23749032616615295,0.4023129940032959,0.0,0.43123355507850647,0.37218692898750305,0.5268024802207947,0.23470163345336914,0.2921265959739685,1.5515823364257812,0.6856251|0.3143749|0.0000000|0.0000000|0.0000000|0.0000000|0.0000000|0.0000000|0.0000000|0.0000000,0,0.6856250762939453,2.2931285663906062,0,0,0,0,0,
cross_town,Town02,mixed,20,141,7.05,117.93017578125,187.6062774658203,0.22167766094207764,-179.97372436523438,6.984891830066211e-09,499.49803358058756,1.3983822478535569e-09,1.52587890625e-05,2.663161087212984e-07,2.749591598162879e-07,0.43756506817217655,0.3563385605812073,0.3853788375854492,0.42838308215141296,0.0,0.3853788375854492,0.42838308215141296,0.3394486904144287,0.23742538690567017,0.09613660722970963,2.1699371337890625,0.6701944|0.3030476|0.0267580|0.0000000|0.0000000|0.0000000|0.0000000|0.0000000|0.0000000|0.0000000,0,0.6701943874359131,2.2641830740694884,0,0,0,0,0,
cross_town,Town02,mixed,20,142,7.1,117.93017578125,187.6062774658203,0.22167766094207764,-179.97372436523438,6.984891830066211e-09,499.49803358058756,1.3983822478535569e-09,1.52587890625e-05,2.663161087212984e-07,3.0981139248230407e-07,0.43727044351315186,0.3550799489021301,0.5372029542922974,0.38128426671028137,0.0,0.46537885069847107,0.38128426671028137,0.3322904407978058,0.23601487278938293,0.08952419459819794,2.2743337154388428,0.6720086|0.3043040|0.0236874|0.0000000|0.0000000|0.0000000|0.0000000|0.0000000|0.0000000|0.0000000,0,0.6720086336135864,2.2355261302800513,0,0,0,0,0,
cross_town,Town02,mixed,20,143,7.15,117.93017578125,187.6062774658203,0.22167766094207764,-179.97372436523438,6.984891830066211e-09,499.49803358058756,1.3983822478535569e-09,1.52587890625e-05,2.663161087212984e-07,3.309235545626199e-07,0.3805546611233289,0.2445892095565796,0.289796382188797,0.14792290329933167,0.0,0.3853788375854492,0.3012842535972595,0.8274878859519958,0.2804517447948456,0.6115299463272095,1.6542414426803589,0.9232051|0.0767949|0.0000000|0.0000000|0.0000000|0.0000000|0.0000000|0.0000000|0.0000000|0.0000000,0,0.9232050776481628,2.207109898398385,0,0,0,0,0,
cross_town,Town02,mixed,20,144,7.2,117.93017578125,187.6062774658203,0.22167766094207764,-179.97372436523438,6.984891830066211e-09,499.49803358058756,1.3983822478535569e-09,1.52587890625e-05,2.663161087212984e-07,0.0,0.36870422440815565,0.059655994176864624,0.05590391159057617,0.09627322852611542,0.0,0.30537882447242737,0.22128425538539886,0.9238157272338867,0.800000011920929,0.32383933663368225,-1.8355857133865356,1.0000000|0.0000000|0.0000000|0.0000000|0.0000000|0.0000000|0.0000000|0.0000000|0.0000000|0.0000000,0,1.0,2.1785313141037026,0,0,0,0,0,
cross_town,Town02,mixed,20,145,7.25,117.93017578125,187.6062774658203,0.22167766094207764,-179.97372436523438,6.984891830066211e-09,499.49803358058756,1.3983822478535569e-09,1.52587890625e-05,2.663161087212984e-07,3.443342307318594e-08,0.42594011126305226,0.3199620842933655,0.4065396189689636,0.410076379776001,0.0,0.3853788375854492,0.3012842535972595,0.3288816511631012,0.23280730843544006,0.08888079226016998,1.805579423904419,0.6776386|0.2984380|0.0239234|0.0000000|0.0000000|0.0000000|0.0000000|0.0000000|0.0000000|0.0000000,0,0.677638590335846,2.1496093622344388,0,0,0,0,0,
cross_town,Town02,mixed,20,146,7.3,117.93017578125,187.6062774658203,0.22167766094207764,-179.97372436523438,6.984891830066211e-09,499.49803358058756,1.3983822478535569e-09,1.52587890625e-05,2.663161087212984e-07,6.883154509375216e-08,0.4275550711429034,0.3454781174659729,0.5067492127418518,0.4172111451625824,0.0,0.46537885069847107,0.38128426671028137,0.2897566854953766,0.21439966559410095,0.06145881861448288,1.9599173069000244,0.9675594|0.0324406|0.0000000|0.0000000|0.0000000|0.0000000|0.0000000|0.0000000|0.0000000|0.0000000,0,0.9675593972206116,2.1203276992908946,0,0,0,0,0,
cross_town,Town02,mixed,20,147,7.35,117.93017578125,187.6062774658203,0.22167766094207764,-179.97372436523438,6.984891830066211e-09,499.49803358058756,1.3983822478535569e-09,1.52587890625e-05,2.663161087212984e-07,1.309254420621174e-07,0.4328505387245821,0.3638671636581421,0.4061410129070282,0.4024757146835327,0.0,0.4061410129070282,0.4024757146835327,0.2848357558250427,0.23054619133472443,0.03930393606424332,2.035794258117676,0.6836010|0.2923156|0.0240835|0.0000000|0.0000000|0.0000000|0.0000000|0.0000000|0.0000000|0.0000000,0,0.6836009621620178,2.090794893370629,0,0,0,0,0,
cross_town,Town02,mixed,20,148,7.4,117.93017578125,187.6062774658203,0.22167766094207764,-179.97372436523438,6.984891830066211e-09,499.49803358058756,1.3983822478535569e-09,1.52587890625e-05,2.663161087212984e-07,1.0333562478850157e-07,0.3835436239260702,0.23445898294448853,0.40257278084754944,0.12879575788974762,0.0,0.40257278084754944,0.32247570157051086,0.6827171444892883,0.27222907543182373,0.41934260725975037,1.633622407913208,1.0000000|0.0000000|0.0000000|0.0000000|0.0000000|0.0000000|0.0000000|0.0000000|0.0000000|0.0000000,0,1.0,2.061510907483184,0,0,0,0,0,
cross_town,Town02,mixed,20,149,7.45,117.93017578125,187.6062774658203,0.22167766094207764,-179.97372436523438,6.984891830066211e-09,499.49803358058756,1.3983822478535569e-09,1.52587890625e-05,2.663161087212984e-07,1.3888357450226317e-07,0.42427749774753476,0.3524779975414276,0.39664384722709656,0.40163370966911316,0.0,0.39664384722709656,0.40163370966911316,0.2528126537799835,0.22896142303943634,0.00012177236203569919,2.0213961601257324,0.6787475|0.2975442|0.0237083|0.0000000|0.0000000|0.0000000|0.0000000|0.0000000|0.0000000|0.0000000,0,0.6787474751472473,2.031804418018301,0,0,0,0,0,
cross_town,Town02,mixed,20,150,7.5,117.93017578125,187.6062774658203,0.22167766094207764,-179.97372436523438,6.984891830066211e-09,499.49803358058756,1.3983822478535569e-09,1.52587890625e-05,2.663161087212984e-07,2.0587211827672274e-07,0.4269462601254056,0.3687247633934021,0.5341365933418274,0.4032212197780609,0.0,0.4766438603401184,0.4032212197780609,0.2767185866832733,0.2273332178592682,0.03246748819947243,2.300412654876709,0.6871325|0.2904228|0.0224447|0.0000000|0.0000000|0.0000000|0.0000000|0.0000000|0.0000000|0.0000000,0,0.6871324777603149,2.0024043341005204,0,0,0,0,0,
cross_town,Town02,mixed,20,151,7.55,117.93017578125,187.6062774658203,0.22167766094207764,-179.97372436523438,6.984891830066211e-09,499.49803358058756,1.3983822478535569e-09,1.52587890625e-05,2.663161087212984e-07,1.2122471510673913e-06,0.40515423489457086,0.3770544230937958,0.36456435918807983,0.38963982462882996,0.0,0.39664384722709656,0.38963982462882996,0.4675023555755615,0.22629745304584503,0.24115900695323944,2.2109293937683105,0.6937758|0.2805279|0.0256963|0.0000000|0.0000000|0.0000000|0.0000000|0.0000000|0.0000000|0.0000000,0,0.6937758326530457,1.9735002047262387,0,0,0,0,0,
cross_town,Town02,mixed,20,152,7.6,117.93017578125,187.6062774658203,0.22167766094207764,-179.97372436523438,6.984891830066211e-09,499.49803358058756,1.3983822478535569e-09,1.52587890625e-05,2.663161087212984e-07,1.0761538816085579e-06,0.41774906467488415,0.3535289764404297,0.5472606420516968,0.3849998712539673,0.0,0.4766438603401184,0.3849998712539673,0.31817522644996643,0.22483323514461517,0.08462412655353546,2.244995594024658,0.6964782|0.2811316|0.0223902|0.0000000|0.0000000|0.0000000|0.0000000|0.0000000|0.0000000|0.0000000,0,0.6964781880378723,1.9444637958567663,0,0,0,0,0,
cross_town,Town02,mixed,20,153,7.65,117.93017578125,187.6062774658203,0.22167766094207764,-179.97372436523438,6.984891830066211e-09,499.49803358058756,1.3983822478535569e-09,1.52587890625e-05,2.663161087212984e-07,3.4386615338377534e-08,0.4122964164177326,0.3715529441833496,0.3689540922641754,0.3663402795791626,0.0,0.39664384722709656,0.3663402795791626,0.34307798743247986,0.2208665907382965,0.11673154681921005,1.9774231910705566,0.7055201|0.2944799|0.0000000|0.0000000|0.0000000|0.0000000|0.0000000|0.0000000|0.0000000|0.0000000,0,0.7055200934410095,1.915749246489115,0,0,0,0,0,
cross_town,Town02,mixed,20,154,7.7,117.93017578125,187.6062774658203,0.22167766094207764,-179.97372436523438,6.984891830066211e-09,499.49803358058756,1.3983822478535569e-09,1.52587890625e-05,2.663161087212984e-07,6.880236735292797e-08,0.4147108257709596,0.35704147815704346,0.518924355506897,0.38832610845565796,0.0,0.4766438603401184,0.38832610845565796,0.291246235370636,0.2226395606994629,0.055025678128004074,2.2381296157836914,0.7005764|0.2777615|0.0216620|0.0000000|0.0000000|0.0000000|0.0000000|0.0000000|0.0000000|0.0000000,0,0.7005764245986938,1.887241326748084,0,0,0,0,0,
cross_town,Town02,mixed,20,155,7.75,117.93017578125,187.6062774658203,0.22167766094207764,-179.97372436523438,6.984891830066211e-09,499.49803358058756,1.3983822478535569e-09,1.52587890625e-05,2.663161087212984e-07,1.3748952707729522e-07,0.3617816601473964,0.22466981410980225,0.2988874614238739,0.15883438289165497,0.0,0.39664384722709656,0.3083260953426361,0.7231190800666809,0.27973946928977966,0.4602571427822113,1.668845295906067,0.9298575|0.0701424|0.0000000|0.0000000|0.0000000|0.0000000|0.0000000|0.0000000|0.0000000|0.0000000,0,0.9298574924468994,1.8589356724539938,0,0,0,0,0,
cross_town,Town02,mixed,20,156,7.8,117.93017578125,187.6062774658203,0.22167766094207764,-179.97372436523438,6.984891830066211e-09,499.49803358058756,1.3983822478535569e-09,1.52587890625e-05,2.663161087212984e-07,2.0619174973190025e-07,0.4034354516313363,0.3453196883201599,0.37875279784202576,0.39338716864585876,0.0,0.37875279784202576,0.38832610845565796,0.27981963753700256,0.22108209133148193,0.04257882013916969,1.9160383939743042,0.6950693|0.2851093|0.0198214|0.0000000|0.0000000|0.0000000|0.0000000|0.0000000|0.0000000|0.0000000,0,0.6950692534446716,1.8308486794053114,0,0,0,0,0,
cross_town,Town02,mixed,20,157,7.85,117.93017578125,187.6062774658203,0.22167766094207764,-179.97372436523438,6.984891830066211e-09,499.49803358058756,1.3983822478535569e-09,1.52587890625e-05,2.663161087212984e-07,1.314440805874976e-06,0.33320724328966145,0.07556700706481934,0.11279645562171936,-0.05605447292327881,0.0,0.2987527847290039,0.3083260953426361,0.9550116062164307,0.800000011920929,0.4638294279575348,-1.6969462633132935,1.0000000|0.0000000|0.0000000|0.0000000|0.0000000|0.0000000|0.0000000|0.0000000|0.0000000|0.0000000,0,1.0,1.8030323379525293,0,0,0,0,0,
cross_town,Town02,mixed,20,158,7.9,117.93017578125,187.6062774658203,0.22167766094207764,-179.97372436523438,6.984891830066211e-09,499.49803358058756,1.3983822478535569e-09,1.52587890625e-05,2.663161087212984e-07,2.406614861033141e-07,0.37152156613163384,0.36684781312942505,0.6683908104896545,0.43102017045021057,0.0,0.37875279784202576,0.38832610845565796,0.5444602966308594,0.2185516357421875,0.32602643966674805,2.0462722778320312,0.7075494|0.2709060|0.0215447|0.0000000|0.0000000|0.0000000|0.0000000|0.0000000|0.0000000|0.0000000,0,0.7075493931770325,1.7755441081629217,0,0,0,0,0,
cross_town,Town02,mixed,20,159,7.95,117.93017578125,187.6062774658203,0.22167766094207764,-179.97372436523438,6.984891830066211e-09,499.49803358058756,1.3983822478535569e-09,1.52587890625e-05,2.663161087212984e-07,2.750256639661511e-07,0.39584737140502846,0.33410266041755676,0.5475363731384277,0.352366179227829,0.0,0.4587528109550476,0.352366179227829,0.3347760736942291,0.2174820899963379,0.11085245758295059,2.227764129638672,0.7135159|0.2623889|0.0240952|0.0000000|0.0000000|0.0000000|0.0000000|0.0000000|0.0000000|0.0000000,0,0.7135158777236938,1.7484647845725767,0,0,0,0,0,
cross_town,Town02,mixed,20,160,8.0,117.93017578125,187.6062774658203,0.22167766094207764,-179.97372436523438,6.984891830066211e-09,499.49803358058756,1.3983822478535569e-09,1.52587890625e-05,2.663161087212984e-07,3.094047675032052e-07,0.4002482110763425,0.3859952986240387,0.3926084637641907,0.39662960171699524,0.0,0.3926084637641907,0.39662960171699524,0.2547788918018341,0.2156667709350586,0.016012005507946014,2.1405458450317383,0.7194911|0.2607896|0.0197193|0.0000000|0.0000000|0.0000000|0.0000000|0.0000000|0.0000000|0.0000000,0,0.7194910645484924,1.7215679685720946,0,0,0,0,0,
cross_town,Town02,mixed,20,161,8.05,117.93017578125,187.6062774658203,0.22167766094207764,-179.97372436523438,6.984891830066211e-09,499.49803358058756,1.3983822478535569e-09,1.52587890625e-05,2.663161087212984e-07,3.434590260425233e-08,0.38411316990418987,0.33708250522613525,0.5181060433387756,0.3371350169181824,0.0,0.4726084768772125,0.3371350169181824,0.3689095675945282,0.21463724970817566,0.1511383354663849,2.2150959968566895,0.7228304|0.2564965|0.0206732|0.0000000|0.0000000|0.0000000|0.0000000|0.0000000|0.0000000|0.0000000,0,0.7228304147720337,1.6957057306761238,0,0,0,0,0,
cross_town,Town02,mixed,20,162,8.1,117.93017578125,187.6062774658203,0.22167766094207764,-179.97372436523438,6.984891830066211e-09,499.49803358058756,1.3983822478535569e-09,1.52587890625e-05,2.663161087212984e-07,6.874979685068488e-08,0.38880820876405653,0.37911829352378845,0.3074110746383667,0.3866998255252838,0.0,0.3926084637641907,0.3866998255252838,0.30646100640296936,0.21449901163578033,0.08132176101207733,1.9721148014068604,0.7138223|0.2659389|0.0202389|0.0000000|0.0000000|0.0000000|0.0000000|0.0000000|0.0000000|0.0000000,0,0.7138223052024841,1.6706680369096343,0,0,0,0,0,
cross_town,Town02,mixed,20,163,8.15,117.93017578125,187.6062774658203,0.22167766094207764,-179.97372436523438,6.984891830066211e-09,499.49803358058756,1.3983822478535569e-09,1.52587890625e-05,2.663161087212984e-07,1.0314186851464473e-07,0.37946051435007544,0.3654080033302307,0.5311843156814575,0.3416900038719177,0.0,0.4726084768772125,0.3416900038719177,0.3763990104198456,0.20929637551307678,0.16448837518692017,2.2674551010131836,0.7398080|0.2601920|0.0000000|0.0000000|0.0000000|0.0000000|0.0000000|0.0000000|0.0000000|0.0000000,0,0.7398079633712769,1.6458546288938505,0,0,0,0,0,
cross_town,Town02,mixed,20,164,8.2,117.93017578125,187.6062774658203,0.22167766094207764,-179.97372436523438,6.984891830066211e-09,499.49803358058756,1.3983822478535569e-09,1.52587890625e-05,2.663161087212984e-07,2.6713687566124616e-07,0.3273451524154952,0.32841038703918457,0.21777671575546265,0.18365119397640228,0.0,0.3926084637641907,0.2616899907588959,0.816171407699585,0.2813674807548523,0.5912876725196838,1.5207167863845825,0.9146531|0.0853470|0.0000000|0.0000000|0.0000000|0.0000000|0.0000000|0.0000000|0.0000000|0.0000000,0,0.9146530628204346,1.6220263034959375,0,0,0,0,0,
cross_town,Town02,mixed,20,165,8.25,117.93017578125,187.6062774658203,0.22167766094207764,-179.97372436523438,6.984891830066211e-09,499.49803358058756,1.3983822478535569e-09,1.52587890625e-05,2.663161087212984e-07,2.7488006685502074e-07,0.3791146124909974,0.3538987636566162,0.3074553608894348,0.4252919554710388,0.0,0.3126084506511688,0.3416900038719177,0.2694289982318878,0.20814350247383118,0.04247607663273811,1.8868722915649414,0.7338654|0.2661346|0.0000000|0.0000000|0.0000000|0.0000000|0.0000000|0.0000000|0.0000000|0.0000000,0,0.7338653802871704,1.5991763707129796,0,0,0,0,0,
cross_town,Town02,mixed,20,166,8.3,117.93017578125,187.6062774658203,0.22167766094207764,-179.97372436523438,6.984891830066211e-09,499.49803358058756,1.3983822478535569e-09,1.52587890625e-05,2.663161087212984e-07,3.0970948523976556e-07,0.36314508834866643,0.3994445502758026,0.6630533337593079,0.4267818331718445,0.0,0.3926084637641907,0.4216900169849396,0.39996087551116943,0.2103554606437683,0.1882375031709671,2.3752455711364746,0.7230454|0.2576735|0.0192811|0.0000000|0.0000000|0.0000000|0.0000000|0.0000000|0.0000000|0.0000000,0,0.7230454087257385,1.5774542180975393,0,0,0,0,0,
cross_town,Town02,mixed,20,167,8.35,117.93017578125,187.6062774658203,0.22167766094207764,-179.97372436523438,6.984891830066211e-09,499.49803358058756,1.3983822478535569e-09,1.52587890625e-05,2.663161087212984e-07,3.3005722270078563e-07,0.3589781687449925,0.3693409562110901,0.5203017592430115,0.296058714389801,0.0,0.4726084768772125,0.3416900038719177,0.41238439083099365,0.2100474089384079,0.20142331719398499,2.3943395614624023,0.7182458|0.2620436|0.0197106|0.0000000|0.0000000|0.0000000|0.0000000|0.0000000|0.0000000|0.0000000,0,0.718245804309845,1.5570048385333712,0,0,0,0,0,
cross_town,Town02,mixed,20,168,8.4,117.93017578125,187.6062774658203,0.22167766094207764,-179.97372436523438,6.984891830066211e-09,499.49803358058756,1.3983822478535569e-09,1.52587890625e-05,2.663161087212984e-07,1.2118671512411219e-06,0.3739969035607646,0.41817545890808105,0.3648792803287506,0.39138633012771606,0.0,0.3926084637641907,0.39138633012771606,0.28008317947387695,0.20928440988063812,0.054703302681446075,2.1823716163635254,0.7184258|0.2616977|0.0198765|0.0000000|0.0000000|0.0000000|0.0000000|0.0000000|0.0000000|0.0000000,0,0.7184258103370667,1.5380342693327937,0,0,0,0,0,
cross_town,Town02,mixed,20,169,8.45,117.93017578125,187.6062774658203,0.22167766094207764,-179.97372436523438,6.984891830066211e-09,499.49803358058756,1.3983822478535569e-09,1.52587890625e-05,2.663161087212984e-07,1.2117649262675879e-06,0.35579794869525666,0.386259526014328,0.5836622714996338,0.37309005856513977,0.0,0.4726084768772125,0.37309005856513977,0.4584287405014038,0.20725953578948975,0.25107306241989136,2.340993881225586,0.7330535|0.2464609|0.0204856|0.0000000|0.0000000|0.0000000|0.0000000|0.0000000|0.0000000|0.0000000,0,0.7330535054206848,1.5207644513142655,0,0,0,0,0,
cross_town,Town02,mixed,20,170,8.5,117.93017578125,187.6062774658203,0.22167766094207764,-179.97372436523438,6.984891830066211e-09,499.49803358058756,1.3983822478535569e-09,1.52587890625e-05,2.663161087212984e-07,3.441270402264328e-08,0.36492901586140863,0.4127732217311859,0.35842838883399963,0.35804519057273865,0.0,0.3926084637641907,0.35804519057273865,0.3392237722873688,0.20326608419418335,0.130045086145401,2.1888694763183594,0.7443928|0.2556072|0.0000000|0.0000000|0.0000000|0.0000000|0.0000000|0.0000000|0.0000000|0.0000000,0,0.7443928122520447,1.505473112233691,0,0,0,0,0,
cross_town,Town02,mixed,20,171,8.55,117.93017578125,187.6062774658203,0.22167766094207764,-179.97372436523438,6.984891830066211e-09,499.49803358058756,1.3983822478535569e-09,1.52587890625e-05,2.663161087212984e-07,6.882457458767731e-08,0.3652704119113006,0.38430824875831604,0.4880894422531128,0.36290597915649414,0.0,0.4726084768772125,0.36290597915649414,0.3091754913330078,0.20579737424850464,0.09320840239524841,2.263962745666504,0.7340648|0.2443745|0.0215607|0.0000000|0.0000000|0.0000000|0.0000000|0.0000000|0.0000000|0.0000000,0,0.7340647578239441,1.492058695449266,0,0,0,0,0,
cross_town,Town02,mixed,20,172,8.6,117.93017578125,187.6062774658203,0.22167766094207764,-179.97372436523438,6.984891830066211e-09,499.49803358058756,1.3983822478535569e-09,1.52587890625e-05,2.663161087212984e-07,1.0319709827776195e-07,0.29692697515971905,0.41318508982658386,0.24171903729438782,0.26960232853889465,0.0,0.3926084637641907,0.2829059660434723,0.8872231841087341,0.27222907543182373,0.7434422969818115,1.024040937423706,1.0000000|0.0000000|0.0000000|0.0000000|0.0000000|0.0000000|0.0000000|0.0000000|0.0000000|0.0000000,0,1.0,1.4820392282155157,0,0,0,0,0,
cross_town,Town02,mixed,20,173,8.65,117.93017578125,187.6062774658203,0.22167766094207764,-179.97372436523438,6.984891830066211e-09,499.49803358058756,1.3983822478535569e-09,1.52587890625e-05,2.663161087212984e-07,1.3749997284775812e-07,0.3296022884014032,0.27635014057159424,0.26293113827705383,0.1972525715827942,0.0,0.3126084506511688,0.20290596783161163,0.5318730473518372,0.28028762340545654,0.25162869691848755,1.7841627597808838,0.9247382|0.0752618|0.0000000|0.0000000|0.0000000|0.0000000|0.0000000|0.0000000|0.0000000|0.0000000,0,0.9247381687164307,1.4749669695873133,0,0,0,0,0,
cross_town,Town02,mixed,20,174,8.7,117.93017578125,187.6062774658203,0.22167766094207764,-179.97372436523438,6.984891830066211e-09,499.49803358058756,1.3983822478535569e-09,1.52587890625e-05,2.663161087212984e-07,1.8093686762993077e-07,0.3511318159854883,0.34841683506965637,0.35567355155944824,0.45595353841781616,0.0,0.35567355155944824,0.2829059660434723,0.2894042730331421,0.19941648840904236,0.07601375132799149,1.910038948059082,0.7545525|0.2454474|0.0000000|0.0000000|0.0000000|0.0000000|0.0000000|0.0000000|0.0000000|0.0000000,0,0.7545525431632996,1.6313063142305964,0,0,0,0,0,
cross_town,Town02,mixed,20,175,8.75,117.93017578125,187.6062774658203,0.22167766094207764,-179.97372436523438,6.984891830066211e-09,499.49803358058756,1.3983822478535569e-09,1.52587890625e-05,2.663161087212984e-07,1.382477953278299e-06,0.35023582688153987,0.36246708035469055,0.5077519416809082,0.4339678883552551,0.0,0.4356735646724701,0.36290597915649414,0.27697062492370605,0.20336419343948364,0.05675121396780014,2.209993839263916,0.7283419|0.2525307|0.0191274|0.0000000|0.0000000|0.0000000|0.0000000|0.0000000|0.0000000|0.0000000,0,0.7283419370651245,2.279343644741291,0,0,0,0,0,
cross_town,Town02,mixed,20,176,8.8,117.93017578125,187.6062774658203,0.22167766094207764,-179.97372436523438,6.984891830066211e-09,499.49803358058756,1.3983822478535569e-09,1.52587890625e-05,2.663161087212984e-07,2.0645675729853268e-07,0.3439069338429922,0.47889161109924316,0.5053367018699646,0.4152715802192688,0.0,0.5053367018699646,0.4152715802192688,0.37054041028022766,0.2018527388572693,0.16567246615886688,2.6507697105407715,0.7378432|0.2438857|0.0182710|0.0000000|0.0000000|0.0000000|0.0000000|0.0000000|0.0000000|0.0000000,0,0.7378432154655457,4.027412126523833,0,0,0,0,0,
cross_town,Town02,mixed,20,177,8.85,117.93017578125,187.6062774658203,0.22167766094207764,-179.97372436523438,6.984891830066211e-09,499.49803358058756,1.3983822478535569e-09,1.52587890625e-05,2.663161087212984e-07,3.7806155665286273e-07,0.337801853601281,0.5193156599998474,0.45579206943511963,0.5475375652313232,0.0,0.42533668875694275,0.49527159333229065,0.3819551169872284,0.1792803704738617,0.20040512084960938,2.879911422729492,0.9732105|0.0267895|0.0000000|0.0000000|0.0000000|0.0000000|0.0000000|0.0000000|0.0000000|0.0000000,0,0.9732104539871216,8.382165024539514,0,0,0,0,0,
cross_town,Town02,mixed,20,178,8.9,117.93017578125,187.6062774658203,0.22167766094207764,-179.97372436523438,6.984891830066211e-09,499.49803358058756,1.3983822478535569e-09,1.52587890625e-05,2.663161087212984e-07,3.436810622369104e-08,0.358006921803841,0.46676892042160034,0.5412172675132751,0.4477417469024658,0.0,0.5053367018699646,0.4477417469024658,0.2293398082256317,0.17915675044059753,0.017832543700933456,2.5053768157958984,0.9729741|0.0270259|0.0000000|0.0000000|0.0000000|0.0000000|0.0000000|0.0000000|0.0000000|0.0000000,0,0.9729740619659424,8.366699310099838,0,0,0,0,0,
cross_town,Town02,mixed,20,179,8.95,117.93017578125,187.6062774658203,0.22167766094207764,-179.97372436523438,6.984891830066211e-09,499.49803358058756,1.3983822478535569e-09,1.52587890625e-05,2.663161087212984e-07,6.880364895837772e-08,0.3495648984521612,0.50726717710495,0.4356156885623932,0.5537364482879639,0.0,0.42533668875694275,0.5277417302131653,0.2643216550350189,0.20194260776042938,0.0421508327126503,2.5542683601379395,0.7368047|0.2408590|0.0223363|0.0000000|0.0000000|0.0000000|0.0000000|0.0000000|0.0000000|0.0000000,0,0.736804723739624,8.398422866746412,0,0,0,0,0,
cross_town,Town02,mixed,20,180,9.0,117.93017578125,187.6062774658203,0.22167766094207764,-179.97372436523438,6.984891830066211e-09,499.49803358058756,1.3983822478535569e-09,1.52587890625e-05,2.663161087212984e-07,2.404488780176338e-07,0.34894884830100187,0.4083433449268341,0.5648923516273499,0.298857718706131,0.0,0.5053367018699646,0.44774171710014343,0.27077698707580566,0.20092451572418213,0.05140451341867447,2.1268150806427,0.7428775|0.2387542|0.0183684|0.0000000|0.0000000|0.0000000|0.0000000|0.0000000|0.0000000|0.0000000,0,0.7428774833679199,8.460251462508204,0,0,0,0,0,
cross_town,Town02,mixed,20,181,9.05,117.93017578125,187.6062774658203,0.22167766094207764,-179.97372436523438,6.984891830066211e-09,499.49803358058756,1.3983822478535569e-09,1.52587890625e-05,2.663161087212984e-07,2.748211056910909e-07,0.2890199828431885,0.2940879464149475,0.36981475353240967,0.231105774641037,0.0,0.42533668875694275,0.3677417039871216,0.8703367710113525,0.27222907543182373,0.7037559747695923,1.5247188806533813,1.0000000|0.0000000|0.0000000|0.0000000|0.0000000|0.0000000|0.0000000|0.0000000|0.0000000|0.0000000,0,1.0,8.531629029009316,0,0,0,0,0,
cross_town,Town02,mixed,20,182,9.1,117.93017578125,187.6062774658203,0.22167766094207764,-179.97372436523438,6.984891830066211e-09,499.49803358058756,1.3983822478535569e-09,1.52587890625e-05,2.663161087212984e-07,3.092132797443907e-07,0.34741313457802286,0.520294189453125,0.4469137489795685,0.5924230813980103,0.0,0.3453366756439209,0.44774171710014343,0.28662872314453125,0.20139731466770172,0.07064910978078842,2.390113353729248,0.7379705|0.2438856|0.0181439|0.0000000|0.0000000|0.0000000|0.0000000|0.0000000|0.0000000|0.0000000,0,0.7379704713821411,8.589683668307897,0,0,0,0,0,
cross_town,Town02,mixed,20,183,9.15,117.93017578125,187.6062774658203,0.22167766094207764,-179.97372436523438,6.984891830066211e-09,499.49803358058756,1.3983822478535569e-09,1.52587890625e-05,2.663161087212984e-07,3.4361404854458576e-07,0.3508828570253078,0.42225006222724915,0.6064619421958923,0.5131565928459167,0.0,0.42533668875694275,0.5131565928459167,0.27755582332611084,0.20177684724330902,0.05906863138079643,2.424992561340332,0.7357262|0.2446996|0.0195743|0.0000000|0.0000000|0.0000000|0.0000000|0.0000000|0.0000000|0.0000000,0,0.7357261776924133,8.61174466741545,0,0,0,0,0,
cross_town,Town02,mixed,20,184,9.2,117.93017578125,187.6062774658203,0.22167766094207764,-179.97372436523438,6.984891830066211e-09,499.49803358058756,1.3983822478535569e-09,1.52587890625e-05,2.663161087212984e-07,3.783324026686373e-07,0.35075235840703617,0.41087955236434937,0.5449733138084412,0.30614975094795227,0.0,0.5053367018699646,0.4331565797328949,0.2535398602485657,0.2015617936849594,0.028482910245656967,2.260920763015747,0.7371778|0.2439564|0.0188658|0.0000000|0.0000000|0.0000000|0.0000000|0.0000000|0.0000000|0.0000000,0,0.7371777892112732,8.58074813851501,0,0,0,0,0,
cross_town,Town02,mixed,20,185,9.25,117.93017578125,187.6062774658203,0.22167766094207764,-179.97372436523438,6.984891830066211e-09,499.49803358058756,1.3983822478535569e-09,1.52587890625e-05,2.663161087212984e-07,3.9342037372921597e-07,0.3492322050208343,0.5124020576477051,0.4079548120498657,0.5503686666488647,0.0,0.42533668875694275,0.5131565928459167,0.2688358724117279,0.20130515098571777,0.04856061935424805,2.3697996139526367,0.7417089|0.2376771|0.0206139|0.0000000|0.0000000|0.0000000|0.0000000|0.0000000|0.0000000|0.0000000,0,0.7417089343070984,8.49409540958845,0,0,0,0,0,
cross_town,Town02,mixed,20,186,9.3,117.93017578125,187.6062774658203,0.22167766094207764,-179.97372436523438,6.984891830066211e-09,499.49803358058756,1.3983822478535569e-09,1.52587890625e-05,2.663161087212984e-07,0.0,0.3499792928514553,0.4198623597621918,0.5411282181739807,0.32233840227127075,0.0,0.5053367018699646,0.4331565797328949,0.2614295184612274,0.19793957471847534,0.04242248833179474,2.190669059753418,0.7534795|0.2465205|0.0000000|0.0000000|0.0000000|0.0000000|0.0000000|0.0000000|0.0000000|0.0000000,0,0.753479540348053,8.36368997970516,0,0,0,0,0,
cross_town,Town02,mixed,20,187,9.35,117.93017578125,187.6062774658203,0.22167766094207764,-179.97372436523438,6.984891830066211e-09,499.49803358058756,1.3983822478535569e-09,1.52587890625e-05,2.663161087212984e-07,3.444590175229782e-08,0.2777341919795553,0.29130372405052185,0.8483846187591553,0.36201906204223633,0.0,0.5853366851806641,0.36201906204223633,1.0,0.3793025314807892,6.489099979400635,1.2931442260742188,1.0000000|0.0000000|0.0000000|0.0000000|0.0000000|0.0000000|0.0000000|0.0000000|0.0000000|0.0000000,0,1.0,8.21029459318995,0,0,0,0,0,
cross_town,Town02,mixed,20,188,9.4,117.93017578125,187.6062774658203,0.22167766094207764,-179.97372436523438,6.984891830066211e-09,499.49803358058756,1.3983822478535569e-09,1.52587890625e-05,2.663161087212984e-07,6.889063220909042e-08,0.343920879158372,0.5681725740432739,0.31765371561050415,0.4694562256336212,0.0,0.5053367018699646,0.4420190751552582,0.32209038734436035,0.20236535370349884,0.1115892305970192,2.0696544647216797,0.7300466|0.2502200|0.0197334|0.0000000|0.0000000|0.0000000|0.0000000|0.0000000|0.0000000|0.0000000,0,0.7300466299057007,8.057011710515335,0,0,0,0,0,
cross_town,Town02,mixed,20,189,9.45,117.93017578125,187.6062774658203,0.22167766094207764,-179.97372436523438,6.984891830066211e-09,499.49803358058756,1.3983822478535569e-09,1.52587890625e-05,2.663161087212984e-07,1.4509966346210558e-06,0.3492018409514648,0.5052696466445923,0.43744590878486633,0.5392844676971436,0.0,0.42533668875694275,0.52201908826828,0.26930227875709534,0.20211797952651978,0.04834067076444626,2.4482226371765137,0.7320324|0.2487225|0.0192451|0.0000000|0.0000000|0.0000000|0.0000000|0.0000000|0.0000000|0.0000000,0,0.7320323586463928,7.924993612679887,0,0,0,0,0,
cross_town,Town02,mixed,20,190,9.5,117.93017578125,187.6062774658203,0.22167766094207764,-179.97372436523438,6.984891830066211e-09,499.49803358058756,1.3983822478535569e-09,1.52587890625e-05,2.663161087212984e-07,1.0344001285959439e-07,0.3501876487257107,0.4208472669124603,0.5701242685317993,0.26483091711997986,0.0,0.5053367018699646,0.4420190751552582,0.2594572603702545,0.2025821954011917,0.035219963639974594,2.3178272247314453,0.7277390|0.2526381|0.0196229|0.0000000|0.0000000|0.0000000|0.0000000|0.0000000|0.0000000|0.0000000,0,0.7277390360832214,7.829472296276269,0,0,0,0,0,
cross_town,Town02,mixed,20,191,9.55,117.93017578125,187.6062774658203,0.22167766094207764,-179.97372436523438,6.984891830066211e-09,499.49803358058756,1.3983822478535569e-09,1.52587890625e-05,2.663161087212984e-07,2.0258947755139116e-07,0.34943002530895717,0.497310072183609,0.41732874512672424,0.538663387298584,0.0,0.42533668875694275,0.52201908826828,0.2670411765575409,0.19862857460975647,0.04894974082708359,2.393155574798584,0.7465326|0.2534675|0.0000000|0.0000000|0.0000000|0.0000000|0.0000000|0.0000000|0.0000000|0.0000000,0,0.7465325593948364,7.776646295138075,0,0,0,0,0,
cross_town,Town02,mixed,20,192,9.6,117.93017578125,187.6062774658203,0.22167766094207764,-179.97372436523438,6.984891830066211e-09,499.49803358058756,1.3983822478535569e-09,1.52587890625e-05,2.663161087212984e-07,1.212332168930185e-06,0.3467087414550991,0.43019819259643555,0.5454677939414978,0.30811572074890137,0.0,0.5053367018699646,0.4420190751552582,0.29425862431526184,0.19812187552452087,0.08318068087100983,2.171020746231079,0.7516739|0.2483262|0.0000000|0.0000000|0.0000000|0.0000000|0.0000000|0.0000000|0.0000000|0.0000000,0,0.7516738772392273,7.763208431271924,0,0,0,0,0,
cross_town,Town02,mixed,20,193,9.65,117.93017578125,187.6062774658203,0.22167766094207764,-179.97372436523438,6.984891830066211e-09,499.49803358058756,1.3983822478535569e-09,1.52587890625e-05,2.663161087212984e-07,1.211767279335959e-06,0.3474155425920277,0.49151870608329773,0.40088146924972534,0.5739617347717285,0.0,0.42533668875694275,0.52201908826828,0.2871936857700348,0.20227579772472382,0.0704609751701355,2.454345464706421,0.7315449|0.2481948|0.0202603|0.0000000|0.0000000|0.0000000|0.0000000|0.0000000|0.0000000|0.0000000,0,0.7315449118614197,7.778653153818311,0,0,0,0,0,
cross_town,Town02,mixed,20,194,9.7,117.93017578125,187.6062774658203,0.22167766094207764,-179.97372436523438,6.984891830066211e-09,499.49803358058756,1.3983822478535569e-09,1.52587890625e-05,2.663161087212984e-07,3.437875230402777e-07,0.3496747129358415,0.41027528047561646,0.5563809871673584,0.2918117940425873,0.0,0.5053367018699646,0.4420190751552582,0.26460275053977966,0.20188742876052856,0.04256725311279297,2.2179532051086426,0.7344821|0.2461809|0.0193370|0.0000000|0.0000000|0.0000000|0.0000000|0.0000000|0.0000000|0.0000000,0,0.7344821095466614,7.80972741811391,0,0,0,0,0,
cross_town,Town02,mixed,20,195,9.75,117.93017578125,187.6062774658203,0.22167766094207764,-179.97372436523438,6.984891830066211e-09,499.49803358058756,1.3983822478535569e-09,1.52587890625e-05,2.663161087212984e-07,3.438631148646791e-08,0.29395247728667445,0.25425904989242554,0.3730107545852661,0.21055223047733307,0.0,0.42533668875694275,0.36201906204223633,0.8218274116516113,0.27222907543182373,0.609965443611145,1.5731675624847412,1.0000000|0.0000000|0.0000000|0.0000000|0.0000000|0.0000000|0.0000000|0.0000000|0.0000000|0.0000000,0,1.0,7.840523999548275,0,0,0,0,0,
cross_town,Town02,mixed,20,196,9.8,117.93017578125,187.6062774658203,0.22167766094207764,-179.97372436523438,6.984891830066211e-09,499.49803358058756,1.3983822478535569e-09,1.52587890625e-05,2.663161087212984e-07,6.881708740268982e-08,0.3493680771597484,0.5384985208511353,0.42962735891342163,0.6443016529083252,0.0,0.3453366756439209,0.4420190751552582,0.26767218112945557,0.20283780992031097,0.04554588720202446,2.6047468185424805,0.7254838|0.2545895|0.0199268|0.0000000|0.0000000|0.0000000|0.0000000|0.0000000|0.0000000|0.0000000,0,0.725483775138855,7.854902386694672,0,0,0,0,0,
cross_town,Town02,mixed,20,197,9.85,117.93017578125,187.6062774658203,0.22167766094207764,-179.97372436523438,6.984891830066211e-09,499.49803358058756,1.3983822478535569e-09,1.52587890625e-05,2.663161087212984e-07,1.032463734321237e-07,0.34760455982997457,0.42292988300323486,0.6277210712432861,0.6128815412521362,0.0,0.42533668875694275,0.52201908826828,0.2853081226348877,0.17363984882831573,0.09678970277309418,2.5910134315490723,1.0000000|0.0000000|0.0000000|0.0000000|0.0000000|0.0000000|0.0000000|0.0000000|0.0000000|0.0000000,0,1.0,7.8393637610664975,0,0,0,0,0,
cross_town,Town02,mixed,20,198,9.9,117.93017578125,187.6062774658203,0.22167766094207764,-179.97372436523438,6.984891830066211e-09,499.49803358058756,1.3983822478535569e-09,1.52587890625e-05,2.663161087212984e-07,1.376495554500205e-07,0.34988283279723775,0.4001314043998718,0.5581361651420593,0.264327734708786,0.0,0.5053367018699646,0.4420190751552582,0.2625269293785095,0.19883877038955688,0.04294225573539734,2.1586318016052246,0.7444052|0.2555948|0.0000000|0.0000000|0.0000000|0.0000000|0.0000000|0.0000000|0.0000000|0.0000000,0,0.744405210018158,7.786863318853891,0,0,0,0,0,
cross_town,Town02,mixed,20,199,9.95,117.93017578125,187.6062774658203,0.22167766094207764,-179.97372436523438,6.984891830066211e-09,499.49803358058756,1.3983822478535569e-09,1.52587890625e-05,2.663161087212984e-07,2.4061848887878357e-07,0.3520836642701113,0.5180012583732605,0.40880653262138367,0.5842941999435425,0.0,0.42533668875694275,0.52201908826828,0.24051861464977264,0.1792234629392624,0.03331693261861801,2.5234475135803223,0.9728509|0.0271491|0.0000000|0.0000000|0.0000000|0.0000000|0.0000000|0.0000000|0.0000000|0.0000000,0,0.9728509187698364,7.700536771518299,0,0,0,0,0,
cross_town,Town02,mixed,20,200,10.0,117.93017578125,187.6062774658203,0.22167766094207764,-179.97372436523438,6.984891830066211e-09,499.49803358058756,1.3983822478535569e-09,1.52587890625e-05,2.663161087212984e-07,2.749779793022181e-07,0.35007337692565565,0.4124448299407959,0.5545188784599304,0.2532213628292084,0.0,0.5053367018699646,0.4420190751552582,0.26062148809432983,0.19808807969093323,0.04122668132185936,2.227999687194824,0.7520199|0.2479801|0.0000000|0.0000000|0.0000000|0.0000000|0.0000000|0.0000000|0.0000000|0.0000000,0,0.7520199418067932,7.59078790149822,0,0,0,0,0,
cross_town,Town02,mixed,20,201,10.05,117.93017578125,187.6062774658203,0.22167766094207764,-179.97372436523438,6.984891830066211e-09,499.49803358058756,1.3983822478535569e-09,1.52587890625e-05,2.663161087212984e-07,3.4372191958453234e-07,0.3519580855590853,0.5033590197563171,0.3979610800743103,0.5880429148674011,0.0,0.42533668875694275,0.52201908826828,0.24177516996860504,0.1786680668592453,0.03558896854519844,2.435556650161743,0.9755515|0.0244486|0.0000000|0.0000000|0.0000000|0.0000000|0.0000000|0.0000000|0.0000000|0.0000000,0,0.9755514860153198,7.472280854361975,0,0,0,0,0,
cross_town,Town02,mixed,20,202,10.1,117.93017578125,187.6062774658203,0.22167766094207764,-179.97372436523438,6.984891830066211e-09,499.49803358058756,1.3983822478535569e-09,1.52587890625e-05,2.663161087212984e-07,3.784367208961944e-07,0.3498201965910944,0.387021005153656,0.5546529293060303,0.23289798200130463,0.0,0.5053367018699646,0.4420190751552582,0.2631540596485138,0.2020966112613678,0.04049356281757355,2.223764419555664,0.7344048|0.2443773|0.0212179|0.0000000|0.0000000|0.0000000|0.0000000|0.0000000|0.0000000|0.0000000,0,0.7344048023223877,7.359995522756345,0,0,0,0,0,
cross_town,Town02,mixed,20,203,10.15,117.93017578125,187.6062774658203,0.22167766094207764,-179.97372436523438,6.984891830066211e-09,499.49803358058756,1.3983822478535569e-09,1.52587890625e-05,2.663161087212984e-07,3.434588321718951e-08,0.29422595199174806,0.3933180868625641,0.29885613918304443,0.2496095597743988,0.0,0.42533668875694275,0.36201906204223633,0.8190965056419373,0.27222907543182373,0.6053304672241211,1.1554052829742432,1.0000000|0.0000000|0.0000000|0.0000000|0.0000000|0.0000000|0.0000000|0.0000000|0.0000000|0.0000000,0,1.0,7.266264429733629,0,0,0,0,0,
cross_town,Town02,mixed,20,204,10.2,117.93017578125,187.6062774658203,0.22167766094207764,-179.97372436523438,6.984891830066211e-09,499.49803358058756,1.3983822478535569e-09,1.52587890625e-05,2.663161087212984e-07,6.873496337566275e-08,0.3032570033890734,0.29259610176086426,0.26812106370925903,0.18788181245326996,0.0,0.3453366756439209,0.2820190489292145,0.7287859916687012,0.28021004796028137,0.46690788865089417,1.4875926971435547,0.9254630|0.0745371|0.0000000|0.0000000|0.0000000|0.0000000|0.0000000|0.0000000|0.0000000|0.0000000,0,0.9254629611968994,7.198273524171955,0,0,0,0,0,
cross_town,Town02,mixed,20,205,10.25,117.93017578125,187.6062774658203,0.22167766094207764,-179.97372436523438,6.984891830066211e-09,499.49803358058756,1.3983822478535569e-09,1.52587890625e-05,2.663161087212984e-07,1.0315476451820343e-07,0.35007451470918993,0.5202714204788208,0.5747072696685791,0.6591030359268188,0.0,0.42533668875694275,0.36201906204223633,0.2606108784675598,0.19858446717262268,0.04071655124425888,2.7479476928710938,0.7469850|0.2530150|0.0000000|0.0000000|0.0000000|0.0000000|0.0000000|0.0000000|0.0000000|0.0000000,0,0.7469850182533264,7.157374503550696,0,0,0,0,0,
cross_town,Town02,mixed,20,206,10.3,117.93017578125,187.6062774658203,0.22167766094207764,-179.97372436523438,6.984891830066211e-09,499.49803358058756,1.3983822478535569e-09,1.52587890625e-05,2.663161087212984e-07,1.4169487765634252e-06,0.2761356025558403,0.21677166223526,0.351748526096344,0.11253325641155243,0.0,0.351748526096344,0.2820190489292145,1.0,0.3863968551158905,8.612224578857422,0.40988272428512573,0.7098764|0.2901236|0.0000000|0.0000000|0.0000000|0.0000000|0.0000000|0.0000000|0.0000000|0.0000000,0,0.7098764181137085,7.13943383011084,0,0,0,0,0,
cross_town,Town02,mixed,20,207,10.35,117.93017578125,187.6062774658203,0.22167766094207764,-179.97372436523438,6.984891830066211e-09,499.49803358058756,1.3983822478535569e-09,1.52587890625e-05,2.663161087212984e-07,1.3764464498676415e-07,0.343147680125488,0.5137446522712708,0.5449763536453247,0.7001193761825562,0.0,0.43174853920936584,0.36201906204223633,0.3298792243003845,0.20345447957515717,0.11936267465353012,2.700854539871216,0.7309248|0.2403566|0.0193849|0.0093337|0.0000000|0.0000000|0.0000000|0.0000000|0.0000000|0.0000000,0,0.7309248447418213,7.136363344721582,0,0,0,0,0,
cross_town,Town02,mixed,20,208,10.4,117.93017578125,187.6062774658203,0.22167766094207764,-179.97372436523438,6.984891830066211e-09,499.49803358058756,1.3983822478535569e-09,1.52587890625e-05,2.663161087212984e-07,1.72949752267685e-07,0.3460877149921502,0.49494001269340515,0.4263862073421478,0.7138049602508545,0.0,0.351748526096344,0.4420190751552582,0.30047887563705444,0.17666488885879517,0.11208049207925797,2.8558692932128906,0.9866491|0.0133509|0.0000000|0.0000000|0.0000000|0.0000000|0.0000000|0.0000000|0.0000000|0.0000000,0,0.9866490960121155,7.138419443108161,0,0,0,0,0,
cross_town,Town02,mixed,20,209,10.45,117.93017578125,187.6062774658203,0.22167766094207764,-179.97372436523438,6.984891830066211e-09,499.49803358058756,1.3983822478535569e-09,1.52587890625e-05,2.663161087212984e-07,2.6418527740111256e-07,0.35288836628111636,0.4606548249721527,0.6078085899353027,0.49919411540031433,0.0,0.43174853920936584,0.49919411540031433,0.27004456520080566,0.20064781606197357,0.05075307935476303,2.648164749145508,0.7399025|0.2492831|0.0108144|0.0000000|0.0000000|0.0000000|0.0000000|0.0000000|0.0000000|0.0000000,0,0.7399024963378906,7.135176851089161,0,0,0,0,0,
cross_town,Town02,mixed,20,210,10.5,117.93017578125,187.6062774658203,0.22167766094207764,-179.97372436523438,6.984891830066211e-09,499.49803358058756,1.3983822478535569e-09,1.52587890625e-05,2.663161087212984e-07,1.1441389144487652e-06,0.3494914401098018,0.4174778461456299,0.5339388251304626,0.4202423691749573,0.0,0.5117485523223877,0.4202423691749573,0.2684411108493805,0.2042311728000641,0.04513227194547653,2.25689697265625,0.7242280|0.2457715|0.0190400|0.0109605|0.0000000|0.0000000|0.0000000|0.0000000|0.0000000|0.0000000,0,0.7242279648780823,7.11711575917396,0,0,0,0,0,
cross_town,Town02,mixed,20,211,10.55,117.93017578125,187.6062774658203,0.22167766094207764,-179.97372436523438,6.984891830066211e-09,499.49803358058756,1.3983822478535569e-09,1.52587890625e-05,2.663161087212984e-07,1.0419945592313753e-06,0.3487768438677063,0.513442873954773,0.4203932285308838,0.5096794366836548,0.0,0.43174853920936584,0.5002423524856567,0.2735876441001892,0.19853222370147705,0.05734383314847946,2.3829073905944824,0.7475151|0.2524849|0.0000000|0.0000000|0.0000000|0.0000000|0.0000000|0.0000000|0.0000000|0.0000000,0,0.747515082359314,7.077956166739041,0,0,0,0,0,
cross_town,Town02,mixed,20,212,10.6,117.93017578125,187.6062774658203,0.22167766094207764,-179.97372436523438,6.984891830066211e-09,499.49803358058756,1.3983822478535569e-09,1.52587890625e-05,2.663161087212984e-07,3.442112388237106e-08,0.35102104838905923,0.4496086835861206,0.5541041493415833,0.4095788300037384,0.0,0.5117485523223877,0.4202423393726349,0.25114554166793823,0.20500794053077698,0.02186405472457409,2.395965099334717,0.7184620|0.2495622|0.0185277|0.0134481|0.0000000|0.0000000|0.0000000|0.0000000|0.0000000|0.0000000,0,0.7184620499610901,7.016900274067599,0,0,0,0,0,
cross_town,Town02,mixed,20,213,10.65,117.93017578125,187.6062774658203,0.22167766094207764,-179.97372436523438,6.984891830066211e-09,499.49803358058756,1.3983822478535569e-09,1.52587890625e-05,2.663161087212984e-07,6.881699957693392e-08,0.29768390353737434,0.29544422030448914,0.2949117124080658,0.20327810943126678,0.0,0.43174853920936584,0.34024232625961304,0.7845169901847839,0.28029751777648926,0.5427490472793579,1.6097239255905151,0.9246458|0.0753542|0.0000000|0.0000000|0.0000000|0.0000000|0.0000000|0.0000000|0.0000000|0.0000000,0,0.9246457815170288,6.9379917593602185,0,0,0,0,0,
cross_town,Town02,mixed,20,214,10.7,117.93017578125,187.6062774658203,0.22167766094207764,-179.97372436523438,6.984891830066211e-09,499.49803358058756,1.3983822478535569e-09,1.52587890625e-05,2.663161087212984e-07,1.7184526547160542e-07,0.34751907583303787,0.5375228524208069,0.3962327539920807,0.6111890077590942,0.0,0.351748526096344,0.4202423393726349,0.2861652672290802,0.20185256004333496,0.06962692737579346,2.5272057056427,0.7337678|0.2478804|0.0183519|0.0000000|0.0000000|0.0000000|0.0000000|0.0000000|0.0000000|0.0000000,0,0.7337678074836731,6.848808742799459,0,0,0,0,0,
cross_town,Town02,mixed,20,215,10.75,117.93017578125,187.6062774658203,0.22167766094207764,-179.97372436523438,6.984891830066211e-09,499.49803358058756,1.3983822478535569e-09,1.52587890625e-05,2.663161087212984e-07,2.0625176510201782e-07,0.3397127061707529,0.4521235525608063,0.619009792804718,0.688786506652832,0.0,0.43174853920936584,0.5002423524856567,0.3642289638519287,0.1790705919265747,0.18166545033454895,2.6789493560791016,0.9735944|0.0264056|0.0000000|0.0000000|0.0000000|0.0000000|0.0000000|0.0000000|0.0000000|0.0000000,0,0.9735943675041199,6.758446671145308,0,0,0,0,0,
cross_town,Town02,mixed,20,216,10.8,117.93017578125,187.6062774658203,0.22167766094207764,-179.97372436523438,6.984891830066211e-09,499.49803358058756,1.3983822478535569e-09,1.52587890625e-05,2.663161087212984e-07,1.3143050861698628e-06,0.3598495854923443,0.46577322483062744,0.541595995426178,0.5200334191322327,0.0,0.5117485523223877,0.5200334191322327,0.23495995998382568,0.18386489152908325,0.021006811410188675,2.4589576721191406,0.9510332|0.0269141|0.0220528|0.0000000|0.0000000|0.0000000|0.0000000|0.0000000|0.0000000|0.0000000,0,0.9510331749916077,6.675383299743272,0,0,0,0,0,
cross_town,Town02,mixed,20,217,10.85,117.93017578125,187.6062774658203,0.22167766094207764,-179.97372436523438,6.984891830066211e-09,499.49803358058756,1.3983822478535569e-09,1.52587890625e-05,2.663161087212984e-07,2.407327650752064e-07,0.3506296038248675,0.48035043478012085,0.46701639890670776,0.3346952199935913,0.0,0.43174853920936584,0.4400334060192108,0.25505998730659485,0.1736399382352829,0.05840884521603584,2.3990278244018555,1.0000000|0.0000000|0.0000000|0.0000000|0.0000000|0.0000000|0.0000000|0.0000000|0.0000000|0.0000000,0,1.0,6.605716292686307,0,0,0,0,0,
cross_town,Town02,mixed,20,218,10.9,117.93017578125,187.6062774658203,0.22167766094207764,-179.97372436523438,6.984891830066211e-09,499.49803358058756,1.3983822478535569e-09,1.52587890625e-05,2.663161087212984e-07,2.750903454386135e-07,0.34678848084029557,0.4979396462440491,0.4972940981388092,0.5964784622192383,0.0,0.351748526096344,0.5200334191322327,0.29347121715545654,0.2027866244316101,0.07756729423999786,2.5030293464660645,0.7252008|0.2556117|0.0191875|0.0000000|0.0000000|0.0000000|0.0000000|0.0000000|0.0000000|0.0000000,0,0.7252008318901062,6.552423543475067,0,0,0,0,0,
cross_town,Town02,mixed,20,219,10.95,117.93017578125,187.6062774658203,0.22167766094207764,-179.97372436523438,6.984891830066211e-09,499.49803358058756,1.3983822478535569e-09,1.52587890625e-05,2.663161087212984e-07,3.094747768799852e-07,0.35021765526361803,0.3914797306060791,0.6690199971199036,0.2650411128997803,0.0,0.43174853920936584,0.4400334060192108,0.2591794729232788,0.20470741391181946,0.032733164727687836,2.213798761367798,0.7262713|0.2358966|0.0201294|0.0177027|0.0000000|0.0000000|0.0000000|0.0000000|0.0000000|0.0000000,0,0.7262712717056274,6.514723956701993,0,0,0,0,0,
cross_town,Town02,mixed,20,220,11.0,117.93017578125,187.6062774658203,0.22167766094207764,-179.97372436523438,6.984891830066211e-09,499.49803358058756,1.3983822478535569e-09,1.52587890625e-05,2.663161087212984e-07,3.43687343584815e-08,0.3483114420992874,0.4844432771205902,0.524348795413971,0.5477747917175293,0.0,0.5117485523223877,0.5200334191322327,0.2782416045665741,0.20154598355293274,0.06015388295054436,2.6064774990081787,0.7371654|0.2442039|0.0186307|0.0000000|0.0000000|0.0000000|0.0000000|0.0000000|0.0000000|0.0000000,0,0.7371653914451599,6.4889398681747785,0,0,0,0,0,
cross_town,Town02,mixed,20,221,11.05,117.93017578125,187.6062774658203,0.22167766094207764,-179.97372436523438,6.984891830066211e-09,499.49803358058756,1.3983822478535569e-09,1.52587890625e-05,2.663161087212984e-07,6.878534052357284e-08,0.34300872977800584,0.4380403757095337,0.5134956240653992,0.34424111247062683,0.0,0.5134956240653992,0.4400334060192108,0.3312687277793884,0.20597539842128754,0.11841148138046265,2.268663167953491,0.7151605|0.2447556|0.0209355|0.0191485|0.0000000|0.0000000|0.0000000|0.0000000|0.0000000|0.0000000,0,0.7151604890823364,6.469341982028557,0,0,0,0,0,
cross_town,Town02,mixed,20,222,11.1,117.93017578125,187.6062774658203,0.22167766094207764,-179.97372436523438,6.984891830066211e-09,499.49803358058756,1.3983822478535569e-09,1.52587890625e-05,2.663161087212984e-07,1.0321622739825651e-07,0.358541212479515,0.5083714723587036,0.4534471333026886,0.45026499032974243,0.0,0.4334956109523773,0.45026499032974243,0.25148770213127136,0.2021203637123108,0.025206271559000015,2.2859342098236084,0.7320498|0.2486792|0.0192711|0.0000000|0.0000000|0.0000000|0.0000000|0.0000000|0.0000000|0.0000000,0,0.7320497632026672,6.449439987117164,0,0,0,0,0,
cross_town,Town02,mixed,20,223,11.15,117.93017578125,187.6062774658203,0.22167766094207764,-179.97372436523438,6.984891830066211e-09,499.49803358058756,1.3983822478535569e-09,1.52587890625e-05,2.663161087212984e-07,1.3853470579805325e-07,0.34560290547437933,0.4925435185432434,0.515670657157898,0.5847154259681702,0.0,0.5134956240653992,0.5302649736404419,0.30532702803611755,0.20617753267288208,0.08830803632736206,2.5470004081726074,0.7146999|0.2430510|0.0212517|0.0209974|0.0000000|0.0000000|0.0000000|0.0000000|0.0000000|0.0000000,0,0.7146998643875122,6.423149981630007,0,0,0,0,0,
cross_town,Town02,mixed,20,224,11.2,117.93017578125,187.6062774658203,0.22167766094207764,-179.97372436523438,6.984891830066211e-09,499.49803358058756,1.3983822478535569e-09,1.52587890625e-05,2.663161087212984e-07,1.7196709448521527e-07,0.3417820065838817,0.4369250237941742,0.5210692286491394,0.2777613699436188,0.0,0.5210692286491394,0.45026496052742004,0.3435359597206116,0.2017851322889328,0.13632085919380188,2.224801778793335,0.7373783|0.2415752|0.0210466|0.0000000|0.0000000|0.0000000|0.0000000|0.0000000|0.0000000|0.0000000,0,0.7373782992362976,6.386050907349368,0,0,0,0,0,
cross_town,Town02,mixed,20,225,11.25,117.93017578125,187.6062774658203,0.22167766094207764,-179.97372436523438,6.984891830066211e-09,499.49803358058756,1.3983822478535569e-09,1.52587890625e-05,2.663161087212984e-07,2.750044386847362e-07,0.35517198651803933,0.5072784423828125,0.4428848624229431,0.4971450865268707,0.0,0.44106921553611755,0.4971450865268707,0.2600632309913635,0.2018638253211975,0.03672616928815842,2.308854579925537,0.7357436|0.2439798|0.0202766|0.0000000|0.0000000|0.0000000|0.0000000|0.0000000|0.0000000|0.0000000,0,0.7357436418533325,6.336386783578054,0,0,0,0,0,
cross_town,Town02,mixed,20,226,11.3,117.93017578125,187.6062774658203,0.22167766094207764,-179.97372436523438,6.984891830066211e-09,499.49803358058756,1.3983822478535569e-09,1.52587890625e-05,2.663161087212984e-07,3.940737582219444e-07,0.28043759163443116,0.2701706290245056,0.42430317401885986,0.16004528105258942,0.0,0.42430317401885986,0.4171450734138489,0.9569801092147827,0.28772667050361633,0.9878031611442566,1.7152221202850342,0.8465279|0.0885484|0.0649237|0.0000000|0.0000000|0.0000000|0.0000000|0.0000000|0.0000000|0.0000000,0,0.8465278744697571,6.274976139810533,0,0,0,0,0,
cross_town,Town02,mixed,20,227,11.35,117.93017578125,187.6062774658203,0.22167766094207764,-179.97372436523438,6.984891830066211e-09,499.49803358058756,1.3983822478535569e-09,1.52587890625e-05,2.663161087212984e-07,3.934486545066129e-07,0.3399314969402882,0.502082109451294,0.4834710359573364,0.6483566761016846,0.0,0.344303160905838,0.4971450865268707,0.36204105615615845,0.20710217952728271,0.15126875042915344,2.5696234703063965,0.7081846|0.2448461|0.0273822|0.0195871|0.0000000|0.0000000|0.0000000|0.0000000|0.0000000|0.0000000,0,0.7081845998764038,6.2053101727520685,0,0,0,0,0,
cross_town,Town02,mixed,20,228,11.4,117.93017578125,187.6062774658203,0.22167766094207764,-179.97372436523438,6.984891830066211e-09,499.49803358058756,1.3983822478535569e-09,1.52587890625e-05,2.663161087212984e-07,0.0,0.3492147296291906,0.3825001120567322,0.6345757842063904,0.40147078037261963,0.0,0.42430317401885986,0.4171450734138489,0.26920872926712036,0.2024538367986679,0.047885943204164505,2.1218271255493164,0.7352466|0.2356017|0.0291518|0.0000000|0.0000000|0.0000000|0.0000000|0.0000000|0.0000000|0.0000000,0,0.7352465987205505,6.132196158242372,0,0,0,0,0,
cross_town,Town02,mixed,20,229,11.45,117.93017578125,187.6062774658203,0.22167766094207764,-179.97372436523438,6.984891830066211e-09,499.49803358058756,1.3983822478535569e-09,1.52587890625e-05,2.663161087212984e-07,3.445786043613727e-08,0.33790547843995516,0.5143827795982361,0.4908673167228699,0.643662691116333,0.0,0.344303160905838,0.4971450865268707,0.3823012411594391,0.20750316977500916,0.1725487858057022,2.664491653442383,0.7056010|0.2446589|0.0308540|0.0188860|0.0000000|0.0000000|0.0000000|0.0000000|0.0000000|0.0000000,0,0.7056010365486145,6.060768853176408,0,0,0,0,0,
cross_town,Town02,mixed,20,230,11.5,117.93017578125,187.6062774658203,0.22167766094207764,-179.97372436523438,6.984891830066211e-09,499.49803358058756,1.3983822478535569e-09,1.52587890625e-05,2.663161087212984e-07,6.893431346295493e-08,0.3489342361313854,0.4211278557777405,0.7105075716972351,0.5912595391273499,0.0,0.42430317401885986,0.5771450996398926,0.27201366424560547,0.1864030957221985,0.06748940050601959,2.519272565841675,0.9343067|0.0426103|0.0230830|0.0000000|0.0000000|0.0000000|0.0000000|0.0000000|0.0000000|0.0000000,0,0.9343066811561584,5.995343657896132,0,0,0,0,0,
cross_town,Town02,mixed,20,231,11.55,117.93017578125,187.6062774658203,0.22167766094207764,-179.97372436523438,6.984891830066211e-09,499.49803358058756,1.3983822478535569e-09,1.52587890625e-05,2.663161087212984e-07,1.4510125057598418e-06,0.3205156057697217,0.4089573621749878,0.6662397980690002,0.03984466940164566,0.0,0.5043031573295593,0.4971450865268707,0.5561999678611755,0.20742502808570862,0.34901341795921326,2.0968856811523438,0.7062699|0.2427873|0.0325416|0.0184012|0.0000000|0.0000000|0.0000000|0.0000000|0.0000000|0.0000000,0,0.7062698602676392,5.938605334315366,0,0,0,0,0,
cross_town,Town02,mixed,20,232,11.6,117.93017578125,187.6062774658203,0.22167766094207764,-179.97372436523438,6.984891830066211e-09,499.49803358058756,1.3983822478535569e-09,1.52587890625e-05,2.663161087212984e-07,1.0342459354987743e-07,0.35023246387244755,0.47426754236221313,0.5067931413650513,0.4255637228488922,0.0,0.5067931413650513,0.4255637228488922,0.27434471249580383,0.2038659155368805,0.05296168848872185,2.4428439140319824,0.7235411|0.2419258|0.0345330|0.0000000|0.0000000|0.0000000|0.0000000|0.0000000|0.0000000|0.0000000,0,0.7235411405563354,5.891244356585332,0,0,0,0,0,
cross_town,Town02,mixed,20,233,11.65,117.93017578125,187.6062774658203,0.22167766094207764,-179.97372436523438,6.984891830066211e-09,499.49803358058756,1.3983822478535569e-09,1.52587890625e-05,2.663161087212984e-07,2.0297367821914383e-07,0.34778273399894055,0.5078656673431396,0.4003739356994629,0.5402817726135254,0.0,0.4267931282520294,0.5055637359619141,0.2835286855697632,0.19912786781787872,0.06911591440439224,2.4071645736694336,0.7414733|0.2585267|0.0000000|0.0000000|0.0000000|0.0000000|0.0000000|0.0000000|0.0000000|0.0000000,0,0.7414733171463013,5.85201539118711,0,0,0,0,0,
cross_town,Town02,mixed,20,234,11.7,117.93017578125,187.6062774658203,0.22167766094207764,-179.97372436523438,6.984891830066211e-09,499.49803358058756,1.3983822478535569e-09,1.52587890625e-05,2.663161087212984e-07,1.2462775845109254e-06,0.35928625304151524,0.46253031492233276,0.546332597732544,0.5145160555839539,0.0,0.5067931413650513,0.5145160555839539,0.24433179199695587,0.178968608379364,0.03876256197690964,2.3568432331085205,0.9740902|0.0259098|0.0000000|0.0000000|0.0000000|0.0000000|0.0000000|0.0000000|0.0000000|0.0000000,0,0.9740901589393616,5.8181469922287015,0,0,0,0,0,
cross_town,Town02,mixed,20,235,11.75,117.93017578125,187.6062774658203,0.22167766094207764,-179.97372436523438,6.984891830066211e-09,499.49803358058756,1.3983822478535569e-09,1.52587890625e-05,2.663161087212984e-07,1.2458161129912088e-06,0.3508511891070535,0.5399430990219116,0.4892757833003998,0.5021775364875793,0.0,0.4267931282520294,0.5021775364875793,0.32781729102134705,0.18256261944770813,0.13791894912719727,2.6043541431427,0.9502407|0.0497593|0.0000000|0.0000000|0.0000000|0.0000000|0.0000000|0.0000000|0.0000000|0.0000000,0,0.9502406716346741,5.786019898730115,0,0,0,0,0,
cross_town,Town02,mixed,20,236,11.8,117.93017578125,187.6062774658203,0.22167766094207764,-179.97372436523438,6.984891830066211e-09,499.49803358058756,1.3983822478535569e-09,1.52587890625e-05,2.663161087212984e-07,3.09476872283125e-07,0.3508450358730292,0.4445096254348755,0.539897084236145,0.3809296190738678,0.0,0.5067931413650513,0.4221775233745575,0.2529056668281555,0.20248524844646454,0.026721030473709106,2.3512415885925293,0.7295972|0.2499819|0.0204209|0.0000000|0.0000000|0.0000000|0.0000000|0.0000000|0.0000000|0.0000000,0,0.7295972108840942,5.75192711804818,0,0,0,0,0,
cross_town,Town02,mixed,20,237,11.85,117.93017578125,187.6062774658203,0.22167766094207764,-179.97372436523438,6.984891830066211e-09,499.49803358058756,1.3983822478535569e-09,1.52587890625e-05,2.663161087212984e-07,3.439644780688785e-08,0.34772744175012354,0.5178910493850708,0.35631537437438965,0.6311757564544678,0.0,0.4267931282520294,0.5021775364875793,0.2840816080570221,0.1736399382352829,0.09528391808271408,2.5246031284332275,1.0000000|0.0000000|0.0000000|0.0000000|0.0000000|0.0000000|0.0000000|0.0000000|0.0000000|0.0000000,0,1.0,5.712829907936444,0,0,0,0,0,
cross_town,Town02,mixed,20,238,11.9,117.93017578125,187.6062774658203,0.22167766094207764,-179.97372436523438,6.984891830066211e-09,499.49803358058756,1.3983822478535569e-09,1.52587890625e-05,2.663161087212984e-07,6.881262787456969e-08,0.3499538336669016,0.4184303283691406,0.547882616519928,0.4258624017238617,0.0,0.5067931413650513,0.4258624017238617,0.26872971653938293,0.2084011733531952,0.04132957011461258,2.262544631958008,0.7015502|0.2355414|0.0442765|0.0186320|0.0000000|0.0000000|0.0000000|0.0000000|0.0000000|0.0000000,0,0.7015501856803894,5.666940426755691,0,0,0,0,0,
cross_town,Town02,mixed,20,239,11.95,117.93017578125,187.6062774658203,0.22167766094207764,-179.97372436523438,6.984891830066211e-09,499.49803358058756,1.3983822478535569e-09,1.52587890625e-05,2.663161087212984e-07,1.0324333267530765e-07,0.3469155162198101,0.5152841210365295,0.43098020553588867,0.5637499094009399,0.0,0.4267931282520294,0.5058624148368835,0.29220086336135864,0.2084033489227295,0.07041691988706589,2.431518077850342,0.7026612|0.2313399|0.0485414|0.0174575|0.0000000|0.0000000|0.0000000|0.0000000|0.0000000|0.0000000,0,0.7026611566543579,5.614019767324655,0,0,0,0,0,
cross_town,Town02,mixed,20,240,12.0,117.93017578125,187.6062774658203,0.22167766094207764,-179.97372436523438,6.984891830066211e-09,499.49803358058756,1.3983822478535569e-09,1.52587890625e-05,2.663161087212984e-07,2.0683630288003298e-07,0.3496818184477829,0.44934433698654175,0.5607994198799133,0.4127458930015564,0.0,0.5067931413650513,0.4258624017238617,0.26453784108161926,0.2060929387807846,0.03827836364507675,2.3722968101501465,0.7101668|0.2359698|0.0538635|0.0000000|0.0000000|0.0000000|0.0000000|0.0000000|0.0000000|0.0000000,0,0.7101667523384094,5.555316206264277,0,0,0,0,0,
cross_town,Town02,mixed,20,241,12.05,117.93017578125,187.6062774658203,0.22167766094207764,-179.97372436523438,6.984891830066211e-09,499.49803358058756,1.3983822478535569e-09,1.52587890625e-05,2.663161087212984e-07,2.4065203442196936e-07,0.3514939322692876,0.5120309591293335,0.41826331615448,0.7010697722434998,0.0,0.4267931282520294,0.5058624148368835,0.24641670286655426,0.19050170481204987,0.03004441224038601,2.7669529914855957,0.9056613|0.0690114|0.0253272|0.0000000|0.0000000|0.0000000|0.0000000|0.0000000|0.0000000|0.0000000,0,0.9056612849235535,5.493194407603213,0,0,0,0,0,
cross_town,Town02,mixed,20,242,12.1,117.93017578125,187.6062774658203,0.22167766094207764,-179.97372436523438,6.984891830066211e-09,499.49803358058756,1.3983822478535569e-09,1.52587890625e-05,2.663161087212984e-07,2.749861541553211e-07,0.30643257196970264,0.322168231010437,0.5002099871635437,0.3006749153137207,0.0,0.5002099871635437,0.4258624017238617,0.6970303058624268,0.27222907543182373,0.4360700249671936,1.2478543519973755,1.0000000|0.0000000|0.0000000|0.0000000|0.0000000|0.0000000|0.0000000|0.0000000|0.0000000|0.0000000,0,1.0,5.430524644439432,0,0,0,0,0,
cross_town,Town02,mixed,20,243,12.15,117.93017578125,187.6062774658203,0.22167766094207764,-179.97372436523438,6.984891830066211e-09,499.49803358058756,1.3983822478535569e-09,1.52587890625e-05,2.663161087212984e-07,3.0940741959998395e-07,0.3458088874442134,0.5112058520317078,0.4532301723957062,0.5514211654663086,0.0,0.42020997405052185,0.5058624148368835,0.30326715111732483,0.21007147431373596,0.0819815844297409,2.440293550491333,0.6923614|0.2283213|0.0593275|0.0199899|0.0000000|0.0000000|0.0000000|0.0000000|0.0000000|0.0000000,0,0.6923613548278809,5.370041819620263,0,0,0,0,0,
cross_town,Town02,mixed,20,244,12.2,117.93017578125,187.6062774658203,0.22167766094207764,-179.97372436523438,6.984891830066211e-09,499.49803358058756,1.3983822478535569e-09,1.52587890625e-05,2.663161087212984e-07,3.4420745733186737e-07,0.3582877226467647,0.44019412994384766,0.5965690016746521,0.553115963935852,0.0,0.5002099871635437,0.553115963935852,0.22848404943943024,0.19216066598892212,0.00361657259054482,2.50575590133667,0.8931592|0.0820911|0.0247497|0.0000000|0.0000000|0.0000000|0.0000000|0.0000000|0.0000000|0.0000000,0,0.8931591510772705,5.313783190865962,0,0,0,0,0,
cross_town,Town02,mixed,20,245,12.25,117.93017578125,187.6062774658203,0.22167766094207764,-179.97372436523438,6.984891830066211e-09,499.49803358058756,1.3983822478535569e-09,1.52587890625e-05,2.663161087212984e-07,3.434592955396707e-08,0.3513466447216978,0.46750175952911377,0.470452219247818,0.30658331513404846,0.0,0.470452219247818,0.4731159508228302,0.24788957834243774,0.1736399382352829,0.04888511449098587,2.2740917205810547,1.0000000|0.0000000|0.0000000|0.0000000|0.0000000|0.0000000|0.0000000|0.0000000|0.0000000|0.0000000,0,1.0,5.262745173188029,0,0,0,0,0,
cross_town,Town02,mixed,20,246,12.3,117.93017578125,187.6062774658203,0.22167766094207764,-179.97372436523438,6.984891830066211e-09,499.49803358058756,1.3983822478535569e-09,1.52587890625e-05,2.663161087212984e-07,6.877456136889988e-08,0.35228963788576206,0.5093173980712891,0.5095810294151306,0.6336477994918823,0.0,0.5095810294151306,0.553115963935852,0.23845964670181274,0.18786807358264923,0.021846149116754532,2.6931166648864746,0.9111260|0.0888740|0.0000000|0.0000000|0.0000000|0.0000000|0.0000000|0.0000000|0.0000000|0.0000000,0,0.9111259579658508,5.216784862300535,0,0,0,0,0,
cross_town,Town02,mixed,20,247,12.35,117.93017578125,187.6062774658203,0.22167766094207764,-179.97372436523438,6.984891830066211e-09,499.49803358058756,1.3983822478535569e-09,1.52587890625e-05,2.663161087212984e-07,1.031923827359172e-07,0.3315863698346172,0.43385863304138184,0.5299801230430603,0.21698366105556488,0.0,0.5299801230430603,0.4731159508228302,0.44549232721328735,0.20744946599006653,0.23782534897327423,2.2709667682647705,0.6956007|0.2408144|0.0635848|0.0000000|0.0000000|0.0000000|0.0000000|0.0000000|0.0000000|0.0000000,0,0.6956007480621338,5.1747426118012365,0,0,0,0,0,
cross_town,Town02,mixed,20,248,12.4,117.93017578125,187.6062774658203,0.22167766094207764,-179.97372436523438,6.984891830066211e-09,499.49803358058756,1.3983822478535569e-09,1.52587890625e-05,2.663161087212984e-07,1.4989462187821915e-07,0.3587217937077101,0.5059701800346375,0.46283578872680664,0.46433383226394653,0.0,0.44998010993003845,0.46433383226394653,0.25001260638237,0.1986793875694275,0.026684338226914406,2.506744861602783,0.7460222|0.2539778|0.0000000|0.0000000|0.0000000|0.0000000|0.0000000|0.0000000|0.0000000|0.0000000,0,0.7460222244262695,5.134769355542986,0,0,0,0,0,
cross_town,Town02,mixed,20,249,12.45,117.93017578125,187.6062774658203,0.22167766094207764,-179.97372436523438,6.984891830066211e-09,499.49803358058756,1.3983822478535569e-09,1.52587890625e-05,2.663161087212984e-07,1.3779036026742326e-07,0.3462722358327245,0.4956188499927521,0.49428266286849976,0.5993021130561829,0.0,0.3699800968170166,0.544333815574646,0.29863372445106506,0.20732934772968292,0.07921756058931351,2.4503190517425537,0.7003977|0.2257817|0.0738206|0.0000000|0.0000000|0.0000000|0.0000000|0.0000000|0.0000000|0.0000000,0,0.7003977298736572,5.094745943313259,0,0,0,0,0,
cross_town,Town02,mixed,20,250,12.5,117.93017578125,187.6062774658203,0.22167766094207764,-179.97372436523438,6.984891830066211e-09,499.49803358058756,1.3983822478535569e-09,1.52587890625e-05,2.663161087212984e-07,2.754626571794497e-07,0.27613560255589653,0.5795568227767944,0.6323999762535095,0.3769468069076538,0.0,0.44998010993003845,0.46433380246162415,1.0,0.3366490304470062,8.229910850524902,1.4113078117370605,0.8112351|0.1887649|0.0000000|0.0000000|0.0000000|0.0000000|0.0000000|0.0000000|0.0000000|0.0000000,0,0.8112350702285767,5.052732484346644,0,0,1,0,0,stuck
