protocol,town,weather,episode,t,sim_time_s,ego_x,ego_y,ego_z,ego_yaw_deg,route_s_m,route_remaining_m,route_completion_pct,cte_m,route_heading_rad,speed_kmh,reward,command_throttle,command_brake,command_steer,applied_throttle,applied_brake,applied_steer,sigma_bar,sigma_ale,sigma_epi,policy_entropy_proxy,attention,top_attention_index,top_attention_value,ttc_s,collision,off_route,timeout,red_light_violation,intervention,terminal_reason
cross_town,Town02,mixed,20,1,0.05,117.93017578125,187.6062774658203,0.15079765021800995,-179.97372436523438,6.984891830066211e-09,499.49803358058756,1.3983822478535569e-09,1.52587890625e-05,2.663161087212984e-07,0.4665232658386236,0.42502278555179057,0.0656951367855072,0.012652158737182617,-0.48197421431541443,0.05999999865889549,0.0,-0.07999999821186066,1.0,0.30549871921539307,37.20128631591797,-1.1579622030258179,0.6793725|0.2741013|0.0465262|0.0000000|0.0000000|0.0000000|0.0000000|0.0000000|0.0000000|0.0000000,0,0.6793725490570068,,0,0,0,0,0,
cross_town,Town02,mixed,20,2,0.1,117.93017578125,187.6062774658203,0.16111251711845398,-179.97372436523438,6.984891830066211e-09,499.49803358058756,1.3983822478535569e-09,1.52587890625e-05,2.663161087212984e-07,0.858406770229373,0.42502278555065764,0.040702104568481445,0.10674634575843811,-0.22384056448936462,0.0,0.07999999821186066,-0.1599999964237213,1.0,0.3009633719921112,42.00782012939453,-0.9788922071456909,0.7223801|0.2776199|0.0000000|0.0000000|0.0000000|0.0000000|0.0000000|0.0000000|0.0000000|0.0000000,0,0.7223801016807556,,0,0,0,0,0,
cross_town,Town02,mixed,20,3,0.15,117.93017578125,187.6062774658203,0.17358191311359406,-179.97372436523438,6.984891830066211e-09,499.49803358058756,1.3983822478535569e-09,1.52587890625e-05,2.663161087212984e-07,0.8940895378589663,0.4258699113218834,0.014357775449752808,0.8680528402328491,-0.08454085886478424,0.0,0.1599999964237213,-0.08454085886478424,0.9999997615814209,0.3107125759124756,3.979412794113159,0.7158001065254211,0.5373484|0.2022073|0.2254410|0.0350032|0.0000000|0.0000000|0.0000000|0.0000000|0.0000000|0.0000000,0,0.5373484492301941,,0,0,0,0,0,
cross_town,Town02,mixed,20,4,0.2,117.93017578125,187.6062774658203,0.18517296016216278,-179.97372436523438,6.984891830066211e-09,499.49803358058756,1.3983822478535569e-09,1.52587890625e-05,2.663161087212984e-07,0.7842068374157101,0.42680195226098594,0.9647810459136963,0.0064542293548583984,-0.1546647548675537,0.0,0.07999999821186066,-0.1546647548675537,1.0,0.28944647312164307,41.84839630126953,-0.9624546766281128,1.0000000|0.0000000|0.0000000|0.0000000|0.0000000|0.0000000|0.0000000|0.0000000|0.0000000|0.0000000,0,1.0,,0,0,0,0,0,
cross_town,Town02,mixed,20,5,0.25,117.93017578125,187.6062774658203,0.1948101818561554,-179.97372436523438,6.984891830066211e-09,499.49803358058756,1.3983822478535569e-09,1.52587890625e-05,2.663161087212984e-07,0.632099997998376,0.43056103616022484,0.013033658266067505,0.8224927186965942,-0.19691236317157745,0.0,0.1599999964237213,-0.19691236317157745,0.9999991655349731,0.311714231967926,3.680142641067505,0.6410183906555176,0.5211645|0.2265070|0.2118369|0.0404915|0.0000000|0.0000000|0.0000000|0.0000000|0.0000000|0.0000000,0,0.5211644768714905,,0,0,0,0,0,
cross_town,Town02,mixed,20,6,0.3,117.93017578125,187.6062774658203,0.20233985781669617,-179.97372436523438,6.984891830066211e-09,499.49803358058756,1.3983822478535569e-09,1.52587890625e-05,2.663161087212984e-07,0.48440850377133365,0.425022988197038,0.022641420364379883,0.969274640083313,0.15086963772773743,0.0,0.23999999463558197,-0.1169123649597168,0.9999979734420776,0.3111554682254791,3.4681098461151123,1.3197107315063477,0.5278686|0.2186334|0.2174773|0.0360208|0.0000000|0.0000000|0.0000000|0.0000000|0.0000000|0.0000000,0,0.5278685688972473,,0,0,0,0,0,
cross_town,Town02,mixed,20,7,0.35,117.93017578125,187.6062774658203,0.2079935371875763,-179.97372436523438,6.984891830066211e-09,499.49803358058756,1.3983822478535569e-09,1.52587890625e-05,2.663161087212984e-07,0.3589451730251944,0.42807955611638787,0.01397135853767395,0.9739192724227905,-0.25227174162864685,0.0,0.3199999928474426,-0.19691236317157745,0.9694322943687439,0.31103062629699707,1.0531607866287231,1.5431313514709473,0.5277231|0.2239348|0.2142875|0.0340546|0.0000000|0.0000000|0.0000000|0.0000000|0.0000000|0.0000000,0,0.5277230739593506,,0,0,0,0,0,
cross_town,Town02,mixed,20,8,0.4,117.93017578125,187.6062774658203,0.21212275326251984,-179.97372436523438,6.984891830066211e-09,499.49803358058756,1.3983822478535569e-09,1.52587890625e-05,2.663161087212984e-07,0.25964518189436947,0.42502460945462467,0.0565832257270813,0.9764243364334106,0.5462222099304199,0.0,0.4000000059604645,-0.1169123649597168,0.9999817609786987,0.3054705262184143,2.923185348510742,1.320511817932129,0.6757559|0.2804091|0.0438351|0.0000000|0.0000000|0.0000000|0.0000000|0.0000000|0.0000000|0.0000000,0,0.6757558584213257,,0,0,0,0,0,
cross_town,Town02,mixed,20,9,0.45,117.93017578125,187.6062774658203,0.2150776982307434,-179.97372436523438,6.984891830066211e-09,499.49803358058756,1.3983822478535569e-09,1.52587890625e-05,2.663161087212984e-07,0.18444815129078376,0.42675098050500776,0.021338164806365967,0.9853871464729309,0.11785396933555603,0.0,0.48000001907348633,-0.03691236674785614,0.9827180504798889,0.31102246046066284,1.1991422176361084,1.8790870904922485,0.5302992|0.2311530|0.2028618|0.0356860|0.0000000|0.0000000|0.0000000|0.0000000|0.0000000|0.0000000,0,0.530299186706543,,0,0,0,0,0,
cross_town,Town02,mixed,20,10,0.5,117.93017578125,187.6062774658203,0.21715930104255676,-179.97372436523438,6.984891830066211e-09,499.49803358058756,1.3983822478535569e-09,1.52587890625e-05,2.663161087212984e-07,0.1291898712541079,0.43660345585770133,0.022642403841018677,0.9651511907577515,-0.014061723835766315,0.0,0.5600000023841858,-0.014061723835766315,0.9547274708747864,0.31107497215270996,0.9511063694953918,1.8896385431289673,0.5368932|0.2196103|0.2028887|0.0406078|0.0000000|0.0000000|0.0000000|0.0000000|0.0000000|0.0000000,0,0.5368932485580444,,0,0,0,0,0,
cross_town,Town02,mixed,20,11,0.55,117.93017578125,187.6062774658203,0.218607559800148,-179.97372436523438,6.984891830066211e-09,499.49803358058756,1.3983822478535569e-09,1.52587890625e-05,2.663161087212984e-07,0.0894623525449423,0.426348135649603,0.028506040573120117,0.9210922718048096,0.08372780680656433,0.0,0.6399999856948853,0.06593827903270721,0.9867464900016785,0.3079490661621094,1.269587516784668,1.797853708267212,0.5492868|0.2242268|0.2264863|0.0000000|0.0000000|0.0000000|0.0000000|0.0000000|0.0000000|0.0000000,0,0.5492868423461914,,0,0,0,0,0,
cross_town,Town02,mixed,20,12,0.6,117.93017578125,187.6062774658203,0.21960502862930298,-179.97372436523438,6.984891830066211e-09,499.49803358058756,1.3983822478535569e-09,1.52587890625e-05,2.663161087212984e-07,0.06137859151092859,0.4250191921976605,0.1351025104522705,0.06844207644462585,-0.16073034703731537,0.0,0.5600000023841858,-0.014061721041798592,1.0,0.33574917912483215,8.577136993408203,0.7957562208175659,0.4515853|0.4672662|0.0811485|0.0000000|0.0000000|0.0000000|0.0000000|0.0000000|0.0000000|0.0000000,1,0.4672662317752838,219.1810933357411,0,0,0,0,0,
cross_town,Town02,mixed,20,13,0.65,117.93017578125,187.6062774658203,0.22028625011444092,-179.97372436523438,6.984891830066211e-09,499.49803358058756,1.3983822478535569e-09,1.52587890625e-05,2.663161087212984e-07,0.04177791662546147,0.4292867586213548,0.04102221131324768,0.9473187327384949,0.17598457634449005,0.0,0.6399999856948853,0.06593827903270721,0.9570528268814087,0.3117900490760803,0.9641815423965454,1.7234058380126953,0.5094112|0.2441613|0.2120280|0.0343995|0.0000000|0.0000000|0.0000000|0.0000000|0.0000000|0.0000000,0,0.5094112157821655,68.80260016085677,0,0,0,0,0,
cross_town,Town02,mixed,20,14,0.7,117.93017578125,187.6062774658203,0.220748171210289,-179.97372436523438,6.984891830066211e-09,499.49803358058756,1.3983822478535569e-09,1.52587890625e-05,2.663161087212984e-07,0.028249384095096187,0.4251107763297126,0.029461771249771118,0.6340231895446777,-0.05708260461688042,0.0,0.6340231895446777,-0.014061721041798592,0.9983319640159607,0.31171756982803345,1.7868926525115967,1.462787389755249,0.5105014|0.2246275|0.2305450|0.0343261|0.0000000|0.0000000|0.0000000|0.0000000|0.0000000|0.0000000,0,0.5105013847351074,44.57405200749359,0,0,0,0,0,
cross_town,Town02,mixed,20,15,0.75,117.93017578125,187.6062774658203,0.22105945646762848,-179.97372436523438,6.984891830066211e-09,499.49803358058756,1.3983822478535569e-09,1.52587890625e-05,2.663161087212984e-07,0.018989627439302954,0.42488079584863625,0.08977532386779785,0.04787084460258484,-0.13873730599880219,0.0,0.5540232062339783,-0.0940617173910141,1.0,0.34071648120880127,4.8478779792785645,0.7792459726333618,0.8478770|0.1521231|0.0000000|0.0000000|0.0000000|0.0000000|0.0000000|0.0000000|0.0000000|0.0000000,0,0.8478769659996033,34.96294354113977,0,0,0,0,0,
cross_town,Town02,mixed,20,16,0.8,117.93017578125,187.6062774658203,0.22126811742782593,-179.97372436523438,6.984891830066211e-09,499.49803358058756,1.3983822478535569e-09,1.52587890625e-05,2.663161087212984e-07,0.01270445233659802,0.4248158426658934,0.05091854929924011,0.9539628028869629,0.28309571743011475,0.0,0.6340231895446777,-0.014061717316508293,0.9998769760131836,0.30761659145355225,2.443049430847168,1.6147971153259277,0.5526192|0.2230859|0.2242949|0.0000000|0.0000000|0.0000000|0.0000000|0.0000000|0.0000000|0.0000000,0,0.552619218826294,29.151780679839746,0,0,0,0,0,
cross_town,Town02,mixed,20,17,0.85,117.93017578125,187.6062774658203,0.22140730917453766,-179.97372436523438,6.984891830066211e-09,499.49803358058756,1.3983822478535569e-09,1.52587890625e-05,2.663161087212984e-07,0.008461051831840306,0.42471536811745264,0.18601855635643005,0.08178991079330444,-0.24740885198116302,0.0,0.5540232062339783,-0.0940617173910141,1.0,0.33933985233306885,5.711561679840088,0.9231231212615967,0.8627623|0.1372377|0.0000000|0.0000000|0.0000000|0.0000000|0.0000000|0.0000000|0.0000000|0.0000000,0,0.8627623319625854,26.16781999755929,0,0,0,0,0,
cross_town,Town02,mixed,20,18,0.9,117.93017578125,187.6062774658203,0.22140730917453766,-179.97372436523438,6.984891830066211e-09,499.49803358058756,1.3983822478535569e-09,1.52587890625e-05,2.663161087212984e-07,0.0,0.4246735532723382,0.042584627866744995,0.9576255083084106,0.28432974219322205,0.0,0.6340231895446777,-0.014061717316508293,0.9994506239891052,0.30703815817832947,2.06951642036438,1.6926801204681396,0.5619122|0.2212175|0.2168703|0.0000000|0.0000000|0.0000000|0.0000000|0.0000000|0.0000000|0.0000000,0,0.5619121789932251,24.062034376275392,0,0,0,0,0,
cross_town,Town02,mixed,20,19,0.95,117.93017578125,187.6062774658203,0.2215089350938797,-179.97372436523438,6.984891830066211e-09,499.49803358058756,1.3983822478535569e-09,1.52587890625e-05,2.663161087212984e-07,0.002190605155267507,0.4248957912096822,0.03877890110015869,0.8113611936569214,0.21804791688919067,0.0,0.7140231728553772,0.06593827903270721,0.9961561560630798,0.30741459131240845,1.5819408893585205,1.4961588382720947,0.5505978|0.2228761|0.2265261|0.0000000|0.0000000|0.0000000|0.0000000|0.0000000|0.0000000|0.0000000,0,0.5505977869033813,21.55261166823857,0,0,0,0,0,
cross_town,Town02,mixed,20,20,1.0,117.93017578125,187.6062774658203,0.221542090177536,-179.97372436523438,6.984891830066211e-09,499.49803358058756,1.3983822478535569e-09,1.52587890625e-05,2.663161087212984e-07,0.002423687023432601,0.4243912055863562,0.04720696806907654,0.31390583515167236,-0.19275183975696564,0.0,0.6340231895446777,-0.014061721041798592,0.9999977350234985,0.31009697914123535,3.4455597400665283,0.9468258619308472,0.5404961|0.2131269|0.2102005|0.0361766|0.0000000|0.0000000|0.0000000|0.0000000|0.0000000|0.0000000,0,0.5404960513114929,19.310560981318105,0,0,0,0,0,
cross_town,Town02,mixed,20,21,1.05,117.93017578125,187.6062774658203,0.22157405316829681,-179.97372436523438,6.984891830066211e-09,499.49803358058756,1.3983822478535569e-09,1.52587890625e-05,2.663161087212984e-07,0.0021839790517326724,0.4242567271735877,0.02541440725326538,0.594815194606781,-0.11494088172912598,0.0,0.594815194606781,-0.0940617173910141,1.0,0.3038753569126129,8.138375282287598,1.2922319173812866,0.6908663|0.2671379|0.0419959|0.0000000|0.0000000|0.0000000|0.0000000|0.0000000|0.0000000|0.0000000,0,0.6908662915229797,17.516519453452762,0,0,0,0,0,
cross_town,Town02,mixed,20,22,1.1,117.93017578125,187.6062774658203,0.22160114347934723,-179.97372436523438,6.984891830066211e-09,499.49803358058756,1.3983822478535569e-09,1.52587890625e-05,2.663161087212984e-07,0.0017812615092108665,0.42427868828410725,0.02990579605102539,0.9755246043205261,0.23378680646419525,0.0,0.6748151779174805,-0.014061717316508293,0.9982944130897522,0.3020994961261749,1.7909295558929443,0.8919839262962341,0.7187681|0.2420331|0.0391988|0.0000000|0.0000000|0.0000000|0.0000000|0.0000000|0.0000000|0.0000000,0,0.7187681198120117,15.896215828461848,0,0,0,0,0,
cross_town,Town02,mixed,20,23,1.15,117.93017578125,187.6062774658203,0.221622496843338,-179.97372436523438,6.984891830066211e-09,499.49803358058756,1.3983822478535569e-09,1.52587890625e-05,2.663161087212984e-07,0.0013763809011160275,0.4239442318156008,0.054626256227493286,0.42614853382110596,0.18206916749477386,0.0,0.594815194606781,0.06593827903270721,0.9999926090240479,0.30880212783813477,3.1444175243377686,1.0754328966140747,0.5529764|0.2115009|0.2046359|0.0308868|0.0000000|0.0000000|0.0000000|0.0000000|0.0000000|0.0000000,0,0.5529763698577881,14.426000810662378,0,0,0,0,0,
cross_town,Town02,mixed,20,24,1.2,117.93017578125,187.6062774658203,0.22163863480091095,-179.97372436523438,6.984891830066211e-09,499.49803358058756,1.3983822478535569e-09,1.52587890625e-05,2.663161087212984e-07,0.0010249900583504795,0.4238017759246197,0.04644814133644104,0.707406759262085,-0.24675337970256805,0.0,0.6748151779174805,-0.014061721041798592,0.9995936751365662,0.30866408348083496,2.143343210220337,1.7597023248672485,0.5550992|0.2212572|0.1905669|0.0330767|0.0000000|0.0000000|0.0000000|0.0000000|0.0000000|0.0000000,0,0.5550991892814636,13.11501114102126,0,0,0,0,0,
cross_town,Town02,mixed,20,25,1.25,117.93017578125,187.6062774658203,0.22165046632289886,-179.97372436523438,6.984891830066211e-09,499.49803358058756,1.3983822478535569e-09,1.52587890625e-05,2.663161087212984e-07,0.0007458343170868368,0.42836048499194923,0.07408174872398376,0.46398022770881653,-0.0630979835987091,0.0,0.594815194606781,-0.0630979835987091,0.9999343156814575,0.3411942422389984,2.5662546157836914,0.81937575340271,0.8709967|0.1290033|0.0000000|0.0000000|0.0000000|0.0000000|0.0000000|0.0000000|0.0000000|0.0000000,0,0.8709966540336609,11.928497334988785,0,0,0,0,0,
cross_town,Town02,mixed,20,26,1.3,117.93017578125,187.6062774658203,0.22165900468826294,-179.97372436523438,6.984891830066211e-09,499.49803358058756,1.3983822478535569e-09,1.52587890625e-05,2.663161087212984e-07,0.0005318069249077669,0.42333641344355327,0.7315974831581116,0.6415760517120361,-0.33233094215393066,0.0,0.5148152112960815,-0.14309798181056976,1.0,0.29068052768707275,5.493160724639893,-0.026564478874206543,0.9522779|0.0477221|0.0000000|0.0000000|0.0000000|0.0000000|0.0000000|0.0000000|0.0000000|0.0000000,0,0.9522778987884521,10.90168890473178,0,0,0,0,0,
cross_town,Town02,mixed,20,27,1.35,117.93017578125,187.6062774658203,0.2216615229845047,-179.97372436523438,6.984891830066211e-09,499.49803358058756,1.3983822478535569e-09,1.52587890625e-05,2.663161087212984e-07,0.00016362762711708828,0.42309235345498414,0.08361485600471497,0.8966530561447144,0.2186814695596695,0.0,0.594815194606781,-0.0630979835987091,1.0,0.3044125437736511,5.681828498840332,1.1209101676940918,0.5850762|0.2174910|0.1974329|0.0000000|0.0000000|0.0000000|0.0000000|0.0000000|0.0000000|0.0000000,0,0.5850761532783508,10.080648388128779,0,0,0,0,0,
cross_town,Town02,mixed,20,28,1.4,117.93017578125,187.6062774658203,0.22166435420513153,-179.97372436523438,6.984891830066211e-09,499.49803358058756,1.3983822478535569e-09,1.52587890625e-05,2.663161087212984e-07,0.00022006988006194263,0.4228283287147217,0.1662282645702362,0.16088226437568665,-0.38976114988327026,0.0,0.5148152112960815,-0.14309798181056976,0.9999964237213135,0.3324717879295349,3.3000190258026123,1.140517234802246,0.5192144|0.4807856|0.0000000|0.0000000|0.0000000|0.0000000|0.0000000|0.0000000|0.0000000|0.0000000,0,0.519214391708374,9.405134073467684,0,0,0,0,0,
cross_town,Town02,mixed,20,29,1.45,117.93017578125,187.6062774658203,0.2216673642396927,-179.97372436523438,6.984891830066211e-09,499.49803358058756,1.3983822478535569e-09,1.52587890625e-05,2.663161087212984e-07,0.0002122421254648777,0.42254325699369844,0.0691172182559967,0.8118789792060852,0.3270198702812195,0.0,0.594815194606781,-0.0630979835987091,1.0,0.30595582723617554,5.154965877532959,0.8623349666595459,0.5820487|0.2016100|0.1865982|0.0297432|0.0000000|0.0000000|0.0000000|0.0000000|0.0000000|0.0000000,0,0.5820487141609192,8.824444500527461,0,0,0,0,0,
cross_town,Town02,mixed,20,30,1.5,117.93017578125,187.6062774658203,0.22167007625102997,-179.97372436523438,6.984891830066211e-09,499.49803358058756,1.3983822478535569e-09,1.52587890625e-05,2.663161087212984e-07,0.00018089677513371576,0.4289625821454495,0.25206395983695984,0.5806779265403748,-0.09131292253732681,0.0,0.5806779265403748,-0.09131292253732681,1.0,0.2955928444862366,7.764766693115234,0.5435189604759216,0.7526572|0.2473428|0.0000000|0.0000000|0.0000000|0.0000000|0.0000000|0.0000000|0.0000000|0.0000000,0,0.7526571750640869,8.312926759860607,0,0,0,0,0,
cross_town,Town02,mixed,20,31,1.55,117.93017578125,187.6062774658203,0.22167223691940308,-179.97372436523438,6.984891830066211e-09,499.49803358058756,1.3983822478535569e-09,1.52587890625e-05,2.663161087212984e-07,0.0001432342492839848,0.42191127443980186,0.07565805315971375,0.5141193866729736,0.1662934124469757,0.0,0.5141193866729736,-0.011312922462821007,1.0,0.3023315668106079,8.116809844970703,0.8341385722160339,0.5982129|0.2182722|0.1835149|0.0000000|0.0000000|0.0000000|0.0000000|0.0000000|0.0000000|0.0000000,0,0.5982128977775574,7.855443442014748,0,0,0,0,0,
cross_town,Town02,mixed,20,32,1.6,117.93017578125,187.6062774658203,0.22167392075061798,-179.97372436523438,6.984891830066211e-09,499.49803358058756,1.3983822478535569e-09,1.52587890625e-05,2.663161087212984e-07,0.00011061858898649081,0.42694937409223516,0.05534207820892334,0.579984724521637,0.03240355849266052,0.0,0.579984724521637,0.03240355849266052,1.0,0.3022759258747101,7.463789463043213,1.110330581665039,0.5918776|0.2102025|0.1979200|0.0000000|0.0000000|0.0000000|0.0000000|0.0000000|0.0000000|0.0000000,0,0.5918775796890259,7.441992634958245,0,0,0,0,0,
cross_town,Town02,mixed,20,33,1.65,117.93017578125,187.6062774658203,0.22167518734931946,-179.97372436523438,6.984891830066211e-09,499.49803358058756,1.3983822478535569e-09,1.52587890625e-05,2.663161087212984e-07,7.865534117756292e-05,0.42119624491542257,0.17374396324157715,0.9463181495666504,-0.708652138710022,0.0,0.6599847078323364,-0.047596439719200134,0.9999563694000244,0.2965071201324463,2.7132105827331543,1.185487985610962,0.7190676|0.2474036|0.0335288|0.0000000|0.0000000|0.0000000|0.0000000|0.0000000|0.0000000|0.0000000,0,0.7190675735473633,7.092497190101933,0,0,0,0,0,
cross_town,Town02,mixed,20,34,1.7,117.93017578125,187.6062774658203,0.22167518734931946,-179.97372436523438,6.984891830066211e-09,499.49803358058756,1.3983822478535569e-09,1.52587890625e-05,2.663161087212984e-07,5.548095667335388e-05,0.4208128366692534,0.17677605152130127,0.042798519134521484,-0.2734856605529785,0.0,0.579984724521637,-0.1275964379310608,1.0,0.3376135230064392,7.98384952545166,0.8511412739753723,0.4939283|0.4437962|0.0622756|0.0000000|0.0000000|0.0000000|0.0000000|0.0000000|0.0000000|0.0000000,0,0.4939282536506653,7.141728457743642,0,0,0,0,0,
cross_town,Town02,mixed,20,35,1.75,117.93017578125,187.6062774658203,0.2216765135526657,-179.97372436523438,6.984891830066211e-09,499.49803358058756,1.3983822478535569e-09,1.52587890625e-05,2.663161087212984e-07,1.064300508725017e-05,0.42043036050339005,0.4216206967830658,0.45770660042762756,-0.35891956090927124,0.0,0.4999847114086151,-0.20759643614292145,1.0,0.28299397230148315,5.584886074066162,0.8062248229980469,0.9622504|0.0377496|0.0000000|0.0000000|0.0000000|0.0000000|0.0000000|0.0000000|0.0000000|0.0000000,0,0.9622503519058228,7.124931977608231,0,0,0,0,0,
cross_town,Town02,mixed,20,36,1.8,117.93017578125,187.6062774658203,0.2216765135526657,-179.97372436523438,6.984891830066211e-09,499.49803358058756,1.3983822478535569e-09,1.52587890625e-05,2.663161087212984e-07,2.245335122098233e-05,0.42004592211598213,0.1359049677848816,0.24038627743721008,0.5349433422088623,0.0,0.41998469829559326,-0.1275964379310608,1.0,0.29472529888153076,8.058609962463379,0.1222352385520935,0.7512524|0.2168246|0.0319230|0.0000000|0.0000000|0.0000000|0.0000000|0.0000000|0.0000000|0.0000000,0,0.7512524127960205,7.208079403151748,0,0,0,0,0,
cross_town,Town02,mixed,20,37,1.85,117.93017578125,187.6062774658203,0.2216765135526657,-179.97372436523438,6.984891830066211e-09,499.49803358058756,1.3983822478535569e-09,1.52587890625e-05,2.663161087212984e-07,1.9088746061025724e-05,0.41966195221513125,0.25409790873527527,0.7179757356643677,-0.0038317476864904165,0.0,0.4999847114086151,-0.047596439719200134,1.0,0.29005172848701477,7.646447658538818,0.5175637602806091,0.7848149|0.2151851|0.0000000|0.0000000|0.0000000|0.0000000|0.0000000|0.0000000|0.0000000|0.0000000,0,0.7848148941993713,7.281872118110122,0,0,0,0,0,
cross_town,Town02,mixed,20,38,1.9,117.93017578125,187.6062774658203,0.2216765135526657,-179.97372436523438,6.984891830066211e-09,499.49803358058756,1.3983822478535569e-09,1.52587890625e-05,2.663161087212984e-07,1.9226097238906927e-05,0.41930917748865826,0.10054284334182739,0.3054928183555603,-0.5134410858154297,0.0,0.41998469829559326,-0.1275964379310608,0.9999998807907104,0.33791184425354004,4.171718597412109,1.3631205558776855,0.5250069|0.4120581|0.0629350|0.0000000|0.0000000|0.0000000|0.0000000|0.0000000|0.0000000|0.0000000,0,0.5250069499015808,8.271954264079461,0,0,0,0,0,
cross_town,Town02,mixed,20,39,1.95,117.93017578125,187.6062774658203,0.2216765135526657,-179.97372436523438,6.984891830066211e-09,499.49803358058756,1.3983822478535569e-09,1.52587890625e-05,2.663161087212984e-07,1.8676944570329406e-05,0.41899156805554555,0.02280464768409729,0.0130997896194458,0.6374368667602539,0.0,0.3399846851825714,-0.047596439719200134,1.0,0.3277949392795563,17.648298263549805,1.141274094581604,1.0000000|0.0000000|0.0000000|0.0000000|0.0000000|0.0000000|0.0000000|0.0000000|0.0000000|0.0000000,0,1.0,9.348964699026494,0,0,0,0,0,
cross_town,Town02,mixed,20,40,2.0,117.93017578125,187.6062774658203,0.22167766094207764,-179.97372436523438,6.984891830066211e-09,499.49803358058756,1.3983822478535569e-09,1.52587890625e-05,2.663161087212984e-07,1.4968909242613231e-05,0.41871287068841484,0.03234750032424927,0.914493978023529,-0.2559565603733063,0.0,0.41998469829559326,-0.1275964379310608,1.0,0.29551005363464355,6.131234169006348,1.6933683156967163,0.6413075|0.1993009|0.1593916|0.0000000|0.0000000|0.0000000|0.0000000|0.0000000|0.0000000|0.0000000,0,0.6413074731826782,10.842922406069746,0,0,0,0,0,
cross_town,Town02,mixed,20,41,2.05,117.93017578125,187.6062774658203,0.22167766094207764,-179.97372436523438,6.984891830066211e-09,499.49803358058756,1.3983822478535569e-09,1.52587890625e-05,2.663161087212984e-07,8.278433214922226e-06,0.4184760975893617,0.7732018828392029,0.6881348490715027,-0.2508974075317383,0.0,0.3399846851825714,-0.20759643614292145,1.0,0.2735266089439392,7.111133575439453,0.25356024503707886,1.0000000|0.0000000|0.0000000|0.0000000|0.0000000|0.0000000|0.0000000|0.0000000|0.0000000|0.0000000,0,1.0,13.041056765200233,0,0,0,0,0,
cross_town,Town02,mixed,20,42,2.1,117.93017578125,187.6062774658203,0.22167766094207764,-179.97372436523438,6.984891830066211e-09,499.49803358058756,1.3983822478535569e-09,1.52587890625e-05,2.663161087212984e-07,7.141119967940409e-06,0.4182837298505126,0.1302410364151001,0.15515482425689697,-0.007669738028198481,0.0,0.25998467206954956,-0.1275964379310608,1.0,0.3332242965698242,10.94933032989502,0.696760892868042,0.5987965|0.4012036|0.0000000|0.0000000|0.0000000|0.0000000|0.0000000|0.0000000|0.0000000|0.0000000,0,0.5987964868545532,16.48196830833116,0,0,0,0,0,
cross_town,Town02,mixed,20,43,2.15,117.93017578125,187.6062774658203,0.22167766094207764,-179.97372436523438,6.984891830066211e-09,499.49803358058756,1.3983822478535569e-09,1.52587890625e-05,2.663161087212984e-07,3.5726935297960363e-06,0.4181515358048612,0.023231416940689087,0.985116720199585,0.0636032223701477,0.0,0.3399846851825714,-0.047596439719200134,1.0,0.2941940426826477,5.316455364227295,1.8081480264663696,0.6449967|0.2097942|0.1452091|0.0000000|0.0000000|0.0000000|0.0000000|0.0000000|0.0000000|0.0000000,0,0.644996702671051,18.985228356407163,0,0,0,0,0,
cross_town,Town02,mixed,20,44,2.2,117.93017578125,187.6062774658203,0.22167766094207764,-179.97372436523438,6.984891830066211e-09,499.49803358058756,1.3983822478535569e-09,1.52587890625e-05,2.663161087212984e-07,2.0599378420025227e-06,0.4181186419473294,0.017308413982391357,0.9714025855064392,-0.1735842525959015,0.0,0.41998469829559326,-0.1275964379310608,0.9999889135360718,0.29412972927093506,3.0573415756225586,2.353090763092041,0.6413199|0.2188251|0.1398550|0.0000000|0.0000000|0.0000000|0.0000000|0.0000000|0.0000000|0.0000000,0,0.6413199305534363,18.399150769162112,0,0,0,0,0,
cross_town,Town02,mixed,20,45,2.25,117.93017578125,187.6062774658203,0.22167766094207764,-179.97372436523438,6.984891830066211e-09,499.49803358058756,1.3983822478535569e-09,1.52587890625e-05,2.663161087212984e-07,4.634858462498561e-06,0.41811846110165485,0.04671052098274231,0.9825636148452759,0.44160568714141846,0.0,0.4999847114086151,-0.047596439719200134,1.0,0.2845470607280731,5.104736328125,1.7841070890426636,0.8325155|0.1674845|0.0000000|0.0000000|0.0000000|0.0000000|0.0000000|0.0000000|0.0000000|0.0000000,0,0.8325154781341553,17.840438787879897,0,0,0,0,0,
cross_town,Town02,mixed,20,46,2.3,117.93017578125,187.6062774658203,0.22167766094207764,-179.97372436523438,6.984891830066211e-09,499.49803358058756,1.3983822478535569e-09,1.52587890625e-05,2.663161087212984e-07,7.2097788431785e-06,0.4266048240482804,0.03324821591377258,0.9406698346138,-0.14493457973003387,0.0,0.579984724521637,-0.1275964379310608,0.9151293039321899,0.29328858852386475,0.8011956214904785,2.320647716522217,0.6549227|0.2104064|0.1346709|0.0000000|0.0000000|0.0000000|0.0000000|0.0000000|0.0000000|0.0000000,0,0.6549227237701416,17.307440804257165,0,0,0,0,0,
cross_town,Town02,mixed,20,47,2.35,117.93017578125,187.6062774658203,0.22167766094207764,-179.97372436523438,6.984891830066211e-09,499.49803358058756,1.3983822478535569e-09,1.52587890625e-05,2.663161087212984e-07,6.5231332668944105e-06,0.41811644204717596,0.12158769369125366,0.9522063732147217,0.5839651226997375,0.0,0.6599847078323364,-0.047596439719200134,1.0,0.28490397334098816,4.750870704650879,1.473107099533081,0.8317099|0.1682901|0.0000000|0.0000000|0.0000000|0.0000000|0.0000000|0.0000000|0.0000000|0.0000000,0,0.8317099213600159,17.2828684034345,0,0,0,0,0,
cross_town,Town02,mixed,20,48,2.4,117.93017578125,187.6062774658203,0.22167766094207764,-179.97372436523438,6.984891830066211e-09,499.49803358058756,1.3983822478535569e-09,1.52587890625e-05,2.663161087212984e-07,5.355836721160268e-06,0.4181151768982775,0.06769925355911255,0.8077372908592224,0.27322089672088623,0.0,0.7399846911430359,0.03240355849266052,0.9999990463256836,0.2845153510570526,3.66729998588562,1.2058030366897583,0.8388192|0.1611808|0.0000000|0.0000000|0.0000000|0.0000000|0.0000000|0.0000000|0.0000000|0.0000000,0,0.8388192057609558,17.273597249660487,0,0,0,0,0,
cross_town,Town02,mixed,20,49,2.45,117.93017578125,187.6062774658203,0.22167766094207764,-179.97372436523438,6.984891830066211e-09,499.49803358058756,1.3983822478535569e-09,1.52587890625e-05,2.663161087212984e-07,6.694794797811028e-06,0.41868278881634363,0.07031062245368958,0.4501376748085022,-0.3209269046783447,0.0,0.6599847078323364,-0.047596439719200134,0.9943088889122009,0.2847951352596283,1.5059908628463745,0.7873454093933105,0.8371322|0.1628678|0.0000000|0.0000000|0.0000000|0.0000000|0.0000000|0.0000000|0.0000000|0.0000000,0,0.8371322154998779,16.19314407340978,0,0,0,0,0,
cross_town,Town02,mixed,20,50,2.5,117.93017578125,187.6062774658203,0.22167766094207764,-179.97372436523438,6.984891830066211e-09,499.49803358058756,1.3983822478535569e-09,1.52587890625e-05,2.663161087212984e-07,4.9095162645167256e-06,0.4181126928345771,0.3582729697227478,0.8745776414871216,0.20679569244384766,0.0,0.7399846911430359,0.03240355849266052,0.9999979734420776,0.27224358916282654,3.5005176067352295,0.5045428276062012,1.0000000|0.0000000|0.0000000|0.0000000|0.0000000|0.0000000|0.0000000|0.0000000|0.0000000|0.0000000,0,1.0,15.393141233407205,0,0,0,0,0,
cross_town,Town02,mixed,20,51,2.55,117.93017578125,187.6062774658203,0.22167766094207764,-179.97372436523438,6.984891830066211e-09,499.49803358058756,1.3983822478535569e-09,1.52587890625e-05,2.663161087212984e-07,5.596160976621571e-06,0.4181114468482518,0.043869197368621826,0.3507147431373596,-0.30286434292793274,0.0,0.6599847078323364,-0.047596439719200134,1.0,0.35126054286956787,67.55270385742188,0.2652972936630249,1.0000000|0.0000000|0.0000000|0.0000000|0.0000000|0.0000000|0.0000000|0.0000000|0.0000000|0.0000000,0,1.0,14.865431285058053,0,0,0,0,0,
cross_town,Town02,mixed,20,52,2.6,117.93017578125,187.6062774658203,0.22167766094207764,-179.97372436523438,6.984891830066211e-09,499.49803358058756,1.3983822478535569e-09,1.52587890625e-05,2.663161087212984e-07,3.4357847389783204e-08,0.42497007734289005,0.07008090615272522,0.9732694625854492,0.27583181858062744,0.0,0.7399846911430359,0.03240355849266052,0.9314054250717163,0.28599095344543457,0.8661292791366577,1.661057472229004,0.7209581|0.2790419|0.0000000|0.0000000|0.0000000|0.0000000|0.0000000|0.0000000|0.0000000|0.0000000,0,0.7209580540657043,14.426180003379395,0,0,0,0,0,
cross_town,Town02,mixed,20,53,2.65,117.93017578125,187.6062774658203,0.22167766094207764,-179.97372436523438,6.984891830066211e-09,499.49803358058756,1.3983822478535569e-09,1.52587890625e-05,2.663161087212984e-07,6.870737278189882e-08,0.41811393481127856,0.05769568681716919,0.4756925702095032,-0.1380852907896042,0.0,0.6599847078323364,-0.047596439719200134,0.9999593496322632,0.2928391098976135,2.734956979751587,1.0930778980255127,0.6470891|0.2474565|0.1054544|0.0000000|0.0000000|0.0000000|0.0000000|0.0000000|0.0000000|0.0000000,0,0.6470891237258911,14.042777416366775,0,0,0,0,0,
cross_town,Town02,mixed,20,54,2.7,117.93017578125,187.6062774658203,0.22167766094207764,-179.97372436523438,6.984891830066211e-09,499.49803358058756,1.3983822478535569e-09,1.52587890625e-05,2.663161087212984e-07,1.0491622244660139e-07,0.42578119523319596,0.16688966751098633,0.012868911027908325,-0.04499572888016701,0.0,0.579984724521637,-0.04499572888016701,1.0,0.3305826187133789,5.008073806762695,0.9169708490371704,0.6991457|0.3008542|0.0000000|0.0000000|0.0000000|0.0000000|0.0000000|0.0000000|0.0000000|0.0000000,0,0.6991457343101501,13.649174152885662,0,0,0,0,0,
cross_town,Town02,mixed,20,55,2.75,117.93017578125,187.6062774658203,0.22167766094207764,-179.97372436523438,6.984891830066211e-09,499.49803358058756,1.3983822478535569e-09,1.52587890625e-05,2.663161087212984e-07,1.3740941397281657e-07,0.4439755675085263,0.05442512035369873,0.9619374871253967,0.037660371512174606,0.0,0.6599847078323364,0.03500426933169365,0.7413328289985657,0.28523218631744385,0.47799474000930786,2.1750118732452393,0.7262014|0.2737986|0.0000000|0.0000000|0.0000000|0.0000000|0.0000000|0.0000000|0.0000000|0.0000000,0,0.7262014150619507,13.27657699087882,0,0,0,0,0,
cross_town,Town02,mixed,20,56,2.8,117.93017578125,187.6062774658203,0.22167766094207764,-179.97372436523438,6.984891830066211e-09,499.49803358058756,1.3983822478535569e-09,1.52587890625e-05,2.663161087212984e-07,1.8731155706861685e-07,0.41810848496519465,0.14877092838287354,0.7786109447479248,-0.08510661125183105,0.0,0.7399846911430359,-0.04499572888016701,1.0,0.27223339676856995,4.525463104248047,0.7326663732528687,1.0000000|0.0000000|0.0000000|0.0000000|0.0000000|0.0000000|0.0000000|0.0000000|0.0000000|0.0000000,0,1.0,12.919627236212248,0,0,0,0,0,
cross_town,Town02,mixed,20,57,2.85,117.93017578125,187.6062774658203,0.22167766094207764,-179.97372436523438,6.984891830066211e-09,499.49803358058756,1.3983822478535569e-09,1.52587890625e-05,2.663161087212984e-07,1.717949270804766e-07,0.4183544228498948,0.0826539397239685,0.7293198704719543,0.20349673926830292,0.0,0.7293198704719543,0.03500426933169365,0.9975372552871704,0.2922213077545166,1.7087821960449219,1.0985567569732666,0.6439759|0.2660174|0.0900067|0.0000000|0.0000000|0.0000000|0.0000000|0.0000000|0.0000000|0.0000000,0,0.6439758539199829,12.754549376254106,0,0,0,0,0,
cross_town,Town02,mixed,20,58,2.9,117.93017578125,187.6062774658203,0.22167766094207764,-179.97372436523438,6.984891830066211e-09,499.49803358058756,1.3983822478535569e-09,1.52587890625e-05,2.663161087212984e-07,2.0609788644789033e-07,0.41811901384597056,0.058042049407958984,0.5965703725814819,-0.11428365111351013,0.0,0.6493198871612549,-0.04499572888016701,0.9998893737792969,0.2916528582572937,2.485689640045166,1.27360999584198,0.6538424|0.2572860|0.0888716|0.0000000|0.0000000|0.0000000|0.0000000|0.0000000|0.0000000|0.0000000,0,0.6538423895835876,12.737618171347723,0,0,0,0,0,
cross_town,Town02,mixed,20,59,2.95,117.93017578125,187.6062774658203,0.22167766094207764,-179.97372436523438,6.984891830066211e-09,499.49803358058756,1.3983822478535569e-09,1.52587890625e-05,2.663161087212984e-07,3.091576293162422e-07,0.4596681356400942,0.06068462133407593,0.8757293820381165,-0.006882670801132917,0.0,0.7293198704719543,-0.006882670801132917,0.6437656879425049,0.2921527624130249,0.35578376054763794,1.9522019624710083,0.6465203|0.2590916|0.0943882|0.0000000|0.0000000|0.0000000|0.0000000|0.0000000|0.0000000|0.0000000,0,0.6465202569961548,12.422145303122836,0,0,0,0,0,
cross_town,Town02,mixed,20,60,3.0,117.93017578125,187.6062774658203,0.22167766094207764,-179.97372436523438,6.984891830066211e-09,499.49803358058756,1.3983822478535569e-09,1.52587890625e-05,2.663161087212984e-07,0.0,0.42733753764205346,0.10465633869171143,0.7295068502426147,0.034200236201286316,0.0,0.7295068502426147,0.034200236201286316,0.9642475843429565,0.29224061965942383,1.0314418077468872,1.3360910415649414,0.6389803|0.2707874|0.0902323|0.0000000|0.0000000|0.0000000|0.0000000|0.0000000|0.0000000|0.0000000,0,0.6389802694320679,11.81705372607528,0,0,0,0,0,
cross_town,Town02,mixed,20,61,3.05,117.93017578125,187.6062774658203,0.22167766094207764,-179.97372436523438,6.984891830066211e-09,499.49803358058756,1.3983822478535569e-09,1.52587890625e-05,2.663161087212984e-07,6.871220458606355e-08,0.4257710221226022,0.26920828223228455,0.019954800605773926,0.03790518268942833,0.0,0.6495068669319153,0.03790518268942833,1.0,0.3272664546966553,8.107259750366211,0.5659386515617371,0.7537990|0.2462010|0.0000000|0.0000000|0.0000000|0.0000000|0.0000000|0.0000000|0.0000000|0.0000000,0,0.7537989616394043,11.413601963419758,0,0,0,0,0,
cross_town,Town02,mixed,20,62,3.1,117.93017578125,187.6062774658203,0.22167766094207764,-179.97372436523438,6.984891830066211e-09,499.49803358058756,1.3983822478535569e-09,1.52587890625e-05,2.663161087212984e-07,1.3829714410599337e-06,0.4367192056221319,0.08609029650688171,0.923976719379425,-0.10923266410827637,0.0,0.7295068502426147,-0.04209481552243233,0.8138813972473145,0.28519803285598755,0.5836596488952637,1.960838794708252,0.6969400|0.3030600|0.0000000|0.0000000|0.0000000|0.0000000|0.0000000|0.0000000|0.0000000|0.0000000,0,0.696940004825592,11.088619215924064,0,0,0,0,0,
cross_town,Town02,mixed,20,63,3.15,117.93017578125,187.6062774658203,0.22167766094207764,-179.97372436523438,6.984891830066211e-09,499.49803358058756,1.3983822478535569e-09,1.52587890625e-05,2.663161087212984e-07,1.717650658535084e-07,0.4194113019318087,0.12025037407875061,0.010607898235321045,0.030797358602285385,0.0,0.6495068669319153,0.030797358602285385,1.0,0.32574474811553955,7.18713903427124,0.8305925130844116,0.7739424|0.2260576|0.0000000|0.0000000|0.0000000|0.0000000|0.0000000|0.0000000|0.0000000|0.0000000,0,0.7739424109458923,10.796270335814864,0,0,0,0,0,
cross_town,Town02,mixed,20,64,3.2,117.93017578125,187.6062774658203,0.22167766094207764,-179.97372436523438,6.984891830066211e-09,499.49803358058756,1.3983822478535569e-09,1.52587890625e-05,2.663161087212984e-07,2.061224161247442e-07,0.4807082134171443,0.07422858476638794,0.9127171635627747,0.014350077137351036,0.0,0.7295068502426147,0.014350077137351036,0.4475429952144623,0.2904064655303955,0.15694275498390198,1.9657899141311646,0.6491586|0.2808547|0.0699867|0.0000000|0.0000000|0.0000000|0.0000000|0.0000000|0.0000000|0.0000000,0,0.6491585969924927,10.52061548235012,0,0,0,0,0,
cross_town,Town02,mixed,20,65,3.25,117.93017578125,187.6062774658203,0.22167766094207764,-179.97372436523438,6.984891830066211e-09,499.49803358058756,1.3983822478535569e-09,1.52587890625e-05,2.663161087212984e-07,2.4051709020991744e-07,0.4181070805199995,0.22610867023468018,0.005830317735671997,0.21295373141765594,0.0,0.6495068669319153,0.09435007721185684,1.0,0.3235374093055725,12.90802001953125,0.460570752620697,0.8028329|0.1971671|0.0000000|0.0000000|0.0000000|0.0000000|0.0000000|0.0000000|0.0000000|0.0000000,0,0.8028329014778137,10.25582339239682,0,0,0,0,0,
cross_town,Town02,mixed,20,66,3.3,117.93017578125,187.6062774658203,0.22167766094207764,-179.97372436523438,6.984891830066211e-09,499.49803358058756,1.3983822478535569e-09,1.52587890625e-05,2.663161087212984e-07,2.715648097160875e-07,0.4255387004775225,0.04684942960739136,0.9672209620475769,-0.17655272781848907,0.0,0.7295068502426147,0.014350077137351036,0.925683319568634,0.2852170169353485,0.845332145690918,1.5772125720977783,0.6731306|0.3268693|0.0000000|0.0000000|0.0000000|0.0000000|0.0000000|0.0000000|0.0000000|0.0000000,0,0.6731306314468384,10.000261414046294,0,0,0,0,0,
cross_town,Town02,mixed,20,67,3.35,117.93017578125,187.6062774658203,0.22167766094207764,-179.97372436523438,6.984891830066211e-09,499.49803358058756,1.3983822478535569e-09,1.52587890625e-05,2.663161087212984e-07,2.7249237433029627e-07,0.4183633388816893,0.12613609433174133,0.5758378505706787,-0.13916748762130737,0.0,0.6495068669319153,-0.06564991921186447,0.9974367022514343,0.2819794714450836,1.708991289138794,0.8291271924972534,0.9000742|0.0999257|0.0000000|0.0000000|0.0000000|0.0000000|0.0000000|0.0000000|0.0000000|0.0000000,0,0.9000742435455322,9.78422260488281,0,0,0,0,0,
cross_town,Town02,mixed,20,68,3.4,117.93017578125,187.6062774658203,0.22167766094207764,-179.97372436523438,6.984891830066211e-09,499.49803358058756,1.3983822478535569e-09,1.52587890625e-05,2.663161087212984e-07,2.7190888174470244e-07,0.4333934895711246,0.07023757696151733,0.960097074508667,0.34919512271881104,0.0,0.7295068502426147,0.014350080862641335,0.8471349477767944,0.2902265191078186,0.6378496289253235,1.9061330556869507,0.6306679|0.3045595|0.0647726|0.0000000|0.0000000|0.0000000|0.0000000|0.0000000|0.0000000|0.0000000,0,0.6306679248809814,9.761079750517263,0,0,0,0,0,
cross_town,Town02,mixed,20,69,3.45,117.93017578125,187.6062774658203,0.22167766094207764,-179.97372436523438,6.984891830066211e-09,499.49803358058756,1.3983822478535569e-09,1.52587890625e-05,2.663161087212984e-07,3.4364487238536736e-08,0.4181330015752063,0.10979613661766052,0.3968767523765564,-0.08520311862230301,0.0,0.6495068669319153,-0.06564991921186447,0.9997395873069763,0.28143465518951416,2.281816244125366,0.975710928440094,0.9076907|0.0923093|0.0000000|0.0000000|0.0000000|0.0000000|0.0000000|0.0000000|0.0000000|0.0000000,0,0.907690703868866,9.736086800515748,0,0,0,0,0,
cross_town,Town02,mixed,20,70,3.5,117.93017578125,187.6062774658203,0.22167766094207764,-179.97372436523438,6.984891830066211e-09,499.49803358058756,1.3983822478535569e-09,1.52587890625e-05,2.663161087212984e-07,6.87228449976214e-08,0.45185730322663387,0.07632327079772949,0.9569187164306641,0.3752957284450531,0.0,0.7295068502426147,0.014350080862641335,0.6624960899353027,0.2895267605781555,0.379082590341568,1.894079327583313,0.6298847|0.3109143|0.0592009|0.0000000|0.0000000|0.0000000|0.0000000|0.0000000|0.0000000|0.0000000,0,0.6298847198486328,9.306261316306673,0,0,0,0,0,
cross_town,Town02,mixed,20,71,3.55,117.93017578125,187.6062774658203,0.22167766094207764,-179.97372436523438,6.984891830066211e-09,499.49803358058756,1.3983822478535569e-09,1.52587890625e-05,2.663161087212984e-07,2.404474325109451e-07,0.41810690740245526,0.017171144485473633,0.21424371004104614,-0.5030958652496338,0.0,0.6495068669319153,-0.06564991921186447,1.0,0.37386149168014526,116.47200012207031,0.1531001329421997,1.0000000|0.0000000|0.0000000|0.0000000|0.0000000|0.0000000|0.0000000|0.0000000|0.0000000|0.0000000,0,1.0,8.990070411859252,0,0,0,0,0,
cross_town,Town02,mixed,20,72,3.6,117.93017578125,187.6062774658203,0.22167766094207764,-179.97372436523438,6.984891830066211e-09,499.49803358058756,1.3983822478535569e-09,1.52587890625e-05,2.663161087212984e-07,2.7478596305039095e-07,0.4438246903766983,0.07326754927635193,0.9602598547935486,0.39406707882881165,0.0,0.7295068502426147,0.014350080862641335,0.7428221702575684,0.28894609212875366,0.4762260913848877,1.882500410079956,0.6308519|0.3117402|0.0574080|0.0000000|0.0000000|0.0000000|0.0000000|0.0000000|0.0000000|0.0000000,0,0.6308518648147583,8.738017747384985,0,0,0,0,0,
cross_town,Town02,mixed,20,73,3.65,117.93017578125,187.6062774658203,0.22167766094207764,-179.97372436523438,6.984891830066211e-09,499.49803358058756,1.3983822478535569e-09,1.52587890625e-05,2.663161087212984e-07,1.246458894046152e-06,0.4259728116055568,0.09198176860809326,0.8620135188102722,5.04031777381897e-05,0.0,0.8095068335533142,5.04031777381897e-05,0.995686948299408,0.2888087332248688,1.5716365575790405,1.153430700302124,0.6188331|0.3282627|0.0529042|0.0000000|0.0000000|0.0000000|0.0000000|0.0000000|0.0000000|0.0000000,0,0.618833065032959,8.517449166266992,0,0,0,0,0,
cross_town,Town02,mixed,20,74,3.7,117.93017578125,187.6062774658203,0.22167766094207764,-179.97372436523438,6.984891830066211e-09,499.49803358058756,1.3983822478535569e-09,1.52587890625e-05,2.663161087212984e-07,3.0913476497809836e-07,0.41812120075246423,0.06638789176940918,0.23850658535957336,-0.28412744402885437,0.0,0.7295068502426147,-0.07994959503412247,0.9998568296432495,0.28807494044303894,2.424696445465088,0.4284072518348694,0.6277360|0.3218884|0.0503756|0.0000000|0.0000000|0.0000000|0.0000000|0.0000000|0.0000000|0.0000000,0,0.6277360320091248,8.319154283270478,0,0,0,0,0,
cross_town,Town02,mixed,20,75,3.75,117.93017578125,187.6062774658203,0.22167766094207764,-179.97372436523438,6.984891830066211e-09,499.49803358058756,1.3983822478535569e-09,1.52587890625e-05,2.663161087212984e-07,3.435176725692342e-07,0.4181070502664466,0.20717653632164001,0.48892855644226074,0.317644864320755,0.0,0.6495068669319153,5.0404967623762786e-05,0.9999983310699463,0.2808876037597656,3.5455405712127686,0.46573299169540405,0.9172796|0.0827204|0.0000000|0.0000000|0.0000000|0.0000000|0.0000000|0.0000000|0.0000000|0.0000000,0,0.9172796010971069,8.139335085966978,0,0,0,0,0,
cross_town,Town02,mixed,20,76,3.8,117.93017578125,187.6062774658203,0.22167766094207764,-179.97372436523438,6.984891830066211e-09,499.49803358058756,1.3983822478535569e-09,1.52587890625e-05,2.663161087212984e-07,3.783905323538058e-07,0.43363104452071527,0.09904605150222778,0.9241740703582764,0.2878146469593048,0.0,0.7295068502426147,0.08005040138959885,0.8447579145431519,0.28858357667922974,0.6349324584007263,1.88420832157135,0.6018111|0.3445137|0.0536752|0.0000000|0.0000000|0.0000000|0.0000000|0.0000000|0.0000000|0.0000000,0,0.6018111109733582,7.974817869605805,0,0,0,0,0,
cross_town,Town02,mixed,20,77,3.85,117.93017578125,187.6062774658203,0.22167766094207764,-179.97372436523438,6.984891830066211e-09,499.49803358058756,1.3983822478535569e-09,1.52587890625e-05,2.663161087212984e-07,3.434556358988733e-08,0.4228078893839317,0.06866210699081421,0.7950361967086792,-0.1025361493229866,0.0,0.7950361967086792,5.040138785261661e-05,0.9529894590377808,0.2884276211261749,0.9638805389404297,1.1006602048873901,0.5903583|0.3585832|0.0510586|0.0000000|0.0000000|0.0000000|0.0000000|0.0000000|0.0000000|0.0000000,0,0.590358316898346,7.823426621554945,0,0,0,0,0,
cross_town,Town02,mixed,20,78,3.9,117.93017578125,187.6062774658203,0.22167766094207764,-179.97372436523438,6.984891830066211e-09,499.49803358058756,1.3983822478535569e-09,1.52587890625e-05,2.663161087212984e-07,6.869861807096257e-08,0.41979938734946437,0.12749791145324707,0.5602409839630127,-0.21819259226322174,0.0,0.7150362133979797,-0.07994959503412247,0.9830744862556458,0.28312864899635315,1.2323377132415771,0.495181679725647,0.6260498|0.3739502|0.0000000|0.0000000|0.0000000|0.0000000|0.0000000|0.0000000|0.0000000|0.0000000,0,0.626049816608429,7.763115133081458,0,0,0,0,0,
cross_town,Town02,mixed,20,79,3.95,117.93017578125,187.6062774658203,0.22167766094207764,-179.97372436523438,6.984891830066211e-09,499.49803358058756,1.3983822478535569e-09,1.52587890625e-05,2.663161087212984e-07,1.0306156411895268e-07,0.41810685912957296,0.11496233940124512,0.9605200290679932,0.5098044276237488,0.0,0.7950361967086792,5.0404967623762786e-05,0.9999997615814209,0.28771325945854187,4.046038627624512,1.6257810592651367,0.5929759|0.3557635|0.0512607|0.0000000|0.0000000|0.0000000|0.0000000|0.0000000|0.0000000|0.0000000,0,0.5929758548736572,7.73402436848599,0,0,0,0,0,
cross_town,Town02,mixed,20,80,4.0,117.93017578125,187.6062774658203,0.22167766094207764,-179.97372436523438,6.984891830066211e-09,499.49803358058756,1.3983822478535569e-09,1.52587890625e-05,2.663161087212984e-07,1.6399084447593394e-07,0.4181539108350202,0.12243378162384033,0.6613011360168457,-0.2333335280418396,0.0,0.7150362133979797,-0.07994959503412247,0.9995290040969849,0.2824869751930237,2.1325228214263916,0.3856334686279297,0.6227758|0.3772242|0.0000000|0.0000000|0.0000000|0.0000000|0.0000000|0.0000000|0.0000000|0.0000000,0,0.6227757930755615,7.568704712012449,0,0,0,0,0,
cross_town,Town02,mixed,20,81,4.05,117.93017578125,187.6062774658203,0.22167766094207764,-179.97372436523438,6.984891830066211e-09,499.49803358058756,1.3983822478535569e-09,1.52587890625e-05,2.663161087212984e-07,1.3744208495342718e-07,0.4181068112445448,0.11093193292617798,0.9645361304283142,0.5885286331176758,0.0,0.7950361967086792,5.0404967623762786e-05,1.0,0.2865784168243408,5.420028209686279,1.6240882873535156,0.5968670|0.3563571|0.0467759|0.0000000|0.0000000|0.0000000|0.0000000|0.0000000|0.0000000|0.0000000,0,0.5968669652938843,7.338192616141489,0,0,0,0,0,
cross_town,Town02,mixed,20,82,4.1,117.93017578125,187.6062774658203,0.22167766094207764,-179.97372436523438,6.984891830066211e-09,499.49803358058756,1.3983822478535569e-09,1.52587890625e-05,2.663161087212984e-07,1.718096657455333e-07,0.4181070854260823,0.12324824929237366,0.4830455183982849,-0.2527022361755371,0.0,0.7150362133979797,-0.07994959503412247,0.9999972581863403,0.2865338921546936,3.4179413318634033,0.5358049869537354,0.5923141|0.3584945|0.0491914|0.0000000|0.0000000|0.0000000|0.0000000|0.0000000|0.0000000|0.0000000,0,0.5923141241073608,7.153933816928288,0,0,0,0,0,
cross_town,Town02,mixed,20,83,4.15,117.93017578125,187.6062774658203,0.22167766094207764,-179.97372436523438,6.984891830066211e-09,499.49803358058756,1.3983822478535569e-09,1.52587890625e-05,2.663161087212984e-07,2.0715128009291352e-07,0.4181068470075627,0.456776887178421,0.6491346955299377,0.2522318661212921,0.0,0.6491346955299377,5.0404967623762786e-05,0.9999996423721313,0.27222907543182373,3.9117698669433594,0.1467648148536682,1.0000000|0.0000000|0.0000000|0.0000000|0.0000000|0.0000000|0.0000000|0.0000000|0.0000000|0.0000000,0,1.0,6.995955127432666,0,0,0,0,0,
cross_town,Town02,mixed,20,84,4.2,117.93017578125,187.6062774658203,0.22167766094207764,-179.97372436523438,6.984891830066211e-09,499.49803358058756,1.3983822478535569e-09,1.52587890625e-05,2.663161087212984e-07,2.7090036906426633e-07,0.4184457179817922,0.08353379368782043,0.9435539841651917,0.42305541038513184,0.0,0.7291346788406372,0.08005040138959885,0.9966109395027161,0.285907119512558,1.6350440979003906,1.7534432411193848,0.5947765|0.3540022|0.0512213|0.0000000|0.0000000|0.0000000|0.0000000|0.0000000|0.0000000|0.0000000,0,0.5947765111923218,6.854514531292511,0,0,0,0,0,
cross_town,Town02,mixed,20,85,4.25,117.93017578125,187.6062774658203,0.22167766094207764,-179.97372436523438,6.984891830066211e-09,499.49803358058756,1.3983822478535569e-09,1.52587890625e-05,2.663161087212984e-07,3.984598980682733e-07,0.41856124897743435,0.07149893045425415,0.8781301975250244,-0.10587012767791748,0.0,0.8091346621513367,5.040138785261661e-05,0.9954556226730347,0.2862982153892517,1.5610307455062866,0.931827187538147,0.5620714|0.3862085|0.0517200|0.0000000|0.0000000|0.0000000|0.0000000|0.0000000|0.0000000|0.0000000,0,0.5620714426040649,6.724195101570364,0,0,0,0,0,
cross_town,Town02,mixed,20,86,4.3,117.93017578125,187.6062774658203,0.22167766094207764,-179.97372436523438,6.984891830066211e-09,499.49803358058756,1.3983822478535569e-09,1.52587890625e-05,2.663161087212984e-07,3.440742220761279e-08,0.4181070026668929,0.14493000507354736,0.5870052576065063,-0.3457607626914978,0.0,0.7291346788406372,-0.07994959503412247,0.9999980926513672,0.2852542996406555,3.5001139640808105,0.1775617003440857,0.5766351|0.3754205|0.0479445|0.0000000|0.0000000|0.0000000|0.0000000|0.0000000|0.0000000|0.0000000,0,0.5766350626945496,6.604415605161697,0,0,0,0,0,
cross_town,Town02,mixed,20,87,4.35,117.93017578125,187.6062774658203,0.22167766094207764,-179.97372436523438,6.984891830066211e-09,499.49803358058756,1.3983822478535569e-09,1.52587890625e-05,2.663161087212984e-07,1.374188024718662e-07,0.45917791624807014,0.1352720856666565,0.9026429653167725,0.43501973152160645,0.0,0.8091346621513367,5.0404967623762786e-05,0.5892889499664307,0.28481152653694153,0.3054451644420624,1.4337031841278076,0.5626248|0.3930607|0.0443145|0.0000000|0.0000000|0.0000000|0.0000000|0.0000000|0.0000000|0.0000000,0,0.5626247525215149,6.489575394184967,0,0,0,0,0,
cross_town,Town02,mixed,20,88,4.4,117.93017578125,187.6062774658203,0.22167766094207764,-179.97372436523438,6.984891830066211e-09,499.49803358058756,1.3983822478535569e-09,1.52587890625e-05,2.663161087212984e-07,1.3828921600965726e-06,0.42299236412317603,0.08707636594772339,0.11908075213432312,-0.04820626229047775,0.0,0.7291346788406372,-0.04820626229047775,1.0,0.27222907543182373,9.406740188598633,0.2875438928604126,1.0000000|0.0000000|0.0000000|0.0000000|0.0000000|0.0000000|0.0000000|0.0000000|0.0000000|0.0000000,0,1.0,6.4202125999017765,0,0,0,0,0,
cross_town,Town02,mixed,20,89,4.45,117.93017578125,187.6062774658203,0.22167766094207764,-179.97372436523438,6.984891830066211e-09,499.49803358058756,1.3983822478535569e-09,1.52587890625e-05,2.663161087212984e-07,1.7181119962151496e-07,0.4181068115880262,0.5548737049102783,0.0259743332862854,0.882246196269989,0.0,0.6491346955299377,0.031793735921382904,1.0,0.29904961585998535,8.517810821533203,1.056871771812439,0.8984194|0.1015805|0.0000000|0.0000000|0.0000000|0.0000000|0.0000000|0.0000000|0.0000000|0.0000000,0,0.8984194397926331,6.342896204037036,0,0,0,0,0,
cross_town,Town02,mixed,20,90,4.5,117.93017578125,187.6062774658203,0.22167766094207764,-179.97372436523438,6.984891830066211e-09,499.49803358058756,1.3983822478535569e-09,1.52587890625e-05,2.663161087212984e-07,2.113776965696681e-07,0.41886135870755886,0.07583311200141907,0.9558086395263672,0.3595704734325409,0.0,0.7291346788406372,0.11179373413324356,0.9924545288085938,0.2839868366718292,1.4358234405517578,1.5536339282989502,0.5386563|0.4162408|0.0451029|0.0000000|0.0000000|0.0000000|0.0000000|0.0000000|0.0000000|0.0000000,0,0.5386562943458557,6.396788731058405,0,0,0,0,0,
cross_town,Town02,mixed,20,91,4.55,117.93017578125,187.6062774658203,0.22167766094207764,-179.97372436523438,6.984891830066211e-09,499.49803358058756,1.3983822478535569e-09,1.52587890625e-05,2.663161087212984e-07,2.0620016993991197e-07,0.4181079083136831,0.0841917097568512,0.733432412147522,-0.15728355944156647,0.0,0.733432412147522,0.031793735921382904,0.9999890327453613,0.28321322798728943,3.072774648666382,0.9469024538993835,0.5591159|0.3957717|0.0451123|0.0000000|0.0000000|0.0000000|0.0000000|0.0000000|0.0000000|0.0000000,0,0.5591159462928772,6.052646697996704,0,0,0,0,0,
cross_town,Town02,mixed,20,92,4.6,117.93017578125,187.6062774658203,0.22167766094207764,-179.97372436523438,6.984891830066211e-09,499.49803358058756,1.3983822478535569e-09,1.52587890625e-05,2.663161087212984e-07,2.404942024940426e-07,0.41879517552227735,0.2689991295337677,0.021646201610565186,-0.044536881148815155,0.0,0.6534324288368225,-0.044536881148815155,1.0,0.800000011920929,10.36589241027832,-0.9754962921142578,1.0000000|0.0000000|0.0000000|0.0000000|0.0000000|0.0000000|0.0000000|0.0000000|0.0000000|0.0000000,0,1.0,5.904150206018591,0,0,0,0,0,
cross_town,Town02,mixed,20,93,4.65,117.93017578125,187.6062774658203,0.22167766094207764,-179.97372436523438,6.984891830066211e-09,499.49803358058756,1.3983822478535569e-09,1.52587890625e-05,2.663161087212984e-07,2.748628476706001e-07,0.4181070738488715,0.11280304193496704,0.9594565033912659,0.6034713387489319,0.0,0.733432412147522,0.0354631170630455,0.9999973773956299,0.28203994035720825,3.4338066577911377,1.861335039138794,0.5400908|0.4204259|0.0394833|0.0000000|0.0000000|0.0000000|0.0000000|0.0000000|0.0000000|0.0000000,0,0.540090799331665,5.731249878014043,0,0,0,0,0,
cross_town,Town02,mixed,20,94,4.7,117.93017578125,187.6062774658203,0.22167766094207764,-179.97372436523438,6.984891830066211e-09,499.49803358058756,1.3983822478535569e-09,1.52587890625e-05,2.663161087212984e-07,3.435892812853606e-08,0.42104449802942523,0.07064345479011536,0.9095047116279602,0.09832937270402908,0.0,0.8134323954582214,0.09832937270402908,0.9999971389770508,0.28192514181137085,3.4063289165496826,1.0139100551605225,0.5288371|0.4291320|0.0420309|0.0000000|0.0000000|0.0000000|0.0000000|0.0000000|0.0000000|0.0000000,0,0.5288370847702026,5.6202450796152155,0,0,0,0,0,
cross_town,Town02,mixed,20,95,4.75,117.93017578125,187.6062774658203,0.22167766094207764,-179.97372436523438,6.984891830066211e-09,499.49803358058756,1.3983822478535569e-09,1.52587890625e-05,2.663161087212984e-07,6.872604098207617e-08,0.4255887434650268,0.7187802791595459,0.12645688652992249,0.11117680370807648,0.0,0.733432412147522,0.11117680370807648,1.0,0.2915164828300476,21.25465202331543,0.21335285902023315,0.9129538|0.0870462|0.0000000|0.0000000|0.0000000|0.0000000|0.0000000|0.0000000|0.0000000|0.0000000,0,0.912953794002533,5.493821084513806,0,0,0,0,0,
cross_town,Town02,mixed,20,96,4.8,117.93017578125,187.6062774658203,0.22167766094207764,-179.97372436523438,6.984891830066211e-09,499.49803358058756,1.3983822478535569e-09,1.52587890625e-05,2.663161087212984e-07,1.7176765061486043e-07,0.41810682315173553,0.05980673432350159,0.5434181094169617,-0.2701340913772583,0.0,0.6534324288368225,0.03117680363357067,0.9999998807907104,0.27222907543182373,4.189162254333496,0.579870343208313,1.0000000|0.0000000|0.0000000|0.0000000|0.0000000|0.0000000|0.0000000|0.0000000|0.0000000|0.0000000,0,1.0,5.3941717301597345,0,0,0,0,0,
cross_town,Town02,mixed,20,97,4.85,117.93017578125,187.6062774658203,0.22167766094207764,-179.97372436523438,6.984891830066211e-09,499.49803358058756,1.3983822478535569e-09,1.52587890625e-05,2.663161087212984e-07,2.7545722796362413e-07,0.4188870896750948,0.17529383301734924,0.9532932639122009,-0.20380248129367828,0.0,0.733432412147522,-0.048823196440935135,0.9921972155570984,0.2805662751197815,1.430794596672058,1.0955886840820312,0.9221358|0.0778643|0.0000000|0.0000000|0.0000000|0.0000000|0.0000000|0.0000000|0.0000000|0.0000000,0,0.9221357703208923,5.289411627867482,0,0,0,0,0,
cross_town,Town02,mixed,20,98,4.9,117.93017578125,187.6062774658203,0.22167766094207764,-179.97372436523438,6.984891830066211e-09,499.49803358058756,1.3983822478535569e-09,1.52587890625e-05,2.663161087212984e-07,3.0913887640498765e-07,0.41911237735094914,0.24665537476539612,0.5260419249534607,0.2475336790084839,0.0,0.6534324288368225,0.03117680363357067,0.989944338798523,0.28014421463012695,1.367234468460083,0.7899786233901978,0.9260772|0.0739227|0.0000000|0.0000000|0.0000000|0.0000000|0.0000000|0.0000000|0.0000000|0.0000000,0,0.9260772466659546,5.1963270701128454,0,0,0,0,0,
cross_town,Town02,mixed,20,99,4.95,117.93017578125,187.6062774658203,0.22167766094207764,-179.97372436523438,6.984891830066211e-09,499.49803358058756,1.3983822478535569e-09,1.52587890625e-05,2.663161087212984e-07,3.435181687578356e-07,0.42045501369776983,0.08580216765403748,0.9393548965454102,0.35087865591049194,0.0,0.733432412147522,0.11117680370807648,0.9765179753303528,0.27915844321250916,1.1527810096740723,1.6029744148254395,0.5058721|0.4549949|0.0391331|0.0000000|0.0000000|0.0000000|0.0000000|0.0000000|0.0000000|0.0000000,0,0.5058720707893372,5.150995305158434,0,0,0,0,0,
cross_town,Town02,mixed,20,100,5.0,117.93017578125,187.6062774658203,0.22167766094207764,-179.97372436523438,6.984891830066211e-09,499.49803358058756,1.3983822478535569e-09,1.52587890625e-05,2.663161087212984e-07,3.657588045092647e-07,0.41810687083540093,0.10527652502059937,0.7197636365890503,-0.1894819736480713,0.0,0.7197636365890503,0.03117680363357067,0.9999994039535522,0.2789519429206848,3.7939293384552,0.8968517780303955,0.4936652|0.4642488|0.0420859|0.0000000|0.0000000|0.0000000|0.0000000|0.0000000|0.0000000|0.0000000,0,0.4936652183532715,5.129273908806638,0,0,0,0,0,
cross_town,Town02,mixed,20,101,5.05,117.93017578125,187.6062774658203,0.22167766094207764,-179.97372436523438,6.984891830066211e-09,499.49803358058756,1.3983822478535569e-09,1.52587890625e-05,2.663161087212984e-07,3.6519703136297775e-07,0.4181188275271386,0.07731732726097107,0.9035181999206543,0.20880497992038727,0.0,0.7997636198997498,0.11117680370807648,0.9998798370361328,0.27840638160705566,2.4782941341400146,1.0070661306381226,0.4872492|0.4705863|0.0421646|0.0000000|0.0000000|0.0000000|0.0000000|0.0000000|0.0000000|0.0000000,0,0.4872491955757141,4.963465216720556,0,0,0,0,0,
cross_town,Town02,mixed,20,102,5.1,117.93017578125,187.6062774658203,0.22167766094207764,-179.97372436523438,6.984891830066211e-09,499.49803358058756,1.3983822478535569e-09,1.52587890625e-05,2.663161087212984e-07,0.0,0.4181068112307507,0.22415292263031006,0.406486451625824,-0.2603623569011688,0.0,0.7197636365890503,0.03117680363357067,1.0,0.27726131677627563,4.494329452514648,0.008518218994140625,0.4927195|0.4703117|0.0369688|0.0000000|0.0000000|0.0000000|0.0000000|0.0000000|0.0000000|0.0000000,0,0.49271947145462036,4.801049243521532,0,0,0,0,0,
cross_town,Town02,mixed,20,103,5.15,117.93017578125,187.6062774658203,0.22167766094207764,-179.97372436523438,6.984891830066211e-09,499.49803358058756,1.3983822478535569e-09,1.52587890625e-05,2.663161087212984e-07,3.4383149591618694e-08,0.4179600780075871,0.042135655879974365,0.009639054536819458,-0.4506117105484009,0.0,0.6397636532783508,-0.048823196440935135,1.0,0.3793025016784668,16.585254669189453,0.7083353400230408,1.0000000|0.0000000|0.0000000|0.0000000|0.0000000|0.0000000|0.0000000|0.0000000|0.0000000|0.0000000,0,1.0,4.664686411604657,0,0,0,0,0,
cross_town,Town02,mixed,20,104,5.2,117.93017578125,187.6062774658203,0.22167766094207764,-179.97372436523438,6.984891830066211e-09,499.49803358058756,1.3983822478535569e-09,1.52587890625e-05,2.663161087212984e-07,6.874725033143843e-08,0.41784701964580845,0.42648613452911377,0.018878310918807983,0.9416444301605225,0.0,0.5597636699676514,0.03117680363357067,0.9947138428688049,0.27986636757850647,1.5294771194458008,1.3960767984390259,0.9259980|0.0740021|0.0000000|0.0000000|0.0000000|0.0000000|0.0000000|0.0000000|0.0000000|0.0000000,0,0.9259979724884033,4.5490262565208335,0,0,0,0,0,
cross_town,Town02,mixed,20,105,5.25,117.93017578125,187.6062774658203,0.22167766094207764,-179.97372436523438,6.984891830066211e-09,499.49803358058756,1.3983822478535569e-09,1.52587890625e-05,2.663161087212984e-07,1.0313854105741603e-07,0.41665087587859956,0.042917877435684204,0.9708041548728943,0.6233223080635071,0.0,0.6397636532783508,0.11117680370807648,1.0,0.2754203677177429,6.017103672027588,1.6487019062042236,0.4822129|0.4805960|0.0371911|0.0000000|0.0000000|0.0000000|0.0000000|0.0000000|0.0000000|0.0000000,0,0.48221293091773987,4.444004267107826,0,0,0,0,0,
cross_town,Town02,mixed,20,106,5.3,117.93017578125,187.6062774658203,0.22167766094207764,-179.97372436523438,6.984891830066211e-09,499.49803358058756,1.3983822478535569e-09,1.52587890625e-05,2.663161087212984e-07,1.3751162377066308e-07,0.41595941832129035,0.5620389580726624,0.01849907636642456,0.7605509161949158,0.0,0.5597636699676514,0.19117680191993713,0.9999806880950928,0.26924020051956177,2.944288730621338,-0.06878888607025146,1.0000000|0.0000000|0.0000000|0.0000000|0.0000000|0.0000000|0.0000000|0.0000000|0.0000000|0.0000000,0,1.0,4.346437268514746,0,0,0,0,0,
cross_town,Town02,mixed,20,107,5.35,117.93017578125,187.6062774658203,0.22167766094207764,-179.97372436523438,6.984891830066211e-09,499.49803358058756,1.3983822478535569e-09,1.52587890625e-05,2.663161087212984e-07,1.8485593960553635e-07,0.4152379662488023,0.07335531711578369,0.8736749887466431,-0.3900483250617981,0.0,0.6397636532783508,0.11117680370807648,1.0,0.2742654085159302,7.526709079742432,1.0637736320495605,0.4979587|0.4627782|0.0392631|0.0000000|0.0000000|0.0000000|0.0000000|0.0000000|0.0000000|0.0000000,0,0.4979587495326996,4.254438545039018,0,0,0,0,0,
cross_town,Town02,mixed,20,108,5.4,117.93017578125,187.6062774658203,0.22167766094207764,-179.97372436523438,6.984891830066211e-09,499.49803358058756,1.3983822478535569e-09,1.52587890625e-05,2.663161087212984e-07,1.3488692840107826e-06,0.4144925665528623,0.06160968542098999,0.9593887329101562,-0.042643167078495026,0.0,0.7197636365890503,0.03117680363357067,0.999992847442627,0.26918676495552063,3.1927266120910645,1.3651349544525146,0.5307989|0.4692011|0.0000000|0.0000000|0.0000000|0.0000000|0.0000000|0.0000000|0.0000000|0.0000000,0,0.5307988524436951,4.166612548670354,0,0,0,0,0,
cross_town,Town02,mixed,20,109,5.45,117.93017578125,187.6062774658203,0.22167766094207764,-179.97372436523438,6.984891830066211e-09,499.49803358058756,1.3983822478535569e-09,1.52587890625e-05,2.663161087212984e-07,1.2466852446570544e-06,0.41371974447144494,0.05580952763557434,0.004768580198287964,-0.42492178082466125,0.0,0.6397636532783508,-0.048823196440935135,1.0,0.3793025314807892,13.762967109680176,0.6814041137695312,1.0000000|0.0000000|0.0000000|0.0000000|0.0000000|0.0000000|0.0000000|0.0000000|0.0000000|0.0000000,0,1.0,4.102473669391634,0,0,0,0,0,
cross_town,Town02,mixed,20,110,5.5,117.93017578125,187.6062774658203,0.22167766094207764,-179.97372436523438,6.984891830066211e-09,499.49803358058756,1.3983822478535569e-09,1.52587890625e-05,2.663161087212984e-07,3.778875542858514e-07,0.412927821978544,0.12686961889266968,0.9521185159683228,0.6431299448013306,0.0,0.7197636365890503,0.03117680363357067,1.0,0.27148181200027466,5.6666460037231445,1.7238802909851074,0.5225167|0.4428678|0.0346156|0.0000000|0.0000000|0.0000000|0.0000000|0.0000000|0.0000000|0.0000000,0,0.5225167274475098,4.068953774015083,0,0,0,0,0,
cross_town,Town02,mixed,20,111,5.55,117.93017578125,187.6062774658203,0.22167766094207764,-179.97372436523438,6.984891830066211e-09,499.49803358058756,1.3983822478535569e-09,1.52587890625e-05,2.663161087212984e-07,3.437121650759098e-08,0.41211539279774606,0.08366087079048157,0.8770814538002014,0.25072014331817627,0.0,0.7997636198997498,0.11117680370807648,0.9999994039535522,0.27084681391716003,3.83746075630188,1.026137113571167,0.5289669|0.4349278|0.0361053|0.0000000|0.0000000|0.0000000|0.0000000|0.0000000|0.0000000|0.0000000,0,0.5289669036865234,3.9967845367433226,0,0,0,0,0,
cross_town,Town02,mixed,20,112,5.6,117.93017578125,187.6062774658203,0.22167766094207764,-179.97372436523438,6.984891830066211e-09,499.49803358058756,1.3983822478535569e-09,1.52587890625e-05,2.663161087212984e-07,6.872536461155851e-08,0.4112654707389045,0.2642441391944885,0.5636489391326904,-0.1759929656982422,0.0,0.7197636365890503,0.03117680363357067,1.0,0.2698937952518463,6.049427509307861,0.006969332695007324,0.5385141|0.4263771|0.0351089|0.0000000|0.0000000|0.0000000|0.0000000|0.0000000|0.0000000|0.0000000,0,0.5385140776634216,3.8604734152843783,0,0,0,0,0,
cross_town,Town02,mixed,20,113,5.65,117.93017578125,187.6062774658203,0.22167766094207764,-179.97372436523438,6.984891830066211e-09,499.49803358058756,1.3983822478535569e-09,1.52587890625e-05,2.663161087212984e-07,2.404355956436932e-07,0.4103745638542004,0.055635541677474976,0.8874561190605164,0.3041236698627472,0.0,0.7997636198997498,0.11117680370807648,1.0,0.2690843939781189,4.780661582946777,1.0173325538635254,0.5250617|0.4418457|0.0330926|0.0000000|0.0000000|0.0000000|0.0000000|0.0000000|0.0000000|0.0000000,0,0.5250616669654846,3.745294044115463,0,0,0,0,0,
cross_town,Town02,mixed,20,114,5.7,117.93017578125,187.6062774658203,0.22167766094207764,-179.97372436523438,6.984891830066211e-09,499.49803358058756,1.3983822478535569e-09,1.52587890625e-05,2.663161087212984e-07,2.747671735650154e-07,0.4094436766141199,0.23212847113609314,0.5725303888320923,-0.22378922998905182,0.0,0.7197636365890503,0.03117680363357067,1.0,0.2645506262779236,6.776123046875,0.19439536333084106,0.5412929|0.4587071|0.0000000|0.0000000|0.0000000|0.0000000|0.0000000|0.0000000|0.0000000|0.0000000,0,0.5412929058074951,3.6442997519905287,0,0,0,0,0,
cross_town,Town02,mixed,20,115,5.75,117.93017578125,187.6062774658203,0.22167766094207764,-179.97372436523438,6.984891830066211e-09,499.49803358058756,1.3983822478535569e-09,1.52587890625e-05,2.663161087212984e-07,3.0910608535679043e-07,0.40847314088688247,0.26135388016700745,0.48362067341804504,-0.2172825187444687,0.0,0.6397636532783508,-0.048823196440935135,1.0,0.27222907543182373,7.087492942810059,0.29184257984161377,1.0000000|0.0000000|0.0000000|0.0000000|0.0000000|0.0000000|0.0000000|0.0000000|0.0000000|0.0000000,0,1.0,3.5523589577559864,0,0,0,0,0,
cross_town,Town02,mixed,20,116,5.8,117.93017578125,187.6062774658203,0.22167766094207764,-179.97372436523438,6.984891830066211e-09,499.49803358058756,1.3983822478535569e-09,1.52587890625e-05,2.663161087212984e-07,3.434622640169303e-07,0.4074626007188395,0.0874125063419342,0.929970383644104,0.8713127970695496,0.0,0.7197636365890503,0.03117680363357067,1.0,0.262844055891037,11.840188026428223,1.8438401222229004,0.5473983|0.4526017|0.0000000|0.0000000|0.0000000|0.0000000|0.0000000|0.0000000|0.0000000|0.0000000,0,0.5473983287811279,3.4650522894808273,0,0,0,0,0,
cross_town,Town02,mixed,20,117,5.85,117.93017578125,187.6062774658203,0.22167766094207764,-179.97372436523438,6.984891830066211e-09,499.49803358058756,1.3983822478535569e-09,1.52587890625e-05,2.663161087212984e-07,3.7784791144048276e-07,0.4064110839716789,0.054039180278778076,0.8974235653877258,0.27880552411079407,0.0,0.7997636198997498,0.11117680370807648,1.0,0.2617015838623047,5.361334800720215,1.0707262754440308,0.5644594|0.4355406|0.0000000|0.0000000|0.0000000|0.0000000|0.0000000|0.0000000|0.0000000|0.0000000,0,0.5644594430923462,3.3815178448102627,0,0,0,0,0,
cross_town,Town02,mixed,20,118,5.9,117.93017578125,187.6062774658203,0.22167766094207764,-179.97372436523438,6.984891830066211e-09,499.49803358058756,1.3983822478535569e-09,1.52587890625e-05,2.663161087212984e-07,4.1264422555076136e-07,0.4053177190442259,0.24597856402397156,0.637403130531311,-0.14170047640800476,0.0,0.7197636365890503,0.03117680363357067,1.0,0.2647087574005127,9.348458290100098,-0.13002395629882812,0.5613079|0.4031813|0.0355108|0.0000000|0.0000000|0.0000000|0.0000000|0.0000000|0.0000000|0.0000000,0,0.5613079071044922,3.3017957265536113,0,0,0,0,0,
cross_town,Town02,mixed,20,119,5.95,117.93017578125,187.6062774658203,0.22167766094207764,-179.97372436523438,6.984891830066211e-09,499.49803358058756,1.3983822478535569e-09,1.52587890625e-05,2.663161087212984e-07,3.434566524591251e-08,0.4041811697203607,0.0558415949344635,0.8650907278060913,0.289745569229126,0.0,0.7997636198997498,0.11117680370807648,1.0,0.259635865688324,7.371817588806152,0.9841644167900085,0.5801446|0.4198554|0.0000000|0.0000000|0.0000000|0.0000000|0.0000000|0.0000000|0.0000000|0.0000000,0,0.5801446437835693,3.2244546124832283,0,0,0,0,0,
cross_town,Town02,mixed,20,120,6.0,117.93017578125,187.6062774658203,0.22167766094207764,-179.97372436523438,6.984891830066211e-09,499.49803358058756,1.3983822478535569e-09,1.52587890625e-05,2.663161087212984e-07,6.870695066523706e-08,0.4030002306576931,0.24337556958198547,0.6345619559288025,-0.08728764206171036,0.0,0.7197636365890503,0.03117680363357067,1.0,0.2615041434764862,9.322507858276367,-0.08069181442260742,0.5768639|0.3980099|0.0251262|0.0000000|0.0000000|0.0000000|0.0000000|0.0000000|0.0000000|0.0000000,0,0.5768638849258423,3.1499006390957454,0,0,0,0,0,
cross_town,Town02,mixed,20,121,6.05,117.93017578125,187.6062774658203,0.22167766094207764,-179.97372436523438,6.984891830066211e-09,499.49803358058756,1.3983822478535569e-09,1.52587890625e-05,2.663161087212984e-07,1.0308429002811059e-07,0.40177353309584934,0.08434167504310608,0.814846396446228,0.3559134900569916,0.0,0.7997636198997498,0.11117680370807648,1.0,0.2608293294906616,7.888848781585693,0.8810926079750061,0.5828128|0.3885756|0.0286116|0.0000000|0.0000000|0.0000000|0.0000000|0.0000000|0.0000000|0.0000000,0,0.5828127861022949,3.077310313585811,0,0,0,0,0,
cross_town,Town02,mixed,20,122,6.1,117.93017578125,187.6062774658203,0.22167766094207764,-179.97372436523438,6.984891830066211e-09,499.49803358058756,1.3983822478535569e-09,1.52587890625e-05,2.663161087212984e-07,1.6209054787451108e-07,0.4004996853600941,0.07757517695426941,0.4418759047985077,-0.23122328519821167,0.0,0.7197636365890503,0.03117680363357067,0.9999994039535522,0.27222907543182373,3.822012424468994,0.35841596126556396,1.0000000|0.0000000|0.0000000|0.0000000|0.0000000|0.0000000|0.0000000|0.0000000|0.0000000|0.0000000,0,1.0,3.006780649636388,0,0,0,0,0,
cross_town,Town02,mixed,20,123,6.15,117.93017578125,187.6062774658203,0.22167766094207764,-179.97372436523438,6.984891830066211e-09,499.49803358058756,1.3983822478535569e-09,1.52587890625e-05,2.663161087212984e-07,1.3749097730843386e-07,0.3991770219811631,0.5149233937263489,0.07680058479309082,0.7876634001731873,0.0,0.6397636532783508,0.11117680370807648,0.9999998807907104,0.2504999339580536,4.235805511474609,1.0640745162963867,0.9537706|0.0462294|0.0000000|0.0000000|0.0000000|0.0000000|0.0000000|0.0000000|0.0000000|0.0000000,0,0.953770637512207,2.9380742377208415,0,0,0,0,0,
cross_town,Town02,mixed,20,124,6.2,117.93017578125,187.6062774658203,0.22167766094207764,-179.97372436523438,6.984891830066211e-09,499.49803358058756,1.3983822478535569e-09,1.52587890625e-05,2.663161087212984e-07,2.0711971836564697e-07,0.39780428299451914,0.10704576969146729,0.9110167622566223,-0.042516641318798065,0.0,0.7197636365890503,0.03117680363357067,1.0,0.25412794947624207,4.616148948669434,1.140331745147705,0.6122305|0.3877696|0.0000000|0.0000000|0.0000000|0.0000000|0.0000000|0.0000000|0.0000000|0.0000000,0,0.6122304797172546,2.8712192908306937,0,0,0,0,0,
cross_town,Town02,mixed,20,125,6.25,117.93017578125,187.6062774658203,0.22167766094207764,-179.97372436523438,6.984891830066211e-09,499.49803358058756,1.3983822478535569e-09,1.52587890625e-05,2.663161087212984e-07,3.327952072614414e-07,0.396379939083901,0.5810651779174805,0.07209038734436035,0.4712313115596771,0.0,0.6397636532783508,0.11117680370807648,0.9999980926513672,0.24823245406150818,3.5410900115966797,0.5603740215301514,0.9481167|0.0518833|0.0000000|0.0000000|0.0000000|0.0000000|0.0000000|0.0000000|0.0000000|0.0000000,0,0.948116660118103,2.8056493244331184,0,0,0,0,0,
cross_town,Town02,mixed,20,126,6.3,117.93017578125,187.6062774658203,0.22167766094207764,-179.97372436523438,6.984891830066211e-09,499.49803358058756,1.3983822478535569e-09,1.52587890625e-05,2.663161087212984e-07,3.322147171740504e-07,0.3949388767422245,0.5508356690406799,0.16521713137626648,0.6275403499603271,0.0,0.5597636699676514,0.19117680191993713,0.9996304512023926,0.24569785594940186,2.230015277862549,0.6503516435623169,0.9553097|0.0446903|0.0000000|0.0000000|0.0000000|0.0000000|0.0000000|0.0000000|0.0000000|0.0000000,0,0.9553097486495972,2.7415485897889837,0,0,0,0,0,
cross_town,Town02,mixed,20,127,6.35,117.93017578125,187.6062774658203,0.22167766094207764,-179.97372436523438,6.984891830066211e-09,499.49803358058756,1.3983822478535569e-09,1.52587890625e-05,2.663161087212984e-07,3.332558829503569e-07,0.393369632913322,0.13032209873199463,0.9666262269020081,-0.5390413999557495,0.0,0.6397636532783508,0.11117680370807648,1.0,0.2545362412929535,4.417892932891846,0.682712197303772,0.6058351|0.3647546|0.0294103|0.0000000|0.0000000|0.0000000|0.0000000|0.0000000|0.0000000|0.0000000,0,0.6058350801467896,2.6817411238796236,0,0,0,0,0,
cross_town,Town02,mixed,20,128,6.4,117.93017578125,187.6062774658203,0.22167766094207764,-179.97372436523438,6.984891830066211e-09,499.49803358058756,1.3983822478535569e-09,1.52587890625e-05,2.663161087212984e-07,3.4392766738519974e-08,0.3917848447062903,0.6062688231468201,0.16196385025978088,0.23293358087539673,0.0,0.5597636699676514,0.19117680191993713,1.0,0.23619931936264038,4.451834678649902,0.5711246132850647,1.0000000|0.0000000|0.0000000|0.0000000|0.0000000|0.0000000|0.0000000|0.0000000|0.0000000|0.0000000,0,1.0,2.6314603789011,0,0,0,0,0,
cross_town,Town02,mixed,20,129,6.45,117.93017578125,187.6062774658203,0.22167766094207764,-179.97372436523438,6.984891830066211e-09,499.49803358058756,1.3983822478535569e-09,1.52587890625e-05,2.663161087212984e-07,6.875261331382217e-08,0.39029256920871536,0.10152292251586914,0.954758882522583,-0.6454561948776245,0.0,0.6397636532783508,0.11117680370807648,0.9986003041267395,0.28066641092300415,1.8618602752685547,1.5595064163208008,0.9212005|0.0787995|0.0000000|0.0000000|0.0000000|0.0000000|0.0000000|0.0000000|0.0000000|0.0000000,0,0.9212004542350769,2.5929259301351744,0,0,0,0,0,
cross_town,Town02,mixed,20,130,6.5,117.93017578125,187.6062774658203,0.22167766094207764,-179.97372436523438,6.984891830066211e-09,499.49803358058756,1.3983822478535569e-09,1.52587890625e-05,2.663161087212984e-07,1.7178232606866146e-07,0.38847887614787185,0.16345250606536865,0.7044931650161743,0.0007557122735306621,0.0,0.7044931650161743,0.03117680363357067,1.0,0.2506996989250183,4.6436004638671875,0.7709265351295471,0.6232830|0.3490916|0.0276253|0.0000000|0.0000000|0.0000000|0.0000000|0.0000000|0.0000000|0.0000000,0,0.6232830286026001,2.564024532890755,0,0,0,0,0,
cross_town,Town02,mixed,20,131,6.55,117.93017578125,187.6062774658203,0.22167766094207764,-179.97372436523438,6.984891830066211e-09,499.49803358058756,1.3983822478535569e-09,1.52587890625e-05,2.663161087212984e-07,2.0616539631309236e-07,0.38706878172979203,0.5549577474594116,0.09206140041351318,0.6245555877685547,0.0,0.6244931817054749,0.11117680370807648,0.9969972372055054,0.2374260574579239,1.7138715982437134,1.1775646209716797,0.9587710|0.0412290|0.0000000|0.0000000|0.0000000|0.0000000|0.0000000|0.0000000|0.0000000|0.0000000,0,0.9587710499763489,2.541171937514992,0,0,0,0,0,
cross_town,Town02,mixed,20,132,6.6,117.93017578125,187.6062774658203,0.22167766094207764,-179.97372436523438,6.984891830066211e-09,499.49803358058756,1.3983822478535569e-09,1.52587890625e-05,2.663161087212984e-07,2.4120650235631435e-07,0.3869499181312805,0.12329733371734619,0.9274868965148926,-0.35534828901290894,0.0,0.7044931650161743,0.03117680363357067,0.9807412028312683,0.28000229597091675,1.2025827169418335,1.1278579235076904,0.9274032|0.0725969|0.0000000|0.0000000|0.0000000|0.0000000|0.0000000|0.0000000|0.0000000|0.0000000,0,0.9274031519889832,2.5204269982365566,0,0,0,0,0,
cross_town,Town02,mixed,20,133,6.65,117.93017578125,187.6062774658203,0.22167766094207764,-179.97372436523438,6.984891830066211e-09,499.49803358058756,1.3983822478535569e-09,1.52587890625e-05,2.663161087212984e-07,2.405663992490495e-07,0.38324598202711035,0.11031985282897949,0.7618685960769653,0.31378373503685,0.0,0.7618685960769653,0.11117680370807648,1.0,0.24640214443206787,5.345088958740234,1.1236865520477295,0.6509446|0.3222383|0.0268172|0.0000000|0.0000000|0.0000000|0.0000000|0.0000000|0.0000000|0.0000000,0,0.6509445905685425,2.4988524209764735,0,0,0,0,0,
cross_town,Town02,mixed,20,134,6.7,117.93017578125,187.6062774658203,0.22167766094207764,-179.97372436523438,6.984891830066211e-09,499.49803358058756,1.3983822478535569e-09,1.52587890625e-05,2.663161087212984e-07,2.7486389276396426e-07,0.3814330294424773,0.09511786699295044,0.010997116565704346,-0.20610372722148895,0.0,0.6818686127662659,0.03117680363357067,1.0,0.3793025314807892,14.82512378692627,0.12540268898010254,1.0000000|0.0000000|0.0000000|0.0000000|0.0000000|0.0000000|0.0000000|0.0000000|0.0000000|0.0000000,0,1.0,2.4746188731387013,0,0,0,0,0,
cross_town,Town02,mixed,20,135,6.75,117.93017578125,187.6062774658203,0.22167766094207764,-179.97372436523438,6.984891830066211e-09,499.49803358058756,1.3983822478535569e-09,1.52587890625e-05,2.663161087212984e-07,3.091912704805762e-07,0.37958303875769484,0.6485658884048462,0.8535692691802979,-0.5280588269233704,0.0,0.7618685960769653,-0.048823196440935135,1.0,0.27222907543182373,6.129544258117676,0.20904874801635742,1.0000000|0.0000000|0.0000000|0.0000000|0.0000000|0.0000000|0.0000000|0.0000000|0.0000000|0.0000000,0,1.0,2.447216714527983,0,0,0,0,0,
cross_town,Town02,mixed,20,136,6.8,117.93017578125,187.6062774658203,0.22167766094207764,-179.97372436523438,6.984891830066211e-09,499.49803358058756,1.3983822478535569e-09,1.52587890625e-05,2.663161087212984e-07,3.435782884740673e-08,0.37833939349477413,0.29132866859436035,0.28826016187667847,0.12059786170721054,0.0,0.6818686127662659,0.03117680363357067,0.9935415983200073,0.2803697884082794,1.4786028861999512,0.698136031627655,0.9239706|0.0760294|0.0000000|0.0000000|0.0000000|0.0000000|0.0000000|0.0000000|0.0000000|0.0000000,0,0.923970639705658,2.417217642549527,0,0,0,0,0,
cross_town,Town02,mixed,20,137,6.85,117.93017578125,187.6062774658203,0.22167766094207764,-179.97372436523438,6.984891830066211e-09,499.49803358058756,1.3983822478535569e-09,1.52587890625e-05,2.663161087212984e-07,6.87260367584514e-08,0.3757627176616525,0.15102919936180115,0.7385343313217163,0.32949724793434143,0.0,0.7385343313217163,0.11117680370807648,1.0,0.2422603964805603,5.855477333068848,1.212733268737793,0.6469766|0.3292880|0.0237353|0.0000000|0.0000000|0.0000000|0.0000000|0.0000000|0.0000000|0.0000000,0,0.6469766497612,2.3857806004714925,0,0,0,0,0,
cross_town,Town02,mixed,20,138,6.9,117.93017578125,187.6062774658203,0.22167766094207764,-179.97372436523438,6.984891830066211e-09,499.49803358058756,1.3983822478535569e-09,1.52587890625e-05,2.663161087212984e-07,1.0307670196965133e-07,0.3737897228764698,0.15305188298225403,0.8912509679794312,-0.06521806865930557,0.0,0.8185343146324158,0.03117680363357067,1.0,0.2410692572593689,8.870965957641602,0.6940288543701172,0.6552182|0.3190830|0.0256989|0.0000000|0.0000000|0.0000000|0.0000000|0.0000000|0.0000000|0.0000000,0,0.6552181839942932,2.354111182825972,0,0,0,0,0,
cross_town,Town02,mixed,20,139,6.95,117.93017578125,187.6062774658203,0.22167766094207764,-179.97372436523438,6.984891830066211e-09,499.49803358058756,1.3983822478535569e-09,1.52587890625e-05,2.663161087212984e-07,1.388647476384719e-07,0.3717744756588998,0.07089754939079285,0.03029903769493103,-0.20724910497665405,0.0,0.7385343313217163,-0.048823196440935135,1.0,0.3793025314807892,25.809894561767578,0.0036048293113708496,1.0000000|0.0000000|0.0000000|0.0000000|0.0000000|0.0000000|0.0000000|0.0000000|0.0000000|0.0000000,0,1.0,2.3232686826762503,0,0,0,0,0,
cross_town,Town02,mixed,20,140,7.0,117.93017578125,187.6062774658203,0.22167766094207764,-179.97372436523438,6.984891830066211e-09,499.49803358058756,1.3983822478535569e-09,1.52587890625e-05,2.663161087212984e-07,1.717752923558519e-07,0.369776875903316,0.15978366136550903,0.7533782720565796,0.48940911889076233,0.0,0.7533782720565796,0.03117680363357067,0.9994062185287476,0.23470163345336914,2.122382640838623,1.2075960636138916,0.6856251|0.3143749|0.0000000|0.0000000|0.0000000|0.0000000|0.0000000|0.0000000|0.0000000|0.0000000,0,0.6856250762939453,2.2931285663906062,0,0,0,0,0,
cross_town,Town02,mixed,20,141,7.05,117.93017578125,187.6062774658203,0.22167766094207764,-179.97372436523438,6.984891830066211e-09,499.49803358058756,1.3983822478535569e-09,1.52587890625e-05,2.663161087212984e-07,2.748383312751472e-07,0.37477142588325063,0.10424241423606873,0.8041579723358154,0.05216294899582863,0.0,0.8041579723358154,0.05216294899582863,0.9999961853027344,0.23742538690567017,3.3778793811798096,1.0776780843734741,0.6701944|0.3030476|0.0267580|0.0000000|0.0000000|0.0000000|0.0000000|0.0000000|0.0000000|0.0000000,0,0.6701943874359131,2.2641830740694884,0,0,0,0,0,
cross_town,Town02,mixed,20,142,7.1,117.93017578125,187.6062774658203,0.22167766094207764,-179.97372436523438,6.984891830066211e-09,499.49803358058756,1.3983822478535569e-09,1.52587890625e-05,2.663161087212984e-07,4.1262463724254575e-07,0.3654815291242796,0.1903989315032959,0.6570742726325989,-0.09430832415819168,0.0,0.724157989025116,-0.027837051078677177,0.9999991655349731,0.23601487278938293,3.7731826305389404,0.6175733804702759,0.6720086|0.3043040|0.0236874|0.0000000|0.0000000|0.0000000|0.0000000|0.0000000|0.0000000|0.0000000,0,0.6720086336135864,2.2355261302800513,0,0,0,0,0,
cross_town,Town02,mixed,20,143,7.15,117.93017578125,187.6062774658203,0.22167766094207764,-179.97372436523438,6.984891830066211e-09,499.49803358058756,1.3983822478535569e-09,1.52587890625e-05,2.663161087212984e-07,4.308075068369438e-07,0.36451064297394886,0.20364415645599365,0.5461216568946838,0.11833836138248444,0.0,0.6441580057144165,0.05216294899582863,0.9879280924797058,0.2804517447948456,1.3207314014434814,0.7658213973045349,0.9232051|0.0767949|0.0000000|0.0000000|0.0000000|0.0000000|0.0000000|0.0000000|0.0000000|0.0000000,0,0.9232050776481628,2.207109898398385,0,0,0,0,0,
cross_town,Town02,mixed,20,144,7.2,117.93017578125,187.6062774658203,0.22167766094207764,-179.97372436523438,6.984891830066211e-09,499.49803358058756,1.3983822478535569e-09,1.52587890625e-05,2.663161087212984e-07,0.0,0.3611010436420257,0.10720512270927429,0.004046142101287842,-0.2289181649684906,0.0,0.564158022403717,-0.027837051078677177,0.9998475313186646,0.800000011920929,1.8971045017242432,-1.0579897165298462,1.0000000|0.0000000|0.0000000|0.0000000|0.0000000|0.0000000|0.0000000|0.0000000|0.0000000|0.0000000,0,1.0,2.1785313141037026,0,0,0,0,0,
cross_town,Town02,mixed,20,145,7.25,117.93017578125,187.6062774658203,0.22167766094207764,-179.97372436523438,6.984891830066211e-09,499.49803358058756,1.3983822478535569e-09,1.52587890625e-05,2.663161087212984e-07,3.439351311365556e-08,0.35882827602172795,0.17715847492218018,0.8122059106826782,0.7098196744918823,0.0,0.6441580057144165,0.05216294899582863,1.0,0.23280730843544006,5.04185676574707,1.6111546754837036,0.6776386|0.2984380|0.0239234|0.0000000|0.0000000|0.0000000|0.0000000|0.0000000|0.0000000|0.0000000,0,0.677638590335846,2.1496093622344388,0,0,0,0,0,
cross_town,Town02,mixed,20,146,7.3,117.93017578125,187.6062774658203,0.22167766094207764,-179.97372436523438,6.984891830066211e-09,499.49803358058756,1.3983822478535569e-09,1.52587890625e-05,2.663161087212984e-07,6.87737240098901e-08,0.35658365431188704,0.4348812997341156,0.12233695387840271,0.4212387204170227,0.0,0.564158022403717,0.132162943482399,0.9994708895683289,0.21439966559410095,2.1715457439422607,1.3694005012512207,0.9675594|0.0324406|0.0000000|0.0000000|0.0000000|0.0000000|0.0000000|0.0000000|0.0000000|0.0000000,0,0.9675593972206116,2.1203276992908946,0,0,0,0,0,
cross_town,Town02,mixed,20,147,7.35,117.93017578125,187.6062774658203,0.22167766094207764,-179.97372436523438,6.984891830066211e-09,499.49803358058756,1.3983822478535569e-09,1.52587890625e-05,2.663161087212984e-07,1.451116638386965e-06,0.3541936751830142,0.15419086813926697,0.8813738822937012,-0.19371838867664337,0.0,0.6441580057144165,0.05216294527053833,0.9999933242797852,0.23054619133472443,3.2470297813415527,1.5465303659439087,0.6836010|0.2923156|0.0240835|0.0000000|0.0000000|0.0000000|0.0000000|0.0000000|0.0000000|0.0000000,0,0.6836009621620178,2.090794893370629,0,0,0,0,0,
cross_town,Town02,mixed,20,148,7.4,117.93017578125,187.6062774658203,0.22167766094207764,-179.97372436523438,6.984891830066211e-09,499.49803358058756,1.3983822478535569e-09,1.52587890625e-05,2.663161087212984e-07,1.03113507310736e-07,0.351815472008377,0.3699758052825928,0.9008828997612,-0.3047271966934204,0.0,0.724157989025116,-0.027837054803967476,0.9999986886978149,0.27222907543182373,3.6115963459014893,0.42896634340286255,1.0000000|0.0000000|0.0000000|0.0000000|0.0000000|0.0000000|0.0000000|0.0000000|0.0000000|0.0000000,0,1.0,2.061510907483184,0,0,0,0,0,
cross_town,Town02,mixed,20,149,7.45,117.93017578125,187.6062774658203,0.22167766094207764,-179.97372436523438,6.984891830066211e-09,499.49803358058756,1.3983822478535569e-09,1.52587890625e-05,2.663161087212984e-07,2.707710249962529e-07,0.34946397547165403,0.1721675992012024,0.7056515216827393,0.49698618054389954,0.0,0.7056515216827393,0.05216294527053833,0.999339759349823,0.22896142303943634,2.1015870571136475,1.5325775146484375,0.6787475|0.2975442|0.0237083|0.0000000|0.0000000|0.0000000|0.0000000|0.0000000|0.0000000|0.0000000,0,0.6787474751472473,2.031804418018301,0,0,0,0,0,
cross_town,Town02,mixed,20,150,7.5,117.93017578125,187.6062774658203,0.22167766094207764,-179.97372436523438,6.984891830066211e-09,499.49803358058756,1.3983822478535569e-09,1.52587890625e-05,2.663161087212984e-07,1.212608245996165e-06,0.3531607253766641,0.10174673795700073,0.7662161588668823,0.0870506763458252,0.0,0.7662161588668823,0.0870506763458252,0.9999983310699463,0.2273332178592682,3.599295139312744,1.5421124696731567,0.6871325|0.2904228|0.0224447|0.0000000|0.0000000|0.0000000|0.0000000|0.0000000|0.0000000|0.0000000,0,0.6871324777603149,2.0024043341005204,0,0,0,0,0,
cross_town,Town02,mixed,20,151,7.55,117.93017578125,187.6062774658203,0.22167766094207764,-179.97372436523438,6.984891830066211e-09,499.49803358058756,1.3983822478535569e-09,1.52587890625e-05,2.663161087212984e-07,3.435309441955716e-07,0.3444458155905873,0.16929078102111816,0.8274601697921753,-0.1569327563047409,0.0,0.8274601697921753,0.007050676271319389,1.0,0.22629745304584503,6.992539405822754,0.8819130659103394,0.6937758|0.2805279|0.0256963|0.0000000|0.0000000|0.0000000|0.0000000|0.0000000|0.0000000|0.0000000,0,0.6937758326530457,1.9735002047262387,0,0,0,0,0,
cross_town,Town02,mixed,20,152,7.6,117.93017578125,187.6062774658203,0.22167766094207764,-179.97372436523438,6.984891830066211e-09,499.49803358058756,1.3983822478535569e-09,1.52587890625e-05,2.663161087212984e-07,3.778407238170575e-07,0.3588007396594084,0.1726793348789215,0.3785708248615265,-0.05187826231122017,0.0,0.7474601864814758,-0.05187826231122017,0.8662453889846802,0.22483323514461517,0.7422072291374207,0.7128481268882751,0.6964782|0.2811316|0.0223902|0.0000000|0.0000000|0.0000000|0.0000000|0.0000000|0.0000000|0.0000000,0,0.6964781880378723,1.9444637958567663,0,0,0,0,0,
cross_town,Town02,mixed,20,153,7.65,117.93017578125,187.6062774658203,0.22167766094207764,-179.97372436523438,6.984891830066211e-09,499.49803358058756,1.3983822478535569e-09,1.52587890625e-05,2.663161087212984e-07,3.4367584415576844e-08,0.36537359128626895,0.14568442106246948,0.6722681522369385,0.460324764251709,0.0,0.6722681522369385,0.028121737763285637,0.7396844029426575,0.2208665907382965,0.5402157306671143,1.455769419670105,0.7055201|0.2944799|0.0000000|0.0000000|0.0000000|0.0000000|0.0000000|0.0000000|0.0000000|0.0000000,0,0.7055200934410095,1.915749246489115,0,0,0,0,0,
cross_town,Town02,mixed,20,154,7.7,117.93017578125,187.6062774658203,0.22167766094207764,-179.97372436523438,6.984891830066211e-09,499.49803358058756,1.3983822478535569e-09,1.52587890625e-05,2.663161087212984e-07,6.873815395942341e-08,0.3367442393403994,0.13005289435386658,0.6928654909133911,0.2462732195854187,0.0,0.6928654909133911,0.10812173783779144,0.9999126195907593,0.2226395606994629,2.6136748790740967,1.854697585105896,0.7005764|0.2777615|0.0216620|0.0000000|0.0000000|0.0000000|0.0000000|0.0000000|0.0000000|0.0000000,0,0.7005764245986938,1.887241326748084,0,0,0,0,0,
cross_town,Town02,mixed,20,155,7.75,117.93017578125,187.6062774658203,0.22167766094207764,-179.97372436523438,6.984891830066211e-09,499.49803358058756,1.3983822478535569e-09,1.52587890625e-05,2.663161087212984e-07,1.0308574870701206e-07,0.3340940236527601,0.10109657049179077,0.8111139535903931,-0.4475086033344269,0.0,0.7728654742240906,0.028121737763285637,0.9999954700469971,0.27973946928977966,3.294299602508545,1.0731658935546875,0.9298575|0.0701424|0.0000000|0.0000000|0.0000000|0.0000000|0.0000000|0.0000000|0.0000000|0.0000000,0,0.9298574924468994,1.8589356724539938,0,0,0,0,0,
cross_town,Town02,mixed,20,156,7.8,117.93017578125,187.6062774658203,0.22167766094207764,-179.97372436523438,6.984891830066211e-09,499.49803358058756,1.3983822478535569e-09,1.52587890625e-05,2.663161087212984e-07,1.3749968619060839e-07,0.3351683657470322,0.13888433575630188,0.6656219959259033,0.08534245193004608,0.0,0.6928654909133911,0.08534245193004608,1.0,0.22108209133148193,4.686434745788574,1.0443613529205322,0.6950693|0.2851093|0.0198214|0.0000000|0.0000000|0.0000000|0.0000000|0.0000000|0.0000000|0.0000000,0,0.6950692534446716,1.8308486794053114,0,0,0,0,0,
cross_town,Town02,mixed,20,157,7.85,117.93017578125,187.6062774658203,0.22167766094207764,-179.97372436523438,6.984891830066211e-09,499.49803358058756,1.3983822478535569e-09,1.52587890625e-05,2.663161087212984e-07,2.404539786852682e-07,0.328708406414808,0.15335509181022644,0.007727116346359253,-0.15137946605682373,0.0,0.6128655076026917,0.005342451855540276,1.0,0.800000011920929,4.234886169433594,-1.0858744382858276,1.0000000|0.0000000|0.0000000|0.0000000|0.0000000|0.0000000|0.0000000|0.0000000|0.0000000|0.0000000,0,1.0,1.8030323379525293,0,0,0,0,0,
cross_town,Town02,mixed,20,158,7.9,117.93017578125,187.6062774658203,0.22167766094207764,-179.97372436523438,6.984891830066211e-09,499.49803358058756,1.3983822478535569e-09,1.52587890625e-05,2.663161087212984e-07,2.74850921527639e-07,0.32596865926121116,0.1380796730518341,0.7165610790252686,0.3397541344165802,0.0,0.6928654909133911,0.08534245193004608,0.99998939037323,0.2185516357421875,3.1439528465270996,1.935536503791809,0.7075494|0.2709060|0.0215447|0.0000000|0.0000000|0.0000000|0.0000000|0.0000000|0.0000000|0.0000000,0,0.7075493931770325,1.7755441081629217,0,0,0,0,0,
cross_town,Town02,mixed,20,159,7.95,117.93017578125,187.6062774658203,0.22167766094207764,-179.97372436523438,6.984891830066211e-09,499.49803358058756,1.3983822478535569e-09,1.52587890625e-05,2.663161087212984e-07,3.4351928388905456e-07,0.3231967185723346,0.13333910703659058,0.7845726609230042,-0.16403482854366302,0.0,0.7728654742240906,0.005342451855540276,1.0,0.2174820899963379,4.462229251861572,1.531081199645996,0.7135159|0.2623889|0.0240952|0.0000000|0.0000000|0.0000000|0.0000000|0.0000000|0.0000000|0.0000000,0,0.7135158777236938,1.7484647845725767,0,0,0,0,0,
cross_town,Town02,mixed,20,160,8.0,117.93017578125,187.6062774658203,0.22167766094207764,-179.97372436523438,6.984891830066211e-09,499.49803358058756,1.3983822478535569e-09,1.52587890625e-05,2.663161087212984e-07,3.783910055930917e-07,0.32107508145496894,0.16085177659988403,0.5399025678634644,0.08415617048740387,0.0,0.6928654909133911,0.08415617048740387,0.9954819679260254,0.2156667709350586,1.633118987083435,1.3152199983596802,0.7194911|0.2607896|0.0197193|0.0000000|0.0000000|0.0000000|0.0000000|0.0000000|0.0000000|0.0000000,0,0.7194910645484924,1.7215679685720946,0,0,0,0,0,
cross_town,Town02,mixed,20,161,8.05,117.93017578125,187.6062774658203,0.22167766094207764,-179.97372436523438,6.984891830066211e-09,499.49803358058756,1.3983822478535569e-09,1.52587890625e-05,2.663161087212984e-07,3.4345567091918804e-08,0.3175716653147222,0.1377638876438141,0.7630513906478882,-0.1796674132347107,0.0,0.7630513906478882,0.004156170412898064,0.9999998807907104,0.21463724970817566,4.183086395263672,1.5537631511688232,0.7228304|0.2564965|0.0206732|0.0000000|0.0000000|0.0000000|0.0000000|0.0000000|0.0000000|0.0000000,0,0.7228304147720337,1.6957057306761238,0,0,0,0,0,
cross_town,Town02,mixed,20,162,8.1,117.93017578125,187.6062774658203,0.22167766094207764,-179.97372436523438,6.984891830066211e-09,499.49803358058756,1.3983822478535569e-09,1.52587890625e-05,2.663161087212984e-07,6.871188101182959e-08,0.31727467994947156,0.1430252194404602,0.5557994842529297,0.19623970985412598,0.0,0.6830514073371887,0.08415617048740387,0.9744763374328613,0.21449901163578033,1.1960748434066772,1.4254119396209717,0.7138223|0.2659389|0.0202389|0.0000000|0.0000000|0.0000000|0.0000000|0.0000000|0.0000000|0.0000000,0,0.7138223052024841,1.6706680369096343,0,0,0,0,0,
cross_town,Town02,mixed,20,163,8.15,117.93017578125,187.6062774658203,0.22167766094207764,-179.97372436523438,6.984891830066211e-09,499.49803358058756,1.3983822478535569e-09,1.52587890625e-05,2.663161087212984e-07,1.030623149038996e-07,0.3118642673888451,0.12422668933868408,0.7448266744613647,-0.17378123104572296,0.0,0.7448266744613647,0.004156170412898064,0.999872088432312,0.20929637551307678,2.5316336154937744,1.8585786819458008,0.7398080|0.2601920|0.0000000|0.0000000|0.0000000|0.0000000|0.0000000|0.0000000|0.0000000|0.0000000,0,0.7398079633712769,1.6458546288938505,0,0,0,0,0,
cross_town,Town02,mixed,20,164,8.2,117.93017578125,187.6062774658203,0.22167766094207764,-179.97372436523438,6.984891830066211e-09,499.49803358058756,1.3983822478535569e-09,1.52587890625e-05,2.663161087212984e-07,1.3490937317908515e-06,0.3089654912130109,0.12624883651733398,0.34106501936912537,-0.11686002463102341,0.0,0.6648266911506653,-0.07584382593631744,0.9999680519104004,0.2813674807548523,2.8065531253814697,0.6085744500160217,0.9146531|0.0853470|0.0000000|0.0000000|0.0000000|0.0000000|0.0000000|0.0000000|0.0000000|0.0000000,0,0.9146530628204346,1.6220263034959375,0,0,0,0,0,
cross_town,Town02,mixed,20,165,8.25,117.93017578125,187.6062774658203,0.22167766094207764,-179.97372436523438,6.984891830066211e-09,499.49803358058756,1.3983822478535569e-09,1.52587890625e-05,2.663161087212984e-07,2.0611149390143557e-07,0.32881987896644777,0.1141355037689209,0.7456280589103699,0.6045554876327515,0.0,0.7448266744613647,0.004156174138188362,0.7723763585090637,0.20814350247383118,0.5973010659217834,2.0221805572509766,0.7338654|0.2661346|0.0000000|0.0000000|0.0000000|0.0000000|0.0000000|0.0000000|0.0000000|0.0000000,0,0.7338653802871704,1.5991763707129796,0,0,0,0,0,
cross_town,Town02,mixed,20,166,8.3,117.93017578125,187.6062774658203,0.22167766094207764,-179.97372436523438,6.984891830066211e-09,499.49803358058756,1.3983822478535569e-09,1.52587890625e-05,2.663161087212984e-07,2.4050989906707646e-07,0.3109135830738523,0.16514593362808228,0.5415558218955994,0.22904615104198456,0.0,0.6648266911506653,0.08415617048740387,0.922275960445404,0.2103554606437683,0.9080643653869629,1.6846826076507568,0.7230454|0.2576735|0.0192811|0.0000000|0.0000000|0.0000000|0.0000000|0.0000000|0.0000000|0.0000000,0,0.7230454087257385,1.5774542180975393,0,0,0,0,0,
cross_town,Town02,mixed,20,167,8.35,117.93017578125,187.6062774658203,0.22167766094207764,-179.97372436523438,6.984891830066211e-09,499.49803358058756,1.3983822478535569e-09,1.52587890625e-05,2.663161087212984e-07,3.338249082594433e-07,0.30039807667247975,0.1145087480545044,0.6941841244697571,-0.1264857053756714,0.0,0.6941841244697571,0.004156170412898064,0.9981853365898132,0.2100474089384079,1.867462396621704,2.012563467025757,0.7182458|0.2620436|0.0197106|0.0000000|0.0000000|0.0000000|0.0000000|0.0000000|0.0000000|0.0000000,0,0.718245804309845,1.5570048385333712,0,0,0,0,0,
cross_town,Town02,mixed,20,168,8.4,117.93017578125,187.6062774658203,0.22167766094207764,-179.97372436523438,6.984891830066211e-09,499.49803358058756,1.3983822478535569e-09,1.52587890625e-05,2.663161087212984e-07,1.1784760974949464e-06,0.30068397187212575,0.15783926844596863,0.5904022455215454,0.31741586327552795,0.0,0.6141841411590576,0.08415617048740387,0.9660491943359375,0.20928440988063812,1.1277910470962524,2.0383176803588867,0.7184258|0.2616977|0.0198765|0.0000000|0.0000000|0.0000000|0.0000000|0.0000000|0.0000000|0.0000000,0,0.7184258103370667,1.5380342693327937,0,0,0,0,0,
cross_town,Town02,mixed,20,169,8.45,117.93017578125,187.6062774658203,0.22167766094207764,-179.97372436523438,6.984891830066211e-09,499.49803358058756,1.3983822478535569e-09,1.52587890625e-05,2.663161087212984e-07,1.1781604293586326e-06,0.2955706356583241,0.11886841058731079,0.7163676023483276,-0.19790658354759216,0.0,0.6941841244697571,0.004156170412898064,0.9879189133644104,0.20725953578948975,1.393730878829956,2.2187209129333496,0.7330535|0.2464609|0.0204856|0.0000000|0.0000000|0.0000000|0.0000000|0.0000000|0.0000000|0.0000000,0,0.7330535054206848,1.5207644513142655,0,0,0,0,0,
cross_town,Town02,mixed,20,170,8.5,117.93017578125,187.6062774658203,0.22167766094207764,-179.97372436523438,6.984891830066211e-09,499.49803358058756,1.3983822478535569e-09,1.52587890625e-05,2.663161087212984e-07,3.4382703601223144e-08,0.29783351676845843,0.15049654245376587,0.5646328926086426,0.3174412250518799,0.0,0.6141841411590576,0.08415617048740387,0.9360949397087097,0.20326608419418335,0.9678136706352234,2.056246519088745,0.7443928|0.2556072|0.0000000|0.0000000|0.0000000|0.0000000|0.0000000|0.0000000|0.0000000|0.0000000,0,0.7443928122520447,1.505473112233691,0,0,0,0,0,
cross_town,Town02,mixed,20,171,8.55,117.93017578125,187.6062774658203,0.22167766094207764,-179.97372436523438,6.984891830066211e-09,499.49803358058756,1.3983822478535569e-09,1.52587890625e-05,2.663161087212984e-07,6.87308779199966e-08,0.3040092921025794,0.11996826529502869,0.7199190855026245,-0.15170471370220184,0.0,0.6941841244697571,0.004156170412898064,0.8452702164649963,0.20579737424850464,0.7186967134475708,2.232203960418701,0.7340648|0.2443745|0.0215607|0.0000000|0.0000000|0.0000000|0.0000000|0.0000000|0.0000000|0.0000000,0,0.7340647578239441,1.492058695449266,0,0,0,0,0,
cross_town,Town02,mixed,20,172,8.6,117.93017578125,187.6062774658203,0.22167766094207764,-179.97372436523438,6.984891830066211e-09,499.49803358058756,1.3983822478535569e-09,1.52587890625e-05,2.663161087212984e-07,1.3742208410581478e-07,0.28564929678924345,0.6613545417785645,0.646527886390686,-0.45845168828964233,0.0,0.6141841411590576,-0.07584382593631744,1.0,0.27222907543182373,5.410642147064209,0.2355901002883911,1.0000000|0.0000000|0.0000000|0.0000000|0.0000000|0.0000000|0.0000000|0.0000000|0.0000000|0.0000000,0,1.0,1.4820392282155157,0,0,0,0,0,
cross_town,Town02,mixed,20,173,8.65,117.93017578125,187.6062774658203,0.22167766094207764,-179.97372436523438,6.984891830066211e-09,499.49803358058756,1.3983822478535569e-09,1.52587890625e-05,2.663161087212984e-07,2.0617727086219582e-07,0.2828064847352882,0.20905601978302002,0.9755089282989502,0.5024637579917908,0.0,0.6941841244697571,0.004156174138188362,0.9998310804367065,0.28028762340545654,2.3913021087646484,1.132620096206665,0.9247382|0.0752618|0.0000000|0.0000000|0.0000000|0.0000000|0.0000000|0.0000000|0.0000000|0.0000000,0,0.9247381687164307,1.4749669695873133,0,0,0,0,0,
cross_town,Town02,mixed,20,174,8.7,117.93017578125,187.6062774658203,0.22167766094207764,-179.97372436523438,6.984891830066211e-09,499.49803358058756,1.3983822478535569e-09,1.52587890625e-05,2.663161087212984e-07,1.3145347288669802e-06,0.2880438701665238,0.14429816603660583,0.5262463688850403,0.3036511540412903,0.0,0.6141841411590576,0.08415617048740387,0.9202837347984314,0.19941648840904236,0.9121356010437012,2.0702760219573975,0.7545525|0.2454474|0.0000000|0.0000000|0.0000000|0.0000000|0.0000000|0.0000000|0.0000000|0.0000000,0,0.7545525431632996,1.6313064501118693,0,0,0,0,0,
cross_town,Town02,mixed,20,175,8.75,117.93017578125,187.6062774658203,0.22167766094207764,-179.97372436523438,6.984891830066211e-09,499.49803358058756,1.3983822478535569e-09,1.52587890625e-05,2.663161087212984e-07,2.4051982823101383e-07,0.29696098926857367,0.14107611775398254,0.7278751134872437,-0.17200696468353271,0.0,0.6941841244697571,0.004156170412898064,0.8097190260887146,0.20336419343948364,0.658682107925415,2.3895277976989746,0.7283419|0.2525307|0.0191274|0.0000000|0.0000000|0.0000000|0.0000000|0.0000000|0.0000000|0.0000000,0,0.7283419370651245,2.279343644741291,0,0,0,0,0,
cross_town,Town02,mixed,20,176,8.8,117.93017578125,187.6062774658203,0.22167766094207764,-179.97372436523438,6.984891830066211e-09,499.49803358058756,1.3983822478535569e-09,1.52587890625e-05,2.663161087212984e-07,2.748883587790111e-07,0.2812298500305208,0.274042546749115,0.5278726816177368,0.26100486516952515,0.0,0.6141841411590576,0.08415617048740387,0.9534171223640442,0.2018527388572693,1.052851915359497,2.0089468955993652,0.7378432|0.2438857|0.0182710|0.0000000|0.0000000|0.0000000|0.0000000|0.0000000|0.0000000|0.0000000,0,0.7378432154655457,4.027412126523833,0,0,0,0,0,
cross_town,Town02,mixed,20,177,8.85,117.93017578125,187.6062774658203,0.22167766094207764,-179.97372436523438,6.984891830066211e-09,499.49803358058756,1.3983822478535569e-09,1.52587890625e-05,2.663161087212984e-07,3.0921419160302743e-07,0.27654355496589994,0.26414933800697327,0.3872635066509247,-0.18923133611679077,0.0,0.5341841578483582,0.004156170412898064,0.9945381283760071,0.1792803704738617,1.621843695640564,2.7218642234802246,0.9732105|0.0267895|0.0000000|0.0000000|0.0000000|0.0000000|0.0000000|0.0000000|0.0000000|0.0000000,0,0.9732104539871216,8.382165024539514,0,0,0,0,0,
cross_town,Town02,mixed,20,178,8.9,117.93017578125,187.6062774658203,0.22167766094207764,-179.97372436523438,6.984891830066211e-09,499.49803358058756,1.3983822478535569e-09,1.52587890625e-05,2.663161087212984e-07,3.4357586018807655e-08,0.3104833382764927,0.333723247051239,0.2793850004673004,0.014734088443219662,0.0,0.4541841447353363,0.014734088443219662,0.7303419709205627,0.17915675044059753,0.5699328184127808,2.9273838996887207,0.9729741|0.0270259|0.0000000|0.0000000|0.0000000|0.0000000|0.0000000|0.0000000|0.0000000|0.0000000,0,0.9729740619659424,8.366699310099838,0,0,0,0,0,
cross_town,Town02,mixed,20,179,8.95,117.93017578125,187.6062774658203,0.22167766094207764,-179.97372436523438,6.984891830066211e-09,499.49803358058756,1.3983822478535569e-09,1.52587890625e-05,2.663161087212984e-07,6.870581371539502e-08,0.2917496271342035,0.1885679066181183,0.7672173976898193,-0.1351400911808014,0.0,0.5341841578483582,-0.06526590883731842,0.8424743413925171,0.20194260776042938,0.7172461152076721,3.1224288940429688,0.7368047|0.2408590|0.0223363|0.0000000|0.0000000|0.0000000|0.0000000|0.0000000|0.0000000|0.0000000,0,0.736804723739624,8.398422866746412,0,0,0,0,0,
cross_town,Town02,mixed,20,180,9.0,117.93017578125,187.6062774658203,0.22167766094207764,-179.97372436523438,6.984891830066211e-09,499.49803358058756,1.3983822478535569e-09,1.52587890625e-05,2.663161087212984e-07,1.0307299909385949e-07,0.27659253137690687,0.231923907995224,0.6019695401191711,0.13657742738723755,0.0,0.6019695401191711,0.014734091237187386,0.994340181350708,0.20092451572418213,1.5912470817565918,2.8461341857910156,0.7428775|0.2387542|0.0183684|0.0000000|0.0000000|0.0000000|0.0000000|0.0000000|0.0000000|0.0000000,0,0.7428774833679199,8.460251462508204,0,0,0,0,0,
cross_town,Town02,mixed,20,181,9.05,117.93017578125,187.6062774658203,0.22167766094207764,-179.97372436523438,6.984891830066211e-09,499.49803358058756,1.3983822478535569e-09,1.52587890625e-05,2.663161087212984e-07,1.388698363815902e-07,0.2760707689807685,0.36857983469963074,0.9271661043167114,-0.14479446411132812,0.0,0.6819695234298706,-0.06526590883731842,0.9998289346694946,0.27222907543182373,2.3960773944854736,0.44865745306015015,1.0000000|0.0000000|0.0000000|0.0000000|0.0000000|0.0000000|0.0000000|0.0000000|0.0000000|0.0000000,0,1.0,8.531629029009316,0,0,0,0,0,
cross_town,Town02,mixed,20,182,9.1,117.93017578125,187.6062774658203,0.22167766094207764,-179.97372436523438,6.984891830066211e-09,499.49803358058756,1.3983822478535569e-09,1.52587890625e-05,2.663161087212984e-07,2.0610935636319121e-07,0.2790740157397073,0.33313852548599243,0.419094055891037,0.1726081520318985,0.0,0.6019695401191711,0.014734091237187386,0.9700199365615845,0.20139731466770172,1.1677981615066528,2.043962240219116,0.7379705|0.2438856|0.0181439|0.0000000|0.0000000|0.0000000|0.0000000|0.0000000|0.0000000|0.0000000,0,0.7379704713821411,8.589683668307897,0,0,0,0,0,
cross_town,Town02,mixed,20,183,9.15,117.93017578125,187.6062774658203,0.22167766094207764,-179.97372436523438,6.984891830066211e-09,499.49803358058756,1.3983822478535569e-09,1.52587890625e-05,2.663161087212984e-07,2.7482714531465336e-07,0.28196689164888306,0.29804128408432007,0.6061296463012695,-0.15892376005649567,0.0,0.6061296463012695,-0.06526590883731842,0.9412647485733032,0.20177684724330902,0.9917691946029663,2.6717586517333984,0.7357262|0.2446996|0.0195743|0.0000000|0.0000000|0.0000000|0.0000000|0.0000000|0.0000000|0.0000000,0,0.7357261776924133,8.61174466741545,0,0,0,0,0,
cross_town,Town02,mixed,20,184,9.2,117.93017578125,187.6062774658203,0.22167766094207764,-179.97372436523438,6.984891830066211e-09,499.49803358058756,1.3983822478535569e-09,1.52587890625e-05,2.663161087212984e-07,3.3373338428263595e-07,0.27927346953770155,0.30285435914993286,0.5653035640716553,0.23831795156002045,0.0,0.5653035640716553,0.014734091237187386,0.9683287739753723,0.2015617936849594,1.153478741645813,2.567793369293213,0.7371778|0.2439564|0.0188658|0.0000000|0.0000000|0.0000000|0.0000000|0.0000000|0.0000000|0.0000000,0,0.7371777892112732,8.58074813851501,0,0,0,0,0,
cross_town,Town02,mixed,20,185,9.25,117.93017578125,187.6062774658203,0.22167766094207764,-179.97372436523438,6.984891830066211e-09,499.49803358058756,1.3983822478535569e-09,1.52587890625e-05,2.663161087212984e-07,3.345865821059962e-07,0.2919306832426983,0.2504587769508362,0.5519556999206543,-0.2278580367565155,0.0,0.5519556999206543,-0.06526590883731842,0.8418511152267456,0.20130515098571777,0.7167114615440369,2.831181526184082,0.7417089|0.2376771|0.0206139|0.0000000|0.0000000|0.0000000|0.0000000|0.0000000|0.0000000|0.0000000,0,0.7417089343070984,8.49409540958845,0,0,0,0,0,
cross_town,Town02,mixed,20,186,9.3,117.93017578125,187.6062774658203,0.22167766094207764,-179.97372436523438,6.984891830066211e-09,499.49803358058756,1.3983822478535569e-09,1.52587890625e-05,2.663161087212984e-07,0.0,0.2795109619914028,0.2517569661140442,0.530873715877533,0.14014294743537903,0.0,0.530873715877533,0.014734091237187386,0.9661128520965576,0.19793957471847534,1.1396217346191406,2.8126418590545654,0.7534795|0.2465205|0.0000000|0.0000000|0.0000000|0.0000000|0.0000000|0.0000000|0.0000000|0.0000000,0,0.753479540348053,8.36368997970516,0,0,0,0,0,
cross_town,Town02,mixed,20,187,9.35,117.93017578125,187.6062774658203,0.22167766094207764,-179.97372436523438,6.984891830066211e-09,499.49803358058756,1.3983822478535569e-09,1.52587890625e-05,2.663161087212984e-07,3.4381862595697307e-08,0.2761268476730608,0.050078511238098145,0.002590775489807129,-0.5094588994979858,0.0,0.4508737027645111,-0.06526590883731842,1.0,0.3793025314807892,20.03530502319336,1.1071534156799316,1.0000000|0.0000000|0.0000000|0.0000000|0.0000000|0.0000000|0.0000000|0.0000000|0.0000000|0.0000000,0,1.0,8.21029459318995,0,0,0,0,0,
cross_town,Town02,mixed,20,188,9.4,117.93017578125,187.6062774658203,0.22167766094207764,-179.97372436523438,6.984891830066211e-09,499.49803358058756,1.3983822478535569e-09,1.52587890625e-05,2.663161087212984e-07,6.874348899930715e-08,0.27817549816071435,0.17401432991027832,0.7827396392822266,0.09912551194429398,0.0,0.530873715877533,0.014734091237187386,0.9795442223548889,0.20236535370349884,1.2648394107818604,3.138458251953125,0.7300466|0.2502200|0.0197334|0.0000000|0.0000000|0.0000000|0.0000000|0.0000000|0.0000000|0.0000000,0,0.7300466299057007,8.057011710515335,0,0,0,0,0,
cross_town,Town02,mixed,20,189,9.45,117.93017578125,187.6062774658203,0.22167766094207764,-179.97372436523438,6.984891830066211e-09,499.49803358058756,1.3983822478535569e-09,1.52587890625e-05,2.663161087212984e-07,1.4511172337031855e-06,0.30189126761200535,0.24463415145874023,0.7511165142059326,-0.1595577448606491,0.0,0.6108736991882324,-0.06526590883731842,0.742408037185669,0.20211797952651978,0.5625125169754028,2.9520180225372314,0.7320324|0.2487225|0.0192451|0.0000000|0.0000000|0.0000000|0.0000000|0.0000000|0.0000000|0.0000000,0,0.7320323586463928,7.924993612679887,0,0,0,0,0,
cross_town,Town02,mixed,20,190,9.5,117.93017578125,187.6062774658203,0.22167766094207764,-179.97372436523438,6.984891830066211e-09,499.49803358058756,1.3983822478535569e-09,1.52587890625e-05,2.663161087212984e-07,1.0313181212781001e-07,0.2838119933130459,0.3015127182006836,0.5721679925918579,0.22858190536499023,0.0,0.5721679925918579,0.014734091237187386,0.9232138395309448,0.2025821954011917,0.9191268682479858,2.654456615447998,0.7277390|0.2526381|0.0196229|0.0000000|0.0000000|0.0000000|0.0000000|0.0000000|0.0000000|0.0000000,0,0.7277390360832214,7.829472296276269,0,0,0,0,0,
cross_town,Town02,mixed,20,191,9.55,117.93017578125,187.6062774658203,0.22167766094207764,-179.97372436523438,6.984891830066211e-09,499.49803358058756,1.3983822478535569e-09,1.52587890625e-05,2.663161087212984e-07,2.1377494749174361e-07,0.30568383952940337,0.28614169359207153,0.6714996099472046,-0.2000272572040558,0.0,0.6521679759025574,-0.06526590883731842,0.704503059387207,0.19862857460975647,0.51857990026474,2.8127622604370117,0.7465326|0.2534675|0.0000000|0.0000000|0.0000000|0.0000000|0.0000000|0.0000000|0.0000000|0.0000000,0,0.7465325593948364,7.776646295138075,0,0,0,0,0,
cross_town,Town02,mixed,20,192,9.6,117.93017578125,187.6062774658203,0.22167766094207764,-179.97372436523438,6.984891830066211e-09,499.49803358058756,1.3983822478535569e-09,1.52587890625e-05,2.663161087212984e-07,1.2126500289701823e-06,0.2858132682131556,0.29670223593711853,0.4747588336467743,0.09177783876657486,0.0,0.5721679925918579,0.014734091237187386,0.903213381767273,0.19812187552452087,0.8602405786514282,2.3774263858795166,0.7516739|0.2483262|0.0000000|0.0000000|0.0000000|0.0000000|0.0000000|0.0000000|0.0000000|0.0000000,0,0.7516738772392273,7.763208431271924,0,0,0,0,0,
cross_town,Town02,mixed,20,193,9.65,117.93017578125,187.6062774658203,0.22167766094207764,-179.97372436523438,6.984891830066211e-09,499.49803358058756,1.3983822478535569e-09,1.52587890625e-05,2.663161087212984e-07,3.43531657994837e-07,0.29851837705464246,0.2519685626029968,0.6084933280944824,-0.19751235842704773,0.0,0.6084933280944824,-0.06526590883731842,0.7761653661727905,0.20227579772472382,0.608588695526123,2.863107204437256,0.7315449|0.2481948|0.0202603|0.0000000|0.0000000|0.0000000|0.0000000|0.0000000|0.0000000|0.0000000,0,0.7315449118614197,7.778653153818311,0,0,0,0,0,
cross_town,Town02,mixed,20,194,9.7,117.93017578125,187.6062774658203,0.22167766094207764,-179.97372436523438,6.984891830066211e-09,499.49803358058756,1.3983822478535569e-09,1.52587890625e-05,2.663161087212984e-07,3.7789348580583315e-07,0.27934145216122647,0.29607710242271423,0.5255476832389832,0.19744069874286652,0.0,0.528493344783783,0.014734091237187386,0.9679353833198547,0.20188742876052856,1.1499660015106201,2.5572967529296875,0.7344821|0.2461809|0.0193370|0.0000000|0.0000000|0.0000000|0.0000000|0.0000000|0.0000000|0.0000000,0,0.7344821095466614,7.80972741811391,0,0,0,0,0,
cross_town,Town02,mixed,20,195,9.75,117.93017578125,187.6062774658203,0.22167766094207764,-179.97372436523438,6.984891830066211e-09,499.49803358058756,1.3983822478535569e-09,1.52587890625e-05,2.663161087212984e-07,3.436449729242189e-08,0.27614175362441884,0.4141705632209778,0.9461287260055542,-0.07442472875118256,0.0,0.6084933280944824,-0.06526590883731842,0.9999346733093262,0.27222907543182373,2.6366703510284424,0.5175520181655884,1.0000000|0.0000000|0.0000000|0.0000000|0.0000000|0.0000000|0.0000000|0.0000000|0.0000000|0.0000000,0,1.0,7.840523999548275,0,0,0,0,0,
cross_town,Town02,mixed,20,196,9.8,117.93017578125,187.6062774658203,0.22167766094207764,-179.97372436523438,6.984891830066211e-09,499.49803358058756,1.3983822478535569e-09,1.52587890625e-05,2.663161087212984e-07,6.872290137421746e-08,0.28144765710912817,0.28493982553482056,0.5684627890586853,0.18644046783447266,0.0,0.5684627890586853,0.014734091237187386,0.9468764066696167,0.20283780992031097,1.0172990560531616,2.5987751483917236,0.7254838|0.2545895|0.0199268|0.0000000|0.0000000|0.0000000|0.0000000|0.0000000|0.0000000|0.0000000,0,0.725483775138855,7.854902386694672,0,0,0,0,0,
cross_town,Town02,mixed,20,197,9.85,117.93017578125,187.6062774658203,0.22167766094207764,-179.97372436523438,6.984891830066211e-09,499.49803358058756,1.3983822478535569e-09,1.52587890625e-05,2.663161087212984e-07,1.030641760443471e-07,0.3208479478867298,0.3361060619354248,0.3039563298225403,-0.1429903507232666,0.0,0.48846277594566345,-0.06526590883731842,0.5528742671012878,0.17363984882831573,0.3794328570365906,3.02890682220459,1.0000000|0.0000000|0.0000000|0.0000000|0.0000000|0.0000000|0.0000000|0.0000000|0.0000000|0.0000000,0,1.0,7.8393637610664975,0,0,0,0,0,
cross_town,Town02,mixed,20,198,9.9,117.93017578125,187.6062774658203,0.22167766094207764,-179.97372436523438,6.984891830066211e-09,499.49803358058756,1.3983822478535569e-09,1.52587890625e-05,2.663161087212984e-07,1.3748078485074774e-07,0.27767999783343944,0.18963301181793213,0.6928768157958984,0.10932113975286484,0.0,0.5684627890586853,0.014734091237187386,0.9845553040504456,0.19883877038955688,1.3398927450180054,3.0450401306152344,0.7444052|0.2555948|0.0000000|0.0000000|0.0000000|0.0000000|0.0000000|0.0000000|0.0000000|0.0000000,0,0.744405210018158,7.786863318853891,0,0,0,0,0,
cross_town,Town02,mixed,20,199,9.95,117.93017578125,187.6062774658203,0.22167766094207764,-179.97372436523438,6.984891830066211e-09,499.49803358058756,1.3983822478535569e-09,1.52587890625e-05,2.663161087212984e-07,1.7174939730376856e-07,0.30590293422526965,0.32334184646606445,0.30791813135147095,-0.09732220321893692,0.0,0.48846277594566345,-0.06526590883731842,0.7023259401321411,0.1792234629392624,0.5353761911392212,2.991061210632324,0.9728509|0.0271491|0.0000000|0.0000000|0.0000000|0.0000000|0.0000000|0.0000000|0.0000000|0.0000000,0,0.9728509187698364,7.700536771518299,0,0,0,0,0,
cross_town,Town02,mixed,20,200,10.0,117.93017578125,187.6062774658203,0.22167766094207764,-179.97372436523438,6.984891830066211e-09,499.49803358058756,1.3983822478535569e-09,1.52587890625e-05,2.663161087212984e-07,2.0615748746575894e-07,0.2806205572206462,0.19889011979103088,0.7021865844726562,0.11195752024650574,0.0,0.5684627890586853,0.014734091237187386,0.9551497101783752,0.19808807969093323,1.0665462017059326,3.0820024013519287,0.7520199|0.2479801|0.0000000|0.0000000|0.0000000|0.0000000|0.0000000|0.0000000|0.0000000|0.0000000,0,0.7520199418067932,7.59078790149822,0,0,0,0,0,
cross_town,Town02,mixed,20,201,10.05,117.93017578125,187.6062774658203,0.22167766094207764,-179.97372436523438,6.984891830066211e-09,499.49803358058756,1.3983822478535569e-09,1.52587890625e-05,2.663161087212984e-07,2.7485093218325547e-07,0.3189231867415464,0.3225659132003784,0.3122020363807678,-0.1266103982925415,0.0,0.48846277594566345,-0.06526590883731842,0.572124183177948,0.1786680668592453,0.39396268129348755,2.9709222316741943,0.9755515|0.0244486|0.0000000|0.0000000|0.0000000|0.0000000|0.0000000|0.0000000|0.0000000|0.0000000,0,0.9755514860153198,7.472280854361975,0,0,0,0,0,
cross_town,Town02,mixed,20,202,10.1,117.93017578125,187.6062774658203,0.22167766094207764,-179.97372436523438,6.984891830066211e-09,499.49803358058756,1.3983822478535569e-09,1.52587890625e-05,2.663161087212984e-07,3.441374391187857e-07,0.2768627161604911,0.20739176869392395,0.744647204875946,0.18823690712451935,0.0,0.5684627890586853,0.014734091237187386,0.9927288889884949,0.2020966112613678,1.5270434617996216,2.952786922454834,0.7344048|0.2443773|0.0212179|0.0000000|0.0000000|0.0000000|0.0000000|0.0000000|0.0000000|0.0000000,0,0.7344048023223877,7.359995522756345,0,0,0,0,0,
cross_town,Town02,mixed,20,203,10.15,117.93017578125,187.6062774658203,0.22167766094207764,-179.97372436523438,6.984891830066211e-09,499.49803358058756,1.3983822478535569e-09,1.52587890625e-05,2.663161087212984e-07,3.434551377183772e-08,0.27983812638349365,0.5623708963394165,0.9546396732330322,-0.3750588297843933,0.0,0.6484627723693848,-0.06526590883731842,0.9629747867584229,0.27222907543182373,1.0423779487609863,0.237449049949646,1.0000000|0.0000000|0.0000000|0.0000000|0.0000000|0.0000000|0.0000000|0.0000000|0.0000000|0.0000000,0,1.0,7.266264429733629,0,0,0,0,0,
cross_town,Town02,mixed,20,204,10.2,117.93017578125,187.6062774658203,0.22167766094207764,-179.97372436523438,6.984891830066211e-09,499.49803358058756,1.3983822478535569e-09,1.52587890625e-05,2.663161087212984e-07,6.870552633879033e-08,0.27615737863607553,0.2331346869468689,0.9487237334251404,0.3787072002887726,0.0,0.7284627556800842,0.014734091237187386,0.9997822642326355,0.28021004796028137,2.327786922454834,0.8391643762588501,0.9254630|0.0745371|0.0000000|0.0000000|0.0000000|0.0000000|0.0000000|0.0000000|0.0000000|0.0000000,0,0.9254629611968994,7.198273524171955,0,0,0,0,0,
cross_town,Town02,mixed,20,205,10.25,117.93017578125,187.6062774658203,0.22167766094207764,-179.97372436523438,6.984891830066211e-09,499.49803358058756,1.3983822478535569e-09,1.52587890625e-05,2.663161087212984e-07,1.0305099567714806e-07,0.28349449583120706,0.3694521188735962,0.3817227780818939,-0.1643475890159607,0.0,0.6484627723693848,-0.06526590883731842,0.9264110922813416,0.19858446717262268,0.9346214532852173,2.201605796813965,0.7469850|0.2530150|0.0000000|0.0000000|0.0000000|0.0000000|0.0000000|0.0000000|0.0000000|0.0000000,0,0.7469850182533264,7.157374503550696,0,0,0,0,0,
cross_town,Town02,mixed,20,206,10.3,117.93017578125,187.6062774658203,0.22167766094207764,-179.97372436523438,6.984891830066211e-09,499.49803358058756,1.3983822478535569e-09,1.52587890625e-05,2.663161087212984e-07,1.3150353808086515e-06,0.2761356054168641,0.02415686845779419,0.0003566443920135498,-0.6278278827667236,0.0,0.5684627890586853,-0.14526590704917908,1.0,0.3863968551158905,10.938013076782227,0.7387112379074097,0.7098764|0.2901236|0.0000000|0.0000000|0.0000000|0.0000000|0.0000000|0.0000000|0.0000000|0.0000000,0,0.7098764181137085,7.13943383011084,0,0,0,0,0,
cross_town,Town02,mixed,20,207,10.35,117.93017578125,187.6062774658203,0.22167766094207764,-179.97372436523438,6.984891830066211e-09,499.49803358058756,1.3983822478535569e-09,1.52587890625e-05,2.663161087212984e-07,2.4043313418831615e-07,0.2761528430798179,0.22681614756584167,0.6393388509750366,0.46336930990219116,0.0,0.6393388509750366,-0.06526590883731842,0.9998276233673096,0.20345447957515717,2.4630279541015625,2.6343297958374023,0.7309248|0.2403566|0.0193849|0.0093337|0.0000000|0.0000000|0.0000000|0.0000000|0.0000000|0.0000000,0,0.7309248447418213,7.136363344721582,0,0,0,0,0,
cross_town,Town02,mixed,20,208,10.4,117.93017578125,187.6062774658203,0.22167766094207764,-179.97372436523438,6.984891830066211e-09,499.49803358058756,1.3983822478535569e-09,1.52587890625e-05,2.663161087212984e-07,2.755163105027982e-07,0.2803855473619599,0.33159250020980835,0.21339935064315796,0.31985554099082947,0.0,0.5593388676643372,0.014734091237187386,0.9575005769729614,0.17666488885879517,1.102043867111206,2.651136636734009,0.9866491|0.0133509|0.0000000|0.0000000|0.0000000|0.0000000|0.0000000|0.0000000|0.0000000|0.0000000,0,0.9866490960121155,7.138419443108161,0,0,0,0,0,
cross_town,Town02,mixed,20,209,10.45,117.93017578125,187.6062774658203,0.22167766094207764,-179.97372436523438,6.984891830066211e-09,499.49803358058756,1.3983822478535569e-09,1.52587890625e-05,2.663161087212984e-07,3.0307901844962226e-07,0.3253209108931284,0.2496897280216217,0.7376908659934998,-0.09213858097791672,0.0,0.6393388509750366,-0.06526590883731842,0.5081469416618347,0.20064781606197357,0.30749982595443726,2.860470771789551,0.7399025|0.2492831|0.0108144|0.0000000|0.0000000|0.0000000|0.0000000|0.0000000|0.0000000|0.0000000,0,0.7399024963378906,7.135176851089161,0,0,0,0,0,
cross_town,Town02,mixed,20,210,10.5,117.93017578125,187.6062774658203,0.22167766094207764,-179.97372436523438,6.984891830066211e-09,499.49803358058756,1.3983822478535569e-09,1.52587890625e-05,2.663161087212984e-07,1.2462960138182246e-06,0.2794809991932889,0.31616663932800293,0.4845247268676758,0.21687275171279907,0.0,0.5593388676643372,0.014734091237187386,0.9665460586547852,0.2042311728000641,1.1366586685180664,2.3287806510925293,0.7242280|0.2457715|0.0190400|0.0109605|0.0000000|0.0000000|0.0000000|0.0000000|0.0000000|0.0000000,0,0.7242279648780823,7.11711575917396,0,0,0,0,0,
cross_town,Town02,mixed,20,211,10.55,117.93017578125,187.6062774658203,0.22167766094207764,-179.97372436523438,6.984891830066211e-09,499.49803358058756,1.3983822478535569e-09,1.52587890625e-05,2.663161087212984e-07,1.178567443154462e-06,0.29764800616301457,0.29613909125328064,0.700003981590271,-0.16398170590400696,0.0,0.6393388509750366,-0.06526590883731842,0.7848759889602661,0.19853222370147705,0.6250455379486084,2.8390796184539795,0.7475151|0.2524849|0.0000000|0.0000000|0.0000000|0.0000000|0.0000000|0.0000000|0.0000000|0.0000000,0,0.747515082359314,7.077956166739041,0,0,0,0,0,
cross_town,Town02,mixed,20,212,10.6,117.93017578125,187.6062774658203,0.22167766094207764,-179.97372436523438,6.984891830066211e-09,499.49803358058756,1.3983822478535569e-09,1.52587890625e-05,2.663161087212984e-07,3.437740432735693e-08,0.27979149170932377,0.3065016269683838,0.6717082858085632,0.2718421220779419,0.0,0.6717082858085632,0.014734091237187386,0.9634411334991455,0.20500794053077698,1.1128891706466675,2.491353750228882,0.7184620|0.2495622|0.0185277|0.0134481|0.0000000|0.0000000|0.0000000|0.0000000|0.0000000|0.0000000,0,0.7184620499610901,7.016900274067599,0,0,0,0,0,
cross_town,Town02,mixed,20,213,10.65,117.93017578125,187.6062774658203,0.22167766094207764,-179.97372436523438,6.984891830066211e-09,499.49803358058756,1.3983822478535569e-09,1.52587890625e-05,2.663161087212984e-07,6.871999883646592e-08,0.2811326796632766,0.1765173375606537,0.8851619958877563,-0.18091093003749847,0.0,0.7517082691192627,-0.06526590883731842,0.9500292539596558,0.28029751777648926,0.9559659957885742,0.9139959812164307,0.9246458|0.0753542|0.0000000|0.0000000|0.0000000|0.0000000|0.0000000|0.0000000|0.0000000|0.0000000,0,0.9246457815170288,6.9379917593602185,0,0,0,0,0,
cross_town,Town02,mixed,20,214,10.7,117.93017578125,187.6062774658203,0.22167766094207764,-179.97372436523438,6.984891830066211e-09,499.49803358058756,1.3983822478535569e-09,1.52587890625e-05,2.663161087212984e-07,2.0610915609723257e-07,0.27938941069670076,0.40243619680404663,0.2229473888874054,0.19537928700447083,0.0,0.6717082858085632,0.014734091237187386,0.9674619436264038,0.20185256004333496,1.1462138891220093,1.8746856451034546,0.7337678|0.2478804|0.0183519|0.0000000|0.0000000|0.0000000|0.0000000|0.0000000|0.0000000|0.0000000,0,0.7337678074836731,6.848808742799459,0,0,0,0,0,
cross_town,Town02,mixed,20,215,10.75,117.93017578125,187.6062774658203,0.22167766094207764,-179.97372436523438,6.984891830066211e-09,499.49803358058756,1.3983822478535569e-09,1.52587890625e-05,2.663161087212984e-07,2.7483131574551164e-07,0.2761818105799708,0.4511699378490448,0.19500574469566345,-0.08694983273744583,0.0,0.5917083024978638,-0.06526590883731842,0.9995379447937012,0.1790705919265747,2.240778684616089,2.722395420074463,0.9735944|0.0264056|0.0000000|0.0000000|0.0000000|0.0000000|0.0000000|0.0000000|0.0000000|0.0000000,0,0.9735943675041199,6.758446671145308,0,0,0,0,0,
cross_town,Town02,mixed,20,216,10.8,117.93017578125,187.6062774658203,0.22167766094207764,-179.97372436523438,6.984891830066211e-09,499.49803358058756,1.3983822478535569e-09,1.52587890625e-05,2.663161087212984e-07,1.2464619281883069e-06,0.2782014245611067,0.3180488348007202,0.22746095061302185,0.35331377387046814,0.0,0.5117083191871643,0.014734091237187386,0.9793418049812317,0.18386489152908325,1.2808268070220947,2.7395057678222656,0.9510332|0.0269141|0.0220528|0.0000000|0.0000000|0.0000000|0.0000000|0.0000000|0.0000000|0.0000000,0,0.9510331749916077,6.675383299743272,0,0,0,0,0,
cross_town,Town02,mixed,20,217,10.85,117.93017578125,187.6062774658203,0.22167766094207764,-179.97372436523438,6.984891830066211e-09,499.49803358058756,1.3983822478535569e-09,1.52587890625e-05,2.663161087212984e-07,3.091710308112681e-07,0.3337472880699825,0.3197113275527954,0.3721080422401428,-0.15633802115917206,0.0,0.43170830607414246,-0.06526590883731842,0.4238831698894501,0.1736399382352829,0.24964690208435059,3.2562286853790283,1.0000000|0.0000000|0.0000000|0.0000000|0.0000000|0.0000000|0.0000000|0.0000000|0.0000000|0.0000000,0,1.0,6.605716292686307,0,0,0,0,0,
cross_town,Town02,mixed,20,218,10.9,117.93017578125,187.6062774658203,0.22167766094207764,-179.97372436523438,6.984891830066211e-09,499.49803358058756,1.3983822478535569e-09,1.52587890625e-05,2.663161087212984e-07,3.4355413120500265e-07,0.27948132105884604,0.14792436361312866,0.8266477584838867,0.08948177099227905,0.0,0.5117083191871643,0.014734091237187386,0.9665428400039673,0.2027866244316101,1.1380785703659058,3.1776468753814697,0.7252008|0.2556117|0.0191875|0.0000000|0.0000000|0.0000000|0.0000000|0.0000000|0.0000000|0.0000000,0,0.7252008318901062,6.552423543475067,0,0,0,0,0,
cross_town,Town02,mixed,20,219,10.95,117.93017578125,187.6062774658203,0.22167766094207764,-179.97372436523438,6.984891830066211e-09,499.49803358058756,1.3983822478535569e-09,1.52587890625e-05,2.663161087212984e-07,3.7839619039263254e-07,0.28390021868772813,0.2100016474723816,0.7355034351348877,-0.15738804638385773,0.0,0.5917083024978638,-0.06526590883731842,0.9223538637161255,0.20470741391181946,0.9139844179153442,2.9723010063171387,0.7262713|0.2358966|0.0201294|0.0177027|0.0000000|0.0000000|0.0000000|0.0000000|0.0000000|0.0000000,0,0.7262712717056274,6.514723956701993,0,0,0,0,0,
cross_town,Town02,mixed,20,220,11.0,117.93017578125,187.6062774658203,0.22167766094207764,-179.97372436523438,6.984891830066211e-09,499.49803358058756,1.3983822478535569e-09,1.52587890625e-05,2.663161087212984e-07,1.6297192795154944e-09,0.27996585913724686,0.3342064321041107,0.6424837708473206,0.3386540412902832,0.0,0.6424837708473206,0.014734091237187386,0.9616974592208862,0.20154598355293274,1.1042497158050537,2.6050612926483154,0.7371654|0.2442039|0.0186307|0.0000000|0.0000000|0.0000000|0.0000000|0.0000000|0.0000000|0.0000000,0,0.7371653914451599,6.4889398681747785,0,0,0,0,0,
cross_town,Town02,mixed,20,221,11.05,117.93017578125,187.6062774658203,0.22167766094207764,-179.97372436523438,6.984891830066211e-09,499.49803358058756,1.3983822478535569e-09,1.52587890625e-05,2.663161087212984e-07,3.926553936740471e-09,0.27682395525999215,0.29790985584259033,0.5369461178779602,-0.07269136607646942,0.0,0.5624837875366211,-0.06526590883731842,0.9931164979934692,0.20597539842128754,1.5369541645050049,2.549644708633423,0.7151605|0.2447556|0.0209355|0.0191485|0.0000000|0.0000000|0.0000000|0.0000000|0.0000000|0.0000000,0,0.7151604890823364,6.469341982028557,0,0,0,0,0,
cross_town,Town02,mixed,20,222,11.1,117.93017578125,187.6062774658203,0.22167766094207764,-179.97372436523438,6.984891830066211e-09,499.49803358058756,1.3983822478535569e-09,1.52587890625e-05,2.663161087212984e-07,6.9047960732729465e-09,0.2780612463576353,0.31093090772628784,0.5605794191360474,0.2200922667980194,0.0,0.5605794191360474,0.014734091237187386,0.9807435870170593,0.2021203637123108,1.2804960012435913,2.659480571746826,0.7320498|0.2486792|0.0192711|0.0000000|0.0000000|0.0000000|0.0000000|0.0000000|0.0000000|0.0000000,0,0.7320497632026672,6.449439987117164,0,0,0,0,0,
cross_town,Town02,mixed,20,223,11.15,117.93017578125,187.6062774658203,0.22167766094207764,-179.97372436523438,6.984891830066211e-09,499.49803358058756,1.3983822478535569e-09,1.52587890625e-05,2.663161087212984e-07,9.386999633013546e-09,0.2829848939997709,0.24356189370155334,0.7047562599182129,-0.0822497010231018,0.0,0.6405794024467468,-0.06526590883731842,0.9315071105957031,0.20617753267288208,0.9463409185409546,2.7709107398986816,0.7146999|0.2430510|0.0212517|0.0209974|0.0000000|0.0000000|0.0000000|0.0000000|0.0000000|0.0000000,0,0.7146998643875122,6.423149981630007,0,0,0,0,0,
cross_town,Town02,mixed,20,224,11.2,117.93017578125,187.6062774658203,0.22167766094207764,-179.97372436523438,6.984891830066211e-09,499.49803358058756,1.3983822478535569e-09,1.52587890625e-05,2.663161087212984e-07,1.5191303000982958e-06,0.28450539060649077,0.3143462836742401,0.533349871635437,0.22040891647338867,0.0,0.5605794191360474,0.014734091237187386,0.9163021445274353,0.2017851322889328,0.8964983224868774,2.4814963340759277,0.7373783|0.2415752|0.0210466|0.0000000|0.0000000|0.0000000|0.0000000|0.0000000|0.0000000|0.0000000,0,0.7373782992362976,6.386050907349368,0,0,0,0,0,
cross_town,Town02,mixed,20,225,11.25,117.93017578125,187.6062774658203,0.22167766094207764,-179.97372436523438,6.984891830066211e-09,499.49803358058756,1.3983822478535569e-09,1.52587890625e-05,2.663161087212984e-07,1.298963361979957e-08,0.28757125683810414,0.2666165232658386,0.6415248513221741,-0.20507708191871643,0.0,0.6405794024467468,-0.06526590883731842,0.885643482208252,0.2018638253211975,0.8098844289779663,2.8198418617248535,0.7357436|0.2439798|0.0202766|0.0000000|0.0000000|0.0000000|0.0000000|0.0000000|0.0000000|0.0000000,0,0.7357436418533325,6.336386783578054,0,0,0,0,0,
cross_town,Town02,mixed,20,226,11.3,117.93017578125,187.6062774658203,0.22167766094207764,-179.97372436523438,6.984891830066211e-09,499.49803358058756,1.3983822478535569e-09,1.52587890625e-05,2.663161087212984e-07,7.038463359219042e-08,0.2761845881563225,0.08626198768615723,0.9864507913589478,0.37920498847961426,0.0,0.7205793857574463,0.014734091237187386,0.9995101690292358,0.28772667050361633,2.117485523223877,1.3464393615722656,0.8465279|0.0885484|0.0649237|0.0000000|0.0000000|0.0000000|0.0000000|0.0000000|0.0000000|0.0000000,0,0.8465278744697571,6.274976139810533,0,0,0,0,0,
cross_town,Town02,mixed,20,227,11.35,117.93017578125,187.6062774658203,0.22167766094207764,-179.97372436523438,6.984891830066211e-09,499.49803358058756,1.3983822478535569e-09,1.52587890625e-05,2.663161087212984e-07,1.6558525177543723e-06,0.2762037212472709,0.3222103714942932,0.3305512070655823,-0.19469858705997467,0.0,0.6405794024467468,-0.06526590883731842,0.9993188381195068,0.20710217952728271,2.1156554222106934,2.18955135345459,0.7081846|0.2448461|0.0273822|0.0195871|0.0000000|0.0000000|0.0000000|0.0000000|0.0000000|0.0000000,0,0.7081845998764038,6.2053101727520685,0,0,0,0,0,
cross_town,Town02,mixed,20,228,11.4,117.93017578125,187.6062774658203,0.22167766094207764,-179.97372436523438,6.984891830066211e-09,499.49803358058756,1.3983822478535569e-09,1.52587890625e-05,2.663161087212984e-07,0.0,0.2795218939402275,0.29292380809783936,0.4428233802318573,0.11246933788061142,0.0,0.5605794191360474,0.014734091237187386,0.9661371111869812,0.2024538367986679,1.1352927684783936,2.3240742683410645,0.7352466|0.2356017|0.0291518|0.0000000|0.0000000|0.0000000|0.0000000|0.0000000|0.0000000|0.0000000,0,0.7352465987205505,6.132196158242372,0,0,0,0,0,
cross_town,Town02,mixed,20,229,11.45,117.93017578125,187.6062774658203,0.22167766094207764,-179.97372436523438,6.984891830066211e-09,499.49803358058756,1.3983822478535569e-09,1.52587890625e-05,2.663161087212984e-07,3.0639562543285963e-09,0.2818830842596101,0.22571849822998047,0.6781848073005676,-0.07023169845342636,0.0,0.6405794024467468,-0.06526590883731842,0.9425252079963684,0.20750316977500916,0.9918006658554077,2.7749826908111572,0.7056010|0.2446589|0.0308540|0.0188860|0.0000000|0.0000000|0.0000000|0.0000000|0.0000000|0.0000000,0,0.7056010365486145,6.060768853176408,0,0,0,0,0,
cross_town,Town02,mixed,20,230,11.5,117.93017578125,187.6062774658203,0.22167766094207764,-179.97372436523438,6.984891830066211e-09,499.49803358058756,1.3983822478535569e-09,1.52587890625e-05,2.663161087212984e-07,5.941376300353815e-09,0.2766203338725126,0.2798285484313965,0.26574182510375977,0.3977677524089813,0.0,0.5605794191360474,0.014734091237187386,0.9951527118682861,0.1864030957221985,1.6447166204452515,2.5815482139587402,0.9343067|0.0426103|0.0230830|0.0000000|0.0000000|0.0000000|0.0000000|0.0000000|0.0000000|0.0000000,0,0.9343066811561584,5.995343657896132,0,0,0,0,0,
cross_town,Town02,mixed,20,231,11.55,117.93017578125,187.6062774658203,0.22167766094207764,-179.97372436523438,6.984891830066211e-09,499.49803358058756,1.3983822478535569e-09,1.52587890625e-05,2.663161087212984e-07,1.5192584124140885e-06,0.285482615567273,0.24664369225502014,0.7293077111244202,-0.027834801003336906,0.0,0.6405794024467468,-0.027834801003336906,0.9615845680236816,0.20742502808570862,1.0976057052612305,2.732200860977173,0.7062699|0.2427873|0.0325416|0.0184012|0.0000000|0.0000000|0.0000000|0.0000000|0.0000000|0.0000000,0,0.7062698602676392,5.938605334315366,0,0,0,0,0,
cross_town,Town02,mixed,20,232,11.6,117.93017578125,187.6062774658203,0.22167766094207764,-179.97372436523438,6.984891830066211e-09,499.49803358058756,1.3983822478535569e-09,1.52587890625e-05,2.663161087212984e-07,1.0972583620852702e-08,0.28043097206141826,0.320132315158844,0.6723159551620483,0.16998369991779327,0.0,0.6723159551620483,0.0521651990711689,0.9570463299751282,0.2038659155368805,1.0720665454864502,2.4918551445007324,0.7235411|0.2419258|0.0345330|0.0000000|0.0000000|0.0000000|0.0000000|0.0000000|0.0000000|0.0000000,0,0.7235411405563354,5.891244356585332,0,0,0,0,0,
cross_town,Town02,mixed,20,233,11.65,117.93017578125,187.6062774658203,0.22167766094207764,-179.97372436523438,6.984891830066211e-09,499.49803358058756,1.3983822478535569e-09,1.52587890625e-05,2.663161087212984e-07,7.324447485021773e-08,0.2769142503362829,0.31589171290397644,0.46492278575897217,-0.3474341928958893,0.0,0.5923159718513489,-0.027834801003336906,0.9922135472297668,0.19912786781787872,1.5127612352371216,2.658478260040283,0.7414733|0.2585267|0.0000000|0.0000000|0.0000000|0.0000000|0.0000000|0.0000000|0.0000000|0.0000000,0,0.7414733171463013,5.85201539118711,0,0,0,0,0,
cross_town,Town02,mixed,20,234,11.7,117.93017578125,187.6062774658203,0.22167766094207764,-179.97372436523438,6.984891830066211e-09,499.49803358058756,1.3983822478535569e-09,1.52587890625e-05,2.663161087212984e-07,2.00701826540937e-07,0.2892023141008571,0.33942973613739014,0.23717933893203735,0.1359592229127884,0.0,0.5123159885406494,0.0521651990711689,0.8693329095840454,0.178968608379364,0.7947996854782104,2.897606372833252,0.9740902|0.0259098|0.0000000|0.0000000|0.0000000|0.0000000|0.0000000|0.0000000|0.0000000|0.0000000,0,0.9740901589393616,5.8181469922287015,0,0,0,0,0,
cross_town,Town02,mixed,20,235,11.75,117.93017578125,187.6062774658203,0.22167766094207764,-179.97372436523438,6.984891830066211e-09,499.49803358058756,1.3983822478535569e-09,1.52587890625e-05,2.663161087212984e-07,1.7208358100304083e-07,0.276271640739907,0.2374291718006134,0.4446055591106415,-0.14112251996994019,0.0,0.4446055591106415,-0.027834801003336906,0.9986396431922913,0.18256261944770813,1.96709406375885,3.084768295288086,0.9502407|0.0497593|0.0000000|0.0000000|0.0000000|0.0000000|0.0000000|0.0000000|0.0000000|0.0000000,0,0.9502406716346741,5.786019898730115,0,0,0,0,0,
cross_town,Town02,mixed,20,236,11.8,117.93017578125,187.6062774658203,0.22167766094207764,-179.97372436523438,6.984891830066211e-09,499.49803358058756,1.3983822478535569e-09,1.52587890625e-05,2.663161087212984e-07,1.721810074132936e-07,0.29787860643161146,0.16569942235946655,0.7872422337532043,-0.05892520025372505,0.0,0.5246055722236633,-0.05892520025372505,0.847770631313324,0.20248524844646454,0.726820170879364,3.1552109718322754,0.7295972|0.2499819|0.0204209|0.0000000|0.0000000|0.0000000|0.0000000|0.0000000|0.0000000|0.0000000,0,0.7295972108840942,5.75192711804818,0,0,0,0,0,
cross_town,Town02,mixed,20,237,11.85,117.93017578125,187.6062774658203,0.22167766094207764,-179.97372436523438,6.984891830066211e-09,499.49803358058756,1.3983822478535569e-09,1.52587890625e-05,2.663161087212984e-07,2.1170221412282034e-09,0.31604106970854107,0.28604280948638916,0.33439406752586365,0.2233085334300995,0.0,0.4446055591106415,0.021074799820780754,0.6009453535079956,0.1736399382352829,0.428711473941803,3.1237664222717285,1.0000000|0.0000000|0.0000000|0.0000000|0.0000000|0.0000000|0.0000000|0.0000000|0.0000000|0.0000000,0,1.0,5.712829907936444,0,0,0,0,0,
cross_town,Town02,mixed,20,238,11.9,117.93017578125,187.6062774658203,0.22167766094207764,-179.97372436523438,6.984891830066211e-09,499.49803358058756,1.3983822478535569e-09,1.52587890625e-05,2.663161087212984e-07,4.509098231767777e-09,0.2836351627928763,0.15559908747673035,0.7922690510749817,-0.20087283849716187,0.0,0.5246055722236633,-0.05892520025372505,0.9250044226646423,0.2084011733531952,0.9196913838386536,3.064572334289551,0.7015502|0.2355414|0.0442765|0.0186320|0.0000000|0.0000000|0.0000000|0.0000000|0.0000000|0.0000000,0,0.7015501856803894,5.666940426755691,0,0,0,0,0,
cross_town,Town02,mixed,20,239,11.95,117.93017578125,187.6062774658203,0.22167766094207764,-179.97372436523438,6.984891830066211e-09,499.49803358058756,1.3983822478535569e-09,1.52587890625e-05,2.663161087212984e-07,7.547380250309075e-09,0.2764481360537565,0.2316683828830719,0.7011143565177917,0.19126631319522858,0.0,0.6046055555343628,0.021074799820780754,0.9968746900558472,0.2084033489227295,1.7328672409057617,2.753861665725708,0.7026612|0.2313399|0.0485414|0.0174575|0.0000000|0.0000000|0.0000000|0.0000000|0.0000000|0.0000000,0,0.7026611566543579,5.614019767324655,0,0,0,0,0,
cross_town,Town02,mixed,20,240,12.0,117.93017578125,187.6062774658203,0.22167766094207764,-179.97372436523438,6.984891830066211e-09,499.49803358058756,1.3983822478535569e-09,1.52587890625e-05,2.663161087212984e-07,9.128985823634614e-09,0.2779761607272184,0.24686947464942932,0.5327677726745605,-0.1287795603275299,0.0,0.5327677726745605,-0.05892520025372505,0.981594443321228,0.2060929387807846,1.2880380153656006,2.7368438243865967,0.7101668|0.2359698|0.0538635|0.0000000|0.0000000|0.0000000|0.0000000|0.0000000|0.0000000|0.0000000,0,0.7101667523384094,5.555316206264277,0,0,0,0,0,
cross_town,Town02,mixed,20,241,12.05,117.93017578125,187.6062774658203,0.22167766094207764,-179.97372436523438,6.984891830066211e-09,499.49803358058756,1.3983822478535569e-09,1.52587890625e-05,2.663161087212984e-07,1.2614781091162815e-07,0.2764949197393845,0.20429205894470215,0.4090789556503296,0.4759560823440552,0.0,0.4527677595615387,0.021074799820780754,0.9964068531990051,0.19050170481204987,1.7157834768295288,2.8956944942474365,0.9056613|0.0690114|0.0253272|0.0000000|0.0000000|0.0000000|0.0000000|0.0000000|0.0000000|0.0000000,0,0.9056612849235535,5.493194407603213,0,0,0,0,0,
cross_town,Town02,mixed,20,242,12.1,117.93017578125,187.6062774658203,0.22167766094207764,-179.97372436523438,6.984891830066211e-09,499.49803358058756,1.3983822478535569e-09,1.52587890625e-05,2.663161087212984e-07,1.5702285131548105e-06,0.2813217428620522,0.2876427173614502,0.9446346759796143,0.06666228175163269,0.0,0.5327677726745605,0.06666228175163269,1.0,0.27222907543182373,4.557958126068115,0.6199641823768616,1.0000000|0.0000000|0.0000000|0.0000000|0.0000000|0.0000000|0.0000000|0.0000000|0.0000000|0.0000000,0,1.0,5.430524644439432,0,0,0,0,0,
cross_town,Town02,mixed,20,243,12.15,117.93017578125,187.6062774658203,0.22167766094207764,-179.97372436523438,6.984891830066211e-09,499.49803358058756,1.3983822478535569e-09,1.52587890625e-05,2.663161087212984e-07,1.3234393644076216e-07,0.2781311745244249,0.17804795503616333,0.6746335625648499,-0.3199980556964874,0.0,0.61276775598526,-0.013337718322873116,0.9800443053245544,0.21007147431373596,1.2634494304656982,2.8078980445861816,0.6923614|0.2283213|0.0593275|0.0199899|0.0000000|0.0000000|0.0000000|0.0000000|0.0000000|0.0000000,0,0.6923613548278809,5.370041819620263,0,0,0,0,0,
cross_town,Town02,mixed,20,244,12.2,117.93017578125,187.6062774658203,0.22167766094207764,-179.97372436523438,6.984891830066211e-09,499.49803358058756,1.3983822478535569e-09,1.52587890625e-05,2.663161087212984e-07,1.311473190007631e-07,0.2764444942093392,0.3131106495857239,0.24549174308776855,0.342716783285141,0.0,0.5327677726745605,0.06666228175163269,0.9969111084938049,0.19216066598892212,1.7520490884780884,2.547396183013916,0.8931592|0.0820911|0.0247497|0.0000000|0.0000000|0.0000000|0.0000000|0.0000000|0.0000000|0.0000000,0,0.8931591510772705,5.313783190865962,0,0,0,0,0,
cross_town,Town02,mixed,20,245,12.25,117.93017578125,187.6062774658203,0.22167766094207764,-179.97372436523438,6.984891830066211e-09,499.49803358058756,1.3983822478535569e-09,1.52587890625e-05,2.663161087212984e-07,3.434555244433863e-08,0.336010765514986,0.2925524115562439,0.44041872024536133,-0.3892832398414612,0.0,0.4527677595615387,-0.013337718322873116,0.40124839544296265,0.1736399382352829,0.22629353404045105,3.213804244995117,1.0000000|0.0000000|0.0000000|0.0000000|0.0000000|0.0000000|0.0000000|0.0000000|0.0000000|0.0000000,0,1.0,5.262745173188029,0,0,0,0,0,
cross_town,Town02,mixed,20,246,12.3,117.93017578125,187.6062774658203,0.22167766094207764,-179.97372436523438,6.984891830066211e-09,499.49803358058756,1.3983822478535569e-09,1.52587890625e-05,2.663161087212984e-07,6.871019653780264e-08,0.27631437130989234,0.21383345127105713,0.41372600197792053,0.21137861907482147,0.0,0.41372600197792053,0.06666228175163269,0.9982123374938965,0.18786807358264923,1.8933969736099243,3.0060319900512695,0.9111260|0.0888740|0.0000000|0.0000000|0.0000000|0.0000000|0.0000000|0.0000000|0.0000000|0.0000000,0,0.9111259579658508,5.216784862300535,0,0,0,0,0,
cross_town,Town02,mixed,20,247,12.35,117.93017578125,187.6062774658203,0.22167766094207764,-179.97372436523438,6.984891830066211e-09,499.49803358058756,1.3983822478535569e-09,1.52587890625e-05,2.663161087212984e-07,1.374155143265967e-07,0.3117819363696134,0.11360511183738708,0.8203074336051941,-0.25513020157814026,0.0,0.4937260150909424,-0.013337718322873116,0.6435366868972778,0.20744946599006653,0.440237432718277,3.0568833351135254,0.6956007|0.2408144|0.0635848|0.0000000|0.0000000|0.0000000|0.0000000|0.0000000|0.0000000|0.0000000,0,0.6956007480621338,5.1747426118012365,0,0,0,0,0,
cross_town,Town02,mixed,20,248,12.4,117.93017578125,187.6062774658203,0.22167766094207764,-179.97372436523438,6.984891830066211e-09,499.49803358058756,1.3983822478535569e-09,1.52587890625e-05,2.663161087212984e-07,2.709418224400197e-07,0.33304561378784503,0.22265374660491943,0.7223815321922302,0.012866971082985401,0.0,0.5737259984016418,0.012866971082985401,0.4994596838951111,0.1986793875694275,0.3007802963256836,3.07732892036438,0.7460222|0.2539778|0.0000000|0.0000000|0.0000000|0.0000000|0.0000000|0.0000000|0.0000000|0.0000000,0,0.7460222244262695,5.134769355542986,0,0,0,0,0,
cross_town,Town02,mixed,20,249,12.45,117.93017578125,187.6062774658203,0.22167766094207764,-179.97372436523438,6.984891830066211e-09,499.49803358058756,1.3983822478535569e-09,1.52587890625e-05,2.663161087212984e-07,2.747977430297483e-07,0.2825578142623548,0.22818464040756226,0.5836187601089478,-0.12175958603620529,0.0,0.5836187601089478,-0.06713303178548813,0.9357779026031494,0.20732934772968292,0.9624284505844116,2.745577812194824,0.7003977|0.2257817|0.0738206|0.0000000|0.0000000|0.0000000|0.0000000|0.0000000|0.0000000|0.0000000,0,0.7003977298736572,5.094745943313259,0,0,0,0,0,
cross_town,Town02,mixed,20,250,12.5,117.93017578125,187.6062774658203,0.22167766094207764,-179.97372436523438,6.984891830066211e-09,499.49803358058756,1.3983822478535569e-09,1.52587890625e-05,2.663161087212984e-07,3.0978116359327193e-07,0.27613560505926704,0.556691586971283,0.008224457502365112,0.9149028062820435,0.0,0.5036187767982483,0.012866968289017677,1.0,0.3366490304470062,14.162632942199707,0.9303991794586182,0.8112351|0.1887649|0.0000000|0.0000000|0.0000000|0.0000000|0.0000000|0.0000000|0.0000000|0.0000000,0,0.8112350702285767,5.052732484346644,0,0,1,0,0,stuck
