protocol,town,weather,episode,t,sim_time_s,ego_x,ego_y,ego_z,ego_yaw_deg,route_s_m,route_remaining_m,route_completion_pct,cte_m,route_heading_rad,speed_kmh,reward,command_throttle,command_brake,command_steer,applied_throttle,applied_brake,applied_steer,sigma_bar,sigma_ale,sigma_epi,policy_entropy_proxy,attention,top_attention_index,top_attention_value,ttc_s,collision,off_route,timeout,red_light_violation,intervention,terminal_reason
cross_town,Town02,mixed,9,1,0.05,-7.368211269378662,121.21024322509766,0.15079765021800995,90.1288070678711,0.0,500.0996068996452,0.0,4.76837158203125e-07,2.663161087212984e-07,0.4665246069434176,0.44050064736135736,0.08074367046356201,0.001854240894317627,-0.3207978904247284,0.05999999865889549,0.0,-0.07999999821186066,1.0,0.800000011920929,4.379112243652344,-1.4778904914855957,1.0000000|0.0000000|0.0000000|0.0000000|0.0000000|0.0000000|0.0000000|0.0000000|0.0000000|0.0000000,0,1.0,,0,0,0,0,0,
cross_town,Town02,mixed,9,2,0.1,-7.368211269378662,121.21024322509766,0.16111251711845398,90.1288070678711,0.0,500.0996068996452,0.0,4.76837158203125e-07,2.663161087212984e-07,0.8584077358246067,0.4405013387682535,0.035671889781951904,0.0006982088088989258,-0.20960217714309692,0.0,0.0,-0.1599999964237213,0.999993085861206,0.800000011920929,2.6702702045440674,-1.3657810688018799,1.0000000|0.0000000|0.0000000|0.0000000|0.0000000|0.0000000|0.0000000|0.0000000|0.0000000|0.0000000,0,1.0,,0,0,0,0,0,
cross_town,Town02,mixed,9,3,0.15,-7.368211269378662,121.21024322509766,0.17358191311359406,90.1288070678711,0.0,500.0996068996452,0.0,4.76837158203125e-07,2.663161087212984e-07,0.8940837979316946,0.4405006473607475,0.007197737693786621,0.0016682744026184082,-0.5910738706588745,0.0,0.0,-0.23999999463558197,1.0,0.800000011920929,6.498254299163818,-0.7040823698043823,1.0000000|0.0000000|0.0000000|0.0000000|0.0000000|0.0000000|0.0000000|0.0000000|0.0000000|0.0000000,0,1.0,,0,0,0,0,0,
cross_town,Town02,mixed,9,4,0.2,-7.368211269378662,121.21024322509766,0.18517298996448517,90.1288070678711,0.0,500.0996068996452,0.0,4.76837158203125e-07,2.663161087212984e-07,0.7842046380043041,0.4405006473640629,0.012422561645507812,0.003625720739364624,-0.6645294427871704,0.0,0.0,-0.3199999928474426,1.0,0.800000011920929,5.245684623718262,-0.5833441615104675,1.0000000|0.0000000|0.0000000|0.0000000|0.0000000|0.0000000|0.0000000|0.0000000|0.0000000|0.0000000,0,1.0,,0,0,0,0,0,
cross_town,Town02,mixed,9,5,0.25,-7.368211269378662,121.21024322509766,0.19481013715267181,90.1288070678711,0.0,500.0996068996452,0.0,4.76837158203125e-07,2.663161087212984e-07,0.6320991396906183,0.44050152665136,0.013416051864624023,0.003955751657485962,-0.754862368106842,0.0,0.0,-0.4000000059604645,0.9999911785125732,0.800000011920929,2.610043525695801,-0.21744424104690552,1.0000000|0.0000000|0.0000000|0.0000000|0.0000000|0.0000000|0.0000000|0.0000000|0.0000000|0.0000000,0,1.0,,0,0,0,0,0,
cross_town,Town02,mixed,9,6,0.3,-7.368211269378662,121.21024322509766,0.2023397833108902,90.1288070678711,0.0,500.0996068996452,0.0,4.76837158203125e-07,2.663161087212984e-07,0.4844075381755887,0.4411731041032631,0.0027126967906951904,0.0037148594856262207,-0.8215261101722717,0.0,0.0,-0.48000001907348633,0.9932754039764404,0.800000011920929,0.9488093256950378,0.1938326358795166,1.0000000|0.0000000|0.0000000|0.0000000|0.0000000|0.0000000|0.0000000|0.0000000|0.0000000|0.0000000,0,1.0,,0,0,0,0,0,
cross_town,Town02,mixed,9,7,0.35,-7.368211269378662,121.21024322509766,0.20799346268177032,90.1288070678711,0.0,500.0996068996452,0.0,4.76837158203125e-07,2.663161087212984e-07,0.35894592404378545,0.4405006502244594,0.0023468732833862305,0.004295557737350464,-0.7076141238212585,0.0,0.0,-0.5600000023841858,1.0,0.800000011920929,5.56754207611084,0.32732248306274414,1.0000000|0.0000000|0.0000000|0.0000000|0.0000000|0.0000000|0.0000000|0.0000000|0.0000000|0.0000000,0,1.0,637.7157121662475,0,0,0,0,0,
cross_town,Town02,mixed,9,8,0.4,-7.368211269378662,121.21024322509766,0.21212272346019745,90.1288070678711,0.0,500.0996068996452,0.0,4.76837158203125e-07,2.663161087212984e-07,0.25964504778390674,0.44050064450361726,0.006112456321716309,0.008928745985031128,-0.23876318335533142,0.0,0.0,-0.47999998927116394,1.0,0.800000011920929,9.032034873962402,-0.45348846912384033,1.0000000|0.0000000|0.0000000|0.0000000|0.0000000|0.0000000|0.0000000|0.0000000|0.0000000|0.0000000,0,1.0,407.56807855497414,0,0,0,0,0,
cross_town,Town02,mixed,9,9,0.45,-7.368211269378662,121.21024322509766,0.21507762372493744,90.1288070678711,0.0,500.0996068996452,0.0,4.76837158203125e-07,2.663161087212984e-07,0.18444929122954457,0.44050064450371684,0.002335190773010254,0.006159454584121704,-0.7150862216949463,0.0,0.0,-0.5600000023841858,1.0,0.800000011920929,5.619668960571289,0.36540400981903076,1.0000000|0.0000000|0.0000000|0.0000000|0.0000000|0.0000000|0.0000000|0.0000000|0.0000000|0.0000000,0,1.0,302.1274884242115,0,0,0,0,0,
cross_town,Town02,mixed,9,10,0.5,-7.368211269378662,121.21024322509766,0.21715927124023438,90.1288070678711,0.0,500.0996068996452,0.0,4.76837158203125e-07,2.663161087212984e-07,0.12919015288362512,0.440500644502563,0.005796521902084351,0.010385602712631226,-0.22355003654956818,0.0,0.0,-0.47999998927116394,1.0,0.800000011920929,11.72176742553711,-0.4008433222770691,1.0000000|0.0000000|0.0000000|0.0000000|0.0000000|0.0000000|0.0000000|0.0000000|0.0000000|0.0000000,0,1.0,233.6795851449177,0,0,0,0,0,
cross_town,Town02,mixed,9,11,0.55,-7.368211269378662,121.21024322509766,0.218607559800148,90.1288070678711,0.0,500.0996068996452,0.0,4.76837158203125e-07,2.663161087212984e-07,0.08946111872804714,0.4405006445032836,0.0023979246616363525,0.0076454877853393555,-0.7173711657524109,0.0,0.0,-0.5600000023841858,1.0,0.800000011920929,5.6372575759887695,0.3833787441253662,1.0000000|0.0000000|0.0000000|0.0000000|0.0000000|0.0000000|0.0000000|0.0000000|0.0000000|0.0000000,0,1.0,206.16989865044883,0,0,0,0,0,
cross_town,Town02,mixed,9,12,0.6,-7.368211269378662,121.21024322509766,0.21960502862930298,90.1288070678711,0.0,500.0996068996452,0.0,4.76837158203125e-07,2.663161087212984e-07,0.061376667022710586,0.44050064450410026,0.0056223273277282715,0.01146748661994934,-0.21174392104148865,0.0,0.0,-0.47999998927116394,1.0,0.800000011920929,12.86095142364502,-0.36962997913360596,1.0000000|0.0000000|0.0000000|0.0000000|0.0000000|0.0000000|0.0000000|0.0000000|0.0000000|0.0000000,0,1.0,176.88657344596905,0,0,0,0,0,
cross_town,Town02,mixed,9,13,0.65,-7.368211269378662,121.21024322509766,0.22028620541095734,90.1288070678711,0.0,500.0996068996452,0.0,4.76837158203125e-07,2.663161087212984e-07,0.0417769208551794,0.4405006445041693,0.0024584829807281494,0.008379608392715454,-0.717780351638794,0.0,0.0,-0.5600000023841858,1.0,0.800000011920929,5.5602030754089355,0.38710498809814453,1.0000000|0.0000000|0.0000000|0.0000000|0.0000000|0.0000000|0.0000000|0.0000000|0.0000000|0.0000000,0,1.0,155.2280924334919,0,0,0,0,0,
cross_town,Town02,mixed,9,14,0.7,-7.368211269378662,121.21024322509766,0.22074812650680542,90.1288070678711,0.0,500.0996068996452,0.0,4.76837158203125e-07,2.663161087212984e-07,0.028248562663921232,0.44050064450413606,0.005562812089920044,0.012051284313201904,-0.20386700332164764,0.0,0.0,-0.47999998927116394,1.0,0.800000011920929,13.3983154296875,-0.35396820306777954,1.0000000|0.0000000|0.0000000|0.0000000|0.0000000|0.0000000|0.0000000|0.0000000|0.0000000|0.0000000,0,1.0,142.9684969716088,0,0,0,0,0,
cross_town,Town02,mixed,9,15,0.75,-7.368211269378662,121.21024322509766,0.2210594117641449,90.1288070678711,0.0,500.0996068996452,0.0,4.76837158203125e-07,2.663161087212984e-07,0.018988769131559474,0.44050064450394577,0.002491474151611328,0.008751124143600464,-0.7179099321365356,0.0,0.0,-0.5600000023841858,1.0,0.800000011920929,5.501957893371582,0.38838279247283936,1.0000000|0.0000000|0.0000000|0.0000000|0.0000000|0.0000000|0.0000000|0.0000000|0.0000000|0.0000000,0,1.0,127.76581059479591,0,0,0,0,0,
cross_town,Town02,mixed,9,16,0.8,-7.368211269378662,121.21024322509766,0.22126807272434235,90.1288070678711,0.0,500.0996068996452,0.0,4.76837158203125e-07,2.663161087212984e-07,0.012703697104131688,0.4405006445028402,0.005534857511520386,0.012341946363449097,-0.20007643103599548,0.0,0.0,-0.47999998927116394,1.0,0.800000011920929,13.598462104797363,-0.34648680686950684,1.0000000|0.0000000|0.0000000|0.0000000|0.0000000|0.0000000|0.0000000|0.0000000|0.0000000|0.0000000,0,1.0,116.75568966887707,0,0,0,0,0,
cross_town,Town02,mixed,9,17,0.85,-7.368211269378662,121.21024322509766,0.22140727937221527,90.1288070678711,0.0,500.0996068996452,0.0,4.76837158203125e-07,2.663161087212984e-07,0.008461910113995389,0.44050064450328114,0.0025072097778320312,0.008931726217269897,-0.7179696559906006,0.0,0.0,-0.5600000023841858,1.0,0.800000011920929,5.457968711853027,0.388969361782074,1.0000000|0.0000000|0.0000000|0.0000000|0.0000000|0.0000000|0.0000000|0.0000000|0.0000000|0.0000000,0,1.0,108.99169881598483,0,0,0,0,0,
cross_town,Town02,mixed,9,18,0.9,-7.368211269378662,121.21024322509766,0.22140727937221527,90.1288070678711,0.0,500.0996068996452,0.0,4.76837158203125e-07,2.663161087212984e-07,0.0,0.44050064450404447,0.0055220723152160645,0.012478858232498169,-0.1983199268579483,0.0,0.0,-0.47999998927116394,1.0,0.800000011920929,13.691139221191406,-0.34303009510040283,1.0000000|0.0000000|0.0000000|0.0000000|0.0000000|0.0000000|0.0000000|0.0000000|0.0000000|0.0000000,0,1.0,100.02601525741288,0,0,0,0,0,
cross_town,Town02,mixed,9,19,0.95,-7.368211269378662,121.21024322509766,0.22150886058807373,90.1288070678711,0.0,500.0996068996452,0.0,4.76837158203125e-07,2.663161087212984e-07,0.002193282965532474,0.4405006445041847,0.0025201737880706787,0.009082436561584473,-0.7180176973342896,0.0,0.0,-0.5600000023841858,1.0,0.800000011920929,5.422425746917725,0.38944339752197266,1.0000000|0.0000000|0.0000000|0.0000000|0.0000000|0.0000000|0.0000000|0.0000000|0.0000000|0.0000000,0,1.0,94.00014822013489,0,0,0,0,0,
cross_town,Town02,mixed,9,20,1.0,-7.368211269378662,121.21024322509766,0.221542090177536,90.1288070678711,0.0,500.0996068996452,0.0,4.76837158203125e-07,2.663161087212984e-07,0.0024263648316391623,0.44050064450407633,0.005514472723007202,0.012561202049255371,-0.1972721815109253,0.0,0.0,-0.47999998927116394,1.0,0.800000011920929,13.74730396270752,-0.3409731388092041,1.0000000|0.0000000|0.0000000|0.0000000|0.0000000|0.0000000|0.0000000|0.0000000|0.0000000|0.0000000,0,1.0,87.23172443068039,0,0,0,0,0,
cross_town,Town02,mixed,9,21,1.05,-7.368211269378662,121.21024322509766,0.22157405316829681,90.1288070678711,0.0,500.0996068996452,0.0,4.76837158203125e-07,2.663161087212984e-07,0.00217913809118272,0.4405006445041387,0.0025177001953125,0.009053438901901245,-0.7180085182189941,0.0,0.0,-0.5600000023841858,1.0,0.800000011920929,5.42919397354126,0.3893536925315857,1.0000000|0.0000000|0.0000000|0.0000000|0.0000000|0.0000000|0.0000000|0.0000000|0.0000000|0.0000000,0,1.0,82.51585884210797,0,0,0,0,0,
cross_town,Town02,mixed,9,22,1.1,-7.368211269378662,121.21024322509766,0.22160109877586365,90.1288070678711,0.0,500.0996068996452,0.0,4.76837158203125e-07,2.663161087212984e-07,0.0017819823465405995,0.4405006445035855,0.005514472723007202,0.01256135106086731,-0.19727028906345367,0.0,0.0,-0.47999998927116394,1.0,0.800000011920929,13.747451782226562,-0.34096813201904297,1.0000000|0.0000000|0.0000000|0.0000000|0.0000000|0.0000000|0.0000000|0.0000000|0.0000000|0.0000000,0,1.0,77.26567195470257,0,0,0,0,0,
cross_town,Town02,mixed,9,23,1.15,-7.368211269378662,121.21024322509766,0.22162246704101562,90.1288070678711,0.0,500.0996068996452,0.0,4.76837158203125e-07,2.663161087212984e-07,0.0013756599513254683,0.440500644503953,0.0025183558464050293,0.00906112790107727,-0.7180110216140747,0.0,0.0,-0.5600000023841858,1.0,0.800000011920929,5.4274091720581055,0.38937699794769287,1.0000000|0.0000000|0.0000000|0.0000000|0.0000000|0.0000000|0.0000000|0.0000000|0.0000000|0.0000000,0,1.0,73.49735860792458,0,0,0,0,0,
cross_town,Town02,mixed,9,24,1.2,-7.368211269378662,121.21024322509766,0.22163860499858856,90.1288070678711,0.0,500.0996068996452,0.0,4.76837158203125e-07,2.663161087212984e-07,0.001024131734232059,0.440500644504176,0.005513489246368408,0.012571930885314941,-0.19713565707206726,0.0,0.0,-0.47999998927116394,1.0,0.800000011920929,13.754693984985352,-0.34070390462875366,1.0000000|0.0000000|0.0000000|0.0000000|0.0000000|0.0000000|0.0000000|0.0000000|0.0000000|0.0000000,0,1.0,69.32810912642181,0,0,0,0,0,
cross_town,Town02,mixed,9,25,1.25,-7.368211269378662,121.21024322509766,0.22165042161941528,90.1288070678711,0.0,500.0996068996452,0.0,4.76837158203125e-07,2.663161087212984e-07,0.0007450790030324555,0.4405006445041595,0.0025191307067871094,0.009070217609405518,-0.7180137634277344,0.0,0.0,-0.5600000023841858,1.0,0.800000011920929,5.425285339355469,0.3894055485725403,1.0000000|0.0000000|0.0000000|0.0000000|0.0000000|0.0000000|0.0000000|0.0000000|0.0000000|0.0000000,0,1.0,66.25176238999246,0,0,0,0,0,
cross_town,Town02,mixed,9,26,1.3,-7.368211269378662,121.21024322509766,0.22165897488594055,90.1288070678711,0.0,500.0996068996452,0.0,4.76837158203125e-07,2.663161087212984e-07,0.0005310516109949201,0.4405006445041773,0.005512714385986328,0.012580275535583496,-0.19703002274036407,0.0,0.0,-0.47999998927116394,1.0,0.800000011920929,13.760337829589844,-0.34049803018569946,1.0000000|0.0000000|0.0000000|0.0000000|0.0000000|0.0000000|0.0000000|0.0000000|0.0000000|0.0000000,0,1.0,62.87185037012342,0,0,0,0,0,
cross_town,Town02,mixed,9,27,1.35,-7.368211269378662,121.21024322509766,0.2216614931821823,90.1288070678711,0.0,500.0996068996452,0.0,4.76837158203125e-07,2.663161087212984e-07,0.00016362762578100222,0.44050064450418436,0.0025196373462677,0.009076058864593506,-0.7180156707763672,0.0,0.0,-0.5600000023841858,1.0,0.800000011920929,5.423897743225098,0.3894250988960266,1.0000000|0.0000000|0.0000000|0.0000000|0.0000000|0.0000000|0.0000000|0.0000000|0.0000000|0.0000000,0,1.0,60.309857662262196,0,0,0,0,0,
cross_town,Town02,mixed,9,28,1.4,-7.368211269378662,121.21024322509766,0.22166430950164795,90.1288070678711,0.0,500.0996068996452,0.0,4.76837158203125e-07,2.663161087212984e-07,0.00021993254865497033,0.44050064450417303,0.005512028932571411,0.012587964534759521,-0.19693279266357422,0.0,0.0,-0.47999998927116394,1.0,0.800000011920929,13.7655668258667,-0.3403056263923645,1.0000000|0.0000000|0.0000000|0.0000000|0.0000000|0.0000000|0.0000000|0.0000000|0.0000000|0.0000000,0,1.0,57.521582026131625,0,0,0,0,0,
cross_town,Town02,mixed,9,29,1.45,-7.368211269378662,121.21024322509766,0.2216673195362091,90.1288070678711,0.0,500.0996068996452,0.0,4.76837158203125e-07,2.663161087212984e-07,0.00021200180057779708,0.4405006445041718,0.002519965171813965,0.009079784154891968,-0.7180168628692627,0.0,0.0,-0.5600000023841858,1.0,0.800000011920929,5.423036098480225,0.38943684101104736,1.0000000|0.0000000|0.0000000|0.0000000|0.0000000|0.0000000|0.0000000|0.0000000|0.0000000|0.0000000,0,1.0,55.349879975681574,0,0,0,0,0,
cross_town,Town02,mixed,9,30,1.5,-7.368211269378662,121.21024322509766,0.2216700315475464,90.1288070678711,0.0,500.0996068996452,0.0,4.76837158203125e-07,2.663161087212984e-07,0.00018069076852543291,0.44050064450415966,0.0055120885372161865,0.012587279081344604,-0.1969410479068756,0.0,0.0,-0.47999998927116394,1.0,0.800000011920929,13.765106201171875,-0.3403218984603882,1.0000000|0.0000000|0.0000000|0.0000000|0.0000000|0.0000000|0.0000000|0.0000000|0.0000000|0.0000000,0,1.0,53.014792635918866,0,0,0,0,0,
cross_town,Town02,mixed,9,31,1.55,-7.368211269378662,121.21024322509766,0.2216722071170807,90.1288070678711,0.0,500.0996068996452,0.0,4.76837158203125e-07,2.663161087212984e-07,0.00014316559752158758,0.44050064450407134,0.0025199949741363525,0.009080260992050171,-0.7180168628692627,0.0,0.0,-0.5600000023841858,1.0,0.800000011920929,5.422945499420166,0.38943707942962646,1.0000000|0.0000000|0.0000000|0.0000000|0.0000000|0.0000000|0.0000000|0.0000000|0.0000000|0.0000000,0,1.0,51.14518141199249,0,0,0,0,0,
cross_town,Town02,mixed,9,32,1.6,-7.368211269378662,121.21024322509766,0.2216738909482956,90.1288070678711,0.0,500.0996068996452,0.0,4.76837158203125e-07,2.663161087212984e-07,0.0001106873024893464,0.44050064450417903,0.0055119991302490234,0.01258823275566101,-0.19692933559417725,0.0,0.0,-0.47999998927116394,1.0,0.800000011920929,13.765742301940918,-0.34029924869537354,1.0000000|0.0000000|0.0000000|0.0000000|0.0000000|0.0000000|0.0000000|0.0000000|0.0000000|0.0000000,0,1.0,49.16275833781074,0,0,0,0,0,
cross_town,Town02,mixed,9,33,1.65,-7.368211269378662,121.21024322509766,0.22167514264583588,90.1288070678711,0.0,500.0996068996452,0.0,4.76837158203125e-07,2.663161087212984e-07,8.013155362587265e-05,0.44050064450398163,0.002520054578781128,0.009081095457077026,-0.7180171608924866,0.0,0.0,-0.5600000023841858,1.0,0.800000011920929,5.422712326049805,0.38943910598754883,1.0000000|0.0000000|0.0000000|0.0000000|0.0000000|0.0000000|0.0000000|0.0000000|0.0000000|0.0000000,0,1.0,47.49547477099584,0,0,0,0,0,
cross_town,Town02,mixed,9,34,1.7,-7.368211269378662,121.21024322509766,0.22167514264583588,90.1288070678711,0.0,500.0996068996452,0.0,4.76837158203125e-07,2.663161087212984e-07,5.530947493514957e-05,0.4405006445041558,0.00551190972328186,0.01258900761604309,-0.19691909849643707,0.0,0.0,-0.47999998927116394,1.0,0.800000011920929,13.766339302062988,-0.34027957916259766,1.0000000|0.0000000|0.0000000|0.0000000|0.0000000|0.0000000|0.0000000|0.0000000|0.0000000|0.0000000,0,1.0,45.799972079211685,0,0,0,0,0,
cross_town,Town02,mixed,9,35,1.75,-7.368211269378662,121.21024322509766,0.22167648375034332,90.1288070678711,0.0,500.0996068996452,0.0,4.76837158203125e-07,2.663161087212984e-07,1.0574340711762779e-05,0.4405006445040006,0.0025201141834259033,0.009081751108169556,-0.7180176973342896,0.0,0.0,-0.5600000023841858,1.0,0.800000011920929,5.422579765319824,0.38944149017333984,1.0000000|0.0000000|0.0000000|0.0000000|0.0000000|0.0000000|0.0000000|0.0000000|0.0000000|0.0000000,0,1.0,44.37802062868203,0,0,0,0,0,
cross_town,Town02,mixed,9,36,1.8,-7.368211269378662,121.21024322509766,0.22167648375034332,90.1288070678711,0.0,500.0996068996452,0.0,4.76837158203125e-07,2.663161087212984e-07,2.2281811662430235e-05,0.44050064450399873,0.005511850118637085,0.012589991092681885,-0.19690701365470886,0.0,0.0,-0.47999998927116394,1.0,0.800000011920929,13.76695442199707,-0.3402560353279114,1.0000000|0.0000000|0.0000000|0.0000000|0.0000000|0.0000000|0.0000000|0.0000000|0.0000000|0.0000000,0,1.0,42.903018939158784,0,0,0,0,0,
cross_town,Town02,mixed,9,37,1.85,-7.368211269378662,121.21024322509766,0.22167648375034332,90.1288070678711,0.0,500.0996068996452,0.0,4.76837158203125e-07,2.663161087212984e-07,1.92604056039799e-05,0.4405006445040753,0.002520143985748291,0.009082168340682983,-0.7180176973342896,0.0,0.0,-0.5600000023841858,1.0,0.800000011920929,5.422482490539551,0.3894432783126831,1.0000000|0.0000000|0.0000000|0.0000000|0.0000000|0.0000000|0.0000000|0.0000000|0.0000000|0.0000000,0,1.0,41.64517959064907,0,0,0,0,0,
cross_town,Town02,mixed,9,38,1.9,-7.368211269378662,121.21024322509766,0.22167648375034332,90.1288070678711,0.0,500.0996068996452,0.0,4.76837158203125e-07,2.663161087212984e-07,1.7922472593546232e-05,0.4405006445041488,0.005511850118637085,0.012589871883392334,-0.19690866768360138,0.0,0.0,-0.47999998927116394,1.0,0.800000011920929,13.766865730285645,-0.3402593731880188,1.0000000|0.0000000|0.0000000|0.0000000|0.0000000|0.0000000|0.0000000|0.0000000|0.0000000|0.0000000,0,1.0,40.36727657244263,0,0,0,0,0,
cross_town,Town02,mixed,9,39,1.95,-7.368211269378662,121.21024322509766,0.22167648375034332,90.1288070678711,0.0,500.0996068996452,0.0,4.76837158203125e-07,2.663161087212984e-07,1.8814295467007164e-05,0.44050064450337156,0.0025201737880706787,0.009082227945327759,-0.7180176973342896,0.0,0.0,-0.5600000023841858,1.0,0.800000011920929,5.422460556030273,0.38944315910339355,1.0000000|0.0000000|0.0000000|0.0000000|0.0000000|0.0000000|0.0000000|0.0000000|0.0000000|0.0000000,0,1.0,39.22171904754009,0,0,0,0,0,
cross_town,Town02,mixed,9,40,2.0,-7.368211269378662,121.21024322509766,0.22167761623859406,90.1288070678711,0.0,500.0996068996452,0.0,4.76837158203125e-07,2.663161087212984e-07,1.5071903227824077e-05,0.4405006445037676,0.005511850118637085,0.012589871883392334,-0.19690847396850586,0.0,0.0,-0.47999998927116394,1.0,0.800000011920929,13.76685619354248,-0.3402590751647949,1.0000000|0.0000000|0.0000000|0.0000000|0.0000000|0.0000000|0.0000000|0.0000000|0.0000000|0.0000000,0,1.0,38.117901104603625,0,0,0,0,0,
cross_town,Town02,mixed,9,41,2.05,-7.368211269378662,121.21024322509766,0.22167761623859406,90.1288070678711,0.0,500.0996068996452,0.0,4.76837158203125e-07,2.663161087212984e-07,8.274225725263709e-06,0.4405006445041663,0.0025201737880706787,0.009082257747650146,-0.7180175185203552,0.0,0.0,-0.5600000023841858,1.0,0.800000011920929,5.422483444213867,0.38944345712661743,1.0000000|0.0000000|0.0000000|0.0000000|0.0000000|0.0000000|0.0000000|0.0000000|0.0000000|0.0000000,0,1.0,37.07951150818517,0,0,0,0,0,
cross_town,Town02,mixed,9,42,2.1,-7.368211269378662,121.21024322509766,0.22167761623859406,90.1288070678711,0.0,500.0996068996452,0.0,4.76837158203125e-07,2.663161087212984e-07,7.10679894219817e-06,0.44050064450416593,0.005511820316314697,0.012589991092681885,-0.1969068944454193,0.0,0.0,-0.47999998927116394,1.0,0.800000011920929,13.766973495483398,-0.34025490283966064,1.0000000|0.0000000|0.0000000|0.0000000|0.0000000|0.0000000|0.0000000|0.0000000|0.0000000|0.0000000,0,1.0,36.094147383911604,0,0,0,0,0,
cross_town,Town02,mixed,9,43,2.15,-7.368211269378662,121.21024322509766,0.22167761623859406,90.1288070678711,0.0,500.0996068996452,0.0,4.76837158203125e-07,2.663161087212984e-07,3.4730617734673686e-06,0.4405006445041079,0.0025201737880706787,0.00908234715461731,-0.7180176973342896,0.0,0.0,-0.5600000023841858,1.0,0.800000011920929,5.422438621520996,0.38944339752197266,1.0000000|0.0000000|0.0000000|0.0000000|0.0000000|0.0000000|0.0000000|0.0000000|0.0000000|0.0000000,0,1.0,35.15980914973305,0,0,0,0,0,
cross_town,Town02,mixed,9,44,2.2,-7.368211269378662,121.21024322509766,0.22167761623859406,90.1288070678711,0.0,500.0996068996452,0.0,4.76837158203125e-07,2.663161087212984e-07,1.9912787218869944e-06,0.44050064450364046,0.005511820316314697,0.01259005069732666,-0.19690638780593872,0.0,0.0,-0.47999998927116394,1.0,0.800000011920929,13.766983032226562,-0.34025418758392334,1.0000000|0.0000000|0.0000000|0.0000000|0.0000000|0.0000000|0.0000000|0.0000000|0.0000000|0.0000000,0,1.0,34.17053941911893,0,0,0,0,0,
cross_town,Town02,mixed,9,45,2.25,-7.368211269378662,121.21024322509766,0.22167761623859406,90.1288070678711,0.0,500.0996068996452,0.0,4.76837158203125e-07,2.663161087212984e-07,4.428866513141424e-06,0.44050064450405235,0.0025201737880706787,0.009082376956939697,-0.718017578125,0.0,0.0,-0.5600000023841858,1.0,0.800000011920929,5.422429084777832,0.3894437551498413,1.0000000|0.0000000|0.0000000|0.0000000|0.0000000|0.0000000|0.0000000|0.0000000|0.0000000|0.0000000,0,1.0,33.949972616474376,0,0,0,0,0,
cross_town,Town02,mixed,9,46,2.3,-7.368211269378662,121.21024322509766,0.22167761623859406,90.1288070678711,0.0,500.0996068996452,0.0,4.76837158203125e-07,2.663161087212984e-07,8.344327733450953e-06,0.4405006445040838,0.005511820316314697,0.01259005069732666,-0.19690626859664917,0.0,0.0,-0.47999998927116394,1.0,0.800000011920929,13.767030715942383,-0.3402544856071472,1.0000000|0.0000000|0.0000000|0.0000000|0.0000000|0.0000000|0.0000000|0.0000000|0.0000000|0.0000000,0,1.0,33.77514685065659,0,0,0,0,0,
cross_town,Town02,mixed,9,47,2.35,-7.368211269378662,121.21024322509766,0.22167761623859406,90.1288070678711,0.0,500.0996068996452,0.0,4.76837158203125e-07,2.663161087212984e-07,7.5204453804849085e-06,0.4405006445040777,0.0025201737880706787,0.009082317352294922,-0.7180176973342896,0.0,0.0,-0.5600000023841858,1.0,0.800000011920929,5.422418594360352,0.38944411277770996,1.0000000|0.0000000|0.0000000|0.0000000|0.0000000|0.0000000|0.0000000|0.0000000|0.0000000|0.0000000,0,1.0,32.74998097453628,0,0,0,0,0,
cross_town,Town02,mixed,9,48,2.4,-7.368211269378662,121.21024322509766,0.22167761623859406,90.1288070678711,0.0,500.0996068996452,0.0,4.76837158203125e-07,2.663161087212984e-07,7.210930664170804e-06,0.4405006445038901,0.005511850118637085,0.01259005069732666,-0.19690664112567902,0.0,0.0,-0.47999998927116394,1.0,0.800000011920929,13.767004013061523,-0.34025508165359497,1.0000000|0.0000000|0.0000000|0.0000000|0.0000000|0.0000000|0.0000000|0.0000000|0.0000000|0.0000000,0,1.0,32.41271857139183,0,0,0,0,0,
cross_town,Town02,mixed,9,49,2.45,-7.368211269378662,121.21024322509766,0.22167761623859406,90.1288070678711,0.0,500.0996068996452,0.0,4.76837158203125e-07,2.663161087212984e-07,4.222892089470352e-06,0.44050064450355225,0.0025201737880706787,0.00908234715461731,-0.7180176973342896,0.0,0.0,-0.5600000023841858,1.0,0.800000011920929,5.422430992126465,0.38944339752197266,1.0000000|0.0000000|0.0000000|0.0000000|0.0000000|0.0000000|0.0000000|0.0000000|0.0000000|0.0000000,0,1.0,31.38401552504094,0,0,0,0,0,
cross_town,Town02,mixed,9,50,2.5,-7.368211269378662,121.21024322509766,0.22167761623859406,90.1288070678711,0.0,500.0996068996452,0.0,4.76837158203125e-07,2.663161087212984e-07,6.115463608250528e-06,0.44050064450411264,0.005511820316314697,0.01259005069732666,-0.1969062089920044,0.0,0.0,-0.47999998927116394,1.0,0.800000011920929,13.767011642456055,-0.34025412797927856,1.0000000|0.0000000|0.0000000|0.0000000|0.0000000|0.0000000|0.0000000|0.0000000|0.0000000|0.0000000,0,1.0,31.00344364207896,0,0,0,0,0,
cross_town,Town02,mixed,9,51,2.55,-7.368211269378662,121.21024322509766,0.22167761623859406,90.1288070678711,0.0,500.0996068996452,0.0,4.76837158203125e-07,2.663161087212984e-07,7.351263482197237e-06,0.4405006445022984,0.0025201737880706787,0.009082376956939697,-0.7180176377296448,0.0,0.0,-0.5600000023841858,1.0,0.800000011920929,5.422442436218262,0.3894437551498413,1.0000000|0.0000000|0.0000000|0.0000000|0.0000000|0.0000000|0.0000000|0.0000000|0.0000000|0.0000000,0,1.0,30.026065736816804,0,0,0,0,0,
cross_town,Town02,mixed,9,52,2.6,-7.368211269378662,121.21024322509766,0.22167761623859406,90.1288070678711,0.0,500.0996068996452,0.0,4.76837158203125e-07,2.663161087212984e-07,3.439451411707382e-08,0.44050064450224596,0.005511850118637085,0.012590020895004272,-0.1969064623117447,0.0,0.0,-0.47999998927116394,1.0,0.800000011920929,13.767010688781738,-0.34025412797927856,1.0000000|0.0000000|0.0000000|0.0000000|0.0000000|0.0000000|0.0000000|0.0000000|0.0000000|0.0000000,0,1.0,29.644759226095257,0,0,0,0,0,
cross_town,Town02,mixed,9,53,2.65,-7.368211269378662,121.21024322509766,0.22167761623859406,90.1288070678711,0.0,500.0996068996452,0.0,4.76837158203125e-07,2.663161087212984e-07,3.500816911301585e-08,0.4405006445039641,0.0025201737880706787,0.009082436561584473,-0.7180176973342896,0.0,0.0,-0.5600000023841858,1.0,0.800000011920929,5.42242431640625,0.38944339752197266,1.0000000|0.0000000|0.0000000|0.0000000|0.0000000|0.0000000|0.0000000|0.0000000|0.0000000|0.0000000,0,1.0,28.731495868212978,0,0,0,0,0,
cross_town,Town02,mixed,9,54,2.7,-7.368211269378662,121.21024322509766,0.22167761623859406,90.1288070678711,0.0,500.0996068996452,0.0,4.76837158203125e-07,2.663161087212984e-07,3.6384702075169326e-08,0.44050064450418597,0.005511820316314697,0.012590140104293823,-0.19690506160259247,0.0,0.0,-0.47999998927116394,1.0,0.800000011920929,13.767057418823242,-0.34025251865386963,1.0000000|0.0000000|0.0000000|0.0000000|0.0000000|0.0000000|0.0000000|0.0000000|0.0000000|0.0000000,0,1.0,28.3623484385615,0,0,0,0,0,
cross_town,Town02,mixed,9,55,2.75,-7.368211269378662,121.21024322509766,0.22167761623859406,90.1288070678711,0.0,500.0996068996452,0.0,4.76837158203125e-07,2.663161087212984e-07,1.3110843950600905e-07,0.4405006445041271,0.0025201737880706787,0.009082436561584473,-0.7180176973342896,0.0,0.0,-0.5600000023841858,1.0,0.800000011920929,5.42242431640625,0.3894435167312622,1.0000000|0.0000000|0.0000000|0.0000000|0.0000000|0.0000000|0.0000000|0.0000000|0.0000000|0.0000000,0,1.0,27.527697192077312,0,0,0,0,0,
cross_town,Town02,mixed,9,56,2.8,-7.368211269378662,121.21024322509766,0.22167761623859406,90.1288070678711,0.0,500.0996068996452,0.0,4.76837158203125e-07,2.663161087212984e-07,1.673833840823443e-07,0.4405006445041325,0.005511820316314697,0.012590110301971436,-0.19690527021884918,0.0,0.0,-0.47999998927116394,1.0,0.800000011920929,13.767038345336914,-0.3402528166770935,1.0000000|0.0000000|0.0000000|0.0000000|0.0000000|0.0000000|0.0000000|0.0000000|0.0000000|0.0000000,0,1.0,27.177054143879,0,0,0,0,0,
cross_town,Town02,mixed,9,57,2.85,-7.368211269378662,121.21024322509766,0.22167761623859406,90.1288070678711,0.0,500.0996068996452,0.0,4.76837158203125e-07,2.663161087212984e-07,1.033236574906088e-07,0.4405006445041232,0.0025201737880706787,0.009082436561584473,-0.7180176973342896,0.0,0.0,-0.5600000023841858,1.0,0.800000011920929,5.422440052032471,0.3894439935684204,1.0000000|0.0000000|0.0000000|0.0000000|0.0000000|0.0000000|0.0000000|0.0000000|0.0000000|0.0000000,0,1.0,26.40980617047989,0,0,0,0,0,
cross_town,Town02,mixed,9,58,2.9,-7.368211269378662,121.21024322509766,0.22167761623859406,90.1288070678711,0.0,500.0996068996452,0.0,4.76837158203125e-07,2.663161087212984e-07,1.6213313983698906e-06,0.4405006445041788,0.005511820316314697,0.012590110301971436,-0.1969052404165268,0.0,0.0,-0.47999998927116394,1.0,0.800000011920929,13.767041206359863,-0.3402531147003174,1.0000000|0.0000000|0.0000000|0.0000000|0.0000000|0.0000000|0.0000000|0.0000000|0.0000000|0.0000000,0,1.0,26.07689516467755,0,0,0,0,0,
cross_town,Town02,mixed,9,59,2.95,-7.368211269378662,121.21024322509766,0.22167761623859406,90.1288070678711,0.0,500.0996068996452,0.0,4.76837158203125e-07,2.663161087212984e-07,1.0629501212440601e-07,0.4405006445037321,0.0025201737880706787,0.009082406759262085,-0.7180176973342896,0.0,0.0,-0.5600000023841858,1.0,0.800000011920929,5.422433376312256,0.3894437551498413,1.0000000|0.0000000|0.0000000|0.0000000|0.0000000|0.0000000|0.0000000|0.0000000|0.0000000|0.0000000,0,1.0,25.37028715585813,0,0,0,0,0,
cross_town,Town02,mixed,9,60,3.0,-7.368211269378662,121.21024322509766,0.22167761623859406,90.1288070678711,0.0,500.0996068996452,0.0,4.76837158203125e-07,2.663161087212984e-07,0.0,0.44050064450402215,0.005511820316314697,0.012590110301971436,-0.1969052404165268,0.0,0.0,-0.47999998927116394,1.0,0.800000011920929,13.767041206359863,-0.3402531147003174,1.0000000|0.0000000|0.0000000|0.0000000|0.0000000|0.0000000|0.0000000|0.0000000|0.0000000|0.0000000,0,1.0,25.054127300782756,0,0,0,0,0,
cross_town,Town02,mixed,9,61,3.05,-7.368211269378662,121.21024322509766,0.22167761623859406,90.1288070678711,0.0,500.0996068996452,0.0,4.76837158203125e-07,2.663161087212984e-07,3.4354009485188027e-08,0.4405006445041835,0.0025201737880706787,0.009082436561584473,-0.7180176973342896,0.0,0.0,-0.5600000023841858,1.0,0.800000011920929,5.422425746917725,0.38944339752197266,1.0000000|0.0000000|0.0000000|0.0000000|0.0000000|0.0000000|0.0000000|0.0000000|0.0000000|0.0000000,0,1.0,24.401984613921957,0,0,0,0,0,
cross_town,Town02,mixed,9,62,3.1,-7.368211269378662,121.21024322509766,0.22167761623859406,90.1288070678711,0.0,500.0996068996452,0.0,4.76837158203125e-07,2.663161087212984e-07,6.871038038870619e-08,0.44050064450418597,0.005511820316314697,0.012590140104293823,-0.19690506160259247,0.0,0.0,-0.47999998927116394,1.0,0.800000011920929,13.767057418823242,-0.34025251865386963,1.0000000|0.0000000|0.0000000|0.0000000|0.0000000|0.0000000|0.0000000|0.0000000|0.0000000|0.0000000,0,1.0,24.101083851332564,0,0,0,0,0,
cross_town,Town02,mixed,9,63,3.15,-7.368211269378662,121.21024322509766,0.22167761623859406,90.1288070678711,0.0,500.0996068996452,0.0,4.76837158203125e-07,2.663161087212984e-07,1.4514523329223726e-06,0.44050064450408244,0.0025201737880706787,0.009082436561584473,-0.7180176973342896,0.0,0.0,-0.5600000023841858,1.0,0.800000011920929,5.422428607940674,0.3894433379173279,1.0000000|0.0000000|0.0000000|0.0000000|0.0000000|0.0000000|0.0000000|0.0000000|0.0000000|0.0000000,0,1.0,23.497557137572755,0,0,0,0,0,
cross_town,Town02,mixed,9,64,3.2,-7.368211269378662,121.21024322509766,0.22167761623859406,90.1288070678711,0.0,500.0996068996452,0.0,4.76837158203125e-07,2.663161087212984e-07,1.0310127406988643e-07,0.4405006445037724,0.005511850118637085,0.012590110301971436,-0.19690540432929993,0.0,0.0,-0.47999998927116394,1.0,0.800000011920929,13.767061233520508,-0.34025323390960693,1.0000000|0.0000000|0.0000000|0.0000000|0.0000000|0.0000000|0.0000000|0.0000000|0.0000000|0.0000000,0,1.0,23.210963184828035,0,0,0,0,0,
cross_town,Town02,mixed,9,65,3.25,-7.368211269378662,121.21024322509766,0.22167761623859406,90.1288070678711,0.0,500.0996068996452,0.0,4.76837158203125e-07,2.663161087212984e-07,1.3743488838840971e-07,0.4405006445040827,0.0025201737880706787,0.00908246636390686,-0.7180176973342896,0.0,0.0,-0.5600000023841858,1.0,0.800000011920929,5.422441482543945,0.38944363594055176,1.0000000|0.0000000|0.0000000|0.0000000|0.0000000|0.0000000|0.0000000|0.0000000|0.0000000|0.0000000,0,1.0,22.651044924356892,0,0,0,0,0,
cross_town,Town02,mixed,9,66,3.3,-7.368211269378662,121.21024322509766,0.22167761623859406,90.1288070678711,0.0,500.0996068996452,0.0,4.76837158203125e-07,2.663161087212984e-07,2.7469615974099716e-07,0.44050064450418597,0.005511820316314697,0.012590110301971436,-0.19690527021884918,0.0,0.0,-0.47999998927116394,1.0,0.800000011920929,13.767038345336914,-0.3402528166770935,1.0000000|0.0000000|0.0000000|0.0000000|0.0000000|0.0000000|0.0000000|0.0000000|0.0000000|0.0000000,0,1.0,22.3770965585485,0,0,0,0,0,
cross_town,Town02,mixed,9,67,3.35,-7.368211269378662,121.21024322509766,0.22167761623859406,90.1288070678711,0.0,500.0996068996452,0.0,4.76837158203125e-07,2.663161087212984e-07,3.9919805513679906e-07,0.44050064450412796,0.0025201737880706787,0.009082406759262085,-0.7180178165435791,0.0,0.0,-0.5600000023841858,1.0,0.800000011920929,5.422423362731934,0.3894439935684204,1.0000000|0.0000000|0.0000000|0.0000000|0.0000000|0.0000000|0.0000000|0.0000000|0.0000000|0.0000000,0,1.0,21.856462543655724,0,0,0,0,0,
cross_town,Town02,mixed,9,68,3.4,-7.368211269378662,121.21024322509766,0.22167761623859406,90.1288070678711,0.0,500.0996068996452,0.0,4.76837158203125e-07,2.663161087212984e-07,4.1200883247684767e-07,0.44050064450395093,0.005511820316314697,0.012590080499649048,-0.196905717253685,0.0,0.0,-0.47999998927116394,1.0,0.800000011920929,13.767074584960938,-0.3402531147003174,1.0000000|0.0000000|0.0000000|0.0000000|0.0000000|0.0000000|0.0000000|0.0000000|0.0000000|0.0000000,0,1.0,21.59205463972478,0,0,0,0,0,
cross_town,Town02,mixed,9,69,3.45,-7.368211269378662,121.21024322509766,0.22167761623859406,90.1288070678711,0.0,500.0996068996452,0.0,4.76837158203125e-07,2.663161087212984e-07,3.434340463189613e-08,0.440500644504131,0.0025201737880706787,0.009082406759262085,-0.7180176377296448,0.0,0.0,-0.5600000023841858,1.0,0.800000011920929,5.422417640686035,0.38944417238235474,1.0000000|0.0000000|0.0000000|0.0000000|0.0000000|0.0000000|0.0000000|0.0000000|0.0000000|0.0000000,0,1.0,21.106016493910175,0,0,0,0,0,
cross_town,Town02,mixed,9,70,3.5,-7.368211269378662,121.21024322509766,0.22167761623859406,90.1288070678711,0.0,500.0996068996452,0.0,4.76837158203125e-07,2.663161087212984e-07,6.869742084675378e-08,0.4405006445041859,0.005511820316314697,0.012590140104293823,-0.19690506160259247,0.0,0.0,-0.47999998927116394,1.0,0.800000011920929,13.767057418823242,-0.34025251865386963,1.0000000|0.0000000|0.0000000|0.0000000|0.0000000|0.0000000|0.0000000|0.0000000|0.0000000|0.0000000,0,1.0,20.85458517372117,0,0,0,0,0,
cross_town,Town02,mixed,9,71,3.55,-7.368211269378662,121.21024322509766,0.22167761623859406,90.1288070678711,0.0,500.0996068996452,0.0,4.76837158203125e-07,2.663161087212984e-07,1.3734877318582637e-07,0.44050064450418597,0.0025201737880706787,0.009082436561584473,-0.7180176973342896,0.0,0.0,-0.5600000023841858,1.0,0.800000011920929,5.422428607940674,0.3894433379173279,1.0000000|0.0000000|0.0000000|0.0000000|0.0000000|0.0000000|0.0000000|0.0000000|0.0000000|0.0000000,0,1.0,20.401121136875762,0,0,0,0,0,
cross_town,Town02,mixed,9,72,3.6,-7.368211269378662,121.21024322509766,0.22167761623859406,90.1288070678711,0.0,500.0996068996452,0.0,4.76837158203125e-07,2.663161087212984e-07,2.0681232918642612e-07,0.440500644504185,0.005511820316314697,0.012590110301971436,-0.19690527021884918,0.0,0.0,-0.47999998927116394,1.0,0.800000011920929,13.767038345336914,-0.3402528166770935,1.0000000|0.0000000|0.0000000|0.0000000|0.0000000|0.0000000|0.0000000|0.0000000|0.0000000|0.0000000,0,1.0,20.15994211936694,0,0,0,0,0,
cross_town,Town02,mixed,9,73,3.65,-7.368211269378662,121.21024322509766,0.22167761623859406,90.1288070678711,0.0,500.0996068996452,0.0,4.76837158203125e-07,2.663161087212984e-07,2.746881353277576e-07,0.44050064450418236,0.0025201737880706787,0.009082436561584473,-0.7180176973342896,0.0,0.0,-0.5600000023841858,1.0,0.800000011920929,5.422440052032471,0.3894439935684204,1.0000000|0.0000000|0.0000000|0.0000000|0.0000000|0.0000000|0.0000000|0.0000000|0.0000000|0.0000000,0,1.0,19.735566116635663,0,0,0,0,0,
cross_town,Town02,mixed,9,74,3.7,-7.368211269378662,121.21024322509766,0.22167761623859406,90.1288070678711,0.0,500.0996068996452,0.0,4.76837158203125e-07,2.663161087212984e-07,3.4387591055652073e-07,0.4405006445041827,0.005511820316314697,0.012590080499649048,-0.196905717253685,0.0,0.0,-0.47999998927116394,1.0,0.800000011920929,13.76707649230957,-0.3402531147003174,1.0000000|0.0000000|0.0000000|0.0000000|0.0000000|0.0000000|0.0000000|0.0000000|0.0000000|0.0000000,0,1.0,19.50366794595394,0,0,0,0,0,
cross_town,Town02,mixed,9,75,3.75,-7.368211269378662,121.21024322509766,0.22167761623859406,90.1288070678711,0.0,500.0996068996452,0.0,4.76837158203125e-07,2.663161087212984e-07,3.776748140978484e-07,0.4405006445041823,0.0025201737880706787,0.009082406759262085,-0.7180176377296448,0.0,0.0,-0.5600000023841858,1.0,0.800000011920929,5.422422409057617,0.38944417238235474,1.0000000|0.0000000|0.0000000|0.0000000|0.0000000|0.0000000|0.0000000|0.0000000|0.0000000|0.0000000,0,1.0,19.10564789315156,0,0,0,0,0,
cross_town,Town02,mixed,9,76,3.8,-7.368211269378662,121.21024322509766,0.22167761623859406,90.1288070678711,0.0,500.0996068996452,0.0,4.76837158203125e-07,2.663161087212984e-07,4.1201465090433634e-07,0.440500644504185,0.005511820316314697,0.012590080499649048,-0.196905717253685,0.0,0.0,-0.47999998927116394,1.0,0.800000011920929,13.767074584960938,-0.3402531147003174,1.0000000|0.0000000|0.0000000|0.0000000|0.0000000|0.0000000|0.0000000|0.0000000|0.0000000|0.0000000,0,1.0,18.882356799317055,0,0,0,0,0,
cross_town,Town02,mixed,9,77,3.85,-7.368211269378662,121.21024322509766,0.22167761623859406,90.1288070678711,0.0,500.0996068996452,0.0,4.76837158203125e-07,2.663161087212984e-07,3.4336471954751436e-08,0.44050064450418586,0.0025201737880706787,0.009082406759262085,-0.7180176377296448,0.0,0.0,-0.5600000023841858,1.0,0.800000011920929,5.422417640686035,0.38944417238235474,1.0000000|0.0000000|0.0000000|0.0000000|0.0000000|0.0000000|0.0000000|0.0000000|0.0000000|0.0000000,0,1.0,18.508663831152948,0,0,0,0,0,
cross_town,Town02,mixed,9,78,3.9,-7.368211269378662,121.21024322509766,0.22167761623859406,90.1288070678711,0.0,500.0996068996452,0.0,4.76837158203125e-07,2.663161087212984e-07,6.868670448267035e-08,0.44050064450418586,0.005511820316314697,0.012590140104293823,-0.19690506160259247,0.0,0.0,-0.47999998927116394,1.0,0.800000011920929,13.767057418823242,-0.34025251865386963,1.0000000|0.0000000|0.0000000|0.0000000|0.0000000|0.0000000|0.0000000|0.0000000|0.0000000|0.0000000,0,1.0,18.293372496883272,0,0,0,0,0,
cross_town,Town02,mixed,9,79,3.95,-7.368211269378662,121.21024322509766,0.22167761623859406,90.1288070678711,0.0,500.0996068996452,0.0,4.76837158203125e-07,2.663161087212984e-07,1.0303343067232619e-07,0.44050064450418597,0.0025201737880706787,0.009082436561584473,-0.7180176973342896,0.0,0.0,-0.5600000023841858,1.0,0.800000011920929,5.422428607940674,0.3894433379173279,1.0000000|0.0000000|0.0000000|0.0000000|0.0000000|0.0000000|0.0000000|0.0000000|0.0000000|0.0000000,0,1.0,17.9418774494011,0,0,0,0,0,
cross_town,Town02,mixed,9,80,4.0,-7.368211269378662,121.21024322509766,0.22167761623859406,90.1288070678711,0.0,500.0996068996452,0.0,4.76837158203125e-07,2.663161087212984e-07,1.716929087594884e-07,0.44050064450418597,0.005511820316314697,0.012590110301971436,-0.1969052404165268,0.0,0.0,-0.47999998927116394,1.0,0.800000011920929,13.767041206359863,-0.3402531147003174,1.0000000|0.0000000|0.0000000|0.0000000|0.0000000|0.0000000|0.0000000|0.0000000|0.0000000|0.0000000,0,1.0,17.732743350050036,0,0,0,0,0,
cross_town,Town02,mixed,9,81,4.05,-7.368211269378662,121.21024322509766,0.22167761623859406,90.1288070678711,0.0,500.0996068996452,0.0,4.76837158203125e-07,2.663161087212984e-07,2.403450645995789e-07,0.44050064450418597,0.0025201737880706787,0.009082436561584473,-0.7180176973342896,0.0,0.0,-0.5600000023841858,1.0,0.800000011920929,5.422440052032471,0.3894439935684204,1.0000000|0.0000000|0.0000000|0.0000000|0.0000000|0.0000000|0.0000000|0.0000000|0.0000000|0.0000000,0,1.0,17.40109973977382,0,0,0,0,0,
cross_town,Town02,mixed,9,82,4.1,-7.368211269378662,121.21024322509766,0.22167761623859406,90.1288070678711,0.0,500.0996068996452,0.0,4.76837158203125e-07,2.663161087212984e-07,3.0900819830542257e-07,0.44050064450418597,0.005511820316314697,0.012590110301971436,-0.1969052106142044,0.0,0.0,-0.47999998927116394,1.0,0.800000011920929,13.767051696777344,-0.3402528166770935,1.0000000|0.0000000|0.0000000|0.0000000|0.0000000|0.0000000|0.0000000|0.0000000|0.0000000|0.0000000,0,1.0,17.199614104698153,0,0,0,0,0,
cross_town,Town02,mixed,9,83,4.15,-7.368211269378662,121.21024322509766,0.22167761623859406,90.1288070678711,0.0,500.0996068996452,0.0,4.76837158203125e-07,2.663161087212984e-07,3.4334398964346496e-07,0.44050064450418597,0.0025201737880706787,0.009082406759262085,-0.7180176377296448,0.0,0.0,-0.5600000023841858,1.0,0.800000011920929,5.422422409057617,0.38944417238235474,1.0000000|0.0000000|0.0000000|0.0000000|0.0000000|0.0000000|0.0000000|0.0000000|0.0000000|0.0000000,0,1.0,16.886822726137865,0,0,0,0,0,
cross_town,Town02,mixed,9,84,4.2,-7.368211269378662,121.21024322509766,0.22167761623859406,90.1288070678711,0.0,500.0996068996452,0.0,4.76837158203125e-07,2.663161087212984e-07,4.124750226217201e-07,0.4405006445041851,0.005511820316314697,0.012590080499649048,-0.196905717253685,0.0,0.0,-0.47999998927116394,1.0,0.800000011920929,13.767071723937988,-0.3402531147003174,1.0000000|0.0000000|0.0000000|0.0000000|0.0000000|0.0000000|0.0000000|0.0000000|0.0000000|0.0000000,0,1.0,16.69163427577007,0,0,0,0,0,
cross_town,Town02,mixed,9,85,4.25,-7.368211269378662,121.21024322509766,0.22167761623859406,90.1288070678711,0.0,500.0996068996452,0.0,4.76837158203125e-07,2.663161087212984e-07,1.1106602204039487e-06,0.4405006445040387,0.0025201737880706787,0.009082406759262085,-0.7180176377296448,0.0,0.0,-0.5600000023841858,1.0,0.800000011920929,5.422417640686035,0.38944417238235474,1.0000000|0.0000000|0.0000000|0.0000000|0.0000000|0.0000000|0.0000000|0.0000000|0.0000000|0.0000000,0,1.0,16.39607348755676,0,0,0,0,0,
cross_town,Town02,mixed,9,86,4.3,-7.368211269378662,121.21024322509766,0.22167761623859406,90.1288070678711,0.0,500.0996068996452,0.0,4.76837158203125e-07,2.663161087212984e-07,3.4350201178233044e-08,0.44050064450374127,0.005511850118637085,0.012590110301971436,-0.19690534472465515,0.0,0.0,-0.47999998927116394,1.0,0.800000011920929,13.767046928405762,-0.3402533531188965,1.0000000|0.0000000|0.0000000|0.0000000|0.0000000|0.0000000|0.0000000|0.0000000|0.0000000|0.0000000,0,1.0,16.206905772734128,0,0,0,0,0,
cross_town,Town02,mixed,9,87,4.35,-7.368211269378662,121.21024322509766,0.22167761623859406,90.1288070678711,0.0,500.0996068996452,0.0,4.76837158203125e-07,2.663161087212984e-07,6.869830912123382e-08,0.4405006445040876,0.0025201737880706787,0.009082436561584473,-0.7180176973342896,0.0,0.0,-0.5600000023841858,1.0,0.800000011920929,5.42242431640625,0.38944339752197266,1.0000000|0.0000000|0.0000000|0.0000000|0.0000000|0.0000000|0.0000000|0.0000000|0.0000000|0.0000000,0,1.0,15.926982281355455,0,0,0,0,0,
cross_town,Town02,mixed,9,88,4.4,-7.368211269378662,121.21024322509766,0.22167761623859406,90.1288070678711,0.0,500.0996068996452,0.0,4.76837158203125e-07,2.663161087212984e-07,1.3735714691946335e-07,0.44050064450418597,0.005511820316314697,0.012590110301971436,-0.1969052404165268,0.0,0.0,-0.47999998927116394,1.0,0.800000011920929,13.767046928405762,-0.3402531147003174,1.0000000|0.0000000|0.0000000|0.0000000|0.0000000|0.0000000|0.0000000|0.0000000|0.0000000|0.0000000,0,1.0,15.743664052361723,0,0,0,0,0,
cross_town,Town02,mixed,9,89,4.45,-7.368211269378662,121.21024322509766,0.22167761623859406,90.1288070678711,0.0,500.0996068996452,0.0,4.76837158203125e-07,2.663161087212984e-07,2.0678831845865807e-07,0.4405006445041851,0.0025201737880706787,0.00908246636390686,-0.718017578125,0.0,0.0,-0.5600000023841858,1.0,0.800000011920929,5.4224443435668945,0.38944363594055176,1.0000000|0.0000000|0.0000000|0.0000000|0.0000000|0.0000000|0.0000000|0.0000000|0.0000000|0.0000000,0,1.0,15.478153054679735,0,0,0,0,0,
cross_town,Town02,mixed,9,90,4.5,-7.368211269378662,121.21024322509766,0.22167761623859406,90.1288070678711,0.0,500.0996068996452,0.0,4.76837158203125e-07,2.663161087212984e-07,2.7468783950391036e-07,0.4405006445041825,0.005511820316314697,0.012590110301971436,-0.1969052106142044,0.0,0.0,-0.47999998927116394,1.0,0.800000011920929,13.76704216003418,-0.3402528166770935,1.0000000|0.0000000|0.0000000|0.0000000|0.0000000|0.0000000|0.0000000|0.0000000|0.0000000|0.0000000,0,1.0,15.299738322130148,0,0,0,0,0,
cross_town,Town02,mixed,9,91,4.55,-7.368211269378662,121.21024322509766,0.22167761623859406,90.1288070678711,0.0,500.0996068996452,0.0,4.76837158203125e-07,2.663161087212984e-07,3.438698056469438e-07,0.44050064450418275,0.0025201737880706787,0.009082406759262085,-0.7180178165435791,0.0,0.0,-0.5600000023841858,1.0,0.800000011920929,5.422423362731934,0.3894439935684204,1.0000000|0.0000000|0.0000000|0.0000000|0.0000000|0.0000000|0.0000000|0.0000000|0.0000000|0.0000000,0,1.0,15.048218846866071,0,0,0,0,0,
cross_town,Town02,mixed,9,92,4.6,-7.368211269378662,121.21024322509766,0.22167761623859406,90.1288070678711,0.0,500.0996068996452,0.0,4.76837158203125e-07,2.663161087212984e-07,3.776767232502768e-07,0.44050064450418225,0.005511820316314697,0.012590080499649048,-0.196905717253685,0.0,0.0,-0.47999998927116394,1.0,0.800000011920929,13.767071723937988,-0.3402531147003174,1.0000000|0.0000000|0.0000000|0.0000000|0.0000000|0.0000000|0.0000000|0.0000000|0.0000000|0.0000000,0,1.0,14.874785537932663,0,0,0,0,0,
cross_town,Town02,mixed,9,93,4.65,-7.368211269378662,121.21024322509766,0.22167761623859406,90.1288070678711,0.0,500.0996068996452,0.0,4.76837158203125e-07,2.663161087212984e-07,4.120147251353897e-07,0.4405006445041849,0.0025201737880706787,0.009082406759262085,-0.7180176377296448,0.0,0.0,-0.5600000023841858,1.0,0.800000011920929,5.422414779663086,0.38944417238235474,1.0000000|0.0000000|0.0000000|0.0000000|0.0000000|0.0000000|0.0000000|0.0000000|0.0000000|0.0000000,0,1.0,14.635619616519723,0,0,0,0,0,
cross_town,Town02,mixed,9,94,4.7,-7.368211269378662,121.21024322509766,0.22167761623859406,90.1288070678711,0.0,500.0996068996452,0.0,4.76837158203125e-07,2.663161087212984e-07,3.4339904499018824e-08,0.44050064450418586,0.005511820316314697,0.012590080499649048,-0.196905717253685,0.0,0.0,-0.47999998927116394,1.0,0.800000011920929,13.767071723937988,-0.3402531147003174,1.0000000|0.0000000|0.0000000|0.0000000|0.0000000|0.0000000|0.0000000|0.0000000|0.0000000|0.0000000,0,1.0,14.46673998706739,0,0,0,0,0,
cross_town,Town02,mixed,9,95,4.75,-7.368211269378662,121.21024322509766,0.22167761623859406,90.1288070678711,0.0,500.0996068996452,0.0,4.76837158203125e-07,2.663161087212984e-07,6.868841557886978e-08,0.44050064450418586,0.0025201737880706787,0.009082436561584473,-0.7180176973342896,0.0,0.0,-0.5600000023841858,1.0,0.800000011920929,5.42242431640625,0.38944339752197266,1.0000000|0.0000000|0.0000000|0.0000000|0.0000000|0.0000000|0.0000000|0.0000000|0.0000000|0.0000000,0,1.0,14.239223369514612,0,0,0,0,0,
cross_town,Town02,mixed,9,96,4.8,-7.368211269378662,121.21024322509766,0.22167761623859406,90.1288070678711,0.0,500.0996068996452,0.0,4.76837158203125e-07,2.663161087212984e-07,1.0304471205498731e-07,0.44050064450418597,0.005511820316314697,0.012590110301971436,-0.1969052404165268,0.0,0.0,-0.47999998927116394,1.0,0.800000011920929,13.767046928405762,-0.3402531147003174,1.0000000|0.0000000|0.0000000|0.0000000|0.0000000|0.0000000|0.0000000|0.0000000|0.0000000|0.0000000,0,1.0,14.074612036088752,0,0,0,0,0,
cross_town,Town02,mixed,9,97,4.85,-7.368211269378662,121.21024322509766,0.22167761623859406,90.1288070678711,0.0,500.0996068996452,0.0,4.76837158203125e-07,2.663161087212984e-07,1.383040840958956e-06,0.4405006445040845,0.0025201737880706787,0.00908246636390686,-0.7180176973342896,0.0,0.0,-0.5600000023841858,1.0,0.800000011920929,5.422441482543945,0.38944363594055176,1.0000000|0.0000000|0.0000000|0.0000000|0.0000000|0.0000000|0.0000000|0.0000000|0.0000000|0.0000000,0,1.0,13.857665065579573,0,0,0,0,0,
cross_town,Town02,mixed,9,98,4.9,-7.368211269378662,121.21024322509766,0.22167761623859406,90.1288070678711,0.0,500.0996068996452,0.0,4.76837158203125e-07,2.663161087212984e-07,2.4034205127228273e-07,0.44050064450377857,0.005511850118637085,0.012590110301971436,-0.19690534472465515,0.0,0.0,-0.47999998927116394,1.0,0.800000011920929,13.767038345336914,-0.34025371074676514,1.0000000|0.0000000|0.0000000|0.0000000|0.0000000|0.0000000|0.0000000|0.0000000|0.0000000|0.0000000,0,1.0,13.697172430686855,0,0,0,0,0,
cross_town,Town02,mixed,9,99,4.95,-7.368211269378662,121.21024322509766,0.22167761623859406,90.1288070678711,0.0,500.0996068996452,0.0,4.76837158203125e-07,2.663161087212984e-07,1.2465744197632592e-06,0.44050064450377874,0.0025201737880706787,0.009082436561584473,-0.7180176973342896,0.0,0.0,-0.5600000023841858,1.0,0.800000011920929,5.422440528869629,0.3894438147544861,1.0000000|0.0000000|0.0000000|0.0000000|0.0000000|0.0000000|0.0000000|0.0000000|0.0000000|0.0000000,0,1.0,13.490385088612866,0,0,0,0,0,
cross_town,Town02,mixed,9,100,5.0,-7.368211269378662,121.21024322509766,0.22167761623859406,90.1288070678711,0.0,500.0996068996452,0.0,4.76837158203125e-07,2.663161087212984e-07,3.090104370437662e-07,0.44050064450378085,0.005511850118637085,0.012590080499649048,-0.19690552353858948,0.0,0.0,-0.47999998927116394,1.0,0.800000011920929,13.767049789428711,-0.3402528166770935,1.0000000|0.0000000|0.0000000|0.0000000|0.0000000|0.0000000|0.0000000|0.0000000|0.0000000|0.0000000,0,1.0,13.33402410144918,0,0,0,0,0,
cross_town,Town02,mixed,9,101,5.05,-7.368211269378662,121.21024322509766,0.22167761623859406,90.1288070678711,0.0,500.0996068996452,0.0,4.76837158203125e-07,2.663161087212984e-07,3.433763846719963e-07,0.4405006445040874,0.0025201737880706787,0.009082406759262085,-0.7180176377296448,0.0,0.0,-0.5600000023841858,1.0,0.800000011920929,5.422422409057617,0.38944417238235474,1.0000000|0.0000000|0.0000000|0.0000000|0.0000000|0.0000000|0.0000000|0.0000000|0.0000000|0.0000000,0,1.0,13.137335331068009,0,0,0,0,0,
cross_town,Town02,mixed,9,102,5.1,-7.368211269378662,121.21024322509766,0.22167761623859406,90.1288070678711,0.0,500.0996068996452,0.0,4.76837158203125e-07,2.663161087212984e-07,0.0,0.4405006445041857,0.005511820316314697,0.012590080499649048,-0.196905717253685,0.0,0.0,-0.47999998927116394,1.0,0.800000011920929,13.767071723937988,-0.3402531147003174,1.0000000|0.0000000|0.0000000|0.0000000|0.0000000|0.0000000|0.0000000|0.0000000|0.0000000|0.0000000,0,1.0,12.985202323165373,0,0,0,0,0,
cross_town,Town02,mixed,9,103,5.15,-7.368211269378662,121.21024322509766,0.22167761623859406,90.1288070678711,0.0,500.0996068996452,0.0,4.76837158203125e-07,2.663161087212984e-07,3.4354009486821146e-08,0.4405006445041858,0.0025201737880706787,0.009082436561584473,-0.7180176973342896,0.0,0.0,-0.5600000023841858,1.0,0.800000011920929,5.422425746917725,0.38944339752197266,1.0000000|0.0000000|0.0000000|0.0000000|0.0000000|0.0000000|0.0000000|0.0000000|0.0000000|0.0000000,0,1.0,12.797176887041458,0,0,0,0,0,
cross_town,Town02,mixed,9,104,5.2,-7.368211269378662,121.21024322509766,0.22167761623859406,90.1288070678711,0.0,500.0996068996452,0.0,4.76837158203125e-07,2.663161087212984e-07,6.871038038007398e-08,0.44050064450418597,0.005511820316314697,0.012590140104293823,-0.19690506160259247,0.0,0.0,-0.47999998927116394,1.0,0.800000011920929,13.767057418823242,-0.34025251865386963,1.0000000|0.0000000|0.0000000|0.0000000|0.0000000|0.0000000|0.0000000|0.0000000|0.0000000|0.0000000,0,1.0,12.648754115670895,0,0,0,0,0,
cross_town,Town02,mixed,9,105,5.25,-7.368211269378662,121.21024322509766,0.22167761623859406,90.1288070678711,0.0,500.0996068996452,0.0,4.76837158203125e-07,2.663161087212984e-07,1.0305400933037805e-07,0.44050064450418597,0.0025201737880706787,0.009082436561584473,-0.7180176973342896,0.0,0.0,-0.5600000023841858,1.0,0.800000011920929,5.422428607940674,0.3894433379173279,1.0000000|0.0000000|0.0000000|0.0000000|0.0000000|0.0000000|0.0000000|0.0000000|0.0000000|0.0000000,0,1.0,12.468617627437427,0,0,0,0,0,
cross_town,Town02,mixed,9,106,5.3,-7.368211269378662,121.21024322509766,0.22167761623859406,90.1288070678711,0.0,500.0996068996452,0.0,4.76837158203125e-07,2.663161087212984e-07,1.6289837540294426e-07,0.44050064450412846,0.005511820316314697,0.012590110301971436,-0.1969052404165268,0.0,0.0,-0.47999998927116394,1.0,0.800000011920929,13.767041206359863,-0.3402531147003174,1.0000000|0.0000000|0.0000000|0.0000000|0.0000000|0.0000000|0.0000000|0.0000000|0.0000000|0.0000000,0,1.0,12.323798310420413,0,0,0,0,0,
cross_town,Town02,mixed,9,107,5.35,-7.368211269378662,121.21024322509766,0.22167761623859406,90.1288070678711,0.0,500.0996068996452,0.0,4.76837158203125e-07,2.663161087212984e-07,1.7172626346728032e-07,0.4405006445039591,0.0025201737880706787,0.009082436561584473,-0.7180176973342896,0.0,0.0,-0.5600000023841858,1.0,0.800000011920929,5.422440052032471,0.3894439935684204,1.0000000|0.0000000|0.0000000|0.0000000|0.0000000|0.0000000|0.0000000|0.0000000|0.0000000|0.0000000,0,1.0,12.151456518226075,0,0,0,0,0,
cross_town,Town02,mixed,9,108,5.4,-7.368211269378662,121.21024322509766,0.22167761623859406,90.1288070678711,0.0,500.0996068996452,0.0,4.76837158203125e-07,2.663161087212984e-07,3.097307109535137e-07,0.4405006445041132,0.005511820316314697,0.012590110301971436,-0.19690527021884918,0.0,0.0,-0.47999998927116394,1.0,0.800000011920929,13.767044067382812,-0.3402528166770935,1.0000000|0.0000000|0.0000000|0.0000000|0.0000000|0.0000000|0.0000000|0.0000000|0.0000000|0.0000000,0,1.0,12.01029478624191,0,0,0,0,0,
cross_town,Town02,mixed,9,109,5.45,-7.368211269378662,121.21024322509766,0.22167761623859406,90.1288070678711,0.0,500.0996068996452,0.0,4.76837158203125e-07,2.663161087212984e-07,3.9890402354461666e-07,0.4405006445041564,0.0025201737880706787,0.009082406759262085,-0.7180176377296448,0.0,0.0,-0.5600000023841858,1.0,0.800000011920929,5.422422409057617,0.38944417238235474,1.0000000|0.0000000|0.0000000|0.0000000|0.0000000|0.0000000|0.0000000|0.0000000|0.0000000|0.0000000,0,1.0,11.84512126304072,0,0,0,0,0,
cross_town,Town02,mixed,9,110,5.5,-7.368211269378662,121.21024322509766,0.22167761623859406,90.1288070678711,0.0,500.0996068996452,0.0,4.76837158203125e-07,2.663161087212984e-07,1.1445603829794582e-06,0.4405006445036009,0.005511820316314697,0.012590080499649048,-0.196905717253685,0.0,0.0,-0.47999998927116394,1.0,0.800000011920929,13.767074584960938,-0.3402531147003174,1.0000000|0.0000000|0.0000000|0.0000000|0.0000000|0.0000000|0.0000000|0.0000000|0.0000000|0.0000000,0,1.0,11.70666510860802,0,0,0,0,0,
cross_town,Town02,mixed,9,111,5.55,-7.368211269378662,121.21024322509766,0.22167761623859406,90.1288070678711,0.0,500.0996068996452,0.0,4.76837158203125e-07,2.663161087212984e-07,3.434340464348782e-08,0.44050064450342497,0.0025201737880706787,0.009082406759262085,-0.7180176973342896,0.0,0.0,-0.5600000023841858,1.0,0.800000011920929,5.422427654266357,0.3894440531730652,1.0000000|0.0000000|0.0000000|0.0000000|0.0000000|0.0000000|0.0000000|0.0000000|0.0000000|0.0000000,0,1.0,11.54804594121368,0,0,0,0,0,
cross_town,Town02,mixed,9,112,5.6,-7.368211269378662,121.21024322509766,0.22167761623859406,90.1288070678711,0.0,500.0996068996452,0.0,4.76837158203125e-07,2.663161087212984e-07,6.869742084728254e-08,0.44050064450408827,0.005511820316314697,0.012590140104293823,-0.19690506160259247,0.0,0.0,-0.47999998927116394,1.0,0.800000011920929,13.767057418823242,-0.34025251865386963,1.0000000|0.0000000|0.0000000|0.0000000|0.0000000|0.0000000|0.0000000|0.0000000|0.0000000|0.0000000,0,1.0,11.412581665136079,0,0,0,0,0,
cross_town,Town02,mixed,9,113,5.65,-7.368211269378662,121.21024322509766,0.22167761623859406,90.1288070678711,0.0,500.0996068996452,0.0,4.76837158203125e-07,2.663161087212984e-07,1.0304309322666891e-07,0.44050064450418597,0.0025201737880706787,0.009082436561584473,-0.7180176973342896,0.0,0.0,-0.5600000023841858,1.0,0.800000011920929,5.422428607940674,0.3894433379173279,1.0000000|0.0000000|0.0000000|0.0000000|0.0000000|0.0000000|0.0000000|0.0000000|0.0000000|0.0000000,0,1.0,11.259982326399076,0,0,0,0,0,
cross_town,Town02,mixed,9,114,5.7,-7.368211269378662,121.21024322509766,0.22167761623859406,90.1288070678711,0.0,500.0996068996452,0.0,4.76837158203125e-07,2.663161087212984e-07,1.3740410956076154e-07,0.44050064450418597,0.005511820316314697,0.012590110301971436,-0.1969052404165268,0.0,0.0,-0.47999998927116394,1.0,0.800000011920929,13.767041206359863,-0.3402531147003174,1.0000000|0.0000000|0.0000000|0.0000000|0.0000000|0.0000000|0.0000000|0.0000000|0.0000000|0.0000000,0,1.0,11.127268171232137,0,0,0,0,0,
cross_town,Town02,mixed,9,115,5.75,-7.368211269378662,121.21024322509766,0.22167761623859406,90.1288070678711,0.0,500.0996068996452,0.0,4.76837158203125e-07,2.663161087212984e-07,2.0603929985789814e-07,0.44050064450418597,0.0025201737880706787,0.00908246636390686,-0.718017578125,0.0,0.0,-0.5600000023841858,1.0,0.800000011920929,5.4224443435668945,0.38944363594055176,1.0000000|0.0000000|0.0000000|0.0000000|0.0000000|0.0000000|0.0000000|0.0000000|0.0000000|0.0000000,0,1.0,10.980672954068524,0,0,0,0,0,
cross_town,Town02,mixed,9,116,5.8,-7.368211269378662,121.21024322509766,0.22167761623859406,90.1288070678711,0.0,500.0996068996452,0.0,4.76837158203125e-07,2.663161087212984e-07,3.3433239502946913e-07,0.4405006445041281,0.005511820316314697,0.012590110301971436,-0.1969052106142044,0.0,0.0,-0.47999998927116394,1.0,0.800000011920929,13.76704216003418,-0.3402528166770935,1.0000000|0.0000000|0.0000000|0.0000000|0.0000000|0.0000000|0.0000000|0.0000000|0.0000000|0.0000000,0,1.0,10.850756998256788,0,0,0,0,0,
cross_town,Town02,mixed,9,117,5.85,-7.368211269378662,121.21024322509766,0.22167761623859406,90.1288070678711,0.0,500.0996068996452,0.0,4.76837158203125e-07,2.663161087212984e-07,4.1200733639409115e-07,0.4405006445039556,0.0025201737880706787,0.009082406759262085,-0.7180176377296448,0.0,0.0,-0.5600000023841858,1.0,0.800000011920929,5.422422409057617,0.38944417238235474,1.0000000|0.0000000|0.0000000|0.0000000|0.0000000|0.0000000|0.0000000|0.0000000|0.0000000|0.0000000,0,1.0,10.70999939921707,0,0,0,0,0,
cross_town,Town02,mixed,9,118,5.9,-7.368211269378662,121.21024322509766,0.22167761623859406,90.1288070678711,0.0,500.0996068996452,0.0,4.76837158203125e-07,2.663161087212984e-07,4.4636154762298027e-07,0.4405006445041278,0.005511820316314697,0.012590080499649048,-0.196905717253685,0.0,0.0,-0.47999998927116394,1.0,0.800000011920929,13.767071723937988,-0.3402531147003174,1.0000000|0.0000000|0.0000000|0.0000000|0.0000000|0.0000000|0.0000000|0.0000000|0.0000000|0.0000000,0,1.0,10.581947884695275,0,0,0,0,0,
cross_town,Town02,mixed,9,119,5.95,-7.368211269378662,121.21024322509766,0.22167761623859406,90.1288070678711,0.0,500.0996068996452,0.0,4.76837158203125e-07,2.663161087212984e-07,3.4336471954751436e-08,0.44050064450418575,0.0025201737880706787,0.009082406759262085,-0.7180176377296448,0.0,0.0,-0.5600000023841858,1.0,0.800000011920929,5.422421932220459,0.38944417238235474,1.0000000|0.0000000|0.0000000|0.0000000|0.0000000|0.0000000|0.0000000|0.0000000|0.0000000|0.0000000,0,1.0,10.447357616726924,0,0,0,0,0,
cross_town,Town02,mixed,9,120,6.0,-7.368211269378662,121.21024322509766,0.22167761623859406,90.1288070678711,0.0,500.0996068996452,0.0,4.76837158203125e-07,2.663161087212984e-07,6.868670448264654e-08,0.4405006445041858,0.005511820316314697,0.012590140104293823,-0.19690506160259247,0.0,0.0,-0.47999998927116394,1.0,0.800000011920929,13.767057418823242,-0.34025251865386963,1.0000000|0.0000000|0.0000000|0.0000000|0.0000000|0.0000000|0.0000000|0.0000000|0.0000000|0.0000000,0,1.0,10.321255827390878,0,0,0,0,0,
cross_town,Town02,mixed,9,121,6.05,-7.368211269378662,121.21024322509766,0.22167761623859406,90.1288070678711,0.0,500.0996068996452,0.0,4.76837158203125e-07,2.663161087212984e-07,1.0303343067183886e-07,0.44050064450418597,0.0025201737880706787,0.009082436561584473,-0.7180176973342896,0.0,0.0,-0.5600000023841858,1.0,0.800000011920929,5.422428607940674,0.3894433379173279,1.0000000|0.0000000|0.0000000|0.0000000|0.0000000|0.0000000|0.0000000|0.0000000|0.0000000|0.0000000,0,1.0,10.192451725721588,0,0,0,0,0,
cross_town,Town02,mixed,9,122,6.1,-7.368211269378662,121.21024322509766,0.22167761623859406,90.1288070678711,0.0,500.0996068996452,0.0,4.76837158203125e-07,2.663161087212984e-07,2.060098609762904e-07,0.44050064450418597,0.005511820316314697,0.012590110301971436,-0.1969052404165268,0.0,0.0,-0.47999998927116394,1.0,0.800000011920929,13.767041206359863,-0.3402531147003174,1.0000000|0.0000000|0.0000000|0.0000000|0.0000000|0.0000000|0.0000000|0.0000000|0.0000000|0.0000000,0,1.0,10.068151837941494,0,0,0,0,0,
cross_town,Town02,mixed,9,123,6.15,-7.368211269378662,121.21024322509766,0.22167761623859406,90.1288070678711,0.0,500.0996068996452,0.0,4.76837158203125e-07,2.663161087212984e-07,3.090284836772982e-07,0.44050064450418597,0.0025201737880706787,0.009082436561584473,-0.7180176973342896,0.0,0.0,-0.5600000023841858,1.0,0.800000011920929,5.422440052032471,0.3894439935684204,1.0000000|0.0000000|0.0000000|0.0000000|0.0000000|0.0000000|0.0000000|0.0000000|0.0000000|0.0000000,0,1.0,9.9439403689579,0,0,0,0,0,
cross_town,Town02,mixed,9,124,6.2,-7.368211269378662,121.21024322509766,0.22167761623859406,90.1288070678711,0.0,500.0996068996452,0.0,4.76837158203125e-07,2.663161087212984e-07,3.7766742879504477e-07,0.44050064450418586,0.005511820316314697,0.012590080499649048,-0.196905717253685,0.0,0.0,-0.47999998927116394,1.0,0.800000011920929,13.767068862915039,-0.3402531147003174,1.0000000|0.0000000|0.0000000|0.0000000|0.0000000|0.0000000|0.0000000|0.0000000|0.0000000|0.0000000,0,1.0,9.822388869296805,0,0,0,0,0,
cross_town,Town02,mixed,9,125,6.25,-7.368211269378662,121.21024322509766,0.22167761623859406,90.1288070678711,0.0,500.0996068996452,0.0,4.76837158203125e-07,2.663161087212984e-07,4.120060557715072e-07,0.4405006445041859,0.0025201737880706787,0.009082406759262085,-0.7180176377296448,0.0,0.0,-0.5600000023841858,1.0,0.800000011920929,5.422414779663086,0.38944417238235474,1.0000000|0.0000000|0.0000000|0.0000000|0.0000000|0.0000000|0.0000000|0.0000000|0.0000000|0.0000000,0,1.0,9.701929401358322,0,0,0,0,0,
cross_town,Town02,mixed,9,126,6.3,-7.368211269378662,121.21024322509766,0.22167761623859406,90.1288070678711,0.0,500.0996068996452,0.0,4.76837158203125e-07,2.663161087212984e-07,4.467687705812639e-07,0.44050064450418513,0.005511820316314697,0.012590080499649048,-0.196905717253685,0.0,0.0,-0.47999998927116394,1.0,0.800000011920929,13.767071723937988,-0.3402531147003174,1.0000000|0.0000000|0.0000000|0.0000000|0.0000000|0.0000000|0.0000000|0.0000000|0.0000000|0.0000000,0,1.0,9.583474442993989,0,0,0,0,0,
cross_town,Town02,mixed,9,127,6.35,-7.368211269378662,121.21024322509766,0.22167761623859406,90.1288070678711,0.0,500.0996068996452,0.0,4.76837158203125e-07,2.663161087212984e-07,4.64210566808674e-07,0.4405006445041548,0.0025201737880706787,0.009082406759262085,-0.7180176377296448,0.0,0.0,-0.5600000023841858,1.0,0.800000011920929,5.422421932220459,0.38944417238235474,1.0000000|0.0000000|0.0000000|0.0000000|0.0000000|0.0000000|0.0000000|0.0000000|0.0000000|0.0000000,0,1.0,9.466138740566713,0,0,0,0,0,
cross_town,Town02,mixed,9,128,6.4,-7.368211269378662,121.21024322509766,0.22167761623859406,90.1288070678711,0.0,500.0996068996452,0.0,4.76837158203125e-07,2.663161087212984e-07,3.435020117843817e-08,0.4405006445039815,0.005511820316314697,0.012590080499649048,-0.19690564274787903,0.0,0.0,-0.47999998927116394,1.0,0.800000011920929,13.767087936401367,-0.3402528762817383,1.0000000|0.0000000|0.0000000|0.0000000|0.0000000|0.0000000|0.0000000|0.0000000|0.0000000|0.0000000,0,1.0,9.350427974467232,0,0,0,0,0,
cross_town,Town02,mixed,9,129,6.45,-7.368211269378662,121.21024322509766,0.22167761623859406,90.1288070678711,0.0,500.0996068996452,0.0,4.76837158203125e-07,2.663161087212984e-07,6.869830912927518e-08,0.4405006445041256,0.0025201737880706787,0.009082436561584473,-0.7180176973342896,0.0,0.0,-0.5600000023841858,1.0,0.800000011920929,5.42242431640625,0.38944339752197266,1.0000000|0.0000000|0.0000000|0.0000000|0.0000000|0.0000000|0.0000000|0.0000000|0.0000000|0.0000000,0,1.0,9.236321458595913,0,0,0,0,0,
cross_town,Town02,mixed,9,130,6.5,-7.368211269378662,121.21024322509766,0.22167761623859406,90.1288070678711,0.0,500.0996068996452,0.0,4.76837158203125e-07,2.663161087212984e-07,1.0305709045814779e-07,0.44050064450418597,0.005511820316314697,0.012590110301971436,-0.1969052404165268,0.0,0.0,-0.47999998927116394,1.0,0.800000011920929,13.767046928405762,-0.3402531147003174,1.0000000|0.0000000|0.0000000|0.0000000|0.0000000|0.0000000|0.0000000|0.0000000|0.0000000|0.0000000,0,1.0,9.123349931434387,0,0,0,0,0,
cross_town,Town02,mixed,9,131,6.55,-7.368211269378662,121.21024322509766,0.22167761623859406,90.1288070678711,0.0,500.0996068996452,0.0,4.76837158203125e-07,2.663161087212984e-07,1.4173121293144072e-06,0.44050064450408244,0.0025201737880706787,0.00908246636390686,-0.7180176973342896,0.0,0.0,-0.5600000023841858,1.0,0.800000011920929,5.422441482543945,0.38944363594055176,1.0000000|0.0000000|0.0000000|0.0000000|0.0000000|0.0000000|0.0000000|0.0000000|0.0000000|0.0000000,0,1.0,9.0118427281773,0,0,0,0,0,
cross_town,Town02,mixed,9,132,6.6,-7.368211269378662,121.21024322509766,0.22167761623859406,90.1288070678711,0.0,500.0996068996452,0.0,4.76837158203125e-07,2.663161087212984e-07,1.3742953343473424e-07,0.4405006445037688,0.005511850118637085,0.012590110301971436,-0.19690540432929993,0.0,0.0,-0.47999998927116394,1.0,0.800000011920929,13.767046928405762,-0.34025323390960693,1.0000000|0.0000000|0.0000000|0.0000000|0.0000000|0.0000000|0.0000000|0.0000000|0.0000000|0.0000000,0,1.0,8.901672823342189,0,0,0,0,0,
cross_town,Town02,mixed,9,133,6.65,-7.368211269378662,121.21024322509766,0.22167761623859406,90.1288070678711,0.0,500.0996068996452,0.0,4.76837158203125e-07,2.663161087212984e-07,2.725513945831608e-07,0.44050064450417786,0.0025201737880706787,0.00908246636390686,-0.718017578125,0.0,0.0,-0.5600000023841858,1.0,0.800000011920929,5.4224443435668945,0.38944363594055176,1.0000000|0.0000000|0.0000000|0.0000000|0.0000000|0.0000000|0.0000000|0.0000000|0.0000000|0.0000000,0,1.0,8.792804453420189,0,0,0,0,0,
cross_town,Town02,mixed,9,134,6.7,-7.368211269378662,121.21024322509766,0.22167761623859406,90.1288070678711,0.0,500.0996068996452,0.0,4.76837158203125e-07,2.663161087212984e-07,3.433439314138533e-07,0.44050064450395404,0.005511820316314697,0.012590080499649048,-0.196905717253685,0.0,0.0,-0.47999998927116394,1.0,0.800000011920929,13.76707649230957,-0.3402531147003174,1.0000000|0.0000000|0.0000000|0.0000000|0.0000000|0.0000000|0.0000000|0.0000000|0.0000000|0.0000000,0,1.0,8.6852080997654,0,0,0,0,0,
cross_town,Town02,mixed,9,135,6.75,-7.368211269378662,121.21024322509766,0.22167761623859406,90.1288070678711,0.0,500.0996068996452,0.0,4.76837158203125e-07,2.663161087212984e-07,3.776837942653883e-07,0.4405006445041275,0.0025201737880706787,0.009082406759262085,-0.7180176377296448,0.0,0.0,-0.5600000023841858,1.0,0.800000011920929,5.422422409057617,0.38944417238235474,1.0000000|0.0000000|0.0000000|0.0000000|0.0000000|0.0000000|0.0000000|0.0000000|0.0000000|0.0000000,0,1.0,8.5788542126281,0,0,0,0,0,
cross_town,Town02,mixed,9,136,6.8,-7.368211269378662,121.21024322509766,0.22167761623859406,90.1288070678711,0.0,500.0996068996452,0.0,4.76837158203125e-07,2.663161087212984e-07,3.4339904499018824e-08,0.44050064450418586,0.005511820316314697,0.012590080499649048,-0.196905717253685,0.0,0.0,-0.47999998927116394,1.0,0.800000011920929,13.767074584960938,-0.3402531147003174,1.0000000|0.0000000|0.0000000|0.0000000|0.0000000|0.0000000|0.0000000|0.0000000|0.0000000|0.0000000,0,1.0,8.473715374198502,0,0,0,0,0,
cross_town,Town02,mixed,9,137,6.85,-7.368211269378662,121.21024322509766,0.22167761623859406,90.1288070678711,0.0,500.0996068996452,0.0,4.76837158203125e-07,2.663161087212984e-07,6.86884155732451e-08,0.44050064450418586,0.0025201737880706787,0.009082436561584473,-0.7180176973342896,0.0,0.0,-0.5600000023841858,1.0,0.800000011920929,5.42242431640625,0.38944339752197266,1.0000000|0.0000000|0.0000000|0.0000000|0.0000000|0.0000000|0.0000000|0.0000000|0.0000000|0.0000000,0,1.0,8.369763050759913,0,0,0,0,0,
cross_town,Town02,mixed,9,138,6.9,-7.368211269378662,121.21024322509766,0.22167761623859406,90.1288070678711,0.0,500.0996068996452,0.0,4.76837158203125e-07,2.663161087212984e-07,1.0304471205560315e-07,0.44050064450418597,0.005511820316314697,0.012590110301971436,-0.1969052404165268,0.0,0.0,-0.47999998927116394,1.0,0.800000011920929,13.767046928405762,-0.3402531147003174,1.0000000|0.0000000|0.0000000|0.0000000|0.0000000|0.0000000|0.0000000|0.0000000|0.0000000|0.0000000,0,1.0,8.26697054965975,0,0,0,0,0,
cross_town,Town02,mixed,9,139,6.95,-7.368211269378662,121.21024322509766,0.22167761623859406,90.1288070678711,0.0,500.0996068996452,0.0,4.76837158203125e-07,2.663161087212984e-07,1.3738799855384277e-07,0.44050064450418597,0.0025201737880706787,0.00908246636390686,-0.7180176973342896,0.0,0.0,-0.5600000023841858,1.0,0.800000011920929,5.422441482543945,0.38944363594055176,1.0000000|0.0000000|0.0000000|0.0000000|0.0000000|0.0000000|0.0000000|0.0000000|0.0000000|0.0000000,0,1.0,8.165473416298903,0,0,0,0,0,
cross_town,Town02,mixed,9,140,7.0,-7.368211269378662,121.21024322509766,0.22167761623859406,90.1288070678711,0.0,500.0996068996452,0.0,4.76837158203125e-07,2.663161087212984e-07,2.746779751617199e-07,0.44050064450418597,0.005511820316314697,0.012590110301971436,-0.19690527021884918,0.0,0.0,-0.47999998927116394,1.0,0.800000011920929,13.767038345336914,-0.3402528166770935,1.0000000|0.0000000|0.0000000|0.0000000|0.0000000|0.0000000|0.0000000|0.0000000|0.0000000|0.0000000,0,1.0,8.06484777985977,0,0,0,0,0,
cross_town,Town02,mixed,9,141,7.05,-7.368211269378662,121.21024322509766,0.22167761623859406,90.1288070678711,0.0,500.0996068996452,0.0,4.76837158203125e-07,2.663161087212984e-07,1.178534902076565e-06,0.4405006445040836,0.0025201737880706787,0.009082406759262085,-0.7180178165435791,0.0,0.0,-0.5600000023841858,1.0,0.800000011920929,5.422423362731934,0.3894439935684204,1.0000000|0.0000000|0.0000000|0.0000000|0.0000000|0.0000000|0.0000000|0.0000000|0.0000000|0.0000000,0,1.0,7.965390341486023,0,0,0,0,0,
cross_town,Town02,mixed,9,142,7.1,-7.368211269378662,121.21024322509766,0.22167761623859406,90.1288070678711,0.0,500.0996068996452,0.0,4.76837158203125e-07,2.663161087212984e-07,4.120084487616344e-07,0.44050064450377885,0.005511850118637085,0.012590080499649048,-0.19690552353858948,0.0,0.0,-0.47999998927116394,1.0,0.800000011920929,13.767023086547852,-0.3402528166770935,1.0000000|0.0000000|0.0000000|0.0000000|0.0000000|0.0000000|0.0000000|0.0000000|0.0000000|0.0000000,0,1.0,7.866996260728713,0,0,0,0,0,
cross_town,Town02,mixed,9,143,7.15,-7.368211269378662,121.21024322509766,0.22167761623859406,90.1288070678711,0.0,500.0996068996452,0.0,4.76837158203125e-07,2.663161087212984e-07,4.4677703434430563e-07,0.44050064450410237,0.0025201737880706787,0.009082406759262085,-0.7180176377296448,0.0,0.0,-0.5600000023841858,1.0,0.800000011920929,5.422417640686035,0.38944417238235474,1.0000000|0.0000000|0.0000000|0.0000000|0.0000000|0.0000000|0.0000000|0.0000000|0.0000000|0.0000000,0,1.0,7.769639838498281,0,0,0,0,0,
cross_town,Town02,mixed,9,144,7.2,-7.368211269378662,121.21024322509766,0.22167761623859406,90.1288070678711,0.0,500.0996068996452,0.0,4.76837158203125e-07,2.663161087212984e-07,0.0,0.4405006445041811,0.005511820316314697,0.012590080499649048,-0.1969054937362671,0.0,0.0,-0.47999998927116394,1.0,0.800000011920929,13.767064094543457,-0.34025299549102783,1.0000000|0.0000000|0.0000000|0.0000000|0.0000000|0.0000000|0.0000000|0.0000000|0.0000000|0.0000000,0,1.0,7.673298089454501,0,0,0,0,0,
cross_town,Town02,mixed,9,145,7.25,-7.368211269378662,121.21024322509766,0.22167761623859406,90.1288070678711,0.0,500.0996068996452,0.0,4.76837158203125e-07,2.663161087212984e-07,3.435400949331763e-08,0.44050064450418436,0.0025201737880706787,0.009082436561584473,-0.7180176973342896,0.0,0.0,-0.5600000023841858,1.0,0.800000011920929,5.422425746917725,0.38944339752197266,1.0000000|0.0000000|0.0000000|0.0000000|0.0000000|0.0000000|0.0000000|0.0000000|0.0000000|0.0000000,0,1.0,7.5779481170905125,0,0,0,0,0,
cross_town,Town02,mixed,9,146,7.3,-7.368211269378662,121.21024322509766,0.22167761623859406,90.1288070678711,0.0,500.0996068996452,0.0,4.76837158203125e-07,2.663161087212984e-07,6.871038040911844e-08,0.44050064450418597,0.005511820316314697,0.012590140104293823,-0.19690506160259247,0.0,0.0,-0.47999998927116394,1.0,0.800000011920929,13.767057418823242,-0.34025251865386963,1.0000000|0.0000000|0.0000000|0.0000000|0.0000000|0.0000000|0.0000000|0.0000000|0.0000000|0.0000000,0,1.0,7.48357005244471,0,0,0,0,0,
cross_town,Town02,mixed,9,147,7.35,-7.368211269378662,121.21024322509766,0.22167761623859406,90.1288070678711,0.0,500.0996068996452,0.0,4.76837158203125e-07,2.663161087212984e-07,1.0305400935628164e-07,0.44050064450418597,0.0025201737880706787,0.009082436561584473,-0.7180176973342896,0.0,0.0,-0.5600000023841858,1.0,0.800000011920929,5.422428607940674,0.3894433379173279,1.0000000|0.0000000|0.0000000|0.0000000|0.0000000|0.0000000|0.0000000|0.0000000|0.0000000|0.0000000,0,1.0,7.390146390629108,0,0,0,0,0,
cross_town,Town02,mixed,9,148,7.4,-7.368211269378662,121.21024322509766,0.22167761623859406,90.1288070678711,0.0,500.0996068996452,0.0,4.76837158203125e-07,2.663161087212984e-07,1.3856885515538314e-07,0.44050064450418497,0.005511820316314697,0.012590110301971436,-0.1969052404165268,0.0,0.0,-0.47999998927116394,1.0,0.800000011920929,13.767041206359863,-0.3402531147003174,1.0000000|0.0000000|0.0000000|0.0000000|0.0000000|0.0000000|0.0000000|0.0000000|0.0000000|0.0000000,0,1.0,7.297653482395545,0,0,0,0,0,
cross_town,Town02,mixed,9,149,7.45,-7.368211269378662,121.21024322509766,0.22167761623859406,90.1288070678711,0.0,500.0996068996452,0.0,4.76837158203125e-07,2.663161087212984e-07,2.0604544881596304e-07,0.4405006445041821,0.0025201737880706787,0.00908246636390686,-0.718017578125,0.0,0.0,-0.5600000023841858,1.0,0.800000011920929,5.4224443435668945,0.38944363594055176,1.0000000|0.0000000|0.0000000|0.0000000|0.0000000|0.0000000|0.0000000|0.0000000|0.0000000|0.0000000,0,1.0,7.206069522485085,0,0,0,0,0,
cross_town,Town02,mixed,9,150,7.5,-7.368211269378662,121.21024322509766,0.22167761623859406,90.1288070678711,0.0,500.0996068996452,0.0,4.76837158203125e-07,2.663161087212984e-07,3.0906617829121263e-07,0.44050064450418447,0.005511820316314697,0.012590110301971436,-0.1969052106142044,0.0,0.0,-0.47999998927116394,1.0,0.800000011920929,13.76704216003418,-0.3402528166770935,1.0000000|0.0000000|0.0000000|0.0000000|0.0000000|0.0000000|0.0000000|0.0000000|0.0000000|0.0000000,0,1.0,7.115380147680833,0,0,0,0,0,
cross_town,Town02,mixed,9,151,7.55,-7.368211269378662,121.21024322509766,0.22167761623859406,90.1288070678711,0.0,500.0996068996452,0.0,4.76837158203125e-07,2.663161087212984e-07,1.110458739529744e-06,0.44050064450407594,0.0025201737880706787,0.009082406759262085,-0.7180176377296448,0.0,0.0,-0.5600000023841858,1.0,0.800000011920929,5.422422409057617,0.38944417238235474,1.0000000|0.0000000|0.0000000|0.0000000|0.0000000|0.0000000|0.0000000|0.0000000|0.0000000|0.0000000,0,1.0,7.0255682013668235,0,0,0,0,0,
cross_town,Town02,mixed,9,152,7.6,-7.368211269378662,121.21024322509766,0.22167761623859406,90.1288070678711,0.0,500.0996068996452,0.0,4.76837158203125e-07,2.663161087212984e-07,4.806707844813563e-07,0.4405006445037724,0.005511850118637085,0.012590110301971436,-0.1969054639339447,0.0,0.0,-0.47999998927116394,1.0,0.800000011920929,13.767051696777344,-0.3402528166770935,1.0000000|0.0000000|0.0000000|0.0000000|0.0000000|0.0000000|0.0000000|0.0000000|0.0000000|0.0000000,0,1.0,6.936613673517727,0,0,0,0,0,
cross_town,Town02,mixed,9,153,7.65,-7.368211269378662,121.21024322509766,0.22167761623859406,90.1288070678711,0.0,500.0996068996452,0.0,4.76837158203125e-07,2.663161087212984e-07,3.4343404632040787e-08,0.44050064450407916,0.0025201737880706787,0.009082406759262085,-0.7180176377296448,0.0,0.0,-0.5600000023841858,1.0,0.800000011920929,5.422425270080566,0.38944417238235474,1.0000000|0.0000000|0.0000000|0.0000000|0.0000000|0.0000000|0.0000000|0.0000000|0.0000000|0.0000000,0,1.0,6.848431944840607,0,0,0,0,0,
cross_town,Town02,mixed,9,154,7.7,-7.368211269378662,121.21024322509766,0.22167761623859406,90.1288070678711,0.0,500.0996068996452,0.0,4.76837158203125e-07,2.663161087212984e-07,6.869742084597324e-08,0.4405006445041859,0.005511820316314697,0.012590140104293823,-0.19690506160259247,0.0,0.0,-0.47999998927116394,1.0,0.800000011920929,13.767057418823242,-0.34025251865386963,1.0000000|0.0000000|0.0000000|0.0000000|0.0000000|0.0000000|0.0000000|0.0000000|0.0000000|0.0000000,0,1.0,6.7611736851457165,0,0,0,0,0,
cross_town,Town02,mixed,9,155,7.75,-7.368211269378662,121.21024322509766,0.22167761623859406,90.1288070678711,0.0,500.0996068996452,0.0,4.76837158203125e-07,2.663161087212984e-07,1.0304309322095949e-07,0.44050064450418597,0.0025201737880706787,0.009082436561584473,-0.7180176973342896,0.0,0.0,-0.5600000023841858,1.0,0.800000011920929,5.422428607940674,0.3894433379173279,1.0000000|0.0000000|0.0000000|0.0000000|0.0000000|0.0000000|0.0000000|0.0000000|0.0000000|0.0000000,0,1.0,6.674687715519182,0,0,0,0,0,
cross_town,Town02,mixed,9,156,7.8,-7.368211269378662,121.21024322509766,0.22167761623859406,90.1288070678711,0.0,500.0996068996452,0.0,4.76837158203125e-07,2.663161087212984e-07,1.6308975972007492e-07,0.440500644504128,0.005511820316314697,0.012590110301971436,-0.1969052404165268,0.0,0.0,-0.47999998927116394,1.0,0.800000011920929,13.767041206359863,-0.3402531147003174,1.0000000|0.0000000|0.0000000|0.0000000|0.0000000|0.0000000|0.0000000|0.0000000|0.0000000|0.0000000,0,1.0,6.588994100864171,0,0,0,0,0,
cross_town,Town02,mixed,9,157,7.85,-7.368211269378662,121.21024322509766,0.22167761623859406,90.1288070678711,0.0,500.0996068996452,0.0,4.76837158203125e-07,2.663161087212984e-07,2.0601568270426639e-07,0.44050064450395543,0.0025201737880706787,0.009082436561584473,-0.7180176973342896,0.0,0.0,-0.5600000023841858,1.0,0.800000011920929,5.422440052032471,0.3894439935684204,1.0000000|0.0000000|0.0000000|0.0000000|0.0000000|0.0000000|0.0000000|0.0000000|0.0000000|0.0000000,0,1.0,6.504077635031094,0,0,0,0,0,
cross_town,Town02,mixed,9,158,7.9,-7.368211269378662,121.21024322509766,0.22167761623859406,90.1288070678711,0.0,500.0996068996452,0.0,4.76837158203125e-07,2.663161087212984e-07,3.3455298813759614e-07,0.44050064450395476,0.005511820316314697,0.012590110301971436,-0.1969052106142044,0.0,0.0,-0.47999998927116394,1.0,0.800000011920929,13.76704216003418,-0.3402528166770935,1.0000000|0.0000000|0.0000000|0.0000000|0.0000000|0.0000000|0.0000000|0.0000000|0.0000000|0.0000000,0,1.0,6.4198577149471765,0,0,0,0,0,
cross_town,Town02,mixed,9,159,7.95,-7.368211269378662,121.21024322509766,0.22167761623859406,90.1288070678711,0.0,500.0996068996452,0.0,4.76837158203125e-07,2.663161087212984e-07,3.4334492041820315e-07,0.440500644503954,0.0025201737880706787,0.009082406759262085,-0.7180176377296448,0.0,0.0,-0.5600000023841858,1.0,0.800000011920929,5.422422409057617,0.38944417238235474,1.0000000|0.0000000|0.0000000|0.0000000|0.0000000|0.0000000|0.0000000|0.0000000|0.0000000|0.0000000,0,1.0,6.336478642783886,0,0,0,0,0,
cross_town,Town02,mixed,9,160,8.0,-7.368211269378662,121.21024322509766,0.22167761623859406,90.1288070678711,0.0,500.0996068996452,0.0,4.76837158203125e-07,2.663161087212984e-07,3.7770464368565375e-07,0.44050064450412696,0.005511820316314697,0.012590080499649048,-0.196905717253685,0.0,0.0,-0.47999998927116394,1.0,0.800000011920929,13.767071723937988,-0.3402531147003174,1.0000000|0.0000000|0.0000000|0.0000000|0.0000000|0.0000000|0.0000000|0.0000000|0.0000000|0.0000000,0,1.0,6.253800916336476,0,0,0,0,0,
cross_town,Town02,mixed,9,161,8.05,-7.368211269378662,121.21024322509766,0.22167761623859406,90.1288070678711,0.0,500.0996068996452,0.0,4.76837158203125e-07,2.663161087212984e-07,3.433647195394881e-08,0.4405006445041857,0.0025201737880706787,0.009082406759262085,-0.7180176377296448,0.0,0.0,-0.5600000023841858,1.0,0.800000011920929,5.422414779663086,0.38944417238235474,1.0000000|0.0000000|0.0000000|0.0000000|0.0000000|0.0000000|0.0000000|0.0000000|0.0000000|0.0000000,0,1.0,6.171841930444696,0,0,0,0,0,
cross_town,Town02,mixed,9,162,8.1,-7.368211269378662,121.21024322509766,0.22167761623859406,90.1288070678711,0.0,500.0996068996452,0.0,4.76837158203125e-07,2.663161087212984e-07,6.868670447750033e-08,0.4405006445041858,0.005511820316314697,0.012590140104293823,-0.19690506160259247,0.0,0.0,-0.47999998927116394,1.0,0.800000011920929,13.767057418823242,-0.34025251865386963,1.0000000|0.0000000|0.0000000|0.0000000|0.0000000|0.0000000|0.0000000|0.0000000|0.0000000|0.0000000,0,1.0,6.090527714684606,0,0,0,0,0,
cross_town,Town02,mixed,9,163,8.15,-7.368211269378662,121.21024322509766,0.22167761623859406,90.1288070678711,0.0,500.0996068996452,0.0,4.76837158203125e-07,2.663161087212984e-07,1.0303343065615316e-07,0.44050064450418597,0.0025201737880706787,0.009082436561584473,-0.7180176973342896,0.0,0.0,-0.5600000023841858,1.0,0.800000011920929,5.422428607940674,0.3894433379173279,1.0000000|0.0000000|0.0000000|0.0000000|0.0000000|0.0000000|0.0000000|0.0000000|0.0000000|0.0000000,0,1.0,6.009996494975415,0,0,0,0,0,
cross_town,Town02,mixed,9,164,8.2,-7.368211269378662,121.21024322509766,0.22167761623859406,90.1288070678711,0.0,500.0996068996452,0.0,4.76837158203125e-07,2.663161087212984e-07,1.373920217829938e-07,0.44050064450418597,0.005511820316314697,0.012590110301971436,-0.1969052404165268,0.0,0.0,-0.47999998927116394,1.0,0.800000011920929,13.767041206359863,-0.3402531147003174,1.0000000|0.0000000|0.0000000|0.0000000|0.0000000|0.0000000|0.0000000|0.0000000|0.0000000|0.0000000,0,1.0,5.930112923355727,0,0,0,0,0,
cross_town,Town02,mixed,9,165,8.25,-7.368211269378662,121.21024322509766,0.22167761623859406,90.1288070678711,0.0,500.0996068996452,0.0,4.76837158203125e-07,2.663161087212984e-07,2.060747577361901e-07,0.44050064450418586,0.0025201737880706787,0.00908246636390686,-0.718017578125,0.0,0.0,-0.5600000023841858,1.0,0.800000011920929,5.4224443435668945,0.38944363594055176,1.0000000|0.0000000|0.0000000|0.0000000|0.0000000|0.0000000|0.0000000|0.0000000|0.0000000|0.0000000,0,1.0,5.850838878175631,0,0,0,0,0,
cross_town,Town02,mixed,9,166,8.3,-7.368211269378662,121.21024322509766,0.22167761623859406,90.1288070678711,0.0,500.0996068996452,0.0,4.76837158203125e-07,2.663161087212984e-07,3.0900968993125774e-07,0.4405006445041858,0.005511820316314697,0.012590110301971436,-0.1969052106142044,0.0,0.0,-0.47999998927116394,1.0,0.800000011920929,13.76704216003418,-0.3402528166770935,1.0000000|0.0000000|0.0000000|0.0000000|0.0000000|0.0000000|0.0000000|0.0000000|0.0000000|0.0000000,0,1.0,5.772306685862606,0,0,0,0,0,
cross_town,Town02,mixed,9,167,8.35,-7.368211269378662,121.21024322509766,0.22167761623859406,90.1288070678711,0.0,500.0996068996452,0.0,4.76837158203125e-07,2.663161087212984e-07,4.463617295938662e-07,0.4405006445041858,0.0025201737880706787,0.009082406759262085,-0.7180176377296448,0.0,0.0,-0.5600000023841858,1.0,0.800000011920929,5.422422409057617,0.38944417238235474,1.0000000|0.0000000|0.0000000|0.0000000|0.0000000|0.0000000|0.0000000|0.0000000|0.0000000|0.0000000,0,1.0,5.694388632332876,0,0,0,0,0,
cross_town,Town02,mixed,9,168,8.4,-7.368211269378662,121.21024322509766,0.22167761623859406,90.1288070678711,0.0,500.0996068996452,0.0,4.76837158203125e-07,2.663161087212984e-07,4.6446452658232713e-07,0.4405006445041334,0.005511820316314697,0.012590080499649048,-0.1969054937362671,0.0,0.0,-0.47999998927116394,1.0,0.800000011920929,13.767064094543457,-0.34025299549102783,1.0000000|0.0000000|0.0000000|0.0000000|0.0000000|0.0000000|0.0000000|0.0000000|0.0000000|0.0000000,0,1.0,5.6171045480991495,0,0,0,0,0,
cross_town,Town02,mixed,9,169,8.45,-7.368211269378662,121.21024322509766,0.22167761623859406,90.1288070678711,0.0,500.0996068996452,0.0,4.76837158203125e-07,2.663161087212984e-07,4.644798607426544e-07,0.4405006445041305,0.0025201737880706787,0.009082406759262085,-0.7180176377296448,0.0,0.0,-0.5600000023841858,1.0,0.800000011920929,5.422425270080566,0.38944417238235474,1.0000000|0.0000000|0.0000000|0.0000000|0.0000000|0.0000000|0.0000000|0.0000000|0.0000000|0.0000000,0,1.0,5.540441612765856,0,0,0,0,0,
cross_town,Town02,mixed,9,170,8.5,-7.368211269378662,121.21024322509766,0.22167761623859406,90.1288070678711,0.0,500.0996068996452,0.0,4.76837158203125e-07,2.663161087212984e-07,3.435020117884845e-08,0.44050064450412496,0.005511820316314697,0.012590080499649048,-0.19690564274787903,0.0,0.0,-0.47999998927116394,1.0,0.800000011920929,13.767087936401367,-0.3402528762817383,1.0000000|0.0000000|0.0000000|0.0000000|0.0000000|0.0000000|0.0000000|0.0000000|0.0000000|0.0000000,0,1.0,5.464392765259792,0,0,0,0,0,
cross_town,Town02,mixed,9,171,8.55,-7.368211269378662,121.21024322509766,0.22167761623859406,90.1288070678711,0.0,500.0996068996452,0.0,4.76837158203125e-07,2.663161087212984e-07,6.869830912846179e-08,0.4405006445041247,0.0025201737880706787,0.009082436561584473,-0.7180176973342896,0.0,0.0,-0.5600000023841858,1.0,0.800000011920929,5.42242431640625,0.38944339752197266,1.0000000|0.0000000|0.0000000|0.0000000|0.0000000|0.0000000|0.0000000|0.0000000|0.0000000|0.0000000,0,1.0,5.388946117840566,0,0,0,0,0,
cross_town,Town02,mixed,9,172,8.6,-7.368211269378662,121.21024322509766,0.22167761623859406,90.1288070678711,0.0,500.0996068996452,0.0,4.76837158203125e-07,2.663161087212984e-07,1.0305709045747678e-07,0.44050064450418597,0.005511820316314697,0.012590110301971436,-0.1969052404165268,0.0,0.0,-0.47999998927116394,1.0,0.800000011920929,13.767046928405762,-0.3402531147003174,1.0000000|0.0000000|0.0000000|0.0000000|0.0000000|0.0000000|0.0000000|0.0000000|0.0000000|0.0000000,0,1.0,5.314034822593331,0,0,0,0,0,
cross_town,Town02,mixed,9,173,8.65,-7.368211269378662,121.21024322509766,0.22167761623859406,90.1288070678711,0.0,500.0996068996452,0.0,4.76837158203125e-07,2.663161087212984e-07,1.4173121293144072e-06,0.44050064450408244,0.0025201737880706787,0.00908246636390686,-0.7180176973342896,0.0,0.0,-0.5600000023841858,1.0,0.800000011920929,5.422441482543945,0.38944363594055176,1.0000000|0.0000000|0.0000000|0.0000000|0.0000000|0.0000000|0.0000000|0.0000000|0.0000000|0.0000000,0,1.0,5.23972867601935,0,0,0,0,0,
cross_town,Town02,mixed,9,174,8.7,-7.368211269378662,121.21024322509766,0.22167761623859406,90.1288070678711,0.0,500.0996068996452,0.0,4.76837158203125e-07,2.663161087212984e-07,1.7172463821076498e-07,0.44050064450376836,0.005511850118637085,0.012590110301971436,-0.19690540432929993,0.0,0.0,-0.47999998927116394,1.0,0.800000011920929,13.767046928405762,-0.34025323390960693,1.0000000|0.0000000|0.0000000|0.0000000|0.0000000|0.0000000|0.0000000|0.0000000|0.0000000|0.0000000,0,1.0,5.166046281434796,0,0,0,0,0,
cross_town,Town02,mixed,9,175,8.75,-7.368211269378662,121.21024322509766,0.22167761623859406,90.1288070678711,0.0,500.0996068996452,0.0,4.76837158203125e-07,2.663161087212984e-07,2.7543140189416e-07,0.4405006445041003,0.0025201737880706787,0.009082436561584473,-0.7180176973342896,0.0,0.0,-0.5600000023841858,1.0,0.800000011920929,5.422440052032471,0.3894439935684204,1.0000000|0.0000000|0.0000000|0.0000000|0.0000000|0.0000000|0.0000000|0.0000000|0.0000000|0.0000000,0,1.0,5.092896774082287,0,0,0,0,0,
cross_town,Town02,mixed,9,176,8.8,-7.368211269378662,121.21024322509766,0.22167761623859406,90.1288070678711,0.0,500.0996068996452,0.0,4.76837158203125e-07,2.663161087212984e-07,3.433437304911991e-07,0.4405006445041816,0.005511820316314697,0.012590080499649048,-0.196905717253685,0.0,0.0,-0.47999998927116394,1.0,0.800000011920929,13.76707649230957,-0.3402531147003174,1.0000000|0.0000000|0.0000000|0.0000000|0.0000000|0.0000000|0.0000000|0.0000000|0.0000000|0.0000000,0,1.0,5.0203004664088775,0,0,0,0,0,
cross_town,Town02,mixed,9,177,8.85,-7.368211269378662,121.21024322509766,0.22167761623859406,90.1288070678711,0.0,500.0996068996452,0.0,4.76837158203125e-07,2.663161087212984e-07,3.7768279971298397e-07,0.4405006445041848,0.0025201737880706787,0.009082406759262085,-0.7180176377296448,0.0,0.0,-0.5600000023841858,1.0,0.800000011920929,5.422422409057617,0.38944417238235474,1.0000000|0.0000000|0.0000000|0.0000000|0.0000000|0.0000000|0.0000000|0.0000000|0.0000000|0.0000000,0,1.0,4.948250683409845,0,0,0,0,0,
cross_town,Town02,mixed,9,178,8.9,-7.368211269378662,121.21024322509766,0.22167761623859406,90.1288070678711,0.0,500.0996068996452,0.0,4.76837158203125e-07,2.663161087212984e-07,3.4339904499018824e-08,0.44050064450418586,0.005511820316314697,0.012590080499649048,-0.196905717253685,0.0,0.0,-0.47999998927116394,1.0,0.800000011920929,13.767074584960938,-0.3402531147003174,1.0000000|0.0000000|0.0000000|0.0000000|0.0000000|0.0000000|0.0000000|0.0000000|0.0000000|0.0000000,0,1.0,4.876737505633652,0,0,0,0,0,
cross_town,Town02,mixed,9,179,8.95,-7.368211269378662,121.21024322509766,0.22167761623859406,90.1288070678711,0.0,500.0996068996452,0.0,4.76837158203125e-07,2.663161087212984e-07,6.868841558399836e-08,0.44050064450418586,0.0025201737880706787,0.009082436561584473,-0.7180176973342896,0.0,0.0,-0.5600000023841858,1.0,0.800000011920929,5.42242431640625,0.38944339752197266,1.0000000|0.0000000|0.0000000|0.0000000|0.0000000|0.0000000|0.0000000|0.0000000|0.0000000|0.0000000,0,1.0,4.805753222747977,0,0,0,0,0,
cross_town,Town02,mixed,9,180,9.0,-7.368211269378662,121.21024322509766,0.22167761623859406,90.1288070678711,0.0,500.0996068996452,0.0,4.76837158203125e-07,2.663161087212984e-07,1.0304471203097099e-07,0.44050064450418597,0.005511820316314697,0.012590110301971436,-0.1969052404165268,0.0,0.0,-0.47999998927116394,1.0,0.800000011920929,13.767046928405762,-0.3402531147003174,1.0000000|0.0000000|0.0000000|0.0000000|0.0000000|0.0000000|0.0000000|0.0000000|0.0000000|0.0000000,0,1.0,4.7352908859689276,0,0,0,0,0,
cross_town,Town02,mixed,9,181,9.05,-7.368211269378662,121.21024322509766,0.22167761623859406,90.1288070678711,0.0,500.0996068996452,0.0,4.76837158203125e-07,2.663161087212984e-07,2.060101931130817e-07,0.44050064450418597,0.0025201737880706787,0.00908246636390686,-0.7180176973342896,0.0,0.0,-0.5600000023841858,1.0,0.800000011920929,5.422441482543945,0.38944363594055176,1.0000000|0.0000000|0.0000000|0.0000000|0.0000000|0.0000000|0.0000000|0.0000000|0.0000000|0.0000000,0,1.0,4.665341837433134,0,0,0,0,0,
cross_town,Town02,mixed,9,182,9.1,-7.368211269378662,121.21024322509766,0.22167761623859406,90.1288070678711,0.0,500.0996068996452,0.0,4.76837158203125e-07,2.663161087212984e-07,2.7467623741488354e-07,0.44050064450418597,0.005511820316314697,0.012590110301971436,-0.1969052106142044,0.0,0.0,-0.47999998927116394,1.0,0.800000011920929,13.76704216003418,-0.3402528166770935,1.0000000|0.0000000|0.0000000|0.0000000|0.0000000|0.0000000|0.0000000|0.0000000|0.0000000|0.0000000,0,1.0,4.595898783229882,0,0,0,0,0,
cross_town,Town02,mixed,9,183,9.15,-7.368211269378662,121.21024322509766,0.22167761623859406,90.1288070678711,0.0,500.0996068996452,0.0,4.76837158203125e-07,2.663161087212984e-07,1.1785700360097368e-06,0.4405006445040843,0.0025201737880706787,0.009082406759262085,-0.7180178165435791,0.0,0.0,-0.5600000023841858,1.0,0.800000011920929,5.422423362731934,0.3894439935684204,1.0000000|0.0000000|0.0000000|0.0000000|0.0000000|0.0000000|0.0000000|0.0000000|0.0000000|0.0000000,0,1.0,4.526954479884713,0,0,0,0,0,
cross_town,Town02,mixed,9,184,9.2,-7.368211269378662,121.21024322509766,0.22167761623859406,90.1288070678711,0.0,500.0996068996452,0.0,4.76837158203125e-07,2.663161087212984e-07,3.7767338461042495e-07,0.44050064450378,0.005511850118637085,0.012590080499649048,-0.19690552353858948,0.0,0.0,-0.47999998927116394,1.0,0.800000011920929,13.767023086547852,-0.3402528166770935,1.0000000|0.0000000|0.0000000|0.0000000|0.0000000|0.0000000|0.0000000|0.0000000|0.0000000|0.0000000,0,1.0,4.460579510222159,0,0,0,0,0,
cross_town,Town02,mixed,9,185,9.25,-7.368211269378662,121.21024322509766,0.22167761623859406,90.1288070678711,0.0,500.0996068996452,0.0,4.76837158203125e-07,2.663161087212984e-07,4.1246151859051016e-07,0.44050064450410326,0.0025201737880706787,0.009082406759262085,-0.7180176377296448,0.0,0.0,-0.5600000023841858,1.0,0.800000011920929,5.422414779663086,0.38944417238235474,1.0000000|0.0000000|0.0000000|0.0000000|0.0000000|0.0000000|0.0000000|0.0000000|0.0000000|0.0000000,0,1.0,4.401535565417858,0,0,0,0,0,
cross_town,Town02,mixed,9,186,9.3,-7.368211269378662,121.21024322509766,0.22167761623859406,90.1288070678711,0.0,500.0996068996452,0.0,4.76837158203125e-07,2.663161087212984e-07,0.0,0.44050064450418114,0.005511820316314697,0.012590080499649048,-0.196905717253685,0.0,0.0,-0.47999998927116394,1.0,0.800000011920929,13.767071723937988,-0.3402531147003174,1.0000000|0.0000000|0.0000000|0.0000000|0.0000000|0.0000000|0.0000000|0.0000000|0.0000000|0.0000000,0,1.0,4.353129904058949,0,0,0,0,0,
cross_town,Town02,mixed,9,187,9.35,-7.368211269378662,121.21024322509766,0.22167761623859406,90.1288070678711,0.0,500.0996068996452,0.0,4.76837158203125e-07,2.663161087212984e-07,3.4354009585002144e-08,0.4405006445041844,0.0025201737880706787,0.009082436561584473,-0.7180176973342896,0.0,0.0,-0.5600000023841858,1.0,0.800000011920929,5.422425746917725,0.38944339752197266,1.0000000|0.0000000|0.0000000|0.0000000|0.0000000|0.0000000|0.0000000|0.0000000|0.0000000|0.0000000,0,1.0,4.323331522441563,0,0,0,0,0,
cross_town,Town02,mixed,9,188,9.4,-7.368211269378662,121.21024322509766,0.22167761623859406,90.1288070678711,0.0,500.0996068996452,0.0,4.76837158203125e-07,2.663161087212984e-07,6.870396085103993e-08,0.44050064450418597,0.005511820316314697,0.012590140104293823,-0.19690506160259247,0.0,0.0,-0.47999998927116394,1.0,0.800000011920929,13.767057418823242,-0.34025251865386963,1.0000000|0.0000000|0.0000000|0.0000000|0.0000000|0.0000000|0.0000000|0.0000000|0.0000000|0.0000000,0,1.0,4.31909429834546,0,0,0,0,0,
cross_town,Town02,mixed,9,189,9.45,-7.368211269378662,121.21024322509766,0.22167761623859406,90.1288070678711,0.0,500.0996068996452,0.0,4.76837158203125e-07,2.663161087212984e-07,1.3735532937591963e-07,0.44050064450418597,0.0025201737880706787,0.009082436561584473,-0.7180176973342896,0.0,0.0,-0.5600000023841858,1.0,0.800000011920929,5.422428607940674,0.3894433379173279,1.0000000|0.0000000|0.0000000|0.0000000|0.0000000|0.0000000|0.0000000|0.0000000|0.0000000|0.0000000,0,1.0,4.334937366549451,0,0,0,0,0,
cross_town,Town02,mixed,9,190,9.5,-7.368211269378662,121.21024322509766,0.22167761623859406,90.1288070678711,0.0,500.0996068996452,0.0,4.76837158203125e-07,2.663161087212984e-07,2.069677346933319e-07,0.4405006445041848,0.005511820316314697,0.012590110301971436,-0.19690527021884918,0.0,0.0,-0.47999998927116394,1.0,0.800000011920929,13.767038345336914,-0.3402528166770935,1.0000000|0.0000000|0.0000000|0.0000000|0.0000000|0.0000000|0.0000000|0.0000000|0.0000000|0.0000000,0,1.0,4.357050511004868,0,0,0,0,0,
cross_town,Town02,mixed,9,191,9.55,-7.368211269378662,121.21024322509766,0.22167761623859406,90.1288070678711,0.0,500.0996068996452,0.0,4.76837158203125e-07,2.663161087212984e-07,3.0901007501044094e-07,0.44050064450418147,0.0025201737880706787,0.009082436561584473,-0.7180176973342896,0.0,0.0,-0.5600000023841858,1.0,0.800000011920929,5.422440052032471,0.3894439935684204,1.0000000|0.0000000|0.0000000|0.0000000|0.0000000|0.0000000|0.0000000|0.0000000|0.0000000|0.0000000,0,1.0,4.382848318106404,0,0,0,0,0,
cross_town,Town02,mixed,9,192,9.6,-7.368211269378662,121.21024322509766,0.22167761623859406,90.1288070678711,0.0,500.0996068996452,0.0,4.76837158203125e-07,2.663161087212984e-07,3.438872345883662e-07,0.44050064450418197,0.005511820316314697,0.012590080499649048,-0.196905717253685,0.0,0.0,-0.47999998927116394,1.0,0.800000011920929,13.767068862915039,-0.3402531147003174,1.0000000|0.0000000|0.0000000|0.0000000|0.0000000|0.0000000|0.0000000|0.0000000|0.0000000|0.0000000,0,1.0,4.411506990901227,0,0,0,0,0,
cross_town,Town02,mixed,9,193,9.65,-7.368211269378662,121.21024322509766,0.22167761623859406,90.1288070678711,0.0,500.0996068996452,0.0,4.76837158203125e-07,2.663161087212984e-07,3.6616336779058236e-07,0.44050064450415494,0.0025201737880706787,0.009082406759262085,-0.7180176377296448,0.0,0.0,-0.5600000023841858,1.0,0.800000011920929,5.422422409057617,0.38944417238235474,1.0000000|0.0000000|0.0000000|0.0000000|0.0000000|0.0000000|0.0000000|0.0000000|0.0000000|0.0000000,0,1.0,4.442541189893892,0,0,0,0,0,
cross_town,Town02,mixed,9,194,9.7,-7.368211269378662,121.21024322509766,0.22167761623859406,90.1288070678711,0.0,500.0996068996452,0.0,4.76837158203125e-07,2.663161087212984e-07,3.776869390488905e-07,0.44050064450398735,0.005511820316314697,0.012590080499649048,-0.196905717253685,0.0,0.0,-0.47999998927116394,1.0,0.800000011920929,13.767074584960938,-0.3402531147003174,1.0000000|0.0000000|0.0000000|0.0000000|0.0000000|0.0000000|0.0000000|0.0000000|0.0000000|0.0000000,0,1.0,4.475680097274358,0,0,0,0,0,
cross_town,Town02,mixed,9,195,9.75,-7.368211269378662,121.21024322509766,0.22167761623859406,90.1288070678711,0.0,500.0996068996452,0.0,4.76837158203125e-07,2.663161087212984e-07,3.4343404632040787e-08,0.4405006445041319,0.0025201737880706787,0.009082406759262085,-0.7180176377296448,0.0,0.0,-0.5600000023841858,1.0,0.800000011920929,5.422414779663086,0.38944417238235474,1.0000000|0.0000000|0.0000000|0.0000000|0.0000000|0.0000000|0.0000000|0.0000000|0.0000000|0.0000000,0,1.0,4.510783457296811,0,0,0,0,0,
cross_town,Town02,mixed,9,196,9.8,-7.368211269378662,121.21024322509766,0.22167761623859406,90.1288070678711,0.0,500.0996068996452,0.0,4.76837158203125e-07,2.663161087212984e-07,6.869742084033375e-08,0.44050064450418586,0.005511820316314697,0.012590140104293823,-0.19690506160259247,0.0,0.0,-0.47999998927116394,1.0,0.800000011920929,13.767057418823242,-0.34025251865386963,1.0000000|0.0000000|0.0000000|0.0000000|0.0000000|0.0000000|0.0000000|0.0000000|0.0000000|0.0000000,0,1.0,4.547861249382537,0,0,0,0,0,
cross_town,Town02,mixed,9,197,9.85,-7.368211269378662,121.21024322509766,0.22167761623859406,90.1288070678711,0.0,500.0996068996452,0.0,4.76837158203125e-07,2.663161087212984e-07,1.030430932203105e-07,0.44050064450418597,0.0025201737880706787,0.009082436561584473,-0.7180176973342896,0.0,0.0,-0.5600000023841858,1.0,0.800000011920929,5.422428607940674,0.3894433379173279,1.0000000|0.0000000|0.0000000|0.0000000|0.0000000|0.0000000|0.0000000|0.0000000|0.0000000|0.0000000,0,1.0,4.586754904364831,0,0,0,0,0,
cross_town,Town02,mixed,9,198,9.9,-7.368211269378662,121.21024322509766,0.22167761623859406,90.1288070678711,0.0,500.0996068996452,0.0,4.76837158203125e-07,2.663161087212984e-07,1.6308971667006274e-07,0.440500644504128,0.005511820316314697,0.012590110301971436,-0.1969052404165268,0.0,0.0,-0.47999998927116394,1.0,0.800000011920929,13.767041206359863,-0.3402531147003174,1.0000000|0.0000000|0.0000000|0.0000000|0.0000000|0.0000000|0.0000000|0.0000000|0.0000000|0.0000000,0,1.0,4.6276953924811055,0,0,0,0,0,
cross_town,Town02,mixed,9,199,9.95,-7.368211269378662,121.21024322509766,0.22167761623859406,90.1288070678711,0.0,500.0996068996452,0.0,4.76837158203125e-07,2.663161087212984e-07,2.060156827288148e-07,0.44050064450395543,0.0025201737880706787,0.009082436561584473,-0.7180176973342896,0.0,0.0,-0.5600000023841858,1.0,0.800000011920929,5.422440052032471,0.3894439935684204,1.0000000|0.0000000|0.0000000|0.0000000|0.0000000|0.0000000|0.0000000|0.0000000|0.0000000|0.0000000,0,1.0,4.651812573576079,0,0,0,0,0,
cross_town,Town02,mixed,9,200,10.0,-7.368211269378662,121.21024322509766,0.22167761623859406,90.1288070678711,0.0,500.0996068996452,0.0,4.76837158203125e-07,2.663161087212984e-07,2.7227093705420963e-07,0.4405006445039553,0.005511820316314697,0.012590110301971436,-0.1969052106142044,0.0,0.0,-0.47999998927116394,1.0,0.800000011920929,13.76704216003418,-0.3402528166770935,1.0000000|0.0000000|0.0000000|0.0000000|0.0000000|0.0000000|0.0000000|0.0000000|0.0000000|0.0000000,0,1.0,4.634742147904608,0,0,0,0,0,
cross_town,Town02,mixed,9,201,10.05,-7.368211269378662,121.21024322509766,0.22167761623859406,90.1288070678711,0.0,500.0996068996452,0.0,4.76837158203125e-07,2.663161087212984e-07,3.090151220468027e-07,0.4405006445039551,0.0025201737880706787,0.009082406759262085,-0.7180178165435791,0.0,0.0,-0.5600000023841858,1.0,0.800000011920929,5.422423362731934,0.3894439935684204,1.0000000|0.0000000|0.0000000|0.0000000|0.0000000|0.0000000|0.0000000|0.0000000|0.0000000|0.0000000,0,1.0,4.600040613180755,0,0,0,0,0,
cross_town,Town02,mixed,9,202,10.1,-7.368211269378662,121.21024322509766,0.22167761623859406,90.1288070678711,0.0,500.0996068996452,0.0,4.76837158203125e-07,2.663161087212984e-07,3.433773107424489e-07,0.44050064450412724,0.005511820316314697,0.012590080499649048,-0.196905717253685,0.0,0.0,-0.47999998927116394,1.0,0.800000011920929,13.767068862915039,-0.3402531147003174,1.0000000|0.0000000|0.0000000|0.0000000|0.0000000|0.0000000|0.0000000|0.0000000|0.0000000|0.0000000,0,1.0,4.550469239540377,0,0,0,0,0,
cross_town,Town02,mixed,9,203,10.15,-7.368211269378662,121.21024322509766,0.22167761623859406,90.1288070678711,0.0,500.0996068996452,0.0,4.76837158203125e-07,2.663161087212984e-07,3.4336471954751436e-08,0.4405006445041857,0.0025201737880706787,0.009082406759262085,-0.7180176377296448,0.0,0.0,-0.5600000023841858,1.0,0.800000011920929,5.422422409057617,0.38944417238235474,1.0000000|0.0000000|0.0000000|0.0000000|0.0000000|0.0000000|0.0000000|0.0000000|0.0000000|0.0000000,0,1.0,4.492766541489637,0,0,0,0,0,
cross_town,Town02,mixed,9,204,10.2,-7.368211269378662,121.21024322509766,0.22167761623859406,90.1288070678711,0.0,500.0996068996452,0.0,4.76837158203125e-07,2.663161087212984e-07,6.868670448257511e-08,0.4405006445041858,0.005511820316314697,0.012590140104293823,-0.19690506160259247,0.0,0.0,-0.47999998927116394,1.0,0.800000011920929,13.767057418823242,-0.34025251865386963,1.0000000|0.0000000|0.0000000|0.0000000|0.0000000|0.0000000|0.0000000|0.0000000|0.0000000|0.0000000,0,1.0,4.433223142734757,0,0,0,0,0,
cross_town,Town02,mixed,9,205,10.25,-7.368211269378662,121.21024322509766,0.22167761623859406,90.1288070678711,0.0,500.0996068996452,0.0,4.76837158203125e-07,2.663161087212984e-07,1.0303343065083951e-07,0.44050064450418597,0.0025201737880706787,0.009082436561584473,-0.7180176973342896,0.0,0.0,-0.5600000023841858,1.0,0.800000011920929,5.422428607940674,0.3894433379173279,1.0000000|0.0000000|0.0000000|0.0000000|0.0000000|0.0000000|0.0000000|0.0000000|0.0000000|0.0000000,0,1.0,4.3763937332860205,0,0,0,0,0,
cross_town,Town02,mixed,9,206,10.3,-7.368211269378662,121.21024322509766,0.22167761623859406,90.1288070678711,0.0,500.0996068996452,0.0,4.76837158203125e-07,2.663161087212984e-07,1.3739202178326914e-07,0.44050064450418597,0.005511820316314697,0.012590110301971436,-0.1969052404165268,0.0,0.0,-0.47999998927116394,1.0,0.800000011920929,13.767041206359863,-0.3402531147003174,1.0000000|0.0000000|0.0000000|0.0000000|0.0000000|0.0000000|0.0000000|0.0000000|0.0000000|0.0000000,0,1.0,4.3249857770180835,0,0,0,0,0,
cross_town,Town02,mixed,9,207,10.35,-7.368211269378662,121.21024322509766,0.22167761623859406,90.1288070678711,0.0,500.0996068996452,0.0,4.76837158203125e-07,2.663161087212984e-07,2.4039842393147144e-07,0.44050064450418586,0.0025201737880706787,0.00908246636390686,-0.718017578125,0.0,0.0,-0.5600000023841858,1.0,0.800000011920929,5.4224443435668945,0.38944363594055176,1.0000000|0.0000000|0.0000000|0.0000000|0.0000000|0.0000000|0.0000000|0.0000000|0.0000000|0.0000000,0,1.0,4.280269791200895,0,0,0,0,0,
cross_town,Town02,mixed,9,208,10.4,-7.368211269378662,121.21024322509766,0.22167761623859406,90.1288070678711,0.0,500.0996068996452,0.0,4.76837158203125e-07,2.663161087212984e-07,3.4333787178396e-07,0.44050064450418575,0.005511820316314697,0.012590110301971436,-0.1969052106142044,0.0,0.0,-0.47999998927116394,1.0,0.800000011920929,13.767051696777344,-0.3402528166770935,1.0000000|0.0000000|0.0000000|0.0000000|0.0000000|0.0000000|0.0000000|0.0000000|0.0000000|0.0000000,0,1.0,4.242463454537087,0,0,0,0,0,
cross_town,Town02,mixed,9,209,10.45,-7.368211269378662,121.21024322509766,0.22167761623859406,90.1288070678711,0.0,500.0996068996452,0.0,4.76837158203125e-07,2.663161087212984e-07,4.4634071235544954e-07,0.4405006445041859,0.0025201737880706787,0.009082406759262085,-0.7180176377296448,0.0,0.0,-0.5600000023841858,1.0,0.800000011920929,5.422422409057617,0.38944417238235474,1.0000000|0.0000000|0.0000000|0.0000000|0.0000000|0.0000000|0.0000000|0.0000000|0.0000000|0.0000000,0,1.0,4.2111071295094185,0,0,0,0,0,
cross_town,Town02,mixed,9,210,10.5,-7.368211269378662,121.21024322509766,0.22167761623859406,90.1288070678711,0.0,500.0996068996452,0.0,4.76837158203125e-07,2.663161087212984e-07,4.6446449998909713e-07,0.4405006445041299,0.005511820316314697,0.012590080499649048,-0.1969054937362671,0.0,0.0,-0.47999998927116394,1.0,0.800000011920929,13.767064094543457,-0.34025299549102783,1.0000000|0.0000000|0.0000000|0.0000000|0.0000000|0.0000000|0.0000000|0.0000000|0.0000000|0.0000000,0,1.0,4.18579991482612,0,0,0,0,0,
cross_town,Town02,mixed,9,211,10.55,-7.368211269378662,121.21024322509766,0.22167761623859406,90.1288070678711,0.0,500.0996068996452,0.0,4.76837158203125e-07,2.663161087212984e-07,4.642997508784598e-07,0.4405006445041281,0.0025201737880706787,0.009082406759262085,-0.7180176377296448,0.0,0.0,-0.5600000023841858,1.0,0.800000011920929,5.422425270080566,0.38944417238235474,1.0000000|0.0000000|0.0000000|0.0000000|0.0000000|0.0000000|0.0000000|0.0000000|0.0000000|0.0000000,0,1.0,4.167341511740377,0,0,0,0,0,
cross_town,Town02,mixed,9,212,10.6,-7.368211269378662,121.21024322509766,0.22167761623859406,90.1288070678711,0.0,500.0996068996452,0.0,4.76837158203125e-07,2.663161087212984e-07,3.435020117864331e-08,0.4405006445041261,0.005511820316314697,0.012590080499649048,-0.19690564274787903,0.0,0.0,-0.47999998927116394,1.0,0.800000011920929,13.767087936401367,-0.3402528762817383,1.0000000|0.0000000|0.0000000|0.0000000|0.0000000|0.0000000|0.0000000|0.0000000|0.0000000|0.0000000,0,1.0,4.153961686854951,0,0,0,0,0,
cross_town,Town02,mixed,9,213,10.65,-7.368211269378662,121.21024322509766,0.22167761623859406,90.1288070678711,0.0,500.0996068996452,0.0,4.76837158203125e-07,2.663161087212984e-07,6.869830912947853e-08,0.4405006445041253,0.0025201737880706787,0.009082436561584473,-0.7180176973342896,0.0,0.0,-0.5600000023841858,1.0,0.800000011920929,5.42242431640625,0.38944339752197266,1.0000000|0.0000000|0.0000000|0.0000000|0.0000000|0.0000000|0.0000000|0.0000000|0.0000000|0.0000000,0,1.0,4.143558554155399,0,0,0,0,0,
cross_town,Town02,mixed,9,214,10.7,-7.368211269378662,121.21024322509766,0.22167761623859406,90.1288070678711,0.0,500.0996068996452,0.0,4.76837158203125e-07,2.663161087212984e-07,1.0305709045801359e-07,0.44050064450418597,0.005511820316314697,0.012590110301971436,-0.1969052404165268,0.0,0.0,-0.47999998927116394,1.0,0.800000011920929,13.767046928405762,-0.3402531147003174,1.0000000|0.0000000|0.0000000|0.0000000|0.0000000|0.0000000|0.0000000|0.0000000|0.0000000|0.0000000,0,1.0,4.134957363377793,0,0,0,0,0,
cross_town,Town02,mixed,9,215,10.75,-7.368211269378662,121.21024322509766,0.22167761623859406,90.1288070678711,0.0,500.0996068996452,0.0,4.76837158203125e-07,2.663161087212984e-07,1.4173121293144072e-06,0.44050064450408244,0.0025201737880706787,0.00908246636390686,-0.7180176973342896,0.0,0.0,-0.5600000023841858,1.0,0.800000011920929,5.422441482543945,0.38944363594055176,1.0000000|0.0000000|0.0000000|0.0000000|0.0000000|0.0000000|0.0000000|0.0000000|0.0000000|0.0000000,0,1.0,4.127413293422896,0,0,0,0,0,
cross_town,Town02,mixed,9,216,10.8,-7.368211269378662,121.21024322509766,0.22167761623859406,90.1288070678711,0.0,500.0996068996452,0.0,4.76837158203125e-07,2.663161087212984e-07,1.3742953347088624e-07,0.4405006445037688,0.005511850118637085,0.012590110301971436,-0.19690540432929993,0.0,0.0,-0.47999998927116394,1.0,0.800000011920929,13.767046928405762,-0.34025323390960693,1.0000000|0.0000000|0.0000000|0.0000000|0.0000000|0.0000000|0.0000000|0.0000000|0.0000000|0.0000000,0,1.0,4.12037329485378,0,0,0,0,0,
cross_town,Town02,mixed,9,217,10.85,-7.368211269378662,121.21024322509766,0.22167761623859406,90.1288070678711,0.0,500.0996068996452,0.0,4.76837158203125e-07,2.663161087212984e-07,2.725513987254239e-07,0.4404740706334955,0.0025201737880706787,0.00908246636390686,-0.718017578125,0.0,0.0,-0.5600000023841858,1.0,0.800000011920929,5.4224443435668945,0.38944363594055176,1.0000000|0.0000000|0.0000000|0.0000000|0.0000000|0.0000000|0.0000000|0.0000000|0.0000000|0.0000000,0,1.0,4.113128562565915,0,0,0,0,0,
cross_town,Town02,mixed,9,218,10.9,-7.368211269378662,121.21024322509766,0.22167761623859406,90.1288070678711,0.0,500.0996068996452,0.0,4.76837158203125e-07,2.663161087212984e-07,3.090138482459384e-07,0.4403594925500838,0.005511820316314697,0.012590080499649048,-0.196905717253685,0.0,0.0,-0.47999998927116394,1.0,0.800000011920929,13.76707649230957,-0.3402531147003174,1.0000000|0.0000000|0.0000000|0.0000000|0.0000000|0.0000000|0.0000000|0.0000000|0.0000000|0.0000000,0,1.0,4.106434454455466,0,0,0,0,0,
cross_town,Town02,mixed,9,219,10.95,-7.368211269378662,121.21024322509766,0.22167761623859406,90.1288070678711,0.0,500.0996068996452,0.0,4.76837158203125e-07,2.663161087212984e-07,3.4335535694690646e-07,0.440239119234577,0.0027421116828918457,0.5869664549827576,0.3667844235897064,0.0,0.07999999821186066,-0.3999999761581421,1.0,0.38489556312561035,149.66998291015625,-2.1695971488952637,1.0000000|0.0000000|0.0000000|0.0000000|0.0000000|0.0000000|0.0000000|0.0000000|0.0000000|0.0000000,0,1.0,4.0999977779659496,0,0,0,0,0,
cross_town,Town02,mixed,9,220,11.0,-7.368211269378662,121.21024322509766,0.22167761623859406,90.1288070678711,0.0,500.0996068996452,0.0,4.76837158203125e-07,2.663161087212984e-07,3.434088025177183e-08,0.440112743142413,0.0019497573375701904,0.2835250794887543,0.39908406138420105,0.0,0.1599999964237213,-0.31999996304512024,1.0,0.3818456828594208,108.5349349975586,-3.268672466278076,1.0000000|0.0000000|0.0000000|0.0000000|0.0000000|0.0000000|0.0000000|0.0000000|0.0000000|0.0000000,0,1.0,4.093657036962013,0,0,0,0,0,
cross_town,Town02,mixed,9,221,11.05,-7.368211269378662,121.21024322509766,0.22167761623859406,90.1288070678711,0.0,500.0996068996452,0.0,4.76837158203125e-07,2.663161087212984e-07,6.870389749487802e-08,0.43998030818712736,0.0015835762023925781,0.11563923954963684,0.5125367045402527,0.0,0.11563923954963684,-0.23999996483325958,1.0,0.3788279891014099,46.90150451660156,-2.9396133422851562,1.0000000|0.0000000|0.0000000|0.0000000|0.0000000|0.0000000|0.0000000|0.0000000|0.0000000|0.0000000,0,1.0,4.098157460277738,0,0,0,0,0,
cross_town,Town02,mixed,9,222,11.1,-7.368211269378662,121.21024322509766,0.22167761623859406,90.1288070678711,0.0,500.0996068996452,0.0,4.76837158203125e-07,2.663161087212984e-07,1.0307808849755887e-07,0.43984233307332665,0.0018537342548370361,0.07906651496887207,0.6169980764389038,0.0,0.07906651496887207,-0.15999996662139893,1.0,0.3758455812931061,21.31431770324707,-1.8839443922042847,1.0000000|0.0000000|0.0000000|0.0000000|0.0000000|0.0000000|0.0000000|0.0000000|0.0000000|0.0000000,0,1.0,4.126861285767288,0,0,0,0,0,
cross_town,Town02,mixed,9,223,11.15,-7.368211269378662,121.21024322509766,0.22167761623859406,90.1288070678711,0.0,500.0996068996452,0.0,4.76837158203125e-07,2.663161087212984e-07,2.060432205449125e-07,0.43969939301295585,0.003412604331970215,0.03144103288650513,0.6580322980880737,0.0,0.0,-0.07999996840953827,1.0,0.3729129433631897,20.735408782958984,-1.2635962963104248,1.0000000|0.0000000|0.0000000|0.0000000|0.0000000|0.0000000|0.0000000|0.0000000|0.0000000|0.0000000,0,1.0,4.168378603536706,0,0,0,0,0,
cross_town,Town02,mixed,9,224,11.2,-7.368211269378662,121.21024322509766,0.22167761623859406,90.1288070678711,0.0,500.0996068996452,0.0,4.76837158203125e-07,2.663161087212984e-07,3.0901369697765204e-07,0.44015681434552867,0.005574643611907959,0.0027538836002349854,-0.48298388719558716,0.0,0.0,-0.15999996662139893,0.993948221206665,0.800000011920929,0.9753332138061523,-0.6140999794006348,1.0000000|0.0000000|0.0000000|0.0000000|0.0000000|0.0000000|0.0000000|0.0000000|0.0000000|0.0000000,0,1.0,4.212793353874829,0,0,0,0,0,
cross_town,Town02,mixed,9,225,11.25,-7.368211269378662,121.21024322509766,0.22167761623859406,90.1288070678711,0.0,500.0996068996452,0.0,4.76837158203125e-07,2.663161087212984e-07,3.7768970930325346e-07,0.43939908119125315,0.0023519396781921387,0.01583150029182434,0.6704404354095459,0.0,0.0,-0.07999996840953827,1.0,0.36723485589027405,32.688575744628906,-0.5130891799926758,1.0000000|0.0000000|0.0000000|0.0000000|0.0000000|0.0000000|0.0000000|0.0000000|0.0000000|0.0000000,0,1.0,4.256457890956424,0,0,0,0,0,
cross_town,Town02,mixed,9,226,11.3,-7.368211269378662,121.21024322509766,0.22167761623859406,90.1288070678711,0.0,500.0996068996452,0.0,4.76837158203125e-07,2.663161087212984e-07,4.1202594980986423e-07,0.43984667746972067,0.005574643611907959,0.0027538836002349854,-0.48298364877700806,0.0,0.0,-0.15999996662139893,0.993948221206665,0.800000011920929,0.9753340482711792,-0.6141006350517273,1.0000000|0.0000000|0.0000000|0.0000000|0.0000000|0.0000000|0.0000000|0.0000000|0.0000000|0.0000000,0,1.0,4.289633322104562,0,0,0,0,0,
cross_town,Town02,mixed,9,227,11.35,-7.368211269378662,121.21024322509766,0.22167761623859406,90.1288070678711,0.0,500.0996068996452,0.0,4.76837158203125e-07,2.663161087212984e-07,4.468081766408005e-07,0.4392026978288269,0.004818052053451538,0.004114300012588501,-0.5754941701889038,0.0,0.0,-0.23999996483325958,0.998757004737854,0.800000011920929,1.3722407817840576,-0.37612080574035645,1.0000000|0.0000000|0.0000000|0.0000000|0.0000000|0.0000000|0.0000000|0.0000000|0.0000000|0.0000000,0,1.0,4.311439940184006,0,0,0,0,0,
cross_town,Town02,mixed,9,228,11.4,-7.368211269378662,121.21024322509766,0.22167761623859406,90.1288070678711,0.0,500.0996068996452,0.0,4.76837158203125e-07,2.663161087212984e-07,0.0,0.43890928610683955,0.0019720494747161865,0.031162351369857788,0.6298131346702576,0.0,0.0,-0.15999996662139893,1.0,0.3591577708721161,50.14209747314453,-0.9928494691848755,1.0000000|0.0000000|0.0000000|0.0000000|0.0000000|0.0000000|0.0000000|0.0000000|0.0000000|0.0000000,0,1.0,4.323104788231755,0,0,0,0,0,
cross_town,Town02,mixed,9,229,11.45,-7.368211269378662,121.21024322509766,0.22167761623859406,90.1288070678711,0.0,500.0996068996452,0.0,4.76837158203125e-07,2.663161087212984e-07,3.437856601687739e-08,0.4387337465648615,0.0031481683254241943,0.01259845495223999,0.6273607015609741,0.0,0.0,-0.07999996840953827,1.0,0.3565549850463867,25.16718101501465,-0.9267157316207886,1.0000000|0.0000000|0.0000000|0.0000000|0.0000000|0.0000000|0.0000000|0.0000000|0.0000000|0.0000000,0,1.0,4.327942307042315,0,0,0,0,0,
cross_town,Town02,mixed,9,230,11.5,-7.368211269378662,121.21024322509766,0.22167761623859406,90.1288070678711,0.0,500.0996068996452,0.0,4.76837158203125e-07,2.663161087212984e-07,6.87450197421472e-08,0.43915660404266554,0.005574643611907959,0.0027538836002349854,-0.4829840064048767,0.0,0.0,-0.15999996662139893,0.9939481019973755,0.800000011920929,0.9753297567367554,-0.6140997409820557,1.0000000|0.0000000|0.0000000|0.0000000|0.0000000|0.0000000|0.0000000|0.0000000|0.0000000|0.0000000,0,1.0,4.327274560237555,0,0,0,0,0,
cross_town,Town02,mixed,9,231,11.55,-7.368211269378662,121.21024322509766,0.22167761623859406,90.1288070678711,0.0,500.0996068996452,0.0,4.76837158203125e-07,2.663161087212984e-07,1.0310182472373812e-07,0.43848626396779433,0.004818052053451538,0.004114300012588501,-0.5754939317703247,0.0,0.0,-0.23999996483325958,0.9987568855285645,0.800000011920929,1.3722223043441772,-0.3761212229728699,1.0000000|0.0000000|0.0000000|0.0000000|0.0000000|0.0000000|0.0000000|0.0000000|0.0000000|0.0000000,0,1.0,4.324174427500204,0,0,0,0,0,
cross_town,Town02,mixed,9,232,11.6,-7.368211269378662,121.21024322509766,0.22167761623859406,90.1288070678711,0.0,500.0996068996452,0.0,4.76837158203125e-07,2.663161087212984e-07,1.3749069844553106e-07,0.4381650107122349,0.0015261173248291016,0.02933940291404724,0.6477952003479004,0.0,0.0,-0.15999996662139893,1.0,0.3489376902580261,50.013832092285156,-0.44330263137817383,1.0000000|0.0000000|0.0000000|0.0000000|0.0000000|0.0000000|0.0000000|0.0000000|0.0000000|0.0000000,0,1.0,4.314084796538398,0,0,0,0,0,
cross_town,Town02,mixed,9,233,11.65,-7.368211269378662,121.21024322509766,0.22167761623859406,90.1288070678711,0.0,500.0996068996452,0.0,4.76837158203125e-07,2.663161087212984e-07,2.40380966488175e-07,0.4379603517891945,0.001987159252166748,0.016681432723999023,0.6813766360282898,0.0,0.0,-0.07999996840953827,1.0,0.34645235538482666,35.39353942871094,-0.32355034351348877,1.0000000|0.0000000|0.0000000|0.0000000|0.0000000|0.0000000|0.0000000|0.0000000|0.0000000|0.0000000,0,1.0,4.3104021842195115,0,0,0,0,0,
cross_town,Town02,mixed,9,234,11.7,-7.368211269378662,121.21024322509766,0.22167761623859406,90.1288070678711,0.0,500.0996068996452,0.0,4.76837158203125e-07,2.663161087212984e-07,2.747282852394997e-07,0.4383527872958238,0.005574643611907959,0.0027538836002349854,-0.48298388719558716,0.0,0.0,-0.15999996662139893,0.993948221206665,0.800000011920929,0.9753335118293762,-0.6140999794006348,1.0000000|0.0000000|0.0000000|0.0000000|0.0000000|0.0000000|0.0000000|0.0000000|0.0000000|0.0000000,0,1.0,4.293564295683205,0,0,0,0,0,
cross_town,Town02,mixed,9,235,11.75,-7.368211269378662,121.21024322509766,0.22167761623859406,90.1288070678711,0.0,500.0996068996452,0.0,4.76837158203125e-07,2.663161087212984e-07,1.2466165416345033e-06,0.43752664228629295,0.00216519832611084,0.016755253076553345,0.6755335330963135,0.0,0.0,-0.07999996840953827,1.0,0.3415529727935791,37.679443359375,-0.35925042629241943,1.0000000|0.0000000|0.0000000|0.0000000|0.0000000|0.0000000|0.0000000|0.0000000|0.0000000|0.0000000,0,1.0,4.290196732347982,0,0,0,0,0,
cross_town,Town02,mixed,9,236,11.8,-7.368211269378662,121.21024322509766,0.22167761623859406,90.1288070678711,0.0,500.0996068996452,0.0,4.76837158203125e-07,2.663161087212984e-07,3.09080586516005e-07,0.437902192003528,0.005574673414230347,0.0027538836002349854,-0.4829834997653961,0.0,0.0,-0.15999996662139893,0.9939485788345337,0.800000011920929,0.9753459692001343,-0.6141001582145691,1.0000000|0.0000000|0.0000000|0.0000000|0.0000000|0.0000000|0.0000000|0.0000000|0.0000000|0.0000000,0,1.0,4.270741703492219,0,0,0,0,0,
cross_town,Town02,mixed,9,237,11.85,-7.368211269378662,121.21024322509766,0.22167761623859406,90.1288070678711,0.0,500.0996068996452,0.0,4.76837158203125e-07,2.663161087212984e-07,3.435148529490876e-08,0.4370587249026256,0.001637488603591919,0.015109717845916748,0.6512418389320374,0.0,0.0,-0.07999996840953827,1.0,0.33674290776252747,38.33108139038086,-0.6428424119949341,1.0000000|0.0000000|0.0000000|0.0000000|0.0000000|0.0000000|0.0000000|0.0000000|0.0000000|0.0000000,0,1.0,4.266754242827443,0,0,0,0,0,
cross_town,Town02,mixed,9,238,11.9,-7.368211269378662,121.21024322509766,0.22167761623859406,90.1288070678711,0.0,500.0996068996452,0.0,4.76837158203125e-07,2.663161087212984e-07,6.871932255516249e-08,0.43741646319787486,0.005574643611907959,0.0027538836002349854,-0.4829840064048767,0.0,0.0,-0.15999996662139893,0.9939481019973755,0.800000011920929,0.9753297567367554,-0.6140997409820557,1.0000000|0.0000000|0.0000000|0.0000000|0.0000000|0.0000000|0.0000000|0.0000000|0.0000000|0.0000000,0,1.0,4.246574157819961,0,0,0,0,0,
cross_town,Town02,mixed,9,239,11.95,-7.368211269378662,121.21024322509766,0.22167761623859406,90.1288070678711,0.0,500.0996068996452,0.0,4.76837158203125e-07,2.663161087212984e-07,1.3737176205355422e-07,0.43667891327967284,0.004818052053451538,0.004114300012588501,-0.5754939317703247,0.0,0.0,-0.23999996483325958,0.9987568855285645,0.800000011920929,1.3722223043441772,-0.3761212229728699,1.0000000|0.0000000|0.0000000|0.0000000|0.0000000|0.0000000|0.0000000|0.0000000|0.0000000|0.0000000,0,1.0,4.241965738366042,0,0,0,0,0,
cross_town,Town02,mixed,9,240,12.0,-7.368211269378662,121.21024322509766,0.22167761623859406,90.1288070678711,0.0,500.0996068996452,0.0,4.76837158203125e-07,2.663161087212984e-07,2.1414176460877852e-07,0.4362904159034597,0.008693069219589233,0.013172835111618042,-0.6738935112953186,0.0,0.0,-0.31999996304512024,0.99997878074646,0.800000011920929,2.3904478549957275,-0.4160503149032593,1.0000000|0.0000000|0.0000000|0.0000000|0.0000000|0.0000000|0.0000000|0.0000000|0.0000000|0.0000000,0,1.0,4.2215456064552015,0,0,0,0,0,
cross_town,Town02,mixed,9,241,12.05,-7.368211269378662,121.21024322509766,0.22167761623859406,90.1288070678711,0.0,500.0996068996452,0.0,4.76837158203125e-07,2.663161087212984e-07,2.4035044292113024e-07,0.4360122908528089,0.00043824315071105957,0.07834270596504211,0.6086467504501343,0.0,0.07834270596504211,-0.23999996483325958,1.0,0.3273761570453644,54.89239501953125,-0.8729158639907837,1.0000000|0.0000000|0.0000000|0.0000000|0.0000000|0.0000000|0.0000000|0.0000000|0.0000000|0.0000000,0,1.0,4.216775912739745,0,0,0,0,0,
cross_town,Town02,mixed,9,242,12.1,-7.368211269378662,121.21024322509766,0.22167761623859406,90.1288070678711,0.0,500.0996068996452,0.0,4.76837158203125e-07,2.663161087212984e-07,2.7212701440366335e-07,0.4357261461045386,0.000984281301498413,0.03501811623573303,0.6410269737243652,0.0,0.0,-0.15999996662139893,1.0,0.32508617639541626,48.168540954589844,-0.2655768394470215,1.0000000|0.0000000|0.0000000|0.0000000|0.0000000|0.0000000|0.0000000|0.0000000|0.0000000|0.0000000,0,1.0,4.1958272314275735,0,0,0,0,0,
cross_town,Town02,mixed,9,243,12.15,-7.368211269378662,121.21024322509766,0.22167761623859406,90.1288070678711,0.0,500.0996068996452,0.0,4.76837158203125e-07,2.663161087212984e-07,2.747547833228852e-07,0.43542983548330744,0.0014687180519104004,0.020026713609695435,0.6408565044403076,0.0,0.0,-0.07999996840953827,1.0,0.32281550765037537,54.85778045654297,0.15479516983032227,1.0000000|0.0000000|0.0000000|0.0000000|0.0000000|0.0000000|0.0000000|0.0000000|0.0000000|0.0000000,0,1.0,4.191697479693266,0,0,0,0,0,
cross_town,Town02,mixed,9,244,12.2,-7.368211269378662,121.21024322509766,0.22167761623859406,90.1288070678711,0.0,500.0996068996452,0.0,4.76837158203125e-07,2.663161087212984e-07,3.091497094345078e-07,0.43512288371037233,0.002799391746520996,0.014767289161682129,0.5643231868743896,0.0,0.0,3.1590460025654465e-08,1.0,0.32056576013565063,31.023605346679688,-0.0763469934463501,1.0000000|0.0000000|0.0000000|0.0000000|0.0000000|0.0000000|0.0000000|0.0000000|0.0000000|0.0000000,0,1.0,4.170178922176458,0,0,0,0,0,
cross_town,Town02,mixed,9,245,12.25,-7.368211269378662,121.21024322509766,0.22167761623859406,90.1288070678711,0.0,500.0996068996452,0.0,4.76837158203125e-07,2.663161087212984e-07,3.433645160990801e-08,0.4348053032310212,0.006577670574188232,0.016455918550491333,0.5353686809539795,0.0,0.0,0.08000002801418304,1.0,0.31833502650260925,43.882476806640625,-0.017620205879211426,1.0000000|0.0000000|0.0000000|0.0000000|0.0000000|0.0000000|0.0000000|0.0000000|0.0000000|0.0000000,0,1.0,4.166590114420234,0,0,0,0,0,
cross_town,Town02,mixed,9,246,12.3,-7.368211269378662,121.21024322509766,0.22167761623859406,90.1288070678711,0.0,500.0996068996452,0.0,4.76837158203125e-07,2.663161087212984e-07,1.0301480382224875e-07,0.4344765917364951,0.01761379837989807,0.025304853916168213,0.3991100490093231,0.0,0.0,0.1600000262260437,1.0,0.3161250352859497,72.59931945800781,-0.1672915816307068,1.0000000|0.0000000|0.0000000|0.0000000|0.0000000|0.0000000|0.0000000|0.0000000|0.0000000|0.0000000,0,1.0,4.144757909244058,0,0,0,0,0,
cross_town,Town02,mixed,9,247,12.35,-7.368211269378662,121.21024322509766,0.22167761623859406,90.1288070678711,0.0,500.0996068996452,0.0,4.76837158203125e-07,2.663161087212984e-07,1.3737980052710415e-07,0.4341368107693801,0.06850087642669678,0.0054788291454315186,-0.7193573713302612,0.05999999865889549,0.0,0.08000002801418304,1.0,0.800000011920929,5.382498264312744,-2.118556022644043,1.0000000|0.0000000|0.0000000|0.0000000|0.0000000|0.0000000|0.0000000|0.0000000|0.0000000|0.0000000,0,1.0,4.141803020384007,0,0,0,0,0,
cross_town,Town02,mixed,9,248,12.4,-7.368211269378662,121.21024322509766,0.22167761623859406,90.1288070678711,0.0,500.0996068996452,0.0,4.76837158203125e-07,2.663161087212984e-07,2.0604521947414627e-07,0.43383310917003554,0.5882186889648438,0.002804189920425415,-0.5542944669723511,0.11999999731779099,0.0,2.801418297337932e-08,0.9995230436325073,0.800000011920929,1.6119178533554077,-2.1740241050720215,1.0000000|0.0000000|0.0000000|0.0000000|0.0000000|0.0000000|0.0000000|0.0000000|0.0000000|0.0000000,0,1.0,4.1197371589716365,0,0,0,0,0,
cross_town,Town02,mixed,9,249,12.45,-7.368211269378662,121.21024322509766,0.22167761623859406,90.1288070678711,0.0,500.0996068996452,0.0,4.76837158203125e-07,2.663161087212984e-07,3.0905127774321916e-07,0.43342250539166804,0.04230409860610962,0.008567512035369873,0.47993725538253784,0.05999999865889549,0.0,0.08000002801418304,1.0,0.3096114695072174,78.93087768554688,-0.7503066062927246,1.0000000|0.0000000|0.0000000|0.0000000|0.0000000|0.0000000|0.0000000|0.0000000|0.0000000|0.0000000,0,1.0,4.117489851537189,0,0,0,0,0,
cross_town,Town02,mixed,9,250,12.5,-7.368211269378662,121.21024322509766,0.22167761623859406,90.1288070678711,0.0,500.0996068996452,0.0,4.76837158203125e-07,2.663161087212984e-07,3.4337835439220067e-07,0.4330952169725135,0.5882189869880676,0.002804189920425415,-0.5542941093444824,0.11999999731779099,0.0,2.801418297337932e-08,0.9995230436325073,0.800000011920929,1.6119234561920166,-2.174023151397705,1.0000000|0.0000000|0.0000000|0.0000000|0.0000000|0.0000000|0.0000000|0.0000000|0.0000000|0.0000000,0,1.0,4.095252936796744,0,0,1,0,0,stuck
