protocol,town,weather,episode,t,sim_time_s,ego_x,ego_y,ego_z,ego_yaw_deg,route_s_m,route_remaining_m,route_completion_pct,cte_m,route_heading_rad,speed_kmh,reward,command_throttle,command_brake,command_steer,applied_throttle,applied_brake,applied_steer,sigma_bar,sigma_ale,sigma_epi,policy_entropy_proxy,attention,top_attention_index,top_attention_value,ttc_s,collision,off_route,timeout,red_light_violation,intervention,terminal_reason
cross_town,Town02,mixed,15,1,0.05,193.68222045898438,160.58309936523438,0.15079757571220398,-89.92217254638672,0.003189063150012868,499.2999938704299,0.0006387027479528596,1.52587890625e-05,1.331580543606492e-07,0.4665258944034589,0.44020413356421956,0.081097811460495,0.00186234712600708,-0.3194979429244995,0.05999999865889549,0.0,-0.07999999821186066,1.0,0.800000011920929,4.336057662963867,-1.4841818809509277,1.0000000|0.0000000|0.0000000|0.0000000|0.0000000|0.0000000|0.0000000|0.0000000|0.0000000|0.0000000,0,1.0,,0,0,0,0,0,
cross_town,Town02,mixed,15,2,0.1,193.68222045898438,160.58309936523438,0.161112442612648,-89.92217254638672,0.003189063150012868,499.2999938704299,0.0006387027479528596,1.52587890625e-05,1.331580543606492e-07,0.8584073066711433,0.44020474153150047,0.035962581634521484,0.0006871223449707031,-0.20416511595249176,0.0,0.0,-0.1599999964237213,0.9999939203262329,0.800000011920929,2.7037127017974854,-1.3725144863128662,1.0000000|0.0000000|0.0000000|0.0000000|0.0000000|0.0000000|0.0000000|0.0000000|0.0000000|0.0000000,0,1.0,,0,0,0,0,0,
cross_town,Town02,mixed,15,3,0.15,193.68222045898438,160.58309936523438,0.17358183860778809,-89.92217254638672,0.003189063150012868,499.2999938704299,0.0006387027479528596,1.52587890625e-05,1.331580543606492e-07,0.894087338447593,0.4402041335705909,0.007258027791976929,0.0016542375087738037,-0.5904682874679565,0.0,0.0,-0.23999999463558197,1.0,0.800000011920929,6.648301601409912,-0.7079788446426392,1.0000000|0.0000000|0.0000000|0.0000000|0.0000000|0.0000000|0.0000000|0.0000000|0.0000000|0.0000000,0,1.0,,0,0,0,0,0,
cross_town,Town02,mixed,15,4,0.2,193.68222045898438,160.58309936523438,0.18517287075519562,-89.92217254638672,0.003189063150012868,499.2999938704299,0.0006387027479528596,1.52587890625e-05,1.331580543606492e-07,0.784208875895628,0.44020413356763294,0.007020175457000732,0.0005486607551574707,0.5335755348205566,0.0,0.0,-0.1599999964237213,1.0,0.3810727298259735,6.217042446136475,0.3335469961166382,1.0000000|0.0000000|0.0000000|0.0000000|0.0000000|0.0000000|0.0000000|0.0000000|0.0000000|0.0000000,0,1.0,,0,0,0,0,0,
cross_town,Town02,mixed,15,5,0.25,193.68222045898438,160.58309936523438,0.19481006264686584,-89.92217254638672,0.003189063150012868,499.2999938704299,0.0006387027479528596,1.52587890625e-05,1.331580543606492e-07,0.6320975303654454,0.4402041335604935,0.004157811403274536,0.0016435086727142334,0.06906221807003021,0.0,0.0,-0.07999999821186066,1.0,0.3810727298259735,9.14807415008545,0.5620189905166626,1.0000000|0.0000000|0.0000000|0.0000000|0.0000000|0.0000000|0.0000000|0.0000000|0.0000000|0.0000000,0,1.0,,0,0,0,0,0,
cross_town,Town02,mixed,15,6,0.3,193.68222045898438,160.58309936523438,0.20233973860740662,-89.92217254638672,0.003189063150012868,499.2999938704299,0.0006387027479528596,1.52587890625e-05,1.331580543606492e-07,0.48441306352620433,0.44068039924995267,0.008609026670455933,0.0011521875858306885,-0.15747974812984467,0.0,0.0,-0.15747974812984467,1.0,0.3810727298259735,13.017499923706055,0.5180388689041138,1.0000000|0.0000000|0.0000000|0.0000000|0.0000000|0.0000000|0.0000000|0.0000000|0.0000000|0.0000000,0,1.0,,0,0,0,0,0,
cross_town,Town02,mixed,15,7,0.35,193.68222045898438,160.58309936523438,0.20799343287944794,-89.92217254638672,0.003189063150012868,499.2999938704299,0.0006387027479528596,1.52587890625e-05,1.331580543606492e-07,0.358947426081175,0.44020413356936405,0.005689531564712524,0.0029141008853912354,-0.58549565076828,0.0,0.0,-0.23747974634170532,1.0,0.800000011920929,5.042934417724609,-0.5283809304237366,1.0000000|0.0000000|0.0000000|0.0000000|0.0000000|0.0000000|0.0000000|0.0000000|0.0000000|0.0000000,0,1.0,,0,0,0,0,0,
cross_town,Town02,mixed,15,8,0.4,193.68222045898438,160.58309936523438,0.21212267875671387,-89.92217254638672,0.003189063150012868,499.2999938704299,0.0006387027479528596,1.52587890625e-05,1.331580543606492e-07,0.25964791774762924,0.44125836402058255,0.009571999311447144,0.008611112833023071,-0.6908939480781555,0.0,0.0,-0.3174797594547272,0.9894576668739319,0.800000011920929,0.8354374170303345,-0.512635350227356,1.0000000|0.0000000|0.0000000|0.0000000|0.0000000|0.0000000|0.0000000|0.0000000|0.0000000|0.0000000,0,1.0,,0,0,0,0,0,
cross_town,Town02,mixed,15,9,0.45,193.68222045898438,160.58309936523438,0.21507757902145386,-89.92217254638672,0.003189063150012868,499.2999938704299,0.0006387027479528596,1.52587890625e-05,1.331580543606492e-07,0.18444832563479333,0.44020432430472334,0.010741233825683594,0.0004044175148010254,0.8259629011154175,0.0,0.0,-0.23747976124286652,0.9999980926513672,0.3810727298259735,3.415478467941284,0.47019046545028687,1.0000000|0.0000000|0.0000000|0.0000000|0.0000000|0.0000000|0.0000000|0.0000000|0.0000000|0.0000000,0,1.0,,0,0,0,0,0,
cross_town,Town02,mixed,15,10,0.5,193.68222045898438,160.58309936523438,0.2171592265367508,-89.92217254638672,0.003189063150012868,499.2999938704299,0.0006387027479528596,1.52587890625e-05,1.331580543606492e-07,0.12919042110446388,0.4402066250374989,0.01174965500831604,0.0006213188171386719,0.5736490488052368,0.0,0.0,-0.15747976303100586,0.9999750852584839,0.3810727298259735,2.7684459686279297,0.6796587705612183,1.0000000|0.0000000|0.0000000|0.0000000|0.0000000|0.0000000|0.0000000|0.0000000|0.0000000|0.0000000,0,1.0,344.3856810371995,0,0,0,0,0,
cross_town,Town02,mixed,15,11,0.55,193.68222045898438,160.58309936523438,0.21860751509666443,-89.92217254638672,0.003189063150012868,499.2999938704299,0.0006387027479528596,1.52587890625e-05,1.331580543606492e-07,0.08946296945459323,0.44020436006158753,0.004725813865661621,0.004021793603897095,-0.579620361328125,0.0,0.0,-0.23747976124286652,0.9999977350234985,0.800000011920929,2.9496734142303467,-0.40090620517730713,1.0000000|0.0000000|0.0000000|0.0000000|0.0000000|0.0000000|0.0000000|0.0000000|0.0000000|0.0000000,0,1.0,107.24834859479677,0,0,0,0,0,
cross_town,Town02,mixed,15,12,0.6,193.68222045898438,160.58309936523438,0.2196049839258194,-89.92217254638672,0.003189063150012868,499.2999938704299,0.0006387027479528596,1.52587890625e-05,1.331580543606492e-07,0.06137859150830856,0.44520227933120154,0.017048954963684082,0.0005023777484893799,0.5293894410133362,0.0,0.0,-0.15747976303100586,0.9500116109848022,0.3810727298259735,0.8550980687141418,0.9563078880310059,1.0000000|0.0000000|0.0000000|0.0000000|0.0000000|0.0000000|0.0000000|0.0000000|0.0000000|0.0000000,0,1.0,71.70847551896162,0,0,0,0,0,
cross_town,Town02,mixed,15,13,0.65,193.68222045898438,160.58309936523438,0.22028617560863495,-89.92217254638672,0.003189063150012868,499.2999938704299,0.0006387027479528596,1.52587890625e-05,1.331580543606492e-07,0.041780354083032975,0.4402034661228026,0.004715919494628906,0.0040382444858551025,-0.5755842924118042,0.0,0.0,-0.23747976124286652,0.9999604225158691,0.800000011920929,2.2344632148742676,-0.3878302574157715,1.0000000|0.0000000|0.0000000|0.0000000|0.0000000|0.0000000|0.0000000|0.0000000|0.0000000|0.0000000,0,1.0,57.70304924295731,0,0,0,0,0,
cross_town,Town02,mixed,15,14,0.7,193.68222045898438,160.58309936523438,0.22074809670448303,-89.92217254638672,0.003189063150012868,499.2999938704299,0.0006387027479528596,1.52587890625e-05,1.331580543606492e-07,0.028250450268393127,0.4401944454347204,0.008552253246307373,0.012549489736557007,-0.6730044484138489,0.0,0.0,-0.3174797594547272,0.9999809265136719,0.800000011920929,2.417048692703247,-0.4365742802619934,1.0000000|0.0000000|0.0000000|0.0000000|0.0000000|0.0000000|0.0000000|0.0000000|0.0000000|0.0000000,0,1.0,49.10124719267,0,0,0,0,0,
cross_town,Town02,mixed,15,15,0.75,193.68222045898438,160.58309936523438,0.2210593819618225,-89.92217254638672,0.003189063150012868,499.2999938704299,0.0006387027479528596,1.52587890625e-05,1.331580543606492e-07,0.01899220235784587,0.4401832569763927,0.00844922661781311,0.008436918258666992,-0.7424656748771667,0.0,0.0,-0.397479772567749,0.9999963045120239,0.800000011920929,2.8268275260925293,-0.06308114528656006,1.0000000|0.0000000|0.0000000|0.0000000|0.0000000|0.0000000|0.0000000|0.0000000|0.0000000|0.0000000,0,1.0,43.300086494726834,0,0,0,0,0,
cross_town,Town02,mixed,15,16,0.8,193.68222045898438,160.58309936523438,0.22126804292201996,-89.92217254638672,0.003189063150012868,499.2999938704299,0.0006387027479528596,1.52587890625e-05,1.331580543606492e-07,0.01270589400179047,0.44017145924256135,0.010536372661590576,0.00028014183044433594,0.8499382138252258,0.0,0.0,-0.3174797594547272,0.9999986886978149,0.38056063652038574,3.4979796409606934,0.8416346311569214,1.0000000|0.0000000|0.0000000|0.0000000|0.0000000|0.0000000|0.0000000|0.0000000|0.0000000|0.0000000,0,1.0,38.79075214254038,0,0,0,0,0,
cross_town,Town02,mixed,15,17,0.85,193.68222045898438,160.58309936523438,0.2214072346687317,-89.92217254638672,0.003189063150012868,499.2999938704299,0.0006387027479528596,1.52587890625e-05,1.331580543606492e-07,0.0084636267274841,0.440158540314874,0.011624842882156372,0.0006186068058013916,0.8776801824569702,0.0,0.0,-0.23747976124286652,1.0,0.3802841305732727,5.4973859786987305,0.46682703495025635,1.0000000|0.0000000|0.0000000|0.0000000|0.0000000|0.0000000|0.0000000|0.0000000|0.0000000|0.0000000,0,1.0,35.455003666721566,0,0,0,0,0,
cross_town,Town02,mixed,15,18,0.9,193.68222045898438,160.58309936523438,0.2214072346687317,-89.92217254638672,0.003189063150012868,499.2999938704299,0.0006387027479528596,1.52587890625e-05,1.331580543606492e-07,0.0,0.4401451308626379,0.015857458114624023,0.0006000697612762451,0.6526520252227783,0.0,0.0,-0.15747976303100586,0.9999915361404419,0.3799798786640167,3.0391433238983154,0.9642010927200317,1.0000000|0.0000000|0.0000000|0.0000000|0.0000000|0.0000000|0.0000000|0.0000000|0.0000000|0.0000000,0,1.0,32.78127659446355,0,0,0,0,0,
cross_town,Town02,mixed,15,19,0.95,193.68222045898438,160.58309936523438,0.22150881588459015,-89.92217254638672,0.003189063150012868,499.2999938704299,0.0006387027479528596,1.52587890625e-05,1.331580543606492e-07,0.002192424662570022,0.440128279416497,0.008136510848999023,0.0013162493705749512,0.5253868699073792,0.0,0.0,-0.0774797648191452,1.0,0.37964287400245667,14.607473373413086,0.5463676452636719,1.0000000|0.0000000|0.0000000|0.0000000|0.0000000|0.0000000|0.0000000|0.0000000|0.0000000|0.0000000,0,1.0,30.554819553418838,0,0,0,0,0,
cross_town,Town02,mixed,15,20,1.0,193.68222045898438,160.58309936523438,0.22154204547405243,-89.92217254638672,0.003189063150012868,499.2999938704299,0.0006387027479528596,1.52587890625e-05,1.331580543606492e-07,0.002424030275036914,0.4401101257530375,0.011580199003219604,0.001516193151473999,0.268237441778183,0.0,0.0,0.0025202352553606033,1.0,0.3792671859264374,9.10766887664795,0.9104833602905273,1.0000000|0.0000000|0.0000000|0.0000000|0.0000000|0.0000000|0.0000000|0.0000000|0.0000000|0.0000000,0,1.0,27.923558280217797,0,0,0,0,0,
cross_town,Town02,mixed,15,21,1.05,193.68222045898438,160.58309936523438,0.22157400846481323,-89.92217254638672,0.003189063150012868,499.2999938704299,0.0006387027479528596,1.52587890625e-05,1.331580543606492e-07,0.002181026316542341,0.4400898498564596,0.021696150302886963,0.000164031982421875,0.43202289938926697,0.0,0.0,0.08252023160457611,1.0,0.37884438037872314,9.941904067993164,-0.36065804958343506,1.0000000|0.0000000|0.0000000|0.0000000|0.0000000|0.0000000|0.0000000|0.0000000|0.0000000|0.0000000,0,1.0,25.229219921468193,0,0,0,0,0,
cross_town,Town02,mixed,15,22,1.1,193.68222045898438,160.58309936523438,0.22160106897354126,-89.92217254638672,0.003189063150012868,499.2999938704299,0.0006387027479528596,1.52587890625e-05,1.331580543606492e-07,0.0017835617071454493,0.44018756098118245,0.2787720561027527,0.0032343268394470215,-0.6744714379310608,0.05999999865889549,0.0,0.002520231530070305,0.9987972974777222,0.800000011920929,1.3804957866668701,-2.053898334503174,1.0000000|0.0000000|0.0000000|0.0000000|0.0000000|0.0000000|0.0000000|0.0000000|0.0000000|0.0000000,0,1.0,22.858109628493768,0,0,0,0,0,
cross_town,Town02,mixed,15,23,1.15,193.68222045898438,160.58309936523438,0.22162242233753204,-89.92217254638672,0.003189063150012868,499.2999938704299,0.0006387027479528596,1.52587890625e-05,1.331580543606492e-07,0.0013748016716199796,0.44004217392820033,0.014003127813339233,0.00010773539543151855,0.8308715224266052,0.0,0.0,0.08252023160457611,1.0,0.37786030769348145,12.191121101379395,-0.011145710945129395,1.0000000|0.0000000|0.0000000|0.0000000|0.0000000|0.0000000|0.0000000|0.0000000|0.0000000|0.0000000,0,1.0,20.70952421111796,0,0,0,0,0,
cross_town,Town02,mixed,15,24,1.2,193.68222045898438,160.58309936523438,0.2216385155916214,-89.92217254638672,0.003189063150012868,499.2999938704299,0.0006387027479528596,1.52587890625e-05,1.331580543606492e-07,0.001027908304540012,0.4616140316656214,0.02293410897254944,0.0004164278507232666,0.17524999380111694,0.0,0.0,0.16252022981643677,0.7840015292167664,0.3772919774055481,0.4449930191040039,-0.28150278329849243,1.0000000|0.0000000|0.0000000|0.0000000|0.0000000|0.0000000|0.0000000|0.0000000|0.0000000|0.0000000,0,1.0,18.753529972973954,0,0,0,0,0,
cross_town,Town02,mixed,15,25,1.25,193.68222045898438,160.58309936523438,0.22165034711360931,-89.92217254638672,0.003189063150012868,499.2999938704299,0.0006387027479528596,1.52587890625e-05,1.331580543606492e-07,0.0007479629542191367,0.43998306880388194,0.06707894802093506,0.005374014377593994,-0.7148962020874023,0.05999999865889549,0.0,0.08252023160457611,1.0,0.800000011920929,5.104559898376465,-2.1100010871887207,1.0000000|0.0000000|0.0000000|0.0000000|0.0000000|0.0000000|0.0000000|0.0000000|0.0000000|0.0000000,0,1.0,17.101615379083686,0,0,0,0,0,
cross_town,Town02,mixed,15,26,1.3,193.68222045898438,160.58309936523438,0.22165893018245697,-89.92217254638672,0.003189063150012868,499.2999938704299,0.0006387027479528596,1.52587890625e-05,1.331580543606492e-07,0.0005316696215852732,0.43994877017267414,0.01054874062538147,0.0002969503402709961,0.7096771597862244,0.0,0.0,0.16252022981643677,1.0,0.37597891688346863,5.075082302093506,-1.2930116653442383,1.0000000|0.0000000|0.0000000|0.0000000|0.0000000|0.0000000|0.0000000|0.0000000|0.0000000|0.0000000,0,1.0,15.73462765141248,0,0,0,0,0,
cross_town,Town02,mixed,15,27,1.35,193.68222045898438,160.58309936523438,0.22166140377521515,-89.92217254638672,0.003189063150012868,499.2999938704299,0.0006387027479528596,1.52587890625e-05,1.331580543606492e-07,0.00016496681401207718,0.4399111856395836,0.06705546379089355,0.005376696586608887,-0.7148568630218506,0.05999999865889549,0.0,0.08252023160457611,1.0,0.800000011920929,5.103913307189941,-2.1100263595581055,1.0000000|0.0000000|0.0000000|0.0000000|0.0000000|0.0000000|0.0000000|0.0000000|0.0000000|0.0000000,0,1.0,14.564480709817612,0,0,0,0,0,
cross_town,Town02,mixed,15,28,1.4,193.68222045898438,160.58309936523438,0.22166426479816437,-89.92217254638672,0.003189063150012868,499.2999938704299,0.0006387027479528596,1.52587890625e-05,1.331580543606492e-07,0.0002206878622837111,0.43999335939696055,0.5857611894607544,0.002866119146347046,-0.5616428852081299,0.11999999731779099,0.0,0.002520231530070305,0.9987687468528748,0.800000011920929,1.3746254444122314,-2.1916418075561523,1.0000000|0.0000000|0.0000000|0.0000000|0.0000000|0.0000000|0.0000000|0.0000000|0.0000000|0.0000000,0,1.0,13.575112366841811,0,0,0,0,0,
cross_town,Town02,mixed,15,29,1.45,193.68222045898438,160.58309936523438,0.2216673195362091,-89.92217254638672,0.003189063150012868,499.2999938704299,0.0006387027479528596,1.52587890625e-05,1.331580543606492e-07,0.00021286014591592948,0.4398258444597599,0.01175624132156372,0.00012624263763427734,0.9381820559501648,0.05999999865889549,0.0,0.08252023160457611,1.0,0.37356212735176086,5.577554225921631,-0.808559775352478,1.0000000|0.0000000|0.0000000|0.0000000|0.0000000|0.0000000|0.0000000|0.0000000|0.0000000|0.0000000,0,1.0,12.720741614645084,0,0,0,0,0,
cross_town,Town02,mixed,15,30,1.5,193.68222045898438,160.58309936523438,0.2216700315475464,-89.92217254638672,0.003189063150012868,499.2999938704299,0.0006387027479528596,1.52587890625e-05,1.331580543606492e-07,0.00017722339316195287,0.43990109087479445,0.5857744216918945,0.002866029739379883,-0.5616362690925598,0.11999999731779099,0.0,0.002520231530070305,0.9987680315971375,0.800000011920929,1.3744796514511108,-2.191660165786743,1.0000000|0.0000000|0.0000000|0.0000000|0.0000000|0.0000000|0.0000000|0.0000000|0.0000000|0.0000000,0,1.0,11.965809841511104,0,0,0,0,0,
cross_town,Town02,mixed,15,31,1.55,193.68222045898438,160.58309936523438,0.2216721624135971,-89.92217254638672,0.003189063150012868,499.2999938704299,0.0006387027479528596,1.52587890625e-05,1.331580543606492e-07,0.00014330295395406493,0.4397263447487165,0.02040383219718933,0.0002587437629699707,0.9394500851631165,0.05999999865889549,0.0,0.08252023160457611,0.9999988079071045,0.3716658353805542,3.5470173358917236,-0.8671209812164307,1.0000000|0.0000000|0.0000000|0.0000000|0.0000000|0.0000000|0.0000000|0.0000000|0.0000000|0.0000000,0,1.0,11.288671508347626,0,0,0,0,0,
cross_town,Town02,mixed,15,32,1.6,193.68222045898438,160.58309936523438,0.221673846244812,-89.92217254638672,0.003189063150012868,499.2999938704299,0.0006387027479528596,1.52587890625e-05,1.331580543606492e-07,0.00011099626426000502,0.44061943014301114,0.06255525350570679,0.00035443902015686035,0.7837944030761719,0.06255525350570679,0.0,0.16252022981643677,0.9905120730400085,0.37063464522361755,1.2914153337478638,-1.3158888816833496,1.0000000|0.0000000|0.0000000|0.0000000|0.0000000|0.0000000|0.0000000|0.0000000|0.0000000|0.0000000,0,1.0,10.675347474295643,0,0,0,0,0,
cross_town,Town02,mixed,15,33,1.65,193.68222045898438,160.58309936523438,0.2216750979423523,-89.92217254638672,0.003189063150012868,499.2999938704299,0.0006387027479528596,1.52587890625e-05,1.331580543606492e-07,7.910156684604004e-05,0.43961136331934425,0.12652689218521118,0.001825958490371704,0.5307525396347046,0.12255525588989258,0.0,0.24252022802829742,1.0,0.369547963142395,5.54981803894043,-1.3285081386566162,1.0000000|0.0000000|0.0000000|0.0000000|0.0000000|0.0000000|0.0000000|0.0000000|0.0000000|0.0000000,0,1.0,10.301775587479701,0,0,0,0,0,
cross_town,Town02,mixed,15,34,1.7,193.68222045898438,160.58309936523438,0.2216750979423523,-89.92217254638672,0.003189063150012868,499.2999938704299,0.0006387027479528596,1.52587890625e-05,1.331580543606492e-07,5.644241309642595e-05,0.4395510145481578,0.14432388544082642,0.0017364025115966797,0.8853402733802795,0.14432388544082642,0.0,0.3225202262401581,1.0,0.3684140741825104,50.169036865234375,-0.9844697713851929,1.0000000|0.0000000|0.0000000|0.0000000|0.0000000|0.0000000|0.0000000|0.0000000|0.0000000|0.0000000,0,1.0,10.450993802341573,0,0,0,0,0,
cross_town,Town02,mixed,15,35,1.75,193.68222045898438,160.58309936523438,0.22167643904685974,-89.92217254638672,0.003189063150012868,499.2999938704299,0.0006387027479528596,1.52587890625e-05,1.331580543606492e-07,1.2086127760414751e-05,0.4398954307526697,0.03384718298912048,0.0031383931636810303,-0.14020395278930664,0.08432388305664062,0.0,0.24252022802829742,0.9959384202957153,0.800000011920929,1.0755281448364258,-1.8532439470291138,1.0000000|0.0000000|0.0000000|0.0000000|0.0000000|0.0000000|0.0000000|0.0000000|0.0000000|0.0000000,0,1.0,10.246333550736816,0,0,0,0,0,
cross_town,Town02,mixed,15,36,1.8,193.68222045898438,160.58309936523438,0.22167643904685974,-89.92217254638672,0.003189063150012868,499.2999938704299,0.0006387027479528596,1.52587890625e-05,1.331580543606492e-07,2.0874429713067606e-05,0.439425719046433,0.18924009799957275,0.0015988647937774658,0.7607938647270203,0.14432388544082642,0.0,0.3225202262401581,1.0,0.36615481972694397,51.23366165161133,-1.1966097354888916,1.0000000|0.0000000|0.0000000|0.0000000|0.0000000|0.0000000|0.0000000|0.0000000|0.0000000|0.0000000,0,1.0,10.186841129128913,0,0,0,0,0,
cross_town,Town02,mixed,15,37,1.85,193.68222045898438,160.58309936523438,0.22167643904685974,-89.92217254638672,0.003189063150012868,499.2999938704299,0.0006387027479528596,1.52587890625e-05,1.331580543606492e-07,1.919174163934381e-05,0.43935928278828784,0.046539306640625,0.00030168890953063965,0.9121705889701843,0.08432388305664062,0.0,0.40252023935317993,1.0,0.3650171160697937,78.38844299316406,-0.1915714144706726,1.0000000|0.0000000|0.0000000|0.0000000|0.0000000|0.0000000|0.0000000|0.0000000|0.0000000|0.0000000,0,1.0,9.791730379295943,0,0,0,0,0,
cross_town,Town02,mixed,15,38,1.9,193.68222045898438,160.58309936523438,0.22167643904685974,-89.92217254638672,0.003189063150012868,499.2999938704299,0.0006387027479528596,1.52587890625e-05,1.331580543606492e-07,1.936342964005871e-05,0.4392896489218835,0.03294166922569275,0.009189724922180176,0.18061575293540955,0.024323882535099983,0.0,0.3225202262401581,1.0,0.3638542890548706,30.87514877319336,-0.575602114200592,1.0000000|0.0000000|0.0000000|0.0000000|0.0000000|0.0000000|0.0000000|0.0000000|0.0000000|0.0000000,0,1.0,9.632610278399994,0,0,0,0,0,
cross_town,Town02,mixed,15,39,1.95,193.68222045898438,160.58309936523438,0.22167643904685974,-89.92217254638672,0.003189063150012868,499.2999938704299,0.0006387027479528596,1.52587890625e-05,1.331580543606492e-07,1.881610151844774e-05,0.4392179814741487,0.16908037662506104,0.002584993839263916,0.47005778551101685,0.08432388305664062,0.0,0.40252023935317993,1.0,0.3626631200313568,40.64624786376953,-0.5462594628334045,1.0000000|0.0000000|0.0000000|0.0000000|0.0000000|0.0000000|0.0000000|0.0000000|0.0000000|0.0000000,0,1.0,9.511703583917653,0,0,0,0,0,
cross_town,Town02,mixed,15,40,2.0,193.68222045898438,160.58309936523438,0.22167758643627167,-89.92217254638672,0.003189063150012868,499.2999938704299,0.0006387027479528596,1.52587890625e-05,1.331580543606492e-07,1.507226666923465e-05,0.4391448027289135,0.011452674865722656,0.004845678806304932,-0.39233672618865967,0.024323882535099983,0.0,0.3225202262401581,1.0,0.800000011920929,11.267618179321289,-1.2539833784103394,1.0000000|0.0000000|0.0000000|0.0000000|0.0000000|0.0000000|0.0000000|0.0000000|0.0000000|0.0000000,0,1.0,9.553242031826477,0,0,0,0,0,
cross_town,Town02,mixed,15,41,2.05,193.68222045898438,160.58309936523438,0.22167758643627167,-89.92217254638672,0.003189063150012868,499.2999938704299,0.0006387027479528596,1.52587890625e-05,1.331580543606492e-07,8.274270730189774e-06,0.4390645202924189,0.1542477309703827,0.0046287477016448975,0.5037391781806946,0.08432388305664062,0.0,0.40252023935317993,1.0,0.36027082800865173,33.736812591552734,-0.436535120010376,1.0000000|0.0000000|0.0000000|0.0000000|0.0000000|0.0000000|0.0000000|0.0000000|0.0000000|0.0000000,0,1.0,8.398276682127866,0,0,0,0,0,
cross_town,Town02,mixed,15,42,2.1,193.68222045898438,160.58309936523438,0.22167758643627167,-89.92217254638672,0.003189063150012868,499.2999938704299,0.0006387027479528596,1.52587890625e-05,1.331580543606492e-07,4.32591441537298e-06,0.43897236752174984,0.011452674865722656,0.004845708608627319,-0.39233794808387756,0.024323882535099983,0.0,0.3225202262401581,1.0,0.800000011920929,11.267491340637207,-1.253980278968811,1.0000000|0.0000000|0.0000000|0.0000000|0.0000000|0.0000000|0.0000000|0.0000000|0.0000000|0.0000000,0,1.0,7.603315805222021,0,0,0,0,0,
cross_town,Town02,mixed,15,43,2.15,193.68222045898438,160.58309936523438,0.22167758643627167,-89.92217254638672,0.003189063150012868,499.2999938704299,0.0006387027479528596,1.52587890625e-05,1.331580543606492e-07,4.97836850035438e-06,0.43887082603480576,0.0362856388092041,0.0027451813220977783,-0.4990556836128235,0.0,0.0,0.24252022802829742,1.0,0.800000011920929,6.822409152984619,-1.6403648853302002,1.0000000|0.0000000|0.0000000|0.0000000|0.0000000|0.0000000|0.0000000|0.0000000|0.0000000|0.0000000,0,1.0,7.192958137534777,0,0,0,0,0,
cross_town,Town02,mixed,15,44,2.2,193.68222045898438,160.58309936523438,0.22167758643627167,-89.92217254638672,0.003189063150012868,499.2999938704299,0.0006387027479528596,1.52587890625e-05,1.331580543606492e-07,2.162937600625317e-06,0.4387679073181713,0.044922322034835815,0.0049031078815460205,-0.5670475959777832,0.0,0.0,0.16252022981643677,0.9999736547470093,0.800000011920929,2.3365795612335205,-1.8049399852752686,1.0000000|0.0000000|0.0000000|0.0000000|0.0000000|0.0000000|0.0000000|0.0000000|0.0000000|0.0000000,0,1.0,7.208660849351962,0,0,0,0,0,
cross_town,Town02,mixed,15,45,2.25,193.68222045898438,160.58309936523438,0.22167758643627167,-89.92217254638672,0.003189063150012868,499.2999938704299,0.0006387027479528596,1.52587890625e-05,1.331580543606492e-07,4.875188543862609e-06,0.43865751457137403,0.16361284255981445,0.0063550472259521484,0.4353918135166168,0.05999999865889549,0.0,0.24252022802829742,1.0,0.3544861972332001,17.71249771118164,-1.1549075841903687,1.0000000|0.0000000|0.0000000|0.0000000|0.0000000|0.0000000|0.0000000|0.0000000|0.0000000|0.0000000,0,1.0,7.215487059804799,0,0,0,0,0,
cross_town,Town02,mixed,15,46,2.3,193.68222045898438,160.58309936523438,0.22167758643627167,-89.92217254638672,0.003189063150012868,499.2999938704299,0.0006387027479528596,1.52587890625e-05,1.331580543606492e-07,4.7380535675186826e-06,0.43854875347319994,0.22229492664337158,0.008542299270629883,0.4842759966850281,0.11999999731779099,0.0,0.3225202262401581,1.0,0.3529563248157501,56.61272048950195,-1.2133629322052002,1.0000000|0.0000000|0.0000000|0.0000000|0.0000000|0.0000000|0.0000000|0.0000000|0.0000000|0.0000000,0,1.0,7.375019084745769,0,0,0,0,0,
cross_town,Town02,mixed,15,47,2.35,193.68222045898438,160.58309936523438,0.22167758643627167,-89.92217254638672,0.003189063150012868,499.2999938704299,0.0006387027479528596,1.52587890625e-05,1.331580543606492e-07,6.7291377082937405e-06,0.4384392966436187,0.0405677855014801,0.0005713105201721191,0.8204692006111145,0.05999999865889549,0.0,0.40252023935317993,1.0,0.35145723819732666,68.58455657958984,-0.5610740184783936,1.0000000|0.0000000|0.0000000|0.0000000|0.0000000|0.0000000|0.0000000|0.0000000|0.0000000|0.0000000,0,1.0,7.457858266555355,0,0,0,0,0,
cross_town,Town02,mixed,15,48,2.4,193.68222045898438,160.58309936523438,0.22167758643627167,-89.92217254638672,0.003189063150012868,499.2999938704299,0.0006387027479528596,1.52587890625e-05,1.331580543606492e-07,5.603692791599032e-06,0.4383301520875565,0.025819778442382812,0.003334522247314453,0.3128810226917267,0.0,0.0,0.3225202262401581,1.0,0.34999164938926697,31.00458335876465,-0.9502536058425903,1.0000000|0.0000000|0.0000000|0.0000000|0.0000000|0.0000000|0.0000000|0.0000000|0.0000000|0.0000000,0,1.0,7.719447933519531,0,0,0,0,0,
cross_town,Town02,mixed,15,49,2.45,193.68222045898438,160.58309936523438,0.22167758643627167,-89.92217254638672,0.003189063150012868,499.2999938704299,0.0006387027479528596,1.52587890625e-05,1.331580543606492e-07,5.42497441724858e-06,0.4382262110423712,0.22690129280090332,0.00537264347076416,0.09064840525388718,0.05999999865889549,0.0,0.24252022802829742,1.0,0.348570853471756,56.07128143310547,-0.8777968883514404,1.0000000|0.0000000|0.0000000|0.0000000|0.0000000|0.0000000|0.0000000|0.0000000|0.0000000|0.0000000,0,1.0,8.71937047384386,0,0,0,0,0,
cross_town,Town02,mixed,15,50,2.5,193.68222045898438,160.58309936523438,0.22167758643627167,-89.92217254638672,0.003189063150012868,499.2999938704299,0.0006387027479528596,1.52587890625e-05,1.331580543606492e-07,5.4245372248646985e-06,0.43813771148400216,0.09375283122062683,0.0059323906898498535,-0.4701833724975586,0.09375283122062683,0.0,0.16252022981643677,0.9999984502792358,0.800000011920929,3.0519614219665527,-1.8253511190414429,1.0000000|0.0000000|0.0000000|0.0000000|0.0000000|0.0000000|0.0000000|0.0000000|0.0000000|0.0000000,0,1.0,10.640514043614262,0,0,0,0,0,
cross_town,Town02,mixed,15,51,2.55,193.68222045898438,160.58309936523438,0.22167758643627167,-89.92217254638672,0.003189063150012868,499.2999938704299,0.0006387027479528596,1.52587890625e-05,1.331580543606492e-07,6.24847679494804e-06,0.4380733518920284,0.3220703601837158,0.001236051321029663,-0.5215908288955688,0.15375283360481262,0.0,0.08252023160457611,0.9999585151672363,0.800000011920929,2.22232985496521,-2.769166946411133,1.0000000|0.0000000|0.0000000|0.0000000|0.0000000|0.0000000|0.0000000|0.0000000|0.0000000|0.0000000,0,1.0,14.7325743900136,0,0,0,0,0,
cross_town,Town02,mixed,15,52,2.6,193.68222045898438,160.58309936523438,0.22167758643627167,-89.92217254638672,0.003189063150012868,499.2999938704299,0.0006387027479528596,1.52587890625e-05,1.331580543606492e-07,3.433911252103276e-07,0.4380232603499854,0.05160027742385864,4.991888999938965e-05,0.9215839505195618,0.09375283122062683,0.0,0.16252022981643677,1.0,0.34532567858695984,12.522775650024414,-1.676487922668457,1.0000000|0.0000000|0.0000000|0.0000000|0.0000000|0.0000000|0.0000000|0.0000000|0.0000000|0.0000000,0,1.0,15.752751466643497,0,0,0,0,0,
cross_town,Town02,mixed,15,53,2.65,193.68222045898438,160.58309936523438,0.22167758643627167,-89.92217254638672,0.003189063150012868,499.2999938704299,0.0006387027479528596,1.52587890625e-05,1.331580543606492e-07,1.2359877099897056e-06,0.4380043583169365,0.3220698833465576,0.0012360811233520508,-0.5215907692909241,0.15375283360481262,0.0,0.08252023160457611,0.9999585151672363,0.800000011920929,2.2223362922668457,-2.7691640853881836,1.0000000|0.0000000|0.0000000|0.0000000|0.0000000|0.0000000|0.0000000|0.0000000|0.0000000|0.0000000,0,1.0,15.81520704112957,0,0,0,0,0,
cross_town,Town02,mixed,15,54,2.7,193.68222045898438,160.58309936523438,0.22167758643627167,-89.92217254638672,0.003189063150012868,499.2999938704299,0.0006387027479528596,1.52587890625e-05,1.331580543606492e-07,2.059936404133634e-06,0.4379967122158478,0.010279804468154907,0.00012132525444030762,0.8264375329017639,0.09375283122062683,0.0,0.16252022981643677,1.0,0.34450098872184753,12.560500144958496,-1.810638189315796,1.0000000|0.0000000|0.0000000|0.0000000|0.0000000|0.0000000|0.0000000|0.0000000|0.0000000|0.0000000,0,1.0,15.808423157997398,0,0,0,0,0,
cross_town,Town02,mixed,15,55,2.75,193.68222045898438,160.58309936523438,0.22167758643627167,-89.92217254638672,0.003189063150012868,499.2999938704299,0.0006387027479528596,1.52587890625e-05,1.331580543606492e-07,2.78091745695928e-06,0.4379966142758132,0.025360435247421265,0.0021965205669403076,0.4813362658023834,0.03375283256173134,0.0,0.24252022802829742,0.9999998807907104,0.34445953369140625,4.2033162117004395,-1.0733686685562134,1.0000000|0.0000000|0.0000000|0.0000000|0.0000000|0.0000000|0.0000000|0.0000000|0.0000000|0.0000000,0,1.0,15.868007511967956,0,0,0,0,0,
cross_town,Town02,mixed,15,56,2.8,193.68222045898438,160.58309936523438,0.22167758643627167,-89.92217254638672,0.003189063150012868,499.2999938704299,0.0006387027479528596,1.52587890625e-05,1.331580543606492e-07,3.501899609483143e-06,0.4379964384924599,0.07723155617713928,0.00534483790397644,-0.5183830857276917,0.07723155617713928,0.0,0.16252022981643677,0.9999998807907104,0.800000011920929,3.606982707977295,-1.8386034965515137,1.0000000|0.0000000|0.0000000|0.0000000|0.0000000|0.0000000|0.0000000|0.0000000|0.0000000|0.0000000,0,1.0,15.827215949167357,0,0,0,0,0,
cross_town,Town02,mixed,15,57,2.85,193.68222045898438,160.58309936523438,0.22167758643627167,-89.92217254638672,0.003189063150012868,499.2999938704299,0.0006387027479528596,1.52587890625e-05,1.331580543606492e-07,4.2228738291217225e-06,0.4379963213654743,0.029322773218154907,0.0035888254642486572,0.29731252789497375,0.01723155565559864,0.0,0.24252022802829742,0.9999994039535522,0.34445616602897644,3.7180705070495605,-0.9350751638412476,1.0000000|0.0000000|0.0000000|0.0000000|0.0000000|0.0000000|0.0000000|0.0000000|0.0000000|0.0000000,0,1.0,15.833677720470943,0,0,0,0,0,
cross_town,Town02,mixed,15,58,2.9,193.68222045898438,160.58309936523438,0.22167758643627167,-89.92217254638672,0.003189063150012868,499.2999938704299,0.0006387027479528596,1.52587890625e-05,1.331580543606492e-07,4.875184820355106e-06,0.43799611892613904,0.1082165539264679,0.020703673362731934,-0.3042285740375519,0.07723155617713928,0.0,0.16252022981643677,1.0,0.34445419907569885,6.888355255126953,-0.5106770992279053,1.0000000|0.0000000|0.0000000|0.0000000|0.0000000|0.0000000|0.0000000|0.0000000|0.0000000|0.0000000,0,1.0,15.73327738625422,0,0,0,0,0,
cross_town,Town02,mixed,15,59,2.95,193.68222045898438,160.58309936523438,0.22167758643627167,-89.92217254638672,0.003189063150012868,499.2999938704299,0.0006387027479528596,1.52587890625e-05,1.331580543606492e-07,5.561836841025416e-06,0.4379960145439559,0.028313159942626953,0.0029121339321136475,0.459442138671875,0.01723155565559864,0.0,0.24252022802829742,1.0,0.34445250034332275,8.538673400878906,-1.3513871431350708,1.0000000|0.0000000|0.0000000|0.0000000|0.0000000|0.0000000|0.0000000|0.0000000|0.0000000|0.0000000,0,1.0,15.686015517088016,0,0,0,0,0,
cross_town,Town02,mixed,15,60,3.0,193.68222045898438,160.58309936523438,0.22167758643627167,-89.92217254638672,0.003189063150012868,499.2999938704299,0.0006387027479528596,1.52587890625e-05,1.331580543606492e-07,0.0,0.4379959376291537,0.09124654531478882,0.007644861936569214,0.1130119264125824,0.07723155617713928,0.0,0.16252022981643677,1.0,0.34445127844810486,5.813935279846191,-0.940819263458252,1.0000000|0.0000000|0.0000000|0.0000000|0.0000000|0.0000000|0.0000000|0.0000000|0.0000000|0.0000000,0,1.0,15.551756765339341,0,0,0,0,0,
cross_town,Town02,mixed,15,61,3.05,193.68222045898438,160.58309936523438,0.22167758643627167,-89.92217254638672,0.003189063150012868,499.2999938704299,0.0006387027479528596,1.52587890625e-05,1.331580543606492e-07,1.0299855821836478e-06,0.4379958497248476,0.29472148418426514,0.0015081167221069336,-0.566720724105835,0.13723155856132507,0.0,0.08252023160457611,1.0,0.800000011920929,4.155922889709473,-2.5994467735290527,1.0000000|0.0000000|0.0000000|0.0000000|0.0000000|0.0000000|0.0000000|0.0000000|0.0000000|0.0000000,0,1.0,15.492236181974652,0,0,0,0,0,
cross_town,Town02,mixed,15,62,3.1,193.68222045898438,160.58309936523438,0.22167758643627167,-89.92217254638672,0.003189063150012868,499.2999938704299,0.0006387027479528596,1.52587890625e-05,1.331580543606492e-07,1.9226131470422703e-06,0.4379957947837479,0.0097331702709198,0.0001971721649169922,0.8249973654747009,0.07723155617713928,0.0,0.16252022981643677,1.0,0.34444931149482727,13.5427885055542,-1.3248363733291626,1.0000000|0.0000000|0.0000000|0.0000000|0.0000000|0.0000000|0.0000000|0.0000000|0.0000000|0.0000000,0,1.0,15.369736811369064,0,0,0,0,0,
cross_town,Town02,mixed,15,63,3.15,193.68222045898438,160.58309936523438,0.22167758643627167,-89.92217254638672,0.003189063150012868,499.2999938704299,0.0006387027479528596,1.52587890625e-05,1.331580543606492e-07,2.677918248009657e-06,0.43799575083036524,0.026971369981765747,0.002490818500518799,0.49293115735054016,0.01723155565559864,0.0,0.24252022802829742,1.0,0.34444865584373474,8.07986831665039,-1.5202568769454956,1.0000000|0.0000000|0.0000000|0.0000000|0.0000000|0.0000000|0.0000000|0.0000000|0.0000000|0.0000000,0,1.0,15.336308228442608,0,0,0,0,0,
cross_town,Town02,mixed,15,64,3.2,193.68222045898438,160.58309936523438,0.22167758643627167,-89.92217254638672,0.003189063150012868,499.2999938704299,0.0006387027479528596,1.52587890625e-05,1.331580543606492e-07,3.3988981926566318e-06,0.4379957233592739,0.08514699339866638,0.005963325500488281,0.06429600715637207,0.07723155617713928,0.0,0.16252022981643677,1.0,0.34444814920425415,20.699100494384766,-0.9486424922943115,1.0000000|0.0000000|0.0000000|0.0000000|0.0000000|0.0000000|0.0000000|0.0000000|0.0000000|0.0000000,0,1.0,15.247904791483148,0,0,0,0,0,
cross_town,Town02,mixed,15,65,3.25,193.68222045898438,160.58309936523438,0.22167758643627167,-89.92217254638672,0.003189063150012868,499.2999938704299,0.0006387027479528596,1.52587890625e-05,1.331580543606492e-07,4.119874356335737e-06,0.43799570687653516,0.027511149644851685,0.002570241689682007,0.45198163390159607,0.01723155565559864,0.0,0.24252022802829742,1.0,0.3444478213787079,7.6189985275268555,-1.4921573400497437,1.0000000|0.0000000|0.0000000|0.0000000|0.0000000|0.0000000|0.0000000|0.0000000|0.0000000|0.0000000,0,1.0,15.246762312322648,0,0,0,0,0,
cross_town,Town02,mixed,15,66,3.3,193.68222045898438,160.58309936523438,0.22167758643627167,-89.92217254638672,0.003189063150012868,499.2999938704299,0.0006387027479528596,1.52587890625e-05,1.331580543606492e-07,4.7378551851891665e-06,0.43799568489945245,0.10635682940483093,0.01807427406311035,-0.19651491940021515,0.07723155617713928,0.0,0.16252022981643677,1.0,0.34444761276245117,7.034905910491943,-0.5595388412475586,1.0000000|0.0000000|0.0000000|0.0000000|0.0000000|0.0000000|0.0000000|0.0000000|0.0000000|0.0000000,0,1.0,15.182768408690574,0,0,0,0,0,
cross_town,Town02,mixed,15,67,3.35,193.68222045898438,160.58309936523438,0.22167758643627167,-89.92217254638672,0.003189063150012868,499.2999938704299,0.0006387027479528596,1.52587890625e-05,1.331580543606492e-07,5.493167802679067e-06,0.4379956848994525,0.030713021755218506,0.003008633852005005,0.4254091680049896,0.01723155565559864,0.0,0.24252022802829742,1.0,0.3444473445415497,8.173550605773926,-1.3177756071090698,1.0000000|0.0000000|0.0000000|0.0000000|0.0000000|0.0000000|0.0000000|0.0000000|0.0000000|0.0000000,0,1.0,15.195016949423017,0,0,0,0,0,
cross_town,Town02,mixed,15,68,3.4,193.68222045898438,160.58309936523438,0.22167758643627167,-89.92217254638672,0.003189063150012868,499.2999938704299,0.0006387027479528596,1.52587890625e-05,1.331580543606492e-07,6.3171424936496615e-06,0.437995668416567,0.08222153782844543,0.00945696234703064,0.09136483073234558,0.07723155617713928,0.0,0.16252022981643677,1.0,0.3444473445415497,6.254857540130615,-0.8733664751052856,1.0000000|0.0000000|0.0000000|0.0000000|0.0000000|0.0000000|0.0000000|0.0000000|0.0000000|0.0000000,0,1.0,15.132025613540177,0,0,0,0,0,
cross_town,Town02,mixed,15,69,3.45,193.68222045898438,160.58309936523438,0.22167758643627167,-89.92217254638672,0.003189063150012868,499.2999938704299,0.0006387027479528596,1.52587890625e-05,1.331580543606492e-07,5.493171120845587e-07,0.4379956684165669,0.2947228252887726,0.001508086919784546,-0.5667200684547424,0.13723155856132507,0.0,0.08252023160457611,1.0,0.800000011920929,4.155844688415527,-2.5994491577148438,1.0000000|0.0000000|0.0000000|0.0000000|0.0000000|0.0000000|0.0000000|0.0000000|0.0000000|0.0000000,0,1.0,15.135118038205178,0,0,0,0,0,
cross_town,Town02,mixed,15,70,3.5,193.68222045898438,160.58309936523438,0.22167758643627167,-89.92217254638672,0.003189063150012868,499.2999938704299,0.0006387027479528596,1.52587890625e-05,1.331580543606492e-07,1.441956462511677e-06,0.4379957106059737,0.013632088899612427,0.00023165345191955566,0.6440439224243164,0.07723155617713928,0.0,0.16252022981643677,0.9999995231628418,0.34444716572761536,3.812917709350586,-1.4134783744812012,1.0000000|0.0000000|0.0000000|0.0000000|0.0000000|0.0000000|0.0000000|0.0000000|0.0000000|0.0000000,0,1.0,15.05624312588179,0,0,0,0,0,
cross_town,Town02,mixed,15,71,3.55,193.68222045898438,160.58309936523438,0.22167758643627167,-89.92217254638672,0.003189063150012868,499.2999938704299,0.0006387027479528596,1.52587890625e-05,1.331580543606492e-07,2.334596154125861e-06,0.437995657427942,0.027099937200546265,0.003103286027908325,0.40753424167633057,0.01723155565559864,0.0,0.24252022802829742,1.0,0.3444471061229706,10.714913368225098,-1.1711853742599487,1.0000000|0.0000000|0.0000000|0.0000000|0.0000000|0.0000000|0.0000000|0.0000000|0.0000000|0.0000000,0,1.0,15.04621562190135,0,0,0,0,0,
cross_town,Town02,mixed,15,72,3.6,193.68222045898438,160.58309936523438,0.22167758643627167,-89.92217254638672,0.003189063150012868,499.2999938704299,0.0006387027479528596,1.52587890625e-05,1.331580543606492e-07,3.227235777063165e-06,0.437995657427942,0.0835341215133667,0.008348256349563599,0.11621493846178055,0.07723155617713928,0.0,0.16252022981643677,1.0,0.3444470465183258,5.386599063873291,-0.8988454341888428,1.0000000|0.0000000|0.0000000|0.0000000|0.0000000|0.0000000|0.0000000|0.0000000|0.0000000|0.0000000,0,1.0,14.97625966891484,0,0,0,0,0,
cross_town,Town02,mixed,15,73,3.65,193.68222045898438,160.58309936523438,0.22167758643627167,-89.92217254638672,0.003189063150012868,499.2999938704299,0.0006387027479528596,1.52587890625e-05,1.331580543606492e-07,3.948212512061265e-06,0.43799565742794194,0.2947220802307129,0.0015081167221069336,-0.5667202472686768,0.13723155856132507,0.0,0.08252023160457611,1.0,0.800000011920929,4.155896186828613,-2.599447727203369,1.0000000|0.0000000|0.0000000|0.0000000|0.0000000|0.0000000|0.0000000|0.0000000|0.0000000|0.0000000,0,1.0,15.005911766328275,0,0,0,0,0,
cross_town,Town02,mixed,15,74,3.7,193.68222045898438,160.58309936523438,0.22167758643627167,-89.92217254638672,0.003189063150012868,499.2999938704299,0.0006387027479528596,1.52587890625e-05,1.331580543606492e-07,4.806518680343434e-06,0.4380365408284412,0.49270305037498474,0.0015761256217956543,-0.4208676815032959,0.19723156094551086,0.0,0.002520231530070305,0.999591052532196,0.800000011920929,1.6503679752349854,-2.774303913116455,1.0000000|0.0000000|0.0000000|0.0000000|0.0000000|0.0000000|0.0000000|0.0000000|0.0000000|0.0000000,0,1.0,14.99489405122656,0,0,0,0,0,
cross_town,Town02,mixed,15,75,3.75,193.68222045898438,160.58309936523438,0.22167758643627167,-89.92217254638672,0.003189063150012868,499.2999938704299,0.0006387027479528596,1.52587890625e-05,1.331580543606492e-07,5.6304942391199505e-06,0.43799564608166097,0.044201284646987915,0.0019340813159942627,0.7410494089126587,0.13723155856132507,0.0,0.08252023160457611,1.0,0.34444692730903625,18.57516098022461,-1.0654617547988892,1.0000000|0.0000000|0.0000000|0.0000000|0.0000000|0.0000000|0.0000000|0.0000000|0.0000000|0.0000000,0,1.0,15.091116860395001,0,0,0,0,0,
cross_town,Town02,mixed,15,76,3.8,193.68222045898438,160.58309936523438,0.22167758643627167,-89.92217254638672,0.003189063150012868,499.2999938704299,0.0006387027479528596,1.52587890625e-05,1.331580543606492e-07,6.523132474662424e-06,0.43799564643928873,0.00986829400062561,0.00017258524894714355,0.8264570236206055,0.07723155617713928,0.0,0.16252022981643677,1.0,0.34444692730903625,14.745874404907227,-1.4249083995819092,1.0000000|0.0000000|0.0000000|0.0000000|0.0000000|0.0000000|0.0000000|0.0000000|0.0000000|0.0000000,0,1.0,15.13448238495989,0,0,0,0,0,
cross_town,Town02,mixed,15,77,3.85,193.68222045898438,160.58309936523438,0.22167758643627167,-89.92217254638672,0.003189063150012868,499.2999938704299,0.0006387027479528596,1.52587890625e-05,1.331580543606492e-07,2.3602238625537197e-09,0.4410846706825272,0.02749788761138916,0.0022521018981933594,0.22437338531017303,0.01723155565559864,0.0,0.22437338531017303,1.0,0.34444692730903625,13.813850402832031,-1.031494379043579,1.0000000|0.0000000|0.0000000|0.0000000|0.0000000|0.0000000|0.0000000|0.0000000|0.0000000|0.0000000,0,1.0,15.272997467125615,0,0,0,0,0,
cross_town,Town02,mixed,15,78,3.9,193.68222045898438,160.58309936523438,0.22167758643627167,-89.92217254638672,0.003189063150012868,499.2999938704299,0.0006387027479528596,1.52587890625e-05,1.331580543606492e-07,1.0318793141651736e-07,0.43799564643928884,0.0708894431591034,0.010433316230773926,-0.019845644012093544,0.0708894431591034,0.0,0.14437338709831238,1.0,0.34444692730903625,9.784667015075684,-0.8652727603912354,1.0000000|0.0000000|0.0000000|0.0000000|0.0000000|0.0000000|0.0000000|0.0000000|0.0000000|0.0000000,0,1.0,15.33289025637234,0,0,0,0,0,
cross_town,Town02,mixed,15,79,3.95,193.68222045898438,160.58309936523438,0.22167758643627167,-89.92217254638672,0.003189063150012868,499.2999938704299,0.0006387027479528596,1.52587890625e-05,1.331580543606492e-07,2.4037283304026734e-07,0.4379956464392887,0.025965094566345215,0.002380073070526123,0.4620436131954193,0.010889443568885326,0.0,0.22437338531017303,1.0,0.34444692730903625,8.209972381591797,-1.3937634229660034,1.0000000|0.0000000|0.0000000|0.0000000|0.0000000|0.0000000|0.0000000|0.0000000|0.0000000|0.0000000,0,1.0,15.470726867561604,0,0,0,0,0,
cross_town,Town02,mixed,15,80,4.0,193.68222045898438,160.58309936523438,0.22167758643627167,-89.92217254638672,0.003189063150012868,499.2999938704299,0.0006387027479528596,1.52587890625e-05,1.331580543606492e-07,3.7766331986705255e-07,0.43799564643928884,0.05657929182052612,0.0038230717182159424,-0.5603309869766235,0.05657929182052612,0.0,0.14437338709831238,1.0,0.800000011920929,4.4031524658203125,-1.993658185005188,1.0000000|0.0000000|0.0000000|0.0000000|0.0000000|0.0000000|0.0000000|0.0000000|0.0000000|0.0000000,0,1.0,15.508400610949666,0,0,0,0,0,
cross_town,Town02,mixed,15,81,4.05,193.68222045898438,160.58309936523438,0.22167758643627167,-89.92217254638672,0.003189063150012868,499.2999938704299,0.0006387027479528596,1.52587890625e-05,1.331580543606492e-07,5.836525111170415e-07,0.43799564643928884,0.024645894765853882,0.0036004483699798584,0.2447115033864975,0.0,0.0,0.22437338531017303,1.0,0.34444692730903625,11.64335823059082,-0.9207767248153687,1.0000000|0.0000000|0.0000000|0.0000000|0.0000000|0.0000000|0.0000000|0.0000000|0.0000000|0.0000000,0,1.0,15.614295559076556,0,0,0,0,0,
cross_town,Town02,mixed,15,82,4.1,193.68222045898438,160.58309936523438,0.22167758643627167,-89.92217254638672,0.003189063150012868,499.2999938704299,0.0006387027479528596,1.52587890625e-05,1.331580543606492e-07,7.553101798133612e-07,0.43799564643928884,0.07359170913696289,0.017375528812408447,-0.0908878892660141,0.05999999865889549,0.0,0.14437338709831238,1.0,0.34444692730903625,6.834043025970459,-0.9087296724319458,1.0000000|0.0000000|0.0000000|0.0000000|0.0000000|0.0000000|0.0000000|0.0000000|0.0000000|0.0000000,0,1.0,15.61390267702903,0,0,0,0,0,
cross_town,Town02,mixed,15,83,4.15,193.68222045898438,160.58309936523438,0.22167758643627167,-89.92217254638672,0.003189063150012868,499.2999938704299,0.0006387027479528596,1.52587890625e-05,1.331580543606492e-07,7.89663939139342e-07,0.4379956464392888,0.029274851083755493,0.0028796792030334473,0.37213367223739624,0.0,0.0,0.22437338531017303,1.0,0.34444692730903625,11.192371368408203,-1.4983727931976318,1.0000000|0.0000000|0.0000000|0.0000000|0.0000000|0.0000000|0.0000000|0.0000000|0.0000000|0.0000000,0,1.0,15.686339519055819,0,0,0,0,0,
cross_town,Town02,mixed,15,84,4.2,193.68222045898438,160.58309936523438,0.22167758643627167,-89.92217254638672,0.003189063150012868,499.2999938704299,0.0006387027479528596,1.52587890625e-05,1.331580543606492e-07,8.240232253928009e-07,0.43799564643928884,0.07730185985565186,0.010885119438171387,0.004041269887238741,0.05999999865889549,0.0,0.14437338709831238,1.0,0.34444692730903625,5.118781089782715,-0.9881038665771484,1.0000000|0.0000000|0.0000000|0.0000000|0.0000000|0.0000000|0.0000000|0.0000000|0.0000000|0.0000000,0,1.0,15.661852433350733,0,0,0,0,0,
cross_town,Town02,mixed,15,85,4.25,193.68222045898438,160.58309936523438,0.22167758643627167,-89.92217254638672,0.003189063150012868,499.2999938704299,0.0006387027479528596,1.52587890625e-05,1.331580543606492e-07,9.269894640426105e-07,0.4380369703395114,0.30942001938819885,0.002657264471054077,-0.6355825066566467,0.11999999731779099,0.0,0.06437338888645172,0.9995867609977722,0.800000011920929,1.6477396488189697,-2.4395384788513184,1.0000000|0.0000000|0.0000000|0.0000000|0.0000000|0.0000000|0.0000000|0.0000000|0.0000000|0.0000000,0,1.0,15.7252598629801,0,0,0,0,0,
cross_town,Town02,mixed,15,86,4.3,193.68222045898438,160.58309936523438,0.22167758643627167,-89.92217254638672,0.003189063150012868,499.2999938704299,0.0006387027479528596,1.52587890625e-05,1.331580543606492e-07,6.061938124561626e-09,0.43799564608166064,0.4640543758869171,0.0019210875034332275,-0.40496954321861267,0.17999999225139618,0.0,-0.015626611188054085,1.0,0.800000011920929,5.4424052238464355,-2.534914016723633,1.0000000|0.0000000|0.0000000|0.0000000|0.0000000|0.0000000|0.0000000|0.0000000|0.0000000|0.0000000,0,1.0,15.70476384036138,0,0,0,0,0,
cross_town,Town02,mixed,15,87,4.35,193.68222045898438,160.58309936523438,0.22167758643627167,-89.92217254638672,0.003189063150012868,499.2999938704299,0.0006387027479528596,1.52587890625e-05,1.331580543606492e-07,1.3764624015027228e-07,0.4416665418965563,0.18506330251693726,0.001784980297088623,-0.15865039825439453,0.18506330251693726,0.0,-0.09562660753726959,0.9632910490036011,0.800000011920929,0.5168337225914001,-2.1932244300842285,1.0000000|0.0000000|0.0000000|0.0000000|0.0000000|0.0000000|0.0000000|0.0000000|0.0000000|0.0000000,0,1.0,15.785709425200992,0,0,0,0,0,
cross_town,Town02,mixed,15,88,4.4,193.68222045898438,160.58309936523438,0.22167758643627167,-89.92217254638672,0.003189063150012868,499.2999938704299,0.0006387027479528596,1.52587890625e-05,1.331580543606492e-07,2.0608208786236597e-07,0.43799564608166075,0.03629782795906067,0.00047090649604797363,0.40846121311187744,0.12506330013275146,0.0,-0.015626607462763786,1.0,0.34444692730903625,14.329427719116211,-0.21387451887130737,1.0000000|0.0000000|0.0000000|0.0000000|0.0000000|0.0000000|0.0000000|0.0000000|0.0000000|0.0000000,0,1.0,15.786968289275482,0,0,0,0,0,
cross_town,Town02,mixed,15,89,4.45,193.68222045898438,160.58309936523438,0.22167758643627167,-89.92217254638672,0.003189063150012868,499.2999938704299,0.0006387027479528596,1.52587890625e-05,1.331580543606492e-07,3.433388050036862e-07,0.43800494440624593,0.1956154704093933,0.00207480788230896,-0.2325991988182068,0.18506330251693726,0.0,-0.09562660753726959,0.9999070167541504,0.800000011920929,2.020662546157837,-1.892212986946106,1.0000000|0.0000000|0.0000000|0.0000000|0.0000000|0.0000000|0.0000000|0.0000000|0.0000000|0.0000000,0,1.0,15.89412679370844,0,0,0,0,0,
cross_town,Town02,mixed,15,90,4.5,193.68222045898438,160.58309936523438,0.22167758643627167,-89.92217254638672,0.003189063150012868,499.2999938704299,0.0006387027479528596,1.52587890625e-05,1.331580543606492e-07,4.1199120472482483e-07,0.4379956460816609,0.03257298469543457,0.0006611347198486328,0.47912663221359253,0.12506330013275146,0.0,-0.015626607462763786,1.0,0.34444692730903625,10.431822776794434,-0.41349315643310547,1.0000000|0.0000000|0.0000000|0.0000000|0.0000000|0.0000000|0.0000000|0.0000000|0.0000000|0.0000000,0,1.0,15.91442690869855,0,0,0,0,0,
cross_town,Town02,mixed,15,91,4.55,193.68222045898438,160.58309936523438,0.22167758643627167,-89.92217254638672,0.003189063150012868,499.2999938704299,0.0006387027479528596,1.52587890625e-05,1.331580543606492e-07,5.150108599502542e-07,0.4380049444062459,0.19561541080474854,0.00207480788230896,-0.2325991988182068,0.18506330251693726,0.0,-0.09562660753726959,0.9999070167541504,0.800000011920929,2.020664691925049,-1.8922134637832642,1.0000000|0.0000000|0.0000000|0.0000000|0.0000000|0.0000000|0.0000000|0.0000000|0.0000000|0.0000000,0,1.0,16.037436173391892,0,0,0,0,0,
cross_town,Town02,mixed,15,92,4.6,193.68222045898438,160.58309936523438,0.22167758643627167,-89.92217254638672,0.003189063150012868,499.2999938704299,0.0006387027479528596,1.52587890625e-05,1.331580543606492e-07,7.210085574046935e-07,0.43799564608166097,0.04224321246147156,0.0008557438850402832,0.6044492125511169,0.12506330013275146,0.0,-0.015626607462763786,1.0,0.34444692730903625,18.561357498168945,-0.3416746258735657,1.0000000|0.0000000|0.0000000|0.0000000|0.0000000|0.0000000|0.0000000|0.0000000|0.0000000|0.0000000,0,1.0,16.06120509726469,0,0,0,0,0,
cross_town,Town02,mixed,15,93,4.65,193.68222045898438,160.58309936523438,0.22167758643627167,-89.92217254638672,0.003189063150012868,499.2999938704299,0.0006387027479528596,1.52587890625e-05,1.331580543606492e-07,8.926682688801919e-07,0.43799564679691666,0.030024051666259766,0.0015053749084472656,0.32563772797584534,0.06506329774856567,0.0,0.06437338888645172,1.0,0.34444692730903625,4.971984386444092,-0.7861744165420532,1.0000000|0.0000000|0.0000000|0.0000000|0.0000000|0.0000000|0.0000000|0.0000000|0.0000000|0.0000000,0,1.0,16.18261884374858,0,0,0,0,0,
cross_town,Town02,mixed,15,94,4.7,193.68222045898438,160.58309936523438,0.22167758643627167,-89.92217254638672,0.003189063150012868,499.2999938704299,0.0006387027479528596,1.52587890625e-05,1.331580543606492e-07,6.884461486601117e-08,0.4379956464392887,0.017110675573349,0.0012723803520202637,0.4203680455684662,0.005063297692686319,0.0,0.14437338709831238,1.0,0.34444692730903625,6.809273719787598,-0.5026849508285522,1.0000000|0.0000000|0.0000000|0.0000000|0.0000000|0.0000000|0.0000000|0.0000000|0.0000000|0.0000000,0,1.0,16.19502786608576,0,0,0,0,0,
cross_town,Town02,mixed,15,95,4.75,193.68222045898438,160.58309936523438,0.22167758643627167,-89.92217254638672,0.003189063150012868,499.2999938704299,0.0006387027479528596,1.52587890625e-05,1.331580543606492e-07,2.4033777408977746e-07,0.4379957298857913,0.047597646713256836,0.006014466285705566,-0.14403136074543,0.0,0.0,0.06437338888645172,0.9999991655349731,0.34444692730903625,3.6661007404327393,-1.2320600748062134,1.0000000|0.0000000|0.0000000|0.0000000|0.0000000|0.0000000|0.0000000|0.0000000|0.0000000|0.0000000,0,1.0,16.303850196727563,0,0,0,0,0,
cross_town,Town02,mixed,15,96,4.8,193.68222045898438,160.58309936523438,0.22167758643627167,-89.92217254638672,0.003189063150012868,499.2999938704299,0.0006387027479528596,1.52587890625e-05,1.331580543606492e-07,4.12016134265815e-07,0.4379956460816609,0.025133609771728516,0.002353966236114502,-0.05224350839853287,0.0,0.0,-0.015626611188054085,1.0,0.34444692730903625,9.767516136169434,-0.533869743347168,1.0000000|0.0000000|0.0000000|0.0000000|0.0000000|0.0000000|0.0000000|0.0000000|0.0000000|0.0000000,0,1.0,16.300783454647082,0,0,0,0,0,
cross_town,Town02,mixed,15,97,4.85,193.68222045898438,160.58309936523438,0.22167758643627167,-89.92217254638672,0.003189063150012868,499.2999938704299,0.0006387027479528596,1.52587890625e-05,1.331580543606492e-07,5.493715635542762e-07,0.438022772870754,0.048781007528305054,0.002274811267852783,-0.42929449677467346,0.0,0.0,-0.09562660753726959,0.9997287392616272,0.800000011920929,1.7530395984649658,-1.066601276397705,1.0000000|0.0000000|0.0000000|0.0000000|0.0000000|0.0000000|0.0000000|0.0000000|0.0000000|0.0000000,0,1.0,16.39889181020969,0,0,0,0,0,
cross_town,Town02,mixed,15,98,4.9,193.68222045898438,160.58309936523438,0.22167758643627167,-89.92217254638672,0.003189063150012868,499.2999938704299,0.0006387027479528596,1.52587890625e-05,1.331580543606492e-07,5.836523769371955e-07,0.5040155342155865,0.04185369610786438,0.007380038499832153,-0.11383704841136932,0.0,0.0,-0.11383704841136932,0.4126216769218445,0.34444692730903625,0.06726861000061035,0.5319756269454956,1.0000000|0.0000000|0.0000000|0.0000000|0.0000000|0.0000000|0.0000000|0.0000000|0.0000000|0.0000000,0,1.0,16.387825307033978,0,0,0,0,0,
cross_town,Town02,mixed,15,99,4.95,193.68222045898438,160.58309936523438,0.22167758643627167,-89.92217254638672,0.003189063150012868,499.2999938704299,0.0006387027479528596,1.52587890625e-05,1.331580543606492e-07,7.896429768228003e-07,0.4379960755927312,0.02129530906677246,0.00696679949760437,0.008014887571334839,0.0,0.0,-0.03383705019950867,0.9999957084655762,0.34444692730903625,3.2482333183288574,0.016582369804382324,1.0000000|0.0000000|0.0000000|0.0000000|0.0000000|0.0000000|0.0000000|0.0000000|0.0000000|0.0000000,0,1.0,16.48623263841458,0,0,0,0,0,
cross_town,Town02,mixed,15,100,5.0,193.68222045898438,160.58309936523438,0.22167758643627167,-89.92217254638672,0.003189063150012868,499.2999938704299,0.0006387027479528596,1.52587890625e-05,1.331580543606492e-07,9.956378230371967e-07,0.4850058074194789,0.04582107067108154,0.0029527246952056885,-0.09471644461154938,0.0,0.0,-0.09471644461154938,0.5622227787971497,0.34444692730903625,0.21810004115104675,0.0771072506904602,1.0000000|0.0000000|0.0000000|0.0000000|0.0000000|0.0000000|0.0000000|0.0000000|0.0000000|0.0000000,0,1.0,16.478520257000095,0,0,0,0,0,
cross_town,Town02,mixed,15,101,5.05,193.68222045898438,160.58309936523438,0.22167758643627167,-89.92217254638672,0.003189063150012868,499.2999938704299,0.0006387027479528596,1.52587890625e-05,1.331580543606492e-07,1.2016340582189362e-06,0.4456070324629835,0.022591441869735718,0.00943252444267273,-0.10227871686220169,0.0,0.0,-0.10227871686220169,0.9999998807907104,0.34444692730903625,4.236399173736572,0.4341994524002075,1.0000000|0.0000000|0.0000000|0.0000000|0.0000000|0.0000000|0.0000000|0.0000000|0.0000000|0.0000000,0,1.0,16.49852876995744,0,0,0,0,0,
cross_town,Town02,mixed,15,102,5.1,193.68222045898438,160.58309936523438,0.22167758643627167,-89.92217254638672,0.003189063150012868,499.2999938704299,0.0006387027479528596,1.52587890625e-05,1.331580543606492e-07,0.0,0.43799568184444776,0.02205979824066162,0.0076871514320373535,0.01516766007989645,0.0,0.0,-0.022278716787695885,0.9999996423721313,0.34444692730903625,3.8519134521484375,0.22236263751983643,1.0000000|0.0000000|0.0000000|0.0000000|0.0000000|0.0000000|0.0000000|0.0000000|0.0000000|0.0000000,0,1.0,16.077114655100562,0,0,0,0,0,
cross_town,Town02,mixed,15,103,5.15,193.68222045898438,160.58309936523438,0.22167758643627167,-89.92217254638672,0.003189063150012868,499.2999938704299,0.0006387027479528596,1.52587890625e-05,1.331580543606492e-07,1.3737044025971658e-07,0.4725661884762568,0.03545990586280823,0.0023582875728607178,-0.04405924677848816,0.0,0.0,-0.04405924677848816,0.7254018783569336,0.34444692730903625,0.3984072804450989,-0.18489950895309448,1.0000000|0.0000000|0.0000000|0.0000000|0.0000000|0.0000000|0.0000000|0.0000000|0.0000000|0.0000000,0,1.0,15.739976970059141,0,0,0,0,0,
cross_town,Town02,mixed,15,104,5.2,193.68222045898438,160.58309936523438,0.22167758643627167,-89.92217254638672,0.003189063150012868,499.2999938704299,0.0006387027479528596,1.52587890625e-05,1.331580543606492e-07,2.7472715860974703e-07,0.4462546037770419,0.028154075145721436,0.003760784864425659,-0.018737083300948143,0.0,0.0,-0.018737083300948143,0.9865158796310425,0.34444692730903625,1.2287195920944214,0.13350963592529297,1.0000000|0.0000000|0.0000000|0.0000000|0.0000000|0.0000000|0.0000000|0.0000000|0.0000000|0.0000000,0,1.0,15.471549413476758,0,0,0,0,0,
cross_town,Town02,mixed,15,105,5.25,193.68222045898438,160.58309936523438,0.22167758643627167,-89.92217254638672,0.003189063150012868,499.2999938704299,0.0006387027479528596,1.52587890625e-05,1.331580543606492e-07,3.7766071144519765e-07,0.43802365430424073,0.04360046982765198,0.0023871660232543945,-0.430293470621109,0.0,0.0,-0.09873708337545395,0.9997199177742004,0.800000011920929,1.7450940608978271,-1.0386688709259033,1.0000000|0.0000000|0.0000000|0.0000000|0.0000000|0.0000000|0.0000000|0.0000000|0.0000000|0.0000000,0,1.0,15.236720538513982,0,0,0,0,0,
cross_town,Town02,mixed,15,106,5.3,193.68222045898438,160.58309936523438,0.22167758643627167,-89.92217254638672,0.003189063150012868,499.2999938704299,0.0006387027479528596,1.52587890625e-05,1.331580543606492e-07,3.777002647235439e-07,0.443906089126135,0.02478426694869995,0.008790373802185059,-0.0603361614048481,0.0,0.0,-0.0603361614048481,1.0,0.34444692730903625,8.447464942932129,0.31061315536499023,1.0000000|0.0000000|0.0000000|0.0000000|0.0000000|0.0000000|0.0000000|0.0000000|0.0000000|0.0000000,0,1.0,15.060865989439051,0,0,0,0,0,
cross_town,Town02,mixed,15,107,5.35,193.68222045898438,160.58309936523438,0.22167758643627167,-89.92217254638672,0.003189063150012868,499.2999938704299,0.0006387027479528596,1.52587890625e-05,1.331580543606492e-07,4.4637681396147603e-07,0.4384585189444765,0.00976407527923584,0.0022955238819122314,-0.4804692268371582,0.0,0.0,-0.14033615589141846,0.9953712821006775,0.800000011920929,1.0427063703536987,-0.7350758910179138,1.0000000|0.0000000|0.0000000|0.0000000|0.0000000|0.0000000|0.0000000|0.0000000|0.0000000|0.0000000,0,1.0,15.001945969151919,0,0,0,0,0,
cross_town,Town02,mixed,15,108,5.4,193.68222045898438,160.58309936523438,0.22167758643627167,-89.92217254638672,0.003189063150012868,499.2999938704299,0.0006387027479528596,1.52587890625e-05,1.331580543606492e-07,5.149956555290248e-07,0.46032601076219304,0.0440559983253479,0.0049422383308410645,-0.13426868617534637,0.0,0.0,-0.13426868617534637,0.8530545830726624,0.34444692730903625,0.5952438116073608,0.9682409763336182,1.0000000|0.0000000|0.0000000|0.0000000|0.0000000|0.0000000|0.0000000|0.0000000|0.0000000|0.0000000,0,1.0,15.06755229092901,0,0,0,0,0,
cross_town,Town02,mixed,15,109,5.45,193.68222045898438,160.58309936523438,0.22167758643627167,-89.92217254638672,0.003189063150012868,499.2999938704299,0.0006387027479528596,1.52587890625e-05,1.331580543606492e-07,6.179812022120885e-07,0.438036863051151,0.0042063891887664795,0.0035805702209472656,-0.5322172045707703,0.0,0.0,-0.21426868438720703,0.9995878338813782,0.800000011920929,1.6484479904174805,-0.40548354387283325,1.0000000|0.0000000|0.0000000|0.0000000|0.0000000|0.0000000|0.0000000|0.0000000|0.0000000|0.0000000,0,1.0,15.236507457311125,0,0,0,0,0,
cross_town,Town02,mixed,15,110,5.5,193.68222045898438,160.58309936523438,0.22167758643627167,-89.92217254638672,0.003189063150012868,499.2999938704299,0.0006387027479528596,1.52587890625e-05,1.331580543606492e-07,8.239780232066631e-07,0.43799779220650076,0.020807743072509766,0.007224440574645996,0.5062411427497864,0.0,0.0,-0.13426868617534637,0.9999785423278809,0.34444692730903625,2.843066930770874,0.0475926399230957,1.0000000|0.0000000|0.0000000|0.0000000|0.0000000|0.0000000|0.0000000|0.0000000|0.0000000|0.0000000,0,1.0,15.427864967177895,0,0,0,0,0,
cross_town,Town02,mixed,15,111,5.55,193.68222045898438,160.58309936523438,0.22167758643627167,-89.92217254638672,0.003189063150012868,499.2999938704299,0.0006387027479528596,1.52587890625e-05,1.331580543606492e-07,1.3734130526049033e-07,0.44773894949982046,0.024788469076156616,0.010577648878097534,0.045656487345695496,0.0,0.0,-0.05426868796348572,0.9025669693946838,0.34444692730903625,0.7120723128318787,0.6282548904418945,1.0000000|0.0000000|0.0000000|0.0000000|0.0000000|0.0000000|0.0000000|0.0000000|0.0000000|0.0000000,0,1.0,15.603541068060478,0,0,0,0,0,
cross_town,Town02,mixed,15,112,5.6,193.68222045898438,160.58309936523438,0.22167758643627167,-89.92217254638672,0.003189063150012868,499.2999938704299,0.0006387027479528596,1.52587890625e-05,1.331580543606492e-07,3.433336711560945e-07,0.4392281140946011,0.05034315586090088,0.002170175313949585,0.019076453521847725,0.05034315586090088,0.0,0.019076453521847725,0.9999212026596069,0.34444692730903625,2.5176539421081543,-0.2779667377471924,1.0000000|0.0000000|0.0000000|0.0000000|0.0000000|0.0000000|0.0000000|0.0000000|0.0000000|0.0000000,0,1.0,15.673138747801927,0,0,0,0,0,
cross_town,Town02,mixed,15,113,5.65,193.68222045898438,160.58309936523438,0.22167758643627167,-89.92217254638672,0.003189063150012868,499.2999938704299,0.0006387027479528596,1.52587890625e-05,1.331580543606492e-07,5.493327542147138e-07,0.43799564608166097,0.30160146951675415,0.001991748809814453,-0.48018723726272583,0.11034315824508667,0.0,-0.06092354655265808,1.0,0.800000011920929,4.208728790283203,-1.7453744411468506,1.0000000|0.0000000|0.0000000|0.0000000|0.0000000|0.0000000|0.0000000|0.0000000|0.0000000|0.0000000,0,1.0,15.79551895575323,0,0,0,0,0,
cross_town,Town02,mixed,15,114,5.7,193.68222045898438,160.58309936523438,0.22167758643627167,-89.92217254638672,0.003189063150012868,499.2999938704299,0.0006387027479528596,1.52587890625e-05,1.331580543606492e-07,6.523235556786936e-07,0.4379962659699665,0.024993181228637695,0.002307593822479248,0.48106110095977783,0.05034315958619118,0.0,0.019076453521847725,0.9999938011169434,0.34444692730903625,3.153677463531494,-0.22089606523513794,1.0000000|0.0000000|0.0000000|0.0000000|0.0000000|0.0000000|0.0000000|0.0000000|0.0000000|0.0000000,0,1.0,15.82519629004639,0,0,0,0,0,
cross_town,Town02,mixed,15,115,5.75,193.68222045898438,160.58309936523438,0.22167758643627167,-89.92217254638672,0.003189063150012868,499.2999938704299,0.0006387027479528596,1.52587890625e-05,1.331580543606492e-07,7.896441384420913e-07,0.4379956460816608,0.3016013503074646,0.001991778612136841,-0.48018714785575867,0.11034315824508667,0.0,-0.06092354655265808,1.0,0.800000011920929,4.208718299865723,-1.7453745603561401,1.0000000|0.0000000|0.0000000|0.0000000|0.0000000|0.0000000|0.0000000|0.0000000|0.0000000|0.0000000,0,1.0,15.84907334316845,0,0,0,0,0,
cross_town,Town02,mixed,15,116,5.8,193.68222045898438,160.58309936523438,0.22167758643627167,-89.92217254638672,0.003189063150012868,499.2999938704299,0.0006387027479528596,1.52587890625e-05,1.331580543606492e-07,9.613113061469862e-07,0.43837067290375115,0.04065442085266113,0.0017070770263671875,-0.2865133583545685,0.05034315958619118,0.0,-0.14092354476451874,0.9962497353553772,0.800000011920929,1.0955413579940796,-1.3565342426300049,1.0000000|0.0000000|0.0000000|0.0000000|0.0000000|0.0000000|0.0000000|0.0000000|0.0000000|0.0000000,0,1.0,15.889343290577084,0,0,0,0,0,
cross_town,Town02,mixed,15,117,5.85,193.68222045898438,160.58309936523438,0.22167758643627167,-89.92217254638672,0.003189063150012868,499.2999938704299,0.0006387027479528596,1.52587890625e-05,1.331580543606492e-07,1.16730090528753e-06,0.47840565844604843,0.02016657590866089,0.004970431327819824,0.5066081881523132,0.0,0.0,-0.06092354655265808,0.5958998799324036,0.34444692730903625,0.25265562534332275,0.5004597902297974,1.0000000|0.0000000|0.0000000|0.0000000|0.0000000|0.0000000|0.0000000|0.0000000|0.0000000|0.0000000,0,1.0,15.955823780597989,0,0,0,0,0,
cross_town,Town02,mixed,15,118,5.9,193.68222045898438,160.58309936523438,0.22167758643627167,-89.92217254638672,0.003189063150012868,499.2999938704299,0.0006387027479528596,1.52587890625e-05,1.331580543606492e-07,1.3732933040912186e-06,0.4455519428154322,0.027908772230148315,0.005704432725906372,-0.04760035499930382,0.0,0.0,-0.04760035499930382,0.9991069436073303,0.34444692730903625,1.910552740097046,0.33945298194885254,1.0000000|0.0000000|0.0000000|0.0000000|0.0000000|0.0000000|0.0000000|0.0000000|0.0000000|0.0000000,0,1.0,16.045484253709315,0,0,0,0,0,
cross_town,Town02,mixed,15,119,5.95,193.68222045898438,160.58309936523438,0.22167758643627167,-89.92217254638672,0.003189063150012868,499.2999938704299,0.0006387027479528596,1.52587890625e-05,1.331580543606492e-07,6.867772527480304e-08,0.439238163809515,0.031065285205841064,0.0028937458992004395,0.025687266141176224,0.0,0.0,0.025687266141176224,0.9999219179153442,0.34444692730903625,2.520092010498047,-0.1049584150314331,1.0000000|0.0000000|0.0000000|0.0000000|0.0000000|0.0000000|0.0000000|0.0000000|0.0000000|0.0000000,0,1.0,16.112626564793086,0,0,0,0,0,
cross_town,Town02,mixed,15,120,6.0,193.68222045898438,160.58309936523438,0.22167758643627167,-89.92217254638672,0.003189063150012868,499.2999938704299,0.0006387027479528596,1.52587890625e-05,1.331580543606492e-07,2.746697365879635e-07,0.4406685452086675,0.047427207231521606,0.001348346471786499,-0.10021571069955826,0.0,0.0,-0.05431273207068443,0.9732710123062134,0.34444692730903625,1.0542808771133423,-0.568164587020874,1.0000000|0.0000000|0.0000000|0.0000000|0.0000000|0.0000000|0.0000000|0.0000000|0.0000000|0.0000000,0,1.0,15.92622655345938,0,0,0,0,0,
cross_town,Town02,mixed,15,121,6.05,193.68222045898438,160.58309936523438,0.22167758643627167,-89.92217254638672,0.003189063150012868,499.2999938704299,0.0006387027479528596,1.52587890625e-05,1.331580543606492e-07,4.46333148098285e-07,0.4411478312255862,0.02399444580078125,0.004342615604400635,0.007113880477845669,0.0,0.0,0.007113880477845669,0.9999994039535522,0.34444692730903625,3.7204933166503906,0.11820429563522339,1.0000000|0.0000000|0.0000000|0.0000000|0.0000000|0.0000000|0.0000000|0.0000000|0.0000000|0.0000000,0,1.0,15.81198980368994,0,0,0,0,0,
cross_town,Town02,mixed,15,122,6.1,193.68222045898438,160.58309936523438,0.22167758643627167,-89.92217254638672,0.003189063150012868,499.2999938704299,0.0006387027479528596,1.52587890625e-05,1.331580543606492e-07,5.836543623234041e-07,0.44160718093977375,0.022038966417312622,0.002199709415435791,-0.051113154739141464,0.0,0.0,-0.051113154739141464,1.0,0.34444692730903625,5.714484214782715,-0.48180705308914185,1.0000000|0.0000000|0.0000000|0.0000000|0.0000000|0.0000000|0.0000000|0.0000000|0.0000000|0.0000000,0,1.0,15.620873652993202,0,0,0,0,0,
cross_town,Town02,mixed,15,123,6.15,193.68222045898438,160.58309936523438,0.22167758643627167,-89.92217254638672,0.003189063150012868,499.2999938704299,0.0006387027479528596,1.52587890625e-05,1.331580543606492e-07,7.553118311595607e-07,0.4443374271554206,0.02916538715362549,0.004248887300491333,-0.008886066265404224,0.0,0.0,-0.008886066265404224,0.9919846653938293,0.34444692730903625,1.3601406812667847,0.06537318229675293,1.0000000|0.0000000|0.0000000|0.0000000|0.0000000|0.0000000|0.0000000|0.0000000|0.0000000|0.0000000,0,1.0,15.541679995522394,0,0,0,0,0,
cross_town,Town02,mixed,15,124,6.2,193.68222045898438,160.58309936523438,0.22167758643627167,-89.92217254638672,0.003189063150012868,499.2999938704299,0.0006387027479528596,1.52587890625e-05,1.331580543606492e-07,9.269799055931868e-07,0.43799564590284706,0.021699607372283936,0.005029112100601196,-0.2795594334602356,0.0,0.0,-0.0888860672712326,1.0,0.34444692730903625,6.0956315994262695,0.13989484310150146,1.0000000|0.0000000|0.0000000|0.0000000|0.0000000|0.0000000|0.0000000|0.0000000|0.0000000|0.0000000,0,1.0,15.418629956190141,0,0,0,0,0,
cross_town,Town02,mixed,15,125,6.25,193.68222045898438,160.58309936523438,0.22167758643627167,-89.92217254638672,0.003189063150012868,499.2999938704299,0.0006387027479528596,1.52587890625e-05,1.331580543606492e-07,1.132968868639261e-06,0.43857920571396225,0.0046083927154541016,0.002887040376663208,-0.4975607097148895,0.0,0.0,-0.16888606548309326,0.9941644072532654,0.800000011920929,0.9844821691513062,-0.5797386169433594,1.0000000|0.0000000|0.0000000|0.0000000|0.0000000|0.0000000|0.0000000|0.0000000|0.0000000|0.0000000,0,1.0,15.409367712491726,0,0,0,0,0,
cross_town,Town02,mixed,15,126,6.3,193.68222045898438,160.58309936523438,0.22167758643627167,-89.92217254638672,0.003189063150012868,499.2999938704299,0.0006387027479528596,1.52587890625e-05,1.331580543606492e-07,1.338959867296345e-06,0.4381367842776525,0.005219787359237671,0.004550933837890625,-0.5906895399093628,0.0,0.0,-0.24888606369495392,0.9985886216163635,0.800000011920929,1.3404521942138672,-0.38082635402679443,1.0000000|0.0000000|0.0000000|0.0000000|0.0000000|0.0000000|0.0000000|0.0000000|0.0000000|0.0000000,0,1.0,15.351205843344758,0,0,0,0,0,
cross_town,Town02,mixed,15,127,6.35,193.68222045898438,160.58309936523438,0.22167758643627167,-89.92217254638672,0.003189063150012868,499.2999938704299,0.0006387027479528596,1.52587890625e-05,1.331580543606492e-07,1.5449533568875775e-06,0.43803621932098746,0.018763870000839233,0.004373401403427124,0.6245877742767334,0.0,0.0,-0.16888606548309326,0.9995942711830139,0.34444692730903625,2.1079254150390625,0.08848226070404053,1.0000000|0.0000000|0.0000000|0.0000000|0.0000000|0.0000000|0.0000000|0.0000000|0.0000000|0.0000000,0,1.0,15.387604108058033,0,0,0,0,0,
cross_town,Town02,mixed,15,128,6.4,193.68222045898438,160.58309936523438,0.22167758643627167,-89.92217254638672,0.003189063150012868,499.2999938704299,0.0006387027479528596,1.52587890625e-05,1.331580543606492e-07,1.7167368537513893e-07,0.44853763981888173,0.02785751223564148,0.008903086185455322,0.1741027683019638,0.0,0.0,-0.0888860672712326,0.894580066204071,0.34444692730903625,0.6901537179946899,0.738813042640686,1.0000000|0.0000000|0.0000000|0.0000000|0.0000000|0.0000000|0.0000000|0.0000000|0.0000000|0.0000000,0,1.0,15.352687160084724,0,0,0,0,0,
cross_town,Town02,mixed,15,129,6.45,193.68222045898438,160.58309936523438,0.22167758643627167,-89.92217254638672,0.003189063150012868,499.2999938704299,0.0006387027479528596,1.52587890625e-05,1.331580543606492e-07,2.4039150857496365e-07,0.44581569202968946,0.029730647802352905,0.007450729608535767,0.029394449666142464,0.0,0.0,-0.008886067196726799,0.9217995405197144,0.34444692730903625,0.7723161578178406,0.39580702781677246,1.0000000|0.0000000|0.0000000|0.0000000|0.0000000|0.0000000|0.0000000|0.0000000|0.0000000|0.0000000,0,1.0,15.390731564391288,0,0,0,0,0,
cross_town,Town02,mixed,15,130,6.5,193.68222045898438,160.58309936523438,0.22167758643627167,-89.92217254638672,0.003189063150012868,499.2999938704299,0.0006387027479528596,1.52587890625e-05,1.331580543606492e-07,4.1199916156744644e-07,0.4891375237013111,0.0509314239025116,0.0016100108623504639,-0.07383806258440018,0.0509314239025116,0.0,-0.07383806258440018,0.5147560834884644,0.34444692730903625,0.17031344771385193,-0.0914122462272644,1.0000000|0.0000000|0.0000000|0.0000000|0.0000000|0.0000000|0.0000000|0.0000000|0.0000000|0.0000000,0,1.0,15.339451366340239,0,0,0,0,0,
cross_town,Town02,mixed,15,131,6.55,193.68222045898438,160.58309936523438,0.22167758643627167,-89.92217254638672,0.003189063150012868,499.2999938704299,0.0006387027479528596,1.52587890625e-05,1.331580543606492e-07,6.179913947068981e-07,0.43895269294807776,0.020877838134765625,0.0015279948711395264,-0.4123927354812622,0.0,0.0,-0.15383806824684143,0.9904295206069946,0.800000011920929,0.8598620295524597,-1.038813591003418,1.0000000|0.0000000|0.0000000|0.0000000|0.0000000|0.0000000|0.0000000|0.0000000|0.0000000|0.0000000,0,1.0,15.349967050163821,0,0,0,0,0,
cross_town,Town02,mixed,15,132,6.6,193.68222045898438,160.58309936523438,0.22167758643627167,-89.92217254638672,0.003189063150012868,499.2999938704299,0.0006387027479528596,1.52587890625e-05,1.331580543606492e-07,6.523192648450038e-07,0.4467944781405674,0.03632912039756775,0.0076108574867248535,0.059167493134737015,0.0,0.0,-0.07383807003498077,0.9120116829872131,0.34444692730903625,0.7401654720306396,0.8820565938949585,1.0000000|0.0000000|0.0000000|0.0000000|0.0000000|0.0000000|0.0000000|0.0000000|0.0000000|0.0000000,0,1.0,15.264570129111803,0,0,0,0,0,
cross_town,Town02,mixed,15,133,6.65,193.68222045898438,160.58309936523438,0.22167758643627167,-89.92217254638672,0.003189063150012868,499.2999938704299,0.0006387027479528596,1.52587890625e-05,1.331580543606492e-07,7.210132335534442e-07,0.4447242744585559,0.0233151912689209,0.005966931581497192,-0.10199494659900665,0.0,0.0,-0.10199494659900665,1.0,0.34444692730903625,14.426472663879395,-0.07287484407424927,1.0000000|0.0000000|0.0000000|0.0000000|0.0000000|0.0000000|0.0000000|0.0000000|0.0000000|0.0000000,0,1.0,15.2438561267713,0,0,0,0,0,
cross_town,Town02,mixed,15,134,6.7,193.68222045898438,160.58309936523438,0.22167758643627167,-89.92217254638672,0.003189063150012868,499.2999938704299,0.0006387027479528596,1.52587890625e-05,1.331580543606492e-07,8.583378683225522e-07,0.44562512936646187,0.023461222648620605,0.0112723708152771,-0.0955067053437233,0.0,0.0,-0.0955067053437233,1.0,0.34444692730903625,9.289223670959473,0.23598361015319824,1.0000000|0.0000000|0.0000000|0.0000000|0.0000000|0.0000000|0.0000000|0.0000000|0.0000000|0.0000000,0,1.0,15.134478321941787,0,0,0,0,0,
cross_town,Town02,mixed,15,135,6.75,193.68222045898438,160.58309936523438,0.22167758643627167,-89.92217254638672,0.003189063150012868,499.2999938704299,0.0006387027479528596,1.52587890625e-05,1.331580543606492e-07,8.926421392392321e-07,0.4385137345416294,0.004249989986419678,0.0030867159366607666,-0.5055320858955383,0.0,0.0,-0.17550671100616455,0.9948191046714783,0.800000011920929,1.01439368724823,-0.5593845248222351,1.0000000|0.0000000|0.0000000|0.0000000|0.0000000|0.0000000|0.0000000|0.0000000|0.0000000|0.0000000,0,1.0,15.101203662184695,0,0,0,0,0,
cross_town,Town02,mixed,15,136,6.8,193.68222045898438,160.58309936523438,0.22167758643627167,-89.92217254638672,0.003189063150012868,499.2999938704299,0.0006387027479528596,1.52587890625e-05,1.331580543606492e-07,3.4409225263182636e-08,0.43805115624496815,0.023522019386291504,0.009608656167984009,0.2738288938999176,0.0,0.0,-0.0955067127943039,0.9994449019432068,0.34444692730903625,2.029526948928833,0.5393582582473755,1.0000000|0.0000000|0.0000000|0.0000000|0.0000000|0.0000000|0.0000000|0.0000000|0.0000000|0.0000000,0,1.0,14.990600962171046,0,0,0,0,0,
cross_town,Town02,mixed,15,137,6.85,193.68222045898438,160.58309936523438,0.22167758643627167,-89.92217254638672,0.003189063150012868,499.2999938704299,0.0006387027479528596,1.52587890625e-05,1.331580543606492e-07,6.909740015011634e-08,0.43821208842823384,0.023767858743667603,0.006033122539520264,0.02309390716254711,0.0,0.0,-0.015506712719798088,0.9978355765342712,0.34444692730903625,1.68890380859375,0.23006963729858398,1.0000000|0.0000000|0.0000000|0.0000000|0.0000000|0.0000000|0.0000000|0.0000000|0.0000000|0.0000000,0,1.0,14.964225503846292,0,0,0,0,0,
cross_town,Town02,mixed,15,138,6.9,193.68222045898438,160.58309936523438,0.22167758643627167,-89.92217254638672,0.003189063150012868,499.2999938704299,0.0006387027479528596,1.52587890625e-05,1.331580543606492e-07,2.405246623234867e-07,0.4387434774918682,0.03280746936798096,0.0029763877391815186,-0.0917285829782486,0.0,0.0,-0.0917285829782486,0.9996044039726257,0.34444692730903625,2.1142425537109375,0.08601850271224976,1.0000000|0.0000000|0.0000000|0.0000000|0.0000000|0.0000000|0.0000000|0.0000000|0.0000000|0.0000000,0,1.0,14.869483297896556,0,0,0,0,0,
cross_town,Town02,mixed,15,139,6.95,193.68222045898438,160.58309936523438,0.22167758643627167,-89.92217254638672,0.003189063150012868,499.2999938704299,0.0006387027479528596,1.52587890625e-05,1.331580543606492e-07,2.7470102595880297e-07,0.43852072163650846,0.004423171281814575,0.002964615821838379,-0.5013840794563293,0.0,0.0,-0.17172858119010925,0.9947492480278015,0.800000011920929,1.0110300779342651,-0.5689080357551575,1.0000000|0.0000000|0.0000000|0.0000000|0.0000000|0.0000000|0.0000000|0.0000000|0.0000000|0.0000000,0,1.0,14.859296805592082,0,0,0,0,0,
cross_town,Town02,mixed,15,140,7.0,193.68222045898438,160.58309936523438,0.22167758643627167,-89.92217254638672,0.003189063150012868,499.2999938704299,0.0006387027479528596,1.52587890625e-05,1.331580543606492e-07,2.746794037079728e-07,0.43799564643928884,0.03063264489173889,0.006309241056442261,0.11915527284145355,0.0,0.0,-0.0917285829782486,1.0,0.34444692730903625,4.791036128997803,0.6460259556770325,1.0000000|0.0000000|0.0000000|0.0000000|0.0000000|0.0000000|0.0000000|0.0000000|0.0000000|0.0000000,0,1.0,14.78056203889616,0,0,0,0,0,
cross_town,Town02,mixed,15,141,7.05,193.68222045898438,160.58309936523438,0.22167758643627167,-89.92217254638672,0.003189063150012868,499.2999938704299,0.0006387027479528596,1.52587890625e-05,1.331580543606492e-07,4.1203081990068504e-07,0.43991861026376106,0.026297450065612793,0.009991168975830078,-0.1609927862882614,0.0,0.0,-0.1609927862882614,1.0,0.34444692730903625,7.03528356552124,0.32958662509918213,1.0000000|0.0000000|0.0000000|0.0000000|0.0000000|0.0000000|0.0000000|0.0000000|0.0000000|0.0000000,0,1.0,14.781510007929333,0,0,0,0,0,
cross_town,Town02,mixed,15,142,7.1,193.68222045898438,160.58309936523438,0.22167758643627167,-89.92217254638672,0.003189063150012868,499.2999938704299,0.0006387027479528596,1.52587890625e-05,1.331580543606492e-07,5.837205211365092e-07,0.43799717231819507,0.027229398488998413,0.009159713983535767,0.13904720544815063,0.0,0.0,-0.08099278807640076,0.9999847412109375,0.34444692730903625,2.9274487495422363,0.5336226224899292,1.0000000|0.0000000|0.0000000|0.0000000|0.0000000|0.0000000|0.0000000|0.0000000|0.0000000|0.0000000,0,1.0,14.709139328142937,0,0,0,0,0,
cross_town,Town02,mixed,15,143,7.15,193.68222045898438,160.58309936523438,0.22167758643627167,-89.92217254638672,0.003189063150012868,499.2999938704299,0.0006387027479528596,1.52587890625e-05,1.331580543606492e-07,5.837218367473501e-07,0.4945730680794234,0.04174017906188965,0.006288796663284302,-0.10063168406486511,0.0,0.0,-0.10063168406486511,0.506397545337677,0.34444692730903625,0.1619509756565094,0.5450674891471863,1.0000000|0.0000000|0.0000000|0.0000000|0.0000000|0.0000000|0.0000000|0.0000000|0.0000000|0.0000000,0,1.0,14.710746322612595,0,0,0,0,0,
cross_town,Town02,mixed,15,144,7.2,193.68222045898438,160.58309936523438,0.22167758643627167,-89.92217254638672,0.003189063150012868,499.2999938704299,0.0006387027479528596,1.52587890625e-05,1.331580543606492e-07,0.0,0.43857587381431895,0.004125744104385376,0.0032870471477508545,-0.5078476071357727,0.0,0.0,-0.18063168227672577,0.9941977262496948,0.800000011920929,0.9859209060668945,-0.5436420440673828,1.0000000|0.0000000|0.0000000|0.0000000|0.0000000|0.0000000|0.0000000|0.0000000|0.0000000|0.0000000,0,1.0,14.63457441013247,0,0,0,0,0,
cross_town,Town02,mixed,15,145,7.25,193.68222045898438,160.58309936523438,0.22167758643627167,-89.92217254638672,0.003189063150012868,499.2999938704299,0.0006387027479528596,1.52587890625e-05,1.331580543606492e-07,3.47591388704545e-08,0.45590265794823037,0.030830353498458862,0.009065568447113037,0.36229169368743896,0.0,0.0,-0.10063168406486511,0.8209298849105835,0.34444692730903625,0.5362181067466736,0.6034079790115356,1.0000000|0.0000000|0.0000000|0.0000000|0.0000000|0.0000000|0.0000000|0.0000000|0.0000000|0.0000000,0,1.0,14.62934901397571,0,0,0,0,0,
cross_town,Town02,mixed,15,146,7.3,193.68222045898438,160.58309936523438,0.22167758643627167,-89.92217254638672,0.003189063150012868,499.2999938704299,0.0006387027479528596,1.52587890625e-05,1.331580543606492e-07,2.404273850065634e-07,0.4385758857352482,0.004125744104385376,0.0032870471477508545,-0.5078475475311279,0.0,0.0,-0.18063168227672577,0.9941976070404053,0.800000011920929,0.9859161376953125,-0.5436424016952515,1.0000000|0.0000000|0.0000000|0.0000000|0.0000000|0.0000000|0.0000000|0.0000000|0.0000000|0.0000000,0,1.0,14.545171205774679,0,0,0,0,0,
cross_town,Town02,mixed,15,147,7.35,193.68222045898438,160.58309936523438,0.22167758643627167,-89.92217254638672,0.003189063150012868,499.2999938704299,0.0006387027479528596,1.52587890625e-05,1.331580543606492e-07,4.4640263691521095e-07,0.45254249974319816,0.028209596872329712,0.008600592613220215,0.3168081045150757,0.0,0.0,-0.10063168406486511,0.854531466960907,0.34444692730903625,0.5982013940811157,0.6818716526031494,1.0000000|0.0000000|0.0000000|0.0000000|0.0000000|0.0000000|0.0000000|0.0000000|0.0000000|0.0000000,0,1.0,14.532326449291736,0,0,0,0,0,
cross_town,Town02,mixed,15,148,7.4,193.68222045898438,160.58309936523438,0.22167758643627167,-89.92217254638672,0.003189063150012868,499.2999938704299,0.0006387027479528596,1.52587890625e-05,1.331580543606492e-07,5.149939168923109e-07,0.43857588573524814,0.004125744104385376,0.0032870471477508545,-0.5078474879264832,0.0,0.0,-0.18063168227672577,0.9941976070404053,0.800000011920929,0.9859148859977722,-0.5436423420906067,1.0000000|0.0000000|0.0000000|0.0000000|0.0000000|0.0000000|0.0000000|0.0000000|0.0000000|0.0000000,0,1.0,14.442651441328975,0,0,0,0,0,
cross_town,Town02,mixed,15,149,7.45,193.68222045898438,160.58309936523438,0.22167758643627167,-89.92217254638672,0.003189063150012868,499.2999938704299,0.0006387027479528596,1.52587890625e-05,1.331580543606492e-07,6.866465607000356e-07,0.4379980663878667,0.028294861316680908,0.011606723070144653,0.33814895153045654,0.0,0.0,-0.10063168406486511,0.9999758005142212,0.34444692730903625,2.81231951713562,0.2778834104537964,1.0000000|0.0000000|0.0000000|0.0000000|0.0000000|0.0000000|0.0000000|0.0000000|0.0000000|0.0000000,0,1.0,14.426460923377531,0,0,0,0,0,
cross_town,Town02,mixed,15,150,7.5,193.68222045898438,160.58309936523438,0.22167758643627167,-89.92217254638672,0.003189063150012868,499.2999938704299,0.0006387027479528596,1.52587890625e-05,1.331580543606492e-07,8.583135507498176e-07,0.44527636016798094,0.024677574634552002,0.010921061038970947,-0.08239056915044785,0.0,0.0,-0.08239056915044785,1.0,0.34444692730903625,5.166414260864258,0.3255535960197449,1.0000000|0.0000000|0.0000000|0.0000000|0.0000000|0.0000000|0.0000000|0.0000000|0.0000000|0.0000000,0,1.0,14.336719897141611,0,0,0,0,0,
cross_town,Town02,mixed,15,151,7.55,193.68222045898438,160.58309936523438,0.22167758643627167,-89.92217254638672,0.003189063150012868,499.2999938704299,0.0006387027479528596,1.52587890625e-05,1.331580543606492e-07,9.95657773712896e-07,0.44252019955349275,0.02914676070213318,0.007676661014556885,-0.014483951032161713,0.0,0.0,-0.014483951032161713,0.9762187600135803,0.34444692730903625,1.0842511653900146,0.38645172119140625,1.0000000|0.0000000|0.0000000|0.0000000|0.0000000|0.0000000|0.0000000|0.0000000|0.0000000|0.0000000,0,1.0,14.322077147651134,0,0,0,0,0,
cross_town,Town02,mixed,15,152,7.6,193.68222045898438,160.58309936523438,0.22167758643627167,-89.92217254638672,0.003189063150012868,499.2999938704299,0.0006387027479528596,1.52587890625e-05,1.331580543606492e-07,1.201648239484155e-06,0.4456353166467793,0.02506256103515625,0.002382516860961914,-0.02070760540664196,0.0,0.0,-0.02070760540664196,0.9999384880065918,0.34444692730903625,2.5796420574188232,-0.25690776109695435,1.0000000|0.0000000|0.0000000|0.0000000|0.0000000|0.0000000|0.0000000|0.0000000|0.0000000|0.0000000,0,1.0,14.236107706120253,0,0,0,0,0,
cross_town,Town02,mixed,15,153,7.65,193.68222045898438,160.58309936523438,0.22167758643627167,-89.92217254638672,0.003189063150012868,499.2999938704299,0.0006387027479528596,1.52587890625e-05,1.331580543606492e-07,1.3734156262314362e-07,0.4567539076638628,0.03494328260421753,0.002923041582107544,-0.08217176049947739,0.0,0.0,-0.08217176049947739,0.8438832759857178,0.34444692730903625,0.5774056911468506,-0.002108931541442871,1.0000000|0.0000000|0.0000000|0.0000000|0.0000000|0.0000000|0.0000000|0.0000000|0.0000000|0.0000000,0,1.0,14.225113247692768,0,0,0,0,0,
cross_town,Town02,mixed,15,154,7.7,193.68222045898438,160.58309936523438,0.22167758643627167,-89.92217254638672,0.003189063150012868,499.2999938704299,0.0006387027479528596,1.52587890625e-05,1.331580543606492e-07,3.0900700158995857e-07,0.43862419386932716,0.005320757627487183,0.0027664005756378174,-0.48565447330474854,0.0,0.0,-0.16217176616191864,0.9937145113945007,0.800000011920929,0.9658031463623047,-0.6102046370506287,1.0000000|0.0000000|0.0000000|0.0000000|0.0000000|0.0000000|0.0000000|0.0000000|0.0000000|0.0000000,0,1.0,14.143198220319057,0,0,0,0,0,
cross_town,Town02,mixed,15,155,7.75,193.68222045898438,160.58309936523438,0.22167758643627167,-89.92217254638672,0.003189063150012868,499.2999938704299,0.0006387027479528596,1.52587890625e-05,1.331580543606492e-07,4.1200085519311495e-07,0.43799588485786795,0.027968496084213257,0.008282601833343506,0.22959616780281067,0.0,0.0,-0.08217176795005798,0.999997615814209,0.34444692730903625,3.390455961227417,0.6495333909988403,1.0000000|0.0000000|0.0000000|0.0000000|0.0000000|0.0000000|0.0000000|0.0000000|0.0000000|0.0000000,0,1.0,14.134769129933359,0,0,0,0,0,
cross_town,Town02,mixed,15,156,7.8,193.68222045898438,160.58309936523438,0.22167758643627167,-89.92217254638672,0.003189063150012868,499.2999938704299,0.0006387027479528596,1.52587890625e-05,1.331580543606492e-07,5.836515411164578e-07,0.43800459869930625,0.026123255491256714,0.006961733102798462,0.0262890737503767,0.0,0.0,-0.0021717678755521774,0.9999104738235474,0.34444692730903625,2.4858014583587646,0.30728858709335327,1.0000000|0.0000000|0.0000000|0.0000000|0.0000000|0.0000000|0.0000000|0.0000000|0.0000000|0.0000000,0,1.0,14.054663222679883,0,0,0,0,0,
cross_town,Town02,mixed,15,157,7.85,193.68222045898438,160.58309936523438,0.22167758643627167,-89.92217254638672,0.003189063150012868,499.2999938704299,0.0006387027479528596,1.52587890625e-05,1.331580543606492e-07,7.896430602771148e-07,0.44427011285364243,0.021028727293014526,0.0019137859344482422,-0.03639570251107216,0.0,0.0,-0.03639570251107216,1.0,0.34444692730903625,4.45668363571167,-0.33928465843200684,1.0000000|0.0000000|0.0000000|0.0000000|0.0000000|0.0000000|0.0000000|0.0000000|0.0000000|0.0000000,0,1.0,14.04630416240484,0,0,0,0,0,
cross_town,Town02,mixed,15,158,7.9,193.68222045898438,160.58309936523438,0.22167758643627167,-89.92217254638672,0.003189063150012868,499.2999938704299,0.0006387027479528596,1.52587890625e-05,1.331580543606492e-07,9.956381661352887e-07,0.44566320404960086,0.02086624503135681,0.0037190616130828857,-0.039615698158741,0.0,0.0,-0.039615698158741,1.0,0.34444692730903625,7.188055515289307,0.006304502487182617,1.0000000|0.0000000|0.0000000|0.0000000|0.0000000|0.0000000|0.0000000|0.0000000|0.0000000|0.0000000,0,1.0,13.965552046035503,0,0,0,0,0,
cross_town,Town02,mixed,15,159,7.95,193.68222045898438,160.58309936523438,0.22167758643627167,-89.92217254638672,0.003189063150012868,499.2999938704299,0.0006387027479528596,1.52587890625e-05,1.331580543606492e-07,1.2016337522062355e-06,0.44077019879293783,0.047401100397109985,0.0018753409385681152,0.024759216234087944,0.0,0.0,0.024759216234087944,0.9993249177932739,0.34444692730903625,1.9805452823638916,-0.06595724821090698,1.0000000|0.0000000|0.0000000|0.0000000|0.0000000|0.0000000|0.0000000|0.0000000|0.0000000|0.0000000,0,1.0,13.955441706760526,0,0,0,0,0,
cross_town,Town02,mixed,15,160,8.0,193.68222045898438,160.58309936523438,0.22167758643627167,-89.92217254638672,0.003189063150012868,499.2999938704299,0.0006387027479528596,1.52587890625e-05,1.331580543606492e-07,1.2359659493084245e-06,0.43799576529095036,0.23762232065200806,0.0016138553619384766,-0.5506089925765991,0.05999999865889549,0.0,-0.05524078384041786,0.9999988079071045,0.800000011920929,3.113800048828125,-1.6095237731933594,1.0000000|0.0000000|0.0000000|0.0000000|0.0000000|0.0000000|0.0000000|0.0000000|0.0000000|0.0000000,0,1.0,13.873011672618562,0,0,0,0,0,
cross_town,Town02,mixed,15,161,8.05,193.68222045898438,160.58309936523438,0.22167758643627167,-89.92217254638672,0.003189063150012868,499.2999938704299,0.0006387027479528596,1.52587890625e-05,1.331580543606492e-07,3.436638133204106e-08,0.4379956471545443,0.04687860608100891,0.005097478628158569,-0.18770921230316162,0.0,0.0,-0.13524077832698822,1.0,0.34444692730903625,5.840645790100098,0.33992356061935425,1.0000000|0.0000000|0.0000000|0.0000000|0.0000000|0.0000000|0.0000000|0.0000000|0.0000000|0.0000000,0,1.0,13.860935823431898,0,0,0,0,0,
cross_town,Town02,mixed,15,162,8.1,193.68222045898438,160.58309936523438,0.22167758643627167,-89.92217254638672,0.003189063150012868,499.2999938704299,0.0006387027479528596,1.52587890625e-05,1.331580543606492e-07,1.373661969106161e-07,0.43799565836021775,0.026949673891067505,0.0136013925075531,0.04528933763504028,0.0,0.0,-0.055240780115127563,0.9999998807907104,0.34444692730903625,4.201137065887451,0.4022595286369324,1.0000000|0.0000000|0.0000000|0.0000000|0.0000000|0.0000000|0.0000000|0.0000000|0.0000000|0.0000000,0,1.0,13.777400883966333,0,0,0,0,0,
cross_town,Town02,mixed,15,163,8.15,193.68222045898438,160.58309936523438,0.22167758643627167,-89.92217254638672,0.003189063150012868,499.2999938704299,0.0006387027479528596,1.52587890625e-05,1.331580543606492e-07,3.433326758391286e-07,0.44473346914905176,0.03861171007156372,0.003051578998565674,-0.01716533862054348,0.0,0.0,-0.01716533862054348,0.9920248985290527,0.34444692730903625,1.3614087104797363,0.12050080299377441,1.0000000|0.0000000|0.0000000|0.0000000|0.0000000|0.0000000|0.0000000|0.0000000|0.0000000|0.0000000,0,1.0,13.764364469108873,0,0,0,0,0,
cross_town,Town02,mixed,15,164,8.2,193.68222045898438,160.58309936523438,0.22167758643627167,-89.92217254638672,0.003189063150012868,499.2999938704299,0.0006387027479528596,1.52587890625e-05,1.331580543606492e-07,5.493193221899619e-07,0.4380237854344594,0.04614904522895813,0.002329707145690918,-0.42978888750076294,0.0,0.0,-0.09716533869504929,0.9997186064720154,0.800000011920929,1.7438405752182007,-1.0527827739715576,1.0000000|0.0000000|0.0000000|0.0000000|0.0000000|0.0000000|0.0000000|0.0000000|0.0000000|0.0000000,0,1.0,13.681007252961928,0,0,0,0,0,
cross_town,Town02,mixed,15,165,8.25,193.68222045898438,160.58309936523438,0.22167758643627167,-89.92217254638672,0.003189063150012868,499.2999938704299,0.0006387027479528596,1.52587890625e-05,1.331580543606492e-07,7.209888341830463e-07,0.4385422911269414,0.004199415445327759,0.0031599700450897217,-0.5060541033744812,0.0,0.0,-0.17716534435749054,0.9945335388183594,0.800000011920929,1.0009092092514038,-0.555091142654419,1.0000000|0.0000000|0.0000000|0.0000000|0.0000000|0.0000000|0.0000000|0.0000000|0.0000000|0.0000000,0,1.0,13.66816883642755,0,0,0,0,0,
cross_town,Town02,mixed,15,166,8.3,193.68222045898438,160.58309936523438,0.22167758643627167,-89.92217254638672,0.003189063150012868,499.2999938704299,0.0006387027479528596,1.52587890625e-05,1.331580543606492e-07,9.269736236852838e-07,0.4381194929702031,0.005504697561264038,0.005161255598068237,-0.6070971488952637,0.0,0.0,-0.2571653425693512,0.9987615346908569,0.800000011920929,1.3731492757797241,-0.384426474571228,1.0000000|0.0000000|0.0000000|0.0000000|0.0000000|0.0000000|0.0000000|0.0000000|0.0000000|0.0000000,0,1.0,13.585910194157115,0,0,0,0,0,
cross_town,Town02,mixed,15,167,8.35,193.68222045898438,160.58309936523438,0.22167758643627167,-89.92217254638672,0.003189063150012868,499.2999938704299,0.0006387027479528596,1.52587890625e-05,1.331580543606492e-07,1.1329684476557098e-06,0.4497375886065709,0.02516767382621765,0.0029430389404296875,0.7074166536331177,0.0,0.0,-0.17716534435749054,0.882580578327179,0.34444692730903625,0.659827470779419,0.2634761929512024,1.0000000|0.0000000|0.0000000|0.0000000|0.0000000|0.0000000|0.0000000|0.0000000|0.0000000|0.0000000,0,1.0,13.573790732216583,0,0,0,0,0,
cross_town,Town02,mixed,15,168,8.4,193.68222045898438,160.58309936523438,0.22167758643627167,-89.92217254638672,0.003189063150012868,499.2999938704299,0.0006387027479528596,1.52587890625e-05,1.331580543606492e-07,1.2016415183081645e-06,0.4381275932414281,0.02172762155532837,0.008546710014343262,0.3510790765285492,0.0,0.0,-0.09716534614562988,0.9986805319786072,0.34444692730903625,1.8128595352172852,0.5916563272476196,1.0000000|0.0000000|0.0000000|0.0000000|0.0000000|0.0000000|0.0000000|0.0000000|0.0000000|0.0000000,0,1.0,13.492720894172228,0,0,0,0,0,
cross_town,Town02,mixed,15,169,8.45,193.68222045898438,160.58309936523438,0.22167758643627167,-89.92217254638672,0.003189063150012868,499.2999938704299,0.0006387027479528596,1.52587890625e-05,1.331580543606492e-07,1.2359785511752474e-06,0.43854228063652395,0.004199415445327759,0.0031599700450897217,-0.5060540437698364,0.0,0.0,-0.17716534435749054,0.9945336580276489,0.800000011920929,1.0009174346923828,-0.5550907254219055,1.0000000|0.0000000|0.0000000|0.0000000|0.0000000|0.0000000|0.0000000|0.0000000|0.0000000|0.0000000,0,1.0,13.4810774834672,0,0,0,0,0,
cross_town,Town02,mixed,15,170,8.5,193.68222045898438,160.58309936523438,0.22167758643627167,-89.92217254638672,0.003189063150012868,499.2999938704299,0.0006387027479528596,1.52587890625e-05,1.331580543606492e-07,1.3736994893807527e-07,0.4381194929702028,0.005504697561264038,0.005161285400390625,-0.6070971488952637,0.0,0.0,-0.2571653425693512,0.9987615346908569,0.800000011920929,1.373155951499939,-0.3844273090362549,1.0000000|0.0000000|0.0000000|0.0000000|0.0000000|0.0000000|0.0000000|0.0000000|0.0000000|0.0000000,0,1.0,13.400677393578023,0,0,0,0,0,
cross_town,Town02,mixed,15,171,8.55,193.68222045898438,160.58309936523438,0.22167758643627167,-89.92217254638672,0.003189063150012868,499.2999938704299,0.0006387027479528596,1.52587890625e-05,1.331580543606492e-07,2.4037856704394214e-07,0.4379956583602176,0.043763160705566406,0.002263665199279785,0.7216693162918091,0.0,0.0,-0.17716534435749054,0.9999998807907104,0.34444692730903625,4.138448715209961,0.5998160243034363,1.0000000|0.0000000|0.0000000|0.0000000|0.0000000|0.0000000|0.0000000|0.0000000|0.0000000|0.0000000,0,1.0,13.388924715002382,0,0,0,0,0,
cross_town,Town02,mixed,15,172,8.6,193.68222045898438,160.58309936523438,0.22167758643627167,-89.92217254638672,0.003189063150012868,499.2999938704299,0.0006387027479528596,1.52587890625e-05,1.331580543606492e-07,4.463300698730765e-07,0.4404615203959691,0.03107583522796631,0.008572250604629517,0.28661036491394043,0.0,0.0,-0.09716534614562988,0.975341260433197,0.34444692730903625,1.0749675035476685,0.6686540842056274,1.0000000|0.0000000|0.0000000|0.0000000|0.0000000|0.0000000|0.0000000|0.0000000|0.0000000|0.0000000,0,1.0,13.308605314147698,0,0,0,0,0,
cross_town,Town02,mixed,15,173,8.65,193.68222045898438,160.58309936523438,0.22167758643627167,-89.92217254638672,0.003189063150012868,499.2999938704299,0.0006387027479528596,1.52587890625e-05,1.331580543606492e-07,6.179964336362014e-07,0.4450999959211783,0.025849908590316772,0.010498106479644775,-0.11906759440898895,0.0,0.0,-0.11906759440898895,1.0,0.34444692730903625,8.817643165588379,0.33415359258651733,1.0000000|0.0000000|0.0000000|0.0000000|0.0000000|0.0000000|0.0000000|0.0000000|0.0000000|0.0000000,0,1.0,13.296307664022883,0,0,0,0,0,
cross_town,Town02,mixed,15,174,8.7,193.68222045898438,160.58309936523438,0.22167758643627167,-89.92217254638672,0.003189063150012868,499.2999938704299,0.0006387027479528596,1.52587890625e-05,1.331580543606492e-07,8.239840708935251e-07,0.47431769678360824,0.032074540853500366,0.00919264554977417,-0.09667816758155823,0.0,0.0,-0.09667816758155823,0.7075640559196472,0.34444692730903625,0.37644869089126587,0.5672405958175659,1.0000000|0.0000000|0.0000000|0.0000000|0.0000000|0.0000000|0.0000000|0.0000000|0.0000000|0.0000000,0,1.0,13.215817552791659,0,0,0,0,0,
cross_town,Town02,mixed,15,175,8.75,193.68222045898438,160.58309936523438,0.22167758643627167,-89.92217254638672,0.003189063150012868,499.2999938704299,0.0006387027479528596,1.52587890625e-05,1.331580543606492e-07,1.029972216313531e-06,0.4385335425955999,0.00420987606048584,0.0031425058841705322,-0.5058016777038574,0.0,0.0,-0.17667816579341888,0.9946210384368896,0.800000011920929,1.0049678087234497,-0.5567005276679993,1.0000000|0.0000000|0.0000000|0.0000000|0.0000000|0.0000000|0.0000000|0.0000000|0.0000000|0.0000000,0,1.0,13.202913444667988,0,0,0,0,0,
cross_town,Town02,mixed,15,176,8.8,193.68222045898438,160.58309936523438,0.22167758643627167,-89.92217254638672,0.003189063150012868,499.2999938704299,0.0006387027479528596,1.52587890625e-05,1.331580543606492e-07,1.0986356701796326e-06,0.4384729723555791,0.02524670958518982,0.009830117225646973,0.2973649799823761,0.0,0.0,-0.09667816758155823,0.9952267408370972,0.34444692730903625,1.49053955078125,0.5200332403182983,1.0000000|0.0000000|0.0000000|0.0000000|0.0000000|0.0000000|0.0000000|0.0000000|0.0000000|0.0000000,0,1.0,13.122382014492587,0,0,0,0,0,
cross_town,Town02,mixed,15,177,8.85,193.68222045898438,160.58309936523438,0.22167758643627167,-89.92217254638672,0.003189063150012868,499.2999938704299,0.0006387027479528596,1.52587890625e-05,1.331580543606492e-07,1.0986549181063563e-06,0.4754232864005315,0.04733681678771973,0.006581425666809082,-0.22727884352207184,0.0,0.0,-0.17667816579341888,0.6257236003875732,0.34444692730903625,0.28403159976005554,0.6361178159713745,1.0000000|0.0000000|0.0000000|0.0000000|0.0000000|0.0000000|0.0000000|0.0000000|0.0000000|0.0000000,0,1.0,13.109107655504378,0,0,0,0,0,
cross_town,Town02,mixed,15,178,8.9,193.68222045898438,160.58309936523438,0.22167758643627167,-89.92217254638672,0.003189063150012868,499.2999938704299,0.0006387027479528596,1.52587890625e-05,1.331580543606492e-07,3.729822741488248e-09,0.4380041818244203,0.027205735445022583,0.012756139039993286,0.28686270117759705,0.0,0.0,-0.09667816758155823,0.9999146461486816,0.34444692730903625,2.497562885284424,0.3471183776855469,1.0000000|0.0000000|0.0000000|0.0000000|0.0000000|0.0000000|0.0000000|0.0000000|0.0000000|0.0000000,0,1.0,13.028833129914148,0,0,0,0,0,
cross_town,Town02,mixed,15,179,8.95,193.68222045898438,160.58309936523438,0.22167758643627167,-89.92217254638672,0.003189063150012868,499.2999938704299,0.0006387027479528596,1.52587890625e-05,1.331580543606492e-07,4.9631400606452564e-09,0.44298215093052096,0.05713972449302673,0.003975242376327515,-0.14557214081287384,0.05713972449302673,0.0,-0.14557214081287384,0.998247504234314,0.34444692730903625,1.7417898178100586,0.5192029476165771,1.0000000|0.0000000|0.0000000|0.0000000|0.0000000|0.0000000|0.0000000|0.0000000|0.0000000|0.0000000,0,1.0,13.015464115976625,0,0,0,0,0,
cross_town,Town02,mixed,15,180,9.0,193.68222045898438,160.58309936523438,0.22167758643627167,-89.92217254638672,0.003189063150012868,499.2999938704299,0.0006387027479528596,1.52587890625e-05,1.331580543606492e-07,1.3738219456017266e-07,0.4379956941230043,0.005169421434402466,0.002888500690460205,-0.5937545299530029,0.0,0.0,-0.2255721390247345,0.9999995231628418,0.800000011920929,3.358566999435425,-0.7611777186393738,1.0000000|0.0000000|0.0000000|0.0000000|0.0000000|0.0000000|0.0000000|0.0000000|0.0000000|0.0000000,0,1.0,12.935678603726375,0,0,0,0,0,
cross_town,Town02,mixed,15,181,9.05,193.68222045898438,160.58309936523438,0.22167758643627167,-89.92217254638672,0.003189063150012868,499.2999938704299,0.0006387027479528596,1.52587890625e-05,1.331580543606492e-07,3.0903170589924533e-07,0.43809319540092806,0.043404459953308105,0.003406912088394165,0.5981809496879578,0.0,0.0,-0.14557214081287384,0.999024510383606,0.34444692730903625,1.8884594440460205,0.6628383994102478,1.0000000|0.0000000|0.0000000|0.0000000|0.0000000|0.0000000|0.0000000|0.0000000|0.0000000|0.0000000,0,1.0,12.922343785846914,0,0,0,0,0,
cross_town,Town02,mixed,15,182,9.1,193.68222045898438,160.58309936523438,0.22167758643627167,-89.92217254638672,0.003189063150012868,499.2999938704299,0.0006387027479528596,1.52587890625e-05,1.331580543606492e-07,4.4632188785580795e-07,0.43862285419533115,0.022657454013824463,0.010685563087463379,0.1289645880460739,0.0,0.0,-0.06557214260101318,0.9937279224395752,0.34444692730903625,1.4218924045562744,0.5197275876998901,1.0000000|0.0000000|0.0000000|0.0000000|0.0000000|0.0000000|0.0000000|0.0000000|0.0000000|0.0000000,0,1.0,12.843067579312942,0,0,0,0,0,
cross_town,Town02,mixed,15,183,9.15,193.68222045898438,160.58309936523438,0.22167758643627167,-89.92217254638672,0.003189063150012868,499.2999938704299,0.0006387027479528596,1.52587890625e-05,1.331580543606492e-07,5.149956884792281e-07,0.43799564643928884,0.027231216430664062,0.008668065071105957,-0.1615627408027649,0.0,0.0,-0.14557214081287384,1.0,0.34444692730903625,10.240317344665527,0.15793001651763916,1.0000000|0.0000000|0.0000000|0.0000000|0.0000000|0.0000000|0.0000000|0.0000000|0.0000000|0.0000000,0,1.0,12.829717188794223,0,0,0,0,0,
cross_town,Town02,mixed,15,184,9.2,193.68222045898438,160.58309936523438,0.22167758643627167,-89.92217254638672,0.003189063150012868,499.2999938704299,0.0006387027479528596,1.52587890625e-05,1.331580543606492e-07,5.150034253412769e-07,0.43803661271164296,0.0043031275272369385,0.003740280866622925,-0.5528637170791626,0.0,0.0,-0.2255721390247345,0.9995903372764587,0.800000011920929,1.6499124765396118,-0.37482893466949463,1.0000000|0.0000000|0.0000000|0.0000000|0.0000000|0.0000000|0.0000000|0.0000000|0.0000000|0.0000000,0,1.0,12.750835484065545,0,0,0,0,0,
cross_town,Town02,mixed,15,185,9.25,193.68222045898438,160.58309936523438,0.22167758643627167,-89.92217254638672,0.003189063150012868,499.2999938704299,0.0006387027479528596,1.52587890625e-05,1.331580543606492e-07,5.493257376464016e-07,0.43799573894569727,0.007152140140533447,0.012065112590789795,-0.658679723739624,0.0,0.0,-0.30557215213775635,0.9999990463256836,0.800000011920929,3.1766579151153564,-0.4541720747947693,1.0000000|0.0000000|0.0000000|0.0000000|0.0000000|0.0000000|0.0000000|0.0000000|0.0000000|0.0000000,0,1.0,12.737331744395087,0,0,0,0,0,
cross_town,Town02,mixed,15,186,9.3,193.68222045898438,160.58309936523438,0.22167758643627167,-89.92217254638672,0.003189063150012868,499.2999938704299,0.0006387027479528596,1.52587890625e-05,1.331580543606492e-07,0.0,0.4379956464392888,0.028540372848510742,0.0024359822273254395,0.8419457077980042,0.0,0.0,-0.2255721539258957,1.0,0.34444692730903625,5.110285758972168,0.5940392017364502,1.0000000|0.0000000|0.0000000|0.0000000|0.0000000|0.0000000|0.0000000|0.0000000|0.0000000|0.0000000,0,1.0,12.65869959723706,0,0,0,0,0,
cross_town,Town02,mixed,15,187,9.35,193.68222045898438,160.58309936523438,0.22167758643627167,-89.92217254638672,0.003189063150012868,499.2999938704299,0.0006387027479528596,1.52587890625e-05,1.331580543606492e-07,1.7171999384262158e-07,0.4432994584662664,0.032649219036102295,0.004422277212142944,0.6016161441802979,0.0,0.0,-0.14557215571403503,0.9469618797302246,0.34444692730903625,0.8761152029037476,0.3553912043571472,1.0000000|0.0000000|0.0000000|0.0000000|0.0000000|0.0000000|0.0000000|0.0000000|0.0000000|0.0000000,0,1.0,12.644937001074021,0,0,0,0,0,
cross_town,Town02,mixed,15,188,9.4,193.68222045898438,160.58309936523438,0.22167758643627167,-89.92217254638672,0.003189063150012868,499.2999938704299,0.0006387027479528596,1.52587890625e-05,1.331580543606492e-07,3.7766720754088056e-07,0.4744830767733799,0.035900652408599854,0.00681033730506897,-0.05040149390697479,0.0,0.0,-0.06557215750217438,0.6351256966590881,0.34444692730903625,0.29412057995796204,0.8048604130744934,1.0000000|0.0000000|0.0000000|0.0000000|0.0000000|0.0000000|0.0000000|0.0000000|0.0000000|0.0000000,0,1.0,12.566500404854228,0,0,0,0,0,
cross_town,Town02,mixed,15,189,9.45,193.68222045898438,160.58309936523438,0.22167758643627167,-89.92217254638672,0.003189063150012868,499.2999938704299,0.0006387027479528596,1.52587890625e-05,1.331580543606492e-07,4.806610677642061e-07,0.4384818176848637,0.008351117372512817,0.0023395419120788574,-0.4815013110637665,0.0,0.0,-0.14557215571403503,0.9951382875442505,0.800000011920929,1.0303726196289062,-0.6949810981750488,1.0000000|0.0000000|0.0000000|0.0000000|0.0000000|0.0000000|0.0000000|0.0000000|0.0000000|0.0000000,0,1.0,12.552469341801325,0,0,0,0,0,
cross_town,Town02,mixed,15,190,9.5,193.68222045898438,160.58309936523438,0.22167758643627167,-89.92217254638672,0.003189063150012868,499.2999938704299,0.0006387027479528596,1.52587890625e-05,1.331580543606492e-07,4.80667415334865e-07,0.4380366127116429,0.0043031275272369385,0.003740280866622925,-0.5528638362884521,0.0,0.0,-0.2255721539258957,0.9995903372764587,0.800000011920929,1.6499137878417969,-0.3748283386230469,1.0000000|0.0000000|0.0000000|0.0000000|0.0000000|0.0000000|0.0000000|0.0000000|0.0000000|0.0000000,0,1.0,12.475008955705286,0,0,0,0,0,
cross_town,Town02,mixed,15,191,9.55,193.68222045898438,160.58309936523438,0.22167758643627167,-89.92217254638672,0.003189063150012868,499.2999938704299,0.0006387027479528596,1.52587890625e-05,1.331580543606492e-07,4.806790775885912e-07,0.43803481265137073,0.023810982704162598,0.006917893886566162,0.5398944616317749,0.0,0.0,-0.14557215571403503,0.9996083378791809,0.34444692730903625,2.1167049407958984,0.20865577459335327,1.0000000|0.0000000|0.0000000|0.0000000|0.0000000|0.0000000|0.0000000|0.0000000|0.0000000|0.0000000,0,1.0,12.460295332841186,0,0,0,0,0,
cross_town,Town02,mixed,15,192,9.6,193.68222045898438,160.58309936523438,0.22167758643627167,-89.92217254638672,0.003189063150012868,499.2999938704299,0.0006387027479528596,1.52587890625e-05,1.331580543606492e-07,6.17982739228451e-07,0.43803661271164285,0.0043031275272369385,0.003740280866622925,-0.5528638362884521,0.0,0.0,-0.2255721539258957,0.9995903372764587,0.800000011920929,1.6499137878417969,-0.3748283386230469,1.0000000|0.0000000|0.0000000|0.0000000|0.0000000|0.0000000|0.0000000|0.0000000|0.0000000|0.0000000,0,1.0,12.382339377679733,0,0,0,0,0,
cross_town,Town02,mixed,15,193,9.65,193.68222045898438,160.58309936523438,0.22167758643627167,-89.92217254638672,0.003189063150012868,499.2999938704299,0.0006387027479528596,1.52587890625e-05,1.331580543606492e-07,7.896520483335924e-07,0.4383081655127752,0.03134685754776001,0.005894750356674194,0.5403900146484375,0.0,0.0,-0.14557215571403503,0.9968748092651367,0.34444692730903625,1.5968414545059204,0.341810941696167,1.0000000|0.0000000|0.0000000|0.0000000|0.0000000|0.0000000|0.0000000|0.0000000|0.0000000|0.0000000,0,1.0,12.367938554176348,0,0,0,0,0,
cross_town,Town02,mixed,15,194,9.7,193.68222045898438,160.58309936523438,0.22167758643627167,-89.92217254638672,0.003189063150012868,499.2999938704299,0.0006387027479528596,1.52587890625e-05,1.331580543606492e-07,9.613196010583517e-07,0.4382893244845616,0.024386167526245117,0.009995311498641968,0.11647035926580429,0.0,0.0,-0.06557215750217438,0.9970632195472717,0.34444692730903625,1.6124324798583984,0.6956539750099182,1.0000000|0.0000000|0.0000000|0.0000000|0.0000000|0.0000000|0.0000000|0.0000000|0.0000000|0.0000000,0,1.0,12.290369650360962,0,0,0,0,0,
cross_town,Town02,mixed,15,195,9.75,193.68222045898438,160.58309936523438,0.22167758643627167,-89.92217254638672,0.003189063150012868,499.2999938704299,0.0006387027479528596,1.52587890625e-05,1.331580543606492e-07,1.3734221204442298e-07,0.4384818236453281,0.008351117372512817,0.0023395419120788574,-0.4815009832382202,0.0,0.0,-0.14557215571403503,0.9951382279396057,0.800000011920929,1.0303699970245361,-0.6949814558029175,1.0000000|0.0000000|0.0000000|0.0000000|0.0000000|0.0000000|0.0000000|0.0000000|0.0000000|0.0000000,0,1.0,12.275862781227982,0,0,0,0,0,
cross_town,Town02,mixed,15,196,9.8,193.68222045898438,160.58309936523438,0.22167758643627167,-89.92217254638672,0.003189063150012868,499.2999938704299,0.0006387027479528596,1.52587890625e-05,1.331580543606492e-07,3.090378001050207e-07,0.4395683269126162,0.027045845985412598,0.009391099214553833,0.08631572872400284,0.0,0.0,-0.06557215750217438,0.9842731952667236,0.34444692730903625,1.1896864175796509,0.6826528906822205,1.0000000|0.0000000|0.0000000|0.0000000|0.0000000|0.0000000|0.0000000|0.0000000|0.0000000|0.0000000,0,1.0,12.198650738776628,0,0,0,0,0,
cross_town,Town02,mixed,15,197,9.85,193.68222045898438,160.58309936523438,0.22167758643627167,-89.92217254638672,0.003189063150012868,499.2999938704299,0.0006387027479528596,1.52587890625e-05,1.331580543606492e-07,4.80657862895509e-07,0.44189197901911986,0.029830873012542725,0.004908114671707153,0.011565623804926872,0.0,0.0,0.011565623804926872,0.9664338231086731,0.34444692730903625,0.9955768585205078,0.11842674016952515,1.0000000|0.0000000|0.0000000|0.0000000|0.0000000|0.0000000|0.0000000|0.0000000|0.0000000|0.0000000,0,1.0,12.184017517613974,0,0,0,0,0,
cross_town,Town02,mixed,15,198,9.9,193.68222045898438,160.58309936523438,0.22167758643627167,-89.92217254638672,0.003189063150012868,499.2999938704299,0.0006387027479528596,1.52587890625e-05,1.331580543606492e-07,4.806619302255834e-07,0.43800912936756486,0.023869425058364868,0.002484232187271118,-0.08116574585437775,0.0,0.0,-0.06843437254428864,0.9998651742935181,0.34444692730903625,2.3833651542663574,-0.22667980194091797,1.0000000|0.0000000|0.0000000|0.0000000|0.0000000|0.0000000|0.0000000|0.0000000|0.0000000|0.0000000,0,1.0,12.107897206529584,0,0,0,0,0,
cross_town,Town02,mixed,15,199,9.95,193.68222045898438,160.58309936523438,0.22167758643627167,-89.92217254638672,0.003189063150012868,499.2999938704299,0.0006387027479528596,1.52587890625e-05,1.331580543606492e-07,4.80670483393751e-07,0.4451678635401126,0.023705780506134033,0.006324410438537598,-0.047863710671663284,0.0,0.0,-0.047863710671663284,1.0,0.34444692730903625,6.935016632080078,0.24110090732574463,1.0000000|0.0000000|0.0000000|0.0000000|0.0000000|0.0000000|0.0000000|0.0000000|0.0000000|0.0000000,0,1.0,12.093374873786884,0,0,0,0,0,
cross_town,Town02,mixed,15,200,10.0,193.68222045898438,160.58309936523438,0.22167758643627167,-89.92217254638672,0.003189063150012868,499.2999938704299,0.0006387027479528596,1.52587890625e-05,1.331580543606492e-07,5.493263590993104e-07,0.4411179271721591,0.023617684841156006,0.0033237040042877197,0.013765009120106697,0.0,0.0,0.013765009120106697,1.0,0.34444692730903625,4.587408542633057,-0.061917006969451904,1.0000000|0.0000000|0.0000000|0.0000000|0.0000000|0.0000000|0.0000000|0.0000000|0.0000000|0.0000000,0,1.0,12.017054185418441,0,0,0,0,0,
cross_town,Town02,mixed,15,201,10.05,193.68222045898438,160.58309936523438,0.22167758643627167,-89.92217254638672,0.003189063150012868,499.2999938704299,0.0006387027479528596,1.52587890625e-05,1.331580543606492e-07,7.209866134430648e-07,0.4407183555667454,0.025777101516723633,0.0016388893127441406,-0.05054435878992081,0.0,0.0,-0.05054435878992081,0.9999445676803589,0.34444692730903625,2.6057610511779785,-0.635248601436615,1.0000000|0.0000000|0.0000000|0.0000000|0.0000000|0.0000000|0.0000000|0.0000000|0.0000000|0.0000000,0,1.0,12.001602332710771,0,0,0,0,0,
cross_town,Town02,mixed,15,202,10.1,193.68222045898438,160.58309936523438,0.22167758643627167,-89.92217254638672,0.003189063150012868,499.2999938704299,0.0006387027479528596,1.52587890625e-05,1.331580543606492e-07,8.926547554756314e-07,0.43799564500877725,0.026503443717956543,0.007408350706100464,-0.23918187618255615,0.0,0.0,-0.13054436445236206,1.0,0.34444692730903625,8.342179298400879,0.17438852787017822,1.0000000|0.0000000|0.0000000|0.0000000|0.0000000|0.0000000|0.0000000|0.0000000|0.0000000|0.0000000,0,1.0,11.925286205695102,0,0,0,0,0,
cross_town,Town02,mixed,15,203,10.15,193.68222045898438,160.58309936523438,0.22167758643627167,-89.92217254638672,0.003189063150012868,499.2999938704299,0.0006387027479528596,1.52587890625e-05,1.331580543606492e-07,6.867776303549981e-08,0.4517937981548566,0.03277707099914551,0.007706373929977417,-0.09161385893821716,0.0,0.0,-0.09161385893821716,0.920631468296051,0.34444692730903625,0.7682926654815674,0.7261698842048645,1.0000000|0.0000000|0.0000000|0.0000000|0.0000000|0.0000000|0.0000000|0.0000000|0.0000000|0.0000000,0,1.0,11.910167896844055,0,0,0,0,0,
cross_town,Town02,mixed,15,204,10.2,193.68222045898438,160.58309936523438,0.22167758643627167,-89.92217254638672,0.003189063150012868,499.2999938704299,0.0006387027479528596,1.52587890625e-05,1.331580543606492e-07,2.7466895123112963e-07,0.4379956460816609,0.019878774881362915,0.007580846548080444,-0.0038222409784793854,0.0,0.0,-0.011613858863711357,1.0,0.34444692730903625,6.23085880279541,0.32149386405944824,1.0000000|0.0000000|0.0000000|0.0000000|0.0000000|0.0000000|0.0000000|0.0000000|0.0000000|0.0000000,0,1.0,11.839801598916827,0,0,0,0,0,
cross_town,Town02,mixed,15,205,10.25,193.68222045898438,160.58309936523438,0.22167758643627167,-89.92217254638672,0.003189063150012868,499.2999938704299,0.0006387027479528596,1.52587890625e-05,1.331580543606492e-07,4.80667767729428e-07,0.4380245602948415,0.05610695481300354,0.0021245181560516357,-0.42956480383872986,0.05610695481300354,0.0,-0.09161385893821716,0.9997108578681946,0.800000011920929,1.7370744943618774,-1.1016910076141357,1.0000000|0.0000000|0.0000000|0.0000000|0.0000000|0.0000000|0.0000000|0.0000000|0.0000000|0.0000000,0,1.0,11.849995767398458,0,0,0,0,0,
cross_town,Town02,mixed,15,206,10.3,193.68222045898438,160.58309936523438,0.22167758643627167,-89.92217254638672,0.003189063150012868,499.2999938704299,0.0006387027479528596,1.52587890625e-05,1.331580543606492e-07,6.523141304154871e-07,0.4379962421281086,0.03202661871910095,0.005518853664398193,0.15777024626731873,0.0,0.0,-0.011613858863711357,0.9999940395355225,0.34444692730903625,3.1628823280334473,0.3628944754600525,1.0000000|0.0000000|0.0000000|0.0000000|0.0000000|0.0000000|0.0000000|0.0000000|0.0000000|0.0000000,0,1.0,11.771231626262981,0,0,0,0,0,
cross_town,Town02,mixed,15,207,10.35,193.68222045898438,160.58309936523438,0.22167758643627167,-89.92217254638672,0.003189063150012868,499.2999938704299,0.0006387027479528596,1.52587890625e-05,1.331580543606492e-07,7.553117327656182e-07,0.4380245602948415,0.05610686540603638,0.0021245479583740234,-0.42956504225730896,0.05610686540603638,0.0,-0.09161385893821716,0.9997108578681946,0.800000011920929,1.7370809316635132,-1.1016905307769775,1.0000000|0.0000000|0.0000000|0.0000000|0.0000000|0.0000000|0.0000000|0.0000000|0.0000000|0.0000000,0,1.0,11.624263498700708,0,0,0,0,0,
cross_town,Town02,mixed,15,208,10.4,193.68222045898438,160.58309936523438,0.22167758643627167,-89.92217254638672,0.003189063150012868,499.2999938704299,0.0006387027479528596,1.52587890625e-05,1.331580543606492e-07,8.92644253492718e-07,0.46771290072033284,0.021482259035110474,0.0038034021854400635,0.44222280383110046,0.0,0.0,-0.011613858863711357,0.7028274536132812,0.34444692730903625,0.37075263261795044,0.3640766143798828,1.0000000|0.0000000|0.0000000|0.0000000|0.0000000|0.0000000|0.0000000|0.0000000|0.0000000|0.0000000,0,1.0,11.485652321206848,0,0,0,0,0,
cross_town,Town02,mixed,15,209,10.45,193.68222045898438,160.58309936523438,0.22167758643627167,-89.92217254638672,0.003189063150012868,499.2999938704299,0.0006387027479528596,1.52587890625e-05,1.331580543606492e-07,1.0986354856586143e-06,0.44388661998466,0.022935688495635986,0.0028903186321258545,-0.050225451588630676,0.0,0.0,-0.050225451588630676,1.0,0.34444692730903625,5.485909461975098,-0.1779664158821106,1.0000000|0.0000000|0.0000000|0.0000000|0.0000000|0.0000000|0.0000000|0.0000000|0.0000000|0.0000000,0,1.0,11.498482849587665,0,0,0,0,0,
cross_town,Town02,mixed,15,210,10.5,193.68222045898438,160.58309936523438,0.22167758643627167,-89.92217254638672,0.003189063150012868,499.2999938704299,0.0006387027479528596,1.52587890625e-05,1.331580543606492e-07,1.3046296514573311e-06,0.43799564643928884,0.03434506058692932,0.005382120609283447,-0.3090924918651581,0.0,0.0,-0.13022544980049133,1.0,0.34444692730903625,4.590944290161133,0.4761899709701538,1.0000000|0.0000000|0.0000000|0.0000000|0.0000000|0.0000000|0.0000000|0.0000000|0.0000000|0.0000000,0,1.0,11.489703043303596,0,0,0,0,0,
cross_town,Town02,mixed,15,211,10.55,193.68222045898438,160.58309936523438,0.22167758643627167,-89.92217254638672,0.003189063150012868,499.2999938704299,0.0006387027479528596,1.52587890625e-05,1.331580543606492e-07,1.5106217622221062e-06,0.4379957894904363,0.021251797676086426,0.01441851258277893,0.053704820573329926,0.0,0.0,-0.050225451588630676,0.9999985694885254,0.34444692730903625,3.5116775035858154,0.3426792025566101,1.0000000|0.0000000|0.0000000|0.0000000|0.0000000|0.0000000|0.0000000|0.0000000|0.0000000|0.0000000,0,1.0,11.214680174428114,0,0,0,0,0,
cross_town,Town02,mixed,15,212,10.6,193.68222045898438,160.58309936523438,0.22167758643627167,-89.92217254638672,0.003189063150012868,499.2999938704299,0.0006387027479528596,1.52587890625e-05,1.331580543606492e-07,1.7167235571799957e-07,0.4394046400361913,0.024569720029830933,0.0039691925048828125,0.022064508870244026,0.0,0.0,0.022064508870244026,1.0,0.34444692730903625,4.714207649230957,-0.052967846393585205,1.0000000|0.0000000|0.0000000|0.0000000|0.0000000|0.0000000|0.0000000|0.0000000|0.0000000|0.0000000,0,1.0,10.964213656984201,0,0,0,0,0,
cross_town,Town02,mixed,15,213,10.65,193.68222045898438,160.58309936523438,0.22167758643627167,-89.92217254638672,0.003189063150012868,499.2999938704299,0.0006387027479528596,1.52587890625e-05,1.331580543606492e-07,2.7470052590222846e-07,0.4379958248955953,0.21841979026794434,0.0014848411083221436,-0.5336014628410339,0.05999999865889549,0.0,-0.05793549120426178,0.9999982118606567,0.800000011920929,3.01631498336792,-1.576158881187439,1.0000000|0.0000000|0.0000000|0.0000000|0.0000000|0.0000000|0.0000000|0.0000000|0.0000000|0.0000000,0,1.0,10.762956388219596,0,0,0,0,0,
cross_town,Town02,mixed,15,214,10.7,193.68222045898438,160.58309936523438,0.22167758643627167,-89.92217254638672,0.003189063150012868,499.2999938704299,0.0006387027479528596,1.52587890625e-05,1.331580543606492e-07,4.1200334060876637e-07,0.45232325597832074,0.040262460708618164,0.001369178295135498,-0.35293999314308167,0.0,0.0,-0.13793548941612244,0.8567239046096802,0.800000011920929,0.14708545804023743,-1.1946947574615479,1.0000000|0.0000000|0.0000000|0.0000000|0.0000000|0.0000000|0.0000000|0.0000000|0.0000000|0.0000000,0,1.0,10.589033731172359,0,0,0,0,0,
cross_town,Town02,mixed,15,215,10.75,193.68222045898438,160.58309936523438,0.22167758643627167,-89.92217254638672,0.003189063150012868,499.2999938704299,0.0006387027479528596,1.52587890625e-05,1.331580543606492e-07,6.17984054088207e-07,0.43849782153198597,0.02450484037399292,0.011350125074386597,0.059077538549900055,0.0,0.0,-0.05793549120426178,0.9949782490730286,0.34444692730903625,1.4777891635894775,0.3878636360168457,1.0000000|0.0000000|0.0000000|0.0000000|0.0000000|0.0000000|0.0000000|0.0000000|0.0000000|0.0000000,0,1.0,10.43461733295206,0,0,0,0,0,
cross_town,Town02,mixed,15,216,10.8,193.68222045898438,160.58309936523438,0.22167758643627167,-89.92217254638672,0.003189063150012868,499.2999938704299,0.0006387027479528596,1.52587890625e-05,1.331580543606492e-07,8.239818392590452e-07,0.44514524851308307,0.03788295388221741,0.003232240676879883,-0.01318461075425148,0.0,0.0,-0.01318461075425148,0.981272280216217,0.34444692730903625,1.1452637910842896,0.07969152927398682,1.0000000|0.0000000|0.0000000|0.0000000|0.0000000|0.0000000|0.0000000|0.0000000|0.0000000|0.0000000,0,1.0,10.28987201289901,0,0,0,0,0,
cross_town,Town02,mixed,15,217,10.85,193.68222045898438,160.58309936523438,0.22167758643627167,-89.92217254638672,0.003189063150012868,499.2999938704299,0.0006387027479528596,1.52587890625e-05,1.331580543606492e-07,8.583217269321259e-07,0.438024154625629,0.05325227975845337,0.0021903514862060547,-0.4285094141960144,0.05325227975845337,0.0,-0.09318461269140244,0.9997149109840393,0.800000011920929,1.740634560585022,-1.0885310173034668,1.0000000|0.0000000|0.0000000|0.0000000|0.0000000|0.0000000|0.0000000|0.0000000|0.0000000|0.0000000,0,1.0,10.155469832258156,0,0,0,0,0,
cross_town,Town02,mixed,15,218,10.9,193.68222045898438,160.58309936523438,0.22167758643627167,-89.92217254638672,0.003189063150012868,499.2999938704299,0.0006387027479528596,1.52587890625e-05,1.331580543606492e-07,9.956565762775923e-07,0.4380543804986224,0.025837838649749756,0.005676835775375366,0.29085054993629456,0.0,0.0,-0.01318461261689663,0.9994126558303833,0.34444692730903625,2.0153517723083496,0.37101173400878906,1.0000000|0.0000000|0.0000000|0.0000000|0.0000000|0.0000000|0.0000000|0.0000000|0.0000000|0.0000000,0,1.0,10.029198601773688,0,0,0,0,0,
cross_town,Town02,mixed,15,219,10.95,193.68222045898438,160.58309936523438,0.22167758643627167,-89.92217254638672,0.003189063150012868,499.2999938704299,0.0006387027479528596,1.52587890625e-05,1.331580543606492e-07,1.167319150875145e-06,0.4380241549832569,0.05325224995613098,0.0021903514862060547,-0.4285094141960144,0.05325224995613098,0.0,-0.09318461269140244,0.9997149109840393,0.800000011920929,1.7406346797943115,-1.0885310173034668,1.0000000|0.0000000|0.0000000|0.0000000|0.0000000|0.0000000|0.0000000|0.0000000|0.0000000|0.0000000,0,1.0,9.91000839290499,0,0,0,0,0,
cross_town,Town02,mixed,15,220,11.0,193.68222045898438,160.58309936523438,0.22167758643627167,-89.92217254638672,0.003189063150012868,499.2999938704299,0.0006387027479528596,1.52587890625e-05,1.331580543606492e-07,3.440699508557088e-08,0.43799588342735607,0.014728695154190063,0.0017385780811309814,-0.43949219584465027,0.0,0.0,-0.1731846183538437,0.999997615814209,0.800000011920929,2.9372036457061768,-0.9431856870651245,1.0000000|0.0000000|0.0000000|0.0000000|0.0000000|0.0000000|0.0000000|0.0000000|0.0000000|0.0000000,0,1.0,9.797101164336953,0,0,0,0,0,
cross_town,Town02,mixed,15,221,11.05,193.68222045898438,160.58309936523438,0.22167758643627167,-89.92217254638672,0.003189063150012868,499.2999938704299,0.0006387027479528596,1.52587890625e-05,1.331580543606492e-07,3.494904199330388e-08,0.43813869758674967,0.005367696285247803,0.004862397909164429,-0.5998343229293823,0.0,0.0,-0.25318461656570435,0.9985694885253906,0.800000011920929,1.3370721340179443,-0.38268959522247314,1.0000000|0.0000000|0.0000000|0.0000000|0.0000000|0.0000000|0.0000000|0.0000000|0.0000000|0.0000000,0,1.0,9.689863386207097,0,0,0,0,0,
cross_town,Town02,mixed,15,222,11.1,193.68222045898438,160.58309936523438,0.22167758643627167,-89.92217254638672,0.003189063150012868,499.2999938704299,0.0006387027479528596,1.52587890625e-05,1.331580543606492e-07,1.718484547310898e-07,0.4543724279029117,0.031342387199401855,0.004079610109329224,0.6345195770263672,0.0,0.0,-0.1731846183538437,0.8362321853637695,0.34444692730903625,0.5631673336029053,0.18912822008132935,1.0000000|0.0000000|0.0000000|0.0000000|0.0000000|0.0000000|0.0000000|0.0000000|0.0000000|0.0000000,0,1.0,9.587799923463091,0,0,0,0,0,
cross_town,Town02,mixed,15,223,11.15,193.68222045898438,160.58309936523438,0.22167758643627167,-89.92217254638672,0.003189063150012868,499.2999938704299,0.0006387027479528596,1.52587890625e-05,1.331580543606492e-07,2.0601357797870529e-07,0.4380959431750521,0.027139484882354736,0.012240320444107056,0.2696393132209778,0.0,0.0,-0.09318462014198303,0.9989970326423645,0.34444692730903625,1.8814971446990967,0.3830801844596863,1.0000000|0.0000000|0.0000000|0.0000000|0.0000000|0.0000000|0.0000000|0.0000000|0.0000000|0.0000000,0,1.0,9.490506295386881,0,0,0,0,0,
cross_town,Town02,mixed,15,224,11.2,193.68222045898438,160.58309936523438,0.22167758643627167,-89.92217254638672,0.003189063150012868,499.2999938704299,0.0006387027479528596,1.52587890625e-05,1.331580543606492e-07,2.0605465256686696e-07,0.4383168912751424,0.02508413791656494,0.0064164698123931885,0.03338226303458214,0.0,0.0,-0.013184620067477226,0.9967875480651855,0.34444692730903625,1.5899285078048706,0.1737583875656128,1.0000000|0.0000000|0.0000000|0.0000000|0.0000000|0.0000000|0.0000000|0.0000000|0.0000000|0.0000000,0,1.0,9.39761868145181,0,0,0,0,0,
cross_town,Town02,mixed,15,225,11.25,193.68222045898438,160.58309936523438,0.22167758643627167,-89.92217254638672,0.003189063150012868,499.2999938704299,0.0006387027479528596,1.52587890625e-05,1.331580543606492e-07,2.7482093000933585e-07,0.438024154983257,0.05325224995613098,0.0021903514862060547,-0.42850956320762634,0.05325224995613098,0.0,-0.09318462014198303,0.9997149109840393,0.800000011920929,1.7406450510025024,-1.0885310173034668,1.0000000|0.0000000|0.0000000|0.0000000|0.0000000|0.0000000|0.0000000|0.0000000|0.0000000|0.0000000,0,1.0,9.308827285038719,0,0,0,0,0,
cross_town,Town02,mixed,15,226,11.3,193.68222045898438,160.58309936523438,0.22167758643627167,-89.92217254638672,0.003189063150012868,499.2999938704299,0.0006387027479528596,1.52587890625e-05,1.331580543606492e-07,4.120821432609033e-07,0.4495213485581623,0.026676803827285767,0.005496591329574585,0.34858277440071106,0.0,0.0,-0.013184620067477226,0.8847429752349854,0.34444692730903625,0.6650860905647278,0.33245575428009033,1.0000000|0.0000000|0.0000000|0.0000000|0.0000000|0.0000000|0.0000000|0.0000000|0.0000000|0.0000000,0,1.0,9.223850582518134,0,0,0,0,0,
cross_town,Town02,mixed,15,227,11.35,193.68222045898438,160.58309936523438,0.22167758643627167,-89.92217254638672,0.003189063150012868,499.2999938704299,0.0006387027479528596,1.52587890625e-05,1.331580543606492e-07,4.46333125595407e-07,0.44139226660262926,0.022148072719573975,0.0030048489570617676,-0.07292976975440979,0.0,0.0,-0.07292976975440979,1.0,0.34444692730903625,4.857249736785889,-0.09262752532958984,1.0000000|0.0000000|0.0000000|0.0000000|0.0000000|0.0000000|0.0000000|0.0000000|0.0000000|0.0000000,0,1.0,9.142432376752122,0,0,0,0,0,
cross_town,Town02,mixed,15,228,11.4,193.68222045898438,160.58309936523438,0.22167758643627167,-89.92217254638672,0.003189063150012868,499.2999938704299,0.0006387027479528596,1.52587890625e-05,1.331580543606492e-07,0.0,0.4385479132754552,0.006690800189971924,0.002542853355407715,-0.48228415846824646,0.0,0.0,-0.15292976796627045,0.9944773316383362,0.800000011920929,0.9983360171318054,-0.6436949372291565,1.0000000|0.0000000|0.0000000|0.0000000|0.0000000|0.0000000|0.0000000|0.0000000|0.0000000|0.0000000,0,1.0,9.064338306619206,0,0,0,0,0,
cross_town,Town02,mixed,15,229,11.45,193.68222045898438,160.58309936523438,0.22167758643627167,-89.92217254638672,0.003189063150012868,499.2999938704299,0.0006387027479528596,1.52587890625e-05,1.331580543606492e-07,3.4725904674885245e-08,0.4380722026450384,0.004494756460189819,0.003922075033187866,-0.5657243728637695,0.0,0.0,-0.2329297661781311,0.9992344379425049,0.800000011920929,1.4935201406478882,-0.37236499786376953,1.0000000|0.0000000|0.0000000|0.0000000|0.0000000|0.0000000|0.0000000|0.0000000|0.0000000|0.0000000,0,1.0,8.989357866347394,0,0,0,0,0,
cross_town,Town02,mixed,15,230,11.5,193.68222045898438,160.58309936523438,0.22167758643627167,-89.92217254638672,0.003189063150012868,499.2999938704299,0.0006387027479528596,1.52587890625e-05,1.331580543606492e-07,6.946893247477098e-08,0.43885916277000786,0.04311561584472656,0.0038473010063171387,0.5695786476135254,0.0,0.0,-0.15292976796627045,0.9913648366928101,0.34444692730903625,1.3413618803024292,0.5765095949172974,1.0000000|0.0000000|0.0000000|0.0000000|0.0000000|0.0000000|0.0000000|0.0000000|0.0000000|0.0000000,0,1.0,8.917293198339621,0,0,0,0,0,
cross_town,Town02,mixed,15,231,11.55,193.68222045898438,160.58309936523438,0.22167758643627167,-89.92217254638672,0.003189063150012868,499.2999938704299,0.0006387027479528596,1.52587890625e-05,1.331580543606492e-07,1.7199080322395715e-07,0.4518969218356358,0.02569076418876648,0.012026876211166382,0.14602506160736084,0.0,0.0,-0.07292976975440979,0.8609872460365295,0.34444692730903625,0.6114315390586853,0.6248519420623779,1.0000000|0.0000000|0.0000000|0.0000000|0.0000000|0.0000000|0.0000000|0.0000000|0.0000000|0.0000000,0,1.0,8.84796425353038,0,0,0,0,0,
cross_town,Town02,mixed,15,232,11.6,193.68222045898438,160.58309936523438,0.22167758643627167,-89.92217254638672,0.003189063150012868,499.2999938704299,0.0006387027479528596,1.52587890625e-05,1.331580543606492e-07,1.7171438737772174e-07,0.4379957775695072,0.03309744596481323,0.007353544235229492,-0.23546428978443146,0.0,0.0,-0.15292976796627045,0.9999986886978149,0.34444692730903625,3.552295684814453,0.44540905952453613,1.0000000|0.0000000|0.0000000|0.0000000|0.0000000|0.0000000|0.0000000|0.0000000|0.0000000|0.0000000,0,1.0,8.781205582879952,0,0,0,0,0,
cross_town,Town02,mixed,15,233,11.65,193.68222045898438,160.58309936523438,0.22167758643627167,-89.92217254638672,0.003189063150012868,499.2999938704299,0.0006387027479528596,1.52587890625e-05,1.331580543606492e-07,1.7169533581044266e-07,0.4380722026450384,0.004494756460189819,0.003922104835510254,-0.5657243132591248,0.0,0.0,-0.2329297661781311,0.9992344379425049,0.800000011920929,1.4935201406478882,-0.3723657727241516,1.0000000|0.0000000|0.0000000|0.0000000|0.0000000|0.0000000|0.0000000|0.0000000|0.0000000|0.0000000,0,1.0,8.716875543697512,0,0,0,0,0,
cross_town,Town02,mixed,15,234,11.7,193.68222045898438,160.58309936523438,0.22167758643627167,-89.92217254638672,0.003189063150012868,499.2999938704299,0.0006387027479528596,1.52587890625e-05,1.331580543606492e-07,2.404524745826423e-07,0.4379956464392888,0.01760762929916382,0.00432392954826355,0.5596116781234741,0.0,0.0,-0.15292976796627045,1.0,0.387784481048584,76.77207946777344,-0.9499316215515137,1.0000000|0.0000000|0.0000000|0.0000000|0.0000000|0.0000000|0.0000000|0.0000000|0.0000000|0.0000000,0,1.0,8.65483121009454,0,0,0,0,0,
cross_town,Town02,mixed,15,235,11.75,193.68222045898438,160.58309936523438,0.22167758643627167,-89.92217254638672,0.003189063150012868,499.2999938704299,0.0006387027479528596,1.52587890625e-05,1.331580543606492e-07,4.121269884290755e-07,0.4380722026450384,0.004494756460189819,0.003922104835510254,-0.5657243132591248,0.0,0.0,-0.2329297661781311,0.9992344379425049,0.800000011920929,1.4935184717178345,-0.3723657727241516,1.0000000|0.0000000|0.0000000|0.0000000|0.0000000|0.0000000|0.0000000|0.0000000|0.0000000|0.0000000,0,1.0,8.59494904035868,0,0,0,0,0,
cross_town,Town02,mixed,15,236,11.8,193.68222045898438,160.58309936523438,0.22167758643627167,-89.92217254638672,0.003189063150012868,499.2999938704299,0.0006387027479528596,1.52587890625e-05,1.331580543606492e-07,4.121369353969849e-07,0.43830842181274765,0.03051510453224182,0.004629760980606079,0.6354876756668091,0.0,0.0,-0.15292976796627045,0.9968722462654114,0.34444692730903625,1.5966284275054932,0.3730379343032837,1.0000000|0.0000000|0.0000000|0.0000000|0.0000000|0.0000000|0.0000000|0.0000000|0.0000000|0.0000000,0,1.0,8.53711194207682,0,0,0,0,0,
cross_town,Town02,mixed,15,237,11.85,193.68222045898438,160.58309936523438,0.22167758643627167,-89.92217254638672,0.003189063150012868,499.2999938704299,0.0006387027479528596,1.52587890625e-05,1.331580543606492e-07,3.460846957948615e-08,0.44756947561332977,0.21177184581756592,0.0038771331310272217,-0.2950757145881653,0.05999999865889549,0.0,-0.2329297661781311,0.9042617082595825,0.35279178619384766,0.7085832357406616,0.9266362190246582,0.7857004|0.2142996|0.0000000|0.0000000|0.0000000|0.0000000|0.0000000|0.0000000|0.0000000|0.0000000,0,0.7857003808021545,8.48121338874282,0,0,0,0,0,
cross_town,Town02,mixed,15,238,11.9,193.68222045898438,160.58309936523438,0.22167758643627167,-89.92217254638672,0.003189063150012868,499.2999938704299,0.0006387027479528596,1.52587890625e-05,1.331580543606492e-07,3.5479281733616906e-08,0.4379956702811463,0.029938489198684692,0.004840493202209473,0.5730002522468567,0.0,0.0,-0.15292976796627045,0.9999997615814209,0.35343465209007263,3.936354398727417,0.41389620304107666,0.7601458|0.2398542|0.0000000|0.0000000|0.0000000|0.0000000|0.0000000|0.0000000|0.0000000|0.0000000,0,0.7601457834243774,8.427161798924429,0,0,0,0,0,
cross_town,Town02,mixed,15,239,11.95,193.68222045898438,160.58309936523438,0.22167758643627167,-89.92217254638672,0.003189063150012868,499.2999938704299,0.0006387027479528596,1.52587890625e-05,1.331580543606492e-07,1.3768080072419842e-07,0.438072202645038,0.004494756460189819,0.003922075033187866,-0.5657243728637695,0.0,0.0,-0.2329297661781311,0.9992344379425049,0.800000011920929,1.493521809577942,-0.37236565351486206,1.0000000|0.0000000|0.0000000|0.0000000|0.0000000|0.0000000|0.0000000|0.0000000|0.0000000|0.0000000,0,1.0,8.374865741812618,0,0,0,0,0,
cross_town,Town02,mixed,15,240,12.0,193.68222045898438,160.58309936523438,0.22167758643627167,-89.92217254638672,0.003189063150012868,499.2999938704299,0.0006387027479528596,1.52587890625e-05,1.331580543606492e-07,6.881136489438957e-08,0.4380278925521119,0.030906766653060913,0.0035140812397003174,0.6685740947723389,0.0,0.0,-0.15292976796627045,0.9996775388717651,0.34444692730903625,2.1653354167938232,0.4587870240211487,1.0000000|0.0000000|0.0000000|0.0000000|0.0000000|0.0000000|0.0000000|0.0000000|0.0000000|0.0000000,0,1.0,8.3557609838413,0,0,0,0,0,
cross_town,Town02,mixed,15,241,12.05,193.68222045898438,160.58309936523438,0.22167758643627167,-89.92217254638672,0.003189063150012868,499.2999938704299,0.0006387027479528596,1.52587890625e-05,1.331580543606492e-07,3.506374821939311e-08,0.43799564643928884,0.028273463249206543,0.0036217570304870605,0.4699726700782776,0.0,0.0,-0.07292976975440979,1.0,0.37751123309135437,66.21731567382812,-0.912007212638855,1.0000000|0.0000000|0.0000000|0.0000000|0.0000000|0.0000000|0.0000000|0.0000000|0.0000000|0.0000000,0,1.0,8.351935703598615,0,0,0,0,0,
cross_town,Town02,mixed,15,242,12.1,193.68222045898438,160.58309936523438,0.22167758643627167,-89.92217254638672,0.003189063150012868,499.2999938704299,0.0006387027479528596,1.52587890625e-05,1.331580543606492e-07,1.3774446325251736e-07,0.43854792519638414,0.006690800189971924,0.002542853355407715,-0.48228421807289124,0.0,0.0,-0.15292976796627045,0.9944772124290466,0.800000011920929,0.9983329772949219,-0.6436951160430908,1.0000000|0.0000000|0.0000000|0.0000000|0.0000000|0.0000000|0.0000000|0.0000000|0.0000000|0.0000000,0,1.0,8.284278845662273,0,0,0,0,0,
cross_town,Town02,mixed,15,243,12.15,193.68222045898438,160.58309936523438,0.22167758643627167,-89.92217254638672,0.003189063150012868,499.2999938704299,0.0006387027479528596,1.52587890625e-05,1.331580543606492e-07,1.3767780990555974e-07,0.43799564643928873,0.011745423078536987,0.0024565160274505615,0.5878132581710815,0.0,0.0,-0.07292976975440979,1.0,0.374595582485199,39.832679748535156,-0.7811122536659241,1.0000000|0.0000000|0.0000000|0.0000000|0.0000000|0.0000000|0.0000000|0.0000000|0.0000000|0.0000000,0,1.0,8.159970248766017,0,0,0,0,0,
cross_town,Town02,mixed,15,244,12.2,193.68222045898438,160.58309936523438,0.22167758643627167,-89.92217254638672,0.003189063150012868,499.2999938704299,0.0006387027479528596,1.52587890625e-05,1.331580543606492e-07,1.7167790034023073e-07,0.4379956460816608,0.025080323219299316,0.006042689085006714,0.012063104659318924,0.0,0.0,0.007070230320096016,1.0,0.34444692730903625,6.159546375274658,0.12767481803894043,1.0000000|0.0000000|0.0000000|0.0000000|0.0000000|0.0000000|0.0000000|0.0000000|0.0000000|0.0000000,0,1.0,8.059947462694154,0,0,0,0,0,
cross_town,Town02,mixed,15,245,12.25,193.68222045898438,160.58309936523438,0.22167758643627167,-89.92217254638672,0.003189063150012868,499.2999938704299,0.0006387027479528596,1.52587890625e-05,1.331580543606492e-07,3.435547464477829e-08,0.43799564679691666,0.029626667499542236,0.006098568439483643,0.2620478570461273,0.0,0.0,0.08707022666931152,1.0,0.3716508448123932,18.772457122802734,-0.483287513256073,1.0000000|0.0000000|0.0000000|0.0000000|0.0000000|0.0000000|0.0000000|0.0000000|0.0000000|0.0000000,0,1.0,7.97343967717018,0,0,0,0,0,
cross_town,Town02,mixed,15,246,12.3,193.68222045898438,160.58309936523438,0.22167758643627167,-89.92217254638672,0.003189063150012868,499.2999938704299,0.0006387027479528596,1.52587890625e-05,1.331580543606492e-07,6.900027052555053e-08,0.43799564608166097,0.5150704979896545,0.002828836441040039,-0.6145648956298828,0.05999999865889549,0.0,0.0070702265948057175,1.0,0.35243138670921326,10.873991012573242,0.12321740388870239,0.6895396|0.3104604|0.0000000|0.0000000|0.0000000|0.0000000|0.0000000|0.0000000|0.0000000|0.0000000,0,0.6895396113395691,7.895246523665699,0,0,0,0,0,
cross_town,Town02,mixed,15,247,12.35,193.68222045898438,160.58309936523438,0.22167758643627167,-89.92217254638672,0.003189063150012868,499.2999938704299,0.0006387027479528596,1.52587890625e-05,1.331580543606492e-07,2.4048455150758305e-07,0.4379956467969166,0.5646502375602722,0.001168668270111084,-0.44392386078834534,0.11999999731779099,0.0,-0.07292976975440979,1.0,0.3523092269897461,17.516645431518555,0.0023071765899658203,0.6754637|0.3245363|0.0000000|0.0000000|0.0000000|0.0000000|0.0000000|0.0000000|0.0000000|0.0000000,0,0.6754636764526367,7.822677887821094,0,0,0,0,0,
cross_town,Town02,mixed,15,248,12.4,193.68222045898438,160.58309936523438,0.22167758643627167,-89.92217254638672,0.003189063150012868,499.2999938704299,0.0006387027479528596,1.52587890625e-05,1.331580543606492e-07,4.464295979690771e-07,0.4379958845002401,0.025844424962997437,0.002610325813293457,0.568178653717041,0.05999999865889549,0.0,0.007070230320096016,0.999997615814209,0.34444692730903625,3.3876242637634277,0.004538893699645996,1.0000000|0.0000000|0.0000000|0.0000000|0.0000000|0.0000000|0.0000000|0.0000000|0.0000000|0.0000000,0,1.0,7.754320719903434,0,0,0,0,0,
cross_town,Town02,mixed,15,249,12.45,193.68222045898438,160.58309936523438,0.22167758643627167,-89.92217254638672,0.003189063150012868,499.2999938704299,0.0006387027479528596,1.52587890625e-05,1.331580543606492e-07,4.806727389785472e-07,0.4379956460816608,0.589142382144928,0.001362234354019165,-0.3990717828273773,0.11999999731779099,0.0,-0.07292976975440979,1.0,0.3514460325241089,16.57943344116211,0.07548165321350098,0.6703042|0.3296958|0.0000000|0.0000000|0.0000000|0.0000000|0.0000000|0.0000000|0.0000000|0.0000000,0,0.6703041791915894,7.689388701555035,0,0,0,0,0,
cross_town,Town02,mixed,15,250,12.5,193.68222045898438,160.58309936523438,0.22167758643627167,-89.92217254638672,0.003189063150012868,499.2999938704299,0.0006387027479528596,1.52587890625e-05,1.331580543606492e-07,6.523142353646416e-07,0.4380017972810017,0.023821473121643066,0.002560049295425415,0.4645240008831024,0.05999999865889549,0.0,0.007070230320096016,0.9999384880065918,0.34444692730903625,2.5794196128845215,-0.4879434108734131,1.0000000|0.0000000|0.0000000|0.0000000|0.0000000|0.0000000|0.0000000|0.0000000|0.0000000|0.0000000,0,1.0,7.627427000567124,0,0,1,0,0,stuck
