protocol,town,weather,episode,t,sim_time_s,ego_x,ego_y,ego_z,ego_yaw_deg,route_s_m,route_remaining_m,route_completion_pct,cte_m,route_heading_rad,speed_kmh,reward,command_throttle,command_brake,command_steer,applied_throttle,applied_brake,applied_steer,sigma_bar,sigma_ale,sigma_epi,policy_entropy_proxy,attention,top_attention_index,top_attention_value,ttc_s,collision,off_route,timeout,red_light_violation,intervention,terminal_reason
cross_town,Town02,mixed,17,1,0.05,151.40260314941406,105.44043731689453,0.15079757571220398,179.96104431152344,1.5258785420708232e-05,500.13329088571624,3.0509436650674825e-06,0.0,5.326322183307752e-07,0.46652460694319425,0.4339112456628636,0.08074489235877991,0.001854240894317627,-0.3207938075065613,0.05999999865889549,0.0,-0.07999999821186066,1.0,0.800000011920929,4.380555152893066,-1.4778696298599243,1.0000000|0.0000000|0.0000000|0.0000000|0.0000000|0.0000000|0.0000000|0.0000000|0.0000000|0.0000000,0,1.0,,0,0,0,0,0,
cross_town,Town02,mixed,17,2,0.1,151.40260314941406,105.44043731689453,0.161112442612648,179.96104431152344,1.5258785420708232e-05,500.13329088571624,3.0509436650674825e-06,0.0,5.326322183307752e-07,0.8584049999717958,0.4339112456687773,0.44179025292396545,0.0017697811126708984,-0.39218226075172424,0.11999999731779099,0.0,-0.1599999964237213,1.0,0.3103710412979126,23.73829460144043,-1.4233897924423218,1.0000000|0.0000000|0.0000000|0.0000000|0.0000000|0.0000000|0.0000000|0.0000000|0.0000000|0.0000000,0,1.0,,0,0,0,0,0,
cross_town,Town02,mixed,17,3,0.15,151.40260314941406,105.44043731689453,0.17358183860778809,179.96104431152344,1.5258785420708232e-05,500.13329088571624,3.0509436650674825e-06,0.0,5.326322183307752e-07,0.8940872311592557,0.43593863596323046,0.04005655646324158,0.005112677812576294,-0.09136685729026794,0.05999999865889549,0.0,-0.09136685729026794,1.0,0.3103710412979126,42.54928207397461,-1.0939158201217651,1.0000000|0.0000000|0.0000000|0.0000000|0.0000000|0.0000000|0.0000000|0.0000000|0.0000000|0.0000000,0,1.0,,0,0,0,0,0,
cross_town,Town02,mixed,17,4,0.2,151.40260314941406,105.44043731689453,0.1851729154586792,179.96104431152344,1.5258785420708232e-05,500.13329088571624,3.0509436650674825e-06,0.0,5.326322183307752e-07,0.7842081785202126,0.4383108657768242,0.04358753561973572,0.00031888484954833984,-0.039082542061805725,0.0,0.0,-0.039082542061805725,1.0,0.800000011920929,4.088275909423828,-1.5377826690673828,1.0000000|0.0000000|0.0000000|0.0000000|0.0000000|0.0000000|0.0000000|0.0000000|0.0000000|0.0000000,0,1.0,,0,0,0,0,0,
cross_town,Town02,mixed,17,5,0.25,151.40260314941406,105.44043731689453,0.19481010735034943,179.96104431152344,1.5258785420708232e-05,500.13329088571624,3.0509436650674825e-06,0.0,5.326322183307752e-07,0.6320981204510114,0.4339112456687011,0.026590615510940552,0.001335442066192627,-0.2946096360683441,0.0,0.0,-0.11908254027366638,1.0,0.800000011920929,9.694547653198242,-1.2807600498199463,1.0000000|0.0000000|0.0000000|0.0000000|0.0000000|0.0000000|0.0000000|0.0000000|0.0000000|0.0000000,0,1.0,,0,0,0,0,0,
cross_town,Town02,mixed,17,6,0.3,151.40260314941406,105.44043731689453,0.20233973860740662,179.96104431152344,1.5258785420708232e-05,500.13329088571624,3.0509436650674825e-06,0.0,5.326322183307752e-07,0.484413760900565,0.4339112456678189,0.5427283644676208,0.0053861141204833984,-0.3254300057888031,0.05999999865889549,0.0,-0.19908253848552704,1.0,0.3103710412979126,22.596546173095703,-0.9844512939453125,1.0000000|0.0000000|0.0000000|0.0000000|0.0000000|0.0000000|0.0000000|0.0000000|0.0000000|0.0000000,0,1.0,,0,0,0,0,0,
cross_town,Town02,mixed,17,7,0.35,151.40260314941406,105.44043731689453,0.20799343287944794,179.96104431152344,1.5258785420708232e-05,500.13329088571624,3.0509436650674825e-06,0.0,5.326322183307752e-07,0.3589511543525639,0.4372066602474747,0.07118773460388184,0.021104902029037476,-0.13863569498062134,0.07118773460388184,0.0,-0.13863569498062134,1.0,0.3103710412979126,15.945981979370117,-0.5289877653121948,1.0000000|0.0000000|0.0000000|0.0000000|0.0000000|0.0000000|0.0000000|0.0000000|0.0000000|0.0000000,0,1.0,,0,0,0,0,0,
cross_town,Town02,mixed,17,8,0.4,151.40260314941406,105.44043731689453,0.21212272346019745,179.96104431152344,1.5258785420708232e-05,500.13329088571624,3.0509436650674825e-06,0.0,5.326322183307752e-07,0.2596512973317555,0.43391124566038813,0.1257789134979248,0.01521611213684082,-0.3767109215259552,0.1257789134979248,0.0,-0.218635693192482,1.0,0.3103710412979126,17.392271041870117,-1.048020362854004,1.0000000|0.0000000|0.0000000|0.0000000|0.0000000|0.0000000|0.0000000|0.0000000|0.0000000|0.0000000,0,1.0,,0,0,0,0,0,
cross_town,Town02,mixed,17,9,0.45,151.40260314941406,105.44043731689453,0.21507766842842102,179.96104431152344,1.5258785420708232e-05,500.13329088571624,3.0509436650674825e-06,0.0,5.326322183307752e-07,0.18444955945051494,0.43391124566901096,0.001965075731277466,0.0007917881011962891,-0.4056718349456787,0.06577891111373901,0.0,-0.29863569140434265,1.0,0.800000011920929,4.940539360046387,-0.5529443025588989,1.0000000|0.0000000|0.0000000|0.0000000|0.0000000|0.0000000|0.0000000|0.0000000|0.0000000|0.0000000,0,1.0,,0,0,0,0,0,
cross_town,Town02,mixed,17,10,0.5,151.40260314941406,105.44043731689453,0.21715934574604034,179.96104431152344,1.5258785420708232e-05,500.13329088571624,3.0509436650674825e-06,0.0,5.326322183307752e-07,0.12919152081186688,0.433911245667115,0.07736966013908386,0.009945303201675415,0.38240277767181396,0.07736966013908386,0.0,-0.218635693192482,1.0,0.3103710412979126,13.7194185256958,-0.1643546223640442,1.0000000|0.0000000|0.0000000|0.0000000|0.0000000|0.0000000|0.0000000|0.0000000|0.0000000|0.0000000,0,1.0,,0,0,0,0,0,
cross_town,Town02,mixed,17,11,0.55,151.40260314941406,105.44043731689453,0.21860763430595398,179.96104431152344,1.5258785420708232e-05,500.13329088571624,3.0509436650674825e-06,0.0,5.326322183307752e-07,0.089463485777419,0.43391125757813315,0.0026622116565704346,0.002364248037338257,-0.5148394703865051,0.01736965961754322,0.0,-0.29863569140434265,0.9999998807907104,0.800000011920929,3.6724448204040527,-0.7046665549278259,1.0000000|0.0000000|0.0000000|0.0000000|0.0000000|0.0000000|0.0000000|0.0000000|0.0000000|0.0000000,0,1.0,,0,0,0,0,0,
cross_town,Town02,mixed,17,12,0.6,151.40260314941406,105.44043731689453,0.21960510313510895,179.96104431152344,1.5258785420708232e-05,500.13329088571624,3.0509436650674825e-06,0.0,5.326322183307752e-07,0.0613775588598226,0.4339200404462503,0.0065985918045043945,0.008302778005599976,-0.6951143145561218,0.0,0.0,-0.3786357045173645,0.9999120235443115,0.800000011920929,2.0345442295074463,-0.1927889585494995,1.0000000|0.0000000|0.0000000|0.0000000|0.0000000|0.0000000|0.0000000|0.0000000|0.0000000|0.0000000,0,1.0,618.1985362887972,0,0,0,0,0,
cross_town,Town02,mixed,17,13,0.65,151.40260314941406,105.44043731689453,0.2202862948179245,179.96104431152344,1.5258785420708232e-05,500.13329088571624,3.0509436650674825e-06,0.0,5.326322183307752e-07,0.04177736677239804,0.44075582893557474,0.004118919372558594,0.00828629732131958,-0.7824294567108154,0.0,0.0,-0.45863571763038635,0.9315541386604309,0.800000011920929,0.3527027368545532,0.2986764907836914,1.0000000|0.0000000|0.0000000|0.0000000|0.0000000|0.0000000|0.0000000|0.0000000|0.0000000|0.0000000,0,1.0,189.92414423434676,0,0,0,0,0,
cross_town,Town02,mixed,17,14,0.7,151.40260314941406,105.44043731689453,0.220748171210289,179.96104431152344,1.5258785420708232e-05,500.13329088571624,3.0509436650674825e-06,0.0,5.326322183307752e-07,0.02825134210362628,0.43396157296883564,0.03910738229751587,0.07633233070373535,0.7560863494873047,0.0,0.07633233070373535,-0.3786357045173645,0.9994966983795166,0.3103710412979126,2.088083267211914,-0.7898154258728027,1.0000000|0.0000000|0.0000000|0.0000000|0.0000000|0.0000000|0.0000000|0.0000000|0.0000000|0.0000000,0,1.0,151.28859049767993,0,0,0,0,0,
cross_town,Town02,mixed,17,15,0.75,151.40260314941406,105.44043731689453,0.22105945646762848,179.96104431152344,1.5258785420708232e-05,500.13329088571624,3.0509436650674825e-06,0.0,5.326322183307752e-07,0.018991756439928145,0.43391124280783033,0.046101897954940796,0.07066583633422852,0.6992374658584595,0.0,0.07066583633422852,-0.29863569140434265,1.0,0.3103710412979126,4.6596198081970215,-0.5903966426849365,1.0000000|0.0000000|0.0000000|0.0000000|0.0000000|0.0000000|0.0000000|0.0000000|0.0000000|0.0000000,0,1.0,123.37366064597326,0,0,0,0,0,
cross_town,Town02,mixed,17,16,0.8,151.40260314941406,105.44043731689453,0.22126811742782593,179.96104431152344,1.5258785420708232e-05,500.13329088571624,3.0509436650674825e-06,0.0,5.326322183307752e-07,0.012705276254732273,0.4339123343866417,0.06551945209503174,0.04946070909500122,0.42410972714424133,0.05999999865889549,0.0,-0.218635693192482,1.0,0.3103710412979126,6.547521114349365,0.1366947889328003,1.0000000|0.0000000|0.0000000|0.0000000|0.0000000|0.0000000|0.0000000|0.0000000|0.0000000|0.0000000,0,1.0,122.83724806189736,0,0,0,0,0,
cross_town,Town02,mixed,17,17,0.85,151.40260314941406,105.44043731689453,0.22140730917453766,179.96104431152344,1.5258785420708232e-05,500.13329088571624,3.0509436650674825e-06,0.0,5.326322183307752e-07,0.008463557995956245,0.4339185735284266,0.03643518686294556,0.06272551417350769,0.41407111287117004,0.0,0.06272551417350769,-0.13863569498062134,1.0,0.31037765741348267,4.378467559814453,-0.7388908863067627,1.0000000|0.0000000|0.0000000|0.0000000|0.0000000|0.0000000|0.0000000|0.0000000|0.0000000|0.0000000,0,1.0,106.15398161392916,0,0,0,0,0,
cross_town,Town02,mixed,17,18,0.9,151.40260314941406,105.44043731689453,0.22140730917453766,179.96104431152344,1.5258785420708232e-05,500.13329088571624,3.0509436650674825e-06,0.0,5.326322183307752e-07,0.0,0.433929173689688,0.34628039598464966,0.0256882905960083,-0.3596940040588379,0.05999999865889549,0.0,-0.218635693192482,1.0,0.3104156255722046,16.97305679321289,-0.8308593034744263,1.0000000|0.0000000|0.0000000|0.0000000|0.0000000|0.0000000|0.0000000|0.0000000|0.0000000|0.0000000,0,1.0,94.87628096892007,0,0,0,0,0,
cross_town,Town02,mixed,17,19,0.95,151.40260314941406,105.44043731689453,0.2215089350938797,179.96104431152344,1.5258785420708232e-05,500.13329088571624,3.0509436650674825e-06,0.0,5.326322183307752e-07,0.002192253043538517,0.43394257513254947,0.034242451190948486,0.06642857193946838,0.11978736519813538,0.0,0.06642857193946838,-0.13863569498062134,1.0,0.3104802668094635,7.935523986816406,-0.9680052995681763,1.0000000|0.0000000|0.0000000|0.0000000|0.0000000|0.0000000|0.0000000|0.0000000|0.0000000|0.0000000,0,1.0,87.19017702718611,0,0,0,0,0,
cross_town,Town02,mixed,17,20,1.0,151.40260314941406,105.44043731689453,0.2215421199798584,179.96104431152344,1.5258785420708232e-05,500.13329088571624,3.0509436650674825e-06,0.0,5.326322183307752e-07,0.002423377941806616,0.43399195105298505,0.0025087594985961914,0.0011639595031738281,-0.5565281510353088,0.0,0.0,-0.218635693192482,0.9996607303619385,0.800000011920929,1.6971323490142822,-0.307705283164978,1.0000000|0.0000000|0.0000000|0.0000000|0.0000000|0.0000000|0.0000000|0.0000000|0.0000000|0.0000000,0,1.0,80.34718147098651,0,0,0,0,0,
cross_town,Town02,mixed,17,21,1.05,151.40260314941406,105.44043731689453,0.2215740978717804,179.96104431152344,1.5258785420708232e-05,500.13329088571624,3.0509436650674825e-06,0.0,5.326322183307752e-07,0.002180545823689381,0.43397474193130986,0.08454775810241699,0.1630677878856659,0.00787659827619791,0.0,0.07999999821186066,-0.13863569498062134,1.0,0.31065651774406433,12.566503524780273,-0.5901036262512207,1.0000000|0.0000000|0.0000000|0.0000000|0.0000000|0.0000000|0.0000000|0.0000000|0.0000000|0.0000000,0,1.0,73.79915329741533,0,0,0,0,0,
cross_town,Town02,mixed,17,22,1.1,151.40260314941406,105.44043731689453,0.22160114347934723,179.96104431152344,1.5258785420708232e-05,500.13329088571624,3.0509436650674825e-06,0.0,5.326322183307752e-07,0.0017819136199089516,0.434258953716196,0.0022488832473754883,0.001134037971496582,-0.5495706796646118,0.0,0.0,-0.218635693192482,0.9973414540290833,0.800000011920929,1.181830644607544,-0.27530109882354736,1.0000000|0.0000000|0.0000000|0.0000000|0.0000000|0.0000000|0.0000000|0.0000000|0.0000000|0.0000000,0,1.0,68.13603940265044,0,0,0,0,0,
cross_town,Town02,mixed,17,23,1.15,151.40260314941406,105.44043731689453,0.221622496843338,179.96104431152344,1.5258785420708232e-05,500.13329088571624,3.0509436650674825e-06,0.0,5.326322183307752e-07,0.0013756255861012306,0.43401258279252247,0.006947636604309082,0.010521858930587769,-0.6578351259231567,0.0,0.0,-0.29863569140434265,0.9999997615814209,0.800000011920929,3.4602420330047607,-0.4502640962600708,1.0000000|0.0000000|0.0000000|0.0000000|0.0000000|0.0000000|0.0000000|0.0000000|0.0000000|0.0000000,0,1.0,62.6905481633516,0,0,0,0,0,
cross_town,Town02,mixed,17,24,1.2,151.40260314941406,105.44043731689453,0.22163863480091095,179.96104431152344,1.5258785420708232e-05,500.13329088571624,3.0509436650674825e-06,0.0,5.326322183307752e-07,0.0010259513397763553,0.43403358851258417,0.040644824504852295,0.19162142276763916,0.5561552047729492,0.0,0.07999999821186066,-0.218635693192482,1.0,0.31099143624305725,11.32003116607666,-0.6088420152664185,1.0000000|0.0000000|0.0000000|0.0000000|0.0000000|0.0000000|0.0000000|0.0000000|0.0000000|0.0000000,0,1.0,57.881084989753894,0,0,0,0,0,
cross_town,Town02,mixed,17,25,1.25,151.40260314941406,105.44043731689453,0.22165046632289886,179.96104431152344,1.5258785420708232e-05,500.13329088571624,3.0509436650674825e-06,0.0,5.326322183307752e-07,0.000745559652860501,0.4340558510273741,0.058187633752822876,0.23560363054275513,0.023321310058236122,0.0,0.1599999964237213,-0.13863569498062134,1.0,0.3111211359500885,10.983654975891113,-0.7544498443603516,1.0000000|0.0000000|0.0000000|0.0000000|0.0000000|0.0000000|0.0000000|0.0000000|0.0000000|0.0000000,0,1.0,53.247791104141655,0,0,0,0,0,
cross_town,Town02,mixed,17,26,1.3,151.40260314941406,105.44043731689453,0.22165900468826294,179.96104431152344,1.5258785420708232e-05,500.13329088571624,3.0509436650674825e-06,0.0,5.326322183307752e-07,0.0005315666265135788,0.4403069429214662,0.09703701734542847,0.1634790301322937,-0.10384582728147507,0.0,0.1634790301322937,-0.10384582728147507,1.0,0.31125882267951965,12.024291038513184,-1.0765721797943115,1.0000000|0.0000000|0.0000000|0.0000000|0.0000000|0.0000000|0.0000000|0.0000000|0.0000000|0.0000000,0,1.0,49.43429644669214,0,0,0,0,0,
cross_town,Town02,mixed,17,27,1.35,151.40260314941406,105.44043731689453,0.2216615229845047,179.96104431152344,1.5258785420708232e-05,500.13329088571624,3.0509436650674825e-06,0.0,5.326322183307752e-07,0.00016369629245299329,0.43410406590184203,0.3378441631793976,0.02446475625038147,-0.33574873208999634,0.0,0.08347903192043304,-0.18384583294391632,1.0,0.3114045262336731,21.920412063598633,-1.5864391326904297,1.0000000|0.0000000|0.0000000|0.0000000|0.0000000|0.0000000|0.0000000|0.0000000|0.0000000|0.0000000,0,1.0,46.242535400377186,0,0,0,0,0,
cross_town,Town02,mixed,17,28,1.4,151.40260314941406,105.44043731689453,0.22166435420513153,179.96104431152344,1.5258785420708232e-05,500.13329088571624,3.0509436650674825e-06,0.0,5.326322183307752e-07,0.00022020721226219072,0.4341302337005795,0.06074574589729309,0.22537577152252197,-0.00673849368467927,0.0,0.1634790301322937,-0.10384583473205566,1.0,0.3115583062171936,15.098379135131836,-0.9391471147537231,1.0000000|0.0000000|0.0000000|0.0000000|0.0000000|0.0000000|0.0000000|0.0000000|0.0000000|0.0000000,0,1.0,43.50710242445917,0,0,0,0,0,
cross_town,Town02,mixed,17,29,1.45,151.40260314941406,105.44043731689453,0.2216673642396927,179.96104431152344,1.5258785420708232e-05,500.13329088571624,3.0509436650674825e-06,0.0,5.326322183307752e-07,0.00021251677681320257,0.43415779108054686,0.2184443175792694,0.07432320713996887,-0.2544892132282257,0.0,0.08347903192043304,-0.18384583294391632,1.0,0.3117215633392334,14.38252067565918,-1.2851269245147705,1.0000000|0.0000000|0.0000000|0.0000000|0.0000000|0.0000000|0.0000000|0.0000000|0.0000000|0.0000000,0,1.0,41.11448478472894,0,0,0,0,0,
cross_town,Town02,mixed,17,30,1.5,151.40260314941406,105.44043731689453,0.22167007625102997,179.96104431152344,1.5258785420708232e-05,500.13329088571624,3.0509436650674825e-06,0.0,5.326322183307752e-07,0.000181308749889886,0.4341868706801612,0.06548798084259033,0.2328592836856842,-0.050624411553144455,0.0,0.1634790301322937,-0.10384583473205566,1.0,0.3118940591812134,16.011146545410156,-0.9707107543945312,1.0000000|0.0000000|0.0000000|0.0000000|0.0000000|0.0000000|0.0000000|0.0000000|0.0000000|0.0000000,0,1.0,38.99448735894493,0,0,0,0,0,
cross_town,Town02,mixed,17,31,1.55,151.40260314941406,105.44043731689453,0.22167223691940308,179.96104431152344,1.5258785420708232e-05,500.13329088571624,3.0509436650674825e-06,0.0,5.326322183307752e-07,0.0001436805726967735,0.434217359221227,0.24290260672569275,0.08070158958435059,-0.27856314182281494,0.0,0.08347903192043304,-0.18384583294391632,1.0,0.31207671761512756,15.607664108276367,-1.4517680406570435,1.0000000|0.0000000|0.0000000|0.0000000|0.0000000|0.0000000|0.0000000|0.0000000|0.0000000|0.0000000,0,1.0,37.09767341552995,0,0,0,0,0,
cross_town,Town02,mixed,17,32,1.6,151.40260314941406,105.44043731689453,0.22167392075061798,179.96104431152344,1.5258785420708232e-05,500.13329088571624,3.0509436650674825e-06,0.0,5.326322183307752e-07,0.00011130526275088287,0.43424939553525504,0.05434855818748474,0.21969890594482422,0.009075518697500229,0.0,0.1634790301322937,-0.10384583473205566,1.0,0.3122689425945282,14.533287048339844,-0.9922140836715698,1.0000000|0.0000000|0.0000000|0.0000000|0.0000000|0.0000000|0.0000000|0.0000000|0.0000000|0.0000000,0,1.0,35.434986689409385,0,0,0,0,0,
cross_town,Town02,mixed,17,33,1.65,151.40260314941406,105.44043731689453,0.22167518734931946,179.96104431152344,1.5258785420708232e-05,500.13329088571624,3.0509436650674825e-06,0.0,5.326322183307752e-07,8.085251302219685e-05,0.43752724013454053,0.0013628900051116943,0.0015050172805786133,-0.4723772704601288,0.0,0.08347903192043304,-0.18384583294391632,0.9675562381744385,0.800000011920929,0.5488165020942688,-0.15693920850753784,1.0000000|0.0000000|0.0000000|0.0000000|0.0000000|0.0000000|0.0000000|0.0000000|0.0000000|0.0000000,0,1.0,35.29297069514536,0,0,0,0,0,
cross_town,Town02,mixed,17,34,1.7,151.40260314941406,105.44043731689453,0.22167518734931946,179.96104431152344,1.5258785420708232e-05,500.13329088571624,3.0509436650674825e-06,0.0,5.326322183307752e-07,5.6510929986775746e-05,0.43431783481753894,0.1257137656211853,0.15379932522773743,-0.021816151216626167,0.0,0.15379932522773743,-0.10384583473205566,1.0,0.31268438696861267,15.413055419921875,-1.2453970909118652,1.0000000|0.0000000|0.0000000|0.0000000|0.0000000|0.0000000|0.0000000|0.0000000|0.0000000|0.0000000,0,1.0,34.638355651563785,0,0,0,0,0,
cross_town,Town02,mixed,17,35,1.75,151.40260314941406,105.44043731689453,0.2216765582561493,179.96104431152344,1.5258785420708232e-05,500.13329088571624,3.0509436650674825e-06,0.0,5.326322183307752e-07,8.99553930514347e-06,0.43435424009775564,0.09894990921020508,0.11657530069351196,-0.20385584235191345,0.0,0.11657530069351196,-0.18384583294391632,1.0,0.3129075765609741,16.345561981201172,-1.553047776222229,1.0000000|0.0000000|0.0000000|0.0000000|0.0000000|0.0000000|0.0000000|0.0000000|0.0000000|0.0000000,0,1.0,34.741363460957416,0,0,0,0,0,
cross_town,Town02,mixed,17,36,1.8,151.40260314941406,105.44043731689453,0.2216765582561493,179.96104431152344,1.5258785420708232e-05,500.13329088571624,3.0509436650674825e-06,0.0,5.326322183307752e-07,2.0669537144906175e-05,0.43443570080033617,0.0027149319648742676,0.0013595521450042725,-0.6530048847198486,0.0,0.036575302481651306,-0.263845831155777,0.9995645880699158,0.800000011920929,1.6346842050552368,-0.18930137157440186,1.0000000|0.0000000|0.0000000|0.0000000|0.0000000|0.0000000|0.0000000|0.0000000|0.0000000|0.0000000,0,1.0,30.984506900914347,0,0,0,0,0,
cross_town,Town02,mixed,17,37,1.85,151.40260314941406,105.44043731689453,0.2216765582561493,179.96104431152344,1.5258785420708232e-05,500.13329088571624,3.0509436650674825e-06,0.0,5.326322183307752e-07,1.9775990866416335e-05,0.43447617595148624,0.00837033987045288,0.003963857889175415,-0.7498137354850769,0.0,0.0,-0.34384584426879883,0.9995529055595398,0.800000011920929,1.6280686855316162,-0.24107325077056885,1.0000000|0.0000000|0.0000000|0.0000000|0.0000000|0.0000000|0.0000000|0.0000000|0.0000000|0.0000000,0,1.0,27.580593187810187,0,0,0,0,0,
cross_town,Town02,mixed,17,38,1.9,151.40260314941406,105.44043731689453,0.2216765582561493,179.96104431152344,1.5258785420708232e-05,500.13329088571624,3.0509436650674825e-06,0.0,5.326322183307752e-07,1.956947805190061e-05,0.43465389520208286,0.008134394884109497,0.011316895484924316,-0.7348300218582153,0.0,0.0,-0.4238458573818207,0.9981836676597595,0.800000011920929,1.27728271484375,0.12162494659423828,1.0000000|0.0000000|0.0000000|0.0000000|0.0000000|0.0000000|0.0000000|0.0000000|0.0000000|0.0000000,0,1.0,26.09154649438516,0,0,0,0,0,
cross_town,Town02,mixed,17,39,1.95,151.40260314941406,105.44043731689453,0.2216765582561493,179.96104431152344,1.5258785420708232e-05,500.13329088571624,3.0509436650674825e-06,0.0,5.326322183307752e-07,1.9192196427611734e-05,0.4345144443570511,0.03596705198287964,0.2793518006801605,0.4928337633609772,0.0,0.07999999821186066,-0.34384584426879883,1.0,0.31390491127967834,26.819805145263672,-0.7032350301742554,1.0000000|0.0000000|0.0000000|0.0000000|0.0000000|0.0000000|0.0000000|0.0000000|0.0000000|0.0000000,0,1.0,24.728427595482636,0,0,0,0,0,
cross_town,Town02,mixed,17,40,2.0,151.40260314941406,105.44043731689453,0.22167766094207764,179.96104431152344,1.5258785420708232e-05,500.13329088571624,3.0509436650674825e-06,0.0,5.326322183307752e-07,1.7132188978715544e-05,0.4345580596792564,0.04121333360671997,0.23636803030967712,0.5079222917556763,0.0,0.1599999964237213,-0.263845831155777,1.0,0.31418076157569885,45.10352325439453,-0.7008988857269287,1.0000000|0.0000000|0.0000000|0.0000000|0.0000000|0.0000000|0.0000000|0.0000000|0.0000000|0.0000000,0,1.0,24.07233903502797,0,0,0,0,0,
cross_town,Town02,mixed,17,41,2.05,151.40260314941406,105.44043731689453,0.22167766094207764,179.96104431152344,1.5258785420708232e-05,500.13329088571624,3.0509436650674825e-06,0.0,5.326322183307752e-07,9.133991642175562e-06,0.43460306961784084,0.07415139675140381,0.12294626235961914,0.17250801622867584,0.0,0.12294626235961914,-0.18384583294391632,1.0,0.31446754932403564,24.82638931274414,-1.1474355459213257,1.0000000|0.0000000|0.0000000|0.0000000|0.0000000|0.0000000|0.0000000|0.0000000|0.0000000|0.0000000,0,1.0,23.568308160064834,0,0,0,0,0,
cross_town,Town02,mixed,17,42,2.1,151.40260314941406,105.44043731689453,0.22167766094207764,179.96104431152344,1.5258785420708232e-05,500.13329088571624,3.0509436650674825e-06,0.0,5.326322183307752e-07,8.13727937075461e-06,0.43464947765958534,0.10527288913726807,0.12478145956993103,-0.0212468933314085,0.0,0.12478145956993103,-0.10384583473205566,1.0,0.31476518511772156,18.319347381591797,-1.4232500791549683,1.0000000|0.0000000|0.0000000|0.0000000|0.0000000|0.0000000|0.0000000|0.0000000|0.0000000|0.0000000,0,1.0,24.040632046150574,0,0,0,0,0,
cross_town,Town02,mixed,17,43,2.15,151.40260314941406,105.44043731689453,0.22167766094207764,179.96104431152344,1.5258785420708232e-05,500.13329088571624,3.0509436650674825e-06,0.0,5.326322183307752e-07,7.417227658898103e-06,0.4346972319766335,0.13959437608718872,0.09686237573623657,-0.34156063199043274,0.05999999865889549,0.0,-0.18384583294391632,1.0,0.3150738775730133,31.802078247070312,-1.6762101650238037,1.0000000|0.0000000|0.0000000|0.0000000|0.0000000|0.0000000|0.0000000|0.0000000|0.0000000|0.0000000,0,1.0,24.343167546895266,0,0,0,0,0,
cross_town,Town02,mixed,17,44,2.2,151.40260314941406,105.44043731689453,0.22167766094207764,179.96104431152344,1.5258785420708232e-05,500.13329088571624,3.0509436650674825e-06,0.0,5.326322183307752e-07,1.6479542501861471e-06,0.4364313664913754,0.016526997089385986,0.04545855522155762,-0.1131647378206253,0.0,0.0,-0.1131647378206253,1.0,0.31539350748062134,48.93452072143555,-1.2278953790664673,1.0000000|0.0000000|0.0000000|0.0000000|0.0000000|0.0000000|0.0000000|0.0000000|0.0000000|0.0000000,0,1.0,25.19279753246126,0,0,0,0,0,
cross_town,Town02,mixed,17,45,2.25,151.40260314941406,105.44043731689453,0.22167766094207764,179.96104431152344,1.5258785420708232e-05,500.13329088571624,3.0509436650674825e-06,0.0,5.326322183307752e-07,3.707894401327065e-06,0.4347967683371498,0.03368765115737915,0.18756377696990967,-0.35249826312065125,0.0,0.07999999821186066,-0.19316473603248596,1.0,0.31572434306144714,35.515769958496094,-1.4413810968399048,1.0000000|0.0000000|0.0000000|0.0000000|0.0000000|0.0000000|0.0000000|0.0000000|0.0000000|0.0000000,0,1.0,25.653810593578317,0,0,0,0,0,
cross_town,Town02,mixed,17,46,2.3,151.40260314941406,105.44043731689453,0.22167766094207764,179.96104431152344,1.5258785420708232e-05,500.13329088571624,3.0509436650674825e-06,0.0,5.326322183307752e-07,5.767836072262088e-06,0.43491652074155085,0.08235985040664673,0.1830347776412964,-0.11351990699768066,0.0,0.1599999964237213,-0.11351990699768066,1.0,0.3160662055015564,13.17131519317627,-1.1969130039215088,1.0000000|0.0000000|0.0000000|0.0000000|0.0000000|0.0000000|0.0000000|0.0000000|0.0000000|0.0000000,0,1.0,25.833936389194886,0,0,0,0,0,
cross_town,Town02,mixed,17,47,2.35,151.40260314941406,105.44043731689453,0.22167766094207764,179.96104431152344,1.5258785420708232e-05,500.13329088571624,3.0509436650674825e-06,0.0,5.326322183307752e-07,7.2116119360506735e-06,0.43490143142734017,0.08791294693946838,0.09800869226455688,-0.2857106328010559,0.0,0.09800869226455688,-0.19351990520954132,1.0,0.31641921401023865,25.0413818359375,-1.2745816707611084,1.0000000|0.0000000|0.0000000|0.0000000|0.0000000|0.0000000|0.0000000|0.0000000|0.0000000|0.0000000,0,1.0,26.174438622990266,0,0,0,0,0,
cross_town,Town02,mixed,17,48,2.4,151.40260314941406,105.44043731689453,0.22167766094207764,179.96104431152344,1.5258785420708232e-05,500.13329088571624,3.0509436650674825e-06,0.0,5.326322183307752e-07,3.982600017133348e-06,0.4349555986976014,0.05736726522445679,0.18722045421600342,-0.0411052443087101,0.0,0.17800869047641754,-0.11351990699768066,1.0,0.31678321957588196,28.422672271728516,-1.221282720565796,1.0000000|0.0000000|0.0000000|0.0000000|0.0000000|0.0000000|0.0000000|0.0000000|0.0000000|0.0000000,0,1.0,26.76185961862955,0,0,0,0,0,
cross_town,Town02,mixed,17,49,2.45,151.40260314941406,105.44043731689453,0.22167766094207764,179.96104431152344,1.5258785420708232e-05,500.13329088571624,3.0509436650674825e-06,0.0,5.326322183307752e-07,4.956288935437191e-06,0.4350109896477111,0.05035197734832764,0.12091374397277832,-0.327003538608551,0.0,0.12091374397277832,-0.19351990520954132,1.0,0.3171583116054535,12.984210014343262,-0.9771677255630493,1.0000000|0.0000000|0.0000000|0.0000000|0.0000000|0.0000000|0.0000000|0.0000000|0.0000000|0.0000000,0,1.0,27.200169311481833,0,0,0,0,0,
cross_town,Town02,mixed,17,50,2.5,151.40260314941406,105.44043731689453,0.22167766094207764,179.96104431152344,1.5258785420708232e-05,500.13329088571624,3.0509436650674825e-06,0.0,5.326322183307752e-07,1.820368013278629e-06,0.4350675434808504,0.06215071678161621,0.1896616518497467,-0.06566760689020157,0.0,0.1896616518497467,-0.11351990699768066,1.0,0.31754469871520996,15.947721481323242,-1.2660130262374878,1.0000000|0.0000000|0.0000000|0.0000000|0.0000000|0.0000000|0.0000000|0.0000000|0.0000000|0.0000000,0,1.0,27.789123071514425,0,0,0,0,0,
cross_town,Town02,mixed,17,51,2.55,151.40260314941406,105.44043731689453,0.22167766094207764,179.96104431152344,1.5258785420708232e-05,500.13329088571624,3.0509436650674825e-06,0.0,5.326322183307752e-07,3.227320933090979e-06,0.4351252306494464,0.09132736921310425,0.08648216724395752,-0.32508766651153564,0.0,0.10966165363788605,-0.19351990520954132,1.0,0.31794223189353943,28.971261978149414,-1.2681093215942383,1.0000000|0.0000000|0.0000000|0.0000000|0.0000000|0.0000000|0.0000000|0.0000000|0.0000000|0.0000000,0,1.0,28.12625622139029,0,0,0,0,0,
cross_town,Town02,mixed,17,52,2.6,151.40260314941406,105.44043731689453,0.22167766094207764,179.96104431152344,1.5258785420708232e-05,500.13329088571624,3.0509436650674825e-06,0.0,5.326322183307752e-07,1.3733433820224186e-07,0.4351840401835689,0.05416816473007202,0.21037286520004272,-0.042339976876974106,0.0,0.1896616518497467,-0.11351990699768066,1.0,0.31835097074508667,23.852306365966797,-1.1344337463378906,1.0000000|0.0000000|0.0000000|0.0000000|0.0000000|0.0000000|0.0000000|0.0000000|0.0000000|0.0000000,0,1.0,28.679618934061317,0,0,0,0,0,
cross_town,Town02,mixed,17,53,2.65,151.40260314941406,105.44043731689453,0.22167766094207764,179.96104431152344,1.5258785420708232e-05,500.13329088571624,3.0509436650674825e-06,0.0,5.326322183307752e-07,4.806545474298922e-07,0.4387317098376589,0.0013500452041625977,0.0022040605545043945,-0.5096753239631653,0.0,0.10966165363788605,-0.19351990520954132,0.9651222229003906,0.800000011920929,0.5301016569137573,-0.07494378089904785,1.0000000|0.0000000|0.0000000|0.0000000|0.0000000|0.0000000|0.0000000|0.0000000|0.0000000|0.0000000,0,1.0,28.99307205419586,0,0,0,0,0,
cross_town,Town02,mixed,17,54,2.7,151.40260314941406,105.44043731689453,0.22167766094207764,179.96104431152344,1.5258785420708232e-05,500.13329088571624,3.0509436650674825e-06,0.0,5.326322183307752e-07,8.239774556114889e-07,0.43530706253065987,0.0032477974891662598,0.0014605522155761719,-0.672418475151062,0.0,0.02966165356338024,-0.273519903421402,0.9999855756759644,0.800000011920929,2.486064910888672,-0.2080877423286438,1.0000000|0.0000000|0.0000000|0.0000000|0.0000000|0.0000000|0.0000000|0.0000000|0.0000000|0.0000000,0,1.0,29.387697700201038,0,0,0,0,0,
cross_town,Town02,mixed,17,55,2.75,151.40260314941406,105.44043731689453,0.22167766094207764,179.96104431152344,1.5258785420708232e-05,500.13329088571624,3.0509436650674825e-06,0.0,5.326322183307752e-07,1.167299823400738e-06,0.43536851715997277,0.024228334426879883,0.1414753794670105,0.18505096435546875,0.0,0.10966165363788605,-0.19351990520954132,1.0,0.3196505308151245,66.78659057617188,-1.012649655342102,1.0000000|0.0000000|0.0000000|0.0000000|0.0000000|0.0000000|0.0000000|0.0000000|0.0000000|0.0000000,0,1.0,29.130260839505862,0,0,0,0,0,
cross_town,Town02,mixed,17,56,2.8,151.40260314941406,105.44043731689453,0.22167766094207764,179.96104431152344,1.5258785420708232e-05,500.13329088571624,3.0509436650674825e-06,0.0,5.326322183307752e-07,1.441957714149159e-06,0.4354324075226665,0.032795846462249756,0.21699509024620056,-0.09658801555633545,0.0,0.1896616518497467,-0.11351990699768066,1.0,0.3201115131378174,34.719722747802734,-0.9559527635574341,1.0000000|0.0000000|0.0000000|0.0000000|0.0000000|0.0000000|0.0000000|0.0000000|0.0000000|0.0000000,0,1.0,29.620611193301396,0,0,0,0,0,
cross_town,Town02,mixed,17,57,2.85,151.40260314941406,105.44043731689453,0.22167766094207764,179.96104431152344,1.5258785420708232e-05,500.13329088571624,3.0509436650674825e-06,0.0,5.326322183307752e-07,1.5821107913944858e-06,0.43549730175596774,0.06071501970291138,0.16164058446884155,-0.3152623772621155,0.0,0.16164058446884155,-0.19351990520954132,1.0,0.32058408856391907,14.346511840820312,-0.9678900241851807,1.0000000|0.0000000|0.0000000|0.0000000|0.0000000|0.0000000|0.0000000|0.0000000|0.0000000|0.0000000,0,1.0,29.572938694323636,0,0,0,0,0,
cross_town,Town02,mixed,17,58,2.9,151.40260314941406,105.44043731689453,0.22167766094207764,179.96104431152344,1.5258785420708232e-05,500.13329088571624,3.0509436650674825e-06,0.0,5.326322183307752e-07,1.8539577034605112e-06,0.4355631628555009,0.02768370509147644,0.20332100987434387,-0.0935155600309372,0.0,0.20332100987434387,-0.11351990699768066,1.0,0.32106858491897583,22.086685180664062,-0.8370825052261353,1.0000000|0.0000000|0.0000000|0.0000000|0.0000000|0.0000000|0.0000000|0.0000000|0.0000000|0.0000000,0,1.0,30.143146892994494,0,0,0,0,0,
cross_town,Town02,mixed,17,59,2.95,151.40260314941406,105.44043731689453,0.22167766094207764,179.96104431152344,1.5258785420708232e-05,500.13329088571624,3.0509436650674825e-06,0.0,5.326322183307752e-07,2.128668088852263e-06,0.4356299351132831,0.10876953601837158,0.09184104204177856,-0.38240864872932434,0.0,0.12332101166248322,-0.19351990520954132,1.0,0.32156503200531006,28.09927749633789,-1.2373532056808472,1.0000000|0.0000000|0.0000000|0.0000000|0.0000000|0.0000000|0.0000000|0.0000000|0.0000000|0.0000000,0,1.0,30.102822079625902,0,0,0,0,0,
cross_town,Town02,mixed,17,60,3.0,151.40260314941406,105.44043731689453,0.22167766094207764,179.96104431152344,1.5258785420708232e-05,500.13329088571624,3.0509436650674825e-06,0.0,5.326322183307752e-07,0.0,0.4356992541975034,0.003179192543029785,0.0013859868049621582,-0.6720701456069946,0.0,0.04332101345062256,-0.273519903421402,0.9999834299087524,0.800000011920929,2.4519095420837402,-0.1753251552581787,1.0000000|0.0000000|0.0000000|0.0000000|0.0000000|0.0000000|0.0000000|0.0000000|0.0000000|0.0000000,0,1.0,30.22100403726935,0,0,0,0,0,
cross_town,Town02,mixed,17,61,3.05,151.40260314941406,105.44043731689453,0.22167766094207764,179.96104431152344,1.5258785420708232e-05,500.13329088571624,3.0509436650674825e-06,0.0,5.326322183307752e-07,6.87639475919696e-08,0.43576611787510405,0.018698275089263916,0.17181825637817383,0.06629138439893723,0.0,0.12332101166248322,-0.19351990520954132,1.0,0.3225935697555542,74.56950378417969,-0.8458784818649292,1.0000000|0.0000000|0.0000000|0.0000000|0.0000000|0.0000000|0.0000000|0.0000000|0.0000000|0.0000000,0,1.0,30.19734780742165,0,0,0,0,0,
cross_town,Town02,mixed,17,62,3.1,151.40260314941406,105.44043731689453,0.22167766094207764,179.96104431152344,1.5258785420708232e-05,500.13329088571624,3.0509436650674825e-06,0.0,5.326322183307752e-07,1.0317585152659774e-07,0.44073414213844286,0.04947251081466675,0.17791783809661865,-0.14537863433361053,0.0,0.17791783809661865,-0.14537863433361053,1.0,0.3231258988380432,41.68928909301758,-0.8779788017272949,1.0000000|0.0000000|0.0000000|0.0000000|0.0000000|0.0000000|0.0000000|0.0000000|0.0000000|0.0000000,0,1.0,30.38134818521523,0,0,0,0,0,
cross_town,Town02,mixed,17,63,3.15,151.40260314941406,105.44043731689453,0.22167766094207764,179.96104431152344,1.5258785420708232e-05,500.13329088571624,3.0509436650674825e-06,0.0,5.326322183307752e-07,2.0605038720254376e-07,0.4462409392482803,0.0015934109687805176,0.0010051727294921875,-0.5426188707351685,0.0,0.097917839884758,-0.2253786325454712,0.8966272473335266,0.800000011920929,0.24007467925548553,-0.0501057505607605,1.0000000|0.0000000|0.0000000|0.0000000|0.0000000|0.0000000|0.0000000|0.0000000|0.0000000|0.0000000,0,1.0,30.44163707706936,0,0,0,0,0,
cross_town,Town02,mixed,17,64,3.2,151.40260314941406,105.44043731689453,0.22167766094207764,179.96104431152344,1.5258785420708232e-05,500.13329088571624,3.0509436650674825e-06,0.0,5.326322183307752e-07,3.437705183942647e-07,0.4359714571350865,0.00604364275932312,0.0017887651920318604,-0.7133008241653442,0.0,0.01791783981025219,-0.30537864565849304,0.999998927116394,0.800000011920929,3.1460084915161133,-0.21485841274261475,1.0000000|0.0000000|0.0000000|0.0000000|0.0000000|0.0000000|0.0000000|0.0000000|0.0000000|0.0000000,0,1.0,30.725037527579385,0,0,0,0,0,
cross_town,Town02,mixed,17,65,3.25,151.40260314941406,105.44043731689453,0.22167766094207764,179.96104431152344,1.5258785420708232e-05,500.13329088571624,3.0509436650674825e-06,0.0,5.326322183307752e-07,4.810254861677903e-07,0.4360401822308748,0.019722461700439453,0.16630244255065918,0.21187521517276764,0.0,0.097917839884758,-0.22537864744663239,1.0,0.3247542381286621,96.21202850341797,-0.863123893737793,1.0000000|0.0000000|0.0000000|0.0000000|0.0000000|0.0000000|0.0000000|0.0000000|0.0000000|0.0000000,0,1.0,30.870786572324423,0,0,0,0,0,
cross_town,Town02,mixed,17,66,3.3,151.40260314941406,105.44043731689453,0.22167766094207764,179.96104431152344,1.5258785420708232e-05,500.13329088571624,3.0509436650674825e-06,0.0,5.326322183307752e-07,6.183360123266298e-07,0.43610825176724444,0.017601221799850464,0.2147006094455719,-0.13253441452980042,0.0,0.17791783809661865,-0.14537864923477173,1.0,0.32531213760375977,44.463871002197266,-0.7176345586776733,1.0000000|0.0000000|0.0000000|0.0000000|0.0000000|0.0000000|0.0000000|0.0000000|0.0000000|0.0000000,0,1.0,31.226878827332122,0,0,0,0,0,
cross_town,Town02,mixed,17,67,3.35,151.40260314941406,105.44043731689453,0.22167766094207764,179.96104431152344,1.5258785420708232e-05,500.13329088571624,3.0509436650674825e-06,0.0,5.326322183307752e-07,1.8920863297381425e-06,0.4361758617709021,0.03476706147193909,0.2521381974220276,-0.2878372073173523,0.0,0.2521381974220276,-0.22537864744663239,1.0,0.3258698880672455,20.299551010131836,-0.5715945959091187,1.0000000|0.0000000|0.0000000|0.0000000|0.0000000|0.0000000|0.0000000|0.0000000|0.0000000|0.0000000,0,1.0,31.402309193737906,0,0,0,0,0,
cross_town,Town02,mixed,17,68,3.4,151.40260314941406,105.44043731689453,0.22167766094207764,179.96104431152344,1.5258785420708232e-05,500.13329088571624,3.0509436650674825e-06,0.0,5.326322183307752e-07,8.243251349675577e-07,0.43624294431452,0.07196682691574097,0.1446933150291443,-0.010494494810700417,0.0,0.17213819921016693,-0.14537864923477173,1.0,0.3264300227165222,36.75795364379883,-0.820459246635437,1.0000000|0.0000000|0.0000000|0.0000000|0.0000000|0.0000000|0.0000000|0.0000000|0.0000000|0.0000000,0,1.0,31.808218253590947,0,0,0,0,0,
cross_town,Town02,mixed,17,69,3.45,151.40260314941406,105.44043731689453,0.22167766094207764,179.96104431152344,1.5258785420708232e-05,500.13329088571624,3.0509436650674825e-06,0.0,5.326322183307752e-07,4.465558191012844e-09,0.43630976069723154,0.10248008370399475,0.10539832711219788,-0.35221850872039795,0.0,0.10539832711219788,-0.22537864744663239,1.0,0.32699188590049744,24.125221252441406,-0.9205390214920044,1.0000000|0.0000000|0.0000000|0.0000000|0.0000000|0.0000000|0.0000000|0.0000000|0.0000000|0.0000000,0,1.0,31.9747428231985,0,0,0,0,0,
cross_town,Town02,mixed,17,70,3.5,151.40260314941406,105.44043731689453,0.22167766094207764,179.96104431152344,1.5258785420708232e-05,500.13329088571624,3.0509436650674825e-06,0.0,5.326322183307752e-07,6.872055852892446e-08,0.43637624200756864,0.0061241984367370605,0.0016451478004455566,-0.7116831541061401,0.0,0.02539832703769207,-0.30537864565849304,0.9999994039535522,0.800000011920929,3.2927608489990234,-0.2019578218460083,1.0000000|0.0000000|0.0000000|0.0000000|0.0000000|0.0000000|0.0000000|0.0000000|0.0000000|0.0000000,0,1.0,32.327141197901646,0,0,0,0,0,
cross_town,Town02,mixed,17,71,3.55,151.40260314941406,105.44043731689453,0.22167766094207764,179.96104431152344,1.5258785420708232e-05,500.13329088571624,3.0509436650674825e-06,0.0,5.326322183307752e-07,1.2764288275468242e-06,0.4364429101525777,0.012913495302200317,0.23840555548667908,0.19244636595249176,0.0,0.10539832711219788,-0.22537864744663239,1.0,0.328126460313797,83.71690368652344,-0.4877098798751831,1.0000000|0.0000000|0.0000000|0.0000000|0.0000000|0.0000000|0.0000000|0.0000000|0.0000000|0.0000000,0,1.0,32.4420320792335,0,0,0,0,0,
cross_town,Town02,mixed,17,72,3.6,151.40260314941406,105.44043731689453,0.22167766094207764,179.96104431152344,1.5258785420708232e-05,500.13329088571624,3.0509436650674825e-06,0.0,5.326322183307752e-07,2.0616049722834882e-07,0.43650921151770405,0.006124228239059448,0.0016451478004455566,-0.7116831541061401,0.0,0.02539832703769207,-0.30537864565849304,0.9999994039535522,0.800000011920929,3.2927536964416504,-0.20195788145065308,1.0000000|0.0000000|0.0000000|0.0000000|0.0000000|0.0000000|0.0000000|0.0000000|0.0000000|0.0000000,0,1.0,32.74189572576467,0,0,0,0,0,
cross_town,Town02,mixed,17,73,3.65,151.40260314941406,105.44043731689453,0.22167766094207764,179.96104431152344,1.5258785420708232e-05,500.13329088571624,3.0509436650674825e-06,0.0,5.326322183307752e-07,3.434764804360054e-07,0.4367156558594793,0.009078383445739746,0.005203574895858765,-0.7667848467826843,0.0,0.0,-0.3853786587715149,0.9986265897750854,0.800000011920929,1.3472602367401123,-0.052347779273986816,1.0000000|0.0000000|0.0000000|0.0000000|0.0000000|0.0000000|0.0000000|0.0000000|0.0000000|0.0000000,0,1.0,32.80878891775448,0,0,0,0,0,
cross_town,Town02,mixed,17,74,3.7,151.40260314941406,105.44043731689453,0.22167766094207764,179.96104431152344,1.5258785420708232e-05,500.13329088571624,3.0509436650674825e-06,0.0,5.326322183307752e-07,1.515450236400715e-06,0.44881102017973984,0.0036347508430480957,0.00824040174484253,-0.788396954536438,0.0,0.0,-0.46537867188453674,0.8784416317939758,0.800000011920929,0.19443877041339874,0.35213685035705566,1.0000000|0.0000000|0.0000000|0.0000000|0.0000000|0.0000000|0.0000000|0.0000000|0.0000000|0.0000000,0,1.0,33.07531192745647,0,0,0,0,0,
cross_town,Town02,mixed,17,75,3.75,151.40260314941406,105.44043731689453,0.22167766094207764,179.96104431152344,1.5258785420708232e-05,500.13329088571624,3.0509436650674825e-06,0.0,5.326322183307752e-07,5.585587636898726e-07,0.43673584485435024,0.03468981385231018,0.4244709312915802,0.5540207624435425,0.0,0.07999999821186066,-0.3853786587715149,1.0,0.33058708906173706,119.85968017578125,-0.7818392515182495,1.0000000|0.0000000|0.0000000|0.0000000|0.0000000|0.0000000|0.0000000|0.0000000|0.0000000|0.0000000,0,1.0,33.11898401370644,0,0,0,0,0,
cross_town,Town02,mixed,17,76,3.8,151.40260314941406,105.44043731689453,0.22167766094207764,179.96104431152344,1.5258785420708232e-05,500.13329088571624,3.0509436650674825e-06,0.0,5.326322183307752e-07,6.867554428835566e-07,0.4368182251922443,0.005471318960189819,0.5324333906173706,0.41843879222869873,0.0,0.1599999964237213,-0.30537864565849304,1.0,0.3313210904598236,115.55781555175781,-0.9520739316940308,1.0000000|0.0000000|0.0000000|0.0000000|0.0000000|0.0000000|0.0000000|0.0000000|0.0000000|0.0000000,0,1.0,33.38935728337547,0,0,0,0,0,
cross_town,Town02,mixed,17,77,3.85,151.40260314941406,105.44043731689453,0.22167766094207764,179.96104431152344,1.5258785420708232e-05,500.13329088571624,3.0509436650674825e-06,0.0,5.326322183307752e-07,6.867204396453774e-08,0.43690816458869086,0.011459052562713623,0.0024279654026031494,-0.7871347069740295,0.0,0.07999999821186066,-0.3853786587715149,0.9999376535415649,0.800000011920929,2.1207141876220703,0.26178836822509766,1.0000000|0.0000000|0.0000000|0.0000000|0.0000000|0.0000000|0.0000000|0.0000000|0.0000000|0.0000000,0,1.0,33.44830963672552,0,0,0,0,0,
cross_town,Town02,mixed,17,78,3.9,151.40260314941406,105.44043731689453,0.22167766094207764,179.96104431152344,1.5258785420708232e-05,500.13329088571624,3.0509436650674825e-06,0.0,5.326322183307752e-07,4.1199050556134727e-07,0.436986318448361,0.007860541343688965,0.4351322054862976,0.4135562479496002,0.0,0.1599999964237213,-0.30537864565849304,1.0,0.3328664004802704,114.94124603271484,-0.9190316200256348,1.0000000|0.0000000|0.0000000|0.0000000|0.0000000|0.0000000|0.0000000|0.0000000|0.0000000|0.0000000,0,1.0,33.74683995584649,0,0,0,0,0,
cross_town,Town02,mixed,17,79,3.95,151.40260314941406,105.44043731689453,0.22167766094207764,179.96104431152344,1.5258785420708232e-05,500.13329088571624,3.0509436650674825e-06,0.0,5.326322183307752e-07,7.553126120796551e-07,0.4370715105262685,0.011730223894119263,0.16362875699996948,0.19658984243869781,0.0,0.16362875699996948,-0.22537864744663239,1.0,0.3336698114871979,68.33417510986328,-0.35630810260772705,1.0000000|0.0000000|0.0000000|0.0000000|0.0000000|0.0000000|0.0000000|0.0000000|0.0000000|0.0000000,0,1.0,33.84561794851159,0,0,0,0,0,
cross_town,Town02,mixed,17,80,4.0,151.40260314941406,105.44043731689453,0.22167766094207764,179.96104431152344,1.5258785420708232e-05,500.13329088571624,3.0509436650674825e-06,0.0,5.326322183307752e-07,9.95641870488434e-07,0.43715710289218257,0.013658791780471802,0.42556053400039673,-0.13999785482883453,0.0,0.24362875521183014,-0.14537864923477173,1.0,0.33449384570121765,45.539817810058594,-0.3079679012298584,1.0000000|0.0000000|0.0000000|0.0000000|0.0000000|0.0000000|0.0000000|0.0000000|0.0000000|0.0000000,0,1.0,34.192062745142024,0,0,0,0,0,
cross_town,Town02,mixed,17,81,4.05,151.40260314941406,105.44043731689453,0.22167766094207764,179.96104431152344,1.5258785420708232e-05,500.13329088571624,3.0509436650674825e-06,0.0,5.326322183307752e-07,1.1674048904319184e-06,0.43724329508014526,0.017880231142044067,0.42482632398605347,-0.27960702776908875,0.0,0.3236287534236908,-0.22537864744663239,1.0,0.335335373878479,35.79912567138672,-0.2766493558883667,1.0000000|0.0000000|0.0000000|0.0000000|0.0000000|0.0000000|0.0000000|0.0000000|0.0000000|0.0000000,0,1.0,34.303713211530344,0,0,0,0,0,
cross_town,Town02,mixed,17,82,4.1,151.40260314941406,105.44043731689453,0.22167766094207764,179.96104431152344,1.5258785420708232e-05,500.13329088571624,3.0509436650674825e-06,0.0,5.326322183307752e-07,1.5106279666794464e-06,0.4545352383828661,0.017671048641204834,0.0007506608963012695,-0.3628246486186981,0.0,0.24362875521183014,-0.30537864565849304,0.8279447555541992,0.800000011920929,0.0927826538681984,0.3592602610588074,1.0000000|0.0000000|0.0000000|0.0000000|0.0000000|0.0000000|0.0000000|0.0000000|0.0000000|0.0000000,0,1.0,34.67566027799905,0,0,0,0,0,
cross_town,Town02,mixed,17,83,4.15,151.40260314941406,105.44043731689453,0.22167766094207764,179.96104431152344,1.5258785420708232e-05,500.13329088571624,3.0509436650674825e-06,0.0,5.326322183307752e-07,1.8222324164841974e-06,0.437416537116696,0.01363953948020935,0.4592312276363373,0.19287404417991638,0.0,0.3236287534236908,-0.22537864744663239,1.0,0.33707574009895325,74.84230041503906,-0.6590079069137573,1.0000000|0.0000000|0.0000000|0.0000000|0.0000000|0.0000000|0.0000000|0.0000000|0.0000000|0.0000000,0,1.0,34.69151016048085,0,0,0,0,0,
cross_town,Town02,mixed,17,84,4.2,151.40260314941406,105.44043731689453,0.22167766094207764,179.96104431152344,1.5258785420708232e-05,500.13329088571624,3.0509436650674825e-06,0.0,5.326322183307752e-07,2.1286051124447543e-06,0.45470898132313764,0.01767107844352722,0.0007506608963012695,-0.36282461881637573,0.0,0.24362875521183014,-0.30537864565849304,0.827944815158844,0.800000011920929,0.09278281033039093,0.35925960540771484,1.0000000|0.0000000|0.0000000|0.0000000|0.0000000|0.0000000|0.0000000|0.0000000|0.0000000|0.0000000,0,1.0,35.03978720440108,0,0,0,0,0,
cross_town,Town02,mixed,17,85,4.25,151.40260314941406,105.44043731689453,0.22167766094207764,179.96104431152344,1.5258785420708232e-05,500.13329088571624,3.0509436650674825e-06,0.0,5.326322183307752e-07,2.403265155813623e-06,0.4375911120104866,0.021573424339294434,0.003293663263320923,-0.627197265625,0.0,0.16362875699996948,-0.3853786587715149,0.9999951124191284,0.800000011920929,2.7558717727661133,0.3246687650680542,1.0000000|0.0000000|0.0000000|0.0000000|0.0000000|0.0000000|0.0000000|0.0000000|0.0000000|0.0000000,0,1.0,34.876077140971226,0,0,0,0,0,
cross_town,Town02,mixed,17,86,4.3,151.40260314941406,105.44043731689453,0.22167766094207764,179.96104431152344,1.5258785420708232e-05,500.13329088571624,3.0509436650674825e-06,0.0,5.326322183307752e-07,2.0599859320682456e-07,0.43767771734612937,0.0220109224319458,0.6084194183349609,0.267916202545166,0.0,0.24362875521183014,-0.30537864565849304,1.0,0.3398241102695465,86.46748352050781,-0.6584784984588623,1.0000000|0.0000000|0.0000000|0.0000000|0.0000000|0.0000000|0.0000000|0.0000000|0.0000000|0.0000000,0,1.0,35.087450646235425,0,0,0,0,0,
cross_town,Town02,mixed,17,87,4.35,151.40260314941406,105.44043731689453,0.22167766094207764,179.96104431152344,1.5258785420708232e-05,500.13329088571624,3.0509436650674825e-06,0.0,5.326322183307752e-07,4.806560902614159e-07,0.4377654252183119,0.021573424339294434,0.003293663263320923,-0.627197265625,0.0,0.16362875699996948,-0.3853786587715149,0.9999951124191284,0.800000011920929,2.755904197692871,0.32466912269592285,1.0000000|0.0000000|0.0000000|0.0000000|0.0000000|0.0000000|0.0000000|0.0000000|0.0000000|0.0000000,0,1.0,34.90317106680962,0,0,0,0,0,
cross_town,Town02,mixed,17,88,4.4,151.40260314941406,105.44043731689453,0.22167766094207764,179.96104431152344,1.5258785420708232e-05,500.13329088571624,3.0509436650674825e-06,0.0,5.326322183307752e-07,7.55315464282775e-07,0.43785197315536273,0.009895622730255127,0.8152316212654114,0.34424179792404175,0.0,0.24362875521183014,-0.30537864565849304,1.0,0.34174612164497375,68.63917541503906,-1.0709142684936523,1.0000000|0.0000000|0.0000000|0.0000000|0.0000000|0.0000000|0.0000000|0.0000000|0.0000000|0.0000000,0,1.0,35.108466239058835,0,0,0,0,0,
cross_town,Town02,mixed,17,89,4.45,151.40260314941406,105.44043731689453,0.22167766094207764,179.96104431152344,1.5258785420708232e-05,500.13329088571624,3.0509436650674825e-06,0.0,5.326322183307752e-07,9.61313235070134e-07,0.43793953660222257,0.02157345414161682,0.003293663263320923,-0.627197265625,0.0,0.16362875699996948,-0.3853786587715149,0.9999951124191284,0.800000011920929,2.75590181350708,0.32466959953308105,1.0000000|0.0000000|0.0000000|0.0000000|0.0000000|0.0000000|0.0000000|0.0000000|0.0000000|0.0000000,0,1.0,34.916479059234405,0,0,0,0,0,
cross_town,Town02,mixed,17,90,4.5,151.40260314941406,105.44043731689453,0.22167766094207764,179.96104431152344,1.5258785420708232e-05,500.13329088571624,3.0509436650674825e-06,0.0,5.326322183307752e-07,1.3046301220050595e-06,0.4380258604685964,0.006217002868652344,0.7141691446304321,0.2564082145690918,0.0,0.24362875521183014,-0.30537864565849304,1.0,0.3437407910823822,102.37260437011719,-0.8367993831634521,1.0000000|0.0000000|0.0000000|0.0000000|0.0000000|0.0000000|0.0000000|0.0000000|0.0000000|0.0000000,0,1.0,35.1122867738957,0,0,0,0,0,
cross_town,Town02,mixed,17,91,4.55,151.40260314941406,105.44043731689453,0.22167766094207764,179.96104431152344,1.5258785420708232e-05,500.13329088571624,3.0509436650674825e-06,0.0,5.326322183307752e-07,3.988052033745048e-07,0.4381130190351313,0.02157345414161682,0.003293663263320923,-0.627197265625,0.0,0.16362875699996948,-0.3853786587715149,0.9999951124191284,0.800000011920929,2.755887985229492,0.3246691823005676,1.0000000|0.0000000|0.0000000|0.0000000|0.0000000|0.0000000|0.0000000|0.0000000|0.0000000|0.0000000,0,1.0,34.90782144236951,0,0,0,0,0,
cross_town,Town02,mixed,17,92,4.6,151.40260314941406,105.44043731689453,0.22167766094207764,179.96104431152344,1.5258785420708232e-05,500.13329088571624,3.0509436650674825e-06,0.0,5.326322183307752e-07,1.785287831000385e-06,0.4381987874133356,0.017185211181640625,0.5886553525924683,0.2471613883972168,0.0,0.24362875521183014,-0.30537864565849304,1.0,0.3458086848258972,84.26873016357422,-0.6573177576065063,1.0000000|0.0000000|0.0000000|0.0000000|0.0000000|0.0000000|0.0000000|0.0000000|0.0000000|0.0000000,0,1.0,35.09437699666903,0,0,0,0,0,
cross_town,Town02,mixed,17,93,4.65,151.40260314941406,105.44043731689453,0.22167766094207764,179.96104431152344,1.5258785420708232e-05,500.13329088571624,3.0509436650674825e-06,0.0,5.326322183307752e-07,2.060003964625685e-06,0.43828478693796585,0.009569644927978516,0.532581627368927,0.09626241028308868,0.0,0.3236287534236908,-0.22537864744663239,1.0,0.3468688428401947,62.03527069091797,-0.5819675922393799,1.0000000|0.0000000|0.0000000|0.0000000|0.0000000|0.0000000|0.0000000|0.0000000|0.0000000|0.0000000,0,1.0,34.879839576126486,0,0,0,0,0,
cross_town,Town02,mixed,17,94,4.7,151.40260314941406,105.44043731689453,0.22167766094207764,179.96104431152344,1.5258785420708232e-05,500.13329088571624,3.0509436650674825e-06,0.0,5.326322183307752e-07,1.3733452805178088e-07,0.45557578071695487,0.01767107844352722,0.0007506608963012695,-0.3628247082233429,0.0,0.24362875521183014,-0.30537864565849304,0.8279451131820679,0.800000011920929,0.09278325736522675,0.35925954580307007,1.0000000|0.0000000|0.0000000|0.0000000|0.0000000|0.0000000|0.0000000|0.0000000|0.0000000|0.0000000,0,1.0,35.054713560156976,0,0,0,0,0,
cross_town,Town02,mixed,17,95,4.75,151.40260314941406,105.44043731689453,0.22167766094207764,179.96104431152344,1.5258785420708232e-05,500.13329088571624,3.0509436650674825e-06,0.0,5.326322183307752e-07,4.806555087481219e-07,0.4384559013818544,0.021573424339294434,0.003293663263320923,-0.6271973848342896,0.0,0.16362875699996948,-0.3853786587715149,0.9999951124191284,0.800000011920929,2.7559022903442383,0.3246694803237915,1.0000000|0.0000000|0.0000000|0.0000000|0.0000000|0.0000000|0.0000000|0.0000000|0.0000000|0.0000000,0,1.0,34.93194591065675,0,0,0,0,0,
cross_town,Town02,mixed,17,96,4.8,151.40260314941406,105.44043731689453,0.22167766094207764,179.96104431152344,1.5258785420708232e-05,500.13329088571624,3.0509436650674825e-06,0.0,5.326322183307752e-07,7.553127584809155e-07,0.43853995044746463,0.01951661705970764,0.5450099110603333,0.2232627272605896,0.0,0.24362875521183014,-0.30537864565849304,1.0,0.35015934705734253,79.07587432861328,-0.5908737182617188,1.0000000|0.0000000|0.0000000|0.0000000|0.0000000|0.0000000|0.0000000|0.0000000|0.0000000|0.0000000,0,1.0,35.131320190618176,0,0,0,0,0,
cross_town,Town02,mixed,17,97,4.85,151.40260314941406,105.44043731689453,0.22167766094207764,179.96104431152344,1.5258785420708232e-05,500.13329088571624,3.0509436650674825e-06,0.0,5.326322183307752e-07,9.614279271015722e-07,0.4386240186824358,0.012877553701400757,0.844285249710083,0.2045176923274994,0.0,0.3236287534236908,-0.22537864744663239,1.0,0.35129132866859436,48.935768127441406,-1.2347334623336792,1.0000000|0.0000000|0.0000000|0.0000000|0.0000000|0.0000000|0.0000000|0.0000000|0.0000000|0.0000000,0,1.0,34.92810367061771,0,0,0,0,0,
cross_town,Town02,mixed,17,98,4.9,151.40260314941406,105.44043731689453,0.22167766094207764,179.96104431152344,1.5258785420708232e-05,500.13329088571624,3.0509436650674825e-06,0.0,5.326322183307752e-07,1.304634372191291e-06,0.4387073912851115,0.016087591648101807,0.91034996509552,-0.054002173244953156,0.0,0.40362876653671265,-0.14537864923477173,1.0,0.3524423837661743,43.165382385253906,-0.3891972303390503,1.0000000|0.0000000|0.0000000|0.0000000|0.0000000|0.0000000|0.0000000|0.0000000|0.0000000|0.0000000,0,1.0,35.11702826943553,0,0,0,0,0,
cross_town,Town02,mixed,17,99,4.95,151.40260314941406,105.44043731689453,0.22167766094207764,179.96104431152344,1.5258785420708232e-05,500.13329088571624,3.0509436650674825e-06,0.0,5.326322183307752e-07,5.30065108304654e-07,0.44430262899104983,0.031599730253219604,0.8600451350212097,-0.1878792643547058,0.0,0.4836287796497345,-0.1878792643547058,1.0,0.353610098361969,56.651947021484375,-0.1751161813735962,1.0000000|0.0000000|0.0000000|0.0000000|0.0000000|0.0000000|0.0000000|0.0000000|0.0000000|0.0000000,0,1.0,34.911629416462496,0,0,0,0,0,
cross_town,Town02,mixed,17,100,5.0,151.40260314941406,105.44043731689453,0.22167766094207764,179.96104431152344,1.5258785420708232e-05,500.13329088571624,3.0509436650674825e-06,0.0,5.326322183307752e-07,1.9226126789161988e-06,0.4388734184554036,0.016210824251174927,0.0025598108768463135,-0.08458273112773895,0.0,0.40362876653671265,-0.10787926614284515,0.9999880790710449,0.800000011920929,2.534245491027832,0.2209872007369995,1.0000000|0.0000000|0.0000000|0.0000000|0.0000000|0.0000000|0.0000000|0.0000000|0.0000000|0.0000000,0,1.0,35.10019214978921,0,0,0,0,0,
cross_town,Town02,mixed,17,101,5.05,151.40260314941406,105.44043731689453,0.22167766094207764,179.96104431152344,1.5258785420708232e-05,500.13329088571624,3.0509436650674825e-06,0.0,5.326322183307752e-07,1.0718844319818681e-06,0.4389535928540705,0.03342545032501221,0.6815005540847778,-0.30417537689208984,0.0,0.4836287796497345,-0.1878792643547058,1.0,0.35600027441978455,55.23183059692383,-0.06920051574707031,1.0000000|0.0000000|0.0000000|0.0000000|0.0000000|0.0000000|0.0000000|0.0000000|0.0000000|0.0000000,0,1.0,34.89529001367942,0,0,0,0,0,
cross_town,Town02,mixed,17,102,5.1,151.40260314941406,105.44043731689453,0.22167766094207764,179.96104431152344,1.5258785420708232e-05,500.13329088571624,3.0509436650674825e-06,0.0,5.326322183307752e-07,0.0,0.4390353245939322,0.016210854053497314,0.0025597810745239258,-0.08458253741264343,0.0,0.40362876653671265,-0.10787926614284515,0.9999880790710449,0.800000011920929,2.5342392921447754,0.22098678350448608,1.0000000|0.0000000|0.0000000|0.0000000|0.0000000|0.0000000|0.0000000|0.0000000|0.0000000|0.0000000,0,1.0,35.08681518543021,0,0,0,0,0,
cross_town,Town02,mixed,17,103,5.15,151.40260314941406,105.44043731689453,0.22167766094207764,179.96104431152344,1.5258785420708232e-05,500.13329088571624,3.0509436650674825e-06,0.0,5.326322183307752e-07,2.746664411755502e-07,0.43911394095211287,0.0417177677154541,0.744458019733429,-0.22314397990703583,0.0,0.4836287796497345,-0.1878792643547058,1.0,0.3584619462490082,68.1302490234375,-0.16152799129486084,1.0000000|0.0000000|0.0000000|0.0000000|0.0000000|0.0000000|0.0000000|0.0000000|0.0000000|0.0000000,0,1.0,34.88341687488288,0,0,0,0,0,
cross_town,Town02,mixed,17,104,5.2,151.40260314941406,105.44043731689453,0.22167766094207764,179.96104431152344,1.5258785420708232e-05,500.13329088571624,3.0509436650674825e-06,0.0,5.326322183307752e-07,6.179856159911477e-07,0.4391928335224921,0.02838188409805298,0.9378906488418579,0.2382870763540268,0.0,0.5636287927627563,-0.10787926614284515,1.0,0.3597203493118286,38.685977935791016,-0.7884856462478638,1.0000000|0.0000000|0.0000000|0.0000000|0.0000000|0.0000000|0.0000000|0.0000000|0.0000000|0.0000000,0,1.0,35.07340467449275,0,0,0,0,0,
cross_town,Town02,mixed,17,105,5.25,151.40260314941406,105.44043731689453,0.22167766094207764,179.96104431152344,1.5258785420708232e-05,500.13329088571624,3.0509436650674825e-06,0.0,5.326322183307752e-07,8.926424297712275e-07,0.44208668598872625,0.01805099844932556,0.005232483148574829,-0.04245331883430481,0.0,0.4836287796497345,-0.04245331883430481,0.9972755312919617,0.800000011920929,1.1756871938705444,-0.3796720504760742,1.0000000|0.0000000|0.0000000|0.0000000|0.0000000|0.0000000|0.0000000|0.0000000|0.0000000|0.0000000,0,1.0,34.870115961372576,0,0,0,0,0,
cross_town,Town02,mixed,17,106,5.3,151.40260314941406,105.44043731689453,0.22167766094207764,179.96104431152344,1.5258785420708232e-05,500.13329088571624,3.0509436650674825e-06,0.0,5.326322183307752e-07,1.1673030441418074e-06,0.445028592775761,0.04305976629257202,0.5750784277915955,-0.0832720696926117,0.0,0.5636287927627563,-0.0832720696926117,1.0,0.3622894883155823,52.27582931518555,-0.6892557144165039,1.0000000|0.0000000|0.0000000|0.0000000|0.0000000|0.0000000|0.0000000|0.0000000|0.0000000|0.0000000,0,1.0,35.05791286609264,0,0,0,0,0,
cross_town,Town02,mixed,17,107,5.35,151.40260314941406,105.44043731689453,0.22167766094207764,179.96104431152344,1.5258785420708232e-05,500.13329088571624,3.0509436650674825e-06,0.0,5.326322183307752e-07,1.3733046228515096e-06,0.44251970688256687,0.01821082830429077,0.005288928747177124,-0.14508357644081116,0.0,0.4836287796497345,-0.14508357644081116,0.9999970197677612,0.800000011920929,2.8788681030273438,-0.46868664026260376,1.0000000|0.0000000|0.0000000|0.0000000|0.0000000|0.0000000|0.0000000|0.0000000|0.0000000|0.0000000,0,1.0,34.891272418082956,0,0,0,0,0,
cross_town,Town02,mixed,17,108,5.4,151.40260314941406,105.44043731689453,0.22167766094207764,179.96104431152344,1.5258785420708232e-05,500.13329088571624,3.0509436650674825e-06,0.0,5.326322183307752e-07,1.6479627269986832e-06,0.4394993723564554,0.026392191648483276,0.9468970894813538,-0.01878424361348152,0.0,0.5636287927627563,-0.0650835782289505,1.0,0.36492958664894104,55.90082550048828,-0.4094431400299072,1.0000000|0.0000000|0.0000000|0.0000000|0.0000000|0.0000000|0.0000000|0.0000000|0.0000000|0.0000000,0,1.0,35.08827460220656,0,0,0,0,0,
cross_town,Town02,mixed,17,109,5.45,151.40260314941406,105.44043731689453,0.22167766094207764,179.96104431152344,1.5258785420708232e-05,500.13329088571624,3.0509436650674825e-06,0.0,5.326322183307752e-07,1.9912798639649944e-06,0.43957378395640084,0.01829969882965088,0.004680365324020386,-0.29180315136909485,0.0,0.4836287796497345,-0.14508357644081116,0.9999979734420776,0.800000011920929,2.9722607135772705,-0.6822181344032288,1.0000000|0.0000000|0.0000000|0.0000000|0.0000000|0.0000000|0.0000000|0.0000000|0.0000000|0.0000000,0,1.0,34.884637080066575,0,0,0,0,0,
cross_town,Town02,mixed,17,110,5.5,151.40260314941406,105.44043731689453,0.22167766094207764,179.96104431152344,1.5258785420708232e-05,500.13329088571624,3.0509436650674825e-06,0.0,5.326322183307752e-07,2.2659372374608813e-06,0.43964670989436716,0.02676677703857422,0.9465253949165344,-0.005415528081357479,0.0,0.5636287927627563,-0.0650835782289505,1.0,0.3676401972770691,55.10685348510742,-0.49608612060546875,1.0000000|0.0000000|0.0000000|0.0000000|0.0000000|0.0000000|0.0000000|0.0000000|0.0000000|0.0000000,0,1.0,35.07310796076964,0,0,0,0,0,
cross_town,Town02,mixed,17,111,5.55,151.40260314941406,105.44043731689453,0.22167766094207764,179.96104431152344,1.5258785420708232e-05,500.13329088571624,3.0509436650674825e-06,0.0,5.326322183307752e-07,2.059976280490238e-07,0.4463900626403496,0.03654664754867554,0.9213780164718628,-0.036089856177568436,0.0,0.6436287760734558,-0.036089856177568436,1.0,0.3690214455127716,58.926368713378906,-0.369124174118042,1.0000000|0.0000000|0.0000000|0.0000000|0.0000000|0.0000000|0.0000000|0.0000000|0.0000000|0.0000000,0,1.0,34.869554137601696,0,0,0,0,0,
cross_town,Town02,mixed,17,112,5.6,151.40260314941406,105.44043731689453,0.22167766094207764,179.96104431152344,1.5258785420708232e-05,500.13329088571624,3.0509436650674825e-06,0.0,5.326322183307752e-07,5.149866914782185e-07,0.43978981997496963,0.04922604560852051,0.007176578044891357,-0.25672125816345215,0.0,0.5636287927627563,-0.11608985811471939,1.0,0.800000011920929,6.61242151260376,-1.1463637351989746,1.0000000|0.0000000|0.0000000|0.0000000|0.0000000|0.0000000|0.0000000|0.0000000|0.0000000|0.0000000,0,1.0,35.058235041577824,0,0,0,0,0,
cross_town,Town02,mixed,17,113,5.65,151.40260314941406,105.44043731689453,0.22167766094207764,179.96104431152344,1.5258785420708232e-05,500.13329088571624,3.0509436650674825e-06,0.0,5.326322183307752e-07,7.270712040565258e-07,0.4409133031256508,0.018016338348388672,0.004861623048782349,-0.009274357929825783,0.0,0.4836287796497345,-0.036089859902858734,0.9894646406173706,0.800000011920929,0.8356069326400757,-0.35840684175491333,1.0000000|0.0000000|0.0000000|0.0000000|0.0000000|0.0000000|0.0000000|0.0000000|0.0000000|0.0000000,0,1.0,34.850996461679365,0,0,0,0,0,
cross_town,Town02,mixed,17,114,5.7,151.40260314941406,105.44043731689453,0.22167766094207764,179.96104431152344,1.5258785420708232e-05,500.13329088571624,3.0509436650674825e-06,0.0,5.326322183307752e-07,1.0299743386559306e-06,0.43992854587547675,0.03209728002548218,0.8081843852996826,-0.3272787928581238,0.0,0.5636287927627563,-0.11608985811471939,1.0,0.3732721209526062,83.21598052978516,0.2620040774345398,1.0000000|0.0000000|0.0000000|0.0000000|0.0000000|0.0000000|0.0000000|0.0000000|0.0000000|0.0000000,0,1.0,35.04156284986538,0,0,0,0,0,
cross_town,Town02,mixed,17,115,5.75,151.40260314941406,105.44043731689453,0.22167766094207764,179.96104431152344,1.5258785420708232e-05,500.13329088571624,3.0509436650674825e-06,0.0,5.326322183307752e-07,1.3732969821337608e-06,0.44104973127504077,0.018016338348388672,0.004861623048782349,-0.009274506941437721,0.0,0.4836287796497345,-0.036089859902858734,0.9894646406173706,0.800000011920929,0.8356066942214966,-0.358406662940979,1.0000000|0.0000000|0.0000000|0.0000000|0.0000000|0.0000000|0.0000000|0.0000000|0.0000000|0.0000000,0,1.0,34.835532070669736,0,0,0,0,0,
cross_town,Town02,mixed,17,116,5.8,151.40260314941406,105.44043731689453,0.22167766094207764,179.96104431152344,1.5258785420708232e-05,500.13329088571624,3.0509436650674825e-06,0.0,5.326322183307752e-07,1.685009134528969e-06,0.44479906426843835,0.041233181953430176,0.7754729986190796,-0.08561654388904572,0.0,0.5636287927627563,-0.08561654388904572,1.0,0.3761919438838959,52.62430953979492,-0.9259021282196045,1.0000000|0.0000000|0.0000000|0.0000000|0.0000000|0.0000000|0.0000000|0.0000000|0.0000000|0.0000000,0,1.0,35.020334809231024,0,0,0,0,0,
cross_town,Town02,mixed,17,117,5.85,151.40260314941406,105.44043731689453,0.22167766094207764,179.96104431152344,1.5258785420708232e-05,500.13329088571624,3.0509436650674825e-06,0.0,5.326322183307752e-07,1.956945086992375e-06,0.44591577574161084,0.018258363008499146,0.00538983941078186,-0.12532807886600494,0.0,0.4836287796497345,-0.12532807886600494,0.9999932050704956,0.800000011920929,2.674811840057373,-0.44646143913269043,1.0000000|0.0000000|0.0000000|0.0000000|0.0000000|0.0000000|0.0000000|0.0000000|0.0000000|0.0000000,0,1.0,34.814578985572645,0,0,0,0,0,
cross_town,Town02,mixed,17,118,5.9,151.40260314941406,105.44043731689453,0.22167766094207764,179.96104431152344,1.5258785420708232e-05,500.13329088571624,3.0509436650674825e-06,0.0,5.326322183307752e-07,2.130703468476012e-06,0.44019085775962874,0.021615177392959595,0.9446821212768555,-0.002004285342991352,0.0,0.5636287927627563,-0.04532808065414429,1.0,0.379168838262558,53.76890182495117,-0.5831459760665894,1.0000000|0.0000000|0.0000000|0.0000000|0.0000000|0.0000000|0.0000000|0.0000000|0.0000000|0.0000000,0,1.0,35.02863097179121,0,0,0,0,0,
cross_town,Town02,mixed,17,119,5.95,151.40260314941406,105.44043731689453,0.22167766094207764,179.96104431152344,1.5258785420708232e-05,500.13329088571624,3.0509436650674825e-06,0.0,5.326322183307752e-07,6.867200436135259e-08,0.4402545149612449,0.017532438039779663,0.005363792181015015,-0.35124748945236206,0.0,0.4836287796497345,-0.12532807886600494,0.9999796152114868,0.800000011920929,2.399928569793701,-0.8990683555603027,1.0000000|0.0000000|0.0000000|0.0000000|0.0000000|0.0000000|0.0000000|0.0000000|0.0000000|0.0000000,0,1.0,34.82939071513787,0,0,0,0,0,
cross_town,Town02,mixed,17,120,6.0,151.40260314941406,105.44043731689453,0.22167766094207764,179.96104431152344,1.5258785420708232e-05,500.13329088571624,3.0509436650674825e-06,0.0,5.326322183307752e-07,4.1199010810120264e-07,0.4603194965164398,0.009083539247512817,0.0030537843704223633,-0.17251767218112946,0.0,0.40362876653671265,-0.17251767218112946,0.8500041961669922,0.800000011920929,0.13365846872329712,-0.11733400821685791,1.0000000|0.0000000|0.0000000|0.0000000|0.0000000|0.0000000|0.0000000|0.0000000|0.0000000|0.0000000,0,1.0,35.0215690232202,0,0,0,0,0,
cross_town,Town02,mixed,17,121,6.05,151.40260314941406,105.44043731689453,0.22167766094207764,179.96104431152344,1.5258785420708232e-05,500.13329088571624,3.0509436650674825e-06,0.0,5.326322183307752e-07,6.866509383423522e-07,0.4403698588843603,0.022679299116134644,0.9406857490539551,0.03488311544060707,0.0,0.4836287796497345,-0.0925176739692688,1.0,0.3836713433265686,49.76534652709961,-0.7075867652893066,1.0000000|0.0000000|0.0000000|0.0000000|0.0000000|0.0000000|0.0000000|0.0000000|0.0000000|0.0000000,0,1.0,34.8197167943124,0,0,0,0,0,
cross_town,Town02,mixed,17,122,6.1,151.40260314941406,105.44043731689453,0.22167766094207764,179.96104431152344,1.5258785420708232e-05,500.13329088571624,3.0509436650674825e-06,0.0,5.326322183307752e-07,8.927723876961766e-07,0.4474098615262477,0.03630077838897705,0.9347102642059326,-0.11659445613622665,0.0,0.5636287927627563,-0.11659445613622665,1.0,0.3851640224456787,73.60469055175781,-0.6840310096740723,1.0000000|0.0000000|0.0000000|0.0000000|0.0000000|0.0000000|0.0000000|0.0000000|0.0000000|0.0000000,0,1.0,35.01025675498253,0,0,0,0,0,
cross_town,Town02,mixed,17,123,6.15,151.40260314941406,105.44043731689453,0.22167766094207764,179.96104431152344,1.5258785420708232e-05,500.13329088571624,3.0509436650674825e-06,0.0,5.326322183307752e-07,1.235970596715451e-06,0.4481283139314436,0.03674846887588501,0.9675507545471191,-0.12166427075862885,0.0,0.6436287760734558,-0.12166427075862885,1.0,0.38664528727531433,58.36275100708008,0.017972230911254883,1.0000000|0.0000000|0.0000000|0.0000000|0.0000000|0.0000000|0.0000000|0.0000000|0.0000000|0.0000000,0,1.0,34.80880922202335,0,0,0,0,0,
cross_town,Town02,mixed,17,124,6.2,151.40260314941406,105.44043731689453,0.22167766094207764,179.96104431152344,1.5258785420708232e-05,500.13329088571624,3.0509436650674825e-06,0.0,5.326322183307752e-07,1.5792931003215282e-06,0.440500754653569,0.03572571277618408,0.9847546219825745,0.23272845149040222,0.0,0.7236287593841553,-0.04166427254676819,1.0,0.3881160020828247,42.133811950683594,0.23162871599197388,1.0000000|0.0000000|0.0000000|0.0000000|0.0000000|0.0000000|0.0000000|0.0000000|0.0000000|0.0000000,0,1.0,34.99237779500506,0,0,0,0,0,
cross_town,Town02,mixed,17,125,6.25,151.40260314941406,105.44043731689453,0.22167766094207764,179.96104431152344,1.5258785420708232e-05,500.13329088571624,3.0509436650674825e-06,0.0,5.326322183307752e-07,1.85394910184675e-06,0.4481801241027104,0.19784164428710938,0.011686861515045166,-0.040939584374427795,0.0,0.6436287760734558,-0.040939584374427795,1.0,0.800000011920929,10.51606559753418,-1.1511880159378052,1.0000000|0.0000000|0.0000000|0.0000000|0.0000000|0.0000000|0.0000000|0.0000000|0.0000000|0.0000000,0,1.0,34.78789107552252,0,0,0,0,0,
cross_town,Town02,mixed,17,126,6.3,151.40260314941406,105.44043731689453,0.22167766094207764,179.96104431152344,1.5258785420708232e-05,500.13329088571624,3.0509436650674825e-06,0.0,5.326322183307752e-07,1.071635249694768e-06,0.44050075465350785,0.04490908980369568,0.007513701915740967,-0.2289917916059494,0.0,0.5636287927627563,-0.12093958258628845,1.0,0.800000011920929,6.744887351989746,-1.1179065704345703,1.0000000|0.0000000|0.0000000|0.0000000|0.0000000|0.0000000|0.0000000|0.0000000|0.0000000|0.0000000,0,1.0,34.97963143296419,0,0,0,0,0,
cross_town,Town02,mixed,17,127,6.35,151.40260314941406,105.44043731689453,0.22167766094207764,179.96104431152344,1.5258785420708232e-05,500.13329088571624,3.0509436650674825e-06,0.0,5.326322183307752e-07,2.4032688050196276e-06,0.441581672965399,0.01804855465888977,0.004605710506439209,0.008936041034758091,0.0,0.4836287796497345,-0.040939584374427795,0.9891908168792725,0.800000011920929,0.829123318195343,-0.34322404861450195,1.0000000|0.0000000|0.0000000|0.0000000|0.0000000|0.0000000|0.0000000|0.0000000|0.0000000|0.0000000,0,1.0,34.784336341437694,0,0,0,0,0,
cross_town,Town02,mixed,17,128,6.4,151.40260314941406,105.44043731689453,0.22167766094207764,179.96104431152344,1.5258785420708232e-05,500.13329088571624,3.0509436650674825e-06,0.0,5.326322183307752e-07,1.3740367041153972e-07,0.44063165241389823,0.007693558931350708,0.005406796932220459,-0.44100555777549744,0.0,0.40362876653671265,-0.12093958258628845,0.9986910223960876,0.800000011920929,1.3592915534973145,-0.556688666343689,1.0000000|0.0000000|0.0000000|0.0000000|0.0000000|0.0000000|0.0000000|0.0000000|0.0000000|0.0000000,0,1.0,34.97904651499437,0,0,0,0,0,
cross_town,Town02,mixed,17,129,6.45,151.40260314941406,105.44043731689453,0.22167766094207764,179.96104431152344,1.5258785420708232e-05,500.13329088571624,3.0509436650674825e-06,0.0,5.326322183307752e-07,4.806688512819889e-07,0.4500084941974844,0.003613799810409546,0.00388374924659729,-0.4049611985683441,0.0,0.3236287534236908,-0.2009395807981491,0.904922604560852,0.800000011920929,0.2632894515991211,0.0064809322357177734,1.0000000|0.0000000|0.0000000|0.0000000|0.0000000|0.0000000|0.0000000|0.0000000|0.0000000|0.0000000,0,1.0,34.77061520343133,0,0,0,0,0,
cross_town,Town02,mixed,17,130,6.5,151.40260314941406,105.44043731689453,0.22167766094207764,179.96104431152344,1.5258785420708232e-05,500.13329088571624,3.0509436650674825e-06,0.0,5.326322183307752e-07,7.554638594466488e-07,0.44140159541284657,0.005808651447296143,0.0009553134441375732,-0.42039790749549866,0.0,0.24362875521183014,-0.28093957901000977,0.9909915924072266,0.800000011920929,0.8751367330551147,0.34068596363067627,1.0000000|0.0000000|0.0000000|0.0000000|0.0000000|0.0000000|0.0000000|0.0000000|0.0000000|0.0000000,0,1.0,34.97080341747929,0,0,0,0,0,
cross_town,Town02,mixed,17,131,6.55,151.40260314941406,105.44043731689453,0.22167766094207764,179.96104431152344,1.5258785420708232e-05,500.13329088571624,3.0509436650674825e-06,0.0,5.326322183307752e-07,1.0986371851619646e-06,0.4405018842807945,0.01693764328956604,0.001674056053161621,-0.6142544746398926,0.0,0.16362875699996948,-0.3609395921230316,0.9999886751174927,0.800000011920929,2.5483620166778564,0.41559118032455444,1.0000000|0.0000000|0.0000000|0.0000000|0.0000000|0.0000000|0.0000000|0.0000000|0.0000000|0.0000000,0,1.0,34.763204328081045,0,0,0,0,0,
cross_town,Town02,mixed,17,132,6.6,151.40260314941406,105.44043731689453,0.22167766094207764,179.96104431152344,1.5258785420708232e-05,500.13329088571624,3.0509436650674825e-06,0.0,5.326322183307752e-07,1.44195851897713e-06,0.44050083523904854,0.010941565036773682,0.00821608304977417,-0.7267230749130249,0.0,0.08362875878810883,-0.44093960523605347,0.9999991655349731,0.800000011920929,3.1863696575164795,0.09917795658111572,1.0000000|0.0000000|0.0000000|0.0000000|0.0000000|0.0000000|0.0000000|0.0000000|0.0000000|0.0000000,0,1.0,34.96719666854687,0,0,0,0,0,
cross_town,Town02,mixed,17,133,6.65,151.40260314941406,105.44043731689453,0.22167766094207764,179.96104431152344,1.5258785420708232e-05,500.13329088571624,3.0509436650674825e-06,0.0,5.326322183307752e-07,1.7166859881917452e-06,0.4407371018520551,0.009158849716186523,0.010929852724075317,-0.6238712072372437,0.0,0.0036287587136030197,-0.5209395885467529,0.9976365566253662,0.800000011920929,1.2113183736801147,0.05720406770706177,1.0000000|0.0000000|0.0000000|0.0000000|0.0000000|0.0000000|0.0000000|0.0000000|0.0000000|0.0000000,0,1.0,34.76944168288954,0,0,0,0,0,
cross_town,Town02,mixed,17,134,6.7,151.40260314941406,105.44043731689453,0.22167766094207764,179.96104431152344,1.5258785420708232e-05,500.13329088571624,3.0509436650674825e-06,0.0,5.326322183307752e-07,2.059939353790579e-06,0.44050075179254417,0.0034509599208831787,0.008874088525772095,-0.43361780047416687,0.0,0.0,-0.4409395754337311,1.0,0.800000011920929,11.657139778137207,-0.09096533060073853,1.0000000|0.0000000|0.0000000|0.0000000|0.0000000|0.0000000|0.0000000|0.0000000|0.0000000|0.0000000,0,1.0,34.955293743996705,0,0,0,0,0,
cross_town,Town02,mixed,17,135,6.75,151.40260314941406,105.44043731689453,0.22167766094207764,179.96104431152344,1.5258785420708232e-05,500.13329088571624,3.0509436650674825e-06,0.0,5.326322183307752e-07,2.30026493278307e-06,0.44051288729822224,0.0018250644207000732,0.008612066507339478,-0.7714428901672363,0.0,0.0,-0.5209395885467529,0.9998786449432373,0.800000011920929,1.95426344871521,0.4778550863265991,1.0000000|0.0000000|0.0000000|0.0000000|0.0000000|0.0000000|0.0000000|0.0000000|0.0000000|0.0000000,0,1.0,34.753552560403826,0,0,0,0,0,
cross_town,Town02,mixed,17,136,6.8,151.40260314941406,105.44043731689453,0.22167766094207764,179.96104431152344,1.5258785420708232e-05,500.13329088571624,3.0509436650674825e-06,0.0,5.326322183307752e-07,6.873434110128507e-08,0.44124069541600686,0.003199845552444458,0.008821338415145874,-0.4448910355567932,0.0,0.0,-0.4448910355567932,1.0,0.800000011920929,11.772439002990723,-0.07467323541641235,1.0000000|0.0000000|0.0000000|0.0000000|0.0000000|0.0000000|0.0000000|0.0000000|0.0000000|0.0000000,0,1.0,34.94763443161419,0,0,0,0,0,
cross_town,Town02,mixed,17,137,6.85,151.40260314941406,105.44043731689453,0.22167766094207764,179.96104431152344,1.5258785420708232e-05,500.13329088571624,3.0509436650674825e-06,0.0,5.326322183307752e-07,2.747091472636729e-07,0.4405042265049181,0.0018227100372314453,0.008719265460968018,-0.7680407762527466,0.0,0.0,-0.5248910188674927,0.9999653100967407,0.800000011920929,2.267416000366211,0.4921456575393677,1.0000000|0.0000000|0.0000000|0.0000000|0.0000000|0.0000000|0.0000000|0.0000000|0.0000000|0.0000000,0,1.0,34.75525427439684,0,0,0,0,0,
cross_town,Town02,mixed,17,138,6.9,151.40260314941406,105.44043731689453,0.22167766094207764,179.96104431152344,1.5258785420708232e-05,500.13329088571624,3.0509436650674825e-06,0.0,5.326322183307752e-07,5.304819169436283e-07,0.4405007517924836,0.003316044807434082,0.008923470973968506,-0.41858917474746704,0.0,0.0,-0.4448910057544708,1.0,0.800000011920929,12.010499000549316,-0.1137017011642456,1.0000000|0.0000000|0.0000000|0.0000000|0.0000000|0.0000000|0.0000000|0.0000000|0.0000000|0.0000000,0,1.0,34.944526991881446,0,0,0,0,0,
cross_town,Town02,mixed,17,139,6.95,151.40260314941406,105.44043731689453,0.22167766094207764,179.96104431152344,1.5258785420708232e-05,500.13329088571624,3.0509436650674825e-06,0.0,5.326322183307752e-07,8.92647220480108e-07,0.440504220782627,0.0018227100372314453,0.00871923565864563,-0.7680408358573914,0.0,0.0,-0.5248910188674927,0.9999653100967407,0.800000011920929,2.2674179077148438,0.492145299911499,1.0000000|0.0000000|0.0000000|0.0000000|0.0000000|0.0000000|0.0000000|0.0000000|0.0000000|0.0000000,0,1.0,34.75581541851904,0,0,0,0,0,
cross_town,Town02,mixed,17,140,7.0,151.40260314941406,105.44043731689453,0.22167766094207764,179.96104431152344,1.5258785420708232e-05,500.13329088571624,3.0509436650674825e-06,0.0,5.326322183307752e-07,1.2359674329099403e-06,0.44050075179248527,0.003316044807434082,0.008923470973968506,-0.418589323759079,0.0,0.0,-0.4448910057544708,1.0,0.800000011920929,12.010464668273926,-0.11370265483856201,1.0000000|0.0000000|0.0000000|0.0000000|0.0000000|0.0000000|0.0000000|0.0000000|0.0000000|0.0000000,0,1.0,34.95115058502341,0,0,0,0,0,
cross_town,Town02,mixed,17,141,7.05,151.40260314941406,105.44043731689453,0.22167766094207764,179.96104431152344,1.5258785420708232e-05,500.13329088571624,3.0509436650674825e-06,0.0,5.326322183307752e-07,4.6383319036042313e-07,0.44050422078281054,0.0018227100372314453,0.00871923565864563,-0.7680408954620361,0.0,0.0,-0.5248910188674927,0.9999653100967407,0.800000011920929,2.2674317359924316,0.4921450614929199,1.0000000|0.0000000|0.0000000|0.0000000|0.0000000|0.0000000|0.0000000|0.0000000|0.0000000|0.0000000,0,1.0,34.745592357300445,0,0,0,0,0,
cross_town,Town02,mixed,17,142,7.1,151.40260314941406,105.44043731689453,0.22167766094207764,179.96104431152344,1.5258785420708232e-05,500.13329088571624,3.0509436650674825e-06,0.0,5.326322183307752e-07,1.8539459134914823e-06,0.4405007517922994,0.003316044807434082,0.008923470973968506,-0.41858911514282227,0.0,0.0,-0.4448910057544708,1.0,0.800000011920929,12.010483741760254,-0.11370211839675903,1.0000000|0.0000000|0.0000000|0.0000000|0.0000000|0.0000000|0.0000000|0.0000000|0.0000000|0.0000000,0,1.0,34.94101014812871,0,0,0,0,0,
cross_town,Town02,mixed,17,143,7.15,151.40260314941406,105.44043731689453,0.22167766094207764,179.96104431152344,1.5258785420708232e-05,500.13329088571624,3.0509436650674825e-06,0.0,5.326322183307752e-07,2.16521239061703e-06,0.4405042207828665,0.0018227100372314453,0.008719205856323242,-0.7680408954620361,0.0,0.0,-0.5248910188674927,0.9999653100967407,0.800000011920929,2.267426013946533,0.49214470386505127,1.0000000|0.0000000|0.0000000|0.0000000|0.0000000|0.0000000|0.0000000|0.0000000|0.0000000|0.0000000,0,1.0,34.74201616699972,0,0,0,0,0,
cross_town,Town02,mixed,17,144,7.2,151.40260314941406,105.44043731689453,0.22167766094207764,179.96104431152344,1.5258785420708232e-05,500.13329088571624,3.0509436650674825e-06,0.0,5.326322183307752e-07,0.0,0.44050075179240483,0.003316044807434082,0.008923441171646118,-0.41858962178230286,0.0,0.0,-0.4448910057544708,1.0,0.800000011920929,12.010427474975586,-0.11370307207107544,1.0000000|0.0000000|0.0000000|0.0000000|0.0000000|0.0000000|0.0000000|0.0000000|0.0000000|0.0000000,0,1.0,34.94636921872685,0,0,0,0,0,
cross_town,Town02,mixed,17,145,7.25,151.40260314941406,105.44043731689453,0.22167766094207764,179.96104431152344,1.5258785420708232e-05,500.13329088571624,3.0509436650674825e-06,0.0,5.326322183307752e-07,3.4332774180204915e-07,0.4405042207828347,0.0018227100372314453,0.00871923565864563,-0.7680405974388123,0.0,0.0,-0.5248910188674927,0.9999653100967407,0.800000011920929,2.2674217224121094,0.4921461343765259,1.0000000|0.0000000|0.0000000|0.0000000|0.0000000|0.0000000|0.0000000|0.0000000|0.0000000|0.0000000,0,1.0,34.74245145010378,0,0,0,0,0,
cross_town,Town02,mixed,17,146,7.3,151.40260314941406,105.44043731689453,0.22167766094207764,179.96104431152344,1.5258785420708232e-05,500.13329088571624,3.0509436650674825e-06,0.0,5.326322183307752e-07,6.596473147780755e-07,0.4405007517925134,0.003316044807434082,0.008923470973968506,-0.41858917474746704,0.0,0.0,-0.4448910057544708,1.0,0.800000011920929,12.010482788085938,-0.1137017011642456,1.0000000|0.0000000|0.0000000|0.0000000|0.0000000|0.0000000|0.0000000|0.0000000|0.0000000|0.0000000,0,1.0,34.94715938456508,0,0,0,0,0,
cross_town,Town02,mixed,17,147,7.35,151.40260314941406,105.44043731689453,0.22167766094207764,179.96104431152344,1.5258785420708232e-05,500.13329088571624,3.0509436650674825e-06,0.0,5.326322183307752e-07,9.61304380952294e-07,0.4405042207827334,0.0018227100372314453,0.00871923565864563,-0.7680408954620361,0.0,0.0,-0.5248910188674927,0.9999653100967407,0.800000011920929,2.267425775527954,0.4921450614929199,1.0000000|0.0000000|0.0000000|0.0000000|0.0000000|0.0000000|0.0000000|0.0000000|0.0000000|0.0000000,0,1.0,34.752217478203995,0,0,0,0,0,
cross_town,Town02,mixed,17,148,7.4,151.40260314941406,105.44043731689453,0.22167766094207764,179.96104431152344,1.5258785420708232e-05,500.13329088571624,3.0509436650674825e-06,0.0,5.326322183307752e-07,1.1329750229280532e-06,0.44050075179251247,0.003316044807434082,0.008923470973968506,-0.41858920454978943,0.0,0.0,-0.4448910057544708,1.0,0.800000011920929,12.010469436645508,-0.11370193958282471,1.0000000|0.0000000|0.0000000|0.0000000|0.0000000|0.0000000|0.0000000|0.0000000|0.0000000|0.0000000,0,1.0,34.94390023769713,0,0,0,0,0,
cross_town,Town02,mixed,17,149,7.45,151.40260314941406,105.44043731689453,0.22167766094207764,179.96104431152344,1.5258785420708232e-05,500.13329088571624,3.0509436650674825e-06,0.0,5.326322183307752e-07,1.373304111508431e-06,0.4405042207828724,0.0018227100372314453,0.00871923565864563,-0.768040657043457,0.0,0.0,-0.5248910188674927,0.9999653100967407,0.800000011920929,2.267429828643799,0.4921451807022095,1.0000000|0.0000000|0.0000000|0.0000000|0.0000000|0.0000000|0.0000000|0.0000000|0.0000000|0.0000000,0,1.0,34.746245244822084,0,0,0,0,0,
cross_town,Town02,mixed,17,150,7.5,151.40260314941406,105.44043731689453,0.22167766094207764,179.96104431152344,1.5258785420708232e-05,500.13329088571624,3.0509436650674825e-06,0.0,5.326322183307752e-07,1.6479607643693274e-06,0.44050075179254655,0.003316044807434082,0.008923470973968506,-0.41858920454978943,0.0,0.0,-0.4448910057544708,1.0,0.800000011920929,12.010489463806152,-0.11370229721069336,1.0000000|0.0000000|0.0000000|0.0000000|0.0000000|0.0000000|0.0000000|0.0000000|0.0000000|0.0000000,0,1.0,34.94423174556151,0,0,0,0,0,
cross_town,Town02,mixed,17,151,7.55,151.40260314941406,105.44043731689453,0.22167766094207764,179.96104431152344,1.5258785420708232e-05,500.13329088571624,3.0509436650674825e-06,0.0,5.326322183307752e-07,1.991277538910316e-06,0.44050422078287244,0.0018227100372314453,0.00871923565864563,-0.7680408954620361,0.0,0.0,-0.5248910188674927,0.9999653100967407,0.800000011920929,2.267418622970581,0.4921451807022095,1.0000000|0.0000000|0.0000000|0.0000000|0.0000000|0.0000000|0.0000000|0.0000000|0.0000000|0.0000000,0,1.0,34.74756072139912,0,0,0,0,0,
cross_town,Town02,mixed,17,152,7.6,151.40260314941406,105.44043731689453,0.22167766094207764,179.96104431152344,1.5258785420708232e-05,500.13329088571624,3.0509436650674825e-06,0.0,5.326322183307752e-07,2.2659371906539224e-06,0.4405007517925465,0.003316044807434082,0.008923470973968506,-0.4185894727706909,0.0,0.0,-0.4448910057544708,1.0,0.800000011920929,12.010435104370117,-0.11370253562927246,1.0000000|0.0000000|0.0000000|0.0000000|0.0000000|0.0000000|0.0000000|0.0000000|0.0000000|0.0000000,0,1.0,34.94622552223745,0,0,0,0,0,
cross_town,Town02,mixed,17,153,7.65,151.40260314941406,105.44043731689453,0.22167766094207764,179.96104431152344,1.5258785420708232e-05,500.13329088571624,3.0509436650674825e-06,0.0,5.326322183307752e-07,2.0599884054678705e-07,0.4405042207828724,0.0018227100372314453,0.008719205856323242,-0.7680408954620361,0.0,0.0,-0.5248910188674927,0.9999653100967407,0.800000011920929,2.267421007156372,0.49214494228363037,1.0000000|0.0000000|0.0000000|0.0000000|0.0000000|0.0000000|0.0000000|0.0000000|0.0000000|0.0000000,0,1.0,34.750131886327004,0,0,0,0,0,
cross_town,Town02,mixed,17,154,7.7,151.40260314941406,105.44043731689453,0.22167766094207764,179.96104431152344,1.5258785420708232e-05,500.13329088571624,3.0509436650674825e-06,0.0,5.326322183307752e-07,5.493206587952975e-07,0.44050075179254644,0.003316044807434082,0.008923470973968506,-0.4185890257358551,0.0,0.0,-0.4448910057544708,1.0,0.800000011920929,12.010476112365723,-0.11370223760604858,1.0000000|0.0000000|0.0000000|0.0000000|0.0000000|0.0000000|0.0000000|0.0000000|0.0000000|0.0000000,0,1.0,34.94938865964546,0,0,0,0,0,
cross_town,Town02,mixed,17,155,7.75,151.40260314941406,105.44043731689453,0.22167766094207764,179.96104431152344,1.5258785420708232e-05,500.13329088571624,3.0509436650674825e-06,0.0,5.326322183307752e-07,8.639120816081505e-07,0.4405042207828386,0.0018227100372314453,0.00871923565864563,-0.7680408358573914,0.0,0.0,-0.5248910188674927,0.9999653100967407,0.800000011920929,2.267425298690796,0.492145299911499,1.0000000|0.0000000|0.0000000|0.0000000|0.0000000|0.0000000|0.0000000|0.0000000|0.0000000|0.0000000,0,1.0,34.745145078090374,0,0,0,0,0,
cross_town,Town02,mixed,17,156,7.8,151.40260314941406,105.44043731689453,0.22167766094207764,179.96104431152344,1.5258785420708232e-05,500.13329088571624,3.0509436650674825e-06,0.0,5.326322183307752e-07,1.1673039825344853e-06,0.4405007517924107,0.003316044807434082,0.008923470973968506,-0.418589323759079,0.0,0.0,-0.4448910057544708,1.0,0.800000011920929,12.010473251342773,-0.11370265483856201,1.0000000|0.0000000|0.0000000|0.0000000|0.0000000|0.0000000|0.0000000|0.0000000|0.0000000|0.0000000,0,1.0,34.95069019179889,0,0,0,0,0,
cross_town,Town02,mixed,17,157,7.85,151.40260314941406,105.44043731689453,0.22167766094207764,179.96104431152344,1.5258785420708232e-05,500.13329088571624,3.0509436650674825e-06,0.0,5.326322183307752e-07,1.3389615597913069e-06,0.44050422078284085,0.0018227100372314453,0.00871923565864563,-0.7680408954620361,0.0,0.0,-0.5248910188674927,0.9999653100967407,0.800000011920929,2.2674331665039062,0.49214494228363037,1.0000000|0.0000000|0.0000000|0.0000000|0.0000000|0.0000000|0.0000000|0.0000000|0.0000000|0.0000000,0,1.0,34.75610807818022,0,0,0,0,0,
cross_town,Town02,mixed,17,158,7.9,151.40260314941406,105.44043731689453,0.22167766094207764,179.96104431152344,1.5258785420708232e-05,500.13329088571624,3.0509436650674825e-06,0.0,5.326322183307752e-07,3.990127374501455e-07,0.44050075179248677,0.003316044807434082,0.008923470973968506,-0.41858920454978943,0.0,0.0,-0.4448910057544708,1.0,0.800000011920929,12.010491371154785,-0.11370229721069336,1.0000000|0.0000000|0.0000000|0.0000000|0.0000000|0.0000000|0.0000000|0.0000000|0.0000000|0.0000000,0,1.0,34.95666590269377,0,0,0,0,0,
cross_town,Town02,mixed,17,159,7.95,151.40260314941406,105.44043731689453,0.22167766094207764,179.96104431152344,1.5258785420708232e-05,500.13329088571624,3.0509436650674825e-06,0.0,5.326322183307752e-07,1.7852922388898779e-06,0.44050422078262147,0.0018227100372314453,0.008719205856323242,-0.7680409550666809,0.0,0.0,-0.5248910188674927,0.9999653100967407,0.800000011920929,2.26741623878479,0.4921457767486572,1.0000000|0.0000000|0.0000000|0.0000000|0.0000000|0.0000000|0.0000000|0.0000000|0.0000000|0.0000000,0,1.0,34.762278314447734,0,0,0,0,0,
cross_town,Town02,mixed,17,160,8.0,151.40260314941406,105.44043731689453,0.22167766094207764,179.96104431152344,1.5258785420708232e-05,500.13329088571624,3.0509436650674825e-06,0.0,5.326322183307752e-07,2.096557414392991e-06,0.4405007517925399,0.003316044807434082,0.008923470973968506,-0.41858941316604614,0.0,0.0,-0.4448910057544708,1.0,0.800000011920929,12.010458946228027,-0.11370217800140381,1.0000000|0.0000000|0.0000000|0.0000000|0.0000000|0.0000000|0.0000000|0.0000000|0.0000000|0.0000000,0,1.0,34.9634054789082,0,0,0,0,0,
cross_town,Town02,mixed,17,161,8.05,151.40260314941406,105.44043731689453,0.22167766094207764,179.96104431152344,1.5258785420708232e-05,500.13329088571624,3.0509436650674825e-06,0.0,5.326322183307752e-07,6.867210580102073e-08,0.44050422078273405,0.0018227100372314453,0.008719205856323242,-0.7680408954620361,0.0,0.0,-0.5248910188674927,0.9999653100967407,0.800000011920929,2.267416477203369,0.4921451807022095,1.0000000|0.0000000|0.0000000|0.0000000|0.0000000|0.0000000|0.0000000|0.0000000|0.0000000|0.0000000,0,1.0,34.76960504397438,0,0,0,0,0,
cross_town,Town02,mixed,17,162,8.1,151.40260314941406,105.44043731689453,0.22167766094207764,179.96104431152344,1.5258785420708232e-05,500.13329088571624,3.0509436650674825e-06,0.0,5.326322183307752e-07,4.1199132572933255e-07,0.44050075179251125,0.003316044807434082,0.008923470973968506,-0.4185889959335327,0.0,0.0,-0.4448910057544708,1.0,0.800000011920929,12.010480880737305,-0.11370229721069336,1.0000000|0.0000000|0.0000000|0.0000000|0.0000000|0.0000000|0.0000000|0.0000000|0.0000000|0.0000000,0,1.0,34.962978329204496,0,0,0,0,0,
cross_town,Town02,mixed,17,163,8.15,151.40260314941406,105.44043731689453,0.22167766094207764,179.96104431152344,1.5258785420708232e-05,500.13329088571624,3.0509436650674825e-06,0.0,5.326322183307752e-07,7.553155515867451e-07,0.4405042207828725,0.0018227100372314453,0.008719205856323242,-0.7680409550666809,0.0,0.0,-0.5248910188674927,0.9999653100967407,0.800000011920929,2.26741623878479,0.4921457767486572,1.0000000|0.0000000|0.0000000|0.0000000|0.0000000|0.0000000|0.0000000|0.0000000|0.0000000|0.0000000,0,1.0,34.75783793044689,0,0,0,0,0,
cross_town,Town02,mixed,17,164,8.2,151.40260314941406,105.44043731689453,0.22167766094207764,179.96104431152344,1.5258785420708232e-05,500.13329088571624,3.0509436650674825e-06,0.0,5.326322183307752e-07,1.0299803066351968e-06,0.44050075179254655,0.003316044807434082,0.008923470973968506,-0.418589323759079,0.0,0.0,-0.4448910057544708,1.0,0.800000011920929,12.010477066040039,-0.11370265483856201,1.0000000|0.0000000|0.0000000|0.0000000|0.0000000|0.0000000|0.0000000|0.0000000|0.0000000|0.0000000,0,1.0,34.9601793981497,0,0,0,0,0,
cross_town,Town02,mixed,17,165,8.25,151.40260314941406,105.44043731689453,0.22167766094207764,179.96104431152344,1.5258785420708232e-05,500.13329088571624,3.0509436650674825e-06,0.0,5.326322183307752e-07,1.3389603697332996e-06,0.4405042207828724,0.0018227100372314453,0.00871923565864563,-0.7680408954620361,0.0,0.0,-0.5248910188674927,0.9999653100967407,0.800000011920929,2.267425298690796,0.4921448230743408,1.0000000|0.0000000|0.0000000|0.0000000|0.0000000|0.0000000|0.0000000|0.0000000|0.0000000|0.0000000,0,1.0,34.76775552243537,0,0,0,0,0,
cross_town,Town02,mixed,17,166,8.3,151.40260314941406,105.44043731689453,0.22167766094207764,179.96104431152344,1.5258785420708232e-05,500.13329088571624,3.0509436650674825e-06,0.0,5.326322183307752e-07,1.5106261171217622e-06,0.44050075179254644,0.003316044807434082,0.008923470973968506,-0.41858920454978943,0.0,0.0,-0.4448910057544708,1.0,0.800000011920929,12.010491371154785,-0.11370229721069336,1.0000000|0.0000000|0.0000000|0.0000000|0.0000000|0.0000000|0.0000000|0.0000000|0.0000000|0.0000000,0,1.0,34.968646220351744,0,0,0,0,0,
cross_town,Town02,mixed,17,167,8.35,151.40260314941406,105.44043731689453,0.22167766094207764,179.96104431152344,1.5258785420708232e-05,500.13329088571624,3.0509436650674825e-06,0.0,5.326322183307752e-07,1.785283822140179e-06,0.44050422078287227,0.0018227100372314453,0.00871923565864563,-0.7680408954620361,0.0,0.0,-0.5248910188674927,0.9999653100967407,0.800000011920929,2.2674145698547363,0.4921450614929199,1.0000000|0.0000000|0.0000000|0.0000000|0.0000000|0.0000000|0.0000000|0.0000000|0.0000000|0.0000000,0,1.0,34.78297403188827,0,0,0,0,0,
cross_town,Town02,mixed,17,168,8.4,151.40260314941406,105.44043731689453,0.22167766094207764,179.96104431152344,1.5258785420708232e-05,500.13329088571624,3.0509436650674825e-06,0.0,5.326322183307752e-07,9.357407734373587e-07,0.44050075179248077,0.003316044807434082,0.008923470973968506,-0.41858941316604614,0.0,0.0,-0.4448910057544708,1.0,0.800000011920929,12.010458946228027,-0.11370217800140381,1.0000000|0.0000000|0.0000000|0.0000000|0.0000000|0.0000000|0.0000000|0.0000000|0.0000000|0.0000000,0,1.0,34.98700036159468,0,0,0,0,0,
cross_town,Town02,mixed,17,169,8.45,151.40260314941406,105.44043731689453,0.22167766094207764,179.96104431152344,1.5258785420708232e-05,500.13329088571624,3.0509436650674825e-06,0.0,5.326322183307752e-07,2.334600727575352e-06,0.44050422078261825,0.0018227100372314453,0.008719205856323242,-0.7680408954620361,0.0,0.0,-0.5248910188674927,0.9999653100967407,0.800000011920929,2.267423152923584,0.492145299911499,1.0000000|0.0000000|0.0000000|0.0000000|0.0000000|0.0000000|0.0000000|0.0000000|0.0000000|0.0000000,0,1.0,34.79556281688277,0,0,0,0,0,
cross_town,Town02,mixed,17,170,8.5,151.40260314941406,105.44043731689453,0.22167766094207764,179.96104431152344,1.5258785420708232e-05,500.13329088571624,3.0509436650674825e-06,0.0,5.326322183307752e-07,2.7466269995060496e-07,0.4405007517924807,0.003316044807434082,0.008923441171646118,-0.4185895621776581,0.0,0.0,-0.4448910057544708,1.0,0.800000011920929,12.010436058044434,-0.11370283365249634,1.0000000|0.0000000|0.0000000|0.0000000|0.0000000|0.0000000|0.0000000|0.0000000|0.0000000|0.0000000,0,1.0,35.000015318541564,0,0,0,0,0,
cross_town,Town02,mixed,17,171,8.55,151.40260314941406,105.44043731689453,0.22167766094207764,179.96104431152344,1.5258785420708232e-05,500.13329088571624,3.0509436650674825e-06,0.0,5.326322183307752e-07,6.179863120967022e-07,0.44050422078287244,0.0018227100372314453,0.00871923565864563,-0.7680407762527466,0.0,0.0,-0.5248910188674927,0.9999653100967407,0.800000011920929,2.2674262523651123,0.4921456575393677,1.0000000|0.0000000|0.0000000|0.0000000|0.0000000|0.0000000|0.0000000|0.0000000|0.0000000|0.0000000,0,1.0,34.809184038239614,0,0,0,0,0,
cross_town,Town02,mixed,17,172,8.6,151.40260314941406,105.44043731689453,0.22167766094207764,179.96104431152344,1.5258785420708232e-05,500.13329088571624,3.0509436650674825e-06,0.0,5.326322183307752e-07,8.241046771218475e-07,0.440500751792546,0.003316044807434082,0.008923470973968506,-0.41858911514282227,0.0,0.0,-0.4448910057544708,1.0,0.800000011920929,12.010478973388672,-0.11370277404785156,1.0000000|0.0000000|0.0000000|0.0000000|0.0000000|0.0000000|0.0000000|0.0000000|0.0000000|0.0000000,0,1.0,35.00576875316675,0,0,0,0,0,
cross_town,Town02,mixed,17,173,8.65,151.40260314941406,105.44043731689453,0.22167766094207764,179.96104431152344,1.5258785420708232e-05,500.13329088571624,3.0509436650674825e-06,0.0,5.326322183307752e-07,1.1672998925843778e-06,0.4405042207828702,0.0018227100372314453,0.00871923565864563,-0.7680408954620361,0.0,0.0,-0.5248910188674927,0.9999653100967407,0.800000011920929,2.2674241065979004,0.492145299911499,1.0000000|0.0000000|0.0000000|0.0000000|0.0000000|0.0000000|0.0000000|0.0000000|0.0000000|0.0000000,0,1.0,34.8124553974996,0,0,0,0,0,
cross_town,Town02,mixed,17,174,8.7,151.40260314941406,105.44043731689453,0.22167766094207764,179.96104431152344,1.5258785420708232e-05,500.13329088571624,3.0509436650674825e-06,0.0,5.326322183307752e-07,1.3733013346939127e-06,0.4405007517925461,0.003316044807434082,0.008923470973968506,-0.41858917474746704,0.0,0.0,-0.4448910057544708,1.0,0.800000011920929,12.01048755645752,-0.11370271444320679,1.0000000|0.0000000|0.0000000|0.0000000|0.0000000|0.0000000|0.0000000|0.0000000|0.0000000|0.0000000,0,1.0,35.0096115326493,0,0,0,0,0,
cross_town,Town02,mixed,17,175,8.75,151.40260314941406,105.44043731689453,0.22167766094207764,179.96104431152344,1.5258785420708232e-05,500.13329088571624,3.0509436650674825e-06,0.0,5.326322183307752e-07,1.6479575220037917e-06,0.44050422078287216,0.0018227100372314453,0.00871923565864563,-0.7680408954620361,0.0,0.0,-0.5248910188674927,0.9999653100967407,0.800000011920929,2.267426013946533,0.4921450614929199,1.0000000|0.0000000|0.0000000|0.0000000|0.0000000|0.0000000|0.0000000|0.0000000|0.0000000|0.0000000,0,1.0,34.81797661733938,0,0,0,0,0,
cross_town,Town02,mixed,17,176,8.8,151.40260314941406,105.44043731689453,0.22167766094207764,179.96104431152344,1.5258785420708232e-05,500.13329088571624,3.0509436650674825e-06,0.0,5.326322183307752e-07,1.991276499855238e-06,0.44050075179254644,0.003316044807434082,0.008923470973968506,-0.4185894727706909,0.0,0.0,-0.4448910057544708,1.0,0.800000011920929,12.01048755645752,-0.11370229721069336,1.0000000|0.0000000|0.0000000|0.0000000|0.0000000|0.0000000|0.0000000|0.0000000|0.0000000|0.0000000,0,1.0,35.02502258883286,0,0,0,0,0,
cross_town,Town02,mixed,17,177,8.85,151.40260314941406,105.44043731689453,0.22167766094207764,179.96104431152344,1.5258785420708232e-05,500.13329088571624,3.0509436650674825e-06,0.0,5.326322183307752e-07,2.265936152829492e-06,0.44050422078287244,0.0018227100372314453,0.008719205856323242,-0.7680408954620361,0.0,0.0,-0.5248910188674927,0.9999653100967407,0.800000011920929,2.267416477203369,0.4921450614929199,1.0000000|0.0000000|0.0000000|0.0000000|0.0000000|0.0000000|0.0000000|0.0000000|0.0000000|0.0000000,0,1.0,34.83353290657492,0,0,0,0,0,
cross_town,Town02,mixed,17,178,8.9,151.40260314941406,105.44043731689453,0.22167766094207764,179.96104431152344,1.5258785420708232e-05,500.13329088571624,3.0509436650674825e-06,0.0,5.326322183307752e-07,1.373348167947091e-07,0.44050075179254644,0.003316044807434082,0.008923441171646118,-0.41858962178230286,0.0,0.0,-0.4448910057544708,1.0,0.800000011920929,12.01042652130127,-0.11370307207107544,1.0000000|0.0000000|0.0000000|0.0000000|0.0000000|0.0000000|0.0000000|0.0000000|0.0000000|0.0000000,0,1.0,35.03861719080351,0,0,0,0,0,
cross_town,Town02,mixed,17,179,8.95,151.40260314941406,105.44043731689453,0.22167766094207764,179.96104431152344,1.5258785420708232e-05,500.13329088571624,3.0509436650674825e-06,0.0,5.326322183307752e-07,4.463203634485941e-07,0.44050422078287244,0.0018227100372314453,0.00871923565864563,-0.768040657043457,0.0,0.0,-0.5248910188674927,0.9999653100967407,0.800000011920929,2.2674219608306885,0.4921454191207886,1.0000000|0.0000000|0.0000000|0.0000000|0.0000000|0.0000000|0.0000000|0.0000000|0.0000000|0.0000000,0,1.0,34.856865208329204,0,0,0,0,0,
cross_town,Town02,mixed,17,180,9.0,151.40260314941406,105.44043731689453,0.22167766094207764,179.96104431152344,1.5258785420708232e-05,500.13329088571624,3.0509436650674825e-06,0.0,5.326322183307752e-07,6.181499119146868e-07,0.44050075179254555,0.003316044807434082,0.008923470973968506,-0.4185890555381775,0.0,0.0,-0.4448910057544708,1.0,0.800000011920929,12.010478973388672,-0.11370259523391724,1.0000000|0.0000000|0.0000000|0.0000000|0.0000000|0.0000000|0.0000000|0.0000000|0.0000000|0.0000000,0,1.0,35.065502807834015,0,0,0,0,0,
cross_town,Town02,mixed,17,181,9.05,151.40260314941406,105.44043731689453,0.22167766094207764,179.96104431152344,1.5258785420708232e-05,500.13329088571624,3.0509436650674825e-06,0.0,5.326322183307752e-07,9.613064682290142e-07,0.44050422078286977,0.0018227100372314453,0.00871923565864563,-0.7680408954620361,0.0,0.0,-0.5248910188674927,0.9999653100967407,0.800000011920929,2.267425775527954,0.4921450614929199,1.0000000|0.0000000|0.0000000|0.0000000|0.0000000|0.0000000|0.0000000|0.0000000|0.0000000|0.0000000,0,1.0,34.87783630353703,0,0,0,0,0,
cross_town,Town02,mixed,17,182,9.1,151.40260314941406,105.44043731689453,0.22167766094207764,179.96104431152344,1.5258785420708232e-05,500.13329088571624,3.0509436650674825e-06,0.0,5.326322183307752e-07,1.3046291382326158e-06,0.44050075179254594,0.003316044807434082,0.008923470973968506,-0.41858920454978943,0.0,0.0,-0.4448910057544708,1.0,0.800000011920929,12.010469436645508,-0.11370193958282471,1.0000000|0.0000000|0.0000000|0.0000000|0.0000000|0.0000000|0.0000000|0.0000000|0.0000000|0.0000000,0,1.0,35.08702896005302,0,0,0,0,0,
cross_town,Town02,mixed,17,183,9.15,151.40260314941406,105.44043731689453,0.22167766094207764,179.96104431152344,1.5258785420708232e-05,500.13329088571624,3.0509436650674825e-06,0.0,5.326322183307752e-07,3.9898877365448886e-07,0.44050422078280815,0.0018227100372314453,0.00871923565864563,-0.7680408954620361,0.0,0.0,-0.5248910188674927,0.9999653100967407,0.800000011920929,2.267432689666748,0.4921450614929199,1.0000000|0.0000000|0.0000000|0.0000000|0.0000000|0.0000000|0.0000000|0.0000000|0.0000000|0.0000000,0,1.0,34.890514606049244,0,0,0,0,0,
cross_town,Town02,mixed,17,184,9.2,151.40260314941406,105.44043731689453,0.22167766094207764,179.96104431152344,1.5258785420708232e-05,500.13329088571624,3.0509436650674825e-06,0.0,5.326322183307752e-07,1.7852843138149779e-06,0.44050075179229026,0.003316044807434082,0.008923470973968506,-0.4185890555381775,0.0,0.0,-0.4448910057544708,1.0,0.800000011920929,12.010478973388672,-0.11370259523391724,1.0000000|0.0000000|0.0000000|0.0000000|0.0000000|0.0000000|0.0000000|0.0000000|0.0000000|0.0000000,0,1.0,35.10686813541893,0,0,0,0,0,
cross_town,Town02,mixed,17,185,9.25,151.40260314941406,105.44043731689453,0.22167766094207764,179.96104431152344,1.5258785420708232e-05,500.13329088571624,3.0509436650674825e-06,0.0,5.326322183307752e-07,2.05999687422507e-06,0.44050422078282,0.0018227100372314453,0.00871923565864563,-0.7680408954620361,0.0,0.0,-0.5248910188674927,0.9999653100967407,0.800000011920929,2.26741099357605,0.4921451807022095,1.0000000|0.0000000|0.0000000|0.0000000|0.0000000|0.0000000|0.0000000|0.0000000|0.0000000|0.0000000,0,1.0,34.92098110251443,0,0,0,0,0,
cross_town,Town02,mixed,17,186,9.3,151.40260314941406,105.44043731689453,0.22167766094207764,179.96104431152344,1.5258785420708232e-05,500.13329088571624,3.0509436650674825e-06,0.0,5.326322183307752e-07,0.0,0.4405007517925435,0.003316044807434082,0.008923441171646118,-0.41858962178230286,0.0,0.0,-0.4448910057544708,1.0,0.800000011920929,12.010422706604004,-0.11370307207107544,1.0000000|0.0000000|0.0000000|0.0000000|0.0000000|0.0000000|0.0000000|0.0000000|0.0000000|0.0000000,0,1.0,35.13216759284059,0,0,0,0,0,
cross_town,Town02,mixed,17,187,9.35,151.40260314941406,105.44043731689453,0.22167766094207764,179.96104431152344,1.5258785420708232e-05,500.13329088571624,3.0509436650674825e-06,0.0,5.326322183307752e-07,3.433277418042024e-07,0.4405042207828714,0.0018227100372314453,0.00871923565864563,-0.7680405974388123,0.0,0.0,-0.5248910188674927,0.9999653100967407,0.800000011920929,2.2674217224121094,0.4921461343765259,1.0000000|0.0000000|0.0000000|0.0000000|0.0000000|0.0000000|0.0000000|0.0000000|0.0000000|0.0000000,0,1.0,34.94653567867675,0,0,0,0,0,
cross_town,Town02,mixed,17,188,9.4,151.40260314941406,105.44043731689453,0.22167766094207764,179.96104431152344,1.5258785420708232e-05,500.13329088571624,3.0509436650674825e-06,0.0,5.326322183307752e-07,5.638821184321175e-07,0.4405007517924835,0.003316044807434082,0.008923470973968506,-0.41858917474746704,0.0,0.0,-0.4448910057544708,1.0,0.800000011920929,12.010482788085938,-0.1137017011642456,1.0000000|0.0000000|0.0000000|0.0000000|0.0000000|0.0000000|0.0000000|0.0000000|0.0000000|0.0000000,0,1.0,35.15859043421521,0,0,0,0,0,
cross_town,Town02,mixed,17,189,9.45,151.40260314941406,105.44043731689453,0.22167766094207764,179.96104431152344,1.5258785420708232e-05,500.13329088571624,3.0509436650674825e-06,0.0,5.326322183307752e-07,8.926417591414861e-07,0.44050422078262547,0.0018227100372314453,0.00871923565864563,-0.7680408358573914,0.0,0.0,-0.5248910188674927,0.9999653100967407,0.800000011920929,2.267425060272217,0.492145299911499,1.0000000|0.0000000|0.0000000|0.0000000|0.0000000|0.0000000|0.0000000|0.0000000|0.0000000|0.0000000,0,1.0,34.96392237498141,0,0,0,0,0,
cross_town,Town02,mixed,17,190,9.5,151.40260314941406,105.44043731689453,0.22167766094207764,179.96104431152344,1.5258785420708232e-05,500.13329088571624,3.0509436650674825e-06,0.0,5.326322183307752e-07,1.2359643453968714e-06,0.440500751792485,0.003316044807434082,0.008923470973968506,-0.418589323759079,0.0,0.0,-0.4448910057544708,1.0,0.800000011920929,12.010464668273926,-0.11370265483856201,1.0000000|0.0000000|0.0000000|0.0000000|0.0000000|0.0000000|0.0000000|0.0000000|0.0000000|0.0000000,0,1.0,35.18329215140045,0,0,0,0,0,
cross_town,Town02,mixed,17,191,9.55,151.40260314941406,105.44043731689453,0.22167766094207764,179.96104431152344,1.5258785420708232e-05,500.13329088571624,3.0509436650674825e-06,0.0,5.326322183307752e-07,1.4762924936860771e-06,0.44050422078287244,0.0018227100372314453,0.00871923565864563,-0.7680408954620361,0.0,0.0,-0.5248910188674927,0.9999653100967407,0.800000011920929,2.2674317359924316,0.4921450614929199,1.0000000|0.0000000|0.0000000|0.0000000|0.0000000|0.0000000|0.0000000|0.0000000|0.0000000|0.0000000,0,1.0,34.99942249887926,0,0,0,0,0,
cross_town,Town02,mixed,17,192,9.6,151.40260314941406,105.44043731689453,0.22167766094207764,179.96104431152344,1.5258785420708232e-05,500.13329088571624,3.0509436650674825e-06,0.0,5.326322183307752e-07,1.7166250503650621e-06,0.4405007517925464,0.003316044807434082,0.008923470973968506,-0.41858938336372375,0.0,0.0,-0.4448910057544708,1.0,0.800000011920929,12.010477066040039,-0.11370229721069336,1.0000000|0.0000000|0.0000000|0.0000000|0.0000000|0.0000000|0.0000000|0.0000000|0.0000000|0.0000000,0,1.0,35.20036302962158,0,0,0,0,0,
cross_town,Town02,mixed,17,193,9.65,151.40260314941406,105.44043731689453,0.22167766094207764,179.96104431152344,1.5258785420708232e-05,500.13329088571624,3.0509436650674825e-06,0.0,5.326322183307752e-07,2.0599419077018863e-06,0.4405042207828724,0.0018227100372314453,0.00871923565864563,-0.7680408954620361,0.0,0.0,-0.5248910188674927,0.9999653100967407,0.800000011920929,2.2674174308776855,0.4921451807022095,1.0000000|0.0000000|0.0000000|0.0000000|0.0000000|0.0000000|0.0000000|0.0000000|0.0000000|0.0000000,0,1.0,35.025894458573035,0,0,0,0,0,
cross_town,Town02,mixed,17,194,9.7,151.40260314941406,105.44043731689453,0.22167766094207764,179.96104431152344,1.5258785420708232e-05,500.13329088571624,3.0509436650674825e-06,0.0,5.326322183307752e-07,2.3345993025649e-06,0.44050075179254655,0.003316044807434082,0.008923441171646118,-0.41858962178230286,0.0,0.0,-0.4448910057544708,1.0,0.800000011920929,12.010422706604004,-0.11370307207107544,1.0000000|0.0000000|0.0000000|0.0000000|0.0000000|0.0000000|0.0000000|0.0000000|0.0000000|0.0000000,0,1.0,35.2318811750547,0,0,0,0,0,
cross_town,Town02,mixed,17,195,9.75,151.40260314941406,105.44043731689453,0.22167766094207764,179.96104431152344,1.5258785420708232e-05,500.13329088571624,3.0509436650674825e-06,0.0,5.326322183307752e-07,2.0599884054679375e-07,0.44050422078287244,0.0018227100372314453,0.008719205856323242,-0.7680409550666809,0.0,0.0,-0.5248910188674927,0.9999653100967407,0.800000011920929,2.267421007156372,0.49214470386505127,1.0000000|0.0000000|0.0000000|0.0000000|0.0000000|0.0000000|0.0000000|0.0000000|0.0000000|0.0000000,0,1.0,35.05549115300957,0,0,0,0,0,
cross_town,Town02,mixed,17,196,9.8,151.40260314941406,105.44043731689453,0.22167766094207764,179.96104431152344,1.5258785420708232e-05,500.13329088571624,3.0509436650674825e-06,0.0,5.326322183307752e-07,5.493206588009492e-07,0.4405007517925465,0.003316044807434082,0.008923470973968506,-0.4185890257358551,0.0,0.0,-0.4448910057544708,1.0,0.800000011920929,12.010476112365723,-0.11370223760604858,1.0000000|0.0000000|0.0000000|0.0000000|0.0000000|0.0000000|0.0000000|0.0000000|0.0000000|0.0000000,0,1.0,35.27177643645834,0,0,0,0,0,
cross_town,Town02,mixed,17,197,9.85,151.40260314941406,105.44043731689453,0.22167766094207764,179.96104431152344,1.5258785420708232e-05,500.13329088571624,3.0509436650674825e-06,0.0,5.326322183307752e-07,8.239883905591925e-07,0.4405042207828725,0.0018227100372314453,0.00871923565864563,-0.7680408358573914,0.0,0.0,-0.5248910188674927,0.9999653100967407,0.800000011920929,2.267425298690796,0.492145299911499,1.0000000|0.0000000|0.0000000|0.0000000|0.0000000|0.0000000|0.0000000|0.0000000|0.0000000|0.0000000,0,1.0,35.08954231204171,0,0,0,0,0,
cross_town,Town02,mixed,17,198,9.9,151.40260314941406,105.44043731689453,0.22167766094207764,179.96104431152344,1.5258785420708232e-05,500.13329088571624,3.0509436650674825e-06,0.0,5.326322183307752e-07,1.029971548239147e-06,0.4405007517925462,0.003316044807434082,0.008923470973968506,-0.418589323759079,0.0,0.0,-0.4448910057544708,1.0,0.800000011920929,12.010475158691406,-0.11370265483856201,1.0000000|0.0000000|0.0000000|0.0000000|0.0000000|0.0000000|0.0000000|0.0000000|0.0000000|0.0000000,0,1.0,35.306631196573605,0,0,0,0,0,
cross_town,Town02,mixed,17,199,9.95,151.40260314941406,105.44043731689453,0.22167766094207764,179.96104431152344,1.5258785420708232e-05,500.13329088571624,3.0509436650674825e-06,0.0,5.326322183307752e-07,1.2359774123781944e-06,0.4405042207828724,0.0018227100372314453,0.00871923565864563,-0.7680408954620361,0.0,0.0,-0.5248910188674927,0.9999653100967407,0.800000011920929,2.267425298690796,0.4921448230743408,1.0000000|0.0000000|0.0000000|0.0000000|0.0000000|0.0000000|0.0000000|0.0000000|0.0000000|0.0000000,0,1.0,35.12507858835222,0,0,0,0,0,
cross_town,Town02,mixed,17,200,10.0,151.40260314941406,105.44043731689453,0.22167766094207764,179.96104431152344,1.5258785420708232e-05,500.13329088571624,3.0509436650674825e-06,0.0,5.326322183307752e-07,1.510699995361102e-06,0.4405007517925459,0.003316044807434082,0.008923470973968506,-0.41858920454978943,0.0,0.0,-0.4448910057544708,1.0,0.800000011920929,12.010491371154785,-0.11370229721069336,1.0000000|0.0000000|0.0000000|0.0000000|0.0000000|0.0000000|0.0000000|0.0000000|0.0000000|0.0000000,0,1.0,35.34331143170807,0,0,0,0,0,
cross_town,Town02,mixed,17,201,10.05,151.40260314941406,105.44043731689453,0.22167766094207764,179.96104431152344,1.5258785420708232e-05,500.13329088571624,3.0509436650674825e-06,0.0,5.326322183307752e-07,1.853949112342054e-06,0.44050422078286994,0.0018227100372314453,0.00871923565864563,-0.7680408954620361,0.0,0.0,-0.5248910188674927,0.9999653100967407,0.800000011920929,2.2674145698547363,0.4921450614929199,1.0000000|0.0000000|0.0000000|0.0000000|0.0000000|0.0000000|0.0000000|0.0000000|0.0000000|0.0000000,0,1.0,35.16249615226696,0,0,0,0,0,
cross_town,Town02,mixed,17,202,10.1,151.40260314941406,105.44043731689453,0.22167766094207764,179.96104431152344,1.5258785420708232e-05,500.13329088571624,3.0509436650674825e-06,0.0,5.326322183307752e-07,2.1286614259196705e-06,0.4405007517925441,0.003316044807434082,0.008923470973968506,-0.41858971118927,0.0,0.0,-0.4448910057544708,1.0,0.800000011920929,12.010438919067383,-0.11370205879211426,1.0000000|0.0000000|0.0000000|0.0000000|0.0000000|0.0000000|0.0000000|0.0000000|0.0000000|0.0000000,0,1.0,35.391598464435,0,0,0,0,0,
cross_town,Town02,mixed,17,203,10.15,151.40260314941406,105.44043731689453,0.22167766094207764,179.96104431152344,1.5258785420708232e-05,500.13329088571624,3.0509436650674825e-06,0.0,5.326322183307752e-07,6.867210580112283e-08,0.44050422078286955,0.0018227100372314453,0.008719205856323242,-0.7680408954620361,0.0,0.0,-0.5248910188674927,0.9999653100967407,0.800000011920929,2.267416477203369,0.4921451807022095,1.0000000|0.0000000|0.0000000|0.0000000|0.0000000|0.0000000|0.0000000|0.0000000|0.0000000|0.0000000,0,1.0,35.204819122993875,0,0,0,0,0,
cross_town,Town02,mixed,17,204,10.2,151.40260314941406,105.44043731689453,0.22167766094207764,179.96104431152344,1.5258785420708232e-05,500.13329088571624,3.0509436650674825e-06,0.0,5.326322183307752e-07,4.119913257293534e-07,0.44050075179254566,0.003316044807434082,0.008923470973968506,-0.4185889959335327,0.0,0.0,-0.4448910057544708,1.0,0.800000011920929,12.010480880737305,-0.11370229721069336,1.0000000|0.0000000|0.0000000|0.0000000|0.0000000|0.0000000|0.0000000|0.0000000|0.0000000|0.0000000,0,1.0,35.42517264313282,0,0,0,0,0,
cross_town,Town02,mixed,17,205,10.25,151.40260314941406,105.44043731689453,0.22167766094207764,179.96104431152344,1.5258785420708232e-05,500.13329088571624,3.0509436650674825e-06,0.0,5.326322183307752e-07,3.984597577119472e-07,0.4405042207828106,0.0018227100372314453,0.008719205856323242,-0.7680409550666809,0.0,0.0,-0.5248910188674927,0.9999653100967407,0.800000011920929,2.26741623878479,0.4921457767486572,1.0000000|0.0000000|0.0000000|0.0000000|0.0000000|0.0000000|0.0000000|0.0000000|0.0000000|0.0000000,0,1.0,35.24580379057475,0,0,0,0,0,
cross_town,Town02,mixed,17,206,10.3,151.40260314941406,105.44043731689453,0.22167766094207764,179.96104431152344,1.5258785420708232e-05,500.13329088571624,3.0509436650674825e-06,0.0,5.326322183307752e-07,1.029974104412225e-06,0.44050075179229986,0.003316044807434082,0.008923470973968506,-0.4185890555381775,0.0,0.0,-0.4448910057544708,1.0,0.800000011920929,12.010480880737305,-0.11370259523391724,1.0000000|0.0000000|0.0000000|0.0000000|0.0000000|0.0000000|0.0000000|0.0000000|0.0000000|0.0000000,0,1.0,35.46766215442606,0,0,0,0,0,
cross_town,Town02,mixed,17,207,10.35,151.40260314941406,105.44043731689453,0.22167766094207764,179.96104431152344,1.5258785420708232e-05,500.13329088571624,3.0509436650674825e-06,0.0,5.326322183307752e-07,1.2702948743373857e-06,0.44050422078280854,0.0018227100372314453,0.00871923565864563,-0.7680408954620361,0.0,0.0,-0.5248910188674927,0.9999653100967407,0.800000011920929,2.267425298690796,0.4921448230743408,1.0000000|0.0000000|0.0000000|0.0000000|0.0000000|0.0000000|0.0000000|0.0000000|0.0000000|0.0000000,0,1.0,35.289096242142094,0,0,0,0,0,
cross_town,Town02,mixed,17,208,10.4,151.40260314941406,105.44043731689453,0.22167766094207764,179.96104431152344,1.5258785420708232e-05,500.13329088571624,3.0509436650674825e-06,0.0,5.326322183307752e-07,3.346959973138432e-07,0.4405007517924868,0.003316044807434082,0.008923470973968506,-0.41858920454978943,0.0,0.0,-0.4448910057544708,1.0,0.800000011920929,12.010488510131836,-0.11370229721069336,1.0000000|0.0000000|0.0000000|0.0000000|0.0000000|0.0000000|0.0000000|0.0000000|0.0000000|0.0000000,0,1.0,35.512204407730984,0,0,0,0,0,
cross_town,Town02,mixed,17,209,10.45,151.40260314941406,105.44043731689453,0.22167766094207764,179.96104431152344,1.5258785420708232e-05,500.13329088571624,3.0509436650674825e-06,0.0,5.326322183307752e-07,1.7166223770223532e-06,0.44050422078262147,0.0018227100372314453,0.008719205856323242,-0.7680409550666809,0.0,0.0,-0.5248910188674927,0.9999653100967407,0.800000011920929,2.267423629760742,0.4921457767486572,1.0000000|0.0000000|0.0000000|0.0000000|0.0000000|0.0000000|0.0000000|0.0000000|0.0000000|0.0000000,0,1.0,35.334364653981076,0,0,0,0,0,
cross_town,Town02,mixed,17,210,10.5,151.40260314941406,105.44043731689453,0.22167766094207764,179.96104431152344,1.5258785420708232e-05,500.13329088571624,3.0509436650674825e-06,0.0,5.326322183307752e-07,2.027987994708645e-06,0.44050075179253984,0.003316044807434082,0.008923470973968506,-0.41858941316604614,0.0,0.0,-0.4448910057544708,1.0,0.800000011920929,12.010473251342773,-0.11370217800140381,1.0000000|0.0000000|0.0000000|0.0000000|0.0000000|0.0000000|0.0000000|0.0000000|0.0000000|0.0000000,0,1.0,35.5587244158416,0,0,0,0,0,
cross_town,Town02,mixed,17,211,10.55,151.40260314941406,105.44043731689453,0.22167766094207764,179.96104431152344,1.5258785420708232e-05,500.13329088571624,3.0509436650674825e-06,0.0,5.326322183307752e-07,2.334598968781393e-06,0.44050422078273643,0.0018227100372314453,0.008719205856323242,-0.7680408954620361,0.0,0.0,-0.5248910188674927,0.9999653100967407,0.800000011920929,2.267416477203369,0.4921450614929199,1.0000000|0.0000000|0.0000000|0.0000000|0.0000000|0.0000000|0.0000000|0.0000000|0.0000000|0.0000000,0,1.0,35.381633231003455,0,0,0,0,0,
cross_town,Town02,mixed,17,212,10.6,151.40260314941406,105.44043731689453,0.22167766094207764,179.96104431152344,1.5258785420708232e-05,500.13329088571624,3.0509436650674825e-06,0.0,5.326322183307752e-07,2.7466269995119746e-07,0.44050075179251397,0.003316044807434082,0.008923441171646118,-0.4185895621776581,0.0,0.0,-0.4448910057544708,1.0,0.800000011920929,12.010436058044434,-0.11370283365249634,1.0000000|0.0000000|0.0000000|0.0000000|0.0000000|0.0000000|0.0000000|0.0000000|0.0000000|0.0000000,0,1.0,35.6072943213895,0,0,0,0,0,
cross_town,Town02,mixed,17,213,10.65,151.40260314941406,105.44043731689453,0.22167766094207764,179.96104431152344,1.5258785420708232e-05,500.13329088571624,3.0509436650674825e-06,0.0,5.326322183307752e-07,5.917660316190781e-07,0.4405042207828371,0.0018227100372314453,0.00871923565864563,-0.7680407762527466,0.0,0.0,-0.5248910188674927,0.9999653100967407,0.800000011920929,2.2674262523651123,0.4921456575393677,1.0000000|0.0000000|0.0000000|0.0000000|0.0000000|0.0000000|0.0000000|0.0000000|0.0000000|0.0000000,0,1.0,35.43097365218725,0,0,0,0,0,
cross_town,Town02,mixed,17,214,10.7,151.40260314941406,105.44043731689453,0.22167766094207764,179.96104431152344,1.5258785420708232e-05,500.13329088571624,3.0509436650674825e-06,0.0,5.326322183307752e-07,8.926452161570482e-07,0.44050075179241094,0.003316044807434082,0.008923470973968506,-0.41858911514282227,0.0,0.0,-0.4448910057544708,1.0,0.800000011920929,12.010482788085938,-0.11370277404785156,1.0000000|0.0000000|0.0000000|0.0000000|0.0000000|0.0000000|0.0000000|0.0000000|0.0000000|0.0000000,0,1.0,35.65796840968304,0,0,0,0,0,
cross_town,Town02,mixed,17,215,10.75,151.40260314941406,105.44043731689453,0.22167766094207764,179.96104431152344,1.5258785420708232e-05,500.13329088571624,3.0509436650674825e-06,0.0,5.326322183307752e-07,1.0643057647589113e-06,0.44050422078284096,0.0018227100372314453,0.008719205856323242,-0.7680408954620361,0.0,0.0,-0.5248910188674927,0.9999653100967407,0.800000011920929,2.2674241065979004,0.492145299911499,1.0000000|0.0000000|0.0000000|0.0000000|0.0000000|0.0000000|0.0000000|0.0000000|0.0000000|0.0000000,0,1.0,35.48241733550483,0,0,0,0,0,
cross_town,Town02,mixed,17,216,10.8,151.40260314941406,105.44043731689453,0.22167766094207764,179.96104431152344,1.5258785420708232e-05,500.13329088571624,3.0509436650674825e-06,0.0,5.326322183307752e-07,1.3046413170551486e-06,0.44050075179254644,0.003316044807434082,0.008923470973968506,-0.41858941316604614,0.0,0.0,-0.4448910057544708,1.0,0.800000011920929,12.010510444641113,-0.11370223760604858,1.0000000|0.0000000|0.0000000|0.0000000|0.0000000|0.0000000|0.0000000|0.0000000|0.0000000|0.0000000,0,1.0,35.71078122214673,0,0,0,0,0,
cross_town,Town02,mixed,17,217,10.85,151.40260314941406,105.44043731689453,0.22167766094207764,179.96104431152344,1.5258785420708232e-05,500.13329088571624,3.0509436650674825e-06,0.0,5.326322183307752e-07,1.579295442501444e-06,0.44050422078287244,0.0018227100372314453,0.00871923565864563,-0.7680408954620361,0.0,0.0,-0.5248910188674927,0.9999653100967407,0.800000011920929,2.267432689666748,0.4921450614929199,1.0000000|0.0000000|0.0000000|0.0000000|0.0000000|0.0000000|0.0000000|0.0000000|0.0000000|0.0000000,0,1.0,35.53603297841682,0,0,0,0,0,
cross_town,Town02,mixed,17,218,10.9,151.40260314941406,105.44043731689453,0.22167766094207764,179.96104431152344,1.5258785420708232e-05,500.13329088571624,3.0509436650674825e-06,0.0,5.326322183307752e-07,1.922613961367364e-06,0.4405007517925465,0.003316044807434082,0.008923470973968506,-0.4185894727706909,0.0,0.0,-0.4448910057544708,1.0,0.800000011920929,12.01048469543457,-0.11370229721069336,1.0000000|0.0000000|0.0000000|0.0000000|0.0000000|0.0000000|0.0000000|0.0000000|0.0000000|0.0000000,0,1.0,35.769234581391274,0,0,0,0,0,
cross_town,Town02,mixed,17,219,10.95,151.40260314941406,105.44043731689453,0.22167766094207764,179.96104431152344,1.5258785420708232e-05,500.13329088571624,3.0509436650674825e-06,0.0,5.326322183307752e-07,2.197272237664218e-06,0.44050422078287244,0.0018227100372314453,0.008719205856323242,-0.7680408954620361,0.0,0.0,-0.5248910188674927,0.9999653100967407,0.800000011920929,2.267421007156372,0.49214470386505127,1.0000000|0.0000000|0.0000000|0.0000000|0.0000000|0.0000000|0.0000000|0.0000000|0.0000000|0.0000000,0,1.0,35.6250094108157,0,0,0,0,0,
cross_town,Town02,mixed,17,220,11.0,151.40260314941406,105.44043731689453,0.22167766094207764,179.96104431152344,1.5258785420708232e-05,500.13329088571624,3.0509436650674825e-06,0.0,5.326322183307752e-07,1.373348167938213e-07,0.44050075179254644,0.003316044807434082,0.008923441171646118,-0.41858962178230286,0.0,0.0,-0.4448910057544708,1.0,0.800000011920929,12.010446548461914,-0.11370307207107544,1.0000000|0.0000000|0.0000000|0.0000000|0.0000000|0.0000000|0.0000000|0.0000000|0.0000000|0.0000000,0,1.0,35.946934474663884,0,0,0,0,0,
cross_town,Town02,mixed,17,221,11.05,151.40260314941406,105.44043731689453,0.22167766094207764,179.96104431152344,1.5258785420708232e-05,500.13329088571624,3.0509436650674825e-06,0.0,5.326322183307752e-07,4.80656698301116e-07,0.44050422078287244,0.0018227100372314453,0.00871923565864563,-0.768040657043457,0.0,0.0,-0.5248910188674927,0.9999653100967407,0.800000011920929,2.2674219608306885,0.4921454191207886,1.0000000|0.0000000|0.0000000|0.0000000|0.0000000|0.0000000|0.0000000|0.0000000|0.0000000|0.0000000,0,1.0,35.936372443091976,0,0,0,0,0,
cross_town,Town02,mixed,17,222,11.1,151.40260314941406,105.44043731689453,0.22167766094207764,179.96104431152344,1.5258785420708232e-05,500.13329088571624,3.0509436650674825e-06,0.0,5.326322183307752e-07,3.340236201521323e-07,0.44050075179248466,0.003316044807434082,0.008923470973968506,-0.41858911514282227,0.0,0.0,-0.4448910057544708,1.0,0.800000011920929,12.010488510131836,-0.11370211839675903,1.0000000|0.0000000|0.0000000|0.0000000|0.0000000|0.0000000|0.0000000|0.0000000|0.0000000|0.0000000,0,1.0,36.42590129069586,0,0,0,0,0,
cross_town,Town02,mixed,17,223,11.15,151.40260314941406,105.44043731689453,0.22167766094207764,179.96104431152344,1.5258785420708232e-05,500.13329088571624,3.0509436650674825e-06,0.0,5.326322183307752e-07,1.0986405706347302e-06,0.4405042207826255,0.0018227100372314453,0.008719205856323242,-0.7680409550666809,0.0,0.0,-0.5248910188674927,0.9999653100967407,0.800000011920929,2.267422914505005,0.4921457767486572,1.0000000|0.0000000|0.0000000|0.0000000|0.0000000|0.0000000|0.0000000|0.0000000|0.0000000|0.0000000,0,1.0,36.548150581875746,0,0,0,0,0,
cross_town,Town02,mixed,17,224,11.2,151.40260314941406,105.44043731689453,0.22167766094207764,179.96104431152344,1.5258785420708232e-05,500.13329088571624,3.0509436650674825e-06,0.0,5.326322183307752e-07,1.2702988637052006e-06,0.44050075179248194,0.003316044807434082,0.008923470973968506,-0.41858941316604614,0.0,0.0,-0.4448910057544708,1.0,0.800000011920929,12.01050090789795,-0.11370223760604858,1.0000000|0.0000000|0.0000000|0.0000000|0.0000000|0.0000000|0.0000000|0.0000000|0.0000000|0.0000000,0,1.0,37.15719971327199,0,0,0,0,0,
cross_town,Town02,mixed,17,225,11.25,151.40260314941406,105.44043731689453,0.22167766094207764,179.96104431152344,1.5258785420708232e-05,500.13329088571624,3.0509436650674825e-06,0.0,5.326322183307752e-07,3.3495779950009046e-07,0.44050422078281265,0.0018227100372314453,0.00871923565864563,-0.7680408954620361,0.0,0.0,-0.5248910188674927,0.9999653100967407,0.800000011920929,2.267432689666748,0.4921450614929199,1.0000000|0.0000000|0.0000000|0.0000000|0.0000000|0.0000000|0.0000000|0.0000000|0.0000000|0.0000000,0,1.0,37.3460686036299,0,0,0,0,0,
cross_town,Town02,mixed,17,226,11.3,151.40260314941406,105.44043731689453,0.22167766094207764,179.96104431152344,1.5258785420708232e-05,500.13329088571624,3.0509436650674825e-06,0.0,5.326322183307752e-07,1.716631088126001e-06,0.44050075179229337,0.003316044807434082,0.008923470973968506,-0.41858917474746704,0.0,0.0,-0.4448910057544708,1.0,0.800000011920929,12.010482788085938,-0.1137017011642456,1.0000000|0.0000000|0.0000000|0.0000000|0.0000000|0.0000000|0.0000000|0.0000000|0.0000000|0.0000000,0,1.0,38.03018232527887,0,0,0,0,0,
cross_town,Town02,mixed,17,227,11.35,151.40260314941406,105.44043731689453,0.22167766094207764,179.96104431152344,1.5258785420708232e-05,500.13329088571624,3.0509436650674825e-06,0.0,5.326322183307752e-07,2.027953061282275e-06,0.4405042207828659,0.0018227100372314453,0.00871923565864563,-0.7680408954620361,0.0,0.0,-0.5248910188674927,0.9999653100967407,0.800000011920929,2.2674174308776855,0.4921451807022095,1.0000000|0.0000000|0.0000000|0.0000000|0.0000000|0.0000000|0.0000000|0.0000000|0.0000000|0.0000000,0,1.0,38.19503061953892,0,0,0,0,0,
cross_town,Town02,mixed,17,228,11.4,151.40260314941406,105.44043731689453,0.22167766094207764,179.96104431152344,1.5258785420708232e-05,500.13329088571624,3.0509436650674825e-06,0.0,5.326322183307752e-07,0.0,0.44050075179240816,0.003316044807434082,0.008923470973968506,-0.4185894727706909,0.0,0.0,-0.4448910057544708,1.0,0.800000011920929,12.010436058044434,-0.11370253562927246,1.0000000|0.0000000|0.0000000|0.0000000|0.0000000|0.0000000|0.0000000|0.0000000|0.0000000|0.0000000,0,1.0,38.84463814683829,0,0,0,0,0,
cross_town,Town02,mixed,17,229,11.45,151.40260314941406,105.44043731689453,0.22167766094207764,179.96104431152344,1.5258785420708232e-05,500.13329088571624,3.0509436650674825e-06,0.0,5.326322183307752e-07,3.433277418014491e-07,0.440504220782836,0.0018227100372314453,0.00871923565864563,-0.7680405974388123,0.0,0.0,-0.5248910188674927,0.9999653100967407,0.800000011920929,2.2674217224121094,0.4921461343765259,1.0000000|0.0000000|0.0000000|0.0000000|0.0000000|0.0000000|0.0000000|0.0000000|0.0000000|0.0000000,0,1.0,38.93863087389596,0,0,0,0,0,
cross_town,Town02,mixed,17,230,11.5,151.40260314941406,105.44043731689453,0.22167766094207764,179.96104431152344,1.5258785420708232e-05,500.13329088571624,3.0509436650674825e-06,0.0,5.326322183307752e-07,6.866511615336469e-07,0.44050075179254655,0.003316044807434082,0.008923470973968506,-0.41858917474746704,0.0,0.0,-0.4448910057544708,1.0,0.800000011920929,12.010482788085938,-0.1137017011642456,1.0000000|0.0000000|0.0000000|0.0000000|0.0000000|0.0000000|0.0000000|0.0000000|0.0000000|0.0000000,0,1.0,39.544448313292015,0,0,0,0,0,
cross_town,Town02,mixed,17,231,11.55,151.40260314941406,105.44043731689453,0.22167766094207764,179.96104431152344,1.5258785420708232e-05,500.13329088571624,3.0509436650674825e-06,0.0,5.326322183307752e-07,9.613121541025552e-07,0.4405042207828725,0.0018227100372314453,0.00871923565864563,-0.7680408954620361,0.0,0.0,-0.5248910188674927,0.9999653100967407,0.800000011920929,2.267425775527954,0.4921450614929199,1.0000000|0.0000000|0.0000000|0.0000000|0.0000000|0.0000000|0.0000000|0.0000000|0.0000000|0.0000000,0,1.0,39.56910485930507,0,0,0,0,0,
cross_town,Town02,mixed,17,232,11.6,151.40260314941406,105.44043731689453,0.22167766094207764,179.96104431152344,1.5258785420708232e-05,500.13329088571624,3.0509436650674825e-06,0.0,5.326322183307752e-07,1.3046335554926192e-06,0.44050075179254655,0.003316044807434082,0.008923470973968506,-0.41858920454978943,0.0,0.0,-0.4448910057544708,1.0,0.800000011920929,12.010469436645508,-0.11370193958282471,1.0000000|0.0000000|0.0000000|0.0000000|0.0000000|0.0000000|0.0000000|0.0000000|0.0000000|0.0000000,0,1.0,40.1720120767842,0,0,0,0,0,
cross_town,Town02,mixed,17,233,11.65,151.40260314941406,105.44043731689453,0.22167766094207764,179.96104431152344,1.5258785420708232e-05,500.13329088571624,3.0509436650674825e-06,0.0,5.326322183307752e-07,1.5449526989261894e-06,0.44050422078287244,0.0018227100372314453,0.00871923565864563,-0.7680408954620361,0.0,0.0,-0.5248910188674927,0.9999653100967407,0.800000011920929,2.267432689666748,0.4921450614929199,1.0000000|0.0000000|0.0000000|0.0000000|0.0000000|0.0000000|0.0000000|0.0000000|0.0000000|0.0000000,0,1.0,40.18121550995968,0,0,0,0,0,
cross_town,Town02,mixed,17,234,11.7,151.40260314941406,105.44043731689453,0.22167766094207764,179.96104431152344,1.5258785420708232e-05,500.13329088571624,3.0509436650674825e-06,0.0,5.326322183307752e-07,1.6822891311313255e-06,0.44050075179254655,0.003316044807434082,0.008923470973968506,-0.4185894727706909,0.0,0.0,-0.4448910057544708,1.0,0.800000011920929,12.010473251342773,-0.11370229721069336,1.0000000|0.0000000|0.0000000|0.0000000|0.0000000|0.0000000|0.0000000|0.0000000|0.0000000|0.0000000,0,1.0,40.778831924645154,0,0,0,0,0,
cross_town,Town02,mixed,17,235,11.75,151.40260314941406,105.44043731689453,0.22167766094207764,179.96104431152344,1.5258785420708232e-05,500.13329088571624,3.0509436650674825e-06,0.0,5.326322183307752e-07,1.922623282125568e-06,0.44050422078287244,0.0018227100372314453,0.00871923565864563,-0.7680408954620361,0.0,0.0,-0.5248910188674927,0.9999653100967407,0.800000011920929,2.267418622970581,0.4921451807022095,1.0000000|0.0000000|0.0000000|0.0000000|0.0000000|0.0000000|0.0000000|0.0000000|0.0000000|0.0000000,0,1.0,40.774877015053576,0,0,0,0,0,
cross_town,Town02,mixed,17,236,11.8,151.40260314941406,105.44043731689453,0.22167766094207764,179.96104431152344,1.5258785420708232e-05,500.13329088571624,3.0509436650674825e-06,0.0,5.326322183307752e-07,2.197277641445319e-06,0.4405007517925465,0.003316044807434082,0.008923470973968506,-0.41858971118927,0.0,0.0,-0.4448910057544708,1.0,0.800000011920929,12.010438919067383,-0.11370205879211426,1.0000000|0.0000000|0.0000000|0.0000000|0.0000000|0.0000000|0.0000000|0.0000000|0.0000000|0.0000000,0,1.0,41.42483293558589,0,0,0,0,0,
cross_town,Town02,mixed,17,237,11.85,151.40260314941406,105.44043731689453,0.22167766094207764,179.96104431152344,1.5258785420708232e-05,500.13329088571624,3.0509436650674825e-06,0.0,5.326322183307752e-07,2.0599884054607475e-07,0.4405042207828723,0.0018227100372314453,0.008719205856323242,-0.7680408954620361,0.0,0.0,-0.5248910188674927,0.9999653100967407,0.800000011920929,2.267416477203369,0.4921451807022095,1.0000000|0.0000000|0.0000000|0.0000000|0.0000000|0.0000000|0.0000000|0.0000000|0.0000000|0.0000000,0,1.0,41.44197479354406,0,0,0,0,0,
cross_town,Town02,mixed,17,238,11.9,151.40260314941406,105.44043731689453,0.22167766094207764,179.96104431152344,1.5258785420708232e-05,500.13329088571624,3.0509436650674825e-06,0.0,5.326322183307752e-07,5.493206587952451e-07,0.4405007517925464,0.003316044807434082,0.008923470973968506,-0.4185890257358551,0.0,0.0,-0.4448910057544708,1.0,0.800000011920929,12.010476112365723,-0.11370223760604858,1.0000000|0.0000000|0.0000000|0.0000000|0.0000000|0.0000000|0.0000000|0.0000000|0.0000000|0.0000000,0,1.0,42.14719320053806,0,0,0,0,0,
cross_town,Town02,mixed,17,239,11.95,151.40260314941406,105.44043731689453,0.22167766094207764,179.96104431152344,1.5258785420708232e-05,500.13329088571624,3.0509436650674825e-06,0.0,5.326322183307752e-07,8.241166414169396e-07,0.4405042207828719,0.0018227100372314453,0.00871923565864563,-0.7680408358573914,0.0,0.0,-0.5248910188674927,0.9999653100967407,0.800000011920929,2.267425298690796,0.492145299911499,1.0000000|0.0000000|0.0000000|0.0000000|0.0000000|0.0000000|0.0000000|0.0000000|0.0000000|0.0000000,0,1.0,42.18061044767278,0,0,0,0,0,
cross_town,Town02,mixed,17,240,12.0,151.40260314941406,105.44043731689453,0.22167766094207764,179.96104431152344,1.5258785420708232e-05,500.13329088571624,3.0509436650674825e-06,0.0,5.326322183307752e-07,1.1329655928165295e-06,0.44050075179254367,0.003316044807434082,0.008923470973968506,-0.418589323759079,0.0,0.0,-0.4448910057544708,1.0,0.800000011920929,12.010475158691406,-0.11370265483856201,1.0000000|0.0000000|0.0000000|0.0000000|0.0000000|0.0000000|0.0000000|0.0000000|0.0000000|0.0000000,0,1.0,42.93167341851568,0,0,0,0,0,
cross_town,Town02,mixed,17,241,12.05,151.40260314941406,105.44043731689453,0.22167766094207764,179.96104431152344,1.5258785420708232e-05,500.13329088571624,3.0509436650674825e-06,0.0,5.326322183307752e-07,1.3046333070434689e-06,0.44050422078287177,0.0018227100372314453,0.00871923565864563,-0.768040657043457,0.0,0.0,-0.5248910188674927,0.9999653100967407,0.800000011920929,2.267429828643799,0.4921451807022095,1.0000000|0.0000000|0.0000000|0.0000000|0.0000000|0.0000000|0.0000000|0.0000000|0.0000000|0.0000000,0,1.0,42.96307781670709,0,0,0,0,0,
cross_town,Town02,mixed,17,242,12.1,151.40260314941406,105.44043731689453,0.22167766094207764,179.96104431152344,1.5258785420708232e-05,500.13329088571624,3.0509436650674825e-06,0.0,5.326322183307752e-07,1.4794538727381021e-06,0.44050075179251075,0.003316044807434082,0.008923470973968506,-0.41858920454978943,0.0,0.0,-0.4448910057544708,1.0,0.800000011920929,12.010482788085938,-0.11370229721069336,1.0000000|0.0000000|0.0000000|0.0000000|0.0000000|0.0000000|0.0000000|0.0000000|0.0000000|0.0000000,0,1.0,43.733030755869315,0,0,0,0,0,
cross_town,Town02,mixed,17,243,12.15,151.40260314941406,105.44043731689453,0.22167766094207764,179.96104431152344,1.5258785420708232e-05,500.13329088571624,3.0509436650674825e-06,0.0,5.326322183307752e-07,1.7852918423647624e-06,0.4405042207827355,0.0018227100372314453,0.00871923565864563,-0.7680408954620361,0.0,0.0,-0.5248910188674927,0.9999653100967407,0.800000011920929,2.2674145698547363,0.4921450614929199,1.0000000|0.0000000|0.0000000|0.0000000|0.0000000|0.0000000|0.0000000|0.0000000|0.0000000|0.0000000,0,1.0,43.37744538611238,0,0,0,0,0,
cross_town,Town02,mixed,17,244,12.2,151.40260314941406,105.44043731689453,0.22167766094207764,179.96104431152344,1.5258785420708232e-05,500.13329088571624,3.0509436650674825e-06,0.0,5.326322183307752e-07,2.0599995968309203e-06,0.4405007517925027,0.003316044807434082,0.008923470973968506,-0.41858941316604614,0.0,0.0,-0.4448910057544708,1.0,0.800000011920929,12.010458946228027,-0.11370217800140381,1.0000000|0.0000000|0.0000000|0.0000000|0.0000000|0.0000000|0.0000000|0.0000000|0.0000000|0.0000000,0,1.0,43.86283696855948,0,0,0,0,0,
cross_town,Town02,mixed,17,245,12.25,151.40260314941406,105.44043731689453,0.22167766094207764,179.96104431152344,1.5258785420708232e-05,500.13329088571624,3.0509436650674825e-06,0.0,5.326322183307752e-07,6.867210580102073e-08,0.4405042207828696,0.0018227100372314453,0.008719205856323242,-0.7680408954620361,0.0,0.0,-0.5248910188674927,0.9999653100967407,0.800000011920929,2.267416477203369,0.4921451807022095,1.0000000|0.0000000|0.0000000|0.0000000|0.0000000|0.0000000|0.0000000|0.0000000|0.0000000|0.0000000,0,1.0,47.620663806143625,0,0,0,0,0,
cross_town,Town02,mixed,17,246,12.3,151.40260314941406,105.44043731689453,0.22167766094207764,179.96104431152344,1.5258785420708232e-05,500.13329088571624,3.0509436650674825e-06,0.0,5.326322183307752e-07,4.1199132572836343e-07,0.44050075179254566,0.003316044807434082,0.008923470973968506,-0.4185889959335327,0.0,0.0,-0.4448910057544708,1.0,0.800000011920929,12.010480880737305,-0.11370229721069336,1.0000000|0.0000000|0.0000000|0.0000000|0.0000000|0.0000000|0.0000000|0.0000000|0.0000000|0.0000000,0,1.0,51.74389855139369,0,0,0,0,0,
cross_town,Town02,mixed,17,247,12.35,151.40260314941406,105.44043731689453,0.22167766094207764,179.96104431152344,1.5258785420708232e-05,500.13329088571624,3.0509436650674825e-06,0.0,5.326322183307752e-07,7.553155515887602e-07,0.4405042207828725,0.0018227100372314453,0.008719205856323242,-0.7680409550666809,0.0,0.0,-0.5248910188674927,0.9999653100967407,0.800000011920929,2.26741623878479,0.4921457767486572,1.0000000|0.0000000|0.0000000|0.0000000|0.0000000|0.0000000|0.0000000|0.0000000|0.0000000|0.0000000,0,1.0,53.18157313591231,0,0,0,0,0,
cross_town,Town02,mixed,17,248,12.4,151.40260314941406,105.44043731689453,0.22167766094207764,179.96104431152344,1.5258785420708232e-05,500.13329088571624,3.0509436650674825e-06,0.0,5.326322183307752e-07,1.029974831690293e-06,0.44050075179254655,0.003316044807434082,0.008923470973968506,-0.418589323759079,0.0,0.0,-0.4448910057544708,1.0,0.800000011920929,12.010477066040039,-0.11370265483856201,1.0000000|0.0000000|0.0000000|0.0000000|0.0000000|0.0000000|0.0000000|0.0000000|0.0000000|0.0000000,0,1.0,55.22489999411793,0,0,0,0,0,
cross_town,Town02,mixed,17,249,12.45,151.40260314941406,105.44043731689453,0.22167766094207764,179.96104431152344,1.5258785420708232e-05,500.13329088571624,3.0509436650674825e-06,0.0,5.326322183307752e-07,1.3732997241781565e-06,0.4405042207828725,0.0018227100372314453,0.00871923565864563,-0.7680408954620361,0.0,0.0,-0.5248910188674927,0.9999653100967407,0.800000011920929,2.267425298690796,0.4921448230743408,1.0000000|0.0000000|0.0000000|0.0000000|0.0000000|0.0000000|0.0000000|0.0000000|0.0000000|0.0000000,0,1.0,55.487618681055935,0,0,0,0,0,
cross_town,Town02,mixed,17,250,12.5,151.40260314941406,105.44043731689453,0.22167766094207764,179.96104431152344,1.5258785420708232e-05,500.13329088571624,3.0509436650674825e-06,0.0,5.326322183307752e-07,4.64373002344024e-07,0.440500751792482,0.003316044807434082,0.008923470973968506,-0.41858920454978943,0.0,0.0,-0.4448910057544708,1.0,0.800000011920929,12.010489463806152,-0.11370229721069336,1.0000000|0.0000000|0.0000000|0.0000000|0.0000000|0.0000000|0.0000000|0.0000000|0.0000000|0.0000000,0,1.0,56.87617635945094,0,0,1,0,0,stuck
