protocol,town,weather,episode,t,sim_time_s,ego_x,ego_y,ego_z,ego_yaw_deg,route_s_m,route_remaining_m,route_completion_pct,cte_m,route_heading_rad,speed_kmh,reward,command_throttle,command_brake,command_steer,applied_throttle,applied_brake,applied_steer,sigma_bar,sigma_ale,sigma_epi,policy_entropy_proxy,attention,top_attention_index,top_attention_value,ttc_s,collision,off_route,timeout,red_light_violation,intervention,terminal_reason
cross_town,Town02,mixed,6,1,0.05,174.33030700683594,236.94940185546875,0.15079760551452637,-179.96519470214844,9.313223523381225e-09,499.5954303427978,1.8641530641738128e-09,1.52587890625e-05,0.0,0.46652664542418704,0.412916979959934,0.8322097659111023,0.004095196723937988,0.342486172914505,0.05999999865889549,0.0,0.07999999821186066,1.0,0.31294599175453186,20.689620971679688,-2.169612407684326,0.5443666|0.4556334|0.0000000|0.0000000|0.0000000|0.0000000|0.0000000|0.0000000|0.0000000|0.0000000,0,0.5443665981292725,,0,0,0,0,0,
cross_town,Town02,mixed,6,2,0.1,174.33030700683594,236.94940185546875,0.1611124724149704,-179.96519470214844,9.313223523381225e-09,499.5954303427978,1.8641530641738128e-09,1.52587890625e-05,0.0,0.8584065020084424,0.41291697995640714,0.7821933031082153,0.002018451690673828,0.23090529441833496,0.11999999731779099,0.0,0.1599999964237213,1.0,0.3132157623767853,56.3267936706543,-2.3009257316589355,0.5590589|0.4409411|0.0000000|0.0000000|0.0000000|0.0000000|0.0000000|0.0000000|0.0000000|0.0000000,0,0.5590589046478271,,0,0,0,0,0,
cross_town,Town02,mixed,6,3,0.15,174.33030700683594,236.94940185546875,0.17358191311359406,-179.96519470214844,9.313223523381225e-09,499.5954303427978,1.8641530641738128e-09,1.52587890625e-05,0.0,0.8940885722639424,0.41924767370958943,0.7190178036689758,4.801154136657715e-05,0.19353239238262177,0.17999999225139618,0.0,0.19353239238262177,1.0,0.3134068548679352,51.86676788330078,-2.664869785308838,0.5595849|0.4404151|0.0000000|0.0000000|0.0000000|0.0000000|0.0000000|0.0000000|0.0000000|0.0000000,0,0.55958491563797,,0,0,0,0,0,
cross_town,Town02,mixed,6,4,0.2,174.33030700683594,236.94940185546875,0.18517298996448517,-179.96519470214844,9.313223523381225e-09,499.5954303427978,1.8641530641738128e-09,1.52587890625e-05,0.0,0.7842052280906924,0.4129169799462852,0.4993266463279724,8.83936882019043e-05,-0.2796277105808258,0.23999999463558197,0.0,0.11353239417076111,1.0,0.31779977679252625,24.957073211669922,-1.63673996925354,0.5071965|0.4928035|0.0000000|0.0000000|0.0000000|0.0000000|0.0000000|0.0000000|0.0000000|0.0000000,0,0.5071964859962463,,0,0,0,0,0,
cross_town,Town02,mixed,6,5,0.25,174.33030700683594,236.94940185546875,0.1948101818561554,-179.96519470214844,9.313223523381225e-09,499.5954303427978,1.8641530641738128e-09,1.52587890625e-05,0.0,0.6320962429047992,0.4129169799485847,0.15655305981636047,3.337860107421875e-05,-0.4618435502052307,0.17999999225139618,0.0,0.03353239595890045,1.0,0.34755939245224,14.752385139465332,-0.5320059061050415,1.0000000|0.0000000|0.0000000|0.0000000|0.0000000|0.0000000|0.0000000|0.0000000|0.0000000|0.0000000,0,1.0,,0,0,0,0,0,
cross_town,Town02,mixed,6,6,0.3,174.33030700683594,236.94940185546875,0.20233981311321259,-179.96519470214844,9.313223523381225e-09,499.5954303427978,1.8641530641738128e-09,1.52587890625e-05,0.0,0.48440946936609003,0.41291697996058985,0.4494321346282959,0.001105666160583496,-0.21957391500473022,0.23999999463558197,0.0,-0.046467602252960205,1.0,0.800000011920929,4.617520332336426,-2.559054136276245,1.0000000|0.0000000|0.0000000|0.0000000|0.0000000|0.0000000|0.0000000|0.0000000|0.0000000|0.0000000,0,1.0,,0,0,0,0,0,
cross_town,Town02,mixed,6,7,0.35,174.33030700683594,236.94940185546875,0.2079935073852539,-179.96519470214844,9.313223523381225e-09,499.5954303427978,1.8641530641738128e-09,1.52587890625e-05,0.0,0.35894667506252953,0.42044024040495737,0.006742537021636963,0.002516448497772217,-0.035038866102695465,0.17999999225139618,0.0,-0.035038866102695465,1.0,0.2622886598110199,29.026561737060547,-0.9718325138092041,1.0000000|0.0000000|0.0000000|0.0000000|0.0000000|0.0000000|0.0000000|0.0000000|0.0000000|0.0000000,0,1.0,353.3537609890336,0,0,0,0,0,
cross_town,Town02,mixed,6,8,0.4,174.33030700683594,236.94940185546875,0.21212275326251984,-179.96519470214844,9.313223523381225e-09,499.5954303427978,1.8641530641738128e-09,1.52587890625e-05,0.0,0.25965033173612195,0.4129169799593679,0.5236550569534302,6.139278411865234e-05,-0.22200725972652435,0.23999999463558197,0.0,-0.11503886431455612,1.0,0.3114020526409149,42.56916046142578,-1.978225827217102,0.5469235|0.4530766|0.0000000|0.0000000|0.0000000|0.0000000|0.0000000|0.0000000|0.0000000|0.0000000,0,0.5469234585762024,224.14932281693152,0,0,0,0,0,
cross_town,Town02,mixed,6,9,0.45,174.33030700683594,236.94940185546875,0.2150776982307434,-179.96519470214844,9.313223523381225e-09,499.5954303427978,1.8641530641738128e-09,1.52587890625e-05,0.0,0.18444859385644602,0.412916978529967,0.03954610228538513,0.0003088712692260742,-0.21123793721199036,0.17999999225139618,0.0,-0.19503886997699738,1.0,0.31242796778678894,39.901222229003906,-1.354962944984436,0.5541703|0.4458298|0.0000000|0.0000000|0.0000000|0.0000000|0.0000000|0.0000000|0.0000000|0.0000000,0,0.5541702508926392,166.5951782519507,0,0,0,0,0,
cross_town,Town02,mixed,6,10,0.5,174.33030700683594,236.94940185546875,0.21715937554836273,-179.96519470214844,9.313223523381225e-09,499.5954303427978,1.8641530641738128e-09,1.52587890625e-05,0.0,0.12919063568398287,0.41291697994808685,0.2358672022819519,0.003499060869216919,0.13206474483013153,0.2358672022819519,0.0,-0.11503887176513672,1.0,0.3138822913169861,38.996742248535156,-0.60828697681427,0.5343687|0.4656313|0.0000000|0.0000000|0.0000000|0.0000000|0.0000000|0.0000000|0.0000000|0.0000000,0,0.5343686938285828,135.95900499571917,0,0,0,0,0,
cross_town,Town02,mixed,6,11,0.55,174.33030700683594,236.94940185546875,0.21860763430595398,-179.96519470214844,9.313223523381225e-09,499.5954303427978,1.8641530641738128e-09,1.52587890625e-05,0.0,0.08946259394288097,0.4129169799384221,0.034188270568847656,0.00043594837188720703,-0.2674938142299652,0.1758671998977661,0.0,-0.19503886997699738,1.0,0.313594251871109,25.72609519958496,-1.426159143447876,0.5398482|0.4601518|0.0000000|0.0000000|0.0000000|0.0000000|0.0000000|0.0000000|0.0000000|0.0000000,0,0.5398482084274292,105.23658165148325,0,0,0,0,0,
cross_town,Town02,mixed,6,12,0.6,174.33030700683594,236.94940185546875,0.21960510313510895,-179.96519470214844,9.313223523381225e-09,499.5954303427978,1.8641530641738128e-09,1.52587890625e-05,0.0,0.061378350111162196,0.41291697996030147,0.2566520571708679,0.004677087068557739,0.10542239248752594,0.2358672022819519,0.0,-0.11503887176513672,1.0,0.31817638874053955,47.69656753540039,-0.4418748617172241,0.5260624|0.4739376|0.0000000|0.0000000|0.0000000|0.0000000|0.0000000|0.0000000|0.0000000|0.0000000,0,0.5260623693466187,90.96067220541211,0,0,0,0,0,
cross_town,Town02,mixed,6,13,0.65,174.33030700683594,236.94940185546875,0.2202862948179245,-179.96519470214844,9.313223523381225e-09,499.5954303427978,1.8641530641738128e-09,1.52587890625e-05,0.0,0.04177860058861777,0.41291697995553905,0.033068567514419556,0.0006922781467437744,-0.2711822986602783,0.1758671998977661,0.0,-0.19503886997699738,1.0,0.31690168380737305,23.898799896240234,-1.4381434917449951,0.5157220|0.4842781|0.0000000|0.0000000|0.0000000|0.0000000|0.0000000|0.0000000|0.0000000|0.0000000,0,0.5157219767570496,83.97883451501944,0,0,0,0,0,
cross_town,Town02,mixed,6,14,0.7,174.33030700683594,236.94940185546875,0.22074821591377258,-179.96519470214844,9.313223523381225e-09,499.5954303427978,1.8641530641738128e-09,1.52587890625e-05,0.0,0.028251684084565576,0.4129169799585564,0.02584969997406006,0.0006334483623504639,0.5827747583389282,0.11586719751358032,0.0,-0.11503887176513672,1.0,0.37017813324928284,35.50835418701172,0.16078144311904907,1.0000000|0.0000000|0.0000000|0.0000000|0.0000000|0.0000000|0.0000000|0.0000000|0.0000000|0.0000000,0,1.0,73.41349237320337,0,0,0,0,0,
cross_town,Town02,mixed,6,15,0.75,174.33030700683594,236.94940185546875,0.22105948626995087,-179.96519470214844,9.313223523381225e-09,499.5954303427978,1.8641530641738128e-09,1.52587890625e-05,0.0,0.018992100098786588,0.4129169799604738,0.668600857257843,0.06738892197608948,0.4595329761505127,0.1758671998977661,0.0,-0.03503887355327606,1.0,0.2622886598110199,26.1761531829834,0.7101387977600098,1.0000000|0.0000000|0.0000000|0.0000000|0.0000000|0.0000000|0.0000000|0.0000000|0.0000000|0.0000000,0,1.0,68.10324809785881,0,0,0,0,0,
cross_town,Town02,mixed,6,16,0.8,174.33030700683594,236.94940185546875,0.22126814723014832,-179.96519470214844,9.313223523381225e-09,499.5954303427978,1.8641530641738128e-09,1.52587890625e-05,0.0,0.012705619922394929,0.4129169799606414,0.3868717551231384,0.00022393465042114258,-0.22723819315433502,0.2358672022819519,0.0,-0.11503887176513672,1.0,0.3145342469215393,56.66706466674805,-1.7689296007156372,0.5554761|0.4445238|0.0000000|0.0000000|0.0000000|0.0000000|0.0000000|0.0000000|0.0000000|0.0000000,0,0.5554761290550232,62.38081698797094,0,0,0,0,0,
cross_town,Town02,mixed,6,17,0.85,174.33030700683594,236.94940185546875,0.22140738368034363,-179.96519470214844,9.313223523381225e-09,499.5954303427978,1.8641530641738128e-09,1.52587890625e-05,0.0,0.008461189273458961,0.41291697995698384,0.007308900356292725,0.006046652793884277,-0.009961893782019615,0.1758671998977661,0.0,-0.03503887355327606,1.0,0.2622886598110199,25.602737426757812,-0.7240430116653442,1.0000000|0.0000000|0.0000000|0.0000000|0.0000000|0.0000000|0.0000000|0.0000000|0.0000000|0.0000000,0,1.0,57.43134441739739,0,0,0,0,0,
cross_town,Town02,mixed,6,18,0.9,174.33030700683594,236.94940185546875,0.22140738368034363,-179.96519470214844,9.313223523381225e-09,499.5954303427978,1.8641530641738128e-09,1.52587890625e-05,0.0,0.0,0.41291697995710996,0.39793673157691956,0.0002689957618713379,-0.2050843983888626,0.2358672022819519,0.0,-0.11503887176513672,1.0,0.3188031017780304,42.32283401489258,-1.7113233804702759,0.5287371|0.4712629|0.0000000|0.0000000|0.0000000|0.0000000|0.0000000|0.0000000|0.0000000|0.0000000,0,0.5287370681762695,53.18695235187207,0,0,0,0,0,
cross_town,Town02,mixed,6,19,0.95,174.33030700683594,236.94940185546875,0.22150897979736328,-179.96519470214844,9.313223523381225e-09,499.5954303427978,1.8641530641738128e-09,1.52587890625e-05,0.0,0.002191738190890555,0.41291697995987203,0.034717679023742676,0.0006619393825531006,-0.268589586019516,0.1758671998977661,0.0,-0.19503886997699738,1.0,0.3098002076148987,35.368961334228516,-1.3335955142974854,0.5513006|0.4486993|0.0000000|0.0000000|0.0000000|0.0000000|0.0000000|0.0000000|0.0000000|0.0000000,0,0.5513006448745728,49.50303614009903,0,0,0,0,0,
cross_town,Town02,mixed,6,20,1.0,174.33030700683594,236.94940185546875,0.22154219448566437,-179.96519470214844,9.313223523381225e-09,499.5954303427978,1.8641530641738128e-09,1.52587890625e-05,0.0,0.0024270171572315794,0.4129169799602759,0.23097369074821472,0.007239937782287598,0.1284961700439453,0.23097369074821472,0.0,-0.11503887176513672,1.0,0.3123549222946167,54.659629821777344,-0.3929356336593628,0.5483999|0.4516000|0.0000000|0.0000000|0.0000000|0.0000000|0.0000000|0.0000000|0.0000000|0.0000000,0,0.5483999252319336,46.270350545613624,0,0,0,0,0,
cross_town,Town02,mixed,6,21,1.05,174.33030700683594,236.94940185546875,0.22157417237758636,-179.96519470214844,9.313223523381225e-09,499.5954303427978,1.8641530641738128e-09,1.52587890625e-05,0.0,0.0021778678059699405,0.4129169799606132,0.009280800819396973,0.005765080451965332,-0.014051786623895168,0.17097368836402893,0.0,-0.03503887355327606,1.0,0.2622886598110199,18.512876510620117,-0.7266047596931458,1.0000000|0.0000000|0.0000000|0.0000000|0.0000000|0.0000000|0.0000000|0.0000000|0.0000000|0.0000000,0,1.0,43.42883836257816,0,0,0,0,0,
cross_town,Town02,mixed,6,22,1.1,174.33030700683594,236.94940185546875,0.2216012179851532,-179.96519470214844,9.313223523381225e-09,499.5954303427978,1.8641530641738128e-09,1.52587890625e-05,0.0,0.0017828750192167536,0.4129169799605006,0.3942981958389282,0.0003082156181335449,-0.22011815011501312,0.23097369074821472,0.0,-0.11503887176513672,1.0,0.3104037344455719,52.323814392089844,-1.6991289854049683,0.5529616|0.4470384|0.0000000|0.0000000|0.0000000|0.0000000|0.0000000|0.0000000|0.0000000|0.0000000,0,0.5529616475105286,40.90334608623753,0,0,0,0,0,
cross_town,Town02,mixed,6,23,1.15,174.33030700683594,236.94940185546875,0.2216225415468216,-179.96519470214844,9.313223523381225e-09,499.5954303427978,1.8641530641738128e-09,1.52587890625e-05,0.0,0.0013748359059578604,0.4129169799606199,0.0088367760181427,0.004805326461791992,-0.017100775614380836,0.17097368836402893,0.0,-0.03503887355327606,1.0,0.2622886598110199,13.472434997558594,-0.8537548184394836,1.0000000|0.0000000|0.0000000|0.0000000|0.0000000|0.0000000|0.0000000|0.0000000|0.0000000|0.0000000,0,1.0,38.65538147416984,0,0,0,0,0,
cross_town,Town02,mixed,6,24,1.2,174.33030700683594,236.94940185546875,0.22163867950439453,-179.96519470214844,9.313223523381225e-09,499.5954303427978,1.8641530641738128e-09,1.52587890625e-05,0.0,0.001024131759900948,0.41291697996030013,0.07045942544937134,0.0001513063907623291,0.9157809615135193,0.11097368597984314,0.0,0.044961124658584595,1.0,0.3413790464401245,7.684581756591797,-0.25011301040649414,1.0000000|0.0000000|0.0000000|0.0000000|0.0000000|0.0000000|0.0000000|0.0000000|0.0000000|0.0000000,0,1.0,36.63395722421171,0,0,0,0,0,
cross_town,Town02,mixed,6,25,1.25,174.33030700683594,236.94940185546875,0.22165049612522125,-179.96519470214844,9.313223523381225e-09,499.5954303427978,1.8641530641738128e-09,1.52587890625e-05,0.0,0.0007449416975464915,0.4129169799597381,0.4525342583656311,0.004208117723464966,0.12732845544815063,0.17097368836402893,0.0,0.12496112287044525,1.0,0.3113543689250946,57.87046432495117,-1.7914241552352905,0.5458483|0.4541517|0.0000000|0.0000000|0.0000000|0.0000000|0.0000000|0.0000000|0.0000000|0.0000000,0,0.5458483099937439,34.81420392950344,0,0,0,0,0,
cross_town,Town02,mixed,6,26,1.3,174.33030700683594,236.94940185546875,0.22165904939174652,-179.96519470214844,9.313223523381225e-09,499.5954303427978,1.8641530641738128e-09,1.52587890625e-05,0.0,0.0005310859773621029,0.4129169799604879,0.0129622220993042,0.003171205520629883,0.44551196694374084,0.11097368597984314,0.0,0.2049611210823059,1.0,0.2622886598110199,18.79218292236328,-0.3790760040283203,1.0000000|0.0000000|0.0000000|0.0000000|0.0000000|0.0000000|0.0000000|0.0000000|0.0000000|0.0000000,0,1.0,33.161049724668544,0,0,0,0,0,
cross_town,Town02,mixed,6,27,1.35,174.33030700683594,236.94940185546875,0.22166156768798828,-179.96519470214844,9.313223523381225e-09,499.5954303427978,1.8641530641738128e-09,1.52587890625e-05,0.0,0.00016476062836694657,0.4129169799606216,0.10282200574874878,0.011879652738571167,-0.5119171142578125,0.10282200574874878,0.0,0.12496112287044525,1.0,0.3145046532154083,17.905155181884766,-1.58932626247406,0.5451260|0.4548741|0.0000000|0.0000000|0.0000000|0.0000000|0.0000000|0.0000000|0.0000000|0.0000000,0,0.5451259613037109,31.658426846361397,0,0,0,0,0,
cross_town,Town02,mixed,6,28,1.4,174.33030700683594,236.94940185546875,0.2216644287109375,-179.96519470214844,9.313223523381225e-09,499.5954303427978,1.8641530641738128e-09,1.52587890625e-05,0.0,0.00021982958593206228,0.41291697996021054,0.30705171823501587,0.0016488134860992432,-0.32833054661750793,0.16282200813293457,0.0,0.044961124658584595,1.0,0.35459765791893005,14.843551635742188,-0.6141693592071533,1.0000000|0.0000000|0.0000000|0.0000000|0.0000000|0.0000000|0.0000000|0.0000000|0.0000000|0.0000000,0,1.0,30.28101135407737,0,0,0,0,0,
cross_town,Town02,mixed,6,29,1.45,174.33030700683594,236.94940185546875,0.22166743874549866,-179.96519470214844,9.313223523381225e-09,499.5954303427978,1.8641530641738128e-09,1.52587890625e-05,0.0,0.00020990758584256536,0.4129171945364577,0.671838641166687,0.0004235804080963135,0.6466333866119385,0.22282201051712036,0.0,0.12496112287044525,0.9999978542327881,0.35591426491737366,3.405757188796997,-0.4571506977081299,1.0000000|0.0000000|0.0000000|0.0000000|0.0000000|0.0000000|0.0000000|0.0000000|0.0000000|0.0000000,0,1.0,29.018725859848303,0,0,0,0,0,
cross_town,Town02,mixed,6,30,1.5,174.33030700683594,236.94940185546875,0.22167015075683594,-179.96519470214844,9.313223523381225e-09,499.5954303427978,1.8641530641738128e-09,1.52587890625e-05,0.0,0.00017701732893039544,0.4129169799592092,0.005654811859130859,0.00017020106315612793,-0.2975022792816162,0.16282200813293457,0.0,0.044961124658584595,1.0,0.31841737031936646,57.81427001953125,-2.1653759479522705,0.5248315|0.4751685|0.0000000|0.0000000|0.0000000|0.0000000|0.0000000|0.0000000|0.0000000|0.0000000,0,0.5248315334320068,27.852410266767865,0,0,0,0,0,
cross_town,Town02,mixed,6,31,1.55,174.33030700683594,236.94940185546875,0.22167232632637024,-179.96519470214844,9.313223523381225e-09,499.5954303427978,1.8641530641738128e-09,1.52587890625e-05,0.0,0.00014450472429341764,0.41291697996022525,0.2961690425872803,0.001546710729598999,-0.27560141682624817,0.22282201051712036,0.0,-0.03503887355327606,1.0,0.3124251663684845,64.7578353881836,-1.7831964492797852,0.5363289|0.4636711|0.0000000|0.0000000|0.0000000|0.0000000|0.0000000|0.0000000|0.0000000|0.0000000,0,0.536328911781311,26.776539666412422,0,0,0,0,0,
cross_town,Town02,mixed,6,32,1.6,174.33030700683594,236.94940185546875,0.22167399525642395,-179.96519470214844,9.313223523381225e-09,499.5954303427978,1.8641530641738128e-09,1.52587890625e-05,0.0,0.00010893638428800196,0.41291697996016496,0.09986883401870728,0.00038242340087890625,-0.3439151644706726,0.16282200813293457,0.0,-0.11503887176513672,1.0,0.31840914487838745,32.78253173828125,-1.680731177330017,0.5252054|0.4747946|0.0000000|0.0000000|0.0000000|0.0000000|0.0000000|0.0000000|0.0000000|0.0000000,0,0.5252054333686829,25.77706759493424,0,0,0,0,0,
cross_town,Town02,mixed,6,33,1.65,174.33030700683594,236.94940185546875,0.22167521715164185,-179.96519470214844,9.313223523381225e-09,499.5954303427978,1.8641530641738128e-09,1.52587890625e-05,0.0,7.848396580616497e-05,0.4129169799587186,0.38946235179901123,0.00018203258514404297,0.025855641812086105,0.22282201051712036,0.0,-0.03503887355327606,1.0,0.3126314878463745,46.721839904785156,-1.2752503156661987,0.5386505|0.4613495|0.0000000|0.0000000|0.0000000|0.0000000|0.0000000|0.0000000|0.0000000|0.0000000,0,0.5386504530906677,24.850497905257956,0,0,0,0,0,
cross_town,Town02,mixed,6,34,1.7,174.33030700683594,236.94940185546875,0.22167521715164185,-179.96519470214844,9.313223523381225e-09,499.5954303427978,1.8641530641738128e-09,1.52587890625e-05,0.0,5.513769420175102e-05,0.4129169799588665,0.006377190351486206,0.005913764238357544,-0.12242500483989716,0.16282200813293457,0.0,-0.11503887176513672,1.0,0.2622886598110199,61.48564910888672,-0.612573504447937,1.0000000|0.0000000|0.0000000|0.0000000|0.0000000|0.0000000|0.0000000|0.0000000|0.0000000|0.0000000,0,1.0,23.983168508018082,0,0,0,0,0,
cross_town,Town02,mixed,6,35,1.75,174.33030700683594,236.94940185546875,0.2216765582561493,-179.96519470214844,9.313223523381225e-09,499.5954303427978,1.8641530641738128e-09,1.52587890625e-05,0.0,9.133815074497354e-06,0.41354326696614063,0.4260329604148865,0.00014677643775939941,-0.03837014362215996,0.22282201051712036,0.0,-0.03837014362215996,1.0,0.3182949721813202,39.69893264770508,-1.312035083770752,0.5169590|0.4830410|0.0000000|0.0000000|0.0000000|0.0000000|0.0000000|0.0000000|0.0000000|0.0000000,0,0.5169589519500732,23.175389735153836,0,0,0,0,0,
cross_town,Town02,mixed,6,36,1.8,174.33030700683594,236.94940185546875,0.2216765582561493,-179.96519470214844,9.313223523381225e-09,499.5954303427978,1.8641530641738128e-09,1.52587890625e-05,0.0,1.9947481215306725e-05,0.41291697924441617,0.08997586369514465,0.00027763843536376953,-0.4256768822669983,0.16282200813293457,0.0,-0.11837014555931091,1.0,0.30792349576950073,34.248390197753906,-1.5767713785171509,0.5601343|0.4398657|0.0000000|0.0000000|0.0000000|0.0000000|0.0000000|0.0000000|0.0000000|0.0000000,0,0.5601342916488647,22.415934461906062,0,0,0,0,0,
cross_town,Town02,mixed,6,37,1.85,174.33030700683594,236.94940185546875,0.2216765582561493,-179.96519470214844,9.313223523381225e-09,499.5954303427978,1.8641530641738128e-09,1.52587890625e-05,0.0,1.9844404230423618e-05,0.4129169799603295,0.015007168054580688,0.0005702376365661621,0.8360742926597595,0.10282200574874878,0.0,-0.038370147347450256,1.0,0.360065758228302,27.32200050354004,0.2879709005355835,1.0000000|0.0000000|0.0000000|0.0000000|0.0000000|0.0000000|0.0000000|0.0000000|0.0000000|0.0000000,0,1.0,21.705381183602274,0,0,0,0,0,
cross_town,Town02,mixed,6,38,1.9,174.33030700683594,236.94940185546875,0.2216765582561493,-179.96519470214844,9.313223523381225e-09,499.5954303427978,1.8641530641738128e-09,1.52587890625e-05,0.0,1.8951731536082607e-05,0.41291697996049875,0.06802338361740112,0.0006603896617889404,0.8022602796554565,0.06802338361740112,0.0,0.0416298508644104,1.0,0.3566122055053711,7.239805698394775,-0.481418251991272,1.0000000|0.0000000|0.0000000|0.0000000|0.0000000|0.0000000|0.0000000|0.0000000|0.0000000|0.0000000,0,1.0,21.035560273322144,0,0,0,0,0,
cross_town,Town02,mixed,6,39,1.95,174.33030700683594,236.94940185546875,0.2216765582561493,-179.96519470214844,9.313223523381225e-09,499.5954303427978,1.8641530641738128e-09,1.52587890625e-05,0.0,1.853978688278041e-05,0.41291697995999005,0.9073037505149841,0.014603286981582642,0.22922775149345398,0.12802338600158691,0.0,0.12162984907627106,1.0,0.2622886598110199,24.613059997558594,-0.5419992208480835,1.0000000|0.0000000|0.0000000|0.0000000|0.0000000|0.0000000|0.0000000|0.0000000|0.0000000|0.0000000,0,1.0,20.40567796221571,0,0,0,0,0,
cross_town,Town02,mixed,6,40,2.0,174.33030700683594,236.94940185546875,0.22167770564556122,-179.96519470214844,9.313223523381225e-09,499.5954303427978,1.8641530641738128e-09,1.52587890625e-05,0.0,1.5383039431729883e-05,0.412916979960613,0.2666722536087036,0.0031650960445404053,-0.2683250904083252,0.1880233883857727,0.0,0.0416298508644104,1.0,0.31380900740623474,11.206558227539062,-2.0658655166625977,0.5417368|0.4582632|0.0000000|0.0000000|0.0000000|0.0000000|0.0000000|0.0000000|0.0000000|0.0000000,0,0.5417368412017822,19.67182582878898,0,0,0,0,0,
cross_town,Town02,mixed,6,41,2.05,174.33030700683594,236.94940185546875,0.22167770564556122,-179.96519470214844,9.313223523381225e-09,499.5954303427978,1.8641530641738128e-09,1.52587890625e-05,0.0,7.356835227672413e-06,0.41291697995836557,0.14964592456817627,0.0013446211814880371,-0.3609105944633484,0.14964592456817627,0.0,-0.038370147347450256,1.0,0.3134481608867645,23.14032745361328,-1.9128950834274292,0.5373712|0.4626288|0.0000000|0.0000000|0.0000000|0.0000000|0.0000000|0.0000000|0.0000000|0.0000000,0,0.5373711585998535,19.088992430351983,0,0,0,0,0,
cross_town,Town02,mixed,6,42,2.1,174.33030700683594,236.94940185546875,0.22167770564556122,-179.96519470214844,9.313223523381225e-09,499.5954303427978,1.8641530641738128e-09,1.52587890625e-05,0.0,7.485116562292906e-06,0.41291697995756804,0.06152781844139099,0.00023815035820007324,0.9304860234260559,0.08964592218399048,0.0,0.0416298508644104,1.0,0.35088494420051575,12.156389236450195,-0.3766888380050659,1.0000000|0.0000000|0.0000000|0.0000000|0.0000000|0.0000000|0.0000000|0.0000000|0.0000000|0.0000000,0,1.0,18.324401178780672,0,0,0,0,0,
cross_town,Town02,mixed,6,43,2.15,174.33030700683594,236.94940185546875,0.22167770564556122,-179.96519470214844,9.313223523381225e-09,499.5954303427978,1.8641530641738128e-09,1.52587890625e-05,0.0,4.1267002780293075e-06,0.4129169799599351,0.4069410562515259,0.00031176209449768066,0.12885814905166626,0.14964592456817627,0.0,0.12162984907627106,1.0,0.3680514097213745,14.975550651550293,-0.5341744422912598,1.0000000|0.0000000|0.0000000|0.0000000|0.0000000|0.0000000|0.0000000|0.0000000|0.0000000|0.0000000,0,1.0,17.88927728555606,0,0,0,0,0,
cross_town,Town02,mixed,6,44,2.2,174.33030700683594,236.94940185546875,0.22167770564556122,-179.96519470214844,9.313223523381225e-09,499.5954303427978,1.8641530641738128e-09,1.52587890625e-05,0.0,2.3346004516648096e-06,0.4129169799600924,0.044512152671813965,0.011002302169799805,0.3605656623840332,0.08964592218399048,0.0,0.2016298472881317,1.0,0.2622886598110199,10.764951705932617,-0.23099994659423828,1.0000000|0.0000000|0.0000000|0.0000000|0.0000000|0.0000000|0.0000000|0.0000000|0.0000000|0.0000000,0,1.0,17.452299718348925,0,0,0,0,0,
cross_town,Town02,mixed,6,45,2.25,174.33030700683594,236.94940185546875,0.22167770564556122,-179.96519470214844,9.313223523381225e-09,499.5954303427978,1.8641530641738128e-09,1.52587890625e-05,0.0,5.252841801555924e-06,0.41291697996044846,0.18209105730056763,0.024186789989471436,-0.38750699162483215,0.14964592456817627,0.0,0.12162984907627106,1.0,0.31356608867645264,48.91791534423828,-1.4839751720428467,0.5585248|0.4414752|0.0000000|0.0000000|0.0000000|0.0000000|0.0000000|0.0000000|0.0000000|0.0000000,0,0.5585247874259949,17.396335843775304,0,0,0,0,0,
cross_town,Town02,mixed,6,46,2.3,174.33030700683594,236.94940185546875,0.22167770564556122,-179.96519470214844,9.313223523381225e-09,499.5954303427978,1.8641530641738128e-09,1.52587890625e-05,0.0,3.7432870731929505e-06,0.41291697996063786,0.415014386177063,0.00038251280784606934,-0.2849549949169159,0.20964592695236206,0.0,0.0416298508644104,1.0,0.3508554697036743,12.957736015319824,-0.42682743072509766,1.0000000|0.0000000|0.0000000|0.0000000|0.0000000|0.0000000|0.0000000|0.0000000|0.0000000|0.0000000,0,1.0,17.330646244174797,0,0,0,0,0,
cross_town,Town02,mixed,6,47,2.35,174.33030700683594,236.94940185546875,0.22167770564556122,-179.96519470214844,9.313223523381225e-09,499.5954303427978,1.8641530641738128e-09,1.52587890625e-05,0.0,7.4887588681973964e-06,0.4129169799605791,0.03880605101585388,0.0006635189056396484,-0.5097954273223877,0.14964592456817627,0.0,-0.038370147347450256,1.0,0.3124217391014099,16.498661041259766,-1.8569964170455933,0.5424952|0.4575048|0.0000000|0.0000000|0.0000000|0.0000000|0.0000000|0.0000000|0.0000000|0.0000000,0,0.5424951910972595,16.905413983198113,0,0,0,0,0,
cross_town,Town02,mixed,6,48,2.4,174.33030700683594,236.94940185546875,0.22167770564556122,-179.96519470214844,9.313223523381225e-09,499.5954303427978,1.8641530641738128e-09,1.52587890625e-05,0.0,4.8077590860811855e-06,0.41426713100669715,0.4187968373298645,0.00025832653045654297,-0.1109984740614891,0.20964592695236206,0.0,-0.1109984740614891,1.0,0.3172462582588196,59.699851989746094,-1.6884771585464478,0.5345092|0.4654908|0.0000000|0.0000000|0.0000000|0.0000000|0.0000000|0.0000000|0.0000000|0.0000000,0,0.5345091819763184,16.708124803819853,0,0,0,0,0,
cross_town,Town02,mixed,6,49,2.45,174.33030700683594,236.94940185546875,0.22167770564556122,-179.96519470214844,9.313223523381225e-09,499.5954303427978,1.8641530641738128e-09,1.52587890625e-05,0.0,6.07755790175537e-06,0.4129169785296299,0.09392750263214111,0.00011405348777770996,-0.21900008618831635,0.14964592456817627,0.0,-0.19099847972393036,1.0,0.31460198760032654,32.52942657470703,-1.50057852268219,0.5406661|0.4593339|0.0000000|0.0000000|0.0000000|0.0000000|0.0000000|0.0000000|0.0000000|0.0000000,0,0.5406661033630371,16.155167900813698,0,0,0,0,0,
cross_town,Town02,mixed,6,50,2.5,174.33030700683594,236.94940185546875,0.22167770564556122,-179.96519470214844,9.313223523381225e-09,499.5954303427978,1.8641530641738128e-09,1.52587890625e-05,0.0,5.086623156861009e-06,0.41292276192431293,0.30599790811538696,0.02174055576324463,0.4114004075527191,0.20964592695236206,0.0,-0.1109984815120697,1.0,0.3171813488006592,53.66648483276367,-0.32176685333251953,0.5273380|0.4726620|0.0000000|0.0000000|0.0000000|0.0000000|0.0000000|0.0000000|0.0000000|0.0000000,0,0.5273379683494568,15.93631778575999,0,0,0,0,0,
cross_town,Town02,mixed,6,51,2.55,174.33030700683594,236.94940185546875,0.22167770564556122,-179.96519470214844,9.313223523381225e-09,499.5954303427978,1.8641530641738128e-09,1.52587890625e-05,0.0,7.0737441464456075e-06,0.414950202394418,0.125180184841156,0.00011649727821350098,-0.17993280291557312,0.14964592456817627,0.0,-0.17993280291557312,1.0,0.3183671832084656,37.57090759277344,-1.4255536794662476,0.5191579|0.4808421|0.0000000|0.0000000|0.0000000|0.0000000|0.0000000|0.0000000|0.0000000|0.0000000,0,0.5191579461097717,15.411175949662422,0,0,0,0,0,
cross_town,Town02,mixed,6,52,2.6,174.33030700683594,236.94940185546875,0.22167770564556122,-179.96519470214844,9.313223523381225e-09,499.5954303427978,1.8641530641738128e-09,1.52587890625e-05,0.0,1.3734879594539588e-07,0.41307491852870615,0.31148064136505127,0.010890424251556396,0.4232536554336548,0.20964592695236206,0.0,-0.09993280470371246,1.0,0.314236044883728,51.32551956176758,-0.4883803129196167,0.5382558|0.4617442|0.0000000|0.0000000|0.0000000|0.0000000|0.0000000|0.0000000|0.0000000|0.0000000,0,0.5382558107376099,15.192348461261103,0,0,0,0,0,
cross_town,Town02,mixed,6,53,2.65,174.33030700683594,236.94940185546875,0.22167770564556122,-179.96519470214844,9.313223523381225e-09,499.5954303427978,1.8641530641738128e-09,1.52587890625e-05,0.0,4.80673716430678e-07,0.4205858715883692,0.0636746883392334,5.033612251281738e-05,-0.11637620627880096,0.14964592456817627,0.0,-0.11637620627880096,1.0,0.32115593552589417,81.32831573486328,-1.552955150604248,0.5226055|0.4773944|0.0000000|0.0000000|0.0000000|0.0000000|0.0000000|0.0000000|0.0000000|0.0000000,0,0.5226055383682251,14.705620037938319,0,0,0,0,0,
cross_town,Town02,mixed,6,54,2.7,174.33030700683594,236.94940185546875,0.22167770564556122,-179.96519470214844,9.313223523381225e-09,499.5954303427978,1.8641530641738128e-09,1.52587890625e-05,0.0,7.553434968646995e-07,0.4134379459825446,0.15897244215011597,0.0006897151470184326,0.3282528221607208,0.15897244215011597,0.0,-0.03637620806694031,1.0,0.31526675820350647,56.34547805786133,-1.3424395322799683,0.5587165|0.4412835|0.0000000|0.0000000|0.0000000|0.0000000|0.0000000|0.0000000|0.0000000|0.0000000,0,0.5587164759635925,14.494114592674702,0,0,0,0,0,
cross_town,Town02,mixed,6,55,2.75,174.33030700683594,236.94940185546875,0.22167770564556122,-179.96519470214844,9.313223523381225e-09,499.5954303427978,1.8641530641738128e-09,1.52587890625e-05,0.0,1.0685896147551435e-06,0.42092094636354993,0.09019899368286133,0.31453937292099,-0.016886409372091293,0.09897243976593018,0.0,-0.016886409372091293,1.0,0.2632037103176117,5.938392639160156,-0.03814077377319336,1.0000000|0.0000000|0.0000000|0.0000000|0.0000000|0.0000000|0.0000000|0.0000000|0.0000000|0.0000000,0,1.0,14.045322322833348,0,0,0,0,0,
cross_town,Town02,mixed,6,56,2.8,174.33030700683594,236.94940185546875,0.22167770564556122,-179.96519470214844,9.313223523381225e-09,499.5954303427978,1.8641530641738128e-09,1.52587890625e-05,0.0,3.0011516891696056e-07,0.4140054635564902,0.12593814730644226,0.00041559338569641113,0.7354840636253357,0.12593814730644226,0.0,0.06311359256505966,1.0,0.35688021779060364,5.660994052886963,-0.5911169052124023,1.0000000|0.0000000|0.0000000|0.0000000|0.0000000|0.0000000|0.0000000|0.0000000|0.0000000|0.0000000,0,1.0,13.843264941662683,0,0,0,0,0,
cross_town,Town02,mixed,6,57,2.85,174.33030700683594,236.94940185546875,0.22167770564556122,-179.96519470214844,9.313223523381225e-09,499.5954303427978,1.8641530641738128e-09,1.52587890625e-05,0.0,1.6850703546112728e-06,0.4143627017378721,0.2549194097518921,0.00514635443687439,-0.05950528010725975,0.18593814969062805,0.0,-0.016886407509446144,1.0,0.3161028027534485,31.21317481994629,-1.6523661613464355,0.5570022|0.4429978|0.0000000|0.0000000|0.0000000|0.0000000|0.0000000|0.0000000|0.0000000|0.0000000,0,0.5570021867752075,13.42965248003984,0,0,0,0,0,
cross_town,Town02,mixed,6,58,2.9,174.33030700683594,236.94940185546875,0.22167770564556122,-179.96519470214844,9.313223523381225e-09,499.5954303427978,1.8641530641738128e-09,1.52587890625e-05,0.0,1.9227534022281007e-06,0.4154411897890681,0.062445372343063354,0.3021121621131897,0.060339100658893585,0.12593814730644226,0.0,0.060339100658893585,0.9984889030456543,0.2648693919181824,1.8584779500961304,-0.11037337779998779,1.0000000|0.0000000|0.0000000|0.0000000|0.0000000|0.0000000|0.0000000|0.0000000|0.0000000|0.0000000,0,1.0,13.246424685838704,0,0,0,0,0,
cross_town,Town02,mixed,6,59,2.95,174.33030700683594,236.94940185546875,0.22167770564556122,-179.96519470214844,9.313223523381225e-09,499.5954303427978,1.8641530641738128e-09,1.52587890625e-05,0.0,1.1048496445985839e-06,0.4152122074960841,0.03918302059173584,0.11675530672073364,-0.14326655864715576,0.0,0.07999999821186066,-0.01966089941561222,1.0,0.2656143009662628,24.14931869506836,-0.07822632789611816,1.0000000|0.0000000|0.0000000|0.0000000|0.0000000|0.0000000|0.0000000|0.0000000|0.0000000|0.0000000,0,1.0,12.86705233144665,0,0,0,0,0,
cross_town,Town02,mixed,6,60,3.0,174.33030700683594,236.94940185546875,0.22167770564556122,-179.96519470214844,9.313223523381225e-09,499.5954303427978,1.8641530641738128e-09,1.52587890625e-05,0.0,0.0,0.42683875972622615,0.008664608001708984,0.0007662177085876465,-0.4823484420776367,0.0,0.0,-0.09966089576482773,0.8885197043418884,0.800000011920929,0.21892738342285156,-0.5510644912719727,1.0000000|0.0000000|0.0000000|0.0000000|0.0000000|0.0000000|0.0000000|0.0000000|0.0000000|0.0000000,0,1.0,12.684381546183841,0,0,0,0,0,
cross_town,Town02,mixed,6,61,3.05,174.33030700683594,236.94940185546875,0.22167770564556122,-179.96519470214844,9.313223523381225e-09,499.5954303427978,1.8641530641738128e-09,1.52587890625e-05,0.0,3.4334375331645867e-07,0.41619297975125474,0.12708893418312073,0.2345520257949829,0.23897483944892883,0.0,0.07999999821186066,-0.019660895690321922,1.0,0.3177121579647064,27.026107788085938,-1.608726143836975,0.5525514|0.4474486|0.0000000|0.0000000|0.0000000|0.0000000|0.0000000|0.0000000|0.0000000|0.0000000,0,0.5525514483451843,12.332014714587457,0,0,0,0,0,
cross_town,Town02,mixed,6,62,3.1,174.33030700683594,236.94940185546875,0.22167770564556122,-179.96519470214844,9.313223523381225e-09,499.5954303427978,1.8641530641738128e-09,1.52587890625e-05,0.0,6.594068571921323e-07,0.416711824346479,0.054115891456604004,0.8340478539466858,-0.40521863102912903,0.0,0.1599999964237213,-0.09966089576482773,1.0,0.26833513379096985,6.727284908294678,0.531696617603302,1.0000000|0.0000000|0.0000000|0.0000000|0.0000000|0.0000000|0.0000000|0.0000000|0.0000000|0.0000000,0,1.0,12.157002245189869,0,0,0,0,0,
cross_town,Town02,mixed,6,63,3.15,174.33030700683594,236.94940185546875,0.22167770564556122,-179.96519470214844,9.313223523381225e-09,499.5954303427978,1.8641530641738128e-09,1.52587890625e-05,0.0,9.613433238190725e-07,0.41724171216281086,0.31805339455604553,0.12852317094802856,0.2380807101726532,0.0,0.07999999821186066,-0.019660895690321922,1.0,0.31437963247299194,12.797287940979004,-1.2329572439193726,0.5888355|0.4111645|0.0000000|0.0000000|0.0000000|0.0000000|0.0000000|0.0000000|0.0000000|0.0000000,0,0.5888355374336243,11.829891739219013,0,0,0,0,0,
cross_town,Town02,mixed,6,64,3.2,174.33030700683594,236.94940185546875,0.22167770564556122,-179.96519470214844,9.313223523381225e-09,499.5954303427978,1.8641530641738128e-09,1.52587890625e-05,0.0,1.2360125799686848e-06,0.42078220232598107,0.1334226131439209,0.7792723178863525,-0.08207185566425323,0.0,0.1599999964237213,-0.08207185566425323,0.9999997615814209,0.27043214440345764,4.061690330505371,0.4606579542160034,1.0000000|0.0000000|0.0000000|0.0000000|0.0000000|0.0000000|0.0000000|0.0000000|0.0000000|0.0000000,0,1.0,11.662303425485973,0,0,0,0,0,
cross_town,Town02,mixed,6,65,3.25,174.33030700683594,236.94940185546875,0.22167770564556122,-179.96519470214844,9.313223523381225e-09,499.5954303427978,1.8641530641738128e-09,1.52587890625e-05,0.0,1.510716432930111e-06,0.42181775966270707,0.3035578727722168,0.7248939275741577,-0.023167479783296585,0.0,0.23999999463558197,-0.023167479783296585,1.0,0.27153515815734863,7.121486663818359,0.5773570537567139,1.0000000|0.0000000|0.0000000|0.0000000|0.0000000|0.0000000|0.0000000|0.0000000|0.0000000|0.0000000,0,1.0,11.3579306894206,0,0,0,0,0,
cross_town,Town02,mixed,6,66,3.3,174.33030700683594,236.94940185546875,0.22167770564556122,-179.96519470214844,9.313223523381225e-09,499.5954303427978,1.8641530641738128e-09,1.52587890625e-05,0.0,6.971423650290449e-07,0.41884001617363814,0.6777206659317017,0.05832469463348389,-0.10299266129732132,0.0,0.1599999964237213,-0.10299266129732132,1.0,0.3208548128604889,11.862724304199219,-0.9067821502685547,0.5777407|0.4222593|0.0000000|0.0000000|0.0000000|0.0000000|0.0000000|0.0000000|0.0000000|0.0000000,0,0.5777407288551331,11.197346302868189,0,0,0,0,0,
cross_town,Town02,mixed,6,67,3.35,174.33030700683594,236.94940185546875,0.22167770564556122,-179.96519470214844,9.313223523381225e-09,499.5954303427978,1.8641530641738128e-09,1.52587890625e-05,0.0,2.060065412614909e-06,0.42546172357603906,0.34001219272613525,0.0005107223987579346,-0.06748945266008377,0.0,0.07999999821186066,-0.06748945266008377,1.0,0.356751948595047,25.97528076171875,-0.8763672709465027,1.0000000|0.0000000|0.0000000|0.0000000|0.0000000|0.0000000|0.0000000|0.0000000|0.0000000|0.0000000,0,1.0,10.913508775744926,0,0,0,0,0,
cross_town,Town02,mixed,6,68,3.4,174.33030700683594,236.94940185546875,0.22167770564556122,-179.96519470214844,9.313223523381225e-09,499.5954303427978,1.8641530641738128e-09,1.52587890625e-05,0.0,1.241566066276468e-06,0.4223821604904207,0.003184676170349121,0.0010453462600708008,-0.45062699913978577,0.0,0.0,-0.14748945832252502,0.9738257527351379,0.800000011920929,0.6041138768196106,-0.23675978183746338,1.0000000|0.0000000|0.0000000|0.0000000|0.0000000|0.0000000|0.0000000|0.0000000|0.0000000|0.0000000,0,1.0,10.759259873635106,0,0,0,0,0,
cross_town,Town02,mixed,6,69,3.45,174.33030700683594,236.94940185546875,0.22167770564556122,-179.96519470214844,9.313223523381225e-09,499.5954303427978,1.8641530641738128e-09,1.52587890625e-05,0.0,2.0601202296364173e-07,0.4202207256392531,0.07290282845497131,0.4385390877723694,0.13360902667045593,0.0,0.07999999821186066,-0.06748946011066437,1.0,0.32781270146369934,35.062740325927734,-1.4728909730911255,0.5790510|0.4209490|0.0000000|0.0000000|0.0000000|0.0000000|0.0000000|0.0000000|0.0000000|0.0000000,0,0.5790510177612305,10.494162642360294,0,0,0,0,0,
cross_town,Town02,mixed,6,70,3.5,174.33030700683594,236.94940185546875,0.22167770564556122,-179.96519470214844,9.313223523381225e-09,499.5954303427978,1.8641530641738128e-09,1.52587890625e-05,0.0,5.234583324044274e-07,0.4206667688314269,0.4340265393257141,0.05847540497779846,0.24538865685462952,0.05999999865889549,0.0,0.012510539963841438,1.0,0.32938146591186523,21.241708755493164,-1.574323296546936,0.6137379|0.3862621|0.0000000|0.0000000|0.0000000|0.0000000|0.0000000|0.0000000|0.0000000|0.0000000,0,0.6137378811836243,10.345717995822433,0,0,0,0,0,
cross_town,Town02,mixed,6,71,3.55,174.33030700683594,236.94940185546875,0.22167770564556122,-179.96519470214844,9.313223523381225e-09,499.5954303427978,1.8641530641738128e-09,1.52587890625e-05,0.0,8.240092334287356e-07,0.42768368028848025,0.2363032102584839,0.04819762706756592,-0.017806993797421455,0.11999999731779099,0.0,-0.017806993797421455,1.0,0.3271559774875641,34.422794342041016,-1.3985689878463745,0.6128013|0.3871987|0.0000000|0.0000000|0.0000000|0.0000000|0.0000000|0.0000000|0.0000000|0.0000000,0,0.6128012537956238,10.10261900095835,0,0,0,0,0,
cross_town,Town02,mixed,6,72,3.6,174.33030700683594,236.94940185546875,0.22167770564556122,-179.96519470214844,9.313223523381225e-09,499.5954303427978,1.8641530641738128e-09,1.52587890625e-05,0.0,1.0987938961344934e-06,0.42154152184303667,0.047732383012771606,0.03245273232460022,-0.1918586641550064,0.05999999865889549,0.0,-0.09780699014663696,1.0,0.32518470287323,26.127328872680664,-1.292130470275879,0.6144081|0.3855919|0.0000000|0.0000000|0.0000000|0.0000000|0.0000000|0.0000000|0.0000000|0.0000000,0,0.6144081354141235,9.98701760768346,0,0,0,0,0,
cross_town,Town02,mixed,6,73,3.65,174.33030700683594,236.94940185546875,0.22167770564556122,-179.96519470214844,9.313223523381225e-09,499.5954303427978,1.8641530641738128e-09,1.52587890625e-05,0.0,1.4109194003851645e-06,0.42197006814337407,0.04393094778060913,0.12868589162826538,0.38691413402557373,0.0,0.07999999821186066,-0.017806990072131157,1.0,0.32550543546676636,32.33934020996094,-1.6996593475341797,0.6126291|0.3873709|0.0000000|0.0000000|0.0000000|0.0000000|0.0000000|0.0000000|0.0000000|0.0000000,0,0.6126290559768677,9.816485632122824,0,0,0,0,0,
cross_town,Town02,mixed,6,74,3.7,174.33030700683594,236.94940185546875,0.22167770564556122,-179.96519470214844,9.313223523381225e-09,499.5954303427978,1.8641530641738128e-09,1.52587890625e-05,0.0,1.6480987731228082e-06,0.4244004831058492,0.5813124775886536,0.0533730685710907,0.050928130745887756,0.05999999865889549,0.0,0.050928130745887756,1.0,0.3317064642906189,31.757516860961914,-1.4756059646606445,0.6148235|0.3851766|0.0000000|0.0000000|0.0000000|0.0000000|0.0000000|0.0000000|0.0000000|0.0000000,0,0.6148234605789185,9.781110741675771,0,0,0,0,0,
cross_town,Town02,mixed,6,75,3.75,174.33030700683594,236.94940185546875,0.22167770564556122,-179.96519470214844,9.313223523381225e-09,499.5954303427978,1.8641530641738128e-09,1.52587890625e-05,0.0,1.9226817735451763e-06,0.42279896141519624,0.5127703547477722,0.02493762969970703,-0.340753972530365,0.11999999731779099,0.0,-0.02907186932861805,1.0,0.32842880487442017,42.34281921386719,-1.5094563961029053,0.6261774|0.3738226|0.0000000|0.0000000|0.0000000|0.0000000|0.0000000|0.0000000|0.0000000|0.0000000,0,0.6261773705482483,9.710756171616946,0,0,0,0,0,
cross_town,Town02,mixed,6,76,3.8,174.33030700683594,236.94940185546875,0.22167770564556122,-179.96519470214844,9.313223523381225e-09,499.5954303427978,1.8641530641738128e-09,1.52587890625e-05,0.0,2.165234409316483e-06,0.42352118435667463,0.1034780740737915,0.002105623483657837,-0.17992956936359406,0.1034780740737915,0.0,-0.10907186567783356,0.9967526197433472,0.800000011920929,1.1316641569137573,-1.5667288303375244,1.0000000|0.0000000|0.0000000|0.0000000|0.0000000|0.0000000|0.0000000|0.0000000|0.0000000|0.0000000,0,1.0,9.791837742290623,0,0,0,0,0,
cross_town,Town02,mixed,6,77,3.85,174.33030700683594,236.94940185546875,0.22167770564556122,-179.96519470214844,9.313223523381225e-09,499.5954303427978,1.8641530641738128e-09,1.52587890625e-05,0.0,6.86905622730291e-08,0.42358266365531105,0.020993053913116455,0.0016501247882843018,0.8903459906578064,0.04347807541489601,0.0,-0.02907186560332775,1.0,0.35878464579582214,12.8026704788208,-0.10599255561828613,1.0000000|0.0000000|0.0000000|0.0000000|0.0000000|0.0000000|0.0000000|0.0000000|0.0000000|0.0000000,0,1.0,9.78702667177973,0,0,0,0,0,
cross_town,Town02,mixed,6,78,3.9,174.33030700683594,236.94940185546875,0.22167770564556122,-179.96519470214844,9.313223523381225e-09,499.5954303427978,1.8641530641738128e-09,1.52587890625e-05,0.0,4.12007724964749e-07,0.42395901951210463,0.02399122714996338,0.6652458906173706,-0.4130629301071167,0.0,0.07999999821186066,-0.10907186567783356,1.0,0.2853527069091797,7.547974586486816,0.3054652810096741,1.0000000|0.0000000|0.0000000|0.0000000|0.0000000|0.0000000|0.0000000|0.0000000|0.0000000|0.0000000,0,1.0,9.909532737024824,0,0,0,0,0,
cross_town,Town02,mixed,6,79,3.95,174.33030700683594,236.94940185546875,0.22167770564556122,-179.96519470214844,9.313223523381225e-09,499.5954303427978,1.8641530641738128e-09,1.52587890625e-05,0.0,6.868584726367708e-07,0.4243269610959232,0.24936917424201965,0.0928824245929718,0.4455820620059967,0.05999999865889549,0.0,-0.02907186560332775,1.0,0.3335348963737488,16.969783782958984,-1.5413438081741333,0.6377696|0.3622304|0.0000000|0.0000000|0.0000000|0.0000000|0.0000000|0.0000000|0.0000000|0.0000000,0,0.6377696394920349,9.906877445504104,0,0,0,0,0,
cross_town,Town02,mixed,6,80,4.0,174.33030700683594,236.94940185546875,0.22167770564556122,-179.96519470214844,9.313223523381225e-09,499.5954303427978,1.8641530641738128e-09,1.52587890625e-05,0.0,1.0300170049639704e-06,0.42468737540244594,0.08600926399230957,0.08753764629364014,0.27789196372032166,0.0,0.07999999821186066,0.050928134471178055,1.0,0.3311541974544525,17.111478805541992,-1.4823235273361206,0.6466025|0.3533975|0.0000000|0.0000000|0.0000000|0.0000000|0.0000000|0.0000000|0.0000000|0.0000000,0,0.6466024518013,10.026731259353205,0,0,0,0,0,
cross_town,Town02,mixed,6,81,4.05,174.33030700683594,236.94940185546875,0.22167770564556122,-179.96519470214844,9.313223523381225e-09,499.5954303427978,1.8641530641738128e-09,1.52587890625e-05,0.0,1.3046790121964505e-06,0.42504046563864417,0.6498572826385498,0.03671175241470337,-0.33894896507263184,0.05999999865889549,0.0,-0.02907186560332775,1.0,0.327737033367157,40.57917022705078,-1.4142988920211792,0.6573781|0.3426219|0.0000000|0.0000000|0.0000000|0.0000000|0.0000000|0.0000000|0.0000000|0.0000000,0,0.6573781371116638,10.012294139826837,0,0,0,0,0,
cross_town,Town02,mixed,6,82,4.1,174.33030700683594,236.94940185546875,0.22167770564556122,-179.96519470214844,9.313223523381225e-09,499.5954303427978,1.8641530641738128e-09,1.52587890625e-05,0.0,1.5793548513256224e-06,0.4253862893544735,0.12748083472251892,0.0006953775882720947,0.35534051060676575,0.11999999731779099,0.0,0.050928134471178055,1.0,0.3535307049751282,9.645674705505371,-0.60347580909729,1.0000000|0.0000000|0.0000000|0.0000000|0.0000000|0.0000000|0.0000000|0.0000000|0.0000000|0.0000000,0,1.0,10.125327623587657,0,0,0,0,0,
cross_town,Town02,mixed,6,83,4.15,174.33030700683594,236.94940185546875,0.22167770564556122,-179.96519470214844,9.313223523381225e-09,499.5954303427978,1.8641530641738128e-09,1.52587890625e-05,0.0,3.340033434275351e-06,0.42572425843562595,0.22703301906585693,0.01473778486251831,-0.38192254304885864,0.17999999225139618,0.0,-0.02907186560332775,1.0,0.3339778780937195,29.106964111328125,-1.5480014085769653,0.6596538|0.3403462|0.0000000|0.0000000|0.0000000|0.0000000|0.0000000|0.0000000|0.0000000|0.0000000,0,0.6596537828445435,10.103207327240083,0,0,0,0,0,
cross_town,Town02,mixed,6,84,4.2,174.33030700683594,236.94940185546875,0.22167770564556122,-179.96519470214844,9.313223523381225e-09,499.5954303427978,1.8641530641738128e-09,1.52587890625e-05,0.0,9.684629854501542e-07,0.43370752663563905,0.029846906661987305,0.0004993081092834473,-0.03228484466671944,0.11999998986721039,0.0,-0.03228484466671944,1.0,0.3322764039039612,21.970623016357422,-1.391350269317627,0.6707024|0.3292976|0.0000000|0.0000000|0.0000000|0.0000000|0.0000000|0.0000000|0.0000000|0.0000000,0,0.6707023978233337,10.21506589939736,0,0,0,0,0,
cross_town,Town02,mixed,6,85,4.25,174.33030700683594,236.94940185546875,0.22167770564556122,-179.96519470214844,9.313223523381225e-09,499.5954303427978,1.8641530641738128e-09,1.52587890625e-05,0.0,2.370931466284529e-06,0.42628493356010866,0.07388502359390259,0.008734703063964844,0.171273872256279,0.07388502359390259,0.0,0.04771515354514122,1.0,0.34846094250679016,52.09685134887695,-1.2708468437194824,0.6262168|0.3737833|0.0000000|0.0000000|0.0000000|0.0000000|0.0000000|0.0000000|0.0000000|0.0000000,0,0.6262167692184448,10.190059741617732,0,0,0,0,0,
cross_town,Town02,mixed,6,86,4.3,174.33030700683594,236.94940185546875,0.22167770564556122,-179.96519470214844,9.313223523381225e-09,499.5954303427978,1.8641530641738128e-09,1.52587890625e-05,0.0,6.866984780748475e-08,0.42644612949552047,0.46033382415771484,0.0017348229885101318,-0.34624648094177246,0.13388502597808838,0.0,-0.03228484466671944,1.0,0.800000011920929,6.34782075881958,-1.9718923568725586,1.0000000|0.0000000|0.0000000|0.0000000|0.0000000|0.0000000|0.0000000|0.0000000|0.0000000|0.0000000,0,1.0,10.300405666417904,0,0,0,0,0,
cross_town,Town02,mixed,6,87,4.35,174.33030700683594,236.94940185546875,0.22167770564556122,-179.96519470214844,9.313223523381225e-09,499.5954303427978,1.8641530641738128e-09,1.52587890625e-05,0.0,1.3733617575205142e-07,0.42664769287275,0.10355675220489502,0.001953125,-0.1793471872806549,0.10355675220489502,0.0,-0.11228484660387039,0.9987713694572449,0.800000011920929,1.3751720190048218,-1.6134424209594727,1.0000000|0.0000000|0.0000000|0.0000000|0.0000000|0.0000000|0.0000000|0.0000000|0.0000000|0.0000000,0,1.0,10.271657026460169,0,0,0,0,0,
cross_town,Town02,mixed,6,88,4.4,174.33030700683594,236.94940185546875,0.22167770564556122,-179.96519470214844,9.313223523381225e-09,499.5954303427978,1.8641530641738128e-09,1.52587890625e-05,0.0,1.3449923481517924e-06,0.4265349120082613,0.17808014154434204,0.004075050354003906,0.33971530199050903,0.1635567545890808,0.0,-0.032284848392009735,1.0,0.33248215913772583,44.134639739990234,-1.4337388277053833,0.6842417|0.3157583|0.0000000|0.0000000|0.0000000|0.0000000|0.0000000|0.0000000|0.0000000|0.0000000,0,0.6842417120933533,10.38272306209052,0,0,0,0,0,
cross_town,Town02,mixed,6,89,4.45,174.33030700683594,236.94940185546875,0.22167770564556122,-179.96519470214844,9.313223523381225e-09,499.5954303427978,1.8641530641738128e-09,1.52587890625e-05,0.0,2.7467184590180785e-07,0.42653372354364605,0.12583214044570923,0.00010201334953308105,0.15859071910381317,0.12583214044570923,0.0,0.04771514981985092,1.0,0.336995005607605,56.28132247924805,-1.718233346939087,0.6781097|0.3218904|0.0000000|0.0000000|0.0000000|0.0000000|0.0000000|0.0000000|0.0000000|0.0000000,0,0.6781097054481506,10.350986137659792,0,0,0,0,0,
cross_town,Town02,mixed,6,90,4.5,174.33030700683594,236.94940185546875,0.22167770564556122,-179.96519470214844,9.313223523381225e-09,499.5954303427978,1.8641530641738128e-09,1.52587890625e-05,0.0,3.4334668833766075e-07,0.4265320713448048,0.8221609592437744,0.004153132438659668,0.199724018573761,0.18583214282989502,0.0,0.12771515548229218,1.0,0.2941255271434784,9.441366195678711,-0.8608217239379883,1.0000000|0.0000000|0.0000000|0.0000000|0.0000000|0.0000000|0.0000000|0.0000000|0.0000000|0.0000000,0,1.0,10.464524320150048,0,0,0,0,0,
cross_town,Town02,mixed,6,91,4.55,174.33030700683594,236.94940185546875,0.22167770564556122,-179.96519470214844,9.313223523381225e-09,499.5954303427978,1.8641530641738128e-09,1.52587890625e-05,0.0,4.808843903820208e-07,0.4265305704512519,0.07485634088516235,0.002434343099594116,-0.32844823598861694,0.12583214044570923,0.0,0.04771515727043152,1.0,0.3426840305328369,22.150896072387695,-2.6971688270568848,0.6669616|0.3330384|0.0000000|0.0000000|0.0000000|0.0000000|0.0000000|0.0000000|0.0000000|0.0000000,0,0.6669616103172302,10.430069920946725,0,0,0,0,0,
cross_town,Town02,mixed,6,92,4.6,174.33030700683594,236.94940185546875,0.22167770564556122,-179.96519470214844,9.313223523381225e-09,499.5954303427978,1.8641530641738128e-09,1.52587890625e-05,0.0,5.493405138907937e-07,0.4265292991610441,0.27132856845855713,0.0019064247608184814,0.16806979477405548,0.18583214282989502,0.0,0.12771515548229218,1.0,0.32961606979370117,44.824825286865234,-2.1639246940612793,0.6980538|0.3019462|0.0000000|0.0000000|0.0000000|0.0000000|0.0000000|0.0000000|0.0000000|0.0000000,0,0.6980538368225098,10.54664608408873,0,0,0,0,0,
cross_town,Town02,mixed,6,93,4.65,174.33030700683594,236.94940185546875,0.22167770564556122,-179.96519470214844,9.313223523381225e-09,499.5954303427978,1.8641530641738128e-09,1.52587890625e-05,0.0,6.866684221855991e-07,0.4265283415096112,0.07854282855987549,0.0022047758102416992,-0.3426823914051056,0.12583214044570923,0.0,0.04771515727043152,1.0,0.3416573405265808,27.72284507751465,-2.6725447177886963,0.6536637|0.3463363|0.0000000|0.0000000|0.0000000|0.0000000|0.0000000|0.0000000|0.0000000|0.0000000,0,0.653663694858551,10.510101737290563,0,0,0,0,0,
cross_town,Town02,mixed,6,94,4.7,174.33030700683594,236.94940185546875,0.22167770564556122,-179.96519470214844,9.313223523381225e-09,499.5954303427978,1.8641530641738128e-09,1.52587890625e-05,0.0,6.866739528703987e-08,0.43129845690849666,0.2712928056716919,0.0018019378185272217,0.09695231914520264,0.18583214282989502,0.0,0.09695231914520264,1.0,0.3373688757419586,63.77692413330078,-2.266385078430176,0.6746027|0.3253973|0.0000000|0.0000000|0.0000000|0.0000000|0.0000000|0.0000000|0.0000000|0.0000000,0,0.674602746963501,10.630753473753105,0,0,0,0,0,
cross_town,Town02,mixed,6,95,4.75,174.33030700683594,236.94940185546875,0.22167770564556122,-179.96519470214844,9.313223523381225e-09,499.5954303427978,1.8641530641738128e-09,1.52587890625e-05,0.0,1.3733583825656554e-07,0.4265270862252633,0.10497146844863892,0.0019874274730682373,-0.3396472632884979,0.12583214044570923,0.0,0.01695231907069683,1.0,0.34622761607170105,15.87927532196045,-2.736082077026367,0.6611763|0.3388237|0.0000000|0.0000000|0.0000000|0.0000000|0.0000000|0.0000000|0.0000000|0.0000000,0,0.661176323890686,10.592648575897469,0,0,0,0,0,
cross_town,Town02,mixed,6,96,4.8,174.33030700683594,236.94940185546875,0.22167770564556122,-179.96519470214844,9.313223523381225e-09,499.5954303427978,1.8641530641738128e-09,1.52587890625e-05,0.0,2.0600644120602352e-07,0.43181840715963393,0.11220347881317139,0.0036406219005584717,0.06156499311327934,0.11220347881317139,0.0,0.06156499311327934,1.0,0.3303678035736084,42.451656341552734,-1.6940191984176636,0.6905665|0.3094335|0.0000000|0.0000000|0.0000000|0.0000000|0.0000000|0.0000000|0.0000000|0.0000000,0,0.6905664801597595,10.71686289099384,0,0,0,0,0,
cross_town,Town02,mixed,6,97,4.85,174.33030700683594,236.94940185546875,0.22167770564556122,-179.96519470214844,9.313223523381225e-09,499.5954303427978,1.8641530641738128e-09,1.52587890625e-05,0.0,3.4334328816551206e-07,0.42909660479049816,0.3124871850013733,0.0022681057453155518,0.12682007253170013,0.17220348119735718,0.0,0.12682007253170013,1.0,0.32719242572784424,45.194862365722656,-2.210122585296631,0.6987151|0.3012849|0.0000000|0.0000000|0.0000000|0.0000000|0.0000000|0.0000000|0.0000000|0.0000000,0,0.698715090751648,10.676090931363268,0,0,0,0,0,
cross_town,Town02,mixed,6,98,4.9,174.33030700683594,236.94940185546875,0.22167770564556122,-179.96519470214844,9.313223523381225e-09,499.5954303427978,1.8641530641738128e-09,1.52587890625e-05,0.0,4.1199948770036864e-07,0.42652627744142435,0.017544150352478027,0.00823521614074707,-0.3666732907295227,0.11220347881317139,0.0,0.04682007431983948,1.0,0.2941020131111145,9.136064529418945,-0.6810638904571533,1.0000000|0.0000000|0.0000000|0.0000000|0.0000000|0.0000000|0.0000000|0.0000000|0.0000000|0.0000000,0,1.0,10.805747859732373,0,0,0,0,0,
cross_town,Town02,mixed,6,99,4.95,174.33030700683594,236.94940185546875,0.22167770564556122,-179.96519470214844,9.313223523381225e-09,499.5954303427978,1.8641530641738128e-09,1.52587890625e-05,0.0,1.6185516963991935e-06,0.4335494178147458,0.31218042969703674,0.002503514289855957,0.07021540403366089,0.17220348119735718,0.0,0.07021540403366089,1.0,0.33565983176231384,50.145591735839844,-2.109109401702881,0.6707442|0.3292558|0.0000000|0.0000000|0.0000000|0.0000000|0.0000000|0.0000000|0.0000000|0.0000000,0,0.6707442402839661,10.763358704010141,0,0,0,0,0,
cross_town,Town02,mixed,6,100,5.0,174.33030700683594,236.94940185546875,0.22167770564556122,-179.96519470214844,9.313223523381225e-09,499.5954303427978,1.8641530641738128e-09,1.52587890625e-05,0.0,5.493293079070673e-07,0.4265261614890974,0.11242428421974182,0.008423984050750732,-0.20729435980319977,0.11242428421974182,0.0,-0.009784596040844917,1.0,0.2941012382507324,4.4087748527526855,-0.5682379007339478,1.0000000|0.0000000|0.0000000|0.0000000|0.0000000|0.0000000|0.0000000|0.0000000|0.0000000|0.0000000,0,1.0,10.895694421342926,0,0,0,0,0,
cross_town,Town02,mixed,6,101,5.05,174.33030700683594,236.94940185546875,0.22167770564556122,-179.96519470214844,9.313223523381225e-09,499.5954303427978,1.8641530641738128e-09,1.52587890625e-05,0.0,6.927321521712219e-07,0.4265261347917223,0.14108848571777344,0.0020307600498199463,0.3428758680820465,0.14108848571777344,0.0,0.07021540403366089,1.0,0.337194561958313,52.5457763671875,-1.5773881673812866,0.6815816|0.3184184|0.0000000|0.0000000|0.0000000|0.0000000|0.0000000|0.0000000|0.0000000|0.0000000,0,0.6815816164016724,10.850785796802507,0,0,0,0,0,
cross_town,Town02,mixed,6,102,5.1,174.33030700683594,236.94940185546875,0.22167770564556122,-179.96519470214844,9.313223523381225e-09,499.5954303427978,1.8641530641738128e-09,1.52587890625e-05,0.0,0.0,0.4265262543585309,0.6452036499977112,0.005887866020202637,0.215817391872406,0.20108848810195923,0.0,0.15021540224552155,0.9999988079071045,0.29410094022750854,3.624465227127075,-0.8588166236877441,1.0000000|0.0000000|0.0000000|0.0000000|0.0000000|0.0000000|0.0000000|0.0000000|0.0000000|0.0000000,0,1.0,10.986816241931594,0,0,0,0,0,
cross_town,Town02,mixed,6,103,5.15,174.33030700683594,236.94940185546875,0.22167770564556122,-179.96519470214844,9.313223523381225e-09,499.5954303427978,1.8641530641738128e-09,1.52587890625e-05,0.0,6.867331332590053e-08,0.4265261186357702,0.004357814788818359,0.0013242661952972412,-0.13084135949611664,0.14108848571777344,0.0,0.07021540403366089,1.0,0.29410094022750854,4.44509220123291,-0.3097130060195923,1.0000000|0.0000000|0.0000000|0.0000000|0.0000000|0.0000000|0.0000000|0.0000000|0.0000000|0.0000000,0,1.0,10.939149053938285,0,0,0,0,0,
cross_town,Town02,mixed,6,104,5.2,174.33030700683594,236.94940185546875,0.22167770564556122,-179.96519470214844,9.313223523381225e-09,499.5954303427978,1.8641530641738128e-09,1.52587890625e-05,0.0,1.373401209415217e-07,0.42652611827817394,0.3144180178642273,0.002095431089401245,-0.09866403788328171,0.20108848810195923,0.0,-0.009784596040844917,1.0,0.33367404341697693,25.888362884521484,-2.3435277938842773,0.6682580|0.3317420|0.0000000|0.0000000|0.0000000|0.0000000|0.0000000|0.0000000|0.0000000|0.0000000,0,0.668258011341095,11.079202648147115,0,0,0,0,0,
cross_town,Town02,mixed,6,105,5.25,174.33030700683594,236.94940185546875,0.22167770564556122,-179.96519470214844,9.313223523381225e-09,499.5954303427978,1.8641530641738128e-09,1.52587890625e-05,0.0,2.904838503699224e-07,0.42652610247982164,0.1129826009273529,8.45789909362793e-05,-0.31974247097969055,0.14108848571777344,0.0,-0.08978459239006042,1.0,0.3403322696685791,28.62191390991211,-1.9029864072799683,0.6716326|0.3283673|0.0000000|0.0000000|0.0000000|0.0000000|0.0000000|0.0000000|0.0000000|0.0000000,0,0.6716326475143433,11.02888846429122,0,0,0,0,0,
cross_town,Town02,mixed,6,106,5.3,174.33030700683594,236.94940185546875,0.22167770564556122,-179.96519470214844,9.313223523381225e-09,499.5954303427978,1.8641530641738128e-09,1.52587890625e-05,0.0,3.433312644344218e-07,0.426526101764469,0.1853679120540619,0.00012171268463134766,0.07609587907791138,0.1853679120540619,0.0,-0.009784592315554619,1.0,0.34050214290618896,45.38897705078125,-1.43057119846344,0.6777810|0.3222190|0.0000000|0.0000000|0.0000000|0.0000000|0.0000000|0.0000000|0.0000000|0.0000000,0,0.6777810454368591,11.173537537346737,0,0,0,0,0,
cross_town,Town02,mixed,6,107,5.35,174.3184356689453,236.94989013671875,0.22159957885742188,-179.9894561767578,0.011871046347381443,499.58355930576363,0.0023761318911613783,0.0004730224609375,0.00042344261332250005,1.7848772904252592,-0.3087661974804947,0.1323290467262268,0.00011944770812988281,-0.15027758479118347,0.1323290467262268,0.0,-0.08978459239006042,1.0,0.3346307575702667,34.7505989074707,-1.937538981437683,0.6809090|0.3190911|0.0000000|0.0000000|0.0000000|0.0000000|0.0000000|0.0000000|0.0000000|0.0000000,0,0.6809089779853821,11.369949251963199,0,0,0,0,0,
cross_town,Town02,mixed,6,108,5.4,174.27297973632812,236.9506072998047,0.22143469750881195,179.99075317382812,0.05732653039416438,499.53810382171685,0.0114745906210073,0.001220703125,0.0007688546067061708,3.8433656109598706,0.09007406650781641,0.05882340669631958,0.0001284778118133545,0.8921185731887817,0.07232904434204102,0.0,-0.009784592315554619,1.0,0.3553134799003601,52.90532684326172,0.21496403217315674,1.0000000|0.0000000|0.0000000|0.0000000|0.0000000|0.0000000|0.0000000|0.0000000|0.0000000|0.0000000,0,1.0,11.757708241925554,0,0,0,0,0,
cross_town,Town02,mixed,6,109,5.45,174.20838928222656,236.9491729736328,0.2213389128446579,-179.9245147705078,0.12191784452303168,499.473512507588,0.024403314585384604,0.0001678466796875,0.0007099987466152591,5.092178125480053,-0.2771966852483573,0.18586492538452148,5.0008296966552734e-05,0.3155001699924469,0.1323290467262268,0.0,0.07021540403366089,1.0,0.3406236469745636,62.31053924560547,-2.003553867340088,0.6585530|0.3414470|0.0000000|0.0000000|0.0000000|0.0000000|0.0000000|0.0000000|0.0000000|0.0000000,0,0.6585530042648315,11.730104113494873,0,0,0,0,0,
cross_town,Town02,mixed,6,110,5.5,174.13388061523438,236.94851684570312,0.2213250994682312,-179.87998962402344,0.19642689606360408,499.3990034560474,0.0393171922980088,0.0007781982421875,0.0014871091527002278,5.500869536066591,-0.2714422641401564,0.04714295268058777,0.013247936964035034,-0.041841860860586166,0.07232904434204102,0.0,-0.009784596040844917,1.0,0.2943963408470154,58.09015655517578,-0.810346245765686,1.0000000|0.0000000|0.0000000|0.0000000|0.0000000|0.0000000|0.0000000|0.0000000|0.0000000|0.0000000,0,1.0,11.7998886194116,0,0,0,0,0,
cross_town,Town02,mixed,6,111,5.55,174.05433654785156,236.95022583007812,0.22135676443576813,-179.9569549560547,0.27596988647956155,499.31946046563144,0.0552386730769455,0.0009765625,0.00014381069886448827,5.83864028891298,0.4300746537054538,0.013723492622375488,0.07159823179244995,-0.2632125914096832,0.0,0.07159823179244995,-0.08978459239006042,0.9990094900131226,0.3556656837463379,1.8734204769134521,-1.3769930601119995,1.0000000|0.0000000|0.0000000|0.0000000|0.0000000|0.0000000|0.0000000|0.0000000|0.0000000|0.0000000,0,1.0,11.509707761359936,0,0,0,0,0,
cross_town,Town02,mixed,6,112,5.6,173.97146606445312,236.95162963867188,0.2214013934135437,-179.99093627929688,0.3588395156345979,499.2365908364764,0.07182602038247039,0.0024261474609375,0.00044927527589644356,6.0310994158309805,-0.26679460349614215,0.0020768940448760986,0.007182121276855469,0.6902320384979248,0.0,0.0,-0.009784592315554619,1.0,0.800000011920929,28.475948333740234,-0.43574076890945435,1.0000000|0.0000000|0.0000000|0.0000000|0.0000000|0.0000000|0.0000000|0.0000000|0.0000000|0.0000000,0,1.0,11.448271957059662,0,0,0,0,0,
cross_town,Town02,mixed,6,113,5.65,173.88792419433594,236.95382690429688,0.22145774960517883,179.92584228515625,0.4423800247087858,499.15305032740224,0.08854765232680366,0.0046844482421875,0.0019017633344251548,6.0305862423362235,-0.26684663908269224,0.4509653151035309,0.037890344858169556,-0.1439407467842102,0.05999999865889549,0.0,-0.08978459239006042,1.0,0.29498448967933655,31.037006378173828,0.0845993161201477,1.0000000|0.0000000|0.0000000|0.0000000|0.0000000|0.0000000|0.0000000|0.0000000|0.0000000|0.0000000,0,1.0,11.31573132326594,0,0,0,0,0,
cross_town,Town02,mixed,6,114,5.7,173.81761169433594,236.9548797607422,0.221598282456398,179.77076721191406,0.5126918522764713,499.08273849983453,0.10262140546704561,0.0057830810546875,0.004608333950272936,3.7162422265526134,-0.27478869338928524,0.012152403593063354,0.13328233361244202,0.12467008829116821,0.0,0.07999999821186066,-0.009784592315554619,0.9999639987945557,0.33019980788230896,2.727515459060669,0.02456963062286377,0.6942401|0.3057599|0.0000000|0.0000000|0.0000000|0.0000000|0.0000000|0.0000000|0.0000000|0.0000000,0,0.6942400932312012,12.113751400900705,0,0,0,0,0,
cross_town,Town02,mixed,6,115,5.75,173.8011932373047,236.95469665527344,0.22191603481769562,179.73544311523438,0.529110424598414,499.0663199275126,0.10590777906545322,0.0055999755859375,0.005224855742626211,0.0213366370392215,-0.30680268162344093,0.017884492874145508,0.12141609191894531,0.3101472556591034,0.0,0.12141609191894531,0.07021540403366089,1.0,0.34696438908576965,28.387035369873047,-0.5347620248794556,1.0000000|0.0000000|0.0000000|0.0000000|0.0000000|0.0000000|0.0000000|0.0000000|0.0000000|0.0000000,0,1.0,11.555521444597492,0,0,0,0,0,
cross_town,Town02,mixed,6,116,5.8,173.79823303222656,236.95448303222656,0.22199897468090057,179.7431640625,0.5320707481792925,499.0633596039317,0.10650032323239889,0.0053863525390625,0.005090099791468461,0.24781535070172026,-0.314824072416987,0.8867155909538269,0.0002396106719970703,0.5268017053604126,0.05999999865889549,0.0,0.15021540224552155,1.0,0.3348836898803711,51.073944091796875,-3.3090572357177734,0.6979793|0.3020208|0.0000000|0.0000000|0.0000000|0.0000000|0.0000000|0.0000000|0.0000000|0.0000000,0,0.6979792714118958,11.743814655211597,0,0,0,0,0,
cross_town,Town02,mixed,6,117,5.85,173.79122924804688,236.95399475097656,0.22195041179656982,179.77403259277344,0.53907482871055,499.05635552340044,0.10790227371187407,0.004913330078125,0.004551342302945294,0.605624964984916,0.3676473605787125,0.3510449528694153,7.43567943572998e-05,0.3441699743270874,0.11999999731779099,0.0,0.2302154004573822,1.0,0.3386458158493042,34.14652633666992,-1.294468641281128,1.0000000|0.0000000|0.0000000|0.0000000|0.0000000|0.0000000|0.0000000|0.0000000|0.0000000|0.0000000,0,1.0,11.706663484474964,0,0,0,0,0,
cross_town,Town02,mixed,6,118,5.9,173.78228759765625,236.95333862304688,0.22188472747802734,179.80963134765625,0.5480168941994985,499.0474134579115,0.10969213505681195,0.0042572021484375,0.003930026820629706,0.6534179987017318,0.07281282138860146,0.06743311882019043,0.005712419748306274,-0.04679088294506073,0.06743311882019043,0.0,0.15021540224552155,1.0,0.35160505771636963,52.308982849121094,0.11830306053161621,1.0000000|0.0000000|0.0000000|0.0000000|0.0000000|0.0000000|0.0000000|0.0000000|0.0000000|0.0000000,0,1.0,11.872522808660117,0,0,0,0,0,
cross_town,Town02,mixed,6,119,5.95,173.77243041992188,236.95236206054688,0.2218276560306549,179.853515625,0.5578746656275814,499.0375556864834,0.11166528589630925,0.0032806396484375,0.0031641016911230224,0.6401753066126619,0.4179438519747994,0.9341195821762085,1.9788742065429688e-05,0.5720019340515137,0.12743312120437622,0.0,0.2302154004573822,1.0,0.3406297564506531,15.424051284790039,-2.947172164916992,0.6765654|0.3234346|0.0000000|0.0000000|0.0000000|0.0000000|0.0000000|0.0000000|0.0000000|0.0000000,0,0.676565408706665,11.445093560054167,0,0,0,0,0,
cross_town,Town02,mixed,6,120,6.0,173.76136779785156,236.95138549804688,0.22178031504154205,179.8916015625,0.5689378811039,499.0264924710071,0.11387972077785358,0.0023193359375,0.00249937668303879,0.8941291443915073,0.1541211638270924,0.07802698016166687,0.005192607641220093,-0.12320844829082489,0.07802698016166687,0.0,0.15021540224552155,1.0,0.362358957529068,54.649391174316406,0.17902827262878418,1.0000000|0.0000000|0.0000000|0.0000000|0.0000000|0.0000000|0.0000000|0.0000000|0.0000000|0.0000000,0,1.0,11.066092246959508,0,0,0,0,0,
cross_town,Town02,mixed,6,121,6.05,173.74888610839844,236.95013427734375,0.2217431217432022,179.954833984375,0.5814203424382361,499.01401000967275,0.11637823469050859,0.001068115234375,0.0013957627273102347,0.9430993346470943,0.2476772669681579,0.41191214323043823,1.7881393432617188e-05,0.4873383045196533,0.13802698254585266,0.0,0.2302154004573822,1.0,0.34409990906715393,65.1686782836914,-0.9568676948547363,1.0000000|0.0000000|0.0000000|0.0000000|0.0000000|0.0000000|0.0000000|0.0000000|0.0000000|0.0000000,0,1.0,10.467705398074086,0,0,0,0,0,
cross_town,Town02,mixed,6,122,6.1,173.73577880859375,236.948974609375,0.2217218279838562,-179.98817443847656,0.5945283543701908,499.0009019977408,0.11900196003617804,7.62939453125e-05,0.0004010720601659301,0.8045893728318394,0.27517313009255984,0.10791400074958801,0.0035925209522247314,-0.1504504233598709,0.10791400074958801,0.0,0.15021540224552155,1.0,0.36323612928390503,45.42123794555664,0.05770295858383179,1.0000000|0.0000000|0.0000000|0.0000000|0.0000000|0.0000000|0.0000000|0.0000000|0.0000000|0.0000000,0,1.0,10.243494448797836,0,0,0,0,0,
cross_town,Town02,mixed,6,123,6.15,173.72105407714844,236.94747924804688,0.22169871628284454,-179.91294860839844,0.6092539763706319,498.9861763757404,0.12194946938190256,0.0015716552734375,0.0009118663572431628,1.1608235013258024,-0.3068591193097957,0.8815350532531738,0.000201493501663208,0.2647944986820221,0.1679140031337738,0.0,0.2302154004573822,1.0,0.2955564260482788,6.931501865386963,-2.0913286209106445,1.0000000|0.0000000|0.0000000|0.0000000|0.0000000|0.0000000|0.0000000|0.0000000|0.0000000|0.0000000,0,1.0,9.645782435794455,0,0,0,0,0,
cross_town,Town02,mixed,6,124,6.2,173.7062530517578,236.94618225097656,0.22168853878974915,-179.8475799560547,0.6240557730889157,498.9713745790221,0.1249122260083696,0.0028533935546875,0.002052764568233112,1.1372605243449516,-0.1317099037847525,0.015794724225997925,0.010944396257400513,-0.5657414197921753,0.10791400074958801,0.0,0.15021540224552155,1.0,0.2955877184867859,56.624061584472656,-0.5683730840682983,1.0000000|0.0000000|0.0000000|0.0000000|0.0000000|0.0000000|0.0000000|0.0000000|0.0000000|0.0000000,0,1.0,9.466814893820588,0,0,0,0,0,
cross_town,Town02,mixed,6,125,6.25,173.68994140625,236.94435119628906,0.22167529165744781,-179.7801971435547,0.6403685471916327,498.95506180491935,0.1281774228279682,0.004669189453125,0.00322881650561202,1.31159174816693,0.25706712371543267,0.9854762554168701,4.76837158203125e-06,0.6882107853889465,0.1679140031337738,0.0,0.2302154004573822,0.9998189806938171,0.339804470539093,2.3143937587738037,-3.424105405807495,0.6718127|0.3281873|0.0000000|0.0000000|0.0000000|0.0000000|0.0000000|0.0000000|0.0000000|0.0000000,0,0.6718127131462097,9.032152099350826,0,0,0,0,0,
cross_town,Town02,mixed,6,126,6.3,173.67214965820312,236.94276428222656,0.22166480123996735,-179.70059204101562,0.6581612446662668,498.93726910744476,0.13173884400872118,0.006256103515625,0.004618187646306282,1.3964285720827745,0.36340888728095067,0.04624858498573303,0.010772466659545898,-0.11333373934030533,0.10791400074958801,0.0,0.15021540224552155,1.0,0.29565396904945374,32.91560745239258,-0.9224861860275269,1.0000000|0.0000000|0.0000000|0.0000000|0.0000000|0.0000000|0.0000000|0.0000000|0.0000000|0.0000000,0,1.0,8.903150450311601,0,0,0,0,0,
cross_town,Town02,mixed,6,127,6.35,173.65342712402344,236.94078063964844,0.2216607630252838,-179.619140625,0.6768849664700863,498.9185453856409,0.1354866208429935,0.0082244873046875,0.006039783036190904,1.3527678110196582,0.33359645442802743,0.9881685972213745,7.569789886474609e-06,0.621609628200531,0.1679140031337738,0.0,0.2302154004573822,1.0,0.3285636007785797,15.902363777160645,-3.7281312942504883,0.7102206|0.2897794|0.0000000|0.0000000|0.0000000|0.0000000|0.0000000|0.0000000|0.0000000|0.0000000,0,0.7102206349372864,8.615442190687627,0,0,0,0,0,
cross_town,Town02,mixed,6,128,6.4,173.6327362060547,236.93878173828125,0.22165144979953766,-179.53305053710938,0.6975771311978076,498.8978532209132,0.13962840506890958,0.0102081298828125,0.007542338523213399,1.6423616739147047,-0.014526921690338868,0.05680552124977112,0.009083271026611328,0.10685034841299057,0.10791400074958801,0.0,0.15021540224552155,1.0,0.29573217034339905,12.193120956420898,-1.0056419372558594,1.0000000|0.0000000|0.0000000|0.0000000|0.0000000|0.0000000|0.0000000|0.0000000|0.0000000|0.0000000,0,1.0,8.519178913456935,0,0,0,0,0,
cross_town,Town02,mixed,6,129,6.45,173.61163330078125,236.93641662597656,0.22165264189243317,-179.43040466308594,0.7186814619457798,498.87674889016523,0.14385268925283376,0.012557992711663246,0.009333846988509809,1.454351186070574,-0.30543899487650294,0.7107985019683838,0.00045692920684814453,0.6498434543609619,0.1679140031337738,0.0,0.2302154004573822,1.0,0.2957766354084015,6.972182273864746,-1.949000358581543,1.0000000|0.0000000|0.0000000|0.0000000|0.0000000|0.0000000|0.0000000|0.0000000|0.0000000|0.0000000,0,1.0,8.446101054112798,0,0,0,0,0,
cross_town,Town02,mixed,6,130,6.5,173.5891571044922,236.93411254882812,0.22165073454380035,-179.33522033691406,0.7411590833816155,498.8542712687294,0.1483518539909887,0.014846809208393097,0.010995126876501171,1.532271928489492,0.09621501162528145,0.21353065967559814,0.000842362642288208,0.09868020564317703,0.21353065967559814,0.0,0.15021540224552155,1.0,0.35073477029800415,70.1326675415039,-0.25143545866012573,1.0000000|0.0000000|0.0000000|0.0000000|0.0000000|0.0000000|0.0000000|0.0000000|0.0000000|0.0000000,0,1.0,8.555460121815553,0,0,0,0,0,
cross_town,Town02,mixed,6,131,6.55,173.5653839111328,236.93255615234375,0.22164753079414368,-179.2822265625,0.764933224741167,498.8304971273698,0.1531105326968359,0.016387946903705597,0.011920042723085889,1.7606257028202874,0.3561284957207363,0.0013113319873809814,0.0032591521739959717,-0.4102574586868286,0.15353065729141235,0.0,0.07021540403366089,1.0,0.295868843793869,22.638282775878906,0.14488637447357178,1.0000000|0.0000000|0.0000000|0.0000000|0.0000000|0.0000000|0.0000000|0.0000000|0.0000000|0.0000000,0,1.0,8.486912634981254,0,0,0,0,0,
cross_town,Town02,mixed,6,132,6.6,173.54037475585938,236.9318084716797,0.22164379060268402,-179.28744506835938,0.789942791278121,498.8054875608329,0.15811649652627432,0.017120368778705597,0.01182896261380506,1.8939719053220438,0.4001092014981644,0.03466102480888367,0.004241913557052612,-0.21601103246212006,0.09353065490722656,0.0,-0.009784596040844917,1.0,0.3420080542564392,45.733787536621094,-1.011588454246521,0.6541820|0.3280129|0.0178051|0.0000000|0.0000000|0.0000000|0.0000000|0.0000000|0.0000000|0.0000000,0,0.6541820168495178,8.660330888594292,0,0,0,0,0,
cross_town,Town02,mixed,6,133,6.65,173.51473999023438,236.930908203125,0.22164691984653473,-179.24758911132812,0.8155781468312157,498.7798522052798,0.16324771951104566,0.018005376681685448,0.012524580290533827,1.8411966084082558,0.20120289971472902,0.13728231191635132,0.020242393016815186,0.2630668580532074,0.13728231191635132,0.0,0.07021540403366089,1.0,0.30228427052497864,22.663372039794922,-0.5578547716140747,0.9404985|0.0595016|0.0000000|0.0000000|0.0000000|0.0000000|0.0000000|0.0000000|0.0000000|0.0000000,0,0.9404984712600708,8.712581138285268,0,0,0,0,0,
cross_town,Town02,mixed,6,134,6.7,173.48843383789062,236.93035888671875,0.22164973616600037,-179.2320098876953,0.8418845909196685,498.75354576119133,0.16851326889165394,0.018539434298872948,0.012796489037830927,1.8968166921557674,0.297775396465388,0.04948154091835022,0.0057930052280426025,-0.13610857725143433,0.07728230953216553,0.0,-0.009784596040844917,1.0,0.32782992720603943,41.930728912353516,-0.953160285949707,0.6832544|0.2999970|0.0167487|0.0000000|0.0000000|0.0000000|0.0000000|0.0000000|0.0000000|0.0000000,0,0.6832543611526489,8.90923796674473,0,0,0,0,0,
cross_town,Town02,mixed,6,135,6.75,173.4616241455078,236.9300079345703,0.22165293991565704,-179.24237060546875,0.8686945153223743,498.72673583678863,0.17387959587823396,0.018875127658247948,0.012615660399814212,1.9679686780884842,0.4200406114827997,0.06854814291000366,0.00416940450668335,-0.006195086054503918,0.06854814291000366,0.0,-0.006195086054503918,1.0,0.35334527492523193,40.01313018798828,0.020695984363555908,0.9678085|0.0321915|0.0000000|0.0000000|0.0000000|0.0000000|0.0000000|0.0000000|0.0000000|0.0000000,0,0.9678085446357727,8.858898508352787,0,0,0,0,0,
cross_town,Town02,mixed,6,136,6.8,173.43492126464844,236.9296875,0.22165820002555847,-179.24627685546875,0.8953975686225046,498.7000327834885,0.17922453133557195,0.019180303439497948,0.012547483475908285,1.9202844059791386,0.3939577420160448,0.03175044059753418,0.007244706153869629,0.00785247515887022,0.008548143319785595,0.0,0.00785247515887022,1.0,0.33597531914711,23.398738861083984,-0.5068813562393188,0.6753951|0.3034506|0.0211543|0.0000000|0.0000000|0.0000000|0.0000000|0.0000000|0.0000000|0.0000000,0,0.675395131111145,9.004137667270607,0,0,0,0,0,
cross_town,Town02,mixed,6,137,6.85,173.407958984375,236.92987060546875,0.22166144847869873,-179.27816772460938,0.9223597232516343,498.67307062885936,0.18462132902247771,0.018981939181685448,0.011990882808081693,1.9897825629667603,0.36999957106785897,0.16461366415023804,0.018909037113189697,-0.15663662552833557,0.06854814291000366,0.0,-0.07214752584695816,1.0,0.3363143503665924,18.86298179626465,-0.5399571657180786,0.6722289|0.3028656|0.0249056|0.0000000|0.0000000|0.0000000|0.0000000|0.0000000|0.0000000|0.0000000,0,0.6722288727760315,8.954125608620226,0,0,0,0,0,
cross_town,Town02,mixed,6,138,6.9,173.3812713623047,236.9297637939453,0.22166670858860016,-179.28770446777344,0.9490473985570826,498.64638295355394,0.18996318639027612,0.019073491916060448,0.011824435239951914,1.8893479757596514,0.24451211579468995,0.4110495150089264,0.03325334191322327,0.451179176568985,0.12854814529418945,0.0,0.007852474227547646,1.0,0.30397406220436096,25.83884620666504,-0.3479495048522949,0.9221540|0.0778460|0.0000000|0.0000000|0.0000000|0.0000000|0.0000000|0.0000000|0.0000000|0.0000000,0,0.9221540093421936,9.097301209261238,0,0,0,0,0,
cross_town,Town02,mixed,6,139,6.95,173.35400390625,236.92860412597656,0.22166778147220612,-179.26077270507812,0.9763155633594541,498.6191147887516,0.1954212356729033,0.020217901095747948,0.012294483172350823,1.8793644734508572,0.41106290105462895,0.019082367420196533,0.008106589317321777,0.17093171179294586,0.06854814291000366,0.0,0.08785247057676315,1.0,0.3338019847869873,31.069515228271484,-0.852818489074707,0.6873012|0.2886671|0.0240317|0.0000000|0.0000000|0.0000000|0.0000000|0.0000000|0.0000000|0.0000000,0,0.6873012185096741,8.965343014572554,0,0,0,0,0,
cross_town,Town02,mixed,6,140,7.0,173.32606506347656,236.92784118652344,0.22166389226913452,-179.23089599609375,1.0042548166971839,498.5911755354138,0.2010136113513674,0.020965581759810448,0.012815930113788456,2.1260333175940684,0.10084272073801487,0.1342945694923401,0.0015703141689300537,-0.22077108919620514,0.12854814529418945,0.0,0.007852470502257347,1.0,0.3308420777320862,15.954379081726074,-0.8378880023956299,0.7003447|0.2996553|0.0000000|0.0000000|0.0000000|0.0000000|0.0000000|0.0000000|0.0000000|0.0000000,0,0.7003447413444519,8.97627587796822,0,0,0,0,0,
cross_town,Town02,mixed,6,141,7.05,173.2979278564453,236.9268341064453,0.2216649204492569,-179.17440795898438,1.0323927322685358,498.5630376198425,0.20664575165167412,0.021957403048872948,0.013801832349335632,2.063910973410336,-0.010647004788511494,0.06226813793182373,0.003920763731002808,0.17629311978816986,0.06854814291000366,0.0,0.08785247057676315,1.0,0.35186782479286194,63.82230758666992,0.18146657943725586,0.9615864|0.0384136|0.0000000|0.0000000|0.0000000|0.0000000|0.0000000|0.0000000|0.0000000|0.0000000,0,0.9615864157676697,8.880258387886993,0,0,0,0,0,
cross_town,Town02,mixed,6,142,7.1,173.270263671875,236.92578125,0.22166942059993744,-179.17977905273438,1.0600575062825843,498.5353728458284,0.2121831870110309,0.022995000705122948,0.013708089078964925,2.02366952321769,0.3302389950829152,0.11298602819442749,0.0009588003158569336,-0.4259413480758667,0.11298602819442749,0.0,0.007852470502257347,1.0,0.34657567739486694,50.43453598022461,-0.07582741975784302,0.9647494|0.0352506|0.0000000|0.0000000|0.0000000|0.0000000|0.0000000|0.0000000|0.0000000|0.0000000,0,0.9647493958473206,8.97878911424241,0,0,0,0,0,
cross_town,Town02,mixed,6,143,7.15,173.24220275878906,236.9252471923828,0.2216709852218628,-179.15553283691406,1.0881187702990494,498.50731158181196,0.2177999845859582,0.023498540744185448,0.014131265376178261,1.93558802685449,0.40977096759984233,0.023060470819473267,0.0024786293506622314,0.09762696176767349,0.052986029535532,0.0,0.08785247057676315,1.0,0.3333035111427307,41.99846267700195,-0.8399192094802856,0.6863213|0.2839436|0.0297351|0.0000000|0.0000000|0.0000000|0.0000000|0.0000000|0.0000000|0.0000000,0,0.6863212585449219,8.921712009649081,0,0,0,0,0,
cross_town,Town02,mixed,6,144,7.2,173.21304321289062,236.9246368408203,0.22166568040847778,-179.14964294433594,1.1172786668658052,498.4781516852452,0.22363668660427016,0.024093633517622948,0.014234063394255703,2.1840080887309594,0.019926942784222967,0.2787046730518341,0.00038361549377441406,-0.2819313406944275,0.11298602819442749,0.0,0.007852470502257347,1.0,0.3360673785209656,26.92661476135254,-1.2502491474151611,0.6863573|0.3136427|0.0000000|0.0000000|0.0000000|0.0000000|0.0000000|0.0000000|0.0000000|0.0000000,0,0.686357319355011,8.906360838100813,0,0,0,0,0,
cross_town,Town02,mixed,6,145,7.25,173.18370056152344,236.9248504638672,0.2216661423444748,-179.18319702148438,1.1466211920205653,498.44880916009043,0.22950994391850932,0.023864751681685448,0.01364843427054696,2.0800637818480534,-0.06558587370526137,0.01826813817024231,0.002254575490951538,-0.11988810449838638,0.052986029535532,0.0,-0.07214752584695816,1.0,0.3276669681072235,44.10161209106445,-0.7238843441009521,0.6880382|0.2646034|0.0309848|0.0163736|0.0000000|0.0000000|0.0000000|0.0000000|0.0000000|0.0000000,0,0.688038170337677,8.881255879697111,0,0,0,0,0,
cross_town,Town02,mixed,6,146,7.3,173.15170288085938,236.92454528808594,0.22165438532829285,-179.18153381347656,1.1786189842570507,498.41681136785394,0.2359146846932465,0.024154668673872948,0.013677462726429113,2.3950669111834997,-0.3012024631226493,0.04305386543273926,0.000523298978805542,0.49064362049102783,0.0,0.0,0.007852474227547646,1.0,0.3500048816204071,37.978721618652344,-0.154743492603302,0.9265826|0.0479068|0.0255106|0.0000000|0.0000000|0.0000000|0.0000000|0.0000000|0.0000000|0.0000000,0,0.9265825748443604,8.807651457240034,0,0,0,0,0,
cross_town,Town02,mixed,6,147,7.35,173.11972045898438,236.9232635498047,0.22165706753730774,-179.1436767578125,1.2106022329636819,498.3848281191473,0.24231651440655866,0.0254211463034153,0.01433819299287764,2.278011030270373,-0.26775236928943824,0.18031281232833862,0.0006432235240936279,0.09819162636995316,0.05999999865889549,0.0,0.08785247057676315,1.0,0.34849023818969727,46.22768020629883,-0.8417420387268066,0.6404030|0.3215606|0.0380364|0.0000000|0.0000000|0.0000000|0.0000000|0.0000000|0.0000000|0.0000000,0,0.6404030323028564,8.596110217907109,0,0,0,0,0,
cross_town,Town02,mixed,6,148,7.4,173.0888671875,236.92236328125,0.22166670858860016,-179.11032104492188,1.2414560931306584,498.3539742589804,0.24849228349740704,0.0262908972799778,0.014920360007169007,2.239868674043267,0.24614819455113587,0.1012880802154541,0.00022795796394348145,-0.2629620134830475,0.1012880802154541,0.0,0.007852470502257347,1.0,0.3383854627609253,50.29183578491211,-1.260643482208252,0.6565509|0.2876417|0.0370618|0.0187456|0.0000000|0.0000000|0.0000000|0.0000000|0.0000000|0.0000000,0,0.6565508842468262,8.614881086686719,0,0,0,0,0,
cross_town,Town02,mixed,6,149,7.45,173.0589599609375,236.92259216308594,0.22167590260505676,-179.15602111816406,1.2713630741367237,498.3240672779743,0.2544785234005597,0.0260467566549778,0.014122743260690298,2.01576868525794,0.304370114500732,0.03688359260559082,0.0005267560482025146,-0.14038892090320587,0.04128808155655861,0.0,-0.07214752584695816,1.0,0.34047800302505493,35.520809173583984,-0.8504623174667358,0.6582829|0.2831170|0.0377519|0.0208481|0.0000000|0.0000000|0.0000000|0.0000000|0.0000000|0.0000000,0,0.6582829356193542,8.61873344069513,0,0,0,0,0,
cross_town,Town02,mixed,6,150,7.5,173.02926635742188,236.9225311279297,0.2216787338256836,-179.147705078125,1.301056789774682,498.2943735623363,0.2604220756898652,0.0260925330221653,0.014267885540099725,2.1806213704222848,-0.27677919820264035,0.14522922039031982,0.0006726086139678955,0.6381555795669556,0.1012880802154541,0.0,0.007852474227547646,1.0,0.33165568113327026,14.15528392791748,-0.9587284326553345,0.6662486|0.2765049|0.0345224|0.0227240|0.0000000|0.0000000|0.0000000|0.0000000|0.0000000|0.0000000,0,0.666248619556427,8.615188330824889,0,0,0,0,0,
cross_town,Town02,mixed,6,151,7.55,173.0001983642578,236.92147827148438,0.22168155014514923,-179.1138458251953,1.330125372047436,498.26530498006355,0.2662405000602135,0.0271301306784153,0.01485884098598822,2.1221002202646324,0.25118432376310507,0.06388789415359497,0.00024315714836120605,0.06568668782711029,0.06388789415359497,0.0,0.06568668782711029,1.0,0.32724571228027344,34.09404754638672,-0.8456860184669495,0.6836134|0.2818581|0.0345285|0.0000000|0.0000000|0.0000000|0.0000000|0.0000000|0.0000000|0.0000000,0,0.6836133599281311,8.602823931753276,0,0,0,0,0,
cross_town,Town02,mixed,6,152,7.6,172.97113037109375,236.92076110839844,0.22168152034282684,-179.1173095703125,1.3591938351109287,498.23623651700007,0.2720589005694026,0.0278320349752903,0.014798387229243202,2.1212151094514087,0.29641838104174323,0.18168479204177856,7.11977481842041e-05,-0.14607590436935425,0.12388789653778076,0.0,-0.014313312247395515,1.0,0.3375864028930664,61.416648864746094,-1.4925462007522583,0.6496714|0.2934801|0.0355418|0.0213068|0.0000000|0.0000000|0.0000000|0.0000000|0.0000000|0.0000000,0,0.6496714353561401,8.776714621221792,0,0,0,0,0,
cross_town,Town02,mixed,6,153,7.65,172.94223022460938,236.91978454589844,0.22168169915676117,-179.05955505371094,1.3880945707440548,498.20733578136696,0.27784372842756716,0.0287780798971653,0.01580639370183823,2.0726529651350303,0.30251095603416883,0.04159161448478699,0.00032904744148254395,0.1736413687467575,0.06388789415359497,0.0,0.06568668782711029,1.0,0.3265654742717743,16.811622619628906,-0.886044979095459,0.6974003|0.2630135|0.0395863|0.0000000|0.0000000|0.0000000|0.0000000|0.0000000|0.0000000|0.0000000,0,0.6974002718925476,8.808792137739855,0,0,0,0,0,
cross_town,Town02,mixed,6,154,7.7,172.91372680664062,236.9176483154297,0.22168350219726562,-178.996826171875,1.4165992932118092,498.1788310588992,0.2835492895147982,0.0308990515768528,0.0169012192259701,2.0853084608579535,0.42449972624188786,0.5027121901512146,0.0026590824127197266,0.4873639643192291,0.12388789653778076,0.0,0.14568668603897095,1.0,0.31367895007133484,19.755062103271484,-0.40621721744537354,0.8065359|0.1192824|0.0741817|0.0000000|0.0000000|0.0000000|0.0000000|0.0000000|0.0000000|0.0000000,0,0.8065358996391296,8.965347321189874,0,0,0,0,0,
cross_town,Town02,mixed,6,155,7.75,172.8850555419922,236.91587829589844,0.2216797173023224,-178.91908264160156,1.4452716239006689,498.15015872821033,0.28928839939189444,0.0326538123190403,0.01825809980136528,2.097588795799436,0.30786692324481624,0.18462878465652466,0.0016159415245056152,-0.3829888105392456,0.18388789892196655,0.0,0.06568668782711029,1.0,0.3512245714664459,99.45843505859375,0.12482964992523193,0.9353189|0.0646810|0.0000000|0.0000000|0.0000000|0.0000000|0.0000000|0.0000000|0.0000000|0.0000000,0,0.9353189468383789,9.02853193703562,0,0,0,0,0,
cross_town,Town02,mixed,6,156,7.8,172.85508728027344,236.91421508789062,0.2216724008321762,-178.870361328125,1.475240832141028,498.12018951997,0.2952870948201607,0.0343017615377903,0.019108447137427653,2.314301845172803,0.26803943205982905,0.044959694147109985,0.0013161897659301758,-0.12785835564136505,0.12388789653778076,0.0,-0.014313312247395515,1.0,0.33293163776397705,137.26138305664062,-1.7078723907470703,0.6658142|0.2859945|0.0481914|0.0000000|0.0000000|0.0000000|0.0000000|0.0000000|0.0000000|0.0000000,0,0.6658141613006592,9.14385012935475,0,0,0,0,0,
cross_town,Town02,mixed,6,157,7.85,172.82421875,236.91384887695312,0.22166851162910461,-178.88734436035156,1.506109593465642,498.0893207586454,0.3014658465559118,0.0346527136862278,0.018812037308101548,2.141215421012337,-0.2667914687517969,0.03541770577430725,0.016041874885559082,-0.7135196328163147,0.06388789415359497,0.0,-0.09431330859661102,1.0,0.3770493268966675,41.776939392089844,-4.095496654510498,0.6614423|0.3385577|0.0000000|0.0000000|0.0000000|0.0000000|0.0000000|0.0000000|0.0000000|0.0000000,0,0.6614422798156738,9.304269926732898,0,0,0,0,0,
cross_town,Town02,mixed,6,158,7.9,172.7915802001953,236.91378784179688,0.22165973484516144,-178.91122436523438,1.538748135480536,498.05668221663046,0.3079988410614641,0.0346832312643528,0.018395252597504186,2.482660991935106,-0.3029337514622937,0.1262618899345398,6.622076034545898e-05,0.4279925525188446,0.12388789653778076,0.0,-0.014313308522105217,1.0,0.3351062536239624,6.417355537414551,-1.2454107999801636,0.6611742|0.2635671|0.0476534|0.0276054|0.0000000|0.0000000|0.0000000|0.0000000|0.0000000|0.0000000,0,0.6611741781234741,9.350069181532328,0,0,0,0,0,
cross_town,Town02,mixed,6,159,7.95,172.75894165039062,236.91259765625,0.22165988385677338,-178.8797149658203,1.5713875119602576,498.02404284015074,0.314532002595131,0.0358581580221653,0.018945195362605638,2.3914326583141543,-0.28377027949188427,0.06437915563583374,0.0032968223094940186,0.5136007070541382,0.06437915563583374,0.0,0.06568668782711029,1.0,0.31486207246780396,25.16215705871582,-0.5273336172103882,0.7789829|0.1456669|0.0753502|0.0000000|0.0000000|0.0000000|0.0000000|0.0000000|0.0000000|0.0000000,0,0.778982937335968,9.279298353873742,0,0,0,0,0,
cross_town,Town02,mixed,6,160,8.0,172.72592163085938,236.91171264648438,0.22166034579277039,-178.8701934814453,1.6044080004477137,497.9910223516633,0.32114144825482877,0.0367279089987278,0.019111376614626696,2.5297870423696733,0.048062654797605575,0.5506711602210999,4.4286251068115234e-05,-0.03674420341849327,0.12437915802001953,0.0,-0.014313312247395515,1.0,0.3225555419921875,36.57491683959961,-1.56197190284729,0.7274444|0.2725556|0.0000000|0.0000000|0.0000000|0.0000000|0.0000000|0.0000000|0.0000000|0.0000000,0,0.7274444103240967,9.393733736792603,0,0,0,0,0,
cross_town,Town02,mixed,6,161,8.05,172.6933135986328,236.911865234375,0.22166648507118225,-178.90306091308594,1.637015905682505,497.9584144464285,0.3276683104424612,0.0365600623190403,0.018537731715823735,2.264230513949014,-0.17390332718938445,0.2614441514015198,4.121661186218262e-05,-0.07432765513658524,0.18437916040420532,0.0,-0.07432765513658524,1.0,0.32315754890441895,30.488739013671875,-1.42258882522583,0.6661410|0.2579511|0.0516223|0.0242856|0.0000000|0.0000000|0.0000000|0.0000000|0.0000000|0.0000000,0,0.6661410331726074,9.52447537771294,0,0,0,0,0,
cross_town,Town02,mixed,6,162,8.1,172.65879821777344,236.91159057617188,0.2216600775718689,-178.90951538085938,1.6715315167226683,497.92389883538834,0.33457702276111406,0.0368042029440403,0.01842508000171339,2.6243615115459686,-0.30219451706948425,0.02226436138153076,0.0008185207843780518,0.12045809626579285,0.12437915802001953,0.0,0.00567234493792057,1.0,0.3204283118247986,149.4768829345703,-1.577040195465088,0.6806360|0.2479876|0.0467452|0.0246311|0.0000000|0.0000000|0.0000000|0.0000000|0.0000000|0.0000000,0,0.6806360483169556,9.507177108763416,0,0,0,0,0,
cross_town,Town02,mixed,6,163,8.15,172.62413024902344,236.9119110107422,0.2216610610485077,-178.94052124023438,1.7061992387799942,497.889231113331,0.3415161819189335,0.0364685095846653,0.017883925668209066,2.420518672957811,-0.3020025495862017,0.2505033016204834,8.118152618408203e-05,-0.18449610471725464,0.18437916040420532,0.0,-0.07432765513658524,1.0,0.32634294033050537,46.15978240966797,-1.5163217782974243,0.6622735|0.2596225|0.0528524|0.0252516|0.0000000|0.0000000|0.0000000|0.0000000|0.0000000|0.0000000,0,0.6622735261917114,9.625250773243254,0,0,0,0,0,
cross_town,Town02,mixed,6,164,8.2,172.5875701904297,236.91172790527344,0.22165438532829285,-178.94125366210938,1.7427594078572712,497.85267094425376,0.3488341369793931,0.0366210974752903,0.017871142494976677,2.768593813919304,-0.3008806181648418,0.016698896884918213,0.00044226646423339844,0.00807301327586174,0.12437915802001953,0.0,0.00567234493792057,1.0,0.3323860168457031,167.99972534179688,-1.6511999368667603,0.6702909|0.2668491|0.0628600|0.0000000|0.0000000|0.0000000|0.0000000|0.0000000|0.0000000|0.0000000,0,0.6702909469604492,9.610304548650216,0,0,0,0,0,
cross_town,Town02,mixed,6,165,8.25,172.5507049560547,236.91200256347656,0.22165565192699432,-178.9617919921875,1.7796245142244402,497.81580583788656,0.356213128885141,0.0363311804831028,0.017512681012251896,2.58532027780765,-0.3006062755590469,0.37638452649116516,2.765655517578125e-05,-0.06172895058989525,0.18437916040420532,0.0,-0.06172895058989525,1.0,0.3405507802963257,54.46668243408203,-1.4905390739440918,0.6321683|0.2705785|0.0657517|0.0315015|0.0000000|0.0000000|0.0000000|0.0000000|0.0000000|0.0000000,0,0.6321682929992676,9.720314569308433,0,0,0,0,0,
cross_town,Town02,mixed,6,166,8.3,172.5120849609375,236.913330078125,0.2216503918170929,-179.0590057373047,1.818243665659424,497.77718668645156,0.36394321388767303,0.0349731482565403,0.01581598108176241,2.9208216092371644,-0.2992249817070016,0.02038446068763733,0.0002862513065338135,-0.36467641592025757,0.12437915802001953,0.0,-0.1417289525270462,1.0,0.3352019190788269,121.7024154663086,-1.5409585237503052,0.6505412|0.2820703|0.0673885|0.0000000|0.0000000|0.0000000|0.0000000|0.0000000|0.0000000|0.0000000,0,0.6505411863327026,9.788900790617035,0,0,0,0,0,
cross_town,Town02,mixed,6,167,8.35,172.47366333007812,236.9163055419922,0.22165587544441223,-179.201416015625,1.8566634992098496,497.73876685290116,0.37163340303198683,0.0319824256002903,0.01333045283639178,2.7084919487366146,-0.29864040358077354,0.033037811517715454,0.0003205239772796631,-0.22974732518196106,0.06437915563583374,0.0,-0.22172895073890686,1.0,0.33520445227622986,61.36188888549805,-1.6312463283538818,0.6434023|0.2890874|0.0675103|0.0000000|0.0000000|0.0000000|0.0000000|0.0000000|0.0000000|0.0000000,0,0.6434022784233093,9.929491164788987,0,0,0,0,0,
cross_town,Town02,mixed,6,168,8.4,172.433837890625,236.9193572998047,0.22165267169475555,-179.33267211914062,1.8964870218097196,497.6989433303013,0.3796045573261329,0.0289001502096653,0.01103960166670559,2.9992898698197887,-0.29707816444259105,0.12839430570602417,0.00025725364685058594,0.5249989032745361,0.12437915802001953,0.0,-0.1417289525270462,1.0,0.33356183767318726,11.051684379577637,-1.421504259109497,0.6458481|0.2602597|0.0658863|0.0280060|0.0000000|0.0000000|0.0000000|0.0000000|0.0000000|0.0000000,0,0.6458480954170227,9.953408319339912,0,0,0,0,0,
cross_town,Town02,mixed,6,169,8.45,172.39468383789062,236.92201232910156,0.22166064381599426,-179.44927978515625,1.9356393962696004,497.6597909558414,0.3874413732938623,0.0262298621237278,0.009004413961666735,2.735602737243043,-0.2968467212655403,0.058184027671813965,0.0002554357051849365,-0.038446858525276184,0.06437915563583374,0.0,-0.06172895431518555,1.0,0.32986944913864136,38.21757888793945,-1.6511280536651611,0.6422404|0.2598253|0.0653936|0.0325407|0.0000000|0.0000000|0.0000000|0.0000000|0.0000000|0.0000000,0,0.6422404050827026,10.075015858456508,0,0,0,0,0,
cross_town,Town02,mixed,6,170,8.5,172.35397338867188,236.92303466796875,0.22165697813034058,-179.48233032226562,1.9763492397257432,497.6190811123853,0.39558993530681963,0.0251770056784153,0.008427573269555566,3.0607906965783425,-0.2956508101617878,0.6090612411499023,6.198883056640625e-06,0.2972697615623474,0.12437915802001953,0.0,0.01827104575932026,1.0,0.3247624933719635,29.00600814819336,-1.8558567762374878,0.6823843|0.2500330|0.0675828|0.0000000|0.0000000|0.0000000|0.0000000|0.0000000|0.0000000|0.0000000,0,0.6823842525482178,10.019800995387161,0,0,0,0,0,
cross_town,Town02,mixed,6,171,8.55,172.3135528564453,236.92369079589844,0.2216620147228241,-179.51353454589844,2.0167692896934404,497.57866106241755,0.40368049168745135,0.024490362033247948,0.007882956826634757,2.81769705799699,-0.2956391436992989,0.3657468557357788,1.6182661056518555e-05,-0.10963702201843262,0.18437916040420532,0.0,-0.06172895431518555,1.0,0.33091646432876587,26.92719078063965,-1.9691768884658813,0.6443164|0.2573361|0.0636754|0.0346721|0.0000000|0.0000000|0.0000000|0.0000000|0.0000000|0.0000000,0,0.6443163752555847,10.127553123989122,0,0,0,0,0,
cross_town,Town02,mixed,6,172,8.6,172.27186584472656,236.925537109375,0.22165873646736145,-179.61239624023438,2.0584551776012807,497.53697517450973,0.4120244206698403,0.022628789767622948,0.006157494756372284,3.1313002878266385,-0.29443401524141893,0.009074300527572632,0.002159029245376587,-0.8433231115341187,0.12437915802001953,0.0,-0.1417289525270462,1.0,0.36162281036376953,74.32861328125,-3.018397569656372,0.6558433|0.3441567|0.0000000|0.0000000|0.0000000|0.0000000|0.0000000|0.0000000|0.0000000|0.0000000,0,0.6558433175086975,10.195228414119269,0,0,0,0,0,
cross_town,Town02,mixed,6,173,8.65,172.2301483154297,236.9272918701172,0.2216617465019226,-179.67779541015625,2.1001716389593037,497.4952587131517,0.42037446929390826,0.020843511447310448,0.005016063913164448,2.914188888219169,-0.29398232545708125,0.011610269546508789,0.00011721253395080566,0.29097485542297363,0.06437915563583374,0.0,-0.06172895431518555,1.0,0.3418843746185303,53.25236129760742,-0.904894232749939,0.8577868|0.0920625|0.0501507|0.0000000|0.0000000|0.0000000|0.0000000|0.0000000|0.0000000|0.0000000,0,0.8577867746353149,10.26268543789186,0,0,0,0,0,
cross_town,Town02,mixed,6,174,8.7,172.18711853027344,236.9274139404297,0.2216579020023346,-179.6831512451172,2.1432013467904905,497.45222900532053,0.4289873799045717,0.020690923556685448,0.004922586958902464,3.2200615610529746,-0.2931344475154473,0.580204963684082,3.3676624298095703e-06,0.14882642030715942,0.12437915802001953,0.0,0.01827104575932026,1.0,0.33024516701698303,71.31277465820312,-1.975069522857666,0.6363757|0.2484207|0.0787669|0.0364368|0.0000000|0.0000000|0.0000000|0.0000000|0.0000000|0.0000000,0,0.6363756656646729,10.235374328163047,0,0,0,0,0,
cross_town,Town02,mixed,6,175,8.75,172.14442443847656,236.92800903320312,0.22166255116462708,-179.71157836914062,2.1858950707698472,497.40953528134116,0.43753303932929194,0.020080571994185448,0.00442644004782089,3.0073509156779377,-0.29316584934728007,0.38099801540374756,9.387731552124023e-06,-0.26697874069213867,0.18437916040420532,0.0,-0.06172895431518555,1.0,0.3298279643058777,58.902130126953125,-2.260173797607422,0.6885917|0.2719077|0.0395006|0.0000000|0.0000000|0.0000000|0.0000000|0.0000000|0.0000000|0.0000000,0,0.6885916590690613,10.390380552855662,0,0,0,0,0,
cross_town,Town02,mixed,6,176,8.8,172.09994506835938,236.9280242919922,0.22165648639202118,-179.70997619628906,2.230374415370053,497.36505593674093,0.4464361120753451,0.020034795626997948,0.00445440323926638,3.2889598060744274,-0.2920601588240977,0.011793643236160278,0.017426759004592896,0.4605846405029297,0.12437915802001953,0.0,0.01827104575932026,1.0,0.3114200532436371,44.22310256958008,-1.2148514986038208,0.7594669|0.2405332|0.0000000|0.0000000|0.0000000|0.0000000|0.0000000|0.0000000|0.0000000|0.0000000,0,0.7594668865203857,10.385431260779823,0,0,0,0,0,
cross_town,Town02,mixed,6,177,8.85,172.05551147460938,236.92645263671875,0.22166037559509277,-179.6597137451172,2.2748089521892427,497.3206213999218,0.45533021600817586,0.021575933322310448,0.005331648502338471,3.0842392187687393,-0.2924029511096768,0.06796842813491821,0.000530630350112915,0.3161363899707794,0.06796842813491821,0.0,0.09827104210853577,1.0,0.31820419430732727,27.2957763671875,-1.322776198387146,0.6688575|0.2317822|0.0993604|0.0000000|0.0000000|0.0000000|0.0000000|0.0000000|0.0000000|0.0000000,0,0.6688575148582458,10.458126153990936,0,0,0,0,0,
cross_town,Town02,mixed,6,178,8.9,172.01058959960938,236.92300415039062,0.22166071832180023,-179.52528381347656,2.3197328728275606,497.27569747928345,0.4643222759649004,0.024993902072310448,0.007677893422698645,3.361766931666127,-0.2928513696707734,0.24985232949256897,0.00019437074661254883,0.5189697742462158,0.127968430519104,0.0,0.17827104032039642,1.0,0.34278637170791626,73.56423950195312,-1.653806447982788,0.8429578|0.1065526|0.0504895|0.0000000|0.0000000|0.0000000|0.0000000|0.0000000|0.0000000|0.0000000,0,0.8429577946662903,10.44391788058271,0,0,0,0,0,
cross_town,Town02,mixed,6,179,8.95,171.9661102294922,236.9178009033203,0.22166560590267181,-179.342041015625,2.364215391374343,497.2312149607367,0.47322598401431776,0.0301818884909153,0.010876083575774409,3.220467058804004,-0.22427955220461465,0.327351450920105,0.0002549886703491211,0.22481301426887512,0.1879684329032898,0.0,0.22481301426887512,1.0,0.3310168385505676,26.007781982421875,-3.2020602226257324,0.6355265|0.2408966|0.0852409|0.0383360|0.0000000|0.0000000|0.0000000|0.0000000|0.0000000|0.0000000,0,0.6355264782905579,10.505956057648985,0,0,0,0,0,
cross_town,Town02,mixed,6,180,9.0,171.91995239257812,236.9129180908203,0.22165949642658234,-179.1772918701172,2.410376137898881,497.18505421421213,0.4824656094632544,0.0350341834127903,0.013751498604733124,3.488360633477973,-0.2943177481169869,0.43415793776512146,0.0002002716064453125,-0.014965251088142395,0.24796843528747559,0.0,0.14481301605701447,1.0,0.3307969570159912,33.016395568847656,-3.4852824211120605,0.6266823|0.2462053|0.0852256|0.0418868|0.0000000|0.0000000|0.0000000|0.0000000|0.0000000|0.0000000,0,0.6266822814941406,10.570668194211567,0,0,0,0,0,
cross_town,Town02,mixed,6,181,9.05,171.87283325195312,236.9097442626953,0.22165778279304504,-179.08291625976562,2.4574972044285195,497.1379331476825,0.49189745444558897,0.038177501410245895,0.015398663738947159,3.335306879589254,-0.23667189525690707,0.010118037462234497,0.0021928250789642334,-0.19452983140945435,0.1879684329032898,0.0,0.06481301784515381,1.0,0.34859713912010193,12.788206100463867,-0.9515960216522217,1.0000000|0.0000000|0.0000000|0.0000000|0.0000000|0.0000000|0.0000000|0.0000000|0.0000000|0.0000000,0,1.0,10.720654098625326,0,0,0,0,0,
cross_town,Town02,mixed,6,182,9.1,171.8236083984375,236.90843200683594,0.22165000438690186,-179.07009887695312,2.50672282105592,497.0887075310551,0.5017505502981084,0.039459239691495895,0.015622369270513747,3.6842167845696125,-0.2934254284040763,0.058717161417007446,0.0026907920837402344,-0.03700651228427887,0.127968430519104,0.0,-0.015186982229351997,1.0,0.3278791904449463,108.6027603149414,-1.0736788511276245,0.6730366|0.2363066|0.0906568|0.0000000|0.0000000|0.0000000|0.0000000|0.0000000|0.0000000|0.0000000,0,0.6730366349220276,10.768811706371265,0,0,0,0,0,
cross_town,Town02,mixed,6,183,9.15,171.7743377685547,236.90663146972656,0.22165359556674957,-179.02462768554688,2.5559945120627354,497.03943584004827,0.5116128684886669,0.041229259222745895,0.016415991275357644,3.455852517491063,-0.293762329684757,0.0046790242195129395,0.002197265625,0.162002831697464,0.06796842813491821,0.0,0.06481301784515381,1.0,0.3188616633415222,50.604549407958984,-1.0757362842559814,0.6349336|0.2459278|0.1191386|0.0000000|0.0000000|0.0000000|0.0000000|0.0000000|0.0000000|0.0000000,0,0.634933590888977,10.877144505434057,0,0,0,0,0,
cross_town,Town02,mixed,6,184,9.2,171.72401428222656,236.90359497070312,0.22165247797966003,-178.9287567138672,2.6063198341237768,496.9891105179872,0.521686083535004,0.044235240668058395,0.018089255388254344,3.7482677333497207,-0.29377892458223476,0.10569179058074951,0.0034016966819763184,0.09460431337356567,0.10569179058074951,0.0,0.09460431337356567,1.0,0.3381221890449524,81.27657318115234,-0.0037364959716796875,0.9344205|0.0655794|0.0000000|0.0000000|0.0000000|0.0000000|0.0000000|0.0000000|0.0000000|0.0000000,0,0.9344205260276794,10.870763442310496,0,0,0,0,0,
cross_town,Town02,mixed,6,185,9.25,171.6741943359375,236.90147399902344,0.22165973484516144,-178.88609313964844,2.6561410202196294,496.93928933189136,0.5316583897389937,0.046325694769620895,0.01883387522904023,3.4891862611972293,-0.29451460039672483,0.11540406942367554,0.00433620810508728,-0.055047500878572464,0.11540406942367554,0.0,0.014604313299059868,1.0,0.32172781229019165,48.451053619384766,-0.9490156173706055,0.6528281|0.2167445|0.0913859|0.0390415|0.0000000|0.0000000|0.0000000|0.0000000|0.0000000|0.0000000,0,0.6528280973434448,11.080753451519376,0,0,0,0,0,
cross_town,Town02,mixed,6,186,9.3,171.6234893798828,236.90126037597656,0.22165988385677338,-178.93101501464844,2.706846142986533,496.8885842091245,0.5418076264386102,0.046508800238370895,0.01804984060412096,3.7587828469588795,-0.2939946260128135,0.018868684768676758,0.0056092143058776855,-0.3083660304546356,0.055404070764780045,0.0,-0.06539568305015564,1.0,0.33041834831237793,68.85861206054688,-0.8739453554153442,0.6355420|0.2233176|0.0984449|0.0426955|0.0000000|0.0000000|0.0000000|0.0000000|0.0000000|0.0000000,0,0.6355419754981995,11.216466838020597,0,0,0,0,0,
cross_town,Town02,mixed,6,187,9.35,171.57069396972656,236.90164184570312,0.2216518670320511,-178.98672485351562,2.7596413021236597,496.83578904998734,0.5523752089122764,0.046096812933683395,0.017077520490133224,3.858055642197758,0.20228647435027053,0.00633084774017334,0.0016645491123199463,-0.04542984813451767,0.0,0.0,-0.04542984813451767,1.0,0.33263063430786133,14.919184684753418,-0.16135859489440918,0.6275942|0.2396657|0.0842985|0.0484415|0.0000000|0.0000000|0.0000000|0.0000000|0.0000000|0.0000000,0,0.6275942325592041,11.402241628735876,0,0,0,0,0,
cross_town,Town02,mixed,6,188,9.4,171.51844787597656,236.9029998779297,0.22165900468826294,-179.09097290039062,2.8118865489393357,496.78354380317165,0.5628327198584542,0.044708263128995895,0.01525804883339088,3.717281036144531,0.10743847812329765,0.1578814685344696,0.001299828290939331,-0.15007814764976501,0.05999999865889549,0.0,-0.12542985379695892,1.0,0.3264608085155487,24.434677124023438,-0.11099892854690552,1.0000000|0.0000000|0.0000000|0.0000000|0.0000000|0.0000000|0.0000000|0.0000000|0.0000000|0.0000000,0,1.0,13.461340456567115,0,0,0,0,0,
cross_town,Town02,mixed,6,189,9.45,171.4656982421875,236.9039764404297,0.2216598391532898,-179.16229248046875,2.864635574092417,496.7307947780186,0.5733910680635016,0.043701183050870895,0.014013287339888159,3.8266672395762695,-0.16143630062194164,0.008873909711837769,0.00622868537902832,0.16958391666412354,0.0,0.0,-0.04542985558509827,1.0,0.3117581009864807,13.4822998046875,-0.34762609004974365,0.6456048|0.2159245|0.0945353|0.0439354|0.0000000|0.0000000|0.0000000|0.0000000|0.0000000|0.0000000,0,0.6456047892570496,13.438168302527862,0,0,0,0,0,
cross_town,Town02,mixed,6,190,9.5,171.41220092773438,236.9029083251953,0.22166022658348083,-179.14146423339844,2.9181335314283543,496.67729682068267,0.5840993240013577,0.044738780707120895,0.014376808828683973,3.863303952039608,0.4146375869424861,0.023413389921188354,0.0007719993591308594,0.13533994555473328,0.0,0.0,0.03457014262676239,1.0,0.3252345621585846,9.853446006774902,-0.45350658893585205,0.6273081|0.2224388|0.1006674|0.0495857|0.0000000|0.0000000|0.0000000|0.0000000|0.0000000|0.0000000,0,0.6273081302642822,13.253125142542881,0,0,0,0,0,
cross_town,Town02,mixed,6,191,9.55,171.36050415039062,236.90248107910156,0.22167335450649261,-179.16273498535156,2.9698305348522345,496.6255998172588,0.5944470974762761,0.045135509222745895,0.014005564172726805,3.644086181302622,-0.25158890797423356,0.06631043553352356,0.002905130386352539,-0.2428654581308365,0.05999999865889549,0.0,-0.04542985558509827,1.0,0.32605400681495667,19.48291015625,-0.6335949897766113,0.6935350|0.2530028|0.0534623|0.0000000|0.0000000|0.0000000|0.0000000|0.0000000|0.0000000|0.0000000,0,0.6935349702835083,13.307858258579065,0,0,0,0,0,
cross_town,Town02,mixed,6,192,9.6,171.30914306640625,236.9013214111328,0.22167780995368958,-179.14169311523438,3.0211923218339036,496.5742380302771,0.6047277733714639,0.046264659613370895,0.014372814087048715,3.7181778321112846,-0.20454666163817997,0.03426259756088257,0.0010930299758911133,0.14408649504184723,0.0,0.0,0.03457014262676239,1.0,0.320660263299942,11.75545597076416,-0.6457209587097168,0.6510974|0.2008475|0.0948286|0.0532266|0.0000000|0.0000000|0.0000000|0.0000000|0.0000000|0.0000000,0,0.6510973572731018,13.151718130472945,0,0,0,0,0,
cross_town,Town02,mixed,6,193,9.65,171.25929260253906,236.90090942382812,0.22168810665607452,-179.16268920898438,3.071043012221878,496.52438733988913,0.6147059852123609,0.046646129339933395,0.014006363121053855,3.512568112034392,-0.17249979574027913,0.14075928926467896,0.001873314380645752,-0.1435534656047821,0.05999999865889549,0.0,-0.04542985558509827,1.0,0.3191881775856018,18.693584442138672,-0.9503277540206909,0.7061057|0.2434379|0.0504564|0.0000000|0.0000000|0.0000000|0.0000000|0.0000000|0.0000000|0.0000000,0,0.7061057090759277,13.205040483268075,0,0,0,0,0,
cross_town,Town02,mixed,6,194,9.7,171.211669921875,236.90005493164062,0.22169947624206543,-179.153076171875,3.1186661583569517,496.47676419375404,0.6242383274320463,0.047470103949308395,0.014174142269728573,3.3841652632125765,0.14838996445293057,0.06134498119354248,0.0003718137741088867,0.34120598435401917,0.06134498119354248,0.0,0.03457014262676239,1.0,0.32445770502090454,9.813143730163574,-0.8118927478790283,0.6334442|0.2215565|0.0975341|0.0474652|0.0000000|0.0000000|0.0000000|0.0000000|0.0000000|0.0000000,0,0.6334442496299744,13.044946023902137,0,0,0,0,0,
cross_town,Town02,mixed,6,195,9.75,171.1657257080078,236.89791870117188,0.22170665860176086,-179.0817413330078,3.164611672560575,496.43081867955044,0.6334348715580086,0.049575816839933395,0.015419170079340905,3.2743727006645367,0.44753452693398016,0.28252583742141724,0.000548243522644043,0.09056684374809265,0.12134498357772827,0.0,0.09056684374809265,1.0,0.32929420471191406,32.68186950683594,-0.3178040385246277,0.9264619|0.0735381|0.0000000|0.0000000|0.0000000|0.0000000|0.0000000|0.0000000|0.0000000|0.0000000,0,0.926461935043335,12.983552198787955,0,0,0,0,0,
cross_town,Town02,mixed,6,196,9.8,171.12083435058594,236.8942108154297,0.221708744764328,-178.94253540039062,3.2095052842442584,496.38592506786676,0.6424208648150012,0.0532531812787056,0.017848771941820107,3.2259984179326073,0.41752914248642276,0.2368488311767578,0.0023193955421447754,0.30232226848602295,0.18134498596191406,0.0,0.1705668419599533,1.0,0.3177570402622223,92.42837524414062,-1.15384042263031,0.6412705|0.2095250|0.1002765|0.0489281|0.0000000|0.0000000|0.0000000|0.0000000|0.0000000|0.0000000,0,0.6412704586982727,12.807380655230174,0,0,0,0,0,
cross_town,Town02,mixed,6,197,9.85,171.0761260986328,236.88978576660156,0.2217041701078415,-178.7938995361328,3.254216148130676,496.3412142039803,0.6513702789149072,0.0576477125287056,0.020442957159666264,3.2536859983493165,0.2791061408298271,0.012419790029525757,0.0023870766162872314,0.14879748225212097,0.12134498357772827,0.0,0.14879748225212097,1.0,0.3122905492782593,19.715496063232422,0.19752156734466553,0.6878197|0.3121803|0.0000000|0.0000000|0.0000000|0.0000000|0.0000000|0.0000000|0.0000000|0.0000000,0,0.6878197193145752,12.815369523626748,0,0,0,0,0,
cross_town,Town02,mixed,6,198,9.9,171.0309600830078,236.88636779785156,0.22169612348079681,-178.6941680908203,3.2993842987426714,496.29604605336834,0.6604112244215866,0.0610504224896431,0.022183599248142283,3.291196680955795,0.4020324836435396,0.13951224088668823,0.0016027987003326416,0.05369161441922188,0.13951224088668823,0.0,0.06879748404026031,1.0,0.32374006509780884,71.2878189086914,-0.2317209243774414,0.8606108|0.1393891|0.0000000|0.0000000|0.0000000|0.0000000|0.0000000|0.0000000|0.0000000|0.0000000,0,0.860610842704773,12.78526600616472,0,0,0,0,0,
cross_town,Town02,mixed,6,199,9.95,170.9846649169922,236.88296508789062,0.22168472409248352,-178.5989532470703,3.345681480266537,496.2497488718445,0.6696781589672521,0.0644226223230362,0.023845411768351532,3.389642805713181,0.3552506689468475,0.4666237533092499,0.0012832880020141602,0.09812042862176895,0.19951224327087402,0.0,0.09812042862176895,1.0,0.32912346720695496,41.269222259521484,-0.26902949810028076,0.9281085|0.0718916|0.0000000|0.0000000|0.0000000|0.0000000|0.0000000|0.0000000|0.0000000|0.0000000,0,0.9281084537506104,12.777099703900552,0,0,0,0,0,
cross_town,Town02,mixed,6,200,10.0,170.93698120117188,236.8782501220703,0.22167354822158813,-178.4476776123047,3.393368045728516,496.2020623063825,0.6792231953236434,0.0691070705652237,0.02648566967305621,3.4922607682610387,0.3617343873288934,0.5132902264595032,0.00043195486068725586,0.22012609243392944,0.2595122456550598,0.0,0.1781204342842102,1.0,0.33120012283325195,80.19441986083984,-1.2539680004119873,0.6938908|0.2459762|0.0601331|0.0000000|0.0000000|0.0000000|0.0000000|0.0000000|0.0000000|0.0000000,0,0.6938907504081726,12.614297240845373,0,0,0,0,0,
cross_town,Town02,mixed,6,201,10.05,170.8880615234375,236.8714141845703,0.22166496515274048,-178.20516967773438,3.4422917649021825,496.15313858720884,0.6890158627904346,0.0759124830365181,0.03071823159351883,3.62938555470196,0.4385518425403887,0.6494932770729065,0.001900702714920044,0.2607136368751526,0.3195122480392456,0.0,0.25812044739723206,1.0,0.31817927956581116,44.55055618286133,-1.9704326391220093,0.7191250|0.2273094|0.0535656|0.0000000|0.0000000|0.0000000|0.0000000|0.0000000|0.0000000|0.0000000,0,0.7191250324249268,12.540467617591409,0,0,0,0,0,
cross_town,Town02,mixed,6,202,10.1,170.83621215820312,236.86428833007812,0.22165068984031677,-177.96292114257812,3.4941454092951467,496.1012849428159,0.6993949898285698,0.0830078274011612,0.034946266140128746,3.7550772125916945,0.19932091902287957,0.37660449743270874,0.001608133316040039,0.09735722094774246,0.37660449743270874,0.0,0.1781204491853714,1.0,0.31661754846572876,7.654507637023926,-1.7144579887390137,0.6677257|0.2253011|0.1069732|0.0000000|0.0000000|0.0000000|0.0000000|0.0000000|0.0000000|0.0000000,0,0.6677257418632507,12.497278775941377,0,0,0,0,0,
cross_town,Town02,mixed,6,203,10.15,170.7814483642578,236.85598754882812,0.22163619101047516,-177.68911743164062,3.548914196959033,496.04651615515195,0.7103576176543059,0.09127809852361679,0.039725042400167165,4.139803314667631,-0.01098724277092522,0.4190240204334259,0.0038988590240478516,0.4612305760383606,0.4190240204334259,0.0,0.25812044739723206,1.0,0.31215137243270874,16.15460205078125,-0.7080150842666626,0.6794474|0.2150108|0.1055418|0.0000000|0.0000000|0.0000000|0.0000000|0.0000000|0.0000000|0.0000000,0,0.6794474124908447,12.436114430353635,0,0,0,0,0,
cross_town,Town02,mixed,6,204,10.2,170.72317504882812,236.8467254638672,0.22162196040153503,-177.37985229492188,3.607193101315988,495.988237250795,0.722022837313317,0.1005096584558487,0.04512273729753957,4.343100233687775,0.23643300012939297,0.30091774463653564,0.008776545524597168,0.2204163521528244,0.3590240180492401,0.0,0.2204163521528244,1.0,0.31701892614364624,36.22140121459961,-1.2735459804534912,0.7067232|0.2362739|0.0570030|0.0000000|0.0000000|0.0000000|0.0000000|0.0000000|0.0000000|0.0000000,0,0.706723153591156,12.359901002064932,0,0,0,0,0,
cross_town,Town02,mixed,6,205,10.25,170.6601104736328,236.83816528320312,0.22160322964191437,-177.1402587890625,3.6702627874580007,495.925167564653,0.7346469892391185,0.1090240627527237,0.0493044328411818,4.755523328270146,0.16166669990612398,0.1979217827320099,0.0189988911151886,0.09849750250577927,0.2990240156650543,0.0,0.14041635394096375,1.0,0.3233979046344757,18.026119232177734,-0.6887564659118652,0.7996736|0.1356659|0.0646605|0.0000000|0.0000000|0.0000000|0.0000000|0.0000000|0.0000000|0.0000000,0,0.7996736168861389,12.451718723307065,0,0,0,0,0,
cross_town,Town02,mixed,6,206,10.3,170.59353637695312,236.82847595214844,0.22159449756145477,-176.84591674804688,3.7368427095023424,495.85858764260865,0.7479737568593541,0.11866762489080429,0.05444167058394501,4.890412969382829,-0.300124244457839,0.18861442804336548,0.005559772253036499,0.4914841055870056,0.23902401328086853,0.0,0.2204163521528244,1.0,0.3392751216888428,10.067032814025879,-0.6556518077850342,0.7917579|0.1426891|0.0655530|0.0000000|0.0000000|0.0000000|0.0000000|0.0000000|0.0000000|0.0000000,0,0.7917579412460327,12.282899526057646,0,0,0,0,0,
cross_town,Town02,mixed,6,207,10.35,170.52450561523438,236.81564331054688,0.22159339487552643,-176.4432373046875,3.805881203347596,495.7895491487634,0.7617926370273723,0.1314697414636612,0.0614697527006638,5.195002897103701,0.3341189645602608,0.22944331169128418,0.001480400562286377,0.34213727712631226,0.22944331169128418,0.0,0.30041635036468506,1.0,0.3210016191005707,4.770406723022461,-0.7820984721183777,0.6288797|0.2085285|0.1087636|0.0538281|0.0000000|0.0000000|0.0000000|0.0000000|0.0000000|0.0000000,0,0.628879725933075,12.175599801628392,0,0,0,0,0,
cross_town,Town02,mixed,6,208,10.4,170.4545440673828,236.79934692382812,0.2216021716594696,-175.90335083007812,3.875852628870213,495.7195777232408,0.7757982546274576,0.1477203667163849,0.07089254926958244,5.22268649294532,0.09868462965166397,0.03514942526817322,0.0011143088340759277,0.3967333137989044,0.1694433093070984,0.0,0.3804163634777069,1.0,0.3159988522529602,14.607617378234863,-1.0715267658233643,0.6417010|0.2042624|0.1043337|0.0497029|0.0000000|0.0000000|0.0000000|0.0000000|0.0000000|0.0000000,0,0.6417009830474854,11.95824105591816,0,0,0,0,0,
cross_town,Town02,mixed,6,209,10.45,170.38392639160156,236.7792205810547,0.22161200642585754,-175.24688720703125,3.9464823279326193,495.64894802417837,0.7899356335487634,0.1678009331226349,0.08235000091132116,5.437886206577662,0.32538387507209954,0.5094959735870361,0.008010953664779663,0.9766703248023987,0.22944331169128418,0.0,0.46041637659072876,1.0,0.3156392574310303,66.57566833496094,-0.6076315641403198,0.7852891|0.2147109|0.0000000|0.0000000|0.0000000|0.0000000|0.0000000|0.0000000|0.0000000|0.0000000,0,0.7852891087532043,11.825195794410917,0,0,0,0,0,
cross_town,Town02,mixed,6,210,10.5,170.3119354248047,236.7577667236328,0.22161784768104553,-174.58473205566406,4.01848780673442,495.5769425453766,0.8043483912377302,0.18920902907848358,0.09390678846171996,5.484289859908365,-0.11213528485496022,0.055242180824279785,0.02275174856185913,0.2626889646053314,0.1694433093070984,0.0,0.3804163634777069,1.0,0.311083048582077,16.911760330200195,-1.1745680570602417,0.6823831|0.2046407|0.1129762|0.0000000|0.0000000|0.0000000|0.0000000|0.0000000|0.0000000|0.0000000,0,0.6823830604553223,11.765120607708253,0,0,0,0,0,
cross_town,Town02,mixed,6,211,10.55,170.23789978027344,236.735595703125,0.22161948680877686,-173.95242309570312,4.092536969434763,495.50289338267623,0.8191702166992149,0.2113342583179474,0.10494266170289945,5.710361793527601,0.29092389563837967,0.0818171501159668,0.004665076732635498,0.3003993630409241,0.1094433069229126,0.0,0.30041635036468506,1.0,0.31428438425064087,5.150534629821777,-1.0712676048278809,0.6448340|0.2036739|0.0988854|0.0526067|0.0000000|0.0000000|0.0000000|0.0000000|0.0000000|0.0000000,0,0.644834041595459,11.746785959746266,0,0,0,0,0,
cross_town,Town02,mixed,6,212,10.6,170.16305541992188,236.7124786376953,0.22162623703479767,-173.3016815185547,4.1673954233196175,495.4280349287914,0.834154031469517,0.23440556228160858,0.11630024480376024,5.686984527630062,0.1716442338733704,0.16205936670303345,0.017546415328979492,0.45000317692756653,0.16205936670303345,0.0,0.3804163634777069,1.0,0.3400716185569763,101.70171356201172,-1.568261981010437,0.6755090|0.3244910|0.0000000|0.0000000|0.0000000|0.0000000|0.0000000|0.0000000|0.0000000|0.0000000,0,0.675508975982666,11.636198781708044,0,0,0,0,0,
cross_town,Town02,mixed,6,213,10.65,170.08621215820312,236.68966674804688,0.22162657976150513,-172.7269744873047,4.244252584379535,495.3511777677315,0.8495379113832604,0.2571716606616974,0.12633077473343501,5.9013582600655585,-0.050290925601691905,0.0533289909362793,0.01324683427810669,0.2196824699640274,0.10205936431884766,0.0,0.30041635036468506,1.0,0.30584609508514404,21.413663864135742,-0.3582674264907837,0.7229651|0.2208772|0.0561578|0.0000000|0.0000000|0.0000000|0.0000000|0.0000000|0.0000000|0.0000000,0,0.7229650616645813,11.697113612704648,0,0,0,0,0,
cross_town,Town02,mixed,6,214,10.7,170.00845336914062,236.66775512695312,0.22163298726081848,-172.2080535888672,4.32202473612302,495.273405615988,0.8651049376246076,0.2790375351905823,0.13538765296857624,5.811815917188731,0.01870881752014275,0.04317203164100647,0.025890618562698364,0.2696276903152466,0.042059365659952164,0.0,0.2696276903152466,1.0,0.2970951199531555,14.673162460327148,-0.4451485872268677,0.7859244|0.2140756|0.0000000|0.0000000|0.0000000|0.0000000|0.0000000|0.0000000|0.0000000|0.0000000,0,0.7859243750572205,11.647283490697255,0,0,0,0,0,
cross_town,Town02,mixed,6,215,10.75,169.92958068847656,236.64727783203125,0.22163772583007812,-171.7992401123047,4.4009098851327595,495.19452046697825,0.880894743579026,0.2994690537452698,0.14252279416111646,5.937580565544834,0.14426560213827394,0.15016621351242065,0.02769133448600769,0.12151992321014404,0.10205936431884766,0.0,0.18962769210338593,1.0,0.3104570209980011,15.129298210144043,-0.6785151958465576,0.6910509|0.1945413|0.1144078|0.0000000|0.0000000|0.0000000|0.0000000|0.0000000|0.0000000|0.0000000,0,0.6910508871078491,11.735151825678976,0,0,0,0,0,
cross_town,Town02,mixed,6,216,10.8,169.85096740722656,236.62765502929688,0.22164832055568695,-171.4250946044922,4.479535128150986,495.11589522396,0.8966325262410516,0.3190460801124573,0.14905286515399085,5.797607793722165,-0.05117123618011504,0.13466322422027588,0.056322693824768066,-0.026666687801480293,0.13466322422027588,0.0,0.10962769389152527,1.0,0.30283626914024353,8.898015975952148,-0.5472633838653564,0.7041461|0.1861971|0.1096568|0.0000000|0.0000000|0.0000000|0.0000000|0.0000000|0.0000000|0.0000000,0,0.7041460871696472,11.659052693844156,0,0,0,0,0,
cross_town,Town02,mixed,6,217,10.85,169.77220153808594,236.60765075683594,0.2216549664735794,-171.06814575195312,4.558313197441943,495.0371171546691,0.9124008989091992,0.3390045762062073,0.15528279789201305,5.919829103927818,0.14608070106242332,0.5878280401229858,0.0040846168994903564,0.5639749765396118,0.19466322660446167,0.0,0.18962769210338593,1.0,0.32073208689689636,34.870540618896484,-0.6001304388046265,0.5338513|0.3072771|0.1588716|0.0000000|0.0000000|0.0000000|0.0000000|0.0000000|0.0000000|0.0000000,0,0.5338513255119324,11.649055712112157,0,0,0,0,0,
cross_town,Town02,mixed,6,218,10.9,169.69308471679688,236.58901977539062,0.22166015207767487,-170.79420471191406,4.637441384332748,494.95798896777825,0.92823935180198,0.3575897812843323,0.16006397099703262,5.82659299407693,0.05243950271629605,0.17408469319343567,0.051464200019836426,-0.05383385717868805,0.17408469319343567,0.0,0.10962769389152527,1.0,0.3088122308254242,9.856855392456055,-0.6266021728515625,0.7283321|0.2172548|0.0544132|0.0000000|0.0000000|0.0000000|0.0000000|0.0000000|0.0000000|0.0000000,0,0.7283321022987366,11.654964472481518,0,0,0,0,0,
cross_town,Town02,mixed,6,219,10.95,169.61244201660156,236.57286071777344,0.221658855676651,-170.67527770996094,4.718093900045229,494.8773364520658,0.9443829173377253,0.37368783354759216,0.1621396387506402,5.9932596929685324,0.1362179053654507,0.3207653760910034,0.05304563045501709,-0.04395046457648277,0.23408469557762146,0.0,0.029627693817019463,1.0,0.32853516936302185,7.942218780517578,-0.3292248249053955,0.6161235|0.2048900|0.1248687|0.0541178|0.0000000|0.0000000|0.0000000|0.0000000|0.0000000|0.0000000,0,0.6161234974861145,11.77651020379258,0,0,0,0,0,
cross_town,Town02,mixed,6,220,11.0,169.5311737060547,236.55636596679688,0.22165846824645996,-170.51712036132812,4.799372264378482,494.79605808773255,0.9606517539593828,0.39013680815696716,0.1649000052205074,5.971617348557111,-0.3504070944265993,0.7710939645767212,0.017960041761398315,0.5807090997695923,0.29408469796180725,0.0,0.10962769389152527,1.0,0.3203140199184418,16.465293884277344,-0.6384307146072388,0.5228603|0.3374038|0.1397360|0.0000000|0.0000000|0.0000000|0.0000000|0.0000000|0.0000000|0.0000000,0,0.5228602886199951,11.614021277768515,0,0,0,0,0,
cross_town,Town02,mixed,6,221,11.05,169.44810485839844,236.537841796875,0.22165046632289886,-170.3076629638672,4.882452417088619,494.71297793502237,0.9772812400720928,0.4086151719093323,0.1685557264488593,6.239056836982711,0.026824595002495233,0.6090254187583923,0.007954627275466919,0.44849395751953125,0.35408470034599304,0.0,0.18962769210338593,1.0,0.3573918640613556,116.80281066894531,-0.9298616647720337,1.0000000|0.0000000|0.0000000|0.0000000|0.0000000|0.0000000|0.0000000|0.0000000|0.0000000|0.0000000,0,1.0,11.58519688300922,0,0,0,0,0,
cross_town,Town02,mixed,6,222,11.1,169.36293029785156,236.5183563232422,0.2216416895389557,-170.0750274658203,4.967638818628489,494.62779153348254,0.9943323170765065,0.42803964018821716,0.17261598184679405,6.35029293731338,0.29298898249311894,0.4200648367404938,0.17564254999160767,-0.4868416488170624,0.41408470273017883,0.0,0.10962769389152527,1.0,0.3113151490688324,9.222494125366211,-0.5884226560592651,0.6475753|0.1844577|0.1168007|0.0511664|0.0000000|0.0000000|0.0000000|0.0000000|0.0000000|0.0000000,0,0.6475752592086792,11.490555626500953,0,0,0,0,0,
cross_town,Town02,mixed,6,223,11.15,169.2742156982422,236.49644470214844,0.2216249406337738,-169.79202270507812,5.056366808106358,494.53906354400465,1.0120922852602294,0.44990548491477966,0.17755534672056372,6.7563098369858,0.011597937265263758,0.9643691778182983,0.5301321744918823,0.151631161570549,0.4740847051143646,0.0,0.151631161570549,1.0,0.32052358984947205,16.320301055908203,-0.7367156744003296,0.5265228|0.3200822|0.1533951|0.0000000|0.0000000|0.0000000|0.0000000|0.0000000|0.0000000|0.0000000,0,0.5265227556228638,11.419446496364788,0,0,0,0,0,
cross_town,Town02,mixed,6,224,11.2,169.18118286132812,236.47230529785156,0.2216060906648636,-169.45758056640625,5.149414285555529,494.4460160665555,1.030716850617761,0.47398385405540466,0.18339246319779967,7.055680852850644,0.3113711917031074,0.5131826400756836,0.2715528905391693,-0.5613186359405518,0.5131826400756836,0.0,0.07163116335868835,1.0,0.3115488886833191,8.777359008789062,-0.612465500831604,0.6542122|0.1767465|0.1158010|0.0532403|0.0000000|0.0000000|0.0000000|0.0000000|0.0000000|0.0000000,0,0.6542121767997742,11.310773571237036,0,0,0,0,0,
cross_town,Town02,mixed,6,225,11.25,169.08154296875,236.44960021972656,0.22158163785934448,-169.29771423339844,5.2490681018363,494.3463622502747,1.0506637536970258,0.49662789702415466,0.18618265707187565,7.559744812470769,-0.36170437075884365,0.3418433368206024,0.18951621651649475,-0.31772059202194214,0.4531826376914978,0.0,-0.008368836715817451,0.9999198913574219,0.2894146740436554,2.5686540603637695,-0.39340388774871826,0.7556441|0.1863873|0.0579686|0.0000000|0.0000000|0.0000000|0.0000000|0.0000000|0.0000000|0.0000000,0,0.7556440830230713,11.528479284430032,0,0,0,0,0,
cross_town,Town02,mixed,6,226,11.3,168.97525024414062,236.4313201904297,0.22156310081481934,-169.37799072265625,5.355371887538232,494.24005846457277,1.0719417276822982,0.5148468613624573,0.18478156802238477,7.911252195821606,0.24889439858085094,0.9886693954467773,0.6665959358215332,-0.10095725953578949,0.5131826400756836,0.0,-0.08836883306503296,1.0,0.3207572400569916,51.041072845458984,-0.8088635206222534,0.5124429|0.3317377|0.1558194|0.0000000|0.0000000|0.0000000|0.0000000|0.0000000|0.0000000|0.0000000,0,0.512442946434021,11.658998543768694,0,0,0,0,0,
cross_town,Town02,mixed,6,227,11.35,168.8618927001953,236.4148712158203,0.22154375910758972,-169.57725524902344,5.468739418006603,494.12669093410443,1.0946335946572365,0.5312195420265198,0.18130374595485055,8.47831415525856,-0.1186270098647787,0.45709696412086487,0.10943236947059631,-0.170302614569664,0.45709696412086487,0.0,-0.16836883127689362,1.0,0.3011857569217682,14.39509105682373,0.08973491191864014,0.6671073|0.1722652|0.1096091|0.0510183|0.0000000|0.0000000|0.0000000|0.0000000|0.0000000|0.0000000,0,0.667107343673706,11.750113768833913,0,0,0,0,0,
cross_town,Town02,mixed,6,228,11.4,168.7418670654297,236.39846801757812,0.22152908146381378,-169.79124450683594,5.588775037703822,494.00665531440717,1.118660159434384,0.5475465059280396,0.17756892884212316,8.8804111938395,0.26094390948313906,0.016845643520355225,0.06074589490890503,0.16430440545082092,0.3970969617366791,0.0,-0.08836883306503296,1.0,0.29764261841773987,6.158886909484863,0.34747982025146484,0.9292210|0.0707791|0.0000000|0.0000000|0.0000000|0.0000000|0.0000000|0.0000000|0.0000000|0.0000000,0,0.929220974445343,11.722727353410264,0,0,0,0,0,
cross_town,Town02,mixed,6,229,11.45,168.61572265625,236.3839569091797,0.22152233123779297,-170.1338348388672,5.714928357471397,493.8805019946396,1.1439112550416162,0.5619813203811646,0.17158959956267728,9.322080326223421,0.007553330195920582,0.08040645718574524,0.012218654155731201,-0.3013080060482025,0.3370969593524933,0.0,-0.16836883127689362,1.0,0.2981967031955719,8.303339004516602,-0.2720663547515869,0.9318383|0.0681617|0.0000000|0.0000000|0.0000000|0.0000000|0.0000000|0.0000000|0.0000000|0.0000000,0,0.93183833360672,11.92445026665906,0,0,0,0,0,
cross_town,Town02,mixed,6,230,11.5,168.48480224609375,236.3721466064453,0.221525639295578,-170.5758056640625,5.845855888936735,493.74957446317427,1.170117966214507,0.573715329170227,0.16387575346526306,9.584412961011733,0.13652820492836026,0.9618022441864014,0.49619221687316895,-0.0009865235770121217,0.3970969617366791,0.0,-0.08836883306503296,1.0,0.32078370451927185,56.557167053222656,-0.7449121475219727,0.4962117|0.3533733|0.1504150|0.0000000|0.0000000|0.0000000|0.0000000|0.0000000|0.0000000|0.0000000,0,0.4962117075920105,11.953212467366841,0,0,0,0,0,
cross_town,Town02,mixed,6,231,11.55,168.3494110107422,236.35667419433594,0.22152656316757202,-170.82603454589844,5.981256509506302,493.6141738426047,1.1972200196648632,0.5891114473342896,0.1595084355936418,9.976329967530315,-0.35956477646318175,0.9779281616210938,0.708540141582489,0.06866790354251862,0.45709696412086487,0.0,-0.008368832990527153,1.0,0.3144623339176178,26.30966567993164,-0.8527528047561646,0.5791535|0.4208466|0.0000000|0.0000000|0.0000000|0.0000000|0.0000000|0.0000000|0.0000000|0.0000000,0,0.5791534781455994,11.712405745795369,0,0,0,0,0,
cross_town,Town02,mixed,6,232,11.6,168.2107391357422,236.33319091796875,0.22153018414974213,-170.72145080566406,6.119938164321996,493.47549218778903,1.2249788113571638,0.612503170967102,0.16133376620478224,10.236937606283064,0.26219395399555556,0.20284327864646912,0.002240687608718872,0.11879456788301468,0.3970969617366791,0.0,0.07163116335868835,0.9994290471076965,0.2920510768890381,2.0748677253723145,0.1187734603881836,0.8462754|0.1537246|0.0000000|0.0000000|0.0000000|0.0000000|0.0000000|0.0000000|0.0000000|0.0000000,0,0.8462754487991333,11.386222075999507,0,0,0,0,0,
cross_town,Town02,mixed,6,233,11.65,168.06716918945312,236.30845642089844,0.2215300351381302,-170.66314697265625,6.263522984953653,493.3319073671573,1.2537190303240304,0.637161374092102,0.16235136005730144,10.660606081035501,-0.37832198944544826,0.7713117599487305,0.05496537685394287,-0.7846590280532837,0.45709696412086487,0.0,-0.008368836715817451,1.0,0.2950867712497711,13.422548294067383,-0.6236516237258911,0.7546673|0.1898332|0.0554995|0.0000000|0.0000000|0.0000000|0.0000000|0.0000000|0.0000000|0.0000000,0,0.7546672821044922,11.524135201961336,0,0,0,0,0,
cross_town,Town02,mixed,6,234,11.7,167.9191131591797,236.2811279296875,0.22153118252754211,-170.5125274658203,6.411595460571127,493.1838348915399,1.2833575071037548,0.6643983125686646,0.16498016636931867,10.961805163218324,-0.3782158420606131,0.03667712211608887,0.003512084484100342,0.3080824613571167,0.3970969617366791,0.0,0.07163116335868835,0.9371751546859741,0.29489603638648987,0.8807339668273926,0.13416504859924316,1.0000000|0.0000000|0.0000000|0.0000000|0.0000000|0.0000000|0.0000000|0.0000000|0.0000000|0.0000000,0,1.0,11.314178746291487,0,0,0,0,0,
cross_town,Town02,mixed,6,235,11.75,167.76583862304688,236.25369262695312,0.22152984142303467,-170.44577026367188,6.564886470604799,493.0305438815062,1.3140405359548462,0.6917420625686646,0.16614529934622846,11.37798975637224,-0.3901680952888715,0.8045137524604797,0.04852655529975891,-0.7999266982078552,0.45709696412086487,0.0,-0.008368836715817451,1.0,0.2935347855091095,11.990154266357422,-0.6810153722763062,0.7607934|0.1835912|0.0556154|0.0000000|0.0000000|0.0000000|0.0000000|0.0000000|0.0000000|0.0000000,0,0.7607933878898621,11.502865428660181,0,0,0,0,0,
cross_town,Town02,mixed,6,236,11.8,167.6068115234375,236.22998046875,0.22152908146381378,-170.589599609375,6.723927837370748,492.87150251474026,1.3458745674738808,0.715347409248352,0.16363500370271966,11.721875028465975,0.18192160212986463,0.902131199836731,0.014865577220916748,-0.5811424851417542,0.5170969367027283,0.0,-0.08836883306503296,0.9999998807907104,0.29293835163116455,4.338169574737549,-0.2144068479537964,0.8101821|0.1898179|0.0000000|0.0000000|0.0000000|0.0000000|0.0000000|0.0000000|0.0000000|0.0000000,0,0.8101820945739746,11.715329634181584,0,0,0,0,0,
cross_town,Town02,mixed,6,237,11.85,167.44161987304688,236.2056427001953,0.2215219885110855,-170.71066284179688,6.889134111074446,492.70629624103657,1.3789425788420517,0.7395936250686646,0.1615220516938507,12.225822924626645,-0.39968062831159706,0.9887576103210449,0.015193462371826172,0.050860390067100525,0.5770969390869141,0.0,-0.008368832990527153,1.0,0.2932370603084564,5.501398086547852,0.8677117824554443,0.6978786|0.1689779|0.1331435|0.0000000|0.0000000|0.0000000|0.0000000|0.0000000|0.0000000|0.0000000,0,0.6978785991668701,11.68977818040339,0,0,0,0,0,
cross_town,Town02,mixed,6,238,11.9,167.2705078125,236.1751708984375,0.22151164710521698,-170.5716094970703,7.060264489008472,492.5351658631025,1.413196370517731,0.7699586749076843,0.16394899039524002,12.728695308962086,-0.009070589841123522,0.9851288199424744,0.8891018033027649,0.3529888987541199,0.6370969414710999,0.0,0.07163116335868835,1.0,0.3202361762523651,40.187294006347656,-0.5616956949234009,0.4905477|0.3672521|0.1422003|0.0000000|0.0000000|0.0000000|0.0000000|0.0000000|0.0000000|0.0000000,0,0.49054765701293945,11.458648223215768,0,0,0,0,0,
cross_town,Town02,mixed,6,239,11.95,167.09132385253906,236.14349365234375,0.2214953601360321,-170.50209045410156,7.2394674796856195,492.3559628724254,1.449065992173567,0.801529049873352,0.16516232658788033,13.351373243621774,-0.41104209802000125,0.9938992261886597,0.023197144269943237,-0.11196434497833252,0.6970969438552856,0.0,-0.008368836715817451,0.9999991655349731,0.29189443588256836,3.6951651573181152,0.8395357131958008,0.6830373|0.1491766|0.1217343|0.0460518|0.0000000|0.0000000|0.0000000|0.0000000|0.0000000|0.0000000,0,0.6830373406410217,11.2811481487004,0,0,0,0,0,
cross_town,Town02,mixed,6,240,12.0,166.9034881591797,236.1082000732422,0.22147533297538757,-170.3248748779297,7.427324466672269,492.16810588543876,1.4866678146830823,0.836715817451477,0.16825532187789838,14.048756569897845,-0.41677508886471365,0.9979811310768127,0.06560179591178894,0.44201093912124634,0.7570969462394714,0.0,0.07163116335868835,1.0,0.28371360898017883,6.760012149810791,1.4938708543777466,0.6818200|0.1510777|0.1198934|0.0472089|0.0000000|0.0000000|0.0000000|0.0000000|0.0000000|0.0000000,0,0.6818199753761292,10.56486333239399,0,0,0,0,0,
cross_town,Town02,mixed,6,241,12.05,166.70706176757812,236.0647735595703,0.22145438194274902,-169.87847900390625,7.623776918221222,491.9716534338898,1.5259901222170993,0.8800203204154968,0.1760463996469248,14.797014250870095,0.12049797867377315,0.9832483530044556,0.17234790325164795,0.26775088906288147,0.8170969486236572,0.0,0.151631161570549,1.0,0.29805371165275574,14.320510864257812,1.177798867225647,0.6701636|0.1442601|0.1368037|0.0487726|0.0000000|0.0000000|0.0000000|0.0000000|0.0000000|0.0000000,0,0.6701635718345642,9.860460606272362,0,0,0,0,0,
cross_town,Town02,mixed,6,242,12.1,166.50257873535156,236.01048278808594,0.22143591940402985,-169.0900421142578,7.828292684190929,491.76713766792005,1.5669263985608535,0.9341890215873718,0.1898072193154734,15.584000470618868,0.17290309125548048,0.8712598085403442,0.49363309144973755,0.3902199864387512,0.8712598085403442,0.0,0.23163115978240967,1.0,0.25805771350860596,39.57244110107422,1.4294302463531494,0.8467769|0.1532231|0.0000000|0.0000000|0.0000000|0.0000000|0.0000000|0.0000000|0.0000000|0.0000000,0,0.8467769026756287,9.20468343771081,0,0,0,0,0,
cross_town,Town02,mixed,6,243,12.15,166.28964233398438,235.9441375732422,0.23274116218090057,-168.19692993164062,8.041276746939221,491.5541536051718,1.60955770577641,1.0003968477249146,0.20539496749181607,16.067660621273053,-0.44433327722976745,0.62651526927948,0.7401705384254456,0.27264994382858276,0.8112598061561584,0.0,0.27264994382858276,1.0,0.2799972891807556,21.255523681640625,0.603022575378418,0.7132259|0.1505589|0.1362153|0.0000000|0.0000000|0.0000000|0.0000000|0.0000000|0.0000000|0.0000000,0,0.7132259011268616,8.8868952276488,0,0,0,0,0,
cross_town,Town02,mixed,6,244,12.2,166.0716552734375,235.8716583251953,0.23875129222869873,-166.92153930664062,8.2593079895459,491.3361223625651,1.6531992663993749,1.072754144668579,0.22765473314713433,16.78991028422859,-0.45760177743742037,0.6781719326972961,0.8561885356903076,0.5360316038131714,0.7512598037719727,0.0,0.3526499569416046,1.0,0.2797608971595764,6.515572547912598,0.15091216564178467,0.6886982|0.1284446|0.1353293|0.0475280|0.0000000|0.0000000|0.0000000|0.0000000|0.0000000|0.0000000,0,0.6886981725692749,8.354607102481488,0,0,0,0,0,
cross_town,Town02,mixed,6,245,12.25,165.85128784179688,235.78329467773438,0.2421286404132843,-165.21786499023438,8.479729310782409,491.1157010413286,1.6973192298428272,1.160980463027954,0.25738945935008717,17.430218075332963,0.003530767048989392,0.7401762008666992,0.9471574425697327,0.6819321513175964,0.6912598013877869,0.0,0.43264997005462646,0.9594477415084839,0.2721891403198242,1.0187523365020752,0.2756245732307434,0.7931791|0.1486617|0.0581592|0.0000000|0.0000000|0.0000000|0.0000000|0.0000000|0.0000000|0.0000000,0,0.7931790947914124,7.94277921444622,0,0,0,0,0,
cross_town,Town02,mixed,6,246,12.3,165.62600708007812,235.68179321289062,0.24393725395202637,-163.39187622070312,8.705071977747195,490.8903583743638,1.7424242594877075,1.2623445987701416,0.2892589754828476,18.22764195046581,-0.49052442489703874,0.5392477512359619,0.8995325565338135,0.20973874628543854,0.6312597990036011,0.0,0.3526499569416046,1.0,0.27098363637924194,23.879209518432617,-0.06557822227478027,0.8324544|0.1675456|0.0000000|0.0000000|0.0000000|0.0000000|0.0000000|0.0000000|0.0000000|0.0000000,0,0.8324544429779053,7.53857047419125,0,0,0,0,0,
cross_town,Town02,mixed,6,247,12.35,165.39193725585938,235.5732421875,0.24514220654964447,-161.7930450439453,8.939207966845395,490.6562223852656,1.7892893777161072,1.3707430362701416,0.31716384370080686,18.959385950723963,-0.5049599803463397,0.7142601013183594,0.8893699645996094,0.20236748456954956,0.5712597966194153,0.0,0.27264994382858276,1.0,0.2769413888454437,17.338354110717773,0.11332303285598755,0.7844917|0.1590014|0.0565070|0.0000000|0.0000000|0.0000000|0.0000000|0.0000000|0.0000000|0.0000000,0,0.7844916582107544,7.199438255206347,0,0,0,0,0,
cross_town,Town02,mixed,6,248,12.4,165.1518096923828,235.4629669189453,0.24569953978061676,-160.5394287109375,9.179402826243594,490.41602752586743,1.8373672512925152,1.4808809757232666,0.33904357626857085,19.0590213608361,-0.5199157854091516,0.779244065284729,0.7614496350288391,0.17227622866630554,0.6312597990036011,0.0,0.1926499456167221,1.0,0.27255862951278687,11.565901756286621,0.23159724473953247,0.7825415|0.1626180|0.0548406|0.0000000|0.0000000|0.0000000|0.0000000|0.0000000|0.0000000|0.0000000,0,0.7825414538383484,7.116656359558588,0,0,0,0,0,
cross_town,Town02,mixed,6,249,12.45,164.9060516357422,235.3529815673828,0.2458937019109726,-159.61863708496094,9.425227939043513,490.1702024130675,1.886572087418951,1.5907138586044312,0.355114421866654,19.737290542036742,-0.5340492795663865,0.7809591889381409,0.680803656578064,0.12184687703847885,0.6912598013877869,0.0,0.12184687703847885,1.0,0.27207890152931213,17.948482513427734,0.40893495082855225,0.6873982|0.1342238|0.1292418|0.0491363|0.0000000|0.0000000|0.0000000|0.0000000|0.0000000|0.0000000,0,0.6873981952667236,6.830066881974662,0,0,0,0,0,
cross_town,Town02,mixed,6,250,12.5,164.65501403808594,235.24449157714844,0.24593482911586761,-159.08570861816406,9.676331637924907,489.9190987141861,1.9368334956757116,1.6990512609481812,0.3644157782898647,19.62745810789219,-0.5472854136099911,0.800312340259552,0.6096561551094055,0.0559731163084507,0.7512598037719727,0.0,0.0559731163084507,1.0,0.26998472213745117,21.77056884765625,0.46167075634002686,0.6950127|0.1385877|0.1216738|0.0447258|0.0000000|0.0000000|0.0000000|0.0000000|0.0000000|0.0000000,0,0.6950126886367798,6.831177084627171,0,0,0,0,0,
cross_town,Town02,mixed,6,251,12.55,164.3987274169922,235.13197326660156,0.24987837672233582,-158.43911743164062,9.93268686238551,489.6627434897255,1.9881460595796538,1.8114169836044312,0.37570092340907557,20.387700299357963,-0.5600092423104991,0.7791562080383301,0.3179194927215576,0.17037582397460938,0.7791562080383301,0.0,0.13597311079502106,1.0,0.26904594898223877,13.662023544311523,0.17560213804244995,0.8002599|0.1489909|0.0507493|0.0000000|0.0000000|0.0000000|0.0000000|0.0000000|0.0000000|0.0000000,0,0.8002598881721497,6.5419854889285025,0,0,0,0,0,
cross_town,Town02,mixed,6,252,12.6,164.138916015625,235.02066040039062,0.26221537590026855,-157.35194396972656,10.192551637795184,489.4028787143158,2.0401611020764445,1.9225620031356812,0.3946756798597808,20.69015971876509,-0.5725850201202731,0.8857429027557373,0.11895966529846191,0.5194621682167053,0.8391562104225159,0.0,0.2159731090068817,1.0,0.31797856092453003,12.11135482788086,-0.19963157176971436,0.7426956|0.2573045|0.0000000|0.0000000|0.0000000|0.0000000|0.0000000|0.0000000|0.0000000|0.0000000,0,0.7426955699920654,6.382894728148046,0,0,0,0,0,
cross_town,Town02,mixed,6,253,12.65,163.87144470214844,234.90011596679688,0.2678295969963074,-156.36973571777344,10.460095530578254,489.13533482153275,2.0937132117493666,2.0429537296295166,0.41181844779662097,21.496937855182257,-0.583131176985474,0.7898179888725281,0.16454395651817322,0.09301017969846725,0.7898179888725281,0.0,0.13597311079502106,1.0,0.2618716061115265,11.415121078491211,0.04126298427581787,0.7267413|0.1481364|0.1251223|0.0000000|0.0000000|0.0000000|0.0000000|0.0000000|0.0000000|0.0000000,0,0.7267412543296814,6.077630225769046,0,0,0,0,0,
cross_town,Town02,mixed,6,254,12.7,163.59815979003906,234.77574157714844,0.2723909616470337,-155.75631713867188,10.733455360088362,488.8619749920226,2.148429450710449,2.1671605110168457,0.4225246216948486,21.43837855869982,-0.5939822480274293,0.7309272885322571,0.12375378608703613,0.06286219507455826,0.7309272885322571,0.0,0.06286219507455826,1.0,0.2539665102958679,13.778203964233398,-0.02260136604309082,0.7193281|0.1668874|0.1137845|0.0000000|0.0000000|0.0000000|0.0000000|0.0000000|0.0000000|0.0000000,0,0.7193281054496765,6.060728134078021,0,0,0,0,0,
cross_town,Town02,mixed,6,255,12.75,163.32101440429688,234.6497344970703,0.2849529981613159,-155.40306091308594,11.010676556379368,488.5847537957316,2.2039185884104517,2.292999744415283,0.428690105934491,21.94710394117144,-0.6050222769918285,0.6723883152008057,0.08886271715164185,0.23448653519153595,0.6723883152008057,0.0,0.1428622007369995,1.0,0.2655176520347595,15.879861831665039,-0.15496957302093506,0.8023658|0.1370242|0.0606100|0.0000000|0.0000000|0.0000000|0.0000000|0.0000000|0.0000000|0.0000000,0,0.8023658394813538,5.852899332272502,0,0,0,0,0,
cross_town,Town02,mixed,6,256,12.8,163.0449981689453,234.50558471679688,0.29171615839004517,-154.67762756347656,11.286779629405892,488.3086507227051,2.2591839203675375,2.436981678009033,0.4413513063889459,22.55512367259177,0.11093499887400354,0.805264949798584,0.07201701402664185,0.29197248816490173,0.7323883175849915,0.0,0.22286219894886017,1.0,0.26321613788604736,6.328366279602051,-0.4019646644592285,0.6852758|0.1580642|0.1109615|0.0456985|0.0000000|0.0000000|0.0000000|0.0000000|0.0000000|0.0000000,0,0.6852757930755615,5.639336309660727,0,0,0,0,0,
cross_town,Town02,mixed,6,257,12.85,162.76425170898438,234.35023498535156,0.29509299993515015,-153.73989868164062,11.56761972084072,488.0278106312703,2.315397423208605,2.592163562774658,0.4577177628680276,23.517933151998356,-0.6283289972294328,0.8781591653823853,0.06123197078704834,0.13574299216270447,0.7923883199691772,0.0,0.1428622007369995,1.0,0.2583140432834625,6.017457485198975,-0.7271004915237427,0.6893519|0.1579650|0.1070108|0.0456723|0.0000000|0.0000000|0.0000000|0.0000000|0.0000000|0.0000000,0,0.6893519163131714,5.359736049081588,0,0,0,0,0,
cross_town,Town02,mixed,6,258,12.9,162.47471618652344,234.18972778320312,0.2966902554035187,-153.0445098876953,11.8572518529094,487.7381784992016,2.3733707581257297,2.752502918243408,0.46985458690384574,24.09901233748442,-0.6361562774657179,0.5414497256278992,0.043491870164871216,0.03593667596578598,0.7323883175849915,0.0,0.06286220252513885,1.0,0.22897124290466309,11.831866264343262,-0.5107451677322388,0.9352737|0.0647263|0.0000000|0.0000000|0.0000000|0.0000000|0.0000000|0.0000000|0.0000000|0.0000000,0,0.9352737069129944,5.179895252025633,0,0,0,0,0,
cross_town,Town02,mixed,6,259,12.95,162.17308044433594,234.02801513671875,0.2974022924900055,-152.73672485351562,12.159007364361813,487.4364229877492,2.4337707324088687,2.914032459259033,0.47522644913864465,25.010541666088784,-0.6504929992982607,0.5034872889518738,0.05871319770812988,-0.29796722531318665,0.6723883152008057,0.0,-0.01713779754936695,0.9999808073043823,0.26137304306030273,2.95375394821167,-0.5047038793563843,0.6738031|0.1786546|0.1008035|0.0467388|0.0000000|0.0000000|0.0000000|0.0000000|0.0000000|0.0000000,0,0.6738030910491943,4.942357596619872,0,0,0,0,0,
cross_town,Town02,mixed,6,260,13.0,161.86021423339844,233.86880493164062,0.297698438167572,-152.90213012695312,12.471970685978116,487.1234596661329,2.496414083929464,3.073044538497925,0.4723395825169989,25.444843351662005,-0.4964790715049795,0.28898748755455017,0.04696154594421387,-0.4145062565803528,0.6123883128166199,0.0,-0.09713779389858246,1.0,0.25062334537506104,4.8873701095581055,-0.04497617483139038,0.7112165|0.1896568|0.0991266|0.0000000|0.0000000|0.0000000|0.0000000|0.0000000|0.0000000|0.0000000,0,0.7112165093421936,4.813728365563053,0,0,0,0,0,
cross_town,Town02,mixed,6,261,13.05,161.537109375,233.71682739257812,0.2978283166885376,-153.56861877441406,12.795168212066738,486.80026214004425,2.561105933865088,3.2248237133026123,0.46070716119164157,25.874193537068326,-0.1506989750233041,0.2962791323661804,0.040859073400497437,-0.2385009229183197,0.5523883104324341,0.0,-0.17713779211044312,1.0,0.3034818470478058,5.730116844177246,-0.19690179824829102,0.6465339|0.3534661|0.0000000|0.0000000|0.0000000|0.0000000|0.0000000|0.0000000|0.0000000|0.0000000,0,0.6465339064598083,4.699529843795361,0,0,0,0,0,
cross_town,Town02,mixed,6,262,13.1,161.20486450195312,233.57582092285156,0.2978789210319519,-154.7633056640625,13.127499134508374,486.46793121760265,2.6276259423062007,3.365631580352783,0.4398559414368663,26.07546247404586,-0.11027842122251474,0.18631836771965027,0.032876551151275635,-0.6281865835189819,0.4923883080482483,0.0,-0.25713780522346497,1.0,0.3041703402996063,7.036840915679932,0.002230048179626465,0.7833098|0.2166902|0.0000000|0.0000000|0.0000000|0.0000000|0.0000000|0.0000000|0.0000000|0.0000000,0,0.783309817314148,4.640587208817269,0,0,0,0,0,
cross_town,Town02,mixed,6,263,13.15,160.86624145507812,233.45704650878906,0.3105756640434265,-155.9303436279297,13.46619457979547,486.12923577231555,2.695419886107565,3.4841926097869873,0.4194872864716133,26.195762058409677,-0.5090666016447987,0.09477376937866211,0.18295657634735107,-0.11856766045093536,0.4323883056640625,0.0,-0.1771378070116043,1.0,0.33099284768104553,13.731050491333008,0.3479827642440796,0.6576272|0.3423728|0.0000000|0.0000000|0.0000000|0.0000000|0.0000000|0.0000000|0.0000000|0.0000000,0,0.6576272249221802,4.5930958968464,0,0,0,0,0,
cross_town,Town02,mixed,6,264,13.2,160.52194213867188,233.3363494873047,0.3186300992965698,-157.29315185546875,13.81056748535168,485.78486286675934,2.7643502414780095,3.60469126701355,0.39570179582778836,26.49071564705859,0.08403924541212078,0.19031071662902832,0.0281732976436615,-0.6692240834236145,0.3723883032798767,0.0,-0.25713780522346497,1.0,0.3079172670841217,6.4409050941467285,0.36741387844085693,0.5604622|0.2798312|0.1597067|0.0000000|0.0000000|0.0000000|0.0000000|0.0000000|0.0000000|0.0000000,0,0.5604621767997742,4.518919212603958,0,0,0,0,0,
cross_town,Town02,mixed,6,265,13.25,160.1725616455078,233.2266082763672,0.32241642475128174,-159.08819580078125,14.160014935937834,485.43541541617316,2.834296327722206,3.714218854904175,0.3643723687640965,26.456627054441743,-0.5232848691691461,0.1403946876525879,0.03232687711715698,-0.701324462890625,0.3123883008956909,0.0,-0.3371378183364868,1.0,0.3070850074291229,5.206532001495361,0.5721074938774109,0.5699465|0.2593266|0.1707268|0.0000000|0.0000000|0.0000000|0.0000000|0.0000000|0.0000000|0.0000000,0,0.5699465274810791,4.5296339076800685,0,0,0,0,0,
cross_town,Town02,mixed,6,266,13.3,159.8201904296875,233.1350555419922,0.32426589727401733,-161.33474731445312,14.51244194699938,485.0829884051116,2.9048388086278374,3.8055579662323,0.3251626480348597,26.24705331263859,-0.4803042800709189,0.05356273055076599,0.0521356463432312,-0.6969923973083496,0.2523882985115051,0.0,-0.41713783144950867,1.0,0.3051395118236542,7.9571638107299805,0.4885995388031006,0.5964556|0.2414672|0.1620772|0.0000000|0.0000000|0.0000000|0.0000000|0.0000000|0.0000000|0.0000000,0,0.5964555740356445,4.605848384774991,0,0,0,0,0,
cross_town,Town02,mixed,6,267,13.35,159.466064453125,233.06002807617188,0.32518547773361206,-163.75038146972656,14.866613615399428,484.72881673671156,2.9757305035639643,3.880356550216675,0.2830018785017061,26.15515497352553,-0.5375874523607079,0.04832583665847778,0.04808160662651062,-0.2415386140346527,0.19238829612731934,0.0,-0.3371378183364868,1.0,0.33322855830192566,34.87651062011719,0.695671558380127,0.6211182|0.3788818|0.0000000|0.0000000|0.0000000|0.0000000|0.0000000|0.0000000|0.0000000|0.0000000,0,0.6211182475090027,4.641346924864564,0,0,0,0,0,
cross_town,Town02,mixed,6,268,13.4,159.1105499267578,232.99560546875,0.3256462812423706,-165.939208984375,15.222167395972662,484.3732629561383,3.046898844780104,3.944565534591675,0.24479963161284643,26.081218287008085,-0.5439975767078152,0.07653510570526123,0.046829044818878174,-0.08239567279815674,0.13238829374313354,0.0,-0.25713780522346497,1.0,0.33420705795288086,31.317129135131836,0.6794196367263794,0.5896334|0.4103666|0.0000000|0.0000000|0.0000000|0.0000000|0.0000000|0.0000000|0.0000000|0.0000000,0,0.5896334052085876,4.648137932918397,0,0,0,0,0,
cross_town,Town02,mixed,6,269,13.45,158.755126953125,232.9380645751953,0.3258857727050781,-167.76141357421875,15.577625451509233,484.0178049006018,3.1180480254853897,4.001893043518066,0.2129961618751204,25.924900085319358,-0.07787065170342697,0.08869993686676025,0.0670819878578186,-0.19861985743045807,0.08869993686676025,0.0,-0.19861985743045807,1.0,0.3018902540206909,11.603647232055664,0.5936857461929321,0.6170297|0.2315809|0.1513893|0.0000000|0.0000000|0.0000000|0.0000000|0.0000000|0.0000000|0.0000000,0,0.6170297265052795,4.653907675104937,0,0,0,0,0,
cross_town,Town02,mixed,6,270,13.5,158.4014129638672,232.88449096679688,0.3260164260864258,-169.1417236328125,15.931372019684202,483.6640583324268,3.1888546315277333,4.055253028869629,0.18890520665426358,25.7102077874818,-0.19787126105272484,0.13074976205825806,0.07324361801147461,-0.06582824885845184,0.13074976205825806,0.0,-0.11861985921859741,1.0,0.29366403818130493,18.955547332763672,0.47456955909729004,0.7864406|0.2135595|0.0000000|0.0000000|0.0000000|0.0000000|0.0000000|0.0000000|0.0000000|0.0000000,0,0.7864405512809753,4.6472998363190205,0,0,0,0,0,
cross_town,Town02,mixed,6,271,13.55,158.05091857910156,232.83087158203125,0.32609233260154724,-170.01504516601562,16.28186779651246,483.31356255559854,3.2590105528061226,4.108658313751221,0.17366287047130413,25.43831189317751,-0.19802439628178514,0.7346470952033997,0.02310827374458313,0.33783745765686035,0.19074976444244385,0.0,-0.038619861006736755,1.0,0.3358251452445984,19.16990852355957,1.0348670482635498,0.5756118|0.4243883|0.0000000|0.0000000|0.0000000|0.0000000|0.0000000|0.0000000|0.0000000|0.0000000,0,0.5756117701530457,4.627197880946229,0,0,0,0,0,
cross_town,Town02,mixed,6,272,13.6,157.7050323486328,232.77371215820312,0.3261399269104004,-170.3307342529297,16.62778836610321,482.9676419860078,3.3282506916414496,4.165604114532471,0.16815305649203927,25.12542901706718,-0.13292291128875355,0.2050911784172058,0.07606098055839539,0.10629301518201828,0.2050911784172058,0.0,0.0413801372051239,1.0,0.2774352729320526,25.174802780151367,0.2751734256744385,1.0000000|0.0000000|0.0000000|0.0000000|0.0000000|0.0000000|0.0000000|0.0000000|0.0000000|0.0000000,0,1.0,4.5942715045413856,0,0,0,0,0,
cross_town,Town02,mixed,6,273,13.65,157.36314392089844,232.7167510986328,0.32616862654685974,-170.47792053222656,16.969711044506784,482.62571930760424,3.396690604745256,4.222366809844971,0.16558417130454872,24.85012027950543,-0.5834781799827021,0.24264740943908691,0.0598473846912384,-0.028400983661413193,0.24264740943908691,0.0,-0.028400983661413193,1.0,0.29745736718177795,14.021028518676758,0.34903818368911743,0.6487512|0.1935606|0.1576882|0.0000000|0.0000000|0.0000000|0.0000000|0.0000000|0.0000000|0.0000000,0,0.6487511992454529,4.617290605241714,0,0,0,0,0,
cross_town,Town02,mixed,6,274,13.7,157.02447509765625,232.66261291503906,0.3261839747428894,-170.6538848876953,17.308412450256935,482.2870179018541,3.464485741604582,4.276291370391846,0.16251301393546935,24.596277173764616,0.1388725638040773,0.3225349187850952,0.05398434400558472,0.07986719161272049,0.3026474118232727,0.0,0.051599014550447464,1.0,0.2965731620788574,15.785242080688477,0.498465895652771,0.6501343|0.2009057|0.1489601|0.0000000|0.0000000|0.0000000|0.0000000|0.0000000|0.0000000|0.0000000,0,0.650134265422821,4.634421910272476,0,0,0,0,0,
cross_town,Town02,mixed,6,275,13.75,156.68890380859375,232.6105194091797,0.32619142532348633,-170.84942626953125,17.64401501126481,481.9514153408462,3.5316606076299464,4.328186988830566,0.15910017299853285,24.35793600313053,0.13677177373237243,0.24931836128234863,0.06386193633079529,-0.03369830548763275,0.24931836128234863,0.0,-0.028400985524058342,1.0,0.28636500239372253,8.247490882873535,0.23338651657104492,0.7889959|0.2110041|0.0000000|0.0000000|0.0000000|0.0000000|0.0000000|0.0000000|0.0000000|0.0000000,0,0.7889959216117859,4.647610795112997,0,0,0,0,0,
cross_town,Town02,mixed,6,276,13.8,156.35704040527344,232.5564422607422,0.32614967226982117,-170.8411407470703,17.975910998717325,481.6195193533937,3.5980935586316396,4.382065773010254,0.15924478264572395,24.10979111163148,-0.6101194629500457,0.33946704864501953,0.06013542413711548,0.13728509843349457,0.3093183636665344,0.0,0.051599014550447464,1.0,0.2852110266685486,12.625898361206055,0.6300146579742432,0.7941270|0.2058730|0.0000000|0.0000000|0.0000000|0.0000000|0.0000000|0.0000000|0.0000000|0.0000000,0,0.7941269874572754,4.621413525627586,0,0,0,0,0,
cross_town,Town02,mixed,6,277,13.85,156.0281524658203,232.501220703125,0.3259159028530121,-170.74205017089844,18.304866070042348,481.29056428206866,3.663937850100274,4.437088966369629,0.16097423945762168,23.952634399682807,-0.6195986319469063,0.2910890579223633,0.06950634717941284,0.012235350906848907,0.2910890579223633,0.0,0.012235350906848907,1.0,0.29320603609085083,9.092000961303711,0.28405797481536865,0.6698927|0.1671858|0.1629215|0.0000000|0.0000000|0.0000000|0.0000000|0.0000000|0.0000000|0.0000000,0,0.6698927283287048,4.582724558110312,0,0,0,0,0,
cross_town,Town02,mixed,6,278,13.9,155.70199584960938,232.44456481933594,0.3257235288619995,-170.55401611328125,18.63105720889801,480.964373143213,3.729228907431556,4.493546485900879,0.16425605286892608,23.7741822643931,-0.17889481711907548,0.3315700888633728,0.0838366448879242,0.0467175655066967,0.3315700888633728,0.0,0.0467175655066967,1.0,0.29103899002075195,12.002022743225098,0.44671833515167236,0.6901799|0.1541570|0.1556631|0.0000000|0.0000000|0.0000000|0.0000000|0.0000000|0.0000000|0.0000000,0,0.6901799440383911,4.544739489322974,0,0,0,0,0,
cross_town,Town02,mixed,6,279,13.95,155.37918090820312,232.38275146484375,0.3256465494632721,-170.13461303710938,18.953909802989642,480.64152054912137,3.793851715102973,4.555161476135254,0.17157601744111783,23.60342611616019,-0.4883173129231073,0.4085608124732971,0.0546305775642395,0.13222721219062805,0.3915700912475586,0.0,0.12671756744384766,1.0,0.3400669991970062,29.36394691467285,0.20193952322006226,1.0000000|0.0000000|0.0000000|0.0000000|0.0000000|0.0000000|0.0000000|0.0000000|0.0000000|0.0000000,0,1.0,4.459616762093726,0,0,0,0,0,
cross_town,Town02,mixed,6,280,14.0,155.0586395263672,232.3179473876953,0.3256201446056366,-169.65342712402344,19.274490626192506,480.3209397259185,3.858019800663107,4.619767189025879,0.17997429593868297,23.5178527998089,-0.652226262502297,0.13500851392745972,0.2037459909915924,-0.44341719150543213,0.3315700888633728,0.0,0.046717569231987,0.9997989535331726,0.2794865369796753,2.348506212234497,-0.11284583806991577,0.8252091|0.1747909|0.0000000|0.0000000|0.0000000|0.0000000|0.0000000|0.0000000|0.0000000|0.0000000,0,0.8252091407775879,4.383418342148999,0,0,0,0,0,
cross_town,Town02,mixed,6,281,14.05,154.78358459472656,232.28933715820312,0.31800249218940735,-169.1945343017578,19.549563015947566,480.04586733616344,3.913078829037564,4.648209571838379,0.18798348660098707,14.754993102514325,-0.6768458144246291,0.19839492440223694,0.1634657382965088,-0.3220372796058655,0.271570086479187,0.0,-0.03328242897987366,1.0,0.28814032673835754,9.733602523803711,0.3460972309112549,0.6968881|0.1566825|0.1464294|0.0000000|0.0000000|0.0000000|0.0000000|0.0000000|0.0000000|0.0000000,0,0.6968880891799927,7.949613931069062,1,0,0,0,0,collision
