protocol,town,weather,episode,t,sim_time_s,ego_x,ego_y,ego_z,ego_yaw_deg,route_s_m,route_remaining_m,route_completion_pct,cte_m,route_heading_rad,speed_kmh,reward,command_throttle,command_brake,command_steer,applied_throttle,applied_brake,applied_steer,sigma_bar,sigma_ale,sigma_epi,policy_entropy_proxy,attention,top_attention_index,top_attention_value,ttc_s,collision,off_route,timeout,red_light_violation,intervention,terminal_reason
cross_town,Town02,mixed,3,1,0.05,-7.447046756744385,219.40994262695312,0.15079757571220398,89.98705291748047,0.0,501.23677125825446,0.0,0.0,2.663161087212984e-07,0.4665233731277758,0.42382547576380314,0.00730520486831665,0.0674489438533783,-0.8319051265716553,0.0,0.0674489438533783,-0.07999999821186066,1.0,0.30376026034355164,6.989493370056152,0.7766889333724976,1.0000000|0.0000000|0.0000000|0.0000000|0.0000000|0.0000000|0.0000000|0.0000000|0.0000000|0.0000000,0,1.0,,0,0,0,0,0,
cross_town,Town02,mixed,3,2,0.1,-7.447046756744385,219.40994262695312,0.161112442612648,89.98705291748047,0.0,501.23677125825446,0.0,0.0,2.663161087212984e-07,0.8584078967571344,0.4239929231462923,0.02385997772216797,0.8881169557571411,-0.28437480330467224,0.0,0.14744894206523895,-0.1599999964237213,0.998325526714325,0.22209088504314423,1.8755642175674438,1.8284492492675781,1.0000000|0.0000000|0.0000000|0.0000000|0.0000000|0.0000000|0.0000000|0.0000000|0.0000000|0.0000000,0,1.0,,0,0,0,0,0,
cross_town,Town02,mixed,3,3,0.15,-7.447046756744385,219.40994262695312,0.17358183860778809,89.98705291748047,0.0,501.23677125825446,0.0,0.0,2.663161087212984e-07,0.894089269638065,0.43098715415464117,0.018813490867614746,0.16513174772262573,-0.18081121146678925,0.0,0.16513174772262573,-0.18081121146678925,0.999985933303833,0.24018625915050507,3.053277015686035,1.4207689762115479,0.7792385|0.1087609|0.1120006|0.0000000|0.0000000|0.0000000|0.0000000|0.0000000|0.0000000|0.0000000,0,0.7792385220527649,,0,0,0,0,0,
cross_town,Town02,mixed,3,4,0.2,-7.447046756744385,219.40994262695312,0.1851729154586792,89.98705291748047,0.0,501.23677125825446,0.0,0.0,2.663161087212984e-07,0.7842065691947971,0.4322860690601492,0.02008494734764099,0.3677835464477539,0.011848528869450092,0.0,0.2451317459344864,-0.10081121325492859,0.9153940677642822,0.2313532531261444,0.863984227180481,1.5442121028900146,0.8873987|0.1126013|0.0000000|0.0000000|0.0000000|0.0000000|0.0000000|0.0000000|0.0000000|0.0000000,0,0.8873986601829529,,0,0,0,0,0,
cross_town,Town02,mixed,3,5,0.25,-7.447046756744385,219.40994262695312,0.19481006264686584,89.98705291748047,0.0,501.23677125825446,0.0,0.0,2.663161087212984e-07,0.6321011245266526,0.42401030387271493,0.02530565857887268,0.17612046003341675,-0.8208047151565552,0.0,0.17612046003341675,-0.18081121146678925,0.9981517195701599,0.3040330410003662,1.768876314163208,1.3947371244430542,0.5357744|0.4642257|0.0000000|0.0000000|0.0000000|0.0000000|0.0000000|0.0000000|0.0000000|0.0000000,0,0.5357743501663208,,0,0,0,0,0,
cross_town,Town02,mixed,3,6,0.3,-7.447046279907227,219.40994262695312,0.20233973860740662,89.98705291748047,1.0766143529545502e-10,501.2367712581468,2.1479157449919837e-11,4.76837158203125e-07,2.663161087212984e-07,0.48440791368507,0.4263077034379738,0.01958039402961731,0.36383193731307983,-0.11233986914157867,0.0,0.2561204731464386,-0.11233986914157867,0.9957167506217957,0.23208573460578918,1.6300990581512451,1.6036773920059204,0.8785028|0.1214971|0.0000000|0.0000000|0.0000000|0.0000000|0.0000000|0.0000000|0.0000000|0.0000000,0,0.8785027861595154,,0,0,0,0,0,
cross_town,Town02,mixed,3,7,0.35,-7.447046279907227,219.40994262695312,0.20799343287944794,89.98705291748047,1.0766143529545502e-10,501.2367712581468,2.1479157449919837e-11,4.76837158203125e-07,2.663161087212984e-07,0.35894469022756703,0.4239664109313587,0.032107383012771606,0.17496028542518616,-0.823028564453125,0.0,0.17612047493457794,-0.19233986735343933,0.9985895752906799,0.30405864119529724,1.8365602493286133,1.452567458152771,0.4913608|0.5086392|0.0000000|0.0000000|0.0000000|0.0000000|0.0000000|0.0000000|0.0000000|0.0000000,1,0.5086392164230347,412.36904281326576,0,0,0,0,0,
cross_town,Town02,mixed,3,8,0.4,-7.447046279907227,219.40994262695312,0.21212264895439148,89.98705291748047,1.0766143529545502e-10,501.2367712581468,2.1479157449919837e-11,4.76837158203125e-07,2.663161087212984e-07,0.25964338481458965,0.42597843128177737,0.017090290784835815,0.445133775472641,0.03835819661617279,0.0,0.2561204731464386,-0.11233986914157867,0.9784693717956543,0.23272202908992767,1.2214066982269287,1.628917932510376,0.8707677|0.1292323|0.0000000|0.0000000|0.0000000|0.0000000|0.0000000|0.0000000|0.0000000|0.0000000,0,0.8707677125930786,251.49375897151694,0,0,0,0,0,
cross_town,Town02,mixed,3,9,0.45,-7.447046279907227,219.40994262695312,0.21507754921913147,89.98705291748047,1.0766143529545502e-10,501.2367712581468,2.1479157449919837e-11,4.76837158203125e-07,2.663161087212984e-07,0.18444874137698192,0.4273369761090019,0.016190707683563232,0.15180033445358276,-0.7916523218154907,0.0,0.17612047493457794,-0.19233986735343933,0.9648839235305786,0.30375179648399353,1.024585247039795,1.2415603399276733,1.0000000|0.0000000|0.0000000|0.0000000|0.0000000|0.0000000|0.0000000|0.0000000|0.0000000|0.0000000,0,1.0,184.38020897795082,0,0,0,0,0,
cross_town,Town02,mixed,3,10,0.5,-7.447046279907227,219.40994262695312,0.2171591967344284,89.98705291748047,1.0766143529545502e-10,501.2367712581468,2.1479157449919837e-11,4.76837158203125e-07,2.663161087212984e-07,0.12918967008607044,0.42736164361015677,0.005365163087844849,0.0013609230518341064,-0.5198231339454651,0.0,0.09612047672271729,-0.2723398804664612,0.9646372199058533,0.800000011920929,0.5265229344367981,-0.03377580642700195,1.0000000|0.0000000|0.0000000|0.0000000|0.0000000|0.0000000|0.0000000|0.0000000|0.0000000|0.0000000,0,1.0,141.31975624246292,0,0,0,0,0,
cross_town,Town02,mixed,3,11,0.55,-7.447046279907227,219.40994262695312,0.21860744059085846,89.98705291748047,1.0766143529545502e-10,501.2367712581468,2.1479157449919837e-11,4.76837158203125e-07,2.663161087212984e-07,0.08946207761789647,0.42382536846203345,0.0059618353843688965,0.013893038034439087,-0.10012489557266235,0.0,0.01612047664821148,-0.19233988225460052,1.0,0.303752064704895,5.806048393249512,1.0831265449523926,1.0000000|0.0000000|0.0000000|0.0000000|0.0000000|0.0000000|0.0000000|0.0000000|0.0000000|0.0000000,0,1.0,125.16623055948081,0,0,0,0,0,
cross_town,Town02,mixed,3,12,0.6,-7.447046279907227,219.40994262695312,0.21960493922233582,89.98705291748047,1.0766143529545502e-10,501.2367712581468,2.1479157449919837e-11,4.76837158203125e-07,2.663161087212984e-07,0.061379791797432075,0.43018340427648577,0.0029425323009490967,0.04303443431854248,-0.22740578651428223,0.0,0.0,-0.22740578651428223,0.9984642267227173,0.30435416102409363,1.814931869506836,1.111543893814087,1.0000000|0.0000000|0.0000000|0.0000000|0.0000000|0.0000000|0.0000000|0.0000000|0.0000000|0.0000000,0,1.0,105.13324699347373,0,0,0,0,0,
cross_town,Town02,mixed,3,13,0.65,-7.447046279907227,219.40994262695312,0.22028613090515137,89.98705291748047,1.0766143529545502e-10,501.2367712581468,2.1479157449919837e-11,4.76837158203125e-07,2.663161087212984e-07,0.041777467355149485,0.42382539230285154,0.008569568395614624,0.07864892482757568,0.4091617166996002,0.0,0.07864892482757568,-0.14740578830242157,0.9999997615814209,0.2400902956724167,4.088927268981934,0.7946192622184753,0.7804205|0.1061309|0.1134486|0.0000000|0.0000000|0.0000000|0.0000000|0.0000000|0.0000000|0.0000000,0,0.7804205417633057,92.5603670571501,0,0,0,0,0,
cross_town,Town02,mixed,3,14,0.7,-7.447046279907227,219.40994262695312,0.22074805200099945,89.98705291748047,1.0766143529545502e-10,501.2367712581468,2.1479157449919837e-11,4.76837158203125e-07,2.663161087212984e-07,0.028250517323865597,0.43164141038960974,0.019592493772506714,0.23945185542106628,-0.1221589744091034,0.0,0.15864892303943634,-0.1221589744091034,0.9909907579421997,0.24024808406829834,1.4348645210266113,1.7720556259155273,0.7784811|0.1090754|0.1124435|0.0000000|0.0000000|0.0000000|0.0000000|0.0000000|0.0000000|0.0000000,0,0.778481125831604,86.39899635854498,0,0,0,0,0,
cross_town,Town02,mixed,3,15,0.75,-7.447046279907227,219.40994262695312,0.22105933725833893,89.98705291748047,1.0766143529545502e-10,501.2367712581468,2.1479157449919837e-11,4.76837158203125e-07,2.663161087212984e-07,0.018989181519629434,0.4353532763098173,0.02173292636871338,0.2790377140045166,0.06279721856117249,0.0,0.238648921251297,-0.04215897619724274,0.8847209215164185,0.23982098698616028,0.7696582078933716,1.7821450233459473,0.7836531|0.1118363|0.1045106|0.0000000|0.0000000|0.0000000|0.0000000|0.0000000|0.0000000|0.0000000,0,0.7836530804634094,73.56904882056372,0,0,0,0,0,
cross_town,Town02,mixed,3,16,0.8,-7.447046279907227,219.40994262695312,0.22126799821853638,89.98705291748047,1.0766143529545502e-10,501.2367712581468,2.1479157449919837e-11,4.76837158203125e-07,2.663161087212984e-07,0.01270400557062364,0.4382307083970601,0.051968276500701904,0.357740581035614,-0.08685532212257385,0.0,0.31864893436431885,-0.08685532212257385,0.9086965918540955,0.24200385808944702,0.8324519991874695,2.0734219551086426,0.7570251|0.1244874|0.1184875|0.0000000|0.0000000|0.0000000|0.0000000|0.0000000|0.0000000|0.0000000,0,0.7570250630378723,61.39050383523793,0,0,0,0,0,
cross_town,Town02,mixed,3,17,0.85,-7.447046279907227,219.40994262695312,0.2214072048664093,89.98705291748047,1.0766143529545502e-10,501.2367712581468,2.1479157449919837e-11,4.76837158203125e-07,2.663161087212984e-07,0.008460639464352191,0.463001814455567,0.06603094935417175,0.654383659362793,0.24108831584453583,0.0,0.3986489474773407,-0.006855322048068047,0.6075331568717957,0.23210200667381287,0.3771367073059082,2.120060920715332,0.8771789|0.1228211|0.0000000|0.0000000|0.0000000|0.0000000|0.0000000|0.0000000|0.0000000|0.0000000,0,0.8771789073944092,28.629137720990286,0,0,0,0,0,
cross_town,Town02,mixed,3,18,0.9,-7.447046279907227,219.40994262695312,0.2214072048664093,89.98705291748047,1.0766143529545502e-10,501.2367712581468,2.1479157449919837e-11,4.76837158203125e-07,2.663161087212984e-07,0.0,0.423638297144944,0.026792287826538086,0.07261863350868225,-0.8068159818649292,0.0,0.31864893436431885,-0.08685532212257385,1.0,0.30406203866004944,4.869698524475098,2.0193519592285156,0.4852273|0.5147727|0.0000000|0.0000000|0.0000000|0.0000000|0.0000000|0.0000000|0.0000000|0.0000000,1,0.5147726535797119,18.5386795115627,0,0,0,0,0,
cross_town,Town02,mixed,3,19,0.95,-7.447046279907227,219.40994262695312,0.22150881588459015,89.98705291748047,1.0766143529545502e-10,501.2367712581468,2.1479157449919837e-11,4.76837158203125e-07,2.663161087212984e-07,0.0021905707895096683,0.42953690981422327,0.025331050157546997,0.16823041439056396,-0.7840105295181274,0.0,0.2386489361524582,-0.1668553203344345,0.9394355416297913,0.30406486988067627,0.8813279271125793,1.60703706741333,0.4805018|0.5194982|0.0000000|0.0000000|0.0000000|0.0000000|0.0000000|0.0000000|0.0000000|0.0000000,1,0.5194981694221497,14.59675692320766,0,0,0,0,0,
cross_town,Town02,mixed,3,20,1.0,-7.447046279907227,219.40994262695312,0.22154201567173004,89.98705291748047,1.0766143529545502e-10,501.2367712581468,2.1479157449919837e-11,4.76837158203125e-07,2.663161087212984e-07,0.0024277725768996976,0.4232927785743155,0.013124912977218628,0.3098386228084564,0.028737416490912437,0.0,0.3098386228084564,-0.08685532212257385,0.9999998807907104,0.23927825689315796,4.346506118774414,1.6671279668807983,0.7812786|0.1105013|0.1082201|0.0000000|0.0000000|0.0000000|0.0000000|0.0000000|0.0000000|0.0000000,0,0.7812785506248474,12.77944216165975,0,0,0,0,0,
cross_town,Town02,mixed,3,21,1.05,-7.447046279907227,219.40994262695312,0.22157397866249084,89.98705291748047,1.0766143529545502e-10,501.2367712581468,2.1479157449919837e-11,4.76837158203125e-07,2.663161087212984e-07,0.002180614347803349,0.4307046415720566,0.02478829026222229,0.3283897638320923,0.23914389312267303,0.0,0.3283897638320923,-0.006855322048068047,0.9237649440765381,0.23849427700042725,0.885164737701416,2.1126554012298584,0.7859485|0.1048917|0.1091599|0.0000000|0.0000000|0.0000000|0.0000000|0.0000000|0.0000000|0.0000000,0,0.7859484553337097,11.52943182354919,0,0,0,0,0,
cross_town,Town02,mixed,3,22,1.1,-7.447046279907227,219.40994262695312,0.22160102427005768,89.98705291748047,1.0766143529545502e-10,501.2367712581468,2.1479157449919837e-11,4.76837158203125e-07,2.663161087212984e-07,0.0017819479807186797,0.4301116872697542,0.09805279970169067,0.6192193031311035,0.29705917835235596,0.0,0.40838977694511414,0.07314467430114746,0.9274002313613892,0.22507895529270172,0.9117770195007324,2.163341522216797,0.9584458|0.0415542|0.0000000|0.0000000|0.0000000|0.0000000|0.0000000|0.0000000|0.0000000|0.0000000,0,0.9584457874298096,10.842193002933834,0,0,0,0,0,
cross_town,Town02,mixed,3,23,1.15,-7.447046279907227,219.40994262695312,0.22162239253520966,89.98705291748047,1.0766143529545502e-10,501.2367712581468,2.1479157449919837e-11,4.76837158203125e-07,2.663161087212984e-07,0.0013755912195536541,0.42360043250440566,0.09930276870727539,0.4829137325286865,0.16441813111305237,0.0,0.4829137325286865,0.15314467251300812,0.9900321960449219,0.23416727781295776,1.4154269695281982,1.9840261936187744,0.8415257|0.1213235|0.0371507|0.0000000|0.0000000|0.0000000|0.0000000|0.0000000|0.0000000|0.0000000,0,0.8415257334709167,10.045963518797606,0,0,0,0,0,
cross_town,Town02,mixed,3,24,1.2,-7.447046279907227,219.40994262695312,0.2216385155916214,89.98705291748047,1.0766143529545502e-10,501.2367712581468,2.1479157449919837e-11,4.76837158203125e-07,2.663161087212984e-07,0.0010242004831560955,0.422348943385211,0.09839490056037903,0.1546849012374878,0.05358511954545975,0.0,0.4029137194156647,0.07314467430114746,0.9998652935028076,0.2403358519077301,2.4877305030822754,1.5726476907730103,0.7628357|0.0995600|0.1006164|0.0369880|0.0000000|0.0000000|0.0000000|0.0000000|0.0000000|0.0000000,0,0.762835681438446,9.41085228333388,0,0,0,0,0,
cross_town,Town02,mixed,3,25,1.25,-7.447046279907227,219.40994262695312,0.22165034711360931,89.98705291748047,1.0766143529545502e-10,501.2367712581468,2.1479157449919837e-11,4.76837158203125e-07,2.663161087212984e-07,0.0007451476820885757,0.42755380022883704,0.0809013843536377,0.33467209339141846,0.03060370683670044,0.0,0.33467209339141846,0.03060370683670044,0.9999979734420776,0.2373267412185669,3.545375347137451,1.5807304382324219,0.7765146|0.1156464|0.1078389|0.0000000|0.0000000|0.0000000|0.0000000|0.0000000|0.0000000|0.0000000,0,0.7765146493911743,8.747068994074683,0,0,0,0,0,
cross_town,Town02,mixed,3,26,1.3,-7.447046279907227,219.40994262695312,0.2216588854789734,89.98705291748047,1.0766143529545502e-10,501.2367712581468,2.1479157449919837e-11,4.76837158203125e-07,2.663161087212984e-07,0.0005309829838855075,0.4219344279481255,0.06083548069000244,0.3069531321525574,0.338012158870697,0.0,0.3069531321525574,0.1106037050485611,0.9979850053787231,0.23898470401763916,1.8123035430908203,1.9283547401428223,0.7642062|0.1027451|0.0986347|0.0344140|0.0000000|0.0000000|0.0000000|0.0000000|0.0000000|0.0000000,0,0.7642061710357666,8.24331527388914,0,0,0,0,0,
cross_town,Town02,mixed,3,27,1.35,-7.447046279907227,219.40994262695312,0.22166140377521515,89.98705291748047,1.0766143529545502e-10,501.2367712581468,2.1479157449919837e-11,4.76837158203125e-07,2.663161087212984e-07,0.00016366195238688326,0.42139727889554923,0.027335166931152344,0.5066922903060913,-0.01994672231376171,0.0,0.3869531452655792,0.03060370497405529,0.9999973773956299,0.23693029582500458,3.472956418991089,1.5810678005218506,0.7809252|0.0936011|0.0900694|0.0354044|0.0000000|0.0000000|0.0000000|0.0000000|0.0000000|0.0000000,0,0.7809251546859741,7.724044107115896,0,0,0,0,0,
cross_town,Town02,mixed,3,28,1.4,-7.447046279907227,219.40994262695312,0.22166423499584198,89.98705291748047,1.0766143529545502e-10,501.2367712581468,2.1479157449919837e-11,4.76837158203125e-07,2.663161087212984e-07,0.00021993254805164407,0.42104049331700105,0.04007744789123535,0.30064231157302856,0.48848438262939453,0.0,0.3069531321525574,0.1106037050485611,0.9999679327011108,0.23889976739883423,2.8479163646698,1.510079026222229,0.7509662|0.1058346|0.1078043|0.0353949|0.0000000|0.0000000|0.0000000|0.0000000|0.0000000|0.0000000,0,0.7509661912918091,7.3122349611036,0,0,0,0,0,
cross_town,Town02,mixed,3,29,1.45,-7.447046279907227,219.40994262695312,0.22166724503040314,89.98705291748047,1.0766143529545502e-10,501.2367712581468,2.1479157449919837e-11,4.76837158203125e-07,2.663161087212984e-07,0.0002120361278477478,0.4209536288250186,0.018047422170639038,0.34690946340560913,0.24790583550930023,0.0,0.34690946340560913,0.19060370326042175,0.9969812035560608,0.2290143072605133,1.7209535837173462,1.364808440208435,0.8552630|0.1051501|0.0395869|0.0000000|0.0000000|0.0000000|0.0000000|0.0000000|0.0000000|0.0000000,0,0.8552629947662354,6.881005216173296,0,0,0,0,0,
cross_town,Town02,mixed,3,30,1.5,-7.447046279907227,219.40994262695312,0.22166995704174042,89.98705291748047,1.0766143529545502e-10,501.2367712581468,2.1479157449919837e-11,4.76837158203125e-07,2.663161087212984e-07,0.00018072510835358494,0.4202402143897507,0.05736333131790161,0.1922757923603058,0.07631006836891174,0.0,0.2669094502925873,0.1106037050485611,0.999998927116394,0.22336432337760925,3.7004170417785645,0.7319097518920898,0.8962165|0.1037835|0.0000000|0.0000000|0.0000000|0.0000000|0.0000000|0.0000000|0.0000000|0.0000000,0,0.8962165117263794,6.535891406860103,0,0,0,0,0,
cross_town,Town02,mixed,3,31,1.55,-7.447046279907227,219.40994262695312,0.22167213261127472,89.98705291748047,1.0766143529545502e-10,501.2367712581468,2.1479157449919837e-11,4.76837158203125e-07,2.663161087212984e-07,0.0001430282638799313,0.41980134081878145,0.018030524253845215,0.3797684609889984,-0.21686196327209473,0.0,0.34690946340560913,0.03060370497405529,0.9999995231628418,0.230915367603302,3.898894786834717,1.3612943887710571,0.8034194|0.1015113|0.0950694|0.0000000|0.0000000|0.0000000|0.0000000|0.0000000|0.0000000|0.0000000,0,0.8034193515777588,6.201677982526514,0,0,0,0,0,
cross_town,Town02,mixed,3,32,1.6,-7.447046279907227,219.40994262695312,0.22167380154132843,89.98705291748047,1.0766143529545502e-10,501.2367712581468,2.1479157449919837e-11,4.76837158203125e-07,2.663161087212984e-07,0.00011051562770025234,0.41933453561766976,0.04347965121269226,0.1570006012916565,0.5428797602653503,0.0,0.2669094502925873,0.1106037050485611,0.9999991655349731,0.22899340093135834,3.7549262046813965,1.512428879737854,0.8155062|0.0959583|0.0885355|0.0000000|0.0000000|0.0000000|0.0000000|0.0000000|0.0000000|0.0000000,0,0.8155061602592468,5.909998355311178,0,0,0,0,0,
cross_town,Town02,mixed,3,33,1.65,-7.447046279907227,219.40994262695312,0.2216750681400299,89.98705291748047,1.0766143529545502e-10,501.2367712581468,2.1479157449919837e-11,4.76837158203125e-07,2.663161087212984e-07,8.009721064891341e-05,0.4188383345193964,0.012201875448226929,0.3105875253677368,-0.8722065091133118,0.0,0.3105875253677368,0.03060370497405529,1.0,0.30405399203300476,5.129674911499023,1.7316899299621582,0.4984872|0.5015128|0.0000000|0.0000000|0.0000000|0.0000000|0.0000000|0.0000000|0.0000000|0.0000000,1,0.5015128254890442,5.576975240912445,0,0,0,0,0,
cross_town,Town02,mixed,3,34,1.7,-7.447046279907227,219.40994262695312,0.2216750681400299,89.98705291748047,1.0766143529545502e-10,501.2367712581468,2.1479157449919837e-11,4.76837158203125e-07,2.663161087212984e-07,5.5755621718691155e-05,0.4183829360983268,0.04914781451225281,0.1094021201133728,0.675940990447998,0.0,0.23058752715587616,0.1106037050485611,0.9993510842323303,0.21547053754329681,2.119413375854492,1.668843150138855,0.9534934|0.0465066|0.0000000|0.0000000|0.0000000|0.0000000|0.0000000|0.0000000|0.0000000|0.0000000,0,0.9534934163093567,5.5602554866897895,0,0,0,0,0,
cross_town,Town02,mixed,3,35,1.75,-7.447046279907227,219.40994262695312,0.22167640924453735,89.98705291748047,1.0766143529545502e-10,501.2367712581468,2.1479157449919837e-11,4.76837158203125e-07,2.663161087212984e-07,9.065221387377755e-06,0.41985628496424565,0.028684288263320923,0.9569651484489441,-0.24753522872924805,0.0,0.3105875253677368,0.03060370497405529,0.9792801737785339,0.3114308714866638,1.152501106262207,1.602516531944275,0.6972576|0.3027425|0.0000000|0.0000000|0.0000000|0.0000000|0.0000000|0.0000000|0.0000000|0.0000000,0,0.6972575783729553,5.411331397052123,0,0,0,0,0,
cross_town,Town02,mixed,3,36,1.8,-7.447046279907227,219.40994262695312,0.22167640924453735,89.98705291748047,1.0766143529545502e-10,501.2367712581468,2.1479157449919837e-11,4.76837158203125e-07,2.663161087212984e-07,2.2281750567686215e-05,0.4329982198957318,0.01780855655670166,0.25684988498687744,0.6074753999710083,0.0,0.25684988498687744,0.1106037050485611,0.8424213528633118,0.2244294136762619,0.6946595311164856,1.4739620685577393,0.8257180|0.0890458|0.0852362|0.0000000|0.0000000|0.0000000|0.0000000|0.0000000|0.0000000|0.0000000,0,0.8257179856300354,5.45046752991527,0,0,0,0,0,
cross_town,Town02,mixed,3,37,1.85,-7.447046279907227,219.40994262695312,0.22167640924453735,89.98705291748047,1.0766143529545502e-10,501.2367712581468,2.1479157449919837e-11,4.76837158203125e-07,2.663161087212984e-07,1.919174182829129e-05,0.41669247937107184,0.010604023933410645,0.34989646077156067,0.34645411372184753,0.0,0.3368498980998993,0.19060370326042175,0.9998527765274048,0.22445660829544067,2.4815101623535156,1.1028192043304443,0.8159255|0.0962986|0.0877759|0.0000000|0.0000000|0.0000000|0.0000000|0.0000000|0.0000000|0.0000000,0,0.8159254789352417,5.24009508444366,0,0,0,0,0,
cross_town,Town02,mixed,3,38,1.9,-7.447046279907227,219.40994262695312,0.22167640924453735,89.98705291748047,1.0766143529545502e-10,501.2367712581468,2.1479157449919837e-11,4.76837158203125e-07,2.663161087212984e-07,1.9363405420576363e-05,0.41609681512863284,0.03346216678619385,0.7016099691390991,-0.020050542429089546,0.0,0.41684991121292114,0.1106037050485611,1.0,0.3084171712398529,4.692904949188232,1.3480074405670166,0.4091646|0.3888355|0.2019999|0.0000000|0.0000000|0.0000000|0.0000000|0.0000000|0.0000000|0.0000000,0,0.40916457772254944,5.224568238945079,0,0,0,0,0,
cross_town,Town02,mixed,3,39,1.95,-7.447046279907227,219.40994262695312,0.22167640924453735,89.98705291748047,1.0766143529545502e-10,501.2367712581468,2.1479157449919837e-11,4.76837158203125e-07,2.663161087212984e-07,1.87455856514228e-05,0.4154995347410068,0.05790874361991882,0.13147175312042236,0.4114157259464264,0.0,0.3368498980998993,0.19060370326042175,0.9999945163726807,0.22167102992534637,3.306957960128784,1.3449008464813232,0.8252069|0.0867449|0.0880482|0.0000000|0.0000000|0.0000000|0.0000000|0.0000000|0.0000000|0.0000000,0,0.8252068758010864,5.084889781846736,0,0,0,0,0,
cross_town,Town02,mixed,3,40,2.0,-7.447046279907227,219.40994262695312,0.22167754173278809,89.98705291748047,1.0766143529545502e-10,501.2367712581468,2.1479157449919837e-11,4.76837158203125e-07,2.663161087212984e-07,1.6548577041324e-05,0.4213162405209648,0.08605870604515076,0.42869868874549866,-0.06457392871379852,0.0,0.41684991121292114,0.1106037050485611,0.9357421398162842,0.20954559743404388,0.9600634574890137,0.6676887273788452,0.9461415|0.0538585|0.0000000|0.0000000|0.0000000|0.0000000|0.0000000|0.0000000|0.0000000|0.0000000,0,0.9461415410041809,5.137522933472562,0,0,0,0,0,
cross_town,Town02,mixed,3,41,2.05,-7.447046279907227,219.40994262695312,0.22167754173278809,89.98705291748047,1.0766143529545502e-10,501.2367712581468,2.1479157449919837e-11,4.76837158203125e-07,2.663161087212984e-07,8.27422896613278e-06,0.43170435702822435,0.06566756963729858,0.3032379746437073,0.21535935997962952,0.0,0.3368498980998993,0.19060370326042175,0.8251872062683105,0.21684300899505615,0.6711305975914001,1.716394305229187,0.8626001|0.0897688|0.0476311|0.0000000|0.0000000|0.0000000|0.0000000|0.0000000|0.0000000|0.0000000,0,0.8626001477241516,4.494640508417843,0,0,0,0,0,
cross_town,Town02,mixed,3,42,2.1,-7.447046279907227,219.40994262695312,0.22167754173278809,89.98705291748047,1.0766143529545502e-10,501.2367712581468,2.1479157449919837e-11,4.76837158203125e-07,2.663161087212984e-07,7.038116311761455e-06,0.41468522780406813,0.06103900074958801,0.4101298749446869,0.03867771476507187,0.0,0.4101298749446869,0.1106037050485611,0.9879373908042908,0.22180037200450897,1.3795771598815918,0.7806196212768555,0.8029754|0.0779981|0.0747750|0.0442515|0.0000000|0.0000000|0.0000000|0.0000000|0.0000000|0.0000000,0,0.8029753565788269,4.185717976730304,0,0,0,0,0,
cross_town,Town02,mixed,3,43,2.15,-7.447046279907227,219.40994262695312,0.22167754173278809,89.98705291748047,1.0766143529545502e-10,501.2367712581468,2.1479157449919837e-11,4.76837158203125e-07,2.663161087212984e-07,3.4355222321407694e-06,0.4126611662917411,0.02851104736328125,0.08655315637588501,-0.8576654195785522,0.0,0.33012986183166504,0.03060370497405529,1.0,0.30404868721961975,6.402829647064209,1.7340948581695557,0.5073052|0.4926948|0.0000000|0.0000000|0.0000000|0.0000000|0.0000000|0.0000000|0.0000000|0.0000000,0,0.5073052048683167,3.843152410832564,0,0,0,0,0,
cross_town,Town02,mixed,3,44,2.2,-7.447046279907227,219.40994262695312,0.22167754173278809,89.98705291748047,1.0766143529545502e-10,501.2367712581468,2.1479157449919837e-11,4.76837158203125e-07,2.663161087212984e-07,2.1629353835408324e-06,0.4383713001595389,0.058455199003219604,0.10453322529792786,0.7864741086959839,0.0,0.2501298487186432,0.1106037050485611,0.7340868711471558,0.2158041000366211,0.5380603075027466,1.529522180557251,0.8314658|0.0885541|0.0799802|0.0000000|0.0000000|0.0000000|0.0000000|0.0000000|0.0000000|0.0000000,0,0.8314657807350159,3.6805634891683923,0,0,0,0,0,
cross_town,Town02,mixed,3,45,2.25,-7.447046279907227,219.40994262695312,0.22167754173278809,89.98705291748047,1.0766143529545502e-10,501.2367712581468,2.1479157449919837e-11,4.76837158203125e-07,2.663161087212984e-07,4.737856140737144e-06,0.41311727267751797,0.03691557049751282,0.2199210822582245,0.7096738815307617,0.0,0.2199210822582245,0.19060370326042175,0.9771592020988464,0.20550282299518585,1.2335222959518433,0.6886996030807495,0.9158572|0.0841428|0.0000000|0.0000000|0.0000000|0.0000000|0.0000000|0.0000000|0.0000000|0.0000000,0,0.915857195854187,3.452044649979265,0,0,0,0,0,
cross_town,Town02,mixed,3,46,2.3,-7.447046279907227,219.40994262695312,0.22167754173278809,89.98705291748047,1.0766143529545502e-10,501.2367712581468,2.1479157449919837e-11,4.76837158203125e-07,2.663161087212984e-07,7.347108679495754e-06,0.409845437554899,0.0908656120300293,0.6226522326469421,-0.002586440881714225,0.0,0.29992109537124634,0.1106037050485611,0.9998145699501038,0.2106967717409134,2.4373695850372314,0.2975410223007202,0.8612058|0.0791106|0.0596837|0.0000000|0.0000000|0.0000000|0.0000000|0.0000000|0.0000000|0.0000000,0,0.8612057566642761,3.3432167567010094,0,0,0,0,0,
cross_town,Town02,mixed,3,47,2.35,-7.447046279907227,219.40994262695312,0.22167754173278809,89.98705291748047,1.0766143529545502e-10,501.2367712581468,2.1479157449919837e-11,4.76837158203125e-07,2.663161087212984e-07,6.660822786226442e-06,0.46525082375326376,0.022365659475326538,0.21740573644638062,0.5646865367889404,0.0,0.21992109715938568,0.19060370326042175,0.4350389540195465,0.21537375450134277,0.2192959040403366,1.1491894721984863,0.8047493|0.0738003|0.0697852|0.0516652|0.0000000|0.0000000|0.0000000|0.0000000|0.0000000|0.0000000,0,0.8047492504119873,3.1606212584658118,0,0,0,0,0,
cross_town,Town02,mixed,3,48,2.4,-7.447046279907227,219.40994262695312,0.22167754173278809,89.98705291748047,1.0766143529545502e-10,501.2367712581468,2.1479157449919837e-11,4.76837158203125e-07,2.663161087212984e-07,5.493165348711647e-06,0.4076209217031417,0.05565580725669861,0.800934910774231,-0.5816946625709534,0.0,0.29992109537124634,0.1106037050485611,1.0,0.3073573112487793,14.041053771972656,1.5208570957183838,0.5672548|0.4327452|0.0000000|0.0000000|0.0000000|0.0000000|0.0000000|0.0000000|0.0000000|0.0000000,0,0.5672547817230225,3.073149416987069,0,0,0,0,0,
cross_town,Town02,mixed,3,49,2.45,-7.447046279907227,219.40994262695312,0.22167754173278809,89.98705291748047,1.0766143529545502e-10,501.2367712581468,2.1479157449919837e-11,4.76837158203125e-07,2.663161087212984e-07,6.7634601749310996e-06,0.40642225266815474,0.06567826867103577,0.0012121498584747314,-0.38937750458717346,0.0,0.21992109715938568,0.03060370497405529,0.9999949932098389,0.800000011920929,2.7525389194488525,-1.3818236589431763,1.0000000|0.0000000|0.0000000|0.0000000|0.0000000|0.0000000|0.0000000|0.0000000|0.0000000|0.0000000,0,1.0,2.9394319837421343,0,0,0,0,0,
cross_town,Town02,mixed,3,50,2.5,-7.447046279907227,219.40994262695312,0.22167754173278809,89.98705291748047,1.0766143529545502e-10,501.2367712581468,2.1479157449919837e-11,4.76837158203125e-07,2.663161087212984e-07,4.978192806401899e-06,0.4166643403540853,0.022068381309509277,0.9805635809898376,-0.10636023432016373,0.0,0.29992109537124634,-0.049396295100450516,0.8850057721138,0.30560576915740967,0.7045722603797913,1.6577866077423096,0.3615423|0.3361047|0.3023530|0.0000000|0.0000000|0.0000000|0.0000000|0.0000000|0.0000000|0.0000000,0,0.36154231429100037,2.8745407945055175,0,0,0,0,0,
cross_town,Town02,mixed,3,51,2.55,-7.447046279907227,219.40994262695312,0.22167754173278809,89.98705291748047,1.0766143529545502e-10,501.2367712581468,2.1479157449919837e-11,4.76837158203125e-07,2.663161087212984e-07,5.66482695382562e-06,0.4038389762464157,0.07282322645187378,0.1202390193939209,0.8910571336746216,0.0,0.21992109715938568,0.03060370497405529,0.9999969005584717,0.2035440057516098,3.467741012573242,1.1596835851669312,0.8541961|0.0707681|0.0750358|0.0000000|0.0000000|0.0000000|0.0000000|0.0000000|0.0000000|0.0000000,0,0.8541960716247559,2.7472560626756977,0,0,0,0,0,
cross_town,Town02,mixed,3,52,2.6,-7.447046279907227,219.40994262695312,0.22167754173278809,89.98705291748047,1.0766143529545502e-10,501.2367712581468,2.1479157449919837e-11,4.76837158203125e-07,2.663161087212984e-07,2.746692357787319e-07,0.40244300467334027,0.1415083110332489,0.932512640953064,-0.2943858206272125,0.0,0.29992109537124634,-0.049396295100450516,1.0,0.30511993169784546,4.789646148681641,1.4520567655563354,0.5250362|0.4749638|0.0000000|0.0000000|0.0000000|0.0000000|0.0000000|0.0000000|0.0000000|0.0000000,0,0.5250361561775208,2.675031324262951,0,0,0,0,0,
cross_town,Town02,mixed,3,53,2.65,-7.447046279907227,219.40994262695312,0.22167754173278809,89.98705291748047,1.0766143529545502e-10,501.2367712581468,2.1479157449919837e-11,4.76837158203125e-07,2.663161087212984e-07,9.613172058104569e-07,0.4010173117142136,0.07762476801872253,0.112995445728302,0.07844626903533936,0.0,0.21992109715938568,0.03060370497405529,0.9994921684265137,0.19112256169319153,2.2050957679748535,1.191394329071045,0.9317223|0.0682777|0.0000000|0.0000000|0.0000000|0.0000000|0.0000000|0.0000000|0.0000000|0.0000000,0,0.9317222833633423,2.552195173215764,0,0,0,0,0,
cross_town,Town02,mixed,3,54,2.7,-7.447046279907227,219.40994262695312,0.22167754173278809,89.98705291748047,1.0766143529545502e-10,501.2367712581468,2.1479157449919837e-11,4.76837158203125e-07,2.663161087212984e-07,1.6479715376996568e-06,0.4169192171389875,0.032857418060302734,0.19569933414459229,0.615899384021759,0.0,0.19569933414459229,0.1106037050485611,0.8249030113220215,0.1968075931072235,0.690673828125,1.5359735488891602,0.8710315|0.0661545|0.0628141|0.0000000|0.0000000|0.0000000|0.0000000|0.0000000|0.0000000|0.0000000,0,0.8710314631462097,2.479296633808039,0,0,0,0,0,
cross_town,Town02,mixed,3,55,2.75,-7.447046279907227,219.40994262695312,0.22167754173278809,89.98705291748047,1.0766143529545502e-10,501.2367712581468,2.1479157449919837e-11,4.76837158203125e-07,2.663161087212984e-07,2.334605474686443e-06,0.3978272553976843,0.08468940854072571,0.22539982199668884,-0.3002537488937378,0.0,0.22539982199668884,0.03060370497405529,0.9993353486061096,0.19460871815681458,2.1343064308166504,1.0073332786560059,0.8740001|0.0612919|0.0647081|0.0000000|0.0000000|0.0000000|0.0000000|0.0000000|0.0000000|0.0000000,0,0.874000072479248,2.3641734109369112,0,0,0,0,0,
cross_town,Town02,mixed,3,56,2.8,-7.447046279907227,219.40994262695312,0.22167754173278809,89.98705291748047,1.0766143529545502e-10,501.2367712581468,2.1479157449919837e-11,4.76837158203125e-07,2.663161087212984e-07,2.9869121521934104e-06,0.3960244142656478,0.06702712178230286,0.1644546389579773,0.6081594824790955,0.0,0.1644546389579773,0.1106037050485611,0.9999682903289795,0.19305458664894104,2.896989583969116,0.9110432863235474,0.8739939|0.0716190|0.0543872|0.0000000|0.0000000|0.0000000|0.0000000|0.0000000|0.0000000|0.0000000,0,0.8739938735961914,2.2949854545926733,0,0,0,0,0,
cross_town,Town02,mixed,3,57,2.85,-7.447046279907227,219.40994262695312,0.22167754173278809,89.98705291748047,1.0766143529545502e-10,501.2367712581468,2.1479157449919837e-11,4.76837158203125e-07,2.663161087212984e-07,4.813240617153834e-06,0.3941876224457462,0.08885931968688965,0.23200520873069763,-0.4732804000377655,0.0,0.23200520873069763,0.03060370497405529,0.9999502897262573,0.1912614107131958,2.785810708999634,1.1800246238708496,0.8716426|0.0646399|0.0637175|0.0000000|0.0000000|0.0000000|0.0000000|0.0000000|0.0000000|0.0000000,0,0.8716425895690918,2.1958175815206866,0,0,0,0,0,
cross_town,Town02,mixed,3,58,2.9,-7.447046279907227,219.40994262695312,0.22167754173278809,89.98705291748047,1.0766143529545502e-10,501.2367712581468,2.1479157449919837e-11,4.76837158203125e-07,2.663161087212984e-07,4.360205959072385e-06,0.39307585154917224,0.06471124291419983,0.1340569257736206,0.1326838731765747,0.0,0.15200521051883698,0.1106037050485611,0.9917618036270142,0.18775612115859985,1.5099204778671265,0.8391169905662537,0.8877543|0.0627928|0.0494529|0.0000000|0.0000000|0.0000000|0.0000000|0.0000000|0.0000000|0.0000000,0,0.8877543210983276,2.142105398283621,0,0,0,0,0,
cross_town,Town02,mixed,3,59,2.95,-7.447046279907227,219.40994262695312,0.22167754173278809,89.98705291748047,1.0766143529545502e-10,501.2367712581468,2.1479157449919837e-11,4.76837158203125e-07,2.663161087212984e-07,5.046848498234462e-06,0.39321429789041906,0.06453567743301392,0.39896777272224426,-0.10570704936981201,0.0,0.23200520873069763,0.03060370497405529,0.9701274633407593,0.19379118084907532,1.1763312816619873,1.2848557233810425,0.8261012|0.0613948|0.0619133|0.0505907|0.0000000|0.0000000|0.0000000|0.0000000|0.0000000|0.0000000,0,0.8261011838912964,2.0656017077866333,0,0,0,0,0,
cross_town,Town02,mixed,3,60,3.0,-7.447046279907227,219.40994262695312,0.22167754173278809,89.98705291748047,1.0766143529545502e-10,501.2367712581468,2.1479157449919837e-11,4.76837158203125e-07,2.663161087212984e-07,0.0,0.4010579627120007,0.0416923463344574,0.09250828623771667,-0.16270799934864044,0.0,0.15200521051883698,-0.049396295100450516,0.870611310005188,0.1929452121257782,0.7836484909057617,1.1227554082870483,0.8190497|0.0624168|0.0690891|0.0494445|0.0000000|0.0000000|0.0000000|0.0000000|0.0000000|0.0000000,0,0.8190496563911438,2.030584427983638,0,0,0,0,0,
cross_town,Town02,mixed,3,61,3.05,-7.447046279907227,219.40994262695312,0.22167754173278809,89.98705291748047,1.0766143529545502e-10,501.2367712581468,2.1479157449919837e-11,4.76837158203125e-07,2.663161087212984e-07,6.86654420673308e-07,0.38645863637065836,0.0307026207447052,0.1258409023284912,-0.2584686279296875,0.0,0.1258409023284912,-0.12939628958702087,0.9946809411048889,0.18396250903606415,1.623821496963501,1.5982505083084106,0.8703818|0.0653237|0.0642945|0.0000000|0.0000000|0.0000000|0.0000000|0.0000000|0.0000000|0.0000000,0,0.870381772518158,1.9717686318248624,0,0,0,0,0,
cross_town,Town02,mixed,3,62,3.1,-7.447046279907227,219.40994262695312,0.22167754173278809,89.98705291748047,1.0766143529545502e-10,501.2367712581468,2.1479157449919837e-11,4.76837158203125e-07,2.663161087212984e-07,1.373305243678724e-06,0.38565104048380444,0.03448423743247986,0.20838618278503418,0.21991311013698578,0.0,0.20584090054035187,-0.04939629137516022,0.9800862073898315,0.18757745623588562,1.286479115486145,1.727138876914978,0.8328395|0.0646441|0.0602840|0.0422325|0.0000000|0.0000000|0.0000000|0.0000000|0.0000000|0.0000000,0,0.8328395485877991,1.947077765910167,0,0,0,0,0,
cross_town,Town02,mixed,3,63,3.15,-7.447046279907227,219.40994262695312,0.22167754173278809,89.98705291748047,1.0766143529545502e-10,501.2367712581468,2.1479157449919837e-11,4.76837158203125e-07,2.663161087212984e-07,2.0599464197356446e-06,0.3876879863103008,0.04870179295539856,0.08061525225639343,-0.3989048898220062,0.0,0.1258409023284912,-0.12939628958702087,0.9362460374832153,0.18013057112693787,0.9915809631347656,1.7573102712631226,0.8712066|0.0711926|0.0576008|0.0000000|0.0000000|0.0000000|0.0000000|0.0000000|0.0000000|0.0000000,0,0.8712065815925598,1.8951270919344034,0,0,0,0,0,
cross_town,Town02,mixed,3,64,3.2,-7.447046279907227,219.40994262695312,0.22167754173278809,89.98705291748047,1.0766143529545502e-10,501.2367712581468,2.1479157449919837e-11,4.76837158203125e-07,2.663161087212984e-07,3.887524837325883e-06,0.37895173427372303,0.024922043085098267,0.20442968606948853,0.1502755731344223,0.0,0.20442968606948853,-0.04939629137516022,0.9994051456451416,0.1768481582403183,2.1798176765441895,1.3973129987716675,0.8858858|0.0702073|0.0439069|0.0000000|0.0000000|0.0000000|0.0000000|0.0000000|0.0000000|0.0000000,0,0.8858858346939087,1.8726329103314694,0,0,0,0,0,
cross_town,Town02,mixed,3,65,3.25,-7.447046279907227,219.40994262695312,0.22167754173278809,89.98705291748047,1.0766143529545502e-10,501.2367712581468,2.1479157449919837e-11,4.76837158203125e-07,2.663161087212984e-07,3.3988973238124976e-06,0.3772178801994798,0.07128873467445374,0.060559988021850586,-0.5062328577041626,0.0,0.12442968785762787,-0.12939628958702087,0.9917113780975342,0.1766989678144455,1.51943838596344,1.8648462295532227,0.8690661|0.0759482|0.0549857|0.0000000|0.0000000|0.0000000|0.0000000|0.0000000|0.0000000|0.0000000,0,0.869066059589386,1.82019889718365,0,0,0,0,0,
cross_town,Town02,mixed,3,66,3.3,-7.447046279907227,219.40994262695312,0.22167754173278809,89.98705291748047,1.0766143529545502e-10,501.2367712581468,2.1479157449919837e-11,4.76837158203125e-07,2.663161087212984e-07,4.085600711442828e-06,0.37426360016205684,0.042454421520233154,0.1907685399055481,0.13486652076244354,0.0,0.1907685399055481,-0.04939629137516022,0.9954286813735962,0.1745673418045044,1.6712758541107178,1.653097152709961,0.8713944|0.0707347|0.0578710|0.0000000|0.0000000|0.0000000|0.0000000|0.0000000|0.0000000|0.0000000,0,0.8713943958282471,1.7943877450556978,0,0,0,0,0,
cross_town,Town02,mixed,3,67,3.35,-7.447046279907227,219.40994262695312,0.22167754173278809,89.98705291748047,1.0766143529545502e-10,501.2367712581468,2.1479157449919837e-11,4.76837158203125e-07,2.663161087212984e-07,4.772189872960742e-06,0.3717742264078592,0.05531412363052368,0.09052738547325134,-0.4198576807975769,0.0,0.11076854169368744,-0.12939628958702087,0.9935719966888428,0.17266209423542023,1.5874979496002197,1.9101885557174683,0.8717935|0.0726349|0.0555716|0.0000000|0.0000000|0.0000000|0.0000000|0.0000000|0.0000000|0.0000000,0,0.8717935085296631,1.7377434579333983,0,0,0,0,0,
cross_town,Town02,mixed,3,68,3.4,-7.447046279907227,219.40994262695312,0.22167754173278809,89.98705291748047,1.0766143529545502e-10,501.2367712581468,2.1479157449919837e-11,4.76837158203125e-07,2.663161087212984e-07,5.458833035254532e-06,0.36839368355357466,0.031667560338974,0.19110107421875,0.1196107566356659,0.0,0.1907685399055481,-0.04939629137516022,0.9997206330299377,0.16858451068401337,2.377127170562744,1.426159143447876,0.8912261|0.0729185|0.0358555|0.0000000|0.0000000|0.0000000|0.0000000|0.0000000|0.0000000|0.0000000,0,0.8912261128425598,1.70646439545893,0,0,0,0,0,
cross_town,Town02,mixed,3,69,3.45,-7.447046279907227,219.40994262695312,0.22167754173278809,89.98705291748047,1.0766143529545502e-10,501.2367712581468,2.1479157449919837e-11,4.76837158203125e-07,2.663161087212984e-07,4.80682955730624e-07,0.37067528234468305,0.054416924715042114,0.05855029821395874,-0.528024435043335,0.0,0.11076854169368744,-0.12939628958702087,0.9481849074363708,0.16834530234336853,1.0583714246749878,1.7981226444244385,0.8763521|0.0726325|0.0510154|0.0000000|0.0000000|0.0000000|0.0000000|0.0000000|0.0000000|0.0000000,0,0.8763521313667297,1.645305947150361,0,0,0,0,0,
cross_town,Town02,mixed,3,70,3.5,-7.447046279907227,219.40994262695312,0.22167754173278809,89.98705291748047,1.0766143529545502e-10,501.2367712581468,2.1479157449919837e-11,4.76837158203125e-07,2.663161087212984e-07,2.6092099762203823e-07,0.362602475231717,0.01678803563117981,0.24907949566841125,0.20451180636882782,0.0,0.1907685399055481,-0.04939629137516022,0.999153733253479,0.1720159500837326,2.0964322090148926,1.351768136024475,0.8428278|0.0739272|0.0513146|0.0319304|0.0000000|0.0000000|0.0000000|0.0000000|0.0000000|0.0000000,0,0.8428277969360352,1.6094723109447628,0,0,0,0,0,
cross_town,Town02,mixed,3,71,3.55,-7.447046279907227,219.40994262695312,0.22167754173278809,89.98705291748047,1.0766143529545502e-10,501.2367712581468,2.1479157449919837e-11,4.76837158203125e-07,2.663161087212984e-07,2.1286099550492804e-06,0.3594253210695297,0.07902443408966064,0.039899230003356934,-0.5183511972427368,0.0,0.11076854169368744,-0.12939628958702087,0.9999760389328003,0.16093575954437256,2.999178409576416,1.8437426090240479,0.9127442|0.0554655|0.0317903|0.0000000|0.0000000|0.0000000|0.0000000|0.0000000|0.0000000|0.0000000,0,0.9127441644668579,1.5474233639382577,0,0,0,0,0,
cross_town,Town02,mixed,3,72,3.6,-7.447046279907227,219.40994262695312,0.22167754173278809,89.98705291748047,1.0766143529545502e-10,501.2367712581468,2.1479157449919837e-11,4.76837158203125e-07,2.663161087212984e-07,2.918257517451428e-06,0.35621475519797496,0.04731816053390503,0.14008080959320068,0.10327162593603134,0.0,0.14008080959320068,-0.04939629137516022,0.9999972581863403,0.16419407725334167,3.5356273651123047,1.7451642751693726,0.8667083|0.0813947|0.0518970|0.0000000|0.0000000|0.0000000|0.0000000|0.0000000|0.0000000|0.0000000,0,0.8667083382606506,1.5103179567901728,0,0,0,0,0,
cross_town,Town02,mixed,3,73,3.65,-7.447046279907227,219.40994262695312,0.22167754173278809,89.98705291748047,1.0766143529545502e-10,501.2367712581468,2.1479157449919837e-11,4.76837158203125e-07,2.663161087212984e-07,3.639302631625904e-06,0.36473318366863233,0.034538209438323975,0.10774505138397217,-0.32860809564590454,0.0,0.10774505138397217,-0.12939628958702087,0.8814591765403748,0.16659344732761383,0.8349868655204773,1.6196728944778442,0.8420809|0.0846333|0.0484977|0.0247881|0.0000000|0.0000000|0.0000000|0.0000000|0.0000000|0.0000000,0,0.8420808911323547,1.4502846449574105,0,0,0,0,0,
cross_town,Town02,mixed,3,74,3.7,-7.447046279907227,219.40994262695312,0.22167754173278809,89.98705291748047,1.0766143529545502e-10,501.2367712581468,2.1479157449919837e-11,4.76837158203125e-07,2.663161087212984e-07,4.325915838051624e-06,0.3494263777363164,0.05967295169830322,0.13790231943130493,0.07931023836135864,0.0,0.13790231943130493,-0.04939629137516022,0.999996542930603,0.14959798753261566,3.49120831489563,1.6668477058410645,0.9476468|0.0523532|0.0000000|0.0000000|0.0000000|0.0000000|0.0000000|0.0000000|0.0000000|0.0000000,0,0.9476467967033386,1.4147376583770839,0,0,0,0,0,
cross_town,Town02,mixed,3,75,3.75,-7.447046279907227,219.40994262695312,0.22167754173278809,89.98705291748047,1.0766143529545502e-10,501.2367712581468,2.1479157449919837e-11,4.76837158203125e-07,2.663161087212984e-07,5.048447470542703e-06,0.345847161839832,0.06249368190765381,0.0665784478187561,-0.34565266966819763,0.0,0.0665784478187561,-0.12939628958702087,1.0,0.1522320806980133,4.961185932159424,1.8359878063201904,0.9229038|0.0497041|0.0273921|0.0000000|0.0000000|0.0000000|0.0000000|0.0000000|0.0000000|0.0000000,0,0.922903835773468,1.3603883482283374,0,0,0,0,0,
cross_town,Town02,mixed,3,76,3.8,-7.447046279907227,219.40994262695312,0.22167754173278809,89.98705291748047,1.0766143529545502e-10,501.2367712581468,2.1479157449919837e-11,4.76837158203125e-07,2.663161087212984e-07,4.362835854259003e-06,0.34216010298676625,0.02411225438117981,0.23916217684745789,0.16979575157165527,0.0,0.14657844603061676,-0.04939629137516022,1.0,0.15473711490631104,6.861453056335449,1.5634037256240845,0.8831944|0.0893159|0.0274896|0.0000000|0.0000000|0.0000000|0.0000000|0.0000000|0.0000000|0.0000000,0,0.8831944465637207,1.3310955718760211,0,0,0,0,0,
cross_town,Town02,mixed,3,77,3.85,-7.447046279907227,219.40994262695312,0.22167754173278809,89.98705291748047,1.0766143529545502e-10,501.2367712581468,2.1479157449919837e-11,4.76837158203125e-07,2.663161087212984e-07,1.373984973635831e-07,0.3383623113344135,0.07645580172538757,0.04007905721664429,-0.37659168243408203,0.0,0.0665784478187561,-0.12939628958702087,1.0,0.1551569551229477,5.184056282043457,1.834216594696045,0.8659618|0.0876641|0.0463739|0.0000000|0.0000000|0.0000000|0.0000000|0.0000000|0.0000000|0.0000000,0,0.8659618496894836,1.2847275886860263,0,0,0,0,0,
cross_town,Town02,mixed,3,78,3.9,-7.447046279907227,219.40994262695312,0.22167754173278809,89.98705291748047,1.0766143529545502e-10,501.2367712581468,2.1479157449919837e-11,4.76837158203125e-07,2.663161087212984e-07,9.613252389631987e-07,0.33447652962768004,0.027625054121017456,0.162271648645401,0.07784062623977661,0.0,0.14657844603061676,-0.04939629137516022,1.0,0.15063712000846863,7.567768096923828,1.4457826614379883,0.8853519|0.0911993|0.0234488|0.0000000|0.0000000|0.0000000|0.0000000|0.0000000|0.0000000|0.0000000,0,0.8853518962860107,1.2622117502678853,0,0,0,0,0,
cross_town,Town02,mixed,3,79,3.95,-7.447046279907227,219.40994262695312,0.22167754173278809,89.98705291748047,1.0766143529545502e-10,501.2367712581468,2.1479157449919837e-11,4.76837158203125e-07,2.663161087212984e-07,1.7854453841648294e-06,0.3304995412326393,0.06426319479942322,0.04258376359939575,-0.4168599247932434,0.0,0.0665784478187561,-0.12939628958702087,1.0,0.13696622848510742,5.233721733093262,1.6378910541534424,0.9729270|0.0270730|0.0000000|0.0000000|0.0000000|0.0000000|0.0000000|0.0000000|0.0000000|0.0000000,0,0.9729270339012146,1.221897161125185,0,0,0,0,0,
cross_town,Town02,mixed,3,80,4.0,-7.447046279907227,219.40994262695312,0.22167754173278809,89.98705291748047,1.0766143529545502e-10,501.2367712581468,2.1479157449919837e-11,4.76837158203125e-07,2.663161087212984e-07,2.578024332082152e-06,0.3264545304725518,0.016827106475830078,0.6906348466873169,0.3561679720878601,0.0,0.14657844603061676,-0.04939629137516022,0.9999997615814209,0.2772616446018219,4.071484565734863,0.7045274972915649,0.8296363|0.1703637|0.0000000|0.0000000|0.0000000|0.0000000|0.0000000|0.0000000|0.0000000|0.0000000,0,0.82963627576828,1.2039733165006432,0,0,0,0,0,
cross_town,Town02,mixed,3,81,4.05,-7.447046279907227,219.40994262695312,0.22167754173278809,89.98705291748047,1.0766143529545502e-10,501.2367712581468,2.1479157449919837e-11,4.76837158203125e-07,2.663161087212984e-07,1.8267236867792823e-06,0.32373346049846746,0.011728018522262573,0.4663437008857727,0.5060160160064697,0.0,0.22657844424247742,0.03060370869934559,0.9860272407531738,0.28146612644195557,1.2826765775680542,1.7826911211013794,0.6224633|0.2489988|0.1285379|0.0000000|0.0000000|0.0000000|0.0000000|0.0000000|0.0000000|0.0000000,0,0.6224633455276489,1.1673150866126742,0,0,0,0,0,
cross_town,Town02,mixed,3,82,4.1,-7.447046279907227,219.40994262695312,0.22167754173278809,89.98705291748047,1.0766143529545502e-10,501.2367712581468,2.1479157449919837e-11,4.76837158203125e-07,2.663161087212984e-07,4.0188976517090596e-06,0.3181697839603853,0.06532078981399536,0.06334477663040161,-0.6894823312759399,0.0,0.14657844603061676,-0.04939629137516022,0.9999657869338989,0.14996683597564697,2.920475482940674,1.9407950639724731,0.8473680|0.0930323|0.0409171|0.0186824|0.0000000|0.0000000|0.0000000|0.0000000|0.0000000|0.0000000,0,0.8473680019378662,1.151896388011649,0,0,0,0,0,
cross_town,Town02,mixed,3,83,4.15,-7.447046279907227,219.40994262695312,0.22167754173278809,89.98705291748047,1.0766143529545502e-10,501.2367712581468,2.1479157449919837e-11,4.76837158203125e-07,2.663161087212984e-07,4.7722488009301606e-06,0.31393746005520135,0.05785864591598511,0.04443123936653137,-0.41892024874687195,0.0,0.0665784478187561,-0.12939628958702087,1.0,0.13956639170646667,5.234797477722168,1.5836540460586548,0.8925394|0.1074606|0.0000000|0.0000000|0.0000000|0.0000000|0.0000000|0.0000000|0.0000000|0.0000000,0,0.892539381980896,1.1167718235967963,0,0,0,0,0,
cross_town,Town02,mixed,3,84,4.2,-7.447046279907227,219.40994262695312,0.22167754173278809,89.98705291748047,1.0766143529545502e-10,501.2367712581468,2.1479157449919837e-11,4.76837158203125e-07,2.663161087212984e-07,5.529074731019136e-06,0.30967097443556735,0.03439974784851074,0.18830859661102295,0.12669672071933746,0.0,0.14657844603061676,-0.04939629137516022,1.0,0.14823506772518158,6.154687404632568,1.5868955850601196,0.8367326|0.1043043|0.0400107|0.0189524|0.0000000|0.0000000|0.0000000|0.0000000|0.0000000|0.0000000,0,0.8367326259613037,1.1024503535705503,0,0,0,0,0,
cross_town,Town02,mixed,3,85,4.25,-7.447046279907227,219.40994262695312,0.22167754173278809,89.98705291748047,1.0766143529545502e-10,501.2367712581468,2.1479157449919837e-11,4.76837158203125e-07,2.663161087212984e-07,6.284224397738363e-06,0.30535724582083934,0.055493682622909546,0.07884141802787781,-0.44242197275161743,0.0,0.07884141802787781,-0.12939628958702087,1.0,0.1473211944103241,5.969370365142822,1.8702688217163086,0.8318986|0.1100196|0.0393691|0.0187127|0.0000000|0.0000000|0.0000000|0.0000000|0.0000000|0.0000000,0,0.8318986296653748,1.0682368489303082,0,0,0,0,0,
cross_town,Town02,mixed,3,86,4.3,-7.447046279907227,219.40994262695312,0.22167754173278809,89.98705291748047,1.0766143529545502e-10,501.2367712581468,2.1479157449919837e-11,4.76837158203125e-07,2.663161087212984e-07,6.866688249561368e-07,0.30102105436036297,0.03768795728683472,0.19210612773895264,0.1805872619152069,0.0,0.15884141623973846,-0.04939629137516022,1.0,0.14516055583953857,4.8527984619140625,1.5037330389022827,0.8357400|0.1077584|0.0394126|0.0170890|0.0000000|0.0000000|0.0000000|0.0000000|0.0000000|0.0000000,0,0.8357399702072144,1.0550508525979991,0,0,0,0,0,
cross_town,Town02,mixed,3,87,4.35,-7.447046279907227,219.40994262695312,0.22167754173278809,89.98705291748047,1.0766143529545502e-10,501.2367712581468,2.1479157449919837e-11,4.76837158203125e-07,2.663161087212984e-07,1.6540030599856966e-07,0.29665448160405283,0.06133866310119629,0.07317396998405457,-0.44989779591560364,0.0,0.07884141802787781,-0.12939628958702087,1.0,0.1409841775894165,4.7985358238220215,1.8084508180618286,0.8467833|0.1130489|0.0401678|0.0000000|0.0000000|0.0000000|0.0000000|0.0000000|0.0000000|0.0000000,0,0.8467832803726196,1.0229485633744508,0,0,0,0,0,
cross_town,Town02,mixed,3,88,4.4,-7.447046279907227,219.40994262695312,0.22167754173278809,89.98705291748047,1.0766143529545502e-10,501.2367712581468,2.1479157449919837e-11,4.76837158203125e-07,2.663161087212984e-07,2.3689348544610382e-06,0.29228757314658743,0.05806666612625122,0.1807338297367096,0.12810900807380676,0.0,0.15884141623973846,-0.04939629137516022,1.0,0.11999504268169403,5.899890899658203,1.5729647874832153,0.9832413|0.0167587|0.0000000|0.0000000|0.0000000|0.0000000|0.0000000|0.0000000|0.0000000|0.0000000,0,0.9832413196563721,1.0127199835084095,0,0,0,0,0,
cross_town,Town02,mixed,3,89,4.45,-7.447046279907227,219.40994262695312,0.22167754173278809,89.98705291748047,1.0766143529545502e-10,501.2367712581468,2.1479157449919837e-11,4.76837158203125e-07,2.663161087212984e-07,3.1586501591557826e-06,0.2879180601181266,0.041961073875427246,0.0791858434677124,-0.4955177307128906,0.0,0.0791858434677124,-0.12939628958702087,1.0,0.13441018760204315,8.879393577575684,1.5834574699401855,0.8682410|0.1168415|0.0149176|0.0000000|0.0000000|0.0000000|0.0000000|0.0000000|0.0000000|0.0000000,0,0.8682409524917603,0.9849765980189135,0,0,0,0,0,
cross_town,Town02,mixed,3,90,4.5,-7.447046279907227,219.40994262695312,0.22167754173278809,89.98705291748047,1.0766143529545502e-10,501.2367712581468,2.1479157449919837e-11,4.76837158203125e-07,2.663161087212984e-07,3.845250742679384e-06,0.28358415373474827,0.008457183837890625,0.6179202795028687,0.747072160243988,0.0,0.15918584167957306,-0.04939629137516022,1.0,0.2618538439273834,5.62711238861084,0.8400783538818359,0.8802222|0.1197778|0.0000000|0.0000000|0.0000000|0.0000000|0.0000000|0.0000000|0.0000000|0.0000000,0,0.8802222013473511,0.9810186872001193,0,0,0,0,0,
cross_town,Town02,mixed,3,91,4.55,-7.447046279907227,219.40994262695312,0.22167754173278809,89.98705291748047,1.0766143529545502e-10,501.2367712581468,2.1479157449919837e-11,4.76837158203125e-07,2.663161087212984e-07,3.0938648316484433e-06,0.27929459041964094,0.050776273012161255,0.10834324359893799,-0.41258278489112854,0.0,0.10834324359893799,-0.12939628958702087,0.9999970197677612,0.1392492651939392,3.537060499191284,1.6633917093276978,0.8265260|0.1187679|0.0387238|0.0159822|0.0000000|0.0000000|0.0000000|0.0000000|0.0000000|0.0000000,0,0.8265260457992554,0.9626107101131923,0,0,0,0,0,
cross_town,Town02,mixed,3,92,4.6,-7.447046279907227,219.40994262695312,0.22167754173278809,89.98705291748047,1.0766143529545502e-10,501.2367712581468,2.1479157449919837e-11,4.76837158203125e-07,2.663161087212984e-07,5.355940008634316e-06,0.2760571580840509,0.010145515203475952,0.39342039823532104,0.8983389735221863,0.0,0.18834324181079865,-0.04939629137516022,0.9904285669326782,0.25790834426879883,1.4019291400909424,1.0226006507873535,0.8978231|0.1021770|0.0000000|0.0000000|0.0000000|0.0000000|0.0000000|0.0000000|0.0000000|0.0000000,0,0.8978230953216553,0.9711379174688413,0,0,0,0,0,
cross_town,Town02,mixed,3,93,4.65,-7.447046279907227,219.40994262695312,0.22167754173278809,89.98705291748047,1.0766143529545502e-10,501.2367712581468,2.1479157449919837e-11,4.76837158203125e-07,2.663161087212984e-07,6.1468775449022555e-06,0.2710299586356687,0.058116763830184937,0.15242457389831543,-0.40736550092697144,0.0,0.15242457389831543,-0.12939628958702087,0.9999191761016846,0.1367882341146469,2.7191920280456543,1.8046878576278687,0.8236758|0.1259171|0.0372668|0.0131403|0.0000000|0.0000000|0.0000000|0.0000000|0.0000000|0.0000000,0,0.823675811290741,0.9697051567584711,0,0,0,0,0,
cross_town,Town02,mixed,3,94,4.7,-7.447046279907227,219.40994262695312,0.22167754173278809,89.98705291748047,1.0766143529545502e-10,501.2367712581468,2.1479157449919837e-11,4.76837158203125e-07,2.663161087212984e-07,3.4336044996357744e-07,0.26712525076149446,0.02570629119873047,0.23454976081848145,0.10240358114242554,0.0,0.2324245721101761,-0.04939629137516022,1.0,0.1303463578224182,5.988397121429443,1.2907381057739258,0.8479557|0.1386021|0.0134421|0.0000000|0.0000000|0.0000000|0.0000000|0.0000000|0.0000000|0.0000000,0,0.8479557037353516,1.0019977739248191,0,0,0,0,0,
cross_town,Town02,mixed,3,95,4.75,-7.447046279907227,219.40994262695312,0.22167754173278809,89.98705291748047,1.0766143529545502e-10,501.2367712581468,2.1479157449919837e-11,4.76837158203125e-07,2.663161087212984e-07,1.167316778387178e-06,0.27065849027782046,0.08930984139442444,0.0963975191116333,-0.5310067534446716,0.0,0.15242457389831543,-0.12939628958702087,0.9278544783592224,0.11783825606107712,1.0207092761993408,1.677000880241394,0.9459090|0.0391391|0.0149519|0.0000000|0.0000000|0.0000000|0.0000000|0.0000000|0.0000000|0.0000000,0,0.9459090232849121,1.032422997774137,0,0,0,0,0,
cross_town,Town02,mixed,3,96,4.8,-7.447046279907227,219.40994262695312,0.22167754173278809,89.98705291748047,1.0766143529545502e-10,501.2367712581468,2.1479157449919837e-11,4.76837158203125e-07,2.663161087212984e-07,1.991396989534011e-06,0.26005462446024874,0.038533806800842285,0.17761117219924927,0.031293757259845734,0.0,0.17761117219924927,-0.04939629137516022,1.0,0.1260007619857788,6.339261054992676,1.4568159580230713,0.8540096|0.1459904|0.0000000|0.0000000|0.0000000|0.0000000|0.0000000|0.0000000|0.0000000|0.0000000,0,0.8540096282958984,1.1129057232891995,0,0,0,0,0,
cross_town,Town02,mixed,3,97,4.85,-7.447046279907227,219.40994262695312,0.22167754173278809,89.98705291748047,1.0766143529545502e-10,501.2367712581468,2.1479157449919837e-11,4.76837158203125e-07,2.663161087212984e-07,2.7836657197560125e-06,0.2570315175838191,0.07430586218833923,0.12134480476379395,-0.4420808255672455,0.0,0.12134480476379395,-0.12939628958702087,0.9996905326843262,0.11639884859323502,2.4036762714385986,1.739537239074707,0.9433144|0.0430016|0.0136840|0.0000000|0.0000000|0.0000000|0.0000000|0.0000000|0.0000000|0.0000000,0,0.9433143734931946,1.2129779308066073,0,0,0,0,0,
cross_town,Town02,mixed,3,98,4.9,-7.447046279907227,219.40994262695312,0.22167754173278809,89.98705291748047,1.0766143529545502e-10,501.2367712581468,2.1479157449919837e-11,4.76837158203125e-07,2.663161087212984e-07,1.997671509549839e-06,0.25455739071826344,0.014845550060272217,0.23099201917648315,0.8529425263404846,0.0,0.2013448029756546,-0.04939629137516022,0.9980373978614807,0.251144677400589,1.806736946105957,1.8729537725448608,0.8066688|0.1933312|0.0000000|0.0000000|0.0000000|0.0000000|0.0000000|0.0000000|0.0000000|0.0000000,0,0.8066688179969788,1.412972128271029,0,0,0,0,0,
cross_town,Town02,mixed,3,99,4.95,-7.447046279907227,219.40994262695312,0.22167754173278809,89.98705291748047,1.0766143529545502e-10,501.2367712581468,2.1479157449919837e-11,4.76837158203125e-07,2.663161087212984e-07,4.222975390386224e-06,0.2563981622714681,0.05557376146316528,0.1953369379043579,-0.34537625312805176,0.0,0.1953369379043579,-0.12939628958702087,0.9578173160552979,0.13375192880630493,1.1469099521636963,1.7728489637374878,0.8011000|0.1474420|0.0397712|0.0116868|0.0000000|0.0000000|0.0000000|0.0000000|0.0000000|0.0000000,0,0.801099956035614,1.7191129082546832,0,0,0,0,0,
cross_town,Town02,mixed,3,100,5.0,-7.447046279907227,219.40994262695312,0.22167754173278809,89.98705291748047,1.0766143529545502e-10,501.2367712581468,2.1479157449919837e-11,4.76837158203125e-07,2.663161087212984e-07,5.046900285418847e-06,0.29853368231174904,0.01877117156982422,0.08818662166595459,0.8685898780822754,0.0,0.11533693969249725,-0.04939629137516022,0.5198878049850464,0.25272855162620544,0.2671697735786438,2.018240451812744,0.7726511|0.1732440|0.0541050|0.0000000|0.0000000|0.0000000|0.0000000|0.0000000|0.0000000|0.0000000,0,0.7726511359214783,2.3744946212964044,0,0,0,0,0,
cross_town,Town02,mixed,3,101,5.05,-7.447046279907227,219.40994262695312,0.22167754173278809,89.98705291748047,1.0766143529545502e-10,501.2367712581468,2.1479157449919837e-11,4.76837158203125e-07,2.663161087212984e-07,5.80363196621076e-06,0.24941194167878802,0.03636962175369263,0.13390493392944336,-0.3262318968772888,0.0,0.13390493392944336,-0.12939628958702087,1.0,0.12602125108242035,7.182376861572266,1.4455194473266602,0.8308141|0.1578555|0.0113305|0.0000000|0.0000000|0.0000000|0.0000000|0.0000000|0.0000000|0.0000000,0,0.8308140635490417,3.9299061680501173,0,0,0,0,0,
cross_town,Town02,mixed,3,102,5.1,-7.447046279907227,219.40994262695312,0.22167754173278809,89.98705291748047,1.0766143529545502e-10,501.2367712581468,2.1479157449919837e-11,4.76837158203125e-07,2.663161087212984e-07,0.0,0.24894522569323188,0.046524226665496826,0.306193470954895,0.2662299573421478,0.0,0.21390493214130402,-0.04939629137516022,0.9994403719902039,0.13194143772125244,2.2399823665618896,1.764798641204834,0.7972922|0.1591911|0.0338870|0.0096297|0.0000000|0.0000000|0.0000000|0.0000000|0.0000000|0.0000000,0,0.7972922325134277,4.852419164564962,0,0,0,0,0,
cross_town,Town02,mixed,3,103,5.15,-7.447046279907227,219.40994262695312,0.22167754173278809,89.98705291748047,1.0766143529545502e-10,501.2367712581468,2.1479157449919837e-11,4.76837158203125e-07,2.663161087212984e-07,8.239968499535443e-07,0.2920055534515177,0.070803701877594,0.20273905992507935,-0.3187551200389862,0.0,0.20273905992507935,-0.12939628958702087,0.5695131421089172,0.13247813284397125,0.4374881386756897,1.8996940851211548,0.7918801|0.1618572|0.0367066|0.0095561|0.0000000|0.0000000|0.0000000|0.0000000|0.0000000|0.0000000,0,0.7918801307678223,4.7940396163613785,0,0,0,0,0,
cross_town,Town02,mixed,3,104,5.2,-7.447046279907227,219.40994262695312,0.22167754173278809,89.98705291748047,1.0766143529545502e-10,501.2367712581468,2.1479157449919837e-11,4.76837158203125e-07,2.663161087212984e-07,1.6822923368326934e-06,0.25408026171892706,0.08123838901519775,0.067373126745224,-0.18048430979251862,0.0,0.12273906171321869,-0.18048430979251862,0.9999992847442627,0.1048961654305458,3.9198265075683594,1.6148295402526855,0.9876431|0.0123570|0.0000000|0.0000000|0.0000000|0.0000000|0.0000000|0.0000000|0.0000000|0.0000000,0,0.9876430630683899,4.714781080768131,0,0,0,0,0,
cross_town,Town02,mixed,3,105,5.25,-7.447046279907227,219.40994262695312,0.22167754173278809,89.98705291748047,1.0766143529545502e-10,501.2367712581468,2.1479157449919837e-11,4.76837158203125e-07,2.663161087212984e-07,2.4719361963818293e-06,0.2506177228991146,0.03779345750808716,0.5306088924407959,0.6029341816902161,0.0,0.20273905992507935,-0.10048431158065796,0.9990637898445129,0.12463359534740448,2.1185498237609863,1.6540385484695435,0.8228598|0.1771403|0.0000000|0.0000000|0.0000000|0.0000000|0.0000000|0.0000000|0.0000000|0.0000000,0,0.8228597640991211,4.61939756368022,0,0,0,0,0,
cross_town,Town02,mixed,3,106,5.3,-7.447046279907227,219.40994262695312,0.22167754173278809,89.98705291748047,1.0766143529545502e-10,501.2367712581468,2.1479157449919837e-11,4.76837158203125e-07,2.663161087212984e-07,3.2615953065808935e-06,0.2519376501973602,0.1603485643863678,0.13669919967651367,-0.21842356026172638,0.0,0.12273906171321869,-0.18048430979251862,0.9994553923606873,0.1023830845952034,2.2763140201568604,1.6961256265640259,1.0000000|0.0000000|0.0000000|0.0000000|0.0000000|0.0000000|0.0000000|0.0000000|0.0000000|0.0000000,0,1.0,4.514824333106576,0,0,0,0,0,
cross_town,Town02,mixed,3,107,5.35,-7.447046279907227,219.40994262695312,0.22167754173278809,89.98705291748047,1.0766143529545502e-10,501.2367712581468,2.1479157449919837e-11,4.76837158203125e-07,2.663161087212984e-07,2.4769986832400506e-06,0.25357005262305604,0.05920124053955078,0.5919231176376343,0.6859351396560669,0.0,0.20273905992507935,-0.10048431158065796,0.9999712705612183,0.13224360346794128,2.982412338256836,1.8625271320343018,0.7813715|0.1832931|0.0353354|0.0000000|0.0000000|0.0000000|0.0000000|0.0000000|0.0000000|0.0000000,0,0.7813714742660522,4.411257272130629,0,0,0,0,0,
cross_town,Town02,mixed,3,108,5.4,-7.447046279907227,219.40994262695312,0.22167754173278809,89.98705291748047,1.0766143529545502e-10,501.2367712581468,2.1479157449919837e-11,4.76837158203125e-07,2.663161087212984e-07,4.705281203293454e-06,0.28608265642329556,0.14926987886428833,0.3543464243412018,0.050427839159965515,0.0,0.2827390730381012,-0.020484311506152153,0.6944653987884521,0.11064856499433517,0.5946212410926819,1.6714842319488525,0.9616766|0.0383234|0.0000000|0.0000000|0.0000000|0.0000000|0.0000000|0.0000000|0.0000000|0.0000000,0,0.9616765975952148,4.319373974611918,0,0,0,0,0,
cross_town,Town02,mixed,3,109,5.45,-7.447046279907227,219.40994262695312,0.22167754173278809,89.98705291748047,1.0766143529545502e-10,501.2367712581468,2.1479157449919837e-11,4.76837158203125e-07,2.663161087212984e-07,5.527551941679365e-06,0.26670362549593357,0.11074602603912354,0.19270986318588257,-0.5054664015769958,0.0,0.20273907482624054,-0.10048431158065796,0.9103553891181946,0.13347618281841278,0.9460192918777466,1.7763899564743042,0.7713200|0.1954651|0.0332148|0.0000000|0.0000000|0.0000000|0.0000000|0.0000000|0.0000000|0.0000000,0,0.7713199853897095,4.246329797006754,0,0,0,0,0,
cross_town,Town02,mixed,3,110,5.5,-7.447046279907227,219.40994262695312,0.22167754173278809,89.98705291748047,1.0766143529545502e-10,501.2367712581468,2.1479157449919837e-11,4.76837158203125e-07,2.663161087212984e-07,6.284220378046344e-06,0.26156292237362033,0.10629227757453918,0.3104085326194763,0.04683065414428711,0.0,0.2827390730381012,-0.020484311506152153,0.9859325289726257,0.13352639973163605,1.4289056062698364,1.9457944631576538,0.7722640|0.1944639|0.0332721|0.0000000|0.0000000|0.0000000|0.0000000|0.0000000|0.0000000|0.0000000,0,0.7722640037536621,4.1953165963687935,0,0,0,0,0,
cross_town,Town02,mixed,3,111,5.55,-7.447046279907227,219.40994262695312,0.22167754173278809,89.98705291748047,1.0766143529545502e-10,501.2367712581468,2.1479157449919837e-11,4.76837158203125e-07,2.663161087212984e-07,4.806821415557716e-07,0.2904059856312285,0.10359781980514526,0.14761072397232056,-0.6108871698379517,0.0,0.20273907482624054,-0.10048431158065796,0.7236157655715942,0.1296629160642624,0.610954225063324,1.798413634300232,0.7851995|0.2148006|0.0000000|0.0000000|0.0000000|0.0000000|0.0000000|0.0000000|0.0000000|0.0000000,0,0.7851994633674622,4.1641011887221975,0,0,0,0,0,
cross_town,Town02,mixed,3,112,5.6,-7.447046279907227,219.40994262695312,0.22167754173278809,89.98705291748047,1.0766143529545502e-10,501.2367712581468,2.1479157449919837e-11,4.76837158203125e-07,2.663161087212984e-07,1.3046435295578188e-06,0.2717701528326849,0.12799593806266785,0.353504478931427,0.13124220073223114,0.0,0.2827390730381012,-0.020484311506152153,0.9377241134643555,0.13592839241027832,1.0420421361923218,1.9923007488250732,0.7559168|0.2095792|0.0345040|0.0000000|0.0000000|0.0000000|0.0000000|0.0000000|0.0000000|0.0000000,0,0.7559167742729187,4.147300263894097,0,0,0,0,0,
cross_town,Town02,mixed,3,113,5.65,-7.447046279907227,219.40994262695312,0.22167754173278809,89.98705291748047,1.0766143529545502e-10,501.2367712581468,2.1479157449919837e-11,4.76837158203125e-07,2.663161087212984e-07,2.128719396457123e-06,0.270634002567442,0.13199260830879211,0.2367335855960846,-0.4405430257320404,0.0,0.2367335855960846,-0.10048431158065796,0.978520393371582,0.13715003430843353,1.3175849914550781,1.7610046863555908,0.7468718|0.2191417|0.0339865|0.0000000|0.0000000|0.0000000|0.0000000|0.0000000|0.0000000|0.0000000,0,0.746871829032898,4.137839187722017,0,0,0,0,0,
cross_town,Town02,mixed,3,114,5.7,-7.447046279907227,219.40994262695312,0.22167754173278809,89.98705291748047,1.0766143529545502e-10,501.2367712581468,2.1479157449919837e-11,4.76837158203125e-07,2.663161087212984e-07,2.921014509569195e-06,0.30269235547870543,0.10808771848678589,0.29492372274398804,0.17247256636619568,0.0,0.29492372274398804,-0.020484311506152153,0.688844621181488,0.13735350966453552,0.5613273978233337,1.8416898250579834,0.7486739|0.2161117|0.0352145|0.0000000|0.0000000|0.0000000|0.0000000|0.0000000|0.0000000|0.0000000,0,0.7486738562583923,4.127938128405721,0,0,0,0,0,
cross_town,Town02,mixed,3,115,5.75,-7.447046279907227,219.40994262695312,0.22167754173278809,89.98705291748047,1.0766143529545502e-10,501.2367712581468,2.1479157449919837e-11,4.76837158203125e-07,2.663161087212984e-07,2.13452596575315e-06,0.2802539205076548,0.1846056580543518,0.15400689840316772,-0.3896135091781616,0.0,0.21492372453212738,-0.10048431158065796,0.9455084800720215,0.10833384841680527,1.1050856113433838,1.5785977840423584,1.0000000|0.0000000|0.0000000|0.0000000|0.0000000|0.0000000|0.0000000|0.0000000|0.0000000|0.0000000,0,1.0,4.110036091292419,0,0,0,0,0,
cross_town,Town02,mixed,3,116,5.8,-7.447046279907227,219.40994262695312,0.22167754173278809,89.98705291748047,1.0766143529545502e-10,501.2367712581468,2.1479157449919837e-11,4.76837158203125e-07,2.663161087212984e-07,4.394579827302537e-06,0.32489608915997137,0.1382044553756714,0.2785452604293823,0.06381988525390625,0.0,0.2785452604293823,-0.020484311506152153,0.5318906903266907,0.11746399104595184,0.4144701063632965,1.690224289894104,0.9566796|0.0433204|0.0000000|0.0000000|0.0000000|0.0000000|0.0000000|0.0000000|0.0000000|0.0000000,0,0.95667964220047,4.0777585060928105,0,0,0,0,0,
cross_town,Town02,mixed,3,117,5.85,-7.447046279907227,219.40994262695312,0.22167754173278809,89.98705291748047,1.0766143529545502e-10,501.2367712581468,2.1479157449919837e-11,4.76837158203125e-07,2.663161087212984e-07,3.7110999829816626e-06,0.2920010330666093,0.2306327223777771,0.29074758291244507,-0.33664268255233765,0.0,0.29074758291244507,-0.10048431158065796,0.8945295214653015,0.11826971918344498,0.9161969423294067,1.7365832328796387,0.9575481|0.0424518|0.0000000|0.0000000|0.0000000|0.0000000|0.0000000|0.0000000|0.0000000|0.0000000,0,0.9575481414794922,4.028394423919358,0,0,0,0,0,
cross_town,Town02,mixed,3,118,5.9,-7.447046279907227,219.40994262695312,0.22167754173278809,89.98705291748047,1.0766143529545502e-10,501.2367712581468,2.1479157449919837e-11,4.76837158203125e-07,2.663161087212984e-07,4.430923002834999e-06,0.2889417621687802,0.22274944186210632,0.10164487361907959,-0.04233519732952118,0.0,0.2107475847005844,-0.04233519732952118,0.9978688955307007,0.11895567178726196,1.9182943105697632,1.6571769714355469,0.9593197|0.0406803|0.0000000|0.0000000|0.0000000|0.0000000|0.0000000|0.0000000|0.0000000|0.0000000,0,0.9593197107315063,3.963494378779969,0,0,0,0,0,
cross_town,Town02,mixed,3,119,5.95,-7.447046279907227,219.40994262695312,0.22167754173278809,89.98705291748047,1.0766143529545502e-10,501.2367712581468,2.1479157449919837e-11,4.76837158203125e-07,2.663161087212984e-07,1.373984869368121e-07,0.2972861423526104,0.1076669692993164,0.20033681392669678,-0.2911234498023987,0.0,0.20033681392669678,-0.12233519554138184,0.9171709418296814,0.1421891748905182,0.9589396715164185,2.106748104095459,0.7192902|0.2468945|0.0338154|0.0000000|0.0000000|0.0000000|0.0000000|0.0000000|0.0000000|0.0000000,0,0.7192901968955994,3.8879657150754108,0,0,0,0,0,
cross_town,Town02,mixed,3,120,6.0,-7.447046279907227,219.40994262695312,0.22167754173278809,89.98705291748047,1.0766143529545502e-10,501.2367712581468,2.1479157449919837e-11,4.76837158203125e-07,2.663161087212984e-07,9.61323813034814e-07,0.2930655202797597,0.07517120242118835,0.20902860164642334,0.20534943044185638,0.0,0.20902860164642334,-0.04233519732952118,0.9991453886032104,0.1430821567773819,2.1229100227355957,1.996744155883789,0.7159300|0.2497882|0.0342818|0.0000000|0.0000000|0.0000000|0.0000000|0.0000000|0.0000000|0.0000000,0,0.7159299850463867,3.80836922630207,0,0,0,0,0,
cross_town,Town02,mixed,3,121,6.05,-7.447046279907227,219.40994262695312,0.22167754173278809,89.98705291748047,1.0766143529545502e-10,501.2367712581468,2.1479157449919837e-11,4.76837158203125e-07,2.663161087212984e-07,1.8196200176308418e-06,0.30062818861120044,0.11404657363891602,0.15388432145118713,-0.32752662897109985,0.0,0.15388432145118713,-0.12233519554138184,0.963069498538971,0.14446087181568146,1.1708112955093384,2.0812489986419678,0.7073254|0.2579624|0.0347123|0.0000000|0.0000000|0.0000000|0.0000000|0.0000000|0.0000000|0.0000000,0,0.7073253989219666,3.7607049911055594,0,0,0,0,0,
cross_town,Town02,mixed,3,122,6.1,-7.447046279907227,219.40994262695312,0.22167754173278809,89.98705291748047,1.0766143529545502e-10,501.2367712581468,2.1479157449919837e-11,4.76837158203125e-07,2.663161087212984e-07,2.6092684503493272e-06,0.30078787588415395,0.07566457986831665,0.2960251569747925,0.3705243766307831,0.0,0.2338843196630478,-0.04233519732952118,0.9998733997344971,0.1455232799053192,2.5980918407440186,2.1405184268951416,0.6989756|0.2686643|0.0323601|0.0000000|0.0000000|0.0000000|0.0000000|0.0000000|0.0000000|0.0000000,0,0.6989755630493164,3.7185261037500212,0,0,0,0,0,
cross_town,Town02,mixed,3,123,6.15,-7.447046279907227,219.40994262695312,0.22167754173278809,89.98705291748047,1.0766143529545502e-10,501.2367712581468,2.1479157449919837e-11,4.76837158203125e-07,2.663161087212984e-07,1.8265737377333083e-06,0.3061843217600372,0.09888607263565063,0.2057044506072998,-0.24729570746421814,0.0,0.2057044506072998,-0.12233519554138184,0.9830633997917175,0.14684560894966125,1.3684537410736084,2.0902395248413086,0.6884673|0.2800872|0.0314455|0.0000000|0.0000000|0.0000000|0.0000000|0.0000000|0.0000000|0.0000000,0,0.6884673237800598,3.6762429882876075,0,0,0,0,0,
cross_town,Town02,mixed,3,124,6.2,-7.447046279907227,219.40994262695312,0.22167754173278809,89.98705291748047,1.0766143529545502e-10,501.2367712581468,2.1479157449919837e-11,4.76837158203125e-07,2.663161087212984e-07,2.579810990181964e-06,0.3081497044951762,0.10337650775909424,0.30798470973968506,0.28442731499671936,0.0,0.28570446372032166,-0.04233519732952118,0.9990286827087402,0.1481321156024933,2.0858263969421387,2.166832447052002,0.6803123|0.2868921|0.0327956|0.0000000|0.0000000|0.0000000|0.0000000|0.0000000|0.0000000|0.0000000,0,0.6803123354911804,3.6338671383410555,0,0,0,0,0,
cross_town,Town02,mixed,3,125,6.25,-7.447046279907227,219.40994262695312,0.22167754173278809,89.98705291748047,1.0766143529545502e-10,501.2367712581468,2.1479157449919837e-11,4.76837158203125e-07,2.663161087212984e-07,4.842502486976623e-06,0.3114733418275159,0.24452057480812073,0.09375804662704468,-0.19574129581451416,0.0,0.205704465508461,-0.12233519554138184,0.9999759197235107,0.12866373360157013,3.029869794845581,1.7059605121612549,0.9546039|0.0453961|0.0000000|0.0000000|0.0000000|0.0000000|0.0000000|0.0000000|0.0000000|0.0000000,0,0.954603910446167,3.5914436020648814,0,0,0,0,0,
cross_town,Town02,mixed,3,126,6.3,-7.447046279907227,219.40994262695312,0.22167754173278809,89.98705291748047,1.0766143529545502e-10,501.2367712581468,2.1479157449919837e-11,4.76837158203125e-07,2.663161087212984e-07,4.157002577937274e-06,0.3158696301203414,0.08059883117675781,0.24977177381515503,0.21548804640769958,0.0,0.24977177381515503,-0.04233519732952118,0.9885671138763428,0.1448788046836853,1.4700627326965332,1.9738527536392212,0.6917708|0.3082292|0.0000000|0.0000000|0.0000000|0.0000000|0.0000000|0.0000000|0.0000000|0.0000000,0,0.6917707920074463,3.548975394468273,0,0,0,0,0,
cross_town,Town02,mixed,3,127,6.35,-7.447046279907227,219.40994262695312,0.22167754173278809,89.98705291748047,1.0766143529545502e-10,501.2367712581468,2.1479157449919837e-11,4.76837158203125e-07,2.663161087212984e-07,4.911388086442837e-06,0.3602598752518051,0.02829989790916443,0.08243677020072937,0.7882510423660278,0.0,0.16977177560329437,0.03766480088233948,0.575800895690918,0.20411565899848938,0.3722740709781647,1.75981605052948,0.9091402|0.0908598|0.0000000|0.0000000|0.0000000|0.0000000|0.0000000|0.0000000|0.0000000|0.0000000,0,0.9091402292251587,3.5063749059929297,0,0,0,0,0,
cross_town,Town02,mixed,3,128,6.4,-7.447046279907227,219.40994262695312,0.22167754173278809,89.98705291748047,1.0766143529545502e-10,501.2367712581468,2.1479157449919837e-11,4.76837158203125e-07,2.663161087212984e-07,6.866687834120113e-07,0.32544608957608157,0.16618406772613525,0.3776181638240814,-0.48508694767951965,0.0,0.24977177381515503,-0.04233519732952118,0.9536833167076111,0.15096044540405273,1.105246901512146,2.3375046253204346,0.6649481|0.3022011|0.0328509|0.0000000|0.0000000|0.0000000|0.0000000|0.0000000|0.0000000|0.0000000,0,0.6649481058120728,3.4638709901112925,0,0,0,0,0,
cross_town,Town02,mixed,3,129,6.45,-7.447046279907227,219.40994262695312,0.22167754173278809,89.98705291748047,1.0766143529545502e-10,501.2367712581468,2.1479157449919837e-11,4.76837158203125e-07,2.663161087212984e-07,1.5106359735049832e-06,0.33366548902977666,0.04386258125305176,0.13352718949317932,0.7154685258865356,0.0,0.16977177560329437,0.03766480088233948,0.9001312851905823,0.20208409428596497,0.8475868105888367,2.0495002269744873,0.9017947|0.0982054|0.0000000|0.0000000|0.0000000|0.0000000|0.0000000|0.0000000|0.0000000|0.0000000,0,0.9017946720123291,3.4212895213308294,0,0,0,0,0,
cross_town,Town02,mixed,3,130,6.5,-7.447046279907227,219.40994262695312,0.22167754173278809,89.98705291748047,1.0766143529545502e-10,501.2367712581468,2.1479157449919837e-11,4.76837158203125e-07,2.663161087212984e-07,2.3347018470003683e-06,0.32729823468030006,0.17562419176101685,0.35493767261505127,-0.5254161953926086,0.0,0.24977177381515503,-0.04233519732952118,0.991657018661499,0.15258534252643585,1.5419037342071533,2.4026310443878174,0.6510859|0.3156367|0.0332774|0.0000000|0.0000000|0.0000000|0.0000000|0.0000000|0.0000000|0.0000000,0,0.6510859131813049,3.3785754287934973,0,0,0,0,0,
cross_town,Town02,mixed,3,131,6.55,-7.447046279907227,219.40994262695312,0.22167754173278809,89.98705291748047,1.0766143529545502e-10,501.2367712581468,2.1479157449919837e-11,4.76837158203125e-07,2.663161087212984e-07,3.0899978497360367e-06,0.33537522124448477,0.12047100067138672,0.29243409633636475,-0.08365096151828766,0.0,0.29243409633636475,-0.08365096151828766,0.9946152567863464,0.15323971211910248,1.6514546871185303,2.0739364624023438,0.6415130|0.3273287|0.0311583|0.0000000|0.0000000|0.0000000|0.0000000|0.0000000|0.0000000|0.0000000,0,0.6415130496025085,3.320785498468694,0,0,0,0,0,
cross_town,Town02,mixed,3,132,6.6,-7.447046279907227,219.40994262695312,0.22167754173278809,89.98705291748047,1.0766143529545502e-10,501.2367712581468,2.1479157449919837e-11,4.76837158203125e-07,2.663161087212984e-07,3.778728667660835e-06,0.37498922840357596,0.043267130851745605,0.09176608920097351,0.5705784559249878,0.0,0.2124340981245041,-0.0036509614437818527,0.5674125552177429,0.19706997275352478,0.37075555324554443,1.7299516201019287,0.9095331|0.0904669|0.0000000|0.0000000|0.0000000|0.0000000|0.0000000|0.0000000|0.0000000|0.0000000,0,0.9095330834388733,3.2484201419676757,0,0,0,0,0,
cross_town,Town02,mixed,3,133,6.65,-7.447046279907227,219.40994262695312,0.22167754173278809,89.98705291748047,1.0766143529545502e-10,501.2367712581468,2.1479157449919837e-11,4.76837158203125e-07,2.663161087212984e-07,4.531917119796294e-06,0.3395208188127687,0.11411038041114807,0.5463171601295471,-0.2646370828151703,0.0,0.29243409633636475,-0.08365096151828766,0.9442562460899353,0.15485119819641113,1.0525568723678589,2.0622382164001465,0.6221768|0.3464019|0.0314213|0.0000000|0.0000000|0.0000000|0.0000000|0.0000000|0.0000000|0.0000000,0,0.6221767663955688,3.1721089401386084,0,0,0,0,0,
cross_town,Town02,mixed,3,134,6.7,-7.447046279907227,219.40994262695312,0.22167754173278809,89.98705291748047,1.0766143529545502e-10,501.2367712581468,2.1479157449919837e-11,4.76837158203125e-07,2.663161087212984e-07,5.32315847780689e-06,0.33991284809347366,0.1581922471523285,0.48430904746055603,0.3349556028842926,0.0,0.3724341094493866,-0.0036509614437818527,0.9607309699058533,0.15533432364463806,1.1439805030822754,1.7425925731658936,0.6157925|0.3524042|0.0318033|0.0000000|0.0000000|0.0000000|0.0000000|0.0000000|0.0000000|0.0000000,0,0.615792453289032,3.0972231574869915,0,0,0,0,0,
cross_town,Town02,mixed,3,135,6.75,-7.447046279907227,219.40994262695312,0.22167754173278809,89.98705291748047,1.0766143529545502e-10,501.2367712581468,2.1479157449919837e-11,4.76837158203125e-07,2.663161087212984e-07,6.0786348089070314e-06,0.3379641669091686,0.22304093837738037,0.3892187178134918,-0.13469529151916504,0.0,0.3892187178134918,-0.08365096151828766,0.9991567134857178,0.15557700395584106,2.1137499809265137,1.8166117668151855,0.6121624|0.3558944|0.0319432|0.0000000|0.0000000|0.0000000|0.0000000|0.0000000|0.0000000|0.0000000,0,0.6121623516082764,3.028406810157803,0,0,0,0,0,
cross_town,Town02,mixed,3,136,6.8,-7.447046279907227,219.40994262695312,0.22167754173278809,89.98705291748047,1.0766143529545502e-10,501.2367712581468,2.1479157449919837e-11,4.76837158203125e-07,2.663161087212984e-07,3.4336037235233855e-07,0.36785660471946025,0.6801022291183472,0.421073317527771,0.5361130237579346,0.0,0.30921870470046997,-0.0036509614437818527,0.718369722366333,0.14157287776470184,0.5925244092941284,1.9507427215576172,0.9507301|0.0492699|0.0000000|0.0000000|0.0000000|0.0000000|0.0000000|0.0000000|0.0000000|0.0000000,0,0.9507300853729248,2.9682611320425702,0,0,0,0,0,
cross_town,Town02,mixed,3,137,6.85,-7.447046279907227,219.40994262695312,0.22167754173278809,89.98705291748047,1.0766143529545502e-10,501.2367712581468,2.1479157449919837e-11,4.76837158203125e-07,2.663161087212984e-07,1.1673150276491436e-06,0.41685605867219233,0.4240626096725464,0.5869457721710205,0.004158197436481714,0.0,0.3892187178134918,0.004158197436481714,0.32235175371170044,0.1427593231201172,0.17149440944194794,2.0921456813812256,0.9486827|0.0513173|0.0000000|0.0000000|0.0000000|0.0000000|0.0000000|0.0000000|0.0000000|0.0000000,0,0.9486826658248901,2.9179825164159996,0,0,0,0,0,
cross_town,Town02,mixed,3,138,6.9,-7.447046279907227,219.40994262695312,0.22167754173278809,89.98705291748047,1.0766143529545502e-10,501.2367712581468,2.1479157449919837e-11,4.76837158203125e-07,2.663161087212984e-07,5.396408657667666e-07,0.3433126615720248,0.278016060590744,0.28675663471221924,-0.33111029863357544,0.0,0.30921870470046997,-0.07584179937839508,0.9997085928916931,0.1517399549484253,2.383409261703491,1.7751638889312744,0.6116412|0.3883588|0.0000000|0.0000000|0.0000000|0.0000000|0.0000000|0.0000000|0.0000000|0.0000000,0,0.6116412281990051,2.876801617648724,0,0,0,0,0,
cross_town,Town02,mixed,3,139,6.95,-7.447046279907227,219.40994262695312,0.22167754173278809,89.98705291748047,1.0766143529545502e-10,501.2367712581468,2.1479157449919837e-11,4.76837158203125e-07,2.663161087212984e-07,2.815256864896779e-06,0.3540901969659919,0.19603031873703003,0.5324428081512451,0.2068091332912445,0.0,0.3892187178134918,0.004158200696110725,0.9101807475090027,0.15673613548278809,0.9222248792648315,1.8932392597198486,0.5886862|0.3772754|0.0340385|0.0000000|0.0000000|0.0000000|0.0000000|0.0000000|0.0000000|0.0000000,0,0.5886861681938171,2.842522957868901,0,0,0,0,0,
cross_town,Town02,mixed,3,140,7.0,-7.447046279907227,219.40994262695312,0.22167754173278809,89.98705291748047,1.0766143529545502e-10,501.2367712581468,2.1479157449919837e-11,4.76837158203125e-07,2.663161087212984e-07,3.5019308038873377e-06,0.3469700543977062,0.29223185777664185,0.24193483591079712,-0.4479552209377289,0.0,0.30921870470046997,-0.07584179937839508,0.9999462366104126,0.15220774710178375,2.8055052757263184,1.7658360004425049,0.5968441|0.4031559|0.0000000|0.0000000|0.0000000|0.0000000|0.0000000|0.0000000|0.0000000|0.0000000,0,0.5968440771102905,2.8122626111378746,0,0,0,0,0,
cross_town,Town02,mixed,3,141,7.05,-7.447046279907227,219.40994262695312,0.22167754173278809,89.98705291748047,1.0766143529545502e-10,501.2367712581468,2.1479157449919837e-11,4.76837158203125e-07,2.663161087212984e-07,4.2247250337070625e-06,0.35760931440122623,0.0035099387168884277,0.003529489040374756,-0.35929161310195923,0.0,0.22921870648860931,-0.15584179759025574,0.9124939441680908,0.800000011920929,0.28611820936203003,-0.25918859243392944,1.0000000|0.0000000|0.0000000|0.0000000|0.0000000|0.0000000|0.0000000|0.0000000|0.0000000|0.0000000,0,1.0,2.7826490458500666,0,0,0,0,0,
cross_town,Town02,mixed,3,142,7.1,-7.447046279907227,219.40994262695312,0.22167754173278809,89.98705291748047,1.0766143529545502e-10,501.2367712581468,2.1479157449919837e-11,4.76837158203125e-07,2.663161087212984e-07,5.046901774469985e-06,0.35559080429182055,0.14333048462867737,0.4869554340839386,0.6061422824859619,0.0,0.30921870470046997,-0.07584179937839508,0.9518605470657349,0.15246330201625824,1.0936156511306763,1.9817156791687012,0.5870556|0.4129444|0.0000000|0.0000000|0.0000000|0.0000000|0.0000000|0.0000000|0.0000000|0.0000000,0,0.5870556235313416,2.750557042739427,0,0,0,0,0,
cross_town,Town02,mixed,3,143,7.15,-7.447046279907227,219.40994262695312,0.22167754173278809,89.98705291748047,1.0766143529545502e-10,501.2367712581468,2.1479157449919837e-11,4.76837158203125e-07,2.663161087212984e-07,5.803661787623219e-06,0.360399227311901,0.22926238179206848,0.267937570810318,-0.07460087537765503,0.0,0.267937570810318,-0.07460087537765503,0.9997730851173401,0.15704402327537537,2.4406869411468506,1.990570068359375,0.5553899|0.4159473|0.0286627|0.0000000|0.0000000|0.0000000|0.0000000|0.0000000|0.0000000|0.0000000,0,0.5553898811340332,2.7133775620755594,0,0,0,0,0,
cross_town,Town02,mixed,3,144,7.2,-7.447046279907227,219.40994262695312,0.22167754173278809,89.98705291748047,1.0766143529545502e-10,501.2367712581468,2.1479157449919837e-11,4.76837158203125e-07,2.663161087212984e-07,0.0,0.35582108860634937,0.21993649005889893,0.3931490480899811,0.07168252766132355,0.0,0.34793758392333984,0.005399124696850777,0.9874879121780396,0.15763264894485474,1.4344840049743652,2.099705219268799,0.5506397|0.4168453|0.0325150|0.0000000|0.0000000|0.0000000|0.0000000|0.0000000|0.0000000|0.0000000,0,0.5506396889686584,2.669601630692389,0,0,0,0,0,
cross_town,Town02,mixed,3,145,7.25,-7.447046279907227,219.40994262695312,0.22167754173278809,89.98705291748047,1.0766143529545502e-10,501.2367712581468,2.1479157449919837e-11,4.76837158203125e-07,2.663161087212984e-07,8.239960502383633e-07,0.35641323434639377,0.2411128580570221,0.3672075867652893,-0.3893117904663086,0.0,0.3672075867652893,-0.07460087537765503,0.9999984502792358,0.15743201971054077,3.6870625019073486,1.9299273490905762,0.5459127|0.4236432|0.0304441|0.0000000|0.0000000|0.0000000|0.0000000|0.0000000|0.0000000|0.0000000,0,0.5459126830101013,2.6191471152623054,0,0,0,0,0,
cross_town,Town02,mixed,3,146,7.3,-7.447046279907227,219.40994262695312,0.22167754173278809,89.98705291748047,1.0766143529545502e-10,501.2367712581468,2.1479157449919837e-11,4.76837158203125e-07,2.663161087212984e-07,1.6822899457692535e-06,0.3646218826609299,0.2106732726097107,0.20905137062072754,-0.10772214829921722,0.0,0.28720757365226746,-0.10772214829921722,0.9996092915534973,0.1531345248222351,2.3086280822753906,1.8018672466278076,0.5557140|0.4442860|0.0000000|0.0000000|0.0000000|0.0000000|0.0000000|0.0000000|0.0000000|0.0000000,0,0.5557140111923218,2.563227755283971,0,0,0,0,0,
cross_town,Town02,mixed,3,147,7.35,-7.447046279907227,219.40994262695312,0.22167754173278809,89.98705291748047,1.0766143529545502e-10,501.2367712581468,2.1479157449919837e-11,4.76837158203125e-07,2.663161087212984e-07,2.4719328461408776e-06,0.36007523060518487,0.5248603224754333,0.2685244083404541,0.2122487723827362,0.0,0.2072075754404068,-0.027722148224711418,0.9992929697036743,0.15329353511333466,2.160140037536621,1.8026851415634155,0.9430063|0.0569937|0.0000000|0.0000000|0.0000000|0.0000000|0.0000000|0.0000000|0.0000000|0.0000000,0,0.9430063366889954,2.503929829647137,0,0,0,0,0,
cross_town,Town02,mixed,3,148,7.4,-7.447046279907227,219.40994262695312,0.22167754173278809,89.98705291748047,1.0766143529545502e-10,501.2367712581468,2.1479157449919837e-11,4.76837158203125e-07,2.663161087212984e-07,3.2272595006785166e-06,0.36912612094127106,0.14794480800628662,0.4296433627605438,-0.2181374430656433,0.0,0.28720757365226746,-0.10772214829921722,0.9262712597846985,0.15780791640281677,0.9748855829238892,2.2714638710021973,0.5200464|0.4486507|0.0313029|0.0000000|0.0000000|0.0000000|0.0000000|0.0000000|0.0000000|0.0000000,0,0.5200464129447937,2.443734924433836,0,0,0,0,0,
cross_town,Town02,mixed,3,149,7.45,-7.447046279907227,219.40994262695312,0.22167754173278809,89.98705291748047,1.0766143529545502e-10,501.2367712581468,2.1479157449919837e-11,4.76837158203125e-07,2.663161087212984e-07,3.913920182774914e-06,0.36372974290228965,0.16191542148590088,0.2649065852165222,0.29429009556770325,0.0,0.2649065852165222,-0.027722148224711418,0.9974353909492493,0.15757708251476288,1.8332716226577759,2.065539836883545,0.5189213|0.4506820|0.0303967|0.0000000|0.0000000|0.0000000|0.0000000|0.0000000|0.0000000|0.0000000,0,0.5189212560653687,2.3850169814678583,0,0,0,0,0,
cross_town,Town02,mixed,3,150,7.5,-7.447046279907227,219.40994262695312,0.22167754173278809,89.98705291748047,1.0766143529545502e-10,501.2367712581468,2.1479157449919837e-11,4.76837158203125e-07,2.663161087212984e-07,4.6366550422235356e-06,0.373457690339757,0.13471710681915283,0.5373249650001526,-0.03349899500608444,0.0,0.34490659832954407,-0.03349899500608444,0.9932774901390076,0.15761099755764008,1.5912775993347168,1.880529522895813,0.5136492|0.4552205|0.0311303|0.0000000|0.0000000|0.0000000|0.0000000|0.0000000|0.0000000|0.0000000,0,0.5136492252349854,2.329741699137559,0,0,0,0,0,
cross_town,Town02,mixed,3,151,7.55,-7.447046279907227,219.40994262695312,0.22167754173278809,89.98705291748047,1.0766143529545502e-10,501.2367712581468,2.1479157449919837e-11,4.76837158203125e-07,2.663161087212984e-07,5.424610558703393e-06,0.3667880772863614,0.24885305762290955,0.29226261377334595,-0.24027377367019653,0.0,0.29226261377334595,-0.1134989932179451,0.9999114274978638,0.1573292315006256,2.6755764484405518,1.909442663192749,0.5126769|0.4572272|0.0300959|0.0000000|0.0000000|0.0000000|0.0000000|0.0000000|0.0000000|0.0000000,0,0.5126768946647644,2.278659645092268,0,0,0,0,0,
cross_town,Town02,mixed,3,152,7.6,-7.447046279907227,219.40994262695312,0.22167754173278809,89.98705291748047,1.0766143529545502e-10,501.2367712581468,2.1479157449919837e-11,4.76837158203125e-07,2.663161087212984e-07,6.179909109945736e-06,0.3747404178015743,0.1886512041091919,0.3676092028617859,0.39675459265708923,0.0,0.3676092028617859,-0.03349899500608444,0.936190664768219,0.15750838816165924,1.0139713287353516,1.9379172325134277,0.4966315|0.4716009|0.0317676|0.0000000|0.0000000|0.0000000|0.0000000|0.0000000|0.0000000|0.0000000,0,0.4966314733028412,2.23222944521087,0,0,0,0,0,
cross_town,Town02,mixed,3,153,7.65,-7.447046279907227,219.40994262695312,0.22167754173278809,89.98705291748047,1.0766143529545502e-10,501.2367712581468,2.1479157449919837e-11,4.76837158203125e-07,2.663161087212984e-07,4.806821823520626e-07,0.3698982178722105,0.047062426805496216,0.10854089260101318,-0.554566502571106,0.0,0.28760918974876404,-0.1134989932179451,0.9999953508377075,0.15435200929641724,3.418055772781372,1.264324426651001,1.0000000|0.0000000|0.0000000|0.0000000|0.0000000|0.0000000|0.0000000|0.0000000|0.0000000|0.0000000,0,1.0,2.1898293009293868,0,0,0,0,0,
cross_town,Town02,mixed,3,154,7.7,-7.447046279907227,219.40994262695312,0.22167754173278809,89.98705291748047,1.0766143529545502e-10,501.2367712581468,2.1479157449919837e-11,4.76837158203125e-07,2.663161087212984e-07,1.3046436268044827e-06,0.3687958546077784,0.6246617436408997,0.27457907795906067,0.2198830544948578,0.0,0.20760919153690338,-0.03349899500608444,0.9970676302909851,0.160866379737854,1.7963842153549194,1.8795355558395386,0.9405465|0.0594535|0.0000000|0.0000000|0.0000000|0.0000000|0.0000000|0.0000000|0.0000000|0.0000000,0,0.940546452999115,2.1502980490015497,0,0,0,0,0,
cross_town,Town02,mixed,3,155,7.75,-7.447046279907227,219.40994262695312,0.22167754173278809,89.98705291748047,1.0766143529545502e-10,501.2367712581468,2.1479157449919837e-11,4.76837158203125e-07,2.663161087212984e-07,2.0979370427166743e-06,0.3662500416236829,0.032588452100753784,0.1417275071144104,-0.4571353793144226,0.0,0.1417275071144104,-0.1134989932179451,1.0,0.15125171840190887,5.645885944366455,1.7065010070800781,1.0000000|0.0000000|0.0000000|0.0000000|0.0000000|0.0000000|0.0000000|0.0000000|0.0000000|0.0000000,0,1.0,2.1121714415319586,0,0,0,0,0,
cross_town,Town02,mixed,3,156,7.8,-7.447046279907227,219.40994262695312,0.22167754173278809,89.98705291748047,1.0766143529545502e-10,501.2367712581468,2.1479157449919837e-11,4.76837158203125e-07,2.663161087212984e-07,2.886697910697283e-06,0.3642734813779793,0.10327139496803284,0.5894679427146912,0.5219870805740356,0.0,0.22172750532627106,-0.03349899500608444,0.9966806769371033,0.15627363324165344,1.7698974609375,2.465632915496826,0.4952821|0.4751951|0.0295228|0.0000000|0.0000000|0.0000000|0.0000000|0.0000000|0.0000000|0.0000000,0,0.49528205394744873,2.0738202930303262,0,0,0,0,0,
cross_town,Town02,mixed,3,157,7.85,-7.447046279907227,219.40994262695312,0.22167754173278809,89.98705291748047,1.0766143529545502e-10,501.2367712581468,2.1479157449919837e-11,4.76837158203125e-07,2.663161087212984e-07,3.639312970129387e-06,0.3630526981594151,0.13929831981658936,0.3051917552947998,-0.2037089318037033,0.0,0.3017275035381317,-0.1134989932179451,0.9852325916290283,0.15161603689193726,1.3984980583190918,2.2886242866516113,0.5221353|0.4778647|0.0000000|0.0000000|0.0000000|0.0000000|0.0000000|0.0000000|0.0000000|0.0000000,0,0.522135317325592,2.034159254619871,0,0,0,0,0,
cross_town,Town02,mixed,3,158,7.9,-7.447046279907227,219.40994262695312,0.22167754173278809,89.98705291748047,1.0766143529545502e-10,501.2367712581468,2.1479157449919837e-11,4.76837158203125e-07,2.663161087212984e-07,4.394626734989884e-06,0.36034345924103306,0.19267228245735168,0.3243899941444397,0.3902202546596527,0.0,0.3243899941444397,-0.03349899500608444,0.9880611896514893,0.15588578581809998,1.4481017589569092,1.926858901977539,0.5111564|0.4571482|0.0316954|0.0000000|0.0000000|0.0000000|0.0000000|0.0000000|0.0000000|0.0000000,0,0.511156439781189,1.9920835426529275,0,0,0,0,0,
cross_town,Town02,mixed,3,159,7.95,-7.447046279907227,219.40994262695312,0.22167754173278809,89.98705291748047,1.0766143529545502e-10,501.2367712581468,2.1479157449919837e-11,4.76837158203125e-07,2.663161087212984e-07,3.6767099042498555e-06,0.3566593428569856,0.19769901037216187,0.011280566453933716,-0.1784897893667221,0.0,0.24438999593257904,-0.1134989932179451,0.9999920129776001,0.29751986265182495,3.1352572441101074,-0.0764092206954956,1.0000000|0.0000000|0.0000000|0.0000000|0.0000000|0.0000000|0.0000000|0.0000000|0.0000000|0.0000000,0,1.0,1.947279329394091,0,0,0,0,0,
cross_town,Town02,mixed,3,160,8.0,-7.447046279907227,219.40994262695312,0.22167754173278809,89.98705291748047,1.0766143529545502e-10,501.2367712581468,2.1479157449919837e-11,4.76837158203125e-07,2.663161087212984e-07,5.973913929591089e-06,0.39951022501635997,0.1808394193649292,0.45627671480178833,0.4774174690246582,0.0,0.3243899941444397,-0.03349899500608444,0.5458775758743286,0.15482082962989807,0.3911861479282379,2.087057590484619,0.5214637|0.4488536|0.0296828|0.0000000|0.0000000|0.0000000|0.0000000|0.0000000|0.0000000|0.0000000,0,0.5214636921882629,1.8999711095066851,0,0,0,0,0,
cross_town,Town02,mixed,3,161,8.05,-7.447046279907227,219.40994262695312,0.22167754173278809,89.98705291748047,1.0766143529545502e-10,501.2367712581468,2.1479157449919837e-11,4.76837158203125e-07,2.663161087212984e-07,1.3739847520950338e-07,0.351474551508607,0.20051562786102295,0.34224802255630493,-0.13808830082416534,0.0,0.34224802255630493,-0.1134989932179451,0.9998966455459595,0.15445107221603394,2.639784574508667,1.8623123168945312,0.5265359|0.4433861|0.0300780|0.0000000|0.0000000|0.0000000|0.0000000|0.0000000|0.0000000|0.0000000,0,0.5265359282493591,1.854384758817269,0,0,0,0,0,
cross_town,Town02,mixed,3,162,8.1,-7.447046279907227,219.40994262695312,0.22167754173278809,89.98705291748047,1.0766143529545502e-10,501.2367712581468,2.1479157449919837e-11,4.76837158203125e-07,2.663161087212984e-07,9.613237386646286e-07,0.34879678280133053,0.7343976497650146,0.18726664781570435,0.27661654353141785,0.0,0.2622480094432831,-0.03349899500608444,0.9996676445007324,0.16937214136123657,2.3328473567962646,1.8313665390014648,0.9344534|0.0655465|0.0000000|0.0000000|0.0000000|0.0000000|0.0000000|0.0000000|0.0000000|0.0000000,0,0.9344534277915955,1.8130853326496958,0,0,0,0,0,
cross_town,Town02,mixed,3,163,8.15,-7.447046279907227,219.40994262695312,0.22167754173278809,89.98705291748047,1.0766143529545502e-10,501.2367712581468,2.1479157449919837e-11,4.76837158203125e-07,2.663161087212984e-07,3.4871561517417e-07,0.3547470730979819,0.1415424346923828,0.4764379858970642,-0.04561980068683624,0.0,0.34224802255630493,-0.04561980068683624,0.9875275492668152,0.1534455418586731,1.4394757747650146,1.9235827922821045,0.5414458|0.4283334|0.0302209|0.0000000|0.0000000|0.0000000|0.0000000|0.0000000|0.0000000|0.0000000,0,0.541445791721344,1.771919345867877,0,0,0,0,0,
cross_town,Town02,mixed,3,164,8.2,-7.447046279907227,219.40994262695312,0.22167754173278809,89.98705291748047,1.0766143529545502e-10,501.2367712581468,2.1479157449919837e-11,4.76837158203125e-07,2.663161087212984e-07,2.6435992031540153e-06,0.3431615724236058,0.1977379024028778,0.21234917640686035,-0.1575171798467636,0.0,0.2622480094432831,-0.1256197988986969,0.9999978542327881,0.15351755917072296,3.6073174476623535,1.889760136604309,0.5392040|0.4276199|0.0331760|0.0000000|0.0000000|0.0000000|0.0000000|0.0000000|0.0000000|0.0000000,0,0.5392040014266968,1.7310483569627741,0,0,0,0,0,
cross_town,Town02,mixed,3,165,8.25,-7.447046279907227,219.40994262695312,0.22167754173278809,89.98705291748047,1.0766143529545502e-10,501.2367712581468,2.1479157449919837e-11,4.76837158203125e-07,2.663161087212984e-07,3.3645925775745247e-06,0.3530730106752663,0.06986156105995178,0.34574177861213684,0.0333133190870285,0.0,0.34224802255630493,-0.04561980068683624,0.8718603849411011,0.14406388998031616,0.8353133201599121,1.630561351776123,0.9509410|0.0490590|0.0000000|0.0000000|0.0000000|0.0000000|0.0000000|0.0000000|0.0000000|0.0000000,0,0.9509409666061401,1.6905094711399702,0,0,0,0,0,
cross_town,Town02,mixed,3,166,8.3,-7.447046279907227,219.40994262695312,0.22167754173278809,89.98705291748047,1.0766143529545502e-10,501.2367712581468,2.1479157449919837e-11,4.76837158203125e-07,2.663161087212984e-07,2.5454476737984893e-06,0.3409915141340532,0.10959199070930481,0.14194494485855103,-0.662000834941864,0.0,0.2622480094432831,-0.1256197988986969,0.9629756212234497,0.14374849200248718,1.1708648204803467,1.7323877811431885,0.9442558|0.0557442|0.0000000|0.0000000|0.0000000|0.0000000|0.0000000|0.0000000|0.0000000|0.0000000,0,0.9442558288574219,1.6503441655068989,0,0,0,0,0,
cross_town,Town02,mixed,3,167,8.35,-7.447046279907227,219.40994262695312,0.22167754173278809,89.98705291748047,1.0766143529545502e-10,501.2367712581468,2.1479157449919837e-11,4.76837158203125e-07,2.663161087212984e-07,4.806624690471214e-06,0.35363469412330567,0.20446965098381042,0.3337622880935669,0.42315250635147095,0.0,0.3337622880935669,-0.04561980068683624,0.8061671853065491,0.15122534334659576,0.7050983905792236,2.0372142791748047,0.5612396|0.4088826|0.0298779|0.0000000|0.0000000|0.0000000|0.0000000|0.0000000|0.0000000|0.0000000,0,0.5612396001815796,1.6105992041149086,0,0,0,0,0,
cross_town,Town02,mixed,3,168,8.4,-7.447046279907227,219.40994262695312,0.22167754173278809,89.98705291748047,1.0766143529545502e-10,501.2367712581468,2.1479157449919837e-11,4.76837158203125e-07,2.663161087212984e-07,4.053973039440572e-06,0.36389703140418195,0.09952652454376221,0.20777058601379395,-0.3495234251022339,0.0,0.25376227498054504,-0.1256197988986969,0.672492504119873,0.13959452509880066,0.5402754545211792,1.5252693891525269,0.9526398|0.0473603|0.0000000|0.0000000|0.0000000|0.0000000|0.0000000|0.0000000|0.0000000|0.0000000,0,0.9526397585868835,1.5713279150657242,0,0,0,0,0,
cross_town,Town02,mixed,3,169,8.45,-7.447046279907227,219.40994262695312,0.22167754173278809,89.98705291748047,1.0766143529545502e-10,501.2367712581468,2.1479157449919837e-11,4.76837158203125e-07,2.663161087212984e-07,4.808824347082821e-06,0.3472644751810544,0.20513296127319336,0.2949064075946808,0.3862791657447815,0.0,0.2949064075946808,-0.04561980068683624,0.8071026802062988,0.14535833895206451,0.7124648690223694,1.987943410873413,0.5914420|0.4085580|0.0000000|0.0000000|0.0000000|0.0000000|0.0000000|0.0000000|0.0000000|0.0000000,0,0.5914420485496521,1.5325987346153067,0,0,0,0,0,
cross_town,Town02,mixed,3,170,8.5,-7.447046279907227,219.40994262695312,0.22167754173278809,89.98705291748047,1.0766143529545502e-10,501.2367712581468,2.1479157449919837e-11,4.76837158203125e-07,2.663161087212984e-07,6.866689427655684e-07,0.332012380923835,0.18775248527526855,0.3323711156845093,-0.06585419178009033,0.0,0.3323711156845093,-0.06585419178009033,0.9991387128829956,0.1491570919752121,2.114908456802368,1.8668506145477295,0.5786191|0.3923136|0.0290673|0.0000000|0.0000000|0.0000000|0.0000000|0.0000000|0.0000000|0.0000000,0,0.578619122505188,1.494480734655437,0,0,0,0,0,
cross_town,Town02,mixed,3,171,8.55,-7.447046279907227,219.40994262695312,0.22167754173278809,89.98705291748047,1.0766143529545502e-10,501.2367712581468,2.1479157449919837e-11,4.76837158203125e-07,2.663161087212984e-07,1.5106361298824303e-06,0.3283898201848909,0.224800705909729,0.21361908316612244,-0.0412474125623703,0.0,0.2523711025714874,-0.0412474125623703,0.9999910593032837,0.14854225516319275,3.258638858795166,1.9005768299102783,0.5824160|0.3885020|0.0290821|0.0000000|0.0000000|0.0000000|0.0000000|0.0000000|0.0000000|0.0000000,0,0.5824159979820251,1.4554774757399749,0,0,0,0,0,
cross_town,Town02,mixed,3,172,8.6,-7.447046279907227,219.40994262695312,0.22167754173278809,89.98705291748047,1.0766143529545502e-10,501.2367712581468,2.1479157449919837e-11,4.76837158203125e-07,2.663161087212984e-07,2.3002778234573495e-06,0.32792357854129645,0.17100483179092407,0.4649835228919983,-0.09281611442565918,0.0,0.3323711156845093,-0.09281611442565918,0.9462203979492188,0.14796242117881775,1.0689330101013184,2.0301499366760254,0.5842709|0.3869164|0.0288127|0.0000000|0.0000000|0.0000000|0.0000000|0.0000000|0.0000000|0.0000000,0,0.5842708945274353,1.4097844957179706,0,0,0,0,0,
cross_town,Town02,mixed,3,173,8.65,-7.447046279907227,219.40994262695312,0.22167754173278809,89.98705291748047,1.0766143529545502e-10,501.2367712581468,2.1479157449919837e-11,4.76837158203125e-07,2.663161087212984e-07,3.0899937968311994e-06,0.3145924632767926,0.23458686470985413,0.2241199016571045,0.1401391476392746,0.0,0.2523711025714874,-0.012816114351153374,0.9999648332595825,0.14692716300487518,2.916591167449951,1.883714199066162,0.5929754|0.3795083|0.0275163|0.0000000|0.0000000|0.0000000|0.0000000|0.0000000|0.0000000|0.0000000,0,0.5929754376411438,1.3608491392554398,0,0,0,0,0,
cross_town,Town02,mixed,3,174,8.7,-7.447046279907227,219.40994262695312,0.22167754173278809,89.98705291748047,1.0766143529545502e-10,501.2367712581468,2.1479157449919837e-11,4.76837158203125e-07,2.663161087212984e-07,3.776633673900631e-06,0.3115315596871524,0.168471097946167,0.24193084239959717,-0.6164666414260864,0.0,0.24193084239959717,-0.09281611442565918,0.9949352145195007,0.1317095160484314,1.6883800029754639,1.8528716564178467,0.9511190|0.0488809|0.0000000|0.0000000|0.0000000|0.0000000|0.0000000|0.0000000|0.0000000|0.0000000,0,0.9511190056800842,1.3110949643575054,0,0,0,0,0,
cross_town,Town02,mixed,3,175,8.75,-7.447046279907227,219.40994262695312,0.22167754173278809,89.98705291748047,1.0766143529545502e-10,501.2367712581468,2.1479157449919837e-11,4.76837158203125e-07,2.663161087212984e-07,2.9565890045730806e-06,0.36265461411932076,0.06340378522872925,0.1928499937057495,-0.21330122649669647,0.0,0.1928499937057495,-0.17281611263751984,0.44709235429763794,0.1299293339252472,0.31696420907974243,1.6005924940109253,0.9536262|0.0463738|0.0000000|0.0000000|0.0000000|0.0000000|0.0000000|0.0000000|0.0000000|0.0000000,0,0.9536262154579163,1.2628515675540986,0,0,0,0,0,
cross_town,Town02,mixed,3,176,8.8,-7.447046279907227,219.40994262695312,0.22167754173278809,89.98705291748047,1.0766143529545502e-10,501.2367712581468,2.1479157449919837e-11,4.76837158203125e-07,2.663161087212984e-07,5.218618409506855e-06,0.30484946888689096,0.0607244074344635,0.2873995900154114,0.4032430350780487,0.0,0.27285000681877136,-0.09281611442565918,0.9876183271408081,0.1285143494606018,1.4662554264068604,1.6612887382507324,0.9540361|0.0459639|0.0000000|0.0000000|0.0000000|0.0000000|0.0000000|0.0000000|0.0000000|0.0000000,0,0.9540361166000366,1.2181634761744211,0,0,0,0,0,
cross_town,Town02,mixed,3,177,8.85,-7.447046279907227,219.40994262695312,0.22167754173278809,89.98705291748047,1.0766143529545502e-10,501.2367712581468,2.1479157449919837e-11,4.76837158203125e-07,2.663161087212984e-07,5.941040200173514e-06,0.3002976123125282,0.25061511993408203,0.19955414533615112,0.056607574224472046,0.0,0.1928500086069107,-0.012816114351153374,0.9948257207870483,0.14373746514320374,1.6709785461425781,1.9812359809875488,0.6119329|0.3620301|0.0260370|0.0000000|0.0000000|0.0000000|0.0000000|0.0000000|0.0000000|0.0000000,0,0.6119328737258911,1.1785917804974593,0,0,0,0,0,
cross_town,Town02,mixed,3,178,8.9,-7.447046279907227,219.40994262695312,0.22167754173278809,89.98705291748047,1.0766143529545502e-10,501.2367712581468,2.1479157449919837e-11,4.76837158203125e-07,2.663161087212984e-07,3.433606306473374e-07,0.3028222441052506,0.16653019189834595,0.3490290343761444,-0.27624958753585815,0.0,0.27285000681877136,-0.09281611442565918,0.9306707978248596,0.14348439872264862,1.0057756900787354,2.2391934394836426,0.6151175|0.3551205|0.0297621|0.0000000|0.0000000|0.0000000|0.0000000|0.0000000|0.0000000|0.0000000,0,0.6151175498962402,1.1450771196960563,0,0,0,0,0,
cross_town,Town02,mixed,3,179,8.95,-7.447046279907227,219.40994262695312,0.22167754173278809,89.98705291748047,1.0766143529545502e-10,501.2367712581468,2.1479157449919837e-11,4.76837158203125e-07,2.663161087212984e-07,1.1673150688764951e-06,0.2923953875233525,0.25901633501052856,0.17393386363983154,0.04953372851014137,0.0,0.1928500086069107,-0.012816114351153374,0.9956725835800171,0.14200791716575623,1.7176017761230469,1.959090232849121,0.6244693|0.3489667|0.0265640|0.0000000|0.0000000|0.0000000|0.0000000|0.0000000|0.0000000|0.0000000,0,0.6244692802429199,1.1180273701808285,0,0,0,0,0,
cross_town,Town02,mixed,3,180,9.0,-7.447046279907227,219.40994262695312,0.22167754173278809,89.98705291748047,1.0766143529545502e-10,501.2367712581468,2.1479157449919837e-11,4.76837158203125e-07,2.663161087212984e-07,1.9914263847470764e-06,0.3469545424963391,0.07728233933448792,0.18656837940216064,-0.5145928859710693,0.0,0.18656837940216064,-0.09281611442565918,0.41071680188179016,0.12336745858192444,0.2863818407058716,1.8241145610809326,0.9533263|0.0466737|0.0000000|0.0000000|0.0000000|0.0000000|0.0000000|0.0000000|0.0000000|0.0000000,0,0.9533263444900513,1.0974354524351702,0,0,0,0,0,
cross_town,Town02,mixed,3,181,9.05,-7.447046279907227,219.40994262695312,0.22167754173278809,89.98705291748047,1.0766143529545502e-10,501.2367712581468,2.1479157449919837e-11,4.76837158203125e-07,2.663161087212984e-07,2.7838357518869258e-06,0.29053866630074626,0.17153573036193848,0.31439104676246643,0.10682829469442368,0.0,0.2665683925151825,-0.012816114351153374,0.9356853365898132,0.14115925133228302,1.028213381767273,2.2368688583374023,0.6255998|0.3455303|0.0288699|0.0000000|0.0000000|0.0000000|0.0000000|0.0000000|0.0000000|0.0000000,0,0.6255998015403748,1.0832959678284497,0,0,0,0,0,
cross_town,Town02,mixed,3,182,9.1,-7.447046279907227,219.40994262695312,0.22167754173278809,89.98705291748047,1.0766143529545502e-10,501.2367712581468,2.1479157449919837e-11,4.76837158203125e-07,2.663161087212984e-07,3.5040863704935283e-06,0.2804437311423187,0.23189878463745117,0.18138444423675537,-0.38656672835350037,0.0,0.18656839430332184,-0.09281611442565918,0.9979019165039062,0.1398390531539917,1.9013192653656006,2.0449318885803223,0.6356952|0.3366711|0.0276338|0.0000000|0.0000000|0.0000000|0.0000000|0.0000000|0.0000000|0.0000000,0,0.6356951594352722,1.0760975619763715,0,0,0,0,0,
cross_town,Town02,mixed,3,183,9.15,-7.447046279907227,219.40994262695312,0.22167754173278809,89.98705291748047,1.0766143529545502e-10,501.2367712581468,2.1479157449919837e-11,4.76837158203125e-07,2.663161087212984e-07,4.190337035110318e-06,0.27645942324003236,0.061288297176361084,0.1349564492702484,-0.2747701406478882,0.0,0.1349564492702484,-0.17281611263751984,0.9997711777687073,0.11099690198898315,2.4845893383026123,1.5406745672225952,1.0000000|0.0000000|0.0000000|0.0000000|0.0000000|0.0000000|0.0000000|0.0000000|0.0000000|0.0000000,0,1.0,1.0767698867487474,0,0,0,0,0,
cross_town,Town02,mixed,3,184,9.2,-7.447046279907227,219.40994262695312,0.22167754173278809,89.98705291748047,1.0766143529545502e-10,501.2367712581468,2.1479157449919837e-11,4.76837158203125e-07,2.663161087212984e-07,3.471002978036081e-06,0.2727477112837741,0.11759957671165466,0.3691558241844177,0.6572026014328003,0.0,0.21495644748210907,-0.09281611442565918,0.9999829530715942,0.13858897984027863,3.10656476020813,2.094674587249756,0.6404584|0.3317346|0.0278070|0.0000000|0.0000000|0.0000000|0.0000000|0.0000000|0.0000000|0.0000000,0,0.6404584050178528,1.0864985970611503,0,0,0,0,0,
cross_town,Town02,mixed,3,185,9.25,-7.447046279907227,219.40994262695312,0.22167754173278809,89.98705291748047,1.0766143529545502e-10,501.2367712581468,2.1479157449919837e-11,4.76837158203125e-07,2.663161087212984e-07,5.767928878384429e-06,0.27270370453119336,0.25899460911750793,0.19635477662086487,-0.029392795637249947,0.0,0.1349564492702484,-0.029392795637249947,0.9934362173080444,0.1376996487379074,1.6171979904174805,2.1575746536254883,0.6483634|0.3230063|0.0286303|0.0000000|0.0000000|0.0000000|0.0000000|0.0000000|0.0000000|0.0000000,0,0.6483633518218994,1.1070188501626714,0,0,0,0,0,
cross_town,Town02,mixed,3,186,9.3,-7.447046279907227,219.40994262695312,0.22167754173278809,89.98705291748047,1.0766143529545502e-10,501.2367712581468,2.1479157449919837e-11,4.76837158203125e-07,2.663161087212984e-07,0.0,0.29799597395576677,0.1263228952884674,0.4195508658885956,-0.25261250138282776,0.0,0.21495644748210907,-0.10939279198646545,0.6781779527664185,0.1372598111629486,0.5490928888320923,2.228006362915039,0.6476104|0.3248516|0.0275379|0.0000000|0.0000000|0.0000000|0.0000000|0.0000000|0.0000000|0.0000000,0,0.6476104259490967,1.1410322555309587,0,0,0,0,0,
cross_town,Town02,mixed,3,187,9.35,-7.447046279907227,219.40994262695312,0.22167754173278809,89.98705291748047,1.0766143529545502e-10,501.2367712581468,2.1479157449919837e-11,4.76837158203125e-07,2.663161087212984e-07,8.239956860700619e-07,0.26265388747652574,0.24688053131103516,0.19500887393951416,0.04379946365952492,0.0,0.1349564492702484,-0.029392791911959648,0.9998250603675842,0.1363462507724762,2.5263078212738037,2.1300346851348877,0.6564602|0.3153110|0.0282289|0.0000000|0.0000000|0.0000000|0.0000000|0.0000000|0.0000000|0.0000000,0,0.656460165977478,1.1929014359711396,0,0,0,0,0,
cross_town,Town02,mixed,3,188,9.4,-7.447046279907227,219.40994262695312,0.22167754173278809,89.98705291748047,1.0766143529545502e-10,501.2367712581468,2.1479157449919837e-11,4.76837158203125e-07,2.663161087212984e-07,2.357271728031961e-07,0.2596968780191383,0.39703452587127686,0.11030188202857971,-0.4108588695526123,0.05999999865889549,0.0,-0.10939279198646545,1.0,0.19468960165977478,6.188146114349365,1.4171829223632812,0.9125609|0.0874392|0.0000000|0.0000000|0.0000000|0.0000000|0.0000000|0.0000000|0.0000000|0.0000000,0,0.9125608801841736,1.2698425129142838,0,0,0,0,0,
cross_town,Town02,mixed,3,189,9.45,-7.447046279907227,219.40994262695312,0.22167754173278809,89.98705291748047,1.0766143529545502e-10,501.2367712581468,2.1479157449919837e-11,4.76837158203125e-07,2.663161087212984e-07,1.008383293217842e-06,0.2570461997439844,0.04061990976333618,0.7998709678649902,-0.46123549342155457,0.0,0.07999999821186066,-0.1893927901983261,0.99983811378479,0.13521453738212585,2.5469651222229004,0.8422447443008423,0.6661171|0.3046208|0.0292621|0.0000000|0.0000000|0.0000000|0.0000000|0.0000000|0.0000000|0.0000000,0,0.6661171317100525,1.3843447401413338,0,0,0,0,0,
cross_town,Town02,mixed,3,190,9.5,-7.447046279907227,219.40994262695312,0.22167754173278809,89.98705291748047,1.0766143529545502e-10,501.2367712581468,2.1479157449919837e-11,4.76837158203125e-07,2.663161087212984e-07,3.2959156651493934e-06,0.25467356045964584,0.09725511074066162,0.44298967719078064,0.5964198708534241,0.0,0.1599999964237213,-0.10939279198646545,0.9999995231628418,0.12996402382850647,4.0247297286987305,2.087867021560669,0.6885474|0.3114526|0.0000000|0.0000000|0.0000000|0.0000000|0.0000000|0.0000000|0.0000000|0.0000000,0,0.6885474324226379,1.5592454044328952,0,0,0,0,0,
cross_town,Town02,mixed,3,191,9.55,-7.447046279907227,219.40994262695312,0.22167754173278809,89.98705291748047,1.0766143529545502e-10,501.2367712581468,2.1479157449919837e-11,4.76837158203125e-07,2.663161087212984e-07,2.4770406542152985e-06,0.25273284774179944,0.15126287937164307,0.25714677572250366,0.1282869279384613,0.0,0.23999999463558197,-0.029392791911959648,0.9993358254432678,0.13008691370487213,2.199014902114868,2.1172409057617188,0.6858705|0.3141295|0.0000000|0.0000000|0.0000000|0.0000000|0.0000000|0.0000000|0.0000000|0.0000000,0,0.6858705282211304,1.8403556318377705,0,0,0,0,0,
cross_town,Town02,mixed,3,192,9.6,-7.447046279907227,219.40994262695312,0.22167754173278809,89.98705291748047,1.0766143529545502e-10,501.2367712581468,2.1479157449919837e-11,4.76837158203125e-07,2.663161087212984e-07,4.670906399107482e-06,0.251048236814608,0.2854841649532318,0.1262916624546051,-0.44671252369880676,0.0,0.1599999964237213,-0.10939279198646545,0.9999994039535522,0.13436394929885864,3.9613964557647705,2.003312110900879,0.6747646|0.2943345|0.0309009|0.0000000|0.0000000|0.0000000|0.0000000|0.0000000|0.0000000|0.0000000,0,0.6747645735740662,2.335264327653463,0,0,0,0,0,
cross_town,Town02,mixed,3,193,9.65,-7.447046279907227,219.40994262695312,0.22167754173278809,89.98705291748047,1.0766143529545502e-10,501.2367712581468,2.1479157449919837e-11,4.76837158203125e-07,2.663161087212984e-07,5.458892805148925e-06,0.274071072172873,0.09026643633842468,0.23800039291381836,0.014638376422226429,0.0,0.23800039291381836,-0.029392791911959648,0.7578310370445251,0.11028439551591873,0.6749217510223389,1.7829190492630005,0.9601980|0.0398020|0.0000000|0.0000000|0.0000000|0.0000000|0.0000000|0.0000000|0.0000000|0.0000000,0,0.9601979851722717,3.3525794853242763,0,0,0,0,0,
cross_town,Town02,mixed,3,194,9.7,-7.447046279907227,219.40994262695312,0.22167754173278809,89.98705291748047,1.0766143529545502e-10,501.2367712581468,2.1479157449919837e-11,4.76837158203125e-07,2.663161087212984e-07,6.179919796264543e-06,0.24911385835991712,0.27801474928855896,0.20123916864395142,-0.4229218661785126,0.0,0.1580003947019577,-0.10939279198646545,0.9999985694885254,0.13367828726768494,3.7297184467315674,1.9704232215881348,0.6821009|0.2886289|0.0292703|0.0000000|0.0000000|0.0000000|0.0000000|0.0000000|0.0000000|0.0000000,0,0.6821008920669556,6.379950792502648,0,0,0,0,0,
cross_town,Town02,mixed,3,195,9.75,-7.447046279907227,219.40994262695312,0.22167754173278809,89.98705291748047,1.0766143529545502e-10,501.2367712581468,2.1479157449919837e-11,4.76837158203125e-07,2.663161087212984e-07,4.806821677058968e-07,0.25286756465425314,0.059388577938079834,0.23704904317855835,0.020829129964113235,0.0,0.23704904317855835,-0.029392791911959648,0.9597743153572083,0.10200810432434082,1.1910403966903687,1.5957597494125366,1.0000000|0.0000000|0.0000000|0.0000000|0.0000000|0.0000000|0.0000000|0.0000000|0.0000000|0.0000000,0,1.0,18.608468476665614,0,0,0,0,0,
cross_town,Town02,mixed,3,196,9.8,-7.447046279907227,219.40994262695312,0.22167754173278809,89.98705291748047,1.0766143529545502e-10,501.2367712581468,2.1479157449919837e-11,4.76837158203125e-07,2.663161087212984e-07,1.304644874358424e-06,0.24905504277229487,0.25064435601234436,0.2130088210105896,-0.4188588261604309,0.0,0.1570490449666977,-0.10939279198646545,0.9999687671661377,0.1285153180360794,2.965266704559326,2.0039405822753906,0.7101296|0.2898705|0.0000000|0.0000000|0.0000000|0.0000000|0.0000000|0.0000000|0.0000000|0.0000000,0,0.7101295590400696,18.578049462944012,0,0,0,0,0,
cross_town,Town02,mixed,3,197,9.85,-7.447046279907227,219.40994262695312,0.22167754173278809,89.98705291748047,1.0766143529545502e-10,501.2367712581468,2.1479157449919837e-11,4.76837158203125e-07,2.663161087212984e-07,2.1287211900359435e-06,0.24972351026443385,0.19194000959396362,0.3741065561771393,0.06952447444200516,0.0,0.23704904317855835,-0.029392791911959648,0.9999849796295166,0.13339899480342865,3.142346143722534,2.237013578414917,0.6923802|0.2797612|0.0278586|0.0000000|0.0000000|0.0000000|0.0000000|0.0000000|0.0000000|0.0000000,0,0.6923802495002747,18.54913762341217,0,0,0,0,0,
cross_town,Town02,mixed,3,198,9.9,-7.447046279907227,219.40994262695312,0.22167754173278809,89.98705291748047,1.0766143529545502e-10,501.2367712581468,2.1479157449919837e-11,4.76837158203125e-07,2.663161087212984e-07,2.920904055001617e-06,0.25082801727006365,0.35285401344299316,0.06588202714920044,-0.4478425979614258,0.0,0.1570490449666977,-0.10939279198646545,1.0,0.13429801166057587,7.462457180023193,1.904337763786316,0.6911034|0.2779855|0.0309111|0.0000000|0.0000000|0.0000000|0.0000000|0.0000000|0.0000000|0.0000000,0,0.6911033987998962,18.52197476393098,0,0,0,0,0,
cross_town,Town02,mixed,3,199,9.95,-7.447046279907227,219.40994262695312,0.22167754173278809,89.98705291748047,1.0766143529545502e-10,501.2367712581468,2.1479157449919837e-11,4.76837158203125e-07,2.663161087212984e-07,3.6070868374976574e-06,0.2523300845436995,0.1474260687828064,0.17088037729263306,-0.009743270464241505,0.0,0.17088037729263306,-0.029392791911959648,1.0,0.12877383828163147,8.222912788391113,2.0958170890808105,0.7225333|0.2774667|0.0000000|0.0000000|0.0000000|0.0000000|0.0000000|0.0000000|0.0000000|0.0000000,0,0.7225332856178284,18.496369625937287,0,0,0,0,0,
cross_town,Town02,mixed,3,200,10.0,-7.447046279907227,219.40994262695312,0.22167754173278809,89.98705291748047,1.0766143529545502e-10,501.2367712581468,2.1479157449919837e-11,4.76837158203125e-07,2.663161087212984e-07,4.360253619860205e-06,0.2541808490420058,0.12301260232925415,0.08849775791168213,-0.5276698470115662,0.0,0.0908803790807724,-0.10939279198646545,1.0,0.20907893776893616,19.57896614074707,0.13996005058288574,0.8939148|0.1060852|0.0000000|0.0000000|0.0000000|0.0000000|0.0000000|0.0000000|0.0000000|0.0000000,0,0.8939147591590881,18.472541423542093,0,0,0,0,0,
cross_town,Town02,mixed,3,201,10.05,-7.447046279907227,219.40994262695312,0.22167754173278809,89.98705291748047,1.0766143529545502e-10,501.2367712581468,2.1479157449919837e-11,4.76837158203125e-07,2.663161087212984e-07,5.117211861713689e-06,0.25633015817583077,0.11908355355262756,0.267688512802124,0.01737910509109497,0.0,0.17088037729263306,-0.029392791911959648,1.0,0.13513889908790588,13.704187393188477,2.0743916034698486,0.7012584|0.2686654|0.0300762|0.0000000|0.0000000|0.0000000|0.0000000|0.0000000|0.0000000|0.0000000,0,0.7012584209442139,18.4467385926144,0,0,0,0,0,
cross_town,Town02,mixed,3,202,10.1,-7.447046279907227,219.40994262695312,0.22167754173278809,89.98705291748047,1.0766143529545502e-10,501.2367712581468,2.1479157449919837e-11,4.76837158203125e-07,2.663161087212984e-07,4.3970443239247605e-06,0.25872858413920663,0.24829930067062378,0.19057530164718628,-0.41052645444869995,0.0,0.0908803790807724,-0.10939279198646545,1.0,0.13532418012619019,8.021356582641602,1.9438530206680298,0.7081013|0.2608160|0.0310827|0.0000000|0.0000000|0.0000000|0.0000000|0.0000000|0.0000000|0.0000000,0,0.7081012725830078,18.428689597910363,0,0,0,0,0,
cross_town,Town02,mixed,3,203,10.15,-7.447046279907227,219.40994262695312,0.22167754173278809,89.98705291748047,1.0766143529545502e-10,501.2367712581468,2.1479157449919837e-11,4.76837158203125e-07,2.663161087212984e-07,1.3739862300053724e-07,0.2613311018631031,0.08271229267120361,0.13866236805915833,-0.26886802911758423,0.0,0.13866236805915833,-0.1893927901983261,1.0,0.2126513421535492,21.35413932800293,-0.4801522493362427,0.8918347|0.1081654|0.0000000|0.0000000|0.0000000|0.0000000|0.0000000|0.0000000|0.0000000|0.0000000,0,0.8918346762657166,18.41025443903258,0,0,0,0,0,
cross_town,Town02,mixed,3,204,10.2,-7.447046279907227,219.40994262695312,0.22167754173278809,89.98705291748047,1.0766143529545502e-10,501.2367712581468,2.1479157449919837e-11,4.76837158203125e-07,2.663161087212984e-07,9.613248032405157e-07,0.26497346745841427,0.1411636471748352,0.256339967250824,0.5498647689819336,0.0,0.21866236627101898,-0.10939279198646545,0.9912462830543518,0.11362269520759583,1.5687490701675415,1.6974064111709595,0.9569578|0.0430422|0.0000000|0.0000000|0.0000000|0.0000000|0.0000000|0.0000000|0.0000000|0.0000000,0,0.9569578170776367,18.39366867339928,0,0,0,0,0,
cross_town,Town02,mixed,3,205,10.25,-7.447046279907227,219.40994262695312,0.22167754173278809,89.98705291748047,1.0766143529545502e-10,501.2367712581468,2.1479157449919837e-11,4.76837158203125e-07,2.663161087212984e-07,1.7556857739428958e-06,0.2672908030619542,0.129763662815094,0.009606033563613892,0.2628112733364105,0.0,0.13866236805915833,-0.029392791911959648,0.9970490336418152,0.29751986265182495,1.6581480503082275,0.15114253759384155,1.0000000|0.0000000|0.0000000|0.0000000|0.0000000|0.0000000|0.0000000|0.0000000|0.0000000|0.0000000,0,1.0,18.378856420572536,0,0,0,0,0,
cross_town,Town02,mixed,3,206,10.3,-7.447046279907227,219.40994262695312,0.22167754173278809,89.98705291748047,1.0766143529545502e-10,501.2367712581468,2.1479157449919837e-11,4.76837158203125e-07,2.663161087212984e-07,1.0764608385660353e-06,0.34115375055992586,0.09191954135894775,0.5973364114761353,-0.2899964153766632,0.0,0.21866236627101898,-0.10939279198646545,0.28842246532440186,0.11516118794679642,0.1590743064880371,2.0329833030700684,0.9570569|0.0429431|0.0000000|0.0000000|0.0000000|0.0000000|0.0000000|0.0000000|0.0000000|0.0000000,0,0.9570568799972534,18.36602585237299,0,0,0,0,0,
cross_town,Town02,mixed,3,207,10.35,-7.447046279907227,219.40994262695312,0.22167754173278809,89.98705291748047,1.0766143529545502e-10,501.2367712581468,2.1479157449919837e-11,4.76837158203125e-07,2.663161087212984e-07,3.2959233314949617e-06,0.2731241648135171,0.3168506622314453,0.3756408989429474,0.04741930216550827,0.0,0.29866236448287964,-0.029392791911959648,0.9995038509368896,0.1388210505247116,2.263242483139038,1.9389228820800781,0.7178019|0.2482832|0.0339149|0.0000000|0.0000000|0.0000000|0.0000000|0.0000000|0.0000000|0.0000000,0,0.7178018689155579,18.355068513109707,0,0,0,0,0,
cross_town,Town02,mixed,3,208,10.4,-7.447046279907227,219.40994262695312,0.22167754173278809,89.98705291748047,1.0766143529545502e-10,501.2367712581468,2.1479157449919837e-11,4.76837158203125e-07,2.663161087212984e-07,3.984539716377501e-06,0.27621162447037617,0.38595929741859436,0.23438653349876404,-0.3762279450893402,0.0,0.21866236627101898,-0.10939279198646545,0.9999996423721313,0.1391601860523224,4.0821661949157715,1.6615557670593262,0.7242253|0.2408669|0.0349078|0.0000000|0.0000000|0.0000000|0.0000000|0.0000000|0.0000000|0.0000000,0,0.7242252826690674,18.346172064016255,0,0,0,0,0,
cross_town,Town02,mixed,3,209,10.45,-7.447046279907227,219.40994262695312,0.22167754173278809,89.98705291748047,1.0766143529545502e-10,501.2367712581468,2.1479157449919837e-11,4.76837158203125e-07,2.663161087212984e-07,4.80661836624259e-06,0.2793980347286429,0.2549636662006378,0.30077335238456726,-0.01946444809436798,0.0,0.29866236448287964,-0.029392791911959648,0.9998984336853027,0.13416524231433868,2.6644017696380615,1.7722373008728027,0.7524282|0.2475718|0.0000000|0.0000000|0.0000000|0.0000000|0.0000000|0.0000000|0.0000000|0.0000000,0,0.7524281740188599,18.339242563731165,0,0,0,0,0,
cross_town,Town02,mixed,3,210,10.5,-7.447046279907227,219.40994262695312,0.22167754173278809,89.98705291748047,1.0766143529545502e-10,501.2367712581468,2.1479157449919837e-11,4.76837158203125e-07,2.663161087212984e-07,4.088338318062421e-06,0.2825860930941093,0.39833179116249084,0.19036677479743958,-0.39643195271492004,0.0,0.21866236627101898,-0.10939279198646545,1.0,0.14052657783031464,4.7700018882751465,1.6763770580291748,0.7266225|0.2408763|0.0325013|0.0000000|0.0000000|0.0000000|0.0000000|0.0000000|0.0000000|0.0000000,0,0.726622462272644,18.33443137615818,0,0,0,0,0,
cross_town,Town02,mixed,3,211,10.55,-7.447046279907227,219.40994262695312,0.22167754173278809,89.98705291748047,1.0766143529545502e-10,501.2367712581468,2.1479157449919837e-11,4.76837158203125e-07,2.663161087212984e-07,4.808837802719315e-06,0.2859078713567643,0.2666653096675873,0.309331476688385,-0.01190374419093132,0.0,0.29866236448287964,-0.029392791911959648,0.9988287091255188,0.14186637103557587,2.045261859893799,1.8275141716003418,0.7235649|0.2427503|0.0336848|0.0000000|0.0000000|0.0000000|0.0000000|0.0000000|0.0000000|0.0000000,0,0.7235649228096008,18.331676023581714,0,0,0,0,0,
cross_town,Town02,mixed,3,212,10.6,-7.447046279907227,219.40994262695312,0.22167754173278809,89.98705291748047,1.0766143529545502e-10,501.2367712581468,2.1479157449919837e-11,4.76837158203125e-07,2.663161087212984e-07,6.866693927006596e-07,0.2889889602922914,0.3484196662902832,0.28379368782043457,-0.34761297702789307,0.0,0.21866236627101898,-0.10939279198646545,0.9999819993972778,0.13743720948696136,3.0931038856506348,1.637034296989441,0.7486555|0.2513445|0.0000000|0.0000000|0.0000000|0.0000000|0.0000000|0.0000000|0.0000000|0.0000000,0,0.7486554980278015,18.331115841582086,0,0,0,0,0,
cross_town,Town02,mixed,3,213,10.65,-7.447046279907227,219.40994262695312,0.22167754173278809,89.98705291748047,1.0766143529545502e-10,501.2367712581468,2.1479157449919837e-11,4.76837158203125e-07,2.663161087212984e-07,1.5106367559489715e-06,0.29896618811318676,0.21565967798233032,0.2779746949672699,-0.08229338377714157,0.0,0.2779746949672699,-0.08229338377714157,0.999936580657959,0.14259009063243866,2.7739992141723633,1.7680773735046387,0.7339949|0.2343180|0.0316871|0.0000000|0.0000000|0.0000000|0.0000000|0.0000000|0.0000000|0.0000000,0,0.7339949011802673,18.332701233438158,0,0,0,0,0,
cross_town,Town02,mixed,3,214,10.7,-7.447046279907227,219.40994262695312,0.22167754173278809,89.98705291748047,1.0766143529545502e-10,501.2367712581468,2.1479157449919837e-11,4.76837158203125e-07,2.663161087212984e-07,2.300275779704937e-06,0.3088047411739184,0.20419013500213623,0.21354061365127563,-0.041278086602687836,0.0,0.21354061365127563,-0.041278086602687836,0.9215800762176514,0.11490876972675323,1.001094102859497,1.580988883972168,1.0000000|0.0000000|0.0000000|0.0000000|0.0000000|0.0000000|0.0000000|0.0000000|0.0000000|0.0000000,0,1.0,18.33655166148298,0,0,0,0,0,
cross_town,Town02,mixed,3,215,10.75,-7.447046279907227,219.40994262695312,0.22167754173278809,89.98705291748047,1.0766143529545502e-10,501.2367712581468,2.1479157449919837e-11,4.76837158203125e-07,2.663161087212984e-07,3.089996235691155e-06,0.2984828534235466,0.2535132169723511,0.39805933833122253,-0.33821311593055725,0.0,0.2935406267642975,-0.12127808481454849,0.9991474151611328,0.14503994584083557,2.121563196182251,1.7786952257156372,0.7315810|0.2338903|0.0345287|0.0000000|0.0000000|0.0000000|0.0000000|0.0000000|0.0000000|0.0000000,0,0.7315810322761536,18.34264655123792,0,0,0,0,0,
cross_town,Town02,mixed,3,216,10.8,-7.447046279907227,219.40994262695312,0.22167754173278809,89.98705291748047,1.0766143529545502e-10,501.2367712581468,2.1479157449919837e-11,4.76837158203125e-07,2.663161087212984e-07,3.7766335959992426e-06,0.30145775184402174,0.34443116188049316,0.1854655146598816,0.02599756047129631,0.0,0.21354062855243683,-0.041278086602687836,0.9998501539230347,0.14586347341537476,2.5555977821350098,1.7027757167816162,0.7347214|0.2291793|0.0360993|0.0000000|0.0000000|0.0000000|0.0000000|0.0000000|0.0000000|0.0000000,0,0.7347214221954346,18.355121003512163,0,0,0,0,0,
cross_town,Town02,mixed,3,217,10.85,-7.447046279907227,219.40994262695312,0.22167754173278809,89.98705291748047,1.0766143529545502e-10,501.2367712581468,2.1479157449919837e-11,4.76837158203125e-07,2.663161087212984e-07,2.9566212314604105e-06,0.3044340378471783,0.22212189435958862,0.37858742475509644,-0.36388513445854187,0.0,0.2935406267642975,-0.12127808481454849,0.9999829530715942,0.1470530778169632,3.0970590114593506,1.7490870952606201,0.7341156|0.2282358|0.0376486|0.0000000|0.0000000|0.0000000|0.0000000|0.0000000|0.0000000|0.0000000,0,0.7341156005859375,18.367686543310946,0,0,0,0,0,
cross_town,Town02,mixed,3,218,10.9,-7.447046279907227,219.40994262695312,0.22167754173278809,89.98705291748047,1.0766143529545502e-10,501.2367712581468,2.1479157449919837e-11,4.76837158203125e-07,2.663161087212984e-07,5.218611528142712e-06,0.30736316630960153,0.05706462264060974,0.25498074293136597,0.18493309617042542,0.0,0.25498074293136597,-0.041278086602687836,0.9999991655349731,0.226773202419281,3.7560875415802,-1.1878639459609985,0.8678289|0.1321711|0.0000000|0.0000000|0.0000000|0.0000000|0.0000000|0.0000000|0.0000000|0.0000000,0,0.867828905582428,18.37863781801705,0,0,0,0,0,
cross_town,Town02,mixed,3,219,10.95,-7.447046279907227,219.40994262695312,0.22167754173278809,89.98705291748047,1.0766143529545502e-10,501.2367712581468,2.1479157449919837e-11,4.76837158203125e-07,2.663161087212984e-07,6.009588872494187e-06,0.3104622749173129,0.2951163053512573,0.40008261799812317,-0.29796716570854187,0.0,0.3349807560443878,-0.12127808481454849,0.9977262616157532,0.14303719997406006,1.8779728412628174,1.7461203336715698,0.7651479|0.2348521|0.0000000|0.0000000|0.0000000|0.0000000|0.0000000|0.0000000|0.0000000|0.0000000,0,0.7651479244232178,18.394466178874755,0,0,0,0,0,
cross_town,Town02,mixed,3,220,11.0,-7.447046279907227,219.40994262695312,0.22167754173278809,89.98705291748047,1.0766143529545502e-10,501.2367712581468,2.1479157449919837e-11,4.76837158203125e-07,2.663161087212984e-07,3.43360427517297e-07,0.3130702845402871,0.4184410274028778,0.2151470184326172,0.09835562109947205,0.0,0.25498074293136597,-0.041278086602687836,0.9997692704200745,0.14909686148166656,2.4443955421447754,1.6854766607284546,0.7419609|0.2232348|0.0348043|0.0000000|0.0000000|0.0000000|0.0000000|0.0000000|0.0000000|0.0000000,0,0.741960883140564,18.41301389743414,0,0,0,0,0,
cross_town,Town02,mixed,3,221,11.05,-7.447046279907227,219.40994262695312,0.22167754173278809,89.98705291748047,1.0766143529545502e-10,501.2367712581468,2.1479157449919837e-11,4.76837158203125e-07,2.663161087212984e-07,1.1673165829301826e-06,0.32396428149466266,0.372563898563385,0.4419071078300476,-0.26429054141044617,0.0,0.3349807560443878,-0.12127808481454849,0.9183840155601501,0.15072715282440186,0.9544204473495483,1.8430845737457275,0.7375548|0.2252291|0.0372160|0.0000000|0.0000000|0.0000000|0.0000000|0.0000000|0.0000000|0.0000000,0,0.7375548481941223,18.434207732024365,0,0,0,0,0,
cross_town,Town02,mixed,3,222,11.1,-7.447046279907227,219.40994262695312,0.22167754173278809,89.98705291748047,1.0766143529545502e-10,501.2367712581468,2.1479157449919837e-11,4.76837158203125e-07,2.663161087212984e-07,1.9914282334128095e-06,0.3185183806949827,0.41920405626296997,0.22597450017929077,0.09521207213401794,0.0,0.25498074293136597,-0.041278086602687836,0.9998455047607422,0.15149500966072083,2.5423998832702637,1.704333782196045,0.7405991|0.2216221|0.0377788|0.0000000|0.0000000|0.0000000|0.0000000|0.0000000|0.0000000|0.0000000,0,0.7405990958213806,18.4581167446558,0,0,0,0,0,
cross_town,Town02,mixed,3,223,11.15,-7.447046279907227,219.40994262695312,0.22167754173278809,89.98705291748047,1.0766143529545502e-10,501.2367712581468,2.1479157449919837e-11,4.76837158203125e-07,2.663161087212984e-07,1.3145163753130205e-06,0.3211807924506314,0.24925649166107178,0.37028566002845764,-0.29852035641670227,0.0,0.3349807560443878,-0.12127808481454849,0.9996801614761353,0.14697717130184174,2.36484956741333,1.6694002151489258,0.7680500|0.2319500|0.0000000|0.0000000|0.0000000|0.0000000|0.0000000|0.0000000|0.0000000|0.0000000,0,0.7680500149726868,18.48478002838447,0,0,0,0,0,
cross_town,Town02,mixed,3,224,11.2,-7.447046279907227,219.40994262695312,0.22167754173278809,89.98705291748047,1.0766143529545502e-10,501.2367712581468,2.1479157449919837e-11,4.76837158203125e-07,2.663161087212984e-07,3.5041994252386585e-06,0.32368215277966605,0.3750379681587219,0.22800016403198242,0.08622408658266068,0.0,0.25498074293136597,-0.041278086602687836,0.9999649524688721,0.1478716880083084,2.917248249053955,1.6489876508712769,0.7698344|0.2301656|0.0000000|0.0000000|0.0000000|0.0000000|0.0000000|0.0000000|0.0000000|0.0000000,0,0.7698343992233276,18.514294898909906,0,0,0,0,0,
cross_town,Town02,mixed,3,225,11.25,-7.447046279907227,219.40994262695312,0.22167754173278809,89.98705291748047,1.0766143529545502e-10,501.2367712581468,2.1479157449919837e-11,4.76837158203125e-07,2.663161087212984e-07,4.190433082718682e-06,0.3542447321581079,0.34928423166275024,0.5309549570083618,-0.051224879920482635,0.0,0.3349807560443878,-0.051224879920482635,0.7913975715637207,0.13576877117156982,0.6975738406181335,1.9850304126739502,0.9483885|0.0516116|0.0000000|0.0000000|0.0000000|0.0000000|0.0000000|0.0000000|0.0000000|0.0000000,0,0.9483884572982788,18.546710475045128,0,0,0,0,0,
cross_town,Town02,mixed,3,226,11.3,-7.447046279907227,219.40994262695312,0.22167754173278809,89.98705291748047,1.0766143529545502e-10,501.2367712581468,2.1479157449919837e-11,4.76837158203125e-07,2.663161087212984e-07,3.4710899307810476e-06,0.3382626891909694,0.5445846319198608,0.508012056350708,0.0702238380908966,0.0,0.25498074293136597,0.02877512015402317,0.8909618258476257,0.14923696219921112,0.8759140968322754,1.931882381439209,0.7760915|0.2239085|0.0000000|0.0000000|0.0000000|0.0000000|0.0000000|0.0000000|0.0000000|0.0000000,0,0.7760915160179138,18.582112029118278,0,0,0,0,0,
cross_town,Town02,mixed,3,227,11.35,-7.447046279907227,219.40994262695312,0.22167754173278809,89.98705291748047,1.0766143529545502e-10,501.2367712581468,2.1479157449919837e-11,4.76837158203125e-07,2.663161087212984e-07,5.767929859343362e-06,0.3908364291853472,0.5015334486961365,0.5894806981086731,-0.31029027700424194,0.0,0.3349807560443878,-0.051224879920482635,0.3740089535713196,0.1491079181432724,0.2221280038356781,2.023505687713623,0.7848932|0.2151068|0.0000000|0.0000000|0.0000000|0.0000000|0.0000000|0.0000000|0.0000000|0.0000000,0,0.7848932147026062,18.620579037411147,0,0,0,0,0,
cross_town,Town02,mixed,3,228,11.4,-7.447046279907227,219.40994262695312,0.22167754173278809,89.98705291748047,1.0766143529545502e-10,501.2367712581468,2.1479157449919837e-11,4.76837158203125e-07,2.663161087212984e-07,0.0,0.32848471463667406,0.0714288055896759,0.400339812040329,0.42398524284362793,0.0,0.400339812040329,0.02877512015402317,1.0,0.22480541467666626,7.164729118347168,-0.2719482183456421,1.0000000|0.0000000|0.0000000|0.0000000|0.0000000|0.0000000|0.0000000|0.0000000|0.0000000|0.0000000,0,1.0,18.66220750356094,0,0,0,0,0,
cross_town,Town02,mixed,3,229,11.45,-7.447046279907227,219.40994262695312,0.22167754173278809,89.98705291748047,1.0766143529545502e-10,501.2367712581468,2.1479157449919837e-11,4.76837158203125e-07,2.663161087212984e-07,8.239958273446019e-07,0.39204775386819934,0.7690975666046143,0.5315646529197693,-0.06677664816379547,0.0,0.32033979892730713,-0.051224879920482635,0.3643377125263214,0.13705261051654816,0.2238008975982666,2.9567832946777344,0.9526829|0.0473171|0.0000000|0.0000000|0.0000000|0.0000000|0.0000000|0.0000000|0.0000000|0.0000000,0,0.9526828527450562,18.707075060090887,0,0,0,0,0,
cross_town,Town02,mixed,3,230,11.5,-7.447046279907227,219.40994262695312,0.22167754173278809,89.98705291748047,1.0766143529545502e-10,501.2367712581468,2.1479157449919837e-11,4.76837158203125e-07,2.663161087212984e-07,1.6822878052864194e-06,0.3284725689873729,0.15421098470687866,0.585485577583313,0.161197230219841,0.0,0.400339812040329,0.02877512015402317,1.0,0.23787327110767365,7.454163551330566,0.12588739395141602,0.8380949|0.1619051|0.0000000|0.0000000|0.0000000|0.0000000|0.0000000|0.0000000|0.0000000|0.0000000,0,0.8380948901176453,18.75528187507751,0,0,0,0,0,
cross_town,Town02,mixed,3,231,11.55,-7.447046279907227,219.40994262695312,0.22167754173278809,89.98705291748047,1.0766143529545502e-10,501.2367712581468,2.1479157449919837e-11,4.76837158203125e-07,2.663161087212984e-07,2.471933630802639e-06,0.32846401736010467,0.19510188698768616,0.42006561160087585,-0.11817208677530289,0.0,0.42006561160087585,-0.051224879920482635,1.0,0.23721541464328766,12.206040382385254,-0.20233631134033203,0.8566468|0.1433532|0.0000000|0.0000000|0.0000000|0.0000000|0.0000000|0.0000000|0.0000000|0.0000000,0,0.8566467761993408,18.809095016455206,0,0,0,0,0,
cross_town,Town02,mixed,3,232,11.6,-7.447046279907227,219.40994262695312,0.22167754173278809,89.98705291748047,1.0766143529545502e-10,501.2367712581468,2.1479157449919837e-11,4.76837158203125e-07,2.663161087212984e-07,3.2272523006903693e-06,0.39273964214563195,0.8109697103500366,0.48666778206825256,0.35859471559524536,0.0,0.340065598487854,0.02877512015402317,0.357174277305603,0.1290733367204666,0.22401420772075653,3.121943950653076,1.0000000|0.0000000|0.0000000|0.0000000|0.0000000|0.0000000|0.0000000|0.0000000|0.0000000|0.0000000,0,1.0,18.87327481027685,0,0,0,0,0,
cross_town,Town02,mixed,3,233,11.65,-7.447046279907227,219.40994262695312,0.22167754173278809,89.98705291748047,1.0766143529545502e-10,501.2367712581468,2.1479157449919837e-11,4.76837158203125e-07,2.663161087212984e-07,2.4083521180863265e-06,0.3928996702068269,0.6901710629463196,0.583368718624115,-0.09425298869609833,0.0,0.26006558537483215,-0.051224879920482635,0.3555178940296173,0.15511536598205566,0.1961667239665985,2.6529383659362793,0.7653345|0.1959116|0.0387539|0.0000000|0.0000000|0.0000000|0.0000000|0.0000000|0.0000000|0.0000000,0,0.7653344869613647,18.935462332137764,0,0,0,0,0,
cross_town,Town02,mixed,3,234,11.7,-7.447046279907227,219.40994262695312,0.22167754173278809,89.98705291748047,1.0766143529545502e-10,501.2367712581468,2.1479157449919837e-11,4.76837158203125e-07,2.663161087212984e-07,4.669283994456951e-06,0.38526073199013217,0.6691519021987915,0.683334231376648,0.2898455560207367,0.0,0.340065598487854,0.02877512015402317,0.43186986446380615,0.1552523672580719,0.2761910557746887,2.4772300720214844,0.7650527|0.1968762|0.0380711|0.0000000|0.0000000|0.0000000|0.0000000|0.0000000|0.0000000|0.0000000,0,0.7650527358055115,19.02401983052641,0,0,0,0,0,
cross_town,Town02,mixed,3,235,11.75,-7.447046279907227,219.40994262695312,0.22167754173278809,89.98705291748047,1.0766143529545502e-10,501.2367712581468,2.1479157449919837e-11,4.76837158203125e-07,2.663161087212984e-07,3.95053741291891e-06,0.3984843058990908,0.7390239238739014,0.5831597447395325,-0.228929802775383,0.0,0.26006558537483215,-0.051224879920482635,0.299606055021286,0.136834055185318,0.15087231993675232,3.070525646209717,0.9538863|0.0461137|0.0000000|0.0000000|0.0000000|0.0000000|0.0000000|0.0000000|0.0000000|0.0000000,0,0.9538862705230713,19.13261886544976,0,0,0,0,0,
cross_town,Town02,mixed,3,236,11.8,-7.447046279907227,219.40994262695312,0.22167754173278809,89.98705291748047,1.0766143529545502e-10,501.2367712581468,2.1479157449919837e-11,4.76837158203125e-07,2.663161087212984e-07,4.705475498468142e-06,0.3862083954699513,0.6742700934410095,0.6832205057144165,0.29221782088279724,0.0,0.340065598487854,0.02877512015402317,0.422342449426651,0.15450075268745422,0.267208069562912,2.4975533485412598,0.7742282|0.1897916|0.0359802|0.0000000|0.0000000|0.0000000|0.0000000|0.0000000|0.0000000|0.0000000,0,0.7742282152175903,19.262050340959757,0,0,0,0,0,
cross_town,Town02,mixed,3,237,11.85,-7.447046279907227,219.40994262695312,0.22167754173278809,89.98705291748047,1.0766143529545502e-10,501.2367712581468,2.1479157449919837e-11,4.76837158203125e-07,2.663161087212984e-07,4.806822516435474e-07,0.36834716534259987,0.701251745223999,0.5677469968795776,-0.048963915556669235,0.0,0.26006558537483215,-0.048963915556669235,0.6052197813987732,0.1548147201538086,0.4520009160041809,2.5113511085510254,0.7734964|0.1893545|0.0371492|0.0000000|0.0000000|0.0000000|0.0000000|0.0000000|0.0000000|0.0000000,0,0.7734963893890381,19.411542496602937,0,0,0,0,0,
cross_town,Town02,mixed,3,238,11.9,-7.447046279907227,219.40994262695312,0.22167754173278809,89.98705291748047,1.0766143529545502e-10,501.2367712581468,2.1479157449919837e-11,4.76837158203125e-07,2.663161087212984e-07,1.3046435057230662e-06,0.3848930924616074,0.6682091951370239,0.6807717680931091,0.2776881456375122,0.0,0.340065598487854,0.03103608451783657,0.4354674518108368,0.15461011230945587,0.28049540519714355,2.4745988845825195,0.7777896|0.1838675|0.0383429|0.0000000|0.0000000|0.0000000|0.0000000|0.0000000|0.0000000|0.0000000,0,0.7777895927429199,19.59169275894394,0,0,0,0,0,
cross_town,Town02,mixed,3,239,11.95,-7.447046279907227,219.40994262695312,0.22167754173278809,89.98705291748047,1.0766143529545502e-10,501.2367712581468,2.1479157449919837e-11,4.76837158203125e-07,2.663161087212984e-07,2.1287158291179707e-06,0.3861112570798201,0.6923486590385437,0.5829160213470459,-0.06768551468849182,0.0,0.26006558537483215,-0.048963915556669235,0.42327645421028137,0.1550910919904709,0.2675745189189911,2.5977096557617188,0.7737512|0.1895395|0.0367094|0.0000000|0.0000000|0.0000000|0.0000000|0.0000000|0.0000000|0.0000000,0,0.7737511992454529,19.808362031181236,0,0,0,0,0,
cross_town,Town02,mixed,3,240,12.0,-7.447046279907227,219.40994262695312,0.22167754173278809,89.98705291748047,1.0766143529545502e-10,501.2367712581468,2.1479157449919837e-11,4.76837158203125e-07,2.663161087212984e-07,2.9526667383645e-06,0.40036185443757005,0.7270835638046265,0.7035335898399353,0.35614416003227234,0.0,0.1800655871629715,0.03103608451783657,0.280770480632782,0.1369183361530304,0.12792092561721802,3.19642972946167,0.9533636|0.0466364|0.0000000|0.0000000|0.0000000|0.0000000|0.0000000|0.0000000|0.0000000|0.0000000,0,0.9533635973930359,20.039770261190217,0,0,0,0,0,
cross_town,Town02,mixed,3,241,12.05,-7.447046279907227,219.40994262695312,0.22167754173278809,89.98705291748047,1.0766143529545502e-10,501.2367712581468,2.1479157449919837e-11,4.76837158203125e-07,2.663161087212984e-07,3.707968457382487e-06,0.33043909244946773,0.13177722692489624,0.4546394944190979,0.09983415901660919,0.0,0.26006558537483215,0.09983415901660919,1.0,0.24672916531562805,15.130910873413086,-0.749783992767334,0.8223872|0.1776128|0.0000000|0.0000000|0.0000000|0.0000000|0.0000000|0.0000000|0.0000000|0.0000000,0,0.8223872184753418,20.309413671571324,0,0,0,0,0,
cross_town,Town02,mixed,3,242,12.1,-7.447046279907227,219.40994262695312,0.22167754173278809,89.98705291748047,1.0766143529545502e-10,501.2367712581468,2.1479157449919837e-11,4.76837158203125e-07,2.663161087212984e-07,4.463283376733819e-06,0.3598970896041205,0.6683842539787292,0.6495914459228516,-0.3233485519886017,0.0,0.1800655871629715,0.019834158942103386,0.6854181289672852,0.15387065708637238,0.5408254861831665,2.6320695877075195,0.7921959|0.1680907|0.0397134|0.0000000|0.0000000|0.0000000|0.0000000|0.0000000|0.0000000|0.0000000,0,0.7921959161758423,20.603518510993002,0,0,0,0,0,
cross_town,Town02,mixed,3,243,12.15,-7.447046279907227,219.40994262695312,0.22167754173278809,89.98705291748047,1.0766143529545502e-10,501.2367712581468,2.1479157449919837e-11,4.76837158203125e-07,2.663161087212984e-07,3.7797417477271294e-06,0.40185048938140944,0.6552661061286926,0.7522847652435303,-0.09323886781930923,0.0,0.26006558537483215,-0.06016584113240242,0.265884131193161,0.13699394464492798,0.10910447686910629,3.4610815048217773,0.9529147|0.0470853|0.0000000|0.0000000|0.0000000|0.0000000|0.0000000|0.0000000|0.0000000|0.0000000,0,0.9529147148132324,20.91586737849704,0,0,0,0,0,
cross_town,Town02,mixed,3,244,12.2,-7.447046279907227,219.40994262695312,0.22167754173278809,89.98705291748047,1.0766143529545502e-10,501.2367712581468,2.1479157449919837e-11,4.76837158203125e-07,2.663161087212984e-07,6.042571113053578e-06,0.3883267617256257,0.6725090742111206,0.7005944848060608,0.3187164068222046,0.0,0.340065598487854,0.019834158942103386,0.4011214077472687,0.15425261855125427,0.24554868042469025,2.501101493835449,0.7929753|0.1657584|0.0412663|0.0000000|0.0000000|0.0000000|0.0000000|0.0000000|0.0000000|0.0000000,0,0.7929753065109253,21.29125454856504,0,0,0,0,0,
cross_town,Town02,mixed,3,245,12.25,-7.447046279907227,219.40994262695312,0.22167754173278809,89.98705291748047,1.0766143529545502e-10,501.2367712581468,2.1479157449919837e-11,4.76837158203125e-07,2.663161087212984e-07,1.3733164776479012e-07,0.3284389025006747,0.16330119967460632,0.008658885955810547,-0.3158022165298462,0.0,0.26006558537483215,-0.06016584113240242,1.0,0.29751986265182495,7.400630950927734,-0.11659437417984009,1.0000000|0.0000000|0.0000000|0.0000000|0.0000000|0.0000000|0.0000000|0.0000000|0.0000000|0.0000000,0,1.0,21.762191313669458,0,0,0,0,0,
cross_town,Town02,mixed,3,246,12.3,-7.447046279907227,219.40994262695312,0.22167754173278809,89.98705291748047,1.0766143529545502e-10,501.2367712581468,2.1479157449919837e-11,4.76837158203125e-07,2.663161087212984e-07,8.239778390021589e-07,0.3284389025008446,0.05189782381057739,0.5297150015830994,0.4604340195655823,0.0,0.340065598487854,0.019834158942103386,1.0,0.2533518373966217,12.143840789794922,-0.4320298433303833,0.7857150|0.2142850|0.0000000|0.0000000|0.0000000|0.0000000|0.0000000|0.0000000|0.0000000|0.0000000,0,0.7857150435447693,22.266702364303004,0,0,0,0,0,
cross_town,Town02,mixed,3,247,12.35,-7.447046279907227,219.40994262695312,0.22167754173278809,89.98705291748047,1.0766143529545502e-10,501.2367712581468,2.1479157449919837e-11,4.76837158203125e-07,2.663161087212984e-07,1.5106222905066493e-06,0.38366548815039275,0.7105187773704529,0.5770925283432007,-0.03808671981096268,0.0,0.26006558537483215,-0.03808671981096268,0.4842762053012848,0.1540527641773224,0.33021825551986694,2.5550408363342285,0.7989492|0.1610180|0.0400328|0.0000000|0.0000000|0.0000000|0.0000000|0.0000000|0.0000000|0.0000000,0,0.7989491820335388,22.787740501731548,0,0,0,0,0,
cross_town,Town02,mixed,3,248,12.4,-7.447046279907227,219.40994262695312,0.22167754173278809,89.98705291748047,1.0766143529545502e-10,501.2367712581468,2.1479157449919837e-11,4.76837158203125e-07,2.663161087212984e-07,2.197268298169339e-06,0.33617664610251363,0.16374605894088745,0.013726085424423218,-0.04035213962197304,0.0,0.1800655871629715,-0.04035213962197304,0.999360978603363,0.29751986265182495,2.041226625442505,-0.2976452112197876,1.0000000|0.0000000|0.0000000|0.0000000|0.0000000|0.0000000|0.0000000|0.0000000|0.0000000|0.0000000,0,1.0,23.328615588529104,0,0,0,0,0,
cross_town,Town02,mixed,3,249,12.45,-7.447046279907227,219.40994262695312,0.22167754173278809,89.98705291748047,1.0766143529545502e-10,501.2367712581468,2.1479157449919837e-11,4.76837158203125e-07,2.663161087212984e-07,2.8839143412112613e-06,0.3804411480462363,0.5986324548721313,0.755394697189331,0.2593385875225067,0.0,0.26006558537483215,0.03964785858988762,0.479977548122406,0.15437114238739014,0.3255957365036011,2.628641128540039,0.8007486|0.1556877|0.0435636|0.0000000|0.0000000|0.0000000|0.0000000|0.0000000|0.0000000|0.0000000,0,0.8007486462593079,23.891227913255825,0,0,0,0,0,
cross_town,Town02,mixed,3,250,12.5,-7.447046279907227,219.40994262695312,0.22167754173278809,89.98705291748047,1.0766143529545502e-10,501.2367712581468,2.1479157449919837e-11,4.76837158203125e-07,2.663161087212984e-07,3.57055983629449e-06,0.3848477253949454,0.6526419520378113,0.6487157344818115,-0.1002839058637619,0.0,0.1800655871629715,-0.04035213962197304,0.43591177463531494,0.15308132767677307,0.282476007938385,2.7054104804992676,0.8130478|0.1437410|0.0432112|0.0000000|0.0000000|0.0000000|0.0000000|0.0000000|0.0000000|0.0000000,0,0.8130478262901306,24.473519106510754,0,0,1,0,0,stuck
