protocol,town,weather,episode,t,sim_time_s,ego_x,ego_y,ego_z,ego_yaw_deg,route_s_m,route_remaining_m,route_completion_pct,cte_m,route_heading_rad,speed_kmh,reward,command_throttle,command_brake,command_steer,applied_throttle,applied_brake,applied_steer,sigma_bar,sigma_ale,sigma_epi,policy_entropy_proxy,attention,top_attention_index,top_attention_value,ttc_s,collision,off_route,timeout,red_light_violation,intervention,terminal_reason
cross_town,Town02,mixed,18,1,0.05,-7.449415683746338,208.91993713378906,0.15079757571220398,89.98705291748047,0.0,500.6872872837705,0.0,4.76837158203125e-07,2.663161087212984e-07,0.4665233731278354,0.4217520433255301,0.31312644481658936,0.03254178166389465,0.3603837192058563,0.05999999865889549,0.0,0.07999999821186066,1.0,0.2362009882926941,65.78861999511719,-1.0684655904769897,0.5282753|0.3440022|0.0831027|0.0446199|0.0000000|0.0000000|0.0000000|0.0000000|0.0000000|0.0000000,0,0.5282752513885498,,0,0,0,0,0,
cross_town,Town02,mixed,18,2,0.1,-7.449415683746338,208.91993713378906,0.161112442612648,89.98705291748047,0.0,500.6872872837705,0.0,4.76837158203125e-07,2.663161087212984e-07,0.8584078967571342,0.4217520433134594,0.3406049609184265,0.002122044563293457,0.17908495664596558,0.11999999731779099,0.0,0.1599999964237213,1.0,0.23785632848739624,82.35574340820312,-1.576348066329956,0.5217181|0.3057136|0.0903535|0.0822147|0.0000000|0.0000000|0.0000000|0.0000000|0.0000000|0.0000000,0,0.5217181444168091,,0,0,0,0,0,
cross_town,Town02,mixed,18,3,0.15,-7.449415683746338,208.91993713378906,0.17358183860778809,89.98705291748047,0.0,500.6872872837705,0.0,4.76837158203125e-07,2.663161087212984e-07,0.8940892696380625,0.42175204333127897,0.3664178252220154,0.0005482137203216553,0.36373841762542725,0.17999999225139618,0.0,0.23999999463558197,1.0,0.24167025089263916,73.18546295166016,-1.4285072088241577,0.4888909|0.3013324|0.0916280|0.0782897|0.0398589|0.0000000|0.0000000|0.0000000|0.0000000|0.0000000,0,0.48889094591140747,,0,0,0,0,0,
cross_town,Town02,mixed,18,4,0.2,-7.449415683746338,208.91993713378906,0.1851729154586792,89.98705291748047,0.0,500.6872872837705,0.0,4.76837158203125e-07,2.663161087212984e-07,0.7842065691947943,0.42175204333394617,0.039449095726013184,0.0010691285133361816,0.6925433874130249,0.11999998986721039,0.0,0.3199999928474426,1.0,0.25003018975257874,5.700129508972168,-1.039320468902588,0.8903047|0.1096953|0.0000000|0.0000000|0.0000000|0.0000000|0.0000000|0.0000000|0.0000000|0.0000000,0,0.890304684638977,,0,0,0,0,0,
cross_town,Town02,mixed,18,5,0.25,-7.449415683746338,208.91993713378906,0.19481006264686584,89.98705291748047,0.0,500.6872872837705,0.0,4.76837158203125e-07,2.663161087212984e-07,0.6321011245253358,0.42175205239283137,0.005463302135467529,0.1083417534828186,0.6970460414886475,0.0,0.07999999821186066,0.4000000059604645,0.9999998807907104,0.24132303893566132,4.289463043212891,0.32449841499328613,0.4893743|0.3057218|0.0831239|0.0859784|0.0358017|0.0000000|0.0000000|0.0000000|0.0000000|0.0000000,0,0.4893742799758911,,0,0,0,0,0,
cross_town,Town02,mixed,18,6,0.3,-7.44941520690918,208.91993713378906,0.20233973860740662,89.98705291748047,0.0,500.6872872837705,0.0,0.0,2.663161087212984e-07,0.48440802097321617,0.42175214707584824,0.02974274754524231,0.1224403977394104,-0.3329525887966156,0.0,0.1224403977394104,0.3199999928474426,1.0,0.2408328652381897,23.19059944152832,0.18680542707443237,0.5036516|0.2958271|0.0840369|0.0756682|0.0408163|0.0000000|0.0000000|0.0000000|0.0000000|0.0000000,0,0.5036515593528748,,0,0,0,0,0,
cross_town,Town02,mixed,18,7,0.35,-7.44941520690918,208.91993713378906,0.20799338817596436,89.98705291748047,0.0,500.6872872837705,0.0,0.0,2.663161087212984e-07,0.3589437246323492,0.42175214994130594,0.18234002590179443,0.16924530267715454,-0.2543374001979828,0.05999999865889549,0.0,0.23999999463558197,1.0,0.23861339688301086,19.129762649536133,0.3569953441619873,0.5053384|0.3157055|0.0920399|0.0869162|0.0000000|0.0000000|0.0000000|0.0000000|0.0000000|0.0000000,0,0.5053383708000183,,0,0,0,0,0,
cross_town,Town02,mixed,18,8,0.4,-7.44941520690918,208.91993713378906,0.21212264895439148,89.98705291748047,0.0,500.6872872837705,0.0,0.0,2.663161087212984e-07,0.25964510142804487,0.42175214994153365,0.1137341856956482,0.04160502552986145,0.3990674316883087,0.1137341856956482,0.0,0.3199999928474426,1.0,0.241568922996521,46.426536560058594,0.28041863441467285,0.4878269|0.3051825|0.0875212|0.0789399|0.0405295|0.0000000|0.0000000|0.0000000|0.0000000|0.0000000,0,0.4878268539905548,,0,0,0,0,0,
cross_town,Town02,mixed,18,9,0.45,-7.44941520690918,208.91993713378906,0.21507754921913147,89.98705291748047,0.0,500.6872872837705,0.0,0.0,2.663161087212984e-07,0.18444935828458817,0.4217521947650367,0.007523447275161743,0.12032517790794373,0.5091820955276489,0.0,0.07999999821186066,0.4000000059604645,0.9999995231628418,0.2359331101179123,3.8890488147735596,0.29065805673599243,0.5486566|0.3234116|0.0879425|0.0399895|0.0000000|0.0000000|0.0000000|0.0000000|0.0000000|0.0000000,0,0.5486565828323364,,0,0,0,0,0,
cross_town,Town02,mixed,18,10,0.5,-7.44941520690918,208.91993713378906,0.2171591967344284,89.98705291748047,0.0,500.6872872837705,0.0,0.0,2.663161087212984e-07,0.12919026017189852,0.42705592883993126,0.04692539572715759,0.1000552773475647,-0.4169214963912964,0.0,0.1000552773475647,0.3199999928474426,0.947045624256134,0.2642940878868103,0.9566852450370789,-0.010418176651000977,0.6133168|0.1646513|0.1448375|0.0771945|0.0000000|0.0000000|0.0000000|0.0000000|0.0000000|0.0000000,0,0.6133167743682861,,0,0,0,0,0,
cross_town,Town02,mixed,18,11,0.55,-7.44941520690918,208.91993713378906,0.21860744059085846,89.98705291748047,0.0,500.6872872837705,0.0,0.0,2.663161087212984e-07,0.08946262747090321,0.42182217853915266,0.04027774930000305,0.2421000599861145,-0.08110946416854858,0.0,0.18005527555942535,0.23999999463558197,1.0,0.30053770542144775,16.451854705810547,-0.006974577903747559,0.4346453|0.3719156|0.1934391|0.0000000|0.0000000|0.0000000|0.0000000|0.0000000|0.0000000|0.0000000,0,0.43464532494544983,,0,0,0,0,0,
cross_town,Town02,mixed,18,12,0.6,-7.44941520690918,208.91993713378906,0.21960490942001343,89.98705291748047,0.0,500.6872872837705,0.0,0.0,2.663161087212984e-07,0.06137875914597563,0.42192911984593434,0.21487265825271606,0.4606979489326477,-0.18840305507183075,0.0,0.260055273771286,0.1599999964237213,1.0,0.23762820661067963,17.899967193603516,0.4051936864852905,0.5229422|0.3094354|0.0923064|0.0753160|0.0000000|0.0000000|0.0000000|0.0000000|0.0000000|0.0000000,0,0.5229422450065613,207.75997511385202,0,0,0,0,0,
cross_town,Town02,mixed,18,13,0.65,-7.44941520690918,208.91993713378906,0.22028613090515137,89.98705291748047,0.0,500.6872872837705,0.0,0.0,2.663161087212984e-07,0.041777983680444074,0.4220703477619872,0.23784956336021423,0.5910273194313049,0.38408488035202026,0.0,0.34005528688430786,0.23999999463558197,0.999998927116394,0.2414010763168335,3.704052686691284,0.4003027677536011,0.4966885|0.2985952|0.0904373|0.0749839|0.0392950|0.0000000|0.0000000|0.0000000|0.0000000|0.0000000,0,0.49668851494789124,76.04236990618534,0,0,0,0,0,
cross_town,Town02,mixed,18,14,0.7,-7.44941520690918,208.91993713378906,0.22074805200099945,89.98705291748047,0.0,500.6872872837705,0.0,0.0,2.663161087212984e-07,0.028249488026162384,0.4222371280417594,0.34806087613105774,0.47141578793525696,-0.12371034175157547,0.0,0.4200552999973297,0.1599999964237213,1.0,0.2418248951435089,7.667730808258057,1.062402606010437,0.4920828|0.3014527|0.0868636|0.0789565|0.0406445|0.0000000|0.0000000|0.0000000|0.0000000|0.0000000,0,0.49208277463912964,48.57494659521377,0,0,0,0,0,
cross_town,Town02,mixed,18,15,0.75,-7.44941520690918,208.91993713378906,0.22105933725833893,89.98705291748047,0.0,500.6872872837705,0.0,0.0,2.663161087212984e-07,0.018991104327277415,0.42242684350196646,0.5028244256973267,0.5618451833724976,-0.1938217282295227,0.0,0.5000553131103516,0.07999999821186066,0.9999992847442627,0.2643967568874359,3.791857957839966,0.141099214553833,0.6098112|0.1567700|0.1600479|0.0733709|0.0000000|0.0000000|0.0000000|0.0000000|0.0000000|0.0000000,0,0.6098111867904663,35.75116931135382,0,0,0,0,0,
cross_town,Town02,mixed,18,16,0.8,-7.44941520690918,208.91993713378906,0.22126799821853638,89.98705291748047,0.0,500.6872872837705,0.0,0.0,2.663161087212984e-07,0.012704383592954966,0.4226365252737306,0.2285183072090149,0.6796783804893494,0.25584858655929565,0.0,0.580055296421051,0.1599999964237213,0.9999998807907104,0.23945870995521545,4.3230814933776855,1.3725512027740479,0.4999346|0.3230633|0.0891564|0.0878457|0.0000000|0.0000000|0.0000000|0.0000000|0.0000000|0.0000000,0,0.4999346435070038,29.057171469821693,0,0,0,0,0,
cross_town,Town02,mixed,18,17,0.85,-7.44941520690918,208.91993713378906,0.2214072048664093,89.98705291748047,0.0,500.6872872837705,0.0,0.0,2.663161087212984e-07,0.0084624935139002,0.42287165494004014,0.23738223314285278,0.5841022729873657,-0.03227188065648079,0.0,0.5841022729873657,0.07999999821186066,0.9999266862869263,0.24255439639091492,2.6377978324890137,1.0893573760986328,0.4926231|0.2980660|0.0893087|0.0823187|0.0376834|0.0000000|0.0000000|0.0000000|0.0000000|0.0000000,0,0.49262312054634094,24.71490037733561,0,0,0,0,0,
cross_town,Town02,mixed,18,18,0.9,-7.44941520690918,208.91993713378906,0.2214072048664093,89.98705291748047,0.0,500.6872872837705,0.0,0.0,2.663161087212984e-07,0.0,0.4231088362599039,0.6652427315711975,0.08480656147003174,-0.30830612778663635,0.0,0.5041022896766663,-1.7881393032936899e-09,1.0,0.252901554107666,4.641546249389648,0.22129875421524048,0.7905135|0.2094865|0.0000000|0.0000000|0.0000000|0.0000000|0.0000000|0.0000000|0.0000000|0.0000000,0,0.7905134558677673,21.525049941075793,0,0,0,0,0,
cross_town,Town02,mixed,18,19,0.95,-7.44941520690918,208.91993713378906,0.22150881588459015,89.98705291748047,0.0,500.6872872837705,0.0,0.0,2.663161087212984e-07,0.0021906051552729486,0.42336892748460003,0.27596765756607056,0.703190803527832,0.4782428443431854,0.0,0.5841022729873657,0.07999999821186066,1.0,0.2350517213344574,6.009446620941162,1.4474151134490967,0.5424541|0.3588500|0.0986960|0.0000000|0.0000000|0.0000000|0.0000000|0.0000000|0.0000000|0.0000000,0,0.5424540638923645,19.16085893365694,0,0,0,0,0,
cross_town,Town02,mixed,18,20,1.0,-7.44941520690918,208.91993713378906,0.22154201567173004,89.98705291748047,0.0,500.6872872837705,0.0,0.0,2.663161087212984e-07,0.002423206322202693,0.4236436424088035,0.24501103162765503,0.668410062789917,0.3723256289958954,0.0,0.6641022562980652,0.1599999964237213,1.0,0.2390817403793335,7.712162971496582,1.4727709293365479,0.5133619|0.3521520|0.0902450|0.0442412|0.0000000|0.0000000|0.0000000|0.0000000|0.0000000|0.0000000,0,0.5133618712425232,17.3289636726601,0,0,0,0,0,
cross_town,Town02,mixed,18,21,1.05,-7.44941520690918,208.91993713378906,0.22157397866249084,89.98705291748047,0.0,500.6872872837705,0.0,0.0,2.663161087212984e-07,0.002178588866856508,0.42393212667621166,0.17486733198165894,0.398104190826416,-0.07884948700666428,0.0,0.5841022729873657,0.07999999821186066,1.0,0.2396669089794159,5.159712314605713,1.2186572551727295,0.5144805|0.3476550|0.0919914|0.0458731|0.0000000|0.0000000|0.0000000|0.0000000|0.0000000|0.0000000,0,0.5144805312156677,15.872930754601411,0,0,0,0,0,
cross_town,Town02,mixed,18,22,1.1,-7.44941520690918,208.91993713378906,0.22160102427005768,89.98705291748047,0.0,500.6872872837705,0.0,0.0,2.663161087212984e-07,0.0017798881321538246,0.42423350546265254,0.25353872776031494,0.674078106880188,0.37685054540634155,0.0,0.6641022562980652,0.1599999964237213,1.0,0.2403525859117508,8.259819030761719,1.4758623838424683,0.4912105|0.3726247|0.0933182|0.0428466|0.0000000|0.0000000|0.0000000|0.0000000|0.0000000|0.0000000,0,0.4912104904651642,14.681886024697446,0,0,0,0,0,
cross_town,Town02,mixed,18,23,1.15,-7.44941520690918,208.91993713378906,0.22162239253520966,89.98705291748047,0.0,500.6872872837705,0.0,0.0,2.663161087212984e-07,0.0013750762562915182,0.4245469687244983,0.23615431785583496,0.49379751086235046,-0.1971479207277298,0.0,0.5841022729873657,0.07999999821186066,1.0,0.2451583594083786,5.745845317840576,1.321506142616272,0.4642159|0.3244720|0.0840790|0.0854084|0.0418248|0.0000000|0.0000000|0.0000000|0.0000000|0.0000000,0,0.4642159342765808,13.687580779741296,0,0,0,0,0,
cross_town,Town02,mixed,18,24,1.2,-7.44941520690918,208.91993713378906,0.2216385155916214,89.98705291748047,0.0,500.6872872837705,0.0,0.0,2.663161087212984e-07,0.001025264757076042,0.4248716569335699,0.10999760031700134,0.3863879442214966,0.6399480104446411,0.0,0.5041022896766663,0.1599999964237213,1.0,0.24816811084747314,15.525688171386719,0.670580267906189,0.6774769|0.1317082|0.1300503|0.0607646|0.0000000|0.0000000|0.0000000|0.0000000|0.0000000|0.0000000,0,0.6774768829345703,12.843880997063202,0,0,0,0,0,
cross_town,Town02,mixed,18,25,1.25,-7.44941520690918,208.91993713378906,0.22165034711360931,89.98705291748047,0.0,500.6872872837705,0.0,0.0,2.663161087212984e-07,0.0007446670323371525,0.42817771541069494,0.2506638169288635,0.5666035413742065,0.09735653549432755,0.0,0.5666035413742065,0.09735653549432755,1.0,0.24339145421981812,7.319358825683594,1.2051525115966797,0.4734664|0.3392053|0.0948168|0.0925116|0.0000000|0.0000000|0.0000000|0.0000000|0.0000000|0.0000000,0,0.4734663665294647,12.118200849527298,0,0,0,0,0,
cross_town,Town02,mixed,18,26,1.3,-7.44941520690918,208.91993713378906,0.221658855676651,89.98705291748047,0.0,500.6872872837705,0.0,0.0,2.663161087212984e-07,0.0005333175541497784,0.42594600056218673,0.5347235202789307,0.5889958143234253,-0.11176443099975586,0.0,0.5889958143234253,0.01735653541982174,0.9960544109344482,0.26415735483169556,1.618644118309021,0.7413846254348755,0.5952563|0.1808062|0.1508882|0.0730493|0.0000000|0.0000000|0.0000000|0.0000000|0.0000000|0.0000000,0,0.5952562689781189,11.486748533284754,0,0,0,0,0,
cross_town,Town02,mixed,18,27,1.35,-7.44941520690918,208.91993713378906,0.22166137397289276,89.98705291748047,0.0,500.6872872837705,0.0,0.0,2.663161087212984e-07,0.0001640052856527839,0.42590487793149384,0.07981032133102417,0.6816079616546631,0.6040430068969727,0.0,0.6689957976341248,0.09735653549432755,1.0,0.23890940845012665,15.88011646270752,0.6036841869354248,0.8135265|0.1864735|0.0000000|0.0000000|0.0000000|0.0000000|0.0000000|0.0000000|0.0000000|0.0000000,0,0.8135265111923218,10.931748743668924,0,0,0,0,0,
cross_town,Town02,mixed,18,28,1.4,-7.44941520690918,208.91993713378906,0.2216641902923584,89.98705291748047,0.0,500.6872872837705,0.0,0.0,2.663161087212984e-07,0.00022096252655769095,0.42626610057568387,0.20338547229766846,0.4887544810771942,0.2970961630344391,0.0,0.5889958143234253,0.1773565411567688,1.0,0.24419182538986206,9.591707229614258,1.066723346710205,0.4991976|0.3490309|0.1001047|0.0516668|0.0000000|0.0000000|0.0000000|0.0000000|0.0000000|0.0000000,0,0.4991976320743561,10.43961136163492,0,0,0,0,0,
cross_town,Town02,mixed,18,29,1.45,-7.44941520690918,208.91993713378906,0.22166724503040314,89.98705291748047,0.0,500.6872872837705,0.0,0.0,2.663161087212984e-07,0.00021368407476314737,0.42663352411503175,0.09395703673362732,0.3766831159591675,0.3120783865451813,0.0,0.5089958310127258,0.25735655426979065,1.0,0.2954460680484772,10.182541847229004,0.08561444282531738,1.0000000|0.0000000|0.0000000|0.0000000|0.0000000|0.0000000|0.0000000|0.0000000|0.0000000|0.0000000,0,1.0,9.999776096547047,0,0,0,0,0,
cross_town,Town02,mixed,18,30,1.5,-7.44941520690918,208.91993713378906,0.22166995704174042,89.98705291748047,0.0,500.6872872837705,0.0,0.0,2.663161087212984e-07,0.0001796951426722459,0.4270361254287911,0.5467316508293152,0.15017229318618774,-0.6452374458312988,0.0,0.428995817899704,0.17735655605793,0.9996665716171265,0.2632874846458435,2.23813533782959,0.7833086252212524,0.6001625|0.1794601|0.1471185|0.0732589|0.0000000|0.0000000|0.0000000|0.0000000|0.0000000|0.0000000,0,0.6001625061035156,9.603909321687318,0,0,0,0,0,
cross_town,Town02,mixed,18,31,1.55,-7.44941520690918,208.91993713378906,0.22167213261127472,89.98705291748047,0.0,500.6872872837705,0.0,0.0,2.663161087212984e-07,0.000142135619543281,0.4273647422947883,0.5281535983085632,0.483646959066391,-0.4366522431373596,0.0,0.34899580478668213,0.09735655784606934,1.0,0.2507745921611786,6.2234063148498535,0.3592824935913086,0.8777552|0.1222448|0.0000000|0.0000000|0.0000000|0.0000000|0.0000000|0.0000000|0.0000000|0.0000000,0,0.8777551651000977,9.245234177801418,0,0,0,0,0,
cross_town,Town02,mixed,18,32,1.6,-7.44941520690918,208.91993713378906,0.22167380154132843,89.98705291748047,0.0,500.6872872837705,0.0,0.0,2.663161087212984e-07,0.00010972594903270188,0.4277119480120165,0.05572584271430969,0.35123518109321594,0.7508248090744019,0.0,0.35123518109321594,0.17735655605793,1.0,0.2583463788032532,8.764307022094727,0.8027624487876892,0.5924167|0.1876759|0.1455458|0.0743617|0.0000000|0.0000000|0.0000000|0.0000000|0.0000000|0.0000000,0,0.5924167037010193,8.924219786301279,0,0,0,0,0,
cross_town,Town02,mixed,18,33,1.65,-7.44941520690918,208.91993713378906,0.2216750681400299,89.98705291748047,0.0,500.6872872837705,0.0,0.0,2.663161087212984e-07,7.947922448295863e-05,0.4280430848221281,0.1988305151462555,0.7923333048820496,-0.15283386409282684,0.0,0.4312351942062378,0.09735655784606934,1.0,0.2942782938480377,8.261281967163086,1.069380521774292,0.4905103|0.3334728|0.1760169|0.0000000|0.0000000|0.0000000|0.0000000|0.0000000|0.0000000|0.0000000,0,0.4905102849006653,9.003282802962648,0,0,0,0,0,
cross_town,Town02,mixed,18,34,1.7,-7.44941520690918,208.91993713378906,0.2216750681400299,89.98705291748047,0.0,500.6872872837705,0.0,0.0,2.663161087212984e-07,5.469143493243123e-05,0.4283606800293895,0.045213520526885986,0.1425815224647522,0.7297675609588623,0.0,0.35123518109321594,0.17735655605793,1.0,0.25447365641593933,17.371183395385742,0.8516929149627686,0.7209464|0.1831188|0.0959348|0.0000000|0.0000000|0.0000000|0.0000000|0.0000000|0.0000000|0.0000000,0,0.7209464311599731,8.977085442126723,0,0,0,0,0,
cross_town,Town02,mixed,18,35,1.75,-7.44941520690918,208.91993713378906,0.22167640924453735,89.98705291748047,0.0,500.6872872837705,0.0,0.0,2.663161087212984e-07,7.622508149996157e-06,0.43502527804868824,0.23438239097595215,0.38979068398475647,0.14417491853237152,0.0,0.38979068398475647,0.14417491853237152,1.0,0.25364798307418823,6.666836738586426,0.8760260343551636,0.3777767|0.3499639|0.1321808|0.0931238|0.0469548|0.0000000|0.0000000|0.0000000|0.0000000|0.0000000,0,0.37777671217918396,9.007786025460872,0,0,0,0,0,
cross_town,Town02,mixed,18,36,1.8,-7.44941520690918,208.91993713378906,0.22167640924453735,89.98705291748047,0.0,500.6872872837705,0.0,0.0,2.663161087212984e-07,1.9775872868260265e-05,0.4289626219028244,0.21463918685913086,0.36491358280181885,0.23888668417930603,0.0,0.36491358280181885,0.22417491674423218,1.0,0.250779390335083,9.647577285766602,0.8048140406608582,0.4051324|0.3576579|0.1414926|0.0957170|0.0000000|0.0000000|0.0000000|0.0000000|0.0000000|0.0000000,0,0.4051324129104614,8.82102724496644,0,0,0,0,0,
cross_town,Town02,mixed,18,37,1.85,-7.44941520690918,208.91993713378906,0.22167640924453735,89.98705291748047,0.0,500.6872872837705,0.0,0.0,2.663161087212984e-07,2.073670823876361e-05,0.4292499343406093,0.12966501712799072,0.2793452739715576,0.33513450622558594,0.0,0.284913569688797,0.30417492985725403,1.0,0.26128461956977844,9.944372177124023,1.535554051399231,0.5799184|0.2070825|0.1363148|0.0766843|0.0000000|0.0000000|0.0000000|0.0000000|0.0000000|0.0000000,0,0.579918384552002,8.816479727704408,0,0,0,0,0,
cross_town,Town02,mixed,18,38,1.9,-7.44941520690918,208.91993713378906,0.22167640924453735,89.98705291748047,0.0,500.6872872837705,0.0,0.0,2.663161087212984e-07,1.8506817462965363e-05,0.4295291150217533,0.17620182037353516,0.24497947096824646,-0.34865427017211914,0.0,0.24497947096824646,0.22417493164539337,1.0,0.2586152255535126,12.358006477355957,0.7143236994743347,0.7270908|0.1743528|0.0985564|0.0000000|0.0000000|0.0000000|0.0000000|0.0000000|0.0000000|0.0000000,0,0.7270907759666443,8.81786140360594,0,0,0,0,0,
cross_town,Town02,mixed,18,39,1.95,-7.44941520690918,208.91993713378906,0.22167640924453735,89.98705291748047,0.0,500.6872872837705,0.0,0.0,2.663161087212984e-07,1.799041092569147e-05,0.4296211723975452,0.43807265162467957,0.14942112565040588,-0.5924887657165527,0.0,0.1649794727563858,0.14417493343353271,1.0,0.25768864154815674,5.741599082946777,0.018124938011169434,0.6480748|0.2613338|0.0905914|0.0000000|0.0000000|0.0000000|0.0000000|0.0000000|0.0000000|0.0000000,0,0.6480748057365417,8.719533640811829,0,0,0,0,0,
cross_town,Town02,mixed,18,40,2.0,-7.44941520690918,208.91993713378906,0.22167754173278809,89.98705291748047,0.0,500.6872872837705,0.0,0.0,2.663161087212984e-07,1.4765107732295897e-05,0.43694631564141223,0.2582680284976959,0.5934746265411377,0.16137126088142395,0.0,0.24497947096824646,0.16137126088142395,1.0,0.25976985692977905,10.116941452026367,-0.023208141326904297,0.7127399|0.1725262|0.1147339|0.0000000|0.0000000|0.0000000|0.0000000|0.0000000|0.0000000|0.0000000,0,0.712739884853363,8.534648178951096,0,0,0,0,0,
cross_town,Town02,mixed,18,41,2.05,-7.44941520690918,208.91993713378906,0.22167754173278809,89.98705291748047,0.0,500.6872872837705,0.0,0.0,2.663161087212984e-07,7.692532628805341e-06,0.42962117239583264,0.06314566731452942,0.36467617750167847,0.5228506922721863,0.0,0.3249794840812683,0.2413712590932846,1.0,0.2600926160812378,7.833647727966309,0.49125349521636963,0.5795236|0.2741150|0.1463613|0.0000000|0.0000000|0.0000000|0.0000000|0.0000000|0.0000000|0.0000000,0,0.5795236229896545,8.460480927416912,0,0,0,0,0,
cross_town,Town02,mixed,18,42,2.1,-7.44941520690918,208.91993713378906,0.22167754173278809,89.98705291748047,0.0,500.6872872837705,0.0,0.0,2.663161087212984e-07,5.563309678596698e-06,0.4296211723961372,0.34705978631973267,0.25255027413368225,-0.0695791020989418,0.0,0.24497948586940765,0.16137126088142395,1.0,0.2566510736942291,15.689214706420898,1.0941295623779297,0.3533581|0.3385029|0.1714200|0.0883498|0.0483691|0.0000000|0.0000000|0.0000000|0.0000000|0.0000000,0,0.3533581495285034,8.487900341234084,0,0,0,0,0,
cross_town,Town02,mixed,18,43,2.15,-7.44941520690918,208.91993713378906,0.22167754173278809,89.98705291748047,0.0,500.6872872837705,0.0,0.0,2.663161087212984e-07,4.470576180041033e-06,0.4348588594471745,0.2773033380508423,0.21430304646492004,0.20648512244224548,0.0,0.164979487657547,0.20648512244224548,1.0,0.25398343801498413,11.440370559692383,-0.043439626693725586,0.3798957|0.3399946|0.1871395|0.0929701|0.0000000|0.0000000|0.0000000|0.0000000|0.0000000|0.0000000,0,0.37989574670791626,8.41078178936849,0,0,0,0,0,
cross_town,Town02,mixed,18,44,2.2,-7.44941520690918,208.91993713378906,0.22167754173278809,89.98705291748047,0.0,500.6872872837705,0.0,0.0,2.663161087212984e-07,2.162935333953885e-06,0.4296211695356188,0.076382577419281,0.32227933406829834,0.4478110671043396,0.0,0.24497948586940765,0.28648513555526733,1.0,0.26142454147338867,7.5684404373168945,0.6082671880722046,0.5598820|0.3004614|0.1396567|0.0000000|0.0000000|0.0000000|0.0000000|0.0000000|0.0000000|0.0000000,0,0.5598819851875305,8.13830591853184,0,0,0,0,0,
cross_town,Town02,mixed,18,45,2.25,-7.44941520690918,208.91993713378906,0.22167754173278809,89.98705291748047,0.0,500.6872872837705,0.0,0.0,2.663161087212984e-07,3.2999720971440118e-06,0.42962117239808123,0.1581948697566986,0.10255619883537292,-0.09417248517274857,0.0,0.164979487657547,0.20648513734340668,1.0,0.25368788838386536,12.569112777709961,0.6196498870849609,0.3985294|0.3425255|0.2015638|0.0573814|0.0000000|0.0000000|0.0000000|0.0000000|0.0000000|0.0000000,0,0.39852938055992126,8.1760499437671,0,0,0,0,0,
cross_town,Town02,mixed,18,46,2.3,-7.44941520690918,208.91993713378906,0.22167754173278809,89.98705291748047,0.0,500.6872872837705,0.0,0.0,2.663161087212984e-07,7.348124311711678e-06,0.4296211723973981,0.28187406063079834,0.22489207983016968,-0.10644476860761642,0.0,0.08497948944568634,0.12648513913154602,1.0,0.25430727005004883,17.89752960205078,0.1847379207611084,0.3943745|0.3193886|0.1991401|0.0870968|0.0000000|0.0000000|0.0000000|0.0000000|0.0000000|0.0000000,0,0.39437445998191833,8.12188336778373,0,0,0,0,0,
cross_town,Town02,mixed,18,47,2.35,-7.44941520690918,208.91993713378906,0.22167754173278809,89.98705291748047,0.0,500.6872872837705,0.0,0.0,2.663161087212984e-07,6.660462738286945e-06,0.42962275788108856,0.09531551599502563,0.18790030479431152,0.5266517996788025,0.0,0.164979487657547,0.20648513734340668,0.9999841451644897,0.2676789164543152,2.995121479034424,-0.33989858627319336,0.4712745|0.3076139|0.1388696|0.0822419|0.0000000|0.0000000|0.0000000|0.0000000|0.0000000|0.0000000,0,0.4712744951248169,8.035203176692818,0,0,0,0,0,
cross_town,Town02,mixed,18,48,2.4,-7.44941520690918,208.91993713378906,0.22167754173278809,89.98705291748047,0.0,500.6872872837705,0.0,0.0,2.663161087212984e-07,5.458833777139801e-06,0.42962117239808123,0.21873828768730164,0.2639288902282715,-0.10668768733739853,0.0,0.24497948586940765,0.12648513913154602,1.0,0.2585224211215973,20.00589370727539,0.13934326171875,0.3572664|0.3008286|0.1979091|0.0862186|0.0577773|0.0000000|0.0000000|0.0000000|0.0000000|0.0000000,0,0.3572664260864258,8.004343060958314,0,0,0,0,0,
cross_town,Town02,mixed,18,49,2.45,-7.44941520690918,208.91993713378906,0.22167754173278809,89.98705291748047,0.0,500.6872872837705,0.0,0.0,2.663161087212984e-07,6.729131450039962e-06,0.4296211723981361,0.03560298681259155,0.05575716495513916,0.45852816104888916,0.0,0.164979487657547,0.20648513734340668,1.0,0.2685880661010742,21.1361141204834,0.597491979598999,0.6813892|0.1967678|0.1218430|0.0000000|0.0000000|0.0000000|0.0000000|0.0000000|0.0000000|0.0000000,0,0.6813892126083374,8.165643031592587,0,0,0,0,0,
cross_town,Town02,mixed,18,50,2.5,-7.44941520690918,208.91993713378906,0.22167754173278809,89.98705291748047,0.0,500.6872872837705,0.0,0.0,2.663161087212984e-07,4.840872991480778e-06,0.4296249380152944,0.13993901014328003,0.18063199520111084,0.3791525065898895,0.0,0.18063199520111084,0.28648513555526733,1.0,0.26798030734062195,14.948713302612305,0.39256513118743896,0.4587824|0.3269270|0.1327948|0.0814958|0.0000000|0.0000000|0.0000000|0.0000000|0.0000000|0.0000000,0,0.4587824046611786,9.659644546336006,0,0,0,0,0,
cross_town,Town02,mixed,18,51,2.55,-7.44941520690918,208.91993713378906,0.22167754173278809,89.98705291748047,0.0,500.6872872837705,0.0,0.0,2.663161087212984e-07,5.527505083437717e-06,0.4296579574594463,0.3475413918495178,0.21352338790893555,-0.529265284538269,0.0,0.10063199698925018,0.20648513734340668,0.9999868869781494,0.2566145658493042,3.0532796382904053,0.41732197999954224,0.5358032|0.3299187|0.1342781|0.0000000|0.0000000|0.0000000|0.0000000|0.0000000|0.0000000|0.0000000,0,0.5358031988143921,11.847426307199962,0,0,0,0,0,
cross_town,Town02,mixed,18,52,2.6,-7.44941520690918,208.91993713378906,0.22167754173278809,89.98705291748047,0.0,500.6872872837705,0.0,0.0,2.663161087212984e-07,3.440346222774217e-08,0.42972057145295645,0.14150187373161316,0.017223209142684937,0.35951298475265503,0.05999999865889549,0.0,0.28648513555526733,1.0,0.27233877778053284,32.81094741821289,0.05297970771789551,0.6499034|0.2070467|0.1430499|0.0000000|0.0000000|0.0000000|0.0000000|0.0000000|0.0000000|0.0000000,0,0.649903416633606,14.701093225196791,0,0,0,0,0,
cross_town,Town02,mixed,18,53,2.65,-7.44941520690918,208.91993713378906,0.22167754173278809,89.98705291748047,0.0,500.6872872837705,0.0,0.0,2.663161087212984e-07,3.476970810274119e-08,0.42981627053968513,0.0457882285118103,0.22376161813735962,-0.030435122549533844,0.0,0.07999999821186066,0.20648513734340668,1.0,0.27993619441986084,29.22286033630371,-0.032985687255859375,0.5878720|0.2585774|0.1535506|0.0000000|0.0000000|0.0000000|0.0000000|0.0000000|0.0000000|0.0000000,0,0.5878720283508301,14.197672582508188,0,0,0,0,0,
cross_town,Town02,mixed,18,54,2.7,-7.44941520690918,208.91993713378906,0.22167754173278809,89.98705291748047,0.0,500.6872872837705,0.0,0.0,2.663161087212984e-07,3.545854080309279e-08,0.4304003709515502,0.12041264772415161,0.022571146488189697,0.28406596183776855,0.05999999865889549,0.0,0.28406596183776855,1.0,0.2744920253753662,35.65172576904297,-0.17367422580718994,0.6298849|0.2240130|0.1461022|0.0000000|0.0000000|0.0000000|0.0000000|0.0000000|0.0000000|0.0000000,0,0.6298848986625671,14.210062836593949,0,0,0,0,0,
cross_town,Town02,mixed,18,55,2.75,-7.44941520690918,208.91993713378906,0.22167754173278809,89.98705291748047,0.0,500.6872872837705,0.0,0.0,2.663161087212984e-07,3.6484651875847417e-08,0.430099398056125,0.021355390548706055,0.21157211065292358,0.680277943611145,0.0,0.07999999821186066,0.3640659749507904,1.0,0.2664247453212738,26.262664794921875,0.11499232053756714,0.4458232|0.3835993|0.1705775|0.0000000|0.0000000|0.0000000|0.0000000|0.0000000|0.0000000|0.0000000,0,0.44582322239875793,13.704497759459139,0,0,0,0,0,
cross_town,Town02,mixed,18,56,2.8,-7.44941520690918,208.91993713378906,0.22167754173278809,89.98705291748047,0.0,500.6872872837705,0.0,0.0,2.663161087212984e-07,3.768581748925136e-08,0.43028423516576153,0.1399613618850708,0.049288779497146606,-0.5076162219047546,0.05999999865889549,0.0,0.28406596183776855,1.0,0.2568688988685608,28.722484588623047,-0.3268754482269287,0.3876658|0.2865700|0.2670275|0.0587367|0.0000000|0.0000000|0.0000000|0.0000000|0.0000000|0.0000000,0,0.3876657783985138,13.683253081966681,0,0,0,0,0,
cross_town,Town02,mixed,18,57,2.85,-7.44941520690918,208.91993713378906,0.22167754173278809,89.98705291748047,0.0,500.6872872837705,0.0,0.0,2.663161087212984e-07,1.6553502487057402e-06,0.4304952574909642,0.09458324313163757,0.023421496152877808,0.17227387428283691,0.09458324313163757,0.0,0.2040659636259079,1.0,0.25752076506614685,19.438594818115234,0.29806458950042725,0.3905042|0.2816786|0.2668013|0.0610159|0.0000000|0.0000000|0.0000000|0.0000000|0.0000000|0.0000000,0,0.3905041515827179,13.240792838700786,0,0,0,0,0,
cross_town,Town02,mixed,18,58,2.9,-7.44941520690918,208.91993713378906,0.22167754173278809,89.98705291748047,0.0,500.6872872837705,0.0,0.0,2.663161087212984e-07,1.7240294541663486e-06,0.4307294890866133,0.018876075744628906,0.035196900367736816,0.713363528251648,0.03458324447274208,0.0,0.28406596183776855,1.0,0.27840331196784973,156.04908752441406,0.2746366262435913,0.5961125|0.2436427|0.1602448|0.0000000|0.0000000|0.0000000|0.0000000|0.0000000|0.0000000|0.0000000,0,0.5961124897003174,13.33211795957393,0,0,0,0,0,
cross_town,Town02,mixed,18,59,2.95,-7.44941520690918,208.91993713378906,0.22167754173278809,89.98705291748047,0.0,500.6872872837705,0.0,0.0,2.663161087212984e-07,1.7579847427066009e-06,0.4337361014988157,0.09072554111480713,0.14983588457107544,0.21998560428619385,0.0,0.07999999821186066,0.21998560428619385,1.0,0.2641831040382385,17.217008590698242,0.10488271713256836,0.4547444|0.3208178|0.1337882|0.0906496|0.0000000|0.0000000|0.0000000|0.0000000|0.0000000|0.0000000,0,0.454744428396225,13.179188596528485,0,0,0,0,0,
cross_town,Town02,mixed,18,60,3.0,-7.44941520690918,208.91993713378906,0.22167754173278809,89.98705291748047,0.0,500.6872872837705,0.0,0.0,2.663161087212984e-07,0.0,0.43125391577463157,0.16791710257530212,0.2570921778678894,-0.4907579720020294,0.0,0.1599999964237213,0.1399856060743332,1.0,0.2600376009941101,19.121604919433594,0.7135322093963623,0.3909291|0.2611781|0.2766619|0.0712309|0.0000000|0.0000000|0.0000000|0.0000000|0.0000000|0.0000000,0,0.39092913269996643,13.67212170503611,0,0,0,0,0,
cross_town,Town02,mixed,18,61,3.05,-7.44941520690918,208.91993713378906,0.22167754173278809,89.98705291748047,0.0,500.6872872837705,0.0,0.0,2.663161087212984e-07,6.884445755423065e-08,0.4315583153657495,0.10303372144699097,0.08260747790336609,0.5901904106140137,0.0,0.07999999821186066,0.21998560428619385,0.9997867941856384,0.2727361023426056,2.340463876724243,0.1119922399520874,0.3927282|0.3668138|0.1484361|0.0920219|0.0000000|0.0000000|0.0000000|0.0000000|0.0000000|0.0000000,0,0.39272817969322205,13.836839554448138,0,0,0,0,0,
cross_town,Town02,mixed,18,62,3.1,-7.44941520690918,208.91993713378906,0.22167754173278809,89.98705291748047,0.0,500.6872872837705,0.0,0.0,2.663161087212984e-07,6.87889290152743e-08,0.4318298178943444,0.15918493270874023,0.2306627333164215,-0.4756413698196411,0.0,0.1599999964237213,0.1399856060743332,1.0,0.26520729064941406,26.154993057250977,1.048874855041504,0.3376487|0.2555568|0.2473983|0.0982074|0.0611888|0.0000000|0.0000000|0.0000000|0.0000000|0.0000000,0,0.33764874935150146,14.260635734675068,0,0,0,0,0,
cross_town,Town02,mixed,18,63,3.15,-7.44941520690918,208.91993713378906,0.22167754173278809,89.98705291748047,0.0,500.6872872837705,0.0,0.0,2.663161087212984e-07,6.904053203228578e-08,0.43212963561438833,0.08637493848800659,0.2479877769947052,-0.12648625671863556,0.0,0.23999999463558197,0.059985607862472534,1.0,0.266488254070282,15.874865531921387,0.5597628951072693,0.3338659|0.2571089|0.2364301|0.1049374|0.0676577|0.0000000|0.0000000|0.0000000|0.0000000|0.0000000,0,0.3338658809661865,14.289915644300658,0,0,0,0,0,
cross_town,Town02,mixed,18,64,3.2,-7.44941520690918,208.91993713378906,0.22167754173278809,89.98705291748047,0.0,500.6872872837705,0.0,0.0,2.663161087212984e-07,6.913729615720263e-08,0.43243399761885315,0.08980527520179749,0.2685864269733429,-0.1585354059934616,0.0,0.2685864269733429,-0.020014392212033272,1.0,0.26723533868789673,9.162505149841309,0.8868448138237,0.3284705|0.2674344|0.2324327|0.1015256|0.0701368|0.0000000|0.0000000|0.0000000|0.0000000|0.0000000,0,0.32847049832344055,14.039118681095347,0,0,0,0,0,
cross_town,Town02,mixed,18,65,3.25,-7.44941520690918,208.91993713378906,0.22167754173278809,89.98705291748047,0.0,500.6872872837705,0.0,0.0,2.663161087212984e-07,1.0345070182759118e-07,0.44001375568604456,0.08029991388320923,0.29425927996635437,-0.03843296319246292,0.0,0.29425927996635437,-0.03843296319246292,1.0,0.26465335488319397,7.969457149505615,0.7977239489555359,0.3481474|0.2905160|0.2519213|0.1094152|0.0000000|0.0000000|0.0000000|0.0000000|0.0000000|0.0000000,0,0.3481474220752716,14.03544267678155,0,0,0,0,0,
cross_town,Town02,mixed,18,66,3.3,-7.44941520690918,208.91993713378906,0.22167754173278809,89.98705291748047,0.0,500.6872872837705,0.0,0.0,2.663161087212984e-07,1.0575707343319691e-07,0.4330657102059869,0.20624583959579468,0.574554979801178,0.43593063950538635,0.0,0.3742592930793762,0.041567035019397736,0.9998266100883484,0.275030255317688,2.389878273010254,0.818219780921936,0.4019279|0.3408289|0.1545787|0.1026645|0.0000000|0.0000000|0.0000000|0.0000000|0.0000000|0.0000000,0,0.4019278883934021,14.047078001963728,0,0,0,0,0,
cross_town,Town02,mixed,18,67,3.35,-7.44941520690918,208.91993713378906,0.22167754173278809,89.98705291748047,0.0,500.6872872837705,0.0,0.0,2.663161087212984e-07,1.8931486918033871e-07,0.43335502813813326,0.09970617294311523,0.4388038218021393,-0.05689562112092972,0.0,0.4388038218021393,-0.03843296319246292,1.0,0.2696689963340759,6.535214424133301,1.2956459522247314,0.3340271|0.2640868|0.2227595|0.1066843|0.0724423|0.0000000|0.0000000|0.0000000|0.0000000|0.0000000,0,0.33402711153030396,13.909264904420748,0,0,0,0,0,
cross_town,Town02,mixed,18,68,3.4,-7.44941520690918,208.91993713378906,0.22167754173278809,89.98705291748047,0.0,500.6872872837705,0.0,0.0,2.663161087212984e-07,2.431617676430939e-07,0.4336595296670405,0.08700072765350342,0.913210928440094,0.29503893852233887,0.0,0.5188038349151611,0.041567035019397736,1.0,0.2698783874511719,15.11787223815918,1.3161556720733643,0.4638247|0.3688475|0.1673278|0.0000000|0.0000000|0.0000000|0.0000000|0.0000000|0.0000000|0.0000000,0,0.4638247489929199,13.757935931947337,0,0,0,0,0,
cross_town,Town02,mixed,18,69,3.45,-7.44941520690918,208.91993713378906,0.22167754173278809,89.98705291748047,0.0,500.6872872837705,0.0,0.0,2.663161087212984e-07,1.0301335568863946e-07,0.4338309630275701,0.7282643914222717,0.028007835149765015,-0.7664966583251953,0.0,0.4388038218021393,-0.03843296319246292,1.0,0.2674943506717682,8.803500175476074,-0.26317298412323,0.4669372|0.4134892|0.1195736|0.0000000|0.0000000|0.0000000|0.0000000|0.0000000|0.0000000|0.0000000,0,0.4669371545314789,13.566420509246774,0,0,0,0,0,
cross_town,Town02,mixed,18,70,3.5,-7.44941520690918,208.91993713378906,0.22167754173278809,89.98705291748047,0.0,500.6872872837705,0.0,0.0,2.663161087212984e-07,2.403528705671504e-07,0.4338308442889291,0.8119231462478638,0.0022412240505218506,-0.7633249163627625,0.0,0.35880380868911743,-0.11843296140432358,1.0,0.26232701539993286,8.314664840698242,-0.3481076955795288,0.5154412|0.4845588|0.0000000|0.0000000|0.0000000|0.0000000|0.0000000|0.0000000|0.0000000|0.0000000,0,0.5154412388801575,13.416951151337129,0,0,0,0,0,
cross_town,Town02,mixed,18,71,3.55,-7.44941520690918,208.91993713378906,0.22167754173278809,89.98705291748047,0.0,500.6872872837705,0.0,0.0,2.663161087212984e-07,2.716442433535963e-07,0.43383083349530743,0.12043067812919617,0.7648955583572388,0.06660371273756027,0.0,0.4388038218021393,-0.03843296319246292,1.0,0.27015572786331177,6.519774436950684,1.249361515045166,0.3292678|0.2976583|0.2448365|0.1282374|0.0000000|0.0000000|0.0000000|0.0000000|0.0000000|0.0000000,0,0.32926782965660095,13.690665706594128,0,0,0,0,0,
cross_town,Town02,mixed,18,72,3.6,-7.44941520690918,208.91993713378906,0.22167754173278809,89.98705291748047,0.0,500.6872872837705,0.0,0.0,2.663161087212984e-07,2.7467829505238833e-07,0.43383088746852,0.0804969072341919,0.8431026935577393,-0.14534646272659302,0.0,0.5188038349151611,-0.11843296140432358,1.0,0.2739643454551697,6.302902698516846,0.98897784948349,0.3067194|0.2764072|0.2255765|0.1152478|0.0760490|0.0000000|0.0000000|0.0000000|0.0000000|0.0000000,0,0.30671942234039307,13.474237117205137,0,0,0,0,0,
cross_town,Town02,mixed,18,73,3.65,-7.44941520690918,208.91993713378906,0.22167754173278809,89.98705291748047,0.0,500.6872872837705,0.0,0.0,2.663161087212984e-07,1.1448298392204445e-06,0.43383101700265003,0.17533648014068604,0.8865689635276794,0.02034643292427063,0.0,0.5988038182258606,-0.03843296319246292,1.0,0.2717730700969696,4.782729148864746,1.1863329410552979,0.3280143|0.2851243|0.2610110|0.1258503|0.0000000|0.0000000|0.0000000|0.0000000|0.0000000|0.0000000,0,0.3280143439769745,13.679000751407276,0,0,0,0,0,
cross_town,Town02,mixed,18,74,3.7,-7.44941520690918,208.91993713378906,0.22167754173278809,89.98705291748047,0.0,500.6872872837705,0.0,0.0,2.663161087212984e-07,5.493641030020012e-07,0.44115472254387333,0.0999583899974823,0.7943721413612366,-0.02119792066514492,0.0,0.6788038015365601,-0.02119792066514492,1.0,0.2758633494377136,8.594913482666016,0.7969704866409302,0.3178349|0.2471889|0.2277116|0.1270596|0.0802052|0.0000000|0.0000000|0.0000000|0.0000000|0.0000000,0,0.31783485412597656,12.552767534399463,0,0,0,0,0,
cross_town,Town02,mixed,18,75,3.75,-7.44941520690918,208.91993713378906,0.22167754173278809,89.98705291748047,0.0,500.6872872837705,0.0,0.0,2.663161087212984e-07,7.213216109026912e-07,0.4338313728520132,0.12866774201393127,0.7664403915405273,-0.28272780776023865,0.0,0.7588037848472595,-0.10119792073965073,1.0,0.27658846974372864,10.103994369506836,0.7318627834320068,0.3260632|0.2507206|0.2120229|0.1247724|0.0864210|0.0000000|0.0000000|0.0000000|0.0000000|0.0000000,0,0.32606321573257446,11.79457224015355,0,0,0,0,0,
cross_town,Town02,mixed,18,76,3.8,-7.44941520690918,208.91993713378906,0.22167754173278809,89.98705291748047,0.0,500.6872872837705,0.0,0.0,2.663161087212984e-07,7.998409950910786e-07,0.43383156714017873,0.10118025541305542,0.7326499223709106,0.4004819989204407,0.0,0.7326499223709106,-0.02119792066514492,1.0,0.29057925939559937,5.0364789962768555,0.261777400970459,0.5148093|0.2789422|0.2062485|0.0000000|0.0000000|0.0000000|0.0000000|0.0000000|0.0000000|0.0000000,0,0.514809250831604,10.990153822290464,0,0,0,0,0,
cross_town,Town02,mixed,18,77,3.85,-7.44941520690918,208.91993713378906,0.22167754173278809,89.98705291748047,0.0,500.6872872837705,0.0,0.0,2.663161087212984e-07,3.435672605068866e-08,0.4338317722167921,0.1322166621685028,0.2251775860786438,0.24146853387355804,0.0,0.6526499390602112,0.058802079409360886,1.0,0.2783603072166443,17.567337036132812,0.8875913619995117,0.4400123|0.2812011|0.1645312|0.1142554|0.0000000|0.0000000|0.0000000|0.0000000|0.0000000|0.0000000,0,0.4400123357772827,10.720959931684332,0,0,0,0,0,
cross_town,Town02,mixed,18,78,3.9,-7.44941520690918,208.91993713378906,0.22167754173278809,89.98705291748047,0.0,500.6872872837705,0.0,0.0,2.663161087212984e-07,6.870670345184431e-08,0.43383196649568034,0.8278687000274658,0.6630367040634155,-0.41225895285606384,0.0,0.5726499557495117,-0.02119792066514492,1.0,0.2913341522216797,5.300812244415283,0.35921043157577515,0.4962016|0.2983874|0.2054110|0.0000000|0.0000000|0.0000000|0.0000000|0.0000000|0.0000000|0.0000000,0,0.4962015748023987,10.27509430635621,0,0,0,0,0,
cross_town,Town02,mixed,18,79,3.95,-7.44941520690918,208.91993713378906,0.22167754173278809,89.98705291748047,0.0,500.6872872837705,0.0,0.0,2.663161087212984e-07,1.0300791706646844e-07,0.43383242641422415,0.45988020300865173,0.15943408012390137,0.10564112663269043,0.0,0.49264994263648987,0.058802079409360886,0.9999970197677612,0.27349773049354553,3.4114086627960205,0.8807587623596191,0.7706233|0.2293767|0.0000000|0.0000000|0.0000000|0.0000000|0.0000000|0.0000000|0.0000000|0.0000000,0,0.7706232666969299,10.105284273037832,0,0,0,0,0,
cross_town,Town02,mixed,18,80,4.0,-7.44941520690918,208.91993713378906,0.22167754173278809,89.98705291748047,0.0,500.6872872837705,0.0,0.0,2.663161087212984e-07,2.403394165728021e-07,0.4338322579048503,0.2787926197052002,0.33544641733169556,-0.037354446947574615,0.0,0.412649929523468,-0.02119792066514492,1.0,0.2694840431213379,10.566142082214355,0.40591275691986084,0.6067099|0.3932901|0.0000000|0.0000000|0.0000000|0.0000000|0.0000000|0.0000000|0.0000000|0.0000000,0,0.606709897518158,9.794518798378878,0,0,0,0,0,
cross_town,Town02,mixed,18,81,4.05,-7.44941520690918,208.91993713378906,0.22167754173278809,89.98705291748047,0.0,500.6872872837705,0.0,0.0,2.663161087212984e-07,4.1203222552535735e-07,0.44147187621157724,0.3464411497116089,0.4407021999359131,-0.02700665220618248,0.0,0.4407021999359131,-0.02700665220618248,1.0,0.2795253396034241,5.351319313049316,1.0111654996871948,0.4603163|0.2639417|0.1622303|0.1135116|0.0000000|0.0000000|0.0000000|0.0000000|0.0000000|0.0000000,0,0.4603163003921509,9.700120681760572,0,0,0,0,0,
cross_town,Town02,mixed,18,82,4.1,-7.44941520690918,208.91993713378906,0.22167754173278809,89.98705291748047,0.0,500.6872872837705,0.0,0.0,2.663161087212984e-07,5.494059662920739e-07,0.43383244173718044,0.24374017119407654,0.6964354515075684,0.20377446711063385,0.0,0.5207021832466125,0.05299334600567818,1.0,0.2749130427837372,9.35036563873291,1.108476161956787,0.5594566|0.3134733|0.1270701|0.0000000|0.0000000|0.0000000|0.0000000|0.0000000|0.0000000|0.0000000,0,0.5594566464424133,9.438737752552779,0,0,0,0,0,
cross_town,Town02,mixed,18,83,4.15,-7.44941520690918,208.91993713378906,0.22167754173278809,89.98705291748047,0.0,500.6872872837705,0.0,0.0,2.663161087212984e-07,9.070468638107406e-07,0.4345324410032957,0.27277088165283203,0.7673615217208862,0.1292605996131897,0.0,0.600702166557312,0.1292605996131897,1.0,0.27934378385543823,6.375091552734375,1.1760027408599854,0.5863295|0.2485867|0.1650838|0.0000000|0.0000000|0.0000000|0.0000000|0.0000000|0.0000000|0.0000000,0,0.5863295197486877,9.363339904283729,0,0,0,0,0,
cross_town,Town02,mixed,18,84,4.2,-7.44941520690918,208.91993713378906,0.22167754173278809,89.98705291748047,0.0,500.6872872837705,0.0,0.0,2.663161087212984e-07,6.523909017685394e-07,0.4338324956983508,0.18784040212631226,0.3308098316192627,0.02252267114818096,0.0,0.5207021832466125,0.04926060140132904,1.0,0.28069868683815,6.717103004455566,1.012199878692627,0.4351269|0.2637854|0.1766413|0.1244464|0.0000000|0.0000000|0.0000000|0.0000000|0.0000000|0.0000000,0,0.4351268708705902,9.120234412014737,0,0,0,0,0,
cross_town,Town02,mixed,18,85,4.25,-7.44941520690918,208.91993713378906,0.22167754173278809,89.98705291748047,0.0,500.6872872837705,0.0,0.0,2.663161087212984e-07,6.867292699675526e-07,0.4414581293672586,0.15692457556724548,0.2729266881942749,0.04253103956580162,0.0,0.4407021701335907,0.04253103956580162,1.0,0.27964285016059875,9.873802185058594,0.7228165864944458,0.4386362|0.2564934|0.1904618|0.1144086|0.0000000|0.0000000|0.0000000|0.0000000|0.0000000|0.0000000,0,0.4386361837387085,9.051612268627899,0,0,0,0,0,
cross_town,Town02,mixed,18,86,4.3,-7.44941520690918,208.91993713378906,0.22167754173278809,89.98705291748047,0.0,500.6872872837705,0.0,0.0,2.663161087212984e-07,3.4397709440041284e-08,0.4401589814826726,0.14048755168914795,0.4526825547218323,0.00894666463136673,0.0,0.4526825547218323,0.00894666463136673,1.0,0.2828008532524109,5.324980735778809,0.6841225028038025,0.3828765|0.2095991|0.1606421|0.1466472|0.1002352|0.0000000|0.0000000|0.0000000|0.0000000|0.0000000,0,0.3828764855861664,8.824219312028065,0,0,0,0,0,
cross_town,Town02,mixed,18,87,4.35,-7.44941520690918,208.91993713378906,0.22167754173278809,89.98705291748047,0.0,500.6872872837705,0.0,0.0,2.663161087212984e-07,6.866918458247463e-08,0.43647899356067754,0.1816113293170929,0.5638685822486877,0.07371214032173157,0.0,0.5326825380325317,0.07371214032173157,1.0,0.28341513872146606,5.254837989807129,0.7256153225898743,0.3889354|0.1918641|0.1578505|0.1544936|0.1068564|0.0000000|0.0000000|0.0000000|0.0000000|0.0000000,0,0.388935387134552,8.759243078092533,0,0,0,0,0,
cross_town,Town02,mixed,18,88,4.4,-7.44941520690918,208.91993713378906,0.22167754173278809,89.98705291748047,0.0,500.6872872837705,0.0,0.0,2.663161087212984e-07,2.4034748847408005e-07,0.43637925351014445,0.12034273147583008,0.42672282457351685,0.008308137767016888,0.0,0.4526825249195099,0.008308137767016888,1.0,0.28398585319519043,6.5978193283081055,0.8134980201721191,0.3892377|0.1926511|0.1526345|0.1548020|0.1106747|0.0000000|0.0000000|0.0000000|0.0000000|0.0000000,0,0.3892377018928528,8.546172822775892,0,0,0,0,0,
cross_town,Town02,mixed,18,89,4.45,-7.44941520690918,208.91993713378906,0.22167754173278809,89.98705291748047,0.0,500.6872872837705,0.0,0.0,2.663161087212984e-07,4.120389441747477e-07,0.433832473577238,0.08594030141830444,0.5690842270851135,-0.27958035469055176,0.0,0.5326825380325317,-0.07169186323881149,1.0,0.29465198516845703,41.6060791015625,0.35448503494262695,0.5728485|0.4271515|0.0000000|0.0000000|0.0000000|0.0000000|0.0000000|0.0000000|0.0000000|0.0000000,0,0.5728484988212585,8.48205105283187,0,0,0,0,0,
cross_town,Town02,mixed,18,90,4.5,-7.44941520690918,208.91993713378906,0.22167754173278809,89.98705291748047,0.0,500.6872872837705,0.0,0.0,2.663161087212984e-07,9.75211133063195e-07,0.43383247375595013,0.08828091621398926,0.35615742206573486,0.45692509412765503,0.0,0.4526825249195099,0.008308136835694313,1.0,0.29861849546432495,7.721916198730469,0.5651580095291138,0.4371198|0.3361391|0.2267412|0.0000000|0.0000000|0.0000000|0.0000000|0.0000000|0.0000000|0.0000000,0,0.4371197521686554,8.281538803190818,0,0,0,0,0,
cross_town,Town02,mixed,18,91,4.55,-7.44941520690918,208.91993713378906,0.22167754173278809,89.98705291748047,0.0,500.6872872837705,0.0,0.0,2.663161087212984e-07,5.837202643979201e-07,0.44151027130664583,0.15436768531799316,0.25209707021713257,0.009662901051342487,0.0,0.37268251180648804,0.009662901051342487,1.0,0.2826415002346039,8.329150199890137,0.8172894716262817,0.4815901|0.2108210|0.1669996|0.1405893|0.0000000|0.0000000|0.0000000|0.0000000|0.0000000|0.0000000,0,0.4815901219844818,8.21741711607493,0,0,0,0,0,
cross_town,Town02,mixed,18,92,4.6,-7.44941520690918,208.91993713378906,0.22167754173278809,89.98705291748047,0.0,500.6872872837705,0.0,0.0,2.663161087212984e-07,6.180482097616696e-07,0.4338339514146969,0.2989721894264221,0.6007106900215149,-0.09307827800512314,0.0,0.4526825249195099,-0.07033710181713104,0.9999852180480957,0.2825711965560913,2.998168468475342,0.28886330127716064,0.5183598|0.1928655|0.1612893|0.1274854|0.0000000|0.0000000|0.0000000|0.0000000|0.0000000|0.0000000,0,0.5183598399162292,8.027910391855048,0,0,0,0,0,
cross_town,Town02,mixed,18,93,4.65,-7.44941520690918,208.91993713378906,0.22167754173278809,89.98705291748047,0.0,500.6872872837705,0.0,0.0,2.663161087212984e-07,6.527063281959429e-07,0.4338325214397671,0.4152613878250122,0.04918554425239563,0.18711695075035095,0.0,0.37268251180648804,0.009662898257374763,0.9999995231628418,0.27926528453826904,3.8615269660949707,0.29509180784225464,0.6421058|0.1765120|0.1813822|0.0000000|0.0000000|0.0000000|0.0000000|0.0000000|0.0000000|0.0000000,0,0.6421058177947998,7.963633518706829,0,0,0,0,0,
cross_town,Town02,mixed,18,94,4.7,-7.44941520690918,208.91993713378906,0.22167754173278809,89.98705291748047,0.0,500.6872872837705,0.0,0.0,2.663161087212984e-07,6.878980603143528e-08,0.4367452602674536,0.21368467807769775,0.40305179357528687,0.07269208133220673,0.0,0.40305179357528687,0.07269208133220673,1.0,0.27746081352233887,13.276494979858398,0.5720923542976379,0.6231920|0.2286238|0.1481842|0.0000000|0.0000000|0.0000000|0.0000000|0.0000000|0.0000000|0.0000000,0,0.6231920123100281,7.783975739977249,0,0,0,0,0,
cross_town,Town02,mixed,18,95,4.75,-7.44941520690918,208.91993713378906,0.22167754173278809,89.98705291748047,0.0,500.6872872837705,0.0,0.0,2.663161087212984e-07,6.87473729545775e-08,0.43383247375604894,0.8186490535736084,0.8951098918914795,-0.607536792755127,0.0,0.4830518066883087,-0.00730791874229908,1.0,0.3123007118701935,10.540803909301758,1.1457791328430176,0.4924443|0.5075557|0.0000000|0.0000000|0.0000000|0.0000000|0.0000000|0.0000000|0.0000000|0.0000000,1,0.5075557231903076,7.719678881226774,0,0,0,0,0,
cross_town,Town02,mixed,18,96,4.8,-7.44941520690918,208.91993713378906,0.22167754173278809,89.98705291748047,0.0,500.6872872837705,0.0,0.0,2.663161087212984e-07,1.5876665482295439e-06,0.43383247375595185,0.23342382907867432,0.6976590752601624,0.43736061453819275,0.0,0.5630518198013306,0.07269208133220673,1.0,0.281990110874176,8.135488510131836,1.2055373191833496,0.5082068|0.1945177|0.1683239|0.1289516|0.0000000|0.0000000|0.0000000|0.0000000|0.0000000|0.0000000,0,0.5082067847251892,7.548875396787009,0,0,0,0,0,
cross_town,Town02,mixed,18,97,4.85,-7.44941520690918,208.91993713378906,0.22167754173278809,89.98705291748047,0.0,500.6872872837705,0.0,0.0,2.663161087212984e-07,1.0317171089231191e-07,0.43385715603904246,0.357278048992157,0.6399418115615845,-0.10002277046442032,0.0,0.6399418115615845,-0.00730791874229908,0.9997531771659851,0.28377673029899597,2.2928173542022705,0.6594357490539551,0.5188707|0.2111109|0.1421984|0.1278200|0.0000000|0.0000000|0.0000000|0.0000000|0.0000000|0.0000000,0,0.5188706517219543,7.484494883865269,0,0,0,0,0,
cross_town,Town02,mixed,18,98,4.9,-7.44941520690918,208.91993713378906,0.22167754173278809,89.98705291748047,0.0,500.6872872837705,0.0,0.0,2.663161087212984e-07,1.8698404255364003e-07,0.43383247375603773,0.2644156813621521,0.7144904732704163,0.35550588369369507,0.0,0.7144904732704163,0.07269208133220673,1.0,0.28369709849357605,15.278402328491211,1.1009031534194946,0.4811125|0.2027393|0.1787024|0.1374458|0.0000000|0.0000000|0.0000000|0.0000000|0.0000000|0.0000000,0,0.4811124801635742,7.321356834812815,0,0,0,0,0,
cross_town,Town02,mixed,18,99,4.95,-7.44941520690918,208.91993713378906,0.22167754173278809,89.98705291748047,0.0,500.6872872837705,0.0,0.0,2.663161087212984e-07,1.6899170057104174e-06,0.4338324737554354,0.4709475636482239,0.021571099758148193,-0.5013266205787659,0.0,0.6344904899597168,-0.00730791874229908,1.0,0.2791860103607178,4.804398536682129,0.5100529193878174,0.6460311|0.2270615|0.1269074|0.0000000|0.0000000|0.0000000|0.0000000|0.0000000|0.0000000|0.0000000,0,0.6460311412811279,7.256970113602867,0,0,0,0,0,
cross_town,Town02,mixed,18,100,5.0,-7.44941520690918,208.91993713378906,0.22167754173278809,89.98705291748047,0.0,500.6872872837705,0.0,0.0,2.663161087212984e-07,1.6898429397916613e-06,0.43383247375574835,0.324126273393631,0.7399007678031921,0.15662886202335358,0.0,0.7144904732704163,0.07269208133220673,1.0,0.2830860912799835,16.052913665771484,0.9998242855072021,0.5098593|0.1982503|0.1493267|0.1425637|0.0000000|0.0000000|0.0000000|0.0000000|0.0000000|0.0000000,0,0.5098592638969421,7.101601621341426,0,0,0,0,0,
cross_town,Town02,mixed,18,101,5.05,-7.44941520690918,208.91993713378906,0.22167754173278809,89.98705291748047,0.0,500.6872872837705,0.0,0.0,2.663161087212984e-07,1.689829765059811e-06,0.4338324737560519,0.3173666000366211,0.28469979763031006,-0.1972522735595703,0.0,0.6344904899597168,-0.00730791874229908,1.0,0.2870408594608307,6.311155796051025,1.6234487295150757,0.5453969|0.1475618|0.1525459|0.0955873|0.0589080|0.0000000|0.0000000|0.0000000|0.0000000|0.0000000,0,0.5453968644142151,7.037435125969161,0,0,0,0,0,
cross_town,Town02,mixed,18,102,5.1,-7.44941520690918,208.91993713378906,0.22167754173278809,89.98705291748047,0.0,500.6872872837705,0.0,0.0,2.663161087212984e-07,0.0,0.4338324737559578,0.28403419256210327,0.7576031684875488,0.4588434398174286,0.0,0.7144904732704163,0.07269208133220673,1.0,0.28612780570983887,14.907556533813477,1.4711922407150269,0.4919755|0.1901891|0.1283900|0.1308407|0.0586048|0.0000000|0.0000000|0.0000000|0.0000000|0.0000000,0,0.49197548627853394,6.888984826462951,0,0,0,0,0,
cross_town,Town02,mixed,18,103,5.15,-7.44941520690918,208.91993713378906,0.22167754173278809,89.98705291748047,0.0,500.6872872837705,0.0,0.0,2.663161087212984e-07,6.883418385343922e-08,0.4415082247658875,0.1256004273891449,0.14013594388961792,0.07081037014722824,0.0,0.6344904899597168,0.07081037014722824,1.0,0.28703832626342773,16.338573455810547,1.1528332233428955,0.4736526|0.1991925|0.1326315|0.1364397|0.0580837|0.0000000|0.0000000|0.0000000|0.0000000|0.0000000,0,0.47365257143974304,6.825114068115928,0,0,0,0,0,
cross_town,Town02,mixed,18,104,5.2,-7.44941520690918,208.91993713378906,0.22167754173278809,89.98705291748047,0.0,500.6872872837705,0.0,0.0,2.663161087212984e-07,6.874238735489366e-08,0.43383706331369937,0.4744892716407776,0.4136110246181488,-0.0888710543513298,0.0,0.5544905066490173,-0.009189629927277565,0.999954104423523,0.2842289209365845,2.7128610610961914,1.5866941213607788,0.6327307|0.1746162|0.0989903|0.0936629|0.0000000|0.0000000|0.0000000|0.0000000|0.0000000|0.0000000,0,0.6327306628227234,6.683090102126912,0,0,0,0,0,
cross_town,Town02,mixed,18,105,5.25,-7.44941520690918,208.91993713378906,0.22167754173278809,89.98705291748047,0.0,500.6872872837705,0.0,0.0,2.663161087212984e-07,6.897727092460197e-08,0.4349840962156775,0.05303323268890381,0.9405864477157593,-0.08294811844825745,0.0,0.6344904899597168,-0.08294811844825745,1.0,0.3222053647041321,6.638424873352051,0.4587181806564331,0.4987028|0.2518474|0.2494499|0.0000000|0.0000000|0.0000000|0.0000000|0.0000000|0.0000000|0.0000000,0,0.4987027645111084,6.619519498603413,0,0,0,0,0,
cross_town,Town02,mixed,18,106,5.3,-7.44941520690918,208.91993713378906,0.22167754173278809,89.98705291748047,0.0,500.6872872837705,0.0,0.0,2.663161087212984e-07,6.9154318440874e-08,0.4371080768120058,0.5205355286598206,0.3011133670806885,0.32779398560523987,0.0,0.5544905066490173,-0.0029481183737516403,0.9672439694404602,0.28232884407043457,1.0640122890472412,1.5187231302261353,0.6805177|0.1380379|0.0997268|0.0817177|0.0000000|0.0000000|0.0000000|0.0000000|0.0000000|0.0000000,0,0.6805176734924316,6.483477515242039,0,0,0,0,0,
cross_town,Town02,mixed,18,107,5.35,-7.44941520690918,208.91993713378906,0.22167754173278809,89.98705291748047,0.0,500.6872872837705,0.0,0.0,2.663161087212984e-07,6.960768925758818e-08,0.43383253407595235,0.2796461582183838,0.7292050719261169,0.514413058757782,0.0,0.6344904899597168,0.07705187797546387,0.9999994039535522,0.28282976150512695,3.811392307281494,1.7197954654693604,0.5674897|0.2250630|0.1208259|0.0866214|0.0000000|0.0000000|0.0000000|0.0000000|0.0000000|0.0000000,0,0.567489743232727,6.422873223920008,0,0,0,0,0,
cross_town,Town02,mixed,18,108,5.4,-7.44941520690918,208.91993713378906,0.22167754173278809,89.98705291748047,0.0,500.6872872837705,0.0,0.0,2.663161087212984e-07,1.3973879913917259e-07,0.4486785483371968,0.6768868565559387,0.2341577410697937,-0.18072830140590668,0.0,0.5544905066490173,-0.0029481220990419388,0.8515392541885376,0.2835574448108673,0.6531237959861755,1.3016630411148071,0.6687079|0.1314663|0.1176557|0.0821700|0.0000000|0.0000000|0.0000000|0.0000000|0.0000000|0.0000000,0,0.6687079071998596,6.300793763719815,0,0,0,0,0,
cross_town,Town02,mixed,18,109,5.45,-7.44941520690918,208.91993713378906,0.22167754173278809,89.98705291748047,0.0,500.6872872837705,0.0,0.0,2.663161087212984e-07,2.1404914484173294e-07,0.4338324737560256,0.18716371059417725,0.6018480062484741,0.4753170907497406,0.0,0.6018480062484741,0.07705187797546387,1.0,0.2864699065685272,6.599738121032715,1.5231659412384033,0.5113009|0.1969373|0.1419528|0.0973969|0.0524121|0.0000000|0.0000000|0.0000000|0.0000000|0.0000000,0,0.5113009214401245,6.255970904876561,0,0,0,0,0,
cross_town,Town02,mixed,18,110,5.5,-7.44941520690918,208.91993713378906,0.22167754173278809,89.98705291748047,0.0,500.6872872837705,0.0,0.0,2.663161087212984e-07,2.7315419175581967e-07,0.4390255136334773,0.25295448303222656,0.667098879814148,0.031143611297011375,0.0,0.667098879814148,0.031143611297011375,0.9995787739753723,0.2834096848964691,2.1595988273620605,1.6040711402893066,0.6236235|0.1508570|0.1137420|0.1117775|0.0000000|0.0000000|0.0000000|0.0000000|0.0000000|0.0000000,0,0.6236234903335571,6.1592643755819765,0,0,0,0,0,
cross_town,Town02,mixed,18,111,5.55,-7.44941520690918,208.91993713378906,0.22167754173278809,89.98705291748047,0.0,500.6872872837705,0.0,0.0,2.663161087212984e-07,1.0302552074455631e-07,0.4338324737559883,0.42354464530944824,0.407676100730896,-0.15751177072525024,0.0,0.5870988965034485,-0.04885638877749443,1.0,0.280041366815567,10.747536659240723,2.1042771339416504,0.6655079|0.1808371|0.1536551|0.0000000|0.0000000|0.0000000|0.0000000|0.0000000|0.0000000|0.0000000,0,0.6655078530311584,6.139408066585926,0,0,0,0,0,
cross_town,Town02,mixed,18,112,5.6,-7.44941520690918,208.91993713378906,0.22167754173278809,89.98705291748047,0.0,500.6872872837705,0.0,0.0,2.663161087212984e-07,2.7470626632517024e-07,0.4338324737559927,0.21556219458580017,0.6756653785705566,0.6438961625099182,0.0,0.667098879814148,0.031143611297011375,1.0,0.2865033745765686,8.535357475280762,1.6370787620544434,0.4998538|0.1825242|0.1340427|0.1043487|0.0792306|0.0000000|0.0000000|0.0000000|0.0000000|0.0000000,0,0.49985381960868835,6.064194659631648,0,0,0,0,0,
cross_town,Town02,mixed,18,113,5.65,-7.44941520690918,208.91993713378906,0.22167754173278809,89.98705291748047,0.0,500.6872872837705,0.0,0.0,2.663161087212984e-07,3.090305654358584e-07,0.4338325333606966,0.3606005609035492,0.1642366647720337,-0.10738527029752731,0.0,0.5870988965034485,-0.04885638877749443,0.9999994039535522,0.2771003842353821,3.799847364425659,0.8815845847129822,0.7322138|0.1722322|0.0955540|0.0000000|0.0000000|0.0000000|0.0000000|0.0000000|0.0000000|0.0000000,0,0.7322137951850891,6.060855094622581,0,0,0,0,0,
cross_town,Town02,mixed,18,114,5.7,-7.44941520690918,208.91993713378906,0.22167754173278809,89.98705291748047,0.0,500.6872872837705,0.0,0.0,2.663161087212984e-07,3.4338614852155917e-07,0.43383994817850674,0.40473029017448425,0.5504557490348816,0.211092010140419,0.0,0.5504557490348816,0.031143611297011375,0.9999252557754517,0.2722007632255554,2.603163480758667,1.4226058721542358,0.7194694|0.2805306|0.0000000|0.0000000|0.0000000|0.0000000|0.0000000|0.0000000|0.0000000|0.0000000,0,0.719469428062439,5.994185685716246,0,0,0,0,0,
cross_town,Town02,mixed,18,115,5.75,-7.44941520690918,208.91993713378906,0.22167754173278809,89.98705291748047,0.0,500.6872872837705,0.0,0.0,2.663161087212984e-07,1.1785314150483217e-06,0.44048928979677127,0.302980899810791,0.753176212310791,0.06034383922815323,0.0,0.630455732345581,0.06034383922815323,1.0,0.27900853753089905,7.799851894378662,1.0504999160766602,0.5936180|0.2463040|0.1600781|0.0000000|0.0000000|0.0000000|0.0000000|0.0000000|0.0000000|0.0000000,0,0.5936179757118225,5.994741457665528,0,0,0,0,0,
cross_town,Town02,mixed,18,116,5.8,-7.44941520690918,208.91993713378906,0.22167754173278809,89.98705291748047,0.0,500.6872872837705,0.0,0.0,2.663161087212984e-07,3.77689180372629e-07,0.4386069607530354,0.18582367897033691,0.4281363785266876,0.10955014824867249,0.0,0.5504557490348816,0.10955014824867249,1.0,0.2834986746311188,11.910356521606445,2.0235133171081543,0.5120232|0.2036089|0.1517770|0.1325909|0.0000000|0.0000000|0.0000000|0.0000000|0.0000000|0.0000000,0,0.5120231509208679,5.925110327740821,0,0,0,0,0,
cross_town,Town02,mixed,18,117,5.85,-7.44941520690918,208.91993713378906,0.22167754173278809,89.98705291748047,0.0,500.6872872837705,0.0,0.0,2.663161087212984e-07,5.493824876412229e-07,0.44113157908927453,0.202883780002594,0.5478764176368713,0.12736621499061584,0.0,0.5478764176368713,0.12736621499061584,1.0,0.2836015224456787,6.783015251159668,1.1891331672668457,0.5450325|0.2363881|0.1364148|0.0821646|0.0000000|0.0000000|0.0000000|0.0000000|0.0000000|0.0000000,0,0.5450325012207031,5.9194083176915155,0,0,0,0,0,
cross_town,Town02,mixed,18,118,5.9,-7.44941520690918,208.91993713378906,0.22167754173278809,89.98705291748047,0.0,500.6872872837705,0.0,0.0,2.663161087212984e-07,7.210543969838007e-07,0.47950454509375173,0.13591837882995605,0.197137713432312,-0.3301648795604706,0.0,0.4678764045238495,0.04736621677875519,0.5432792901992798,0.2984808683395386,0.24490705132484436,0.07924902439117432,1.0000000|0.0000000|0.0000000|0.0000000|0.0000000|0.0000000|0.0000000|0.0000000|0.0000000|0.0000000,0,1.0,5.841393968768602,0,0,0,0,0,
cross_town,Town02,mixed,18,119,5.95,-7.44941520690918,208.91993713378906,0.22167754173278809,89.98705291748047,0.0,500.6872872837705,0.0,0.0,2.663161087212984e-07,3.451682370654969e-08,0.4338324741136791,0.32008594274520874,0.6575565934181213,0.34649163484573364,0.0,0.5478764176368713,0.12736621499061584,1.0,0.2827036380767822,5.720161437988281,2.499173164367676,0.5962659|0.1918507|0.1485609|0.0633226|0.0000000|0.0000000|0.0000000|0.0000000|0.0000000|0.0000000,0,0.5962658524513245,5.825712973999461,0,0,0,0,0,
cross_town,Town02,mixed,18,120,6.0,-7.44941520690918,208.91993713378906,0.22167754173278809,89.98705291748047,0.0,500.6872872837705,0.0,0.0,2.663161087212984e-07,6.885207647621207e-08,0.43383247411367926,0.04005691409111023,0.05299860239028931,-0.01546446606516838,0.0,0.4678764045238495,0.04736621677875519,1.0,0.3008977770805359,7.81326961517334,-0.3387608528137207,0.5084987|0.4915012|0.0000000|0.0000000|0.0000000|0.0000000|0.0000000|0.0000000|0.0000000|0.0000000,0,0.5084987282752991,5.740294592564274,0,0,0,0,0,
cross_town,Town02,mixed,18,121,6.05,-7.44941520690918,208.91993713378906,0.22167754173278809,89.98705291748047,0.0,500.6872872837705,0.0,0.0,2.663161087212984e-07,1.587730812303326e-06,0.4338325456391473,0.14914736151695251,0.4806897044181824,0.46401846408843994,0.0,0.4806897044181824,0.12736621499061584,0.9999992847442627,0.2828030288219452,3.736959457397461,2.1110405921936035,0.4943210|0.2059869|0.1633937|0.1362984|0.0000000|0.0000000|0.0000000|0.0000000|0.0000000|0.0000000,0,0.4943210184574127,5.716973543114231,0,0,0,0,0,
cross_town,Town02,mixed,18,122,6.1,-7.44941520690918,208.91993713378906,0.22167754173278809,89.98705291748047,0.0,500.6872872837705,0.0,0.0,2.663161087212984e-07,1.0310587196098819e-07,0.43717428004816816,0.13753187656402588,0.6696804165840149,-0.2248152643442154,0.0,0.5606896877288818,0.04736621677875519,0.9665819406509399,0.28283238410949707,1.0583350658416748,2.3500161170959473,0.4811230|0.2012275|0.1944612|0.1231884|0.0000000|0.0000000|0.0000000|0.0000000|0.0000000|0.0000000,0,0.48112303018569946,5.628916828052266,0,0,0,0,0,
cross_town,Town02,mixed,18,123,6.15,-7.44941520690918,208.91993713378906,0.22167754173278809,89.98705291748047,0.0,500.6872872837705,0.0,0.0,2.663161087212984e-07,1.0328196207898578e-07,0.4338337496529773,0.4121647775173187,0.6243547201156616,-0.08043746650218964,0.0,0.6243547201156616,-0.03263378143310547,0.9999872446060181,0.27267327904701233,3.044560194015503,1.0994030237197876,0.7065338|0.2934662|0.0000000|0.0000000|0.0000000|0.0000000|0.0000000|0.0000000|0.0000000|0.0000000,0,0.7065337896347046,5.603198840275482,0,0,0,0,0,
cross_town,Town02,mixed,18,124,6.2,-7.44941520690918,208.91993713378906,0.22167754173278809,89.98705291748047,0.0,500.6872872837705,0.0,0.0,2.663161087212984e-07,1.6253094655415233e-07,0.43383247411362863,0.18526184558868408,0.3077045977115631,0.5349517464637756,0.0,0.5443547368049622,0.04736621677875519,1.0,0.282083123922348,6.4857306480407715,2.0518369674682617,0.4808598|0.2047216|0.1911004|0.1233182|0.0000000|0.0000000|0.0000000|0.0000000|0.0000000|0.0000000,0,0.48085981607437134,5.517563368546357,0,0,0,0,0,
cross_town,Town02,mixed,18,125,6.25,-7.44941520690918,208.91993713378906,0.22167754173278809,89.98705291748047,0.0,500.6872872837705,0.0,0.0,2.663161087212984e-07,1.6214850089782846e-06,0.43383249795493634,0.15299630165100098,0.35605335235595703,0.30679792165756226,0.0,0.4643547236919403,0.12736621499061584,0.9999997615814209,0.28176766633987427,4.005629062652588,2.2894985675811768,0.4780347|0.2177714|0.1789009|0.1252930|0.0000000|0.0000000|0.0000000|0.0000000|0.0000000|0.0000000,0,0.4780346751213074,5.493873325315714,0,0,0,0,0,
cross_town,Town02,mixed,18,126,6.3,-7.44941520690918,208.91993713378906,0.22167754173278809,89.98705291748047,0.0,500.6872872837705,0.0,0.0,2.663161087212984e-07,1.6222791268180828e-07,0.4400221723841337,0.29802101850509644,0.8622561693191528,0.09198722243309021,0.0,0.5443547368049622,0.09198722243309021,0.9998829364776611,0.2786567211151123,2.484562635421753,0.7758411765098572,0.6028832|0.2380075|0.1591094|0.0000000|0.0000000|0.0000000|0.0000000|0.0000000|0.0000000|0.0000000,0,0.6028831601142883,5.412663500953418,0,0,0,0,0,
cross_town,Town02,mixed,18,127,6.35,-7.44941520690918,208.91993713378906,0.22167754173278809,89.98705291748047,0.0,500.6872872837705,0.0,0.0,2.663161087212984e-07,1.6214217660332077e-06,0.4339266669749974,0.2615824043750763,0.518905758857727,-0.1845700591802597,0.0,0.518905758857727,0.011987222358584404,0.9990580677986145,0.2770054340362549,1.9646542072296143,2.5403361320495605,0.5307131|0.2520010|0.2172859|0.0000000|0.0000000|0.0000000|0.0000000|0.0000000|0.0000000|0.0000000,0,0.5307130813598633,5.392317589573505,0,0,0,0,0,
cross_town,Town02,mixed,18,128,6.4,-7.44941520690918,208.91993713378906,0.22167754173278809,89.98705291748047,0.0,500.6872872837705,0.0,0.0,2.663161087212984e-07,6.882240146272831e-08,0.44196871873501037,0.543635904788971,0.20232224464416504,-0.006568508688360453,0.0,0.4389057457447052,-0.006568508688360453,0.9913057684898376,0.27205583453178406,1.412035584449768,0.45185673236846924,0.7993149|0.2006851|0.0000000|0.0000000|0.0000000|0.0000000|0.0000000|0.0000000|0.0000000|0.0000000,0,0.7993148565292358,5.314742396919958,0,0,0,0,0,
cross_town,Town02,mixed,18,129,6.45,-7.44941520690918,208.91993713378906,0.22167754173278809,89.98705291748047,0.0,500.6872872837705,0.0,0.0,2.663161087212984e-07,6.875156200902428e-08,0.44059169958018196,0.497771292924881,0.43805477023124695,0.02960347943007946,0.0,0.35890573263168335,0.02960347943007946,0.9935067892074585,0.2703744173049927,1.4872452020645142,3.0514891147613525,0.6556101|0.3443899|0.0000000|0.0000000|0.0000000|0.0000000|0.0000000|0.0000000|0.0000000|0.0000000,0,0.6556101441383362,5.296492467533461,0,0,0,0,0,
cross_town,Town02,mixed,18,130,6.5,-7.44941520690918,208.91993713378906,0.22167754173278809,89.98705291748047,0.0,500.6872872837705,0.0,0.0,2.663161087212984e-07,7.158308567700109e-08,0.44294376492617066,0.05641484260559082,0.7696168422698975,0.3509611189365387,0.0,0.4389057457447052,0.10960347950458527,0.9088870882987976,0.28050440549850464,0.7945259213447571,2.354705810546875,0.4348917|0.2637459|0.1860804|0.1152820|0.0000000|0.0000000|0.0000000|0.0000000|0.0000000|0.0000000,0,0.4348916709423065,5.220554625607716,0,0,0,0,0,
cross_town,Town02,mixed,18,131,6.55,-7.44941520690918,208.91993713378906,0.22167754173278809,89.98705291748047,0.0,500.6872872837705,0.0,0.0,2.663161087212984e-07,6.92066586563366e-08,0.45153507257077236,0.18796002864837646,0.580855131149292,0.03614760935306549,0.0,0.518905758857727,0.03614760935306549,0.8350248336791992,0.2757529020309448,0.6296638250350952,2.4966201782226562,0.4887823|0.3074188|0.2037990|0.0000000|0.0000000|0.0000000|0.0000000|0.0000000|0.0000000|0.0000000,0,0.48878225684165955,5.202355145713072,0,0,0,0,0,
cross_town,Town02,mixed,18,132,6.6,-7.44941520690918,208.91993713378906,0.22167754173278809,89.98705291748047,0.0,500.6872872837705,0.0,0.0,2.663161087212984e-07,1.3953388810404468e-07,0.4340892087382102,0.025705844163894653,0.4571987986564636,-0.04250386357307434,0.0,0.4571987986564636,-0.04250386357307434,1.0,0.28754234313964844,11.755391120910645,0.7716864347457886,0.6165377|0.3834623|0.0000000|0.0000000|0.0000000|0.0000000|0.0000000|0.0000000|0.0000000|0.0000000,0,0.6165376901626587,5.126350881656115,0,0,0,0,0,
cross_town,Town02,mixed,18,133,6.65,-7.44941520690918,208.91993713378906,0.22167754173278809,89.98705291748047,0.0,500.6872872837705,0.0,0.0,2.663161087212984e-07,1.6557083349843218e-06,0.4340714410553584,0.21418339014053345,0.5732114911079407,0.6769452095031738,0.0,0.5371987819671631,0.037496134638786316,0.997610330581665,0.27397337555885315,1.734583854675293,2.7604427337646484,0.5052966|0.3082310|0.1864724|0.0000000|0.0000000|0.0000000|0.0000000|0.0000000|0.0000000|0.0000000,0,0.5052966475486755,5.106697760253039,0,0,0,0,0,
cross_town,Town02,mixed,18,134,6.7,-7.44941520690918,208.91993713378906,0.22167754173278809,89.98705291748047,0.0,500.6872872837705,0.0,0.0,2.663161087212984e-07,1.6898695016213003e-06,0.43383247411355325,0.010401248931884766,0.8451857566833496,-0.2660600244998932,0.0,0.6171987652778625,-0.04250386357307434,1.0,0.290498822927475,10.678567886352539,0.8733862638473511,0.5033038|0.2905996|0.2060966|0.0000000|0.0000000|0.0000000|0.0000000|0.0000000|0.0000000|0.0000000,0,0.5033037662506104,5.029666720341843,0,0,0,0,0,
cross_town,Town02,mixed,18,135,6.75,-7.44941520690918,208.91993713378906,0.22167754173278809,89.98705291748047,0.0,500.6872872837705,0.0,0.0,2.663161087212984e-07,1.6897622875479028e-06,0.43383252179739556,0.08876469731330872,0.4564060568809509,0.7296688556671143,0.0,0.5371987819671631,0.037496134638786316,0.9999995231628418,0.27801650762557983,3.833056688308716,2.406263828277588,0.4020448|0.3114026|0.1773394|0.1092133|0.0000000|0.0000000|0.0000000|0.0000000|0.0000000|0.0000000,0,0.40204477310180664,5.007926157637009,0,0,0,0,0,
cross_town,Town02,mixed,18,136,6.8,-7.44941520690918,208.91993713378906,0.22167754173278809,89.98705291748047,0.0,500.6872872837705,0.0,0.0,2.663161087212984e-07,6.867939610579922e-08,0.4401532460111688,0.3284761905670166,0.792445182800293,0.07115159183740616,0.0,0.6171987652778625,0.07115159183740616,1.0,0.27844759821891785,8.20971965789795,0.9110816121101379,0.6080064|0.2344763|0.1575174|0.0000000|0.0000000|0.0000000|0.0000000|0.0000000|0.0000000|0.0000000,0,0.6080064177513123,4.930282250482265,0,0,0,0,0,
cross_town,Town02,mixed,18,137,6.85,-7.44941520690918,208.91993713378906,0.22167754173278809,89.98705291748047,0.0,500.6872872837705,0.0,0.0,2.663161087212984e-07,2.0602440263696202e-07,0.44271059510839844,0.27654510736465454,0.36631858348846436,0.01312385406345129,0.0,0.5371987819671631,0.01312385406345129,0.9476121664047241,0.2718660235404968,0.9519516825675964,2.5469963550567627,0.4808961|0.3957331|0.1233708|0.0000000|0.0000000|0.0000000|0.0000000|0.0000000|0.0000000|0.0000000,0,0.4808960556983948,4.906928280896651,0,0,0,0,0,
cross_town,Town02,mixed,18,138,6.9,-7.44941520690918,208.91993713378906,0.22167754173278809,89.98705291748047,0.0,500.6872872837705,0.0,0.0,2.663161087212984e-07,2.747011549138041e-07,0.43383247393486574,0.06445914506912231,0.14710170030593872,0.6170896291732788,0.0,0.45719876885414124,0.09312385320663452,1.0,0.27931275963783264,20.311145782470703,0.9659925699234009,0.7693192|0.2306808|0.0000000|0.0000000|0.0000000|0.0000000|0.0000000|0.0000000|0.0000000|0.0000000,0,0.7693192362785339,4.829392002773228,0,0,0,0,0,
cross_town,Town02,mixed,18,139,6.95,-7.44941520690918,208.91993713378906,0.22167754173278809,89.98705291748047,0.0,500.6872872837705,0.0,0.0,2.663161087212984e-07,3.0905502931516376e-07,0.4659433159680272,0.21306979656219482,0.5620590448379517,0.0670384019613266,0.0,0.5371987819671631,0.0670384019613266,0.7475261688232422,0.27052074670791626,0.5008447170257568,2.59450626373291,0.4776057|0.3961449|0.1262494|0.0000000|0.0000000|0.0000000|0.0000000|0.0000000|0.0000000|0.0000000,0,0.4776057004928589,4.805467900860574,0,0,0,0,0,
cross_town,Town02,mixed,18,140,7.0,-7.44941520690918,208.91993713378906,0.22167754173278809,89.98705291748047,0.0,500.6872872837705,0.0,0.0,2.663161087212984e-07,3.7768720868794113e-07,0.4408137543891187,0.13574886322021484,0.46199262142181396,0.04285865277051926,0.0,0.46199262142181396,0.04285865277051926,0.9999712705612183,0.27595677971839905,2.8386693000793457,2.387505292892456,0.3916258|0.3406163|0.1356094|0.0915119|0.0406368|0.0000000|0.0000000|0.0000000|0.0000000|0.0000000,0,0.3916257619857788,4.728838870830704,0,0,0,0,0,
cross_town,Town02,mixed,18,141,7.05,-7.44941520690918,208.91993713378906,0.22167754173278809,89.98705291748047,0.0,500.6872872837705,0.0,0.0,2.663161087212984e-07,4.4637783438057845e-07,0.4338201318318387,0.04376581311225891,0.25075796246528625,0.1486554890871048,0.0,0.3819926083087921,0.12285865098237991,1.0,0.27381008863449097,7.7271552085876465,0.853460431098938,0.7106435|0.2893566|0.0000000|0.0000000|0.0000000|0.0000000|0.0000000|0.0000000|0.0000000|0.0000000,0,0.710643470287323,4.704680752304913,0,0,0,0,0,
cross_town,Town02,mixed,18,142,7.1,-7.44941520690918,208.91993713378906,0.22167754173278809,89.98705291748047,0.0,500.6872872837705,0.0,0.0,2.663161087212984e-07,6.301405466912134e-07,0.4951481148602,0.06268531084060669,0.8731619119644165,0.036732450127601624,0.0,0.46199262142181396,0.04285865277051926,0.3835271894931793,0.27551525831222534,0.10583380609750748,2.3037490844726562,0.3478672|0.3662435|0.1420645|0.0989560|0.0448688|0.0000000|0.0000000|0.0000000|0.0000000|0.0000000,1,0.36624354124069214,4.629313800395618,0,0,0,0,0,
cross_town,Town02,mixed,18,143,7.15,-7.44941520690918,208.91993713378906,0.22167754173278809,89.98705291748047,0.0,500.6872872837705,0.0,0.0,2.663161087212984e-07,7.554037718235858e-07,0.43316993468761755,0.3111149072647095,0.8320654630661011,0.2732738256454468,0.0,0.5419926047325134,0.12285865098237991,1.0,0.2782157063484192,5.230238437652588,1.1018481254577637,0.6136796|0.2305905|0.1557300|0.0000000|0.0000000|0.0000000|0.0000000|0.0000000|0.0000000|0.0000000,0,0.6136795878410339,4.60520297193618,0,0,0,0,0,
cross_town,Town02,mixed,18,144,7.2,-7.44941520690918,208.91993713378906,0.22167754173278809,89.98705291748047,0.0,500.6872872837705,0.0,0.0,2.663161087212984e-07,0.0,0.43282631995381016,0.06716883182525635,0.2177448868751526,-0.03017088584601879,0.0,0.4619925916194916,0.04285865277051926,1.0,0.2750314772129059,9.076725959777832,0.26247167587280273,0.6323493|0.2169674|0.1506834|0.0000000|0.0000000|0.0000000|0.0000000|0.0000000|0.0000000|0.0000000,0,0.6323492527008057,4.530772378626207,0,0,0,0,0,
cross_town,Town02,mixed,18,145,7.25,-7.44941520690918,208.91993713378906,0.22167754173278809,89.98705291748047,0.0,500.6872872837705,0.0,0.0,2.663161087212984e-07,1.0302128117556363e-07,0.432470270359627,0.043304383754730225,0.6593722701072693,-0.3823164403438568,0.0,0.5419926047325134,-0.0371413454413414,1.0,0.2739419639110565,9.829404830932617,0.8343325853347778,0.6300740|0.2187080|0.1512181|0.0000000|0.0000000|0.0000000|0.0000000|0.0000000|0.0000000|0.0000000,0,0.6300739645957947,4.506658927420139,0,0,0,0,0,
cross_town,Town02,mixed,18,146,7.3,-7.44941520690918,208.91993713378906,0.22167754173278809,89.98705291748047,0.0,500.6872872837705,0.0,0.0,2.663161087212984e-07,1.3886308362960875e-07,0.43210053392140485,0.6118602156639099,0.0504893958568573,-0.1349298357963562,0.0,0.4619925916194916,-0.11714134365320206,0.9999998807907104,0.26195380091667175,4.252535343170166,0.364065945148468,1.0000000|0.0000000|0.0000000|0.0000000|0.0000000|0.0000000|0.0000000|0.0000000|0.0000000|0.0000000,0,1.0,4.432897712577233,0,0,0,0,0,
cross_town,Town02,mixed,18,147,7.35,-7.44941520690918,208.91993713378906,0.22167754173278809,89.98705291748047,0.0,500.6872872837705,0.0,0.0,2.663161087212984e-07,2.7467936645998743e-07,0.4317506698441371,0.1251477599143982,0.3694651126861572,0.7779986262321472,0.0,0.3819925785064697,-0.0371413454413414,0.9996675252914429,0.26299506425857544,2.239140748977661,2.3136301040649414,0.4651896|0.3852663|0.1495442|0.0000000|0.0000000|0.0000000|0.0000000|0.0000000|0.0000000|0.0000000,0,0.4651895761489868,4.408257661549755,0,0,0,0,0,
cross_town,Town02,mixed,18,148,7.4,-7.44941520690918,208.91993713378906,0.22167754173278809,89.98705291748047,0.0,500.6872872837705,0.0,0.0,2.663161087212984e-07,4.463655451029443e-07,0.4313714424788659,0.04974964261054993,0.8360158801078796,0.7089089751243591,0.0,0.4619925916194916,0.04285865277051926,0.9994813799858093,0.26904094219207764,2.1218860149383545,2.209763526916504,0.4294530|0.3171584|0.1244148|0.0793733|0.0496005|0.0000000|0.0000000|0.0000000|0.0000000|0.0000000,0,0.4294529855251312,4.334969652706938,0,0,0,0,0,
cross_town,Town02,mixed,18,149,7.45,-7.44941520690918,208.91993713378906,0.22167754173278809,89.98705291748047,0.0,500.6872872837705,0.0,0.0,2.663161087212984e-07,5.840390109386652e-07,0.4309074029249857,0.5549789071083069,0.6027125716209412,-0.16660283505916595,0.0,0.5419926047325134,-0.0371413454413414,0.9999995231628418,0.2790899872779846,3.8922855854034424,0.16710686683654785,0.7002429|0.1846270|0.1151302|0.0000000|0.0000000|0.0000000|0.0000000|0.0000000|0.0000000|0.0000000,0,0.7002428770065308,4.309632396611113,0,0,0,0,0,
cross_town,Town02,mixed,18,150,7.5,-7.44941520690918,208.91993713378906,0.22167754173278809,89.98705291748047,0.0,500.6872872837705,0.0,0.0,2.663161087212984e-07,9.070911323699959e-07,0.4304792908086093,0.11193221807479858,0.11424672603607178,0.8284251689910889,0.0,0.4619925916194916,0.04285865277051926,1.0,0.2574331760406494,17.97919464111328,1.0062439441680908,0.7942250|0.2057750|0.0000000|0.0000000|0.0000000|0.0000000|0.0000000|0.0000000|0.0000000|0.0000000,0,0.7942250370979309,4.236677043039583,0,0,0,0,0,
cross_town,Town02,mixed,18,151,7.55,-7.44941520690918,208.91993713378906,0.22167754173278809,89.98705291748047,0.0,500.6872872837705,0.0,0.0,2.663161087212984e-07,6.523670757987632e-07,0.4374279712074479,0.5505026578903198,0.3124111294746399,0.02446250431239605,0.0,0.3819925785064697,0.02446250431239605,0.9988162517547607,0.2721670866012573,1.9123098850250244,0.13420307636260986,0.7971051|0.2028950|0.0000000|0.0000000|0.0000000|0.0000000|0.0000000|0.0000000|0.0000000|0.0000000,0,0.797105073928833,4.210585296060169,0,0,0,0,0,
cross_town,Town02,mixed,18,152,7.6,-7.44941520690918,208.91993713378906,0.22167754173278809,89.98705291748047,0.0,500.6872872837705,0.0,0.0,2.663161087212984e-07,6.86709881003785e-07,0.43062654588068894,0.07016795873641968,0.8014856576919556,0.6554036140441895,0.0,0.4619925916194916,0.10446250438690186,0.9894850850105286,0.264559805393219,1.3715360164642334,2.192312717437744,0.4482729|0.3138488|0.1131077|0.0770152|0.0477554|0.0000000|0.0000000|0.0000000|0.0000000|0.0000000,0,0.4482729136943817,4.138020294532105,0,0,0,0,0,
cross_town,Town02,mixed,18,153,7.65,-7.44941520690918,208.91993713378906,0.22167754173278809,89.98705291748047,0.0,500.6872872837705,0.0,0.0,2.663161087212984e-07,3.438781129544876e-08,0.4308357525202164,0.4138743281364441,0.8313274383544922,-0.14232197403907776,0.0,0.5419926047325134,0.02446250431239605,0.9826194047927856,0.27760836482048035,1.2311081886291504,0.5788114070892334,0.6488950|0.2453324|0.1057727|0.0000000|0.0000000|0.0000000|0.0000000|0.0000000|0.0000000|0.0000000,0,0.6488949656486511,4.111262361540667,0,0,0,0,0,
cross_town,Town02,mixed,18,154,7.7,-7.44941520690918,208.91993713378906,0.22167754173278809,89.98705291748047,0.0,500.6872872837705,0.0,0.0,2.663161087212984e-07,2.3814707722883496e-07,0.42860211652873126,0.11320149898529053,0.4288058876991272,0.5026217103004456,0.0,0.4619925916194916,0.10446250438690186,0.9999985694885254,0.2614232301712036,3.596879243850708,2.2362427711486816,0.4743910|0.3056261|0.1029519|0.0674595|0.0495716|0.0000000|0.0000000|0.0000000|0.0000000|0.0000000,0,0.47439101338386536,4.039219650022681,0,0,0,0,0,
cross_town,Town02,mixed,18,155,7.75,-7.44941520690918,208.91993713378906,0.22167754173278809,89.98705291748047,0.0,500.6872872837705,0.0,0.0,2.663161087212984e-07,3.433642656421087e-07,0.44594011855923843,0.22907626628875732,0.5025904178619385,0.038778673857450485,0.0,0.5025904178619385,0.038778673857450485,0.8465095162391663,0.2566271424293518,0.670243501663208,2.150522470474243,0.5430946|0.3103830|0.0853500|0.0611724|0.0000000|0.0000000|0.0000000|0.0000000|0.0000000|0.0000000,0,0.5430945754051208,4.011931258931929,0,0,0,0,0,
cross_town,Town02,mixed,18,156,7.8,-7.44941520690918,208.91993713378906,0.22167754173278809,89.98705291748047,0.0,500.6872872837705,0.0,0.0,2.663161087212984e-07,3.7768854098683186e-07,0.4403554978225548,0.059028446674346924,0.0017791688442230225,-0.23332682251930237,0.0,0.4225904047489166,-0.04122132435441017,0.8719934821128845,0.800000011920929,0.1796751320362091,-1.2426795959472656,1.0000000|0.0000000|0.0000000|0.0000000|0.0000000|0.0000000|0.0000000|0.0000000|0.0000000|0.0000000,0,1.0,3.9405176737817103,0,0,0,0,0,
cross_town,Town02,mixed,18,157,7.85,-7.44941520690918,208.91993713378906,0.22167754173278809,89.98705291748047,0.0,500.6872872837705,0.0,0.0,2.663161087212984e-07,4.125245076443555e-07,0.4270024953806858,0.060737013816833496,0.734879195690155,0.7058154344558716,0.0,0.5025904178619385,0.038778673857450485,0.999996542930603,0.2585362195968628,3.3875231742858887,2.094829559326172,0.4967080|0.2733747|0.0989968|0.0751307|0.0557897|0.0000000|0.0000000|0.0000000|0.0000000|0.0000000,0,0.4967079758644104,3.912887512574732,0,0,0,0,0,
cross_town,Town02,mixed,18,158,7.9,-7.44941520690918,208.91993713378906,0.22167754173278809,89.98705291748047,0.0,500.6872872837705,0.0,0.0,2.663161087212984e-07,4.806937456732139e-07,0.42642918889889,0.18362098932266235,0.319466233253479,0.4803333282470703,0.0,0.4225904047489166,0.11877867579460144,0.9999902248382568,0.2481752187013626,3.1342272758483887,1.825054407119751,0.5858900|0.3066359|0.1074741|0.0000000|0.0000000|0.0000000|0.0000000|0.0000000|0.0000000|0.0000000,0,0.585889995098114,3.842196961748567,0,0,0,0,0,
cross_town,Town02,mixed,18,159,7.95,-7.44941520690918,208.91993713378906,0.22167754173278809,89.98705291748047,0.0,500.6872872837705,0.0,0.0,2.663161087212984e-07,6.180643991401497e-07,0.4339044074442407,0.10739165544509888,0.8601849675178528,0.18638479709625244,0.0,0.5025904178619385,0.18638479709625244,0.9412440657615662,0.25549986958503723,0.9379526972770691,2.0721797943115234,0.5237435|0.2487065|0.1022720|0.0697733|0.0555047|0.0000000|0.0000000|0.0000000|0.0000000|0.0000000,0,0.5237434506416321,3.813992536034454,0,0,0,0,0,
cross_town,Town02,mixed,18,160,8.0,-7.44941520690918,208.91993713378906,0.22167754173278809,89.98705291748047,0.0,500.6872872837705,0.0,0.0,2.663161087212984e-07,7.3067749053037e-07,0.42521601653040864,0.5527920722961426,0.0374222993850708,0.35532212257385254,0.0,0.4225904047489166,0.2663848102092743,1.0,0.23893019556999207,7.194828033447266,-0.5321848392486572,0.8445986|0.1554014|0.0000000|0.0000000|0.0000000|0.0000000|0.0000000|0.0000000|0.0000000|0.0000000,0,0.8445985913276672,3.7439053350338782,0,0,0,0,0,
cross_town,Town02,mixed,18,161,8.05,-7.44941520690918,208.91993713378906,0.22167754173278809,89.98705291748047,0.0,500.6872872837705,0.0,0.0,2.663161087212984e-07,3.451741422728117e-08,0.42460591430303335,0.04805105924606323,0.953544557094574,-0.3680218756198883,0.0,0.5025904178619385,0.18638481199741364,0.9997034668922424,0.24870158731937408,2.2820863723754883,0.38602256774902344,0.5714120|0.2563659|0.1034866|0.0687355|0.0000000|0.0000000|0.0000000|0.0000000|0.0000000|0.0000000,0,0.5714119672775269,3.7153154164614337,0,0,0,0,0,
cross_town,Town02,mixed,18,162,8.1,-7.44941520690918,208.91993713378906,0.22167754173278809,89.98705291748047,0.0,500.6872872837705,0.0,0.0,2.663161087212984e-07,3.442784455515646e-08,0.4806763529160231,0.3410499095916748,0.641977071762085,-0.1598825454711914,0.0,0.5825904011726379,0.10638481378555298,0.43235594034194946,0.24701496958732605,0.1849236637353897,1.411238431930542,0.5775514|0.2618527|0.0989576|0.0616383|0.0000000|0.0000000|0.0000000|0.0000000|0.0000000|0.0000000,0,0.5775513648986816,3.6458310549899386,0,0,0,0,0,
cross_town,Town02,mixed,18,163,8.15,-7.44941520690918,208.91993713378906,0.22167754173278809,89.98705291748047,0.0,500.6872872837705,0.0,0.0,2.663161087212984e-07,1.5535664950263742e-06,0.4232601751937927,0.2487127184867859,0.27190083265304565,-0.11092229932546616,0.0,0.5025904178619385,0.026384813711047173,0.9996358156204224,0.24565622210502625,2.233760356903076,1.4874645471572876,0.5877023|0.2474163|0.1006933|0.0641880|0.0000000|0.0000000|0.0000000|0.0000000|0.0000000|0.0000000,0,0.5877023339271545,3.6167481143325273,0,0,0,0,0,
cross_town,Town02,mixed,18,164,8.2,-7.44941520690918,208.91993713378906,0.22167754173278809,89.98705291748047,0.0,500.6872872837705,0.0,0.0,2.663161087212984e-07,3.488839598662676e-08,0.42250911681615533,0.0955512523651123,0.35245805978775024,0.4388095438480377,0.0,0.4225904047489166,0.10638481378555298,1.0,0.24376770853996277,5.139062881469727,1.6816272735595703,0.5980930|0.2440050|0.0950522|0.0628497|0.0000000|0.0000000|0.0000000|0.0000000|0.0000000|0.0000000,0,0.5980930328369141,3.5477523273531575,0,0,0,0,0,
cross_town,Town02,mixed,18,165,8.25,-7.44941520690918,208.91993713378906,0.22167754173278809,89.98705291748047,0.0,500.6872872837705,0.0,0.0,2.663161087212984e-07,7.25824164748306e-08,0.4476500924008466,0.18282681703567505,0.6228300929069519,0.08250457048416138,0.0,0.5025904178619385,0.08250457048416138,0.8111443519592285,0.24260711669921875,0.6217586398124695,2.1130223274230957,0.6037104|0.2592322|0.0696044|0.0674531|0.0000000|0.0000000|0.0000000|0.0000000|0.0000000|0.0000000,0,0.603710412979126,3.518185581044275,0,0,0,0,0,
cross_town,Town02,mixed,18,166,8.3,-7.44941520690918,208.91993713378906,0.22167754173278809,89.98705291748047,0.0,500.6872872837705,0.0,0.0,2.663161087212984e-07,1.5874410295002675e-06,0.4276664804164152,0.21388819813728333,0.35836392641067505,0.05217919126152992,0.0,0.4225904047489166,0.05217919126152992,0.9991006851196289,0.24025630950927734,2.0129880905151367,1.884366750717163,0.6187366|0.2292820|0.0973319|0.0546494|0.0000000|0.0000000|0.0000000|0.0000000|0.0000000|0.0000000,0,0.6187366247177124,3.44974116283052,0,0,0,0,0,
cross_town,Town02,mixed,18,167,8.35,-7.44941520690918,208.91993713378906,0.22167754173278809,89.98705291748047,0.0,500.6872872837705,0.0,0.0,2.663161087212984e-07,7.004459933304281e-08,0.4204236074729287,0.12085285782814026,0.48873069882392883,0.39121076464653015,0.0,0.48873069882392883,0.13217918574810028,0.9978025555610657,0.23764753341674805,1.7919164896011353,1.9252451658248901,0.6448652|0.2304692|0.0661428|0.0585229|0.0000000|0.0000000|0.0000000|0.0000000|0.0000000|0.0000000,0,0.6448651552200317,3.4195789576058284,0,0,0,0,0,
cross_town,Town02,mixed,18,168,8.4,-7.44941520690918,208.91993713378906,0.22167754173278809,89.98705291748047,0.0,500.6872872837705,0.0,0.0,2.663161087212984e-07,1.0405151946894572e-07,0.44096359505103466,0.35900139808654785,0.3156229555606842,-0.22948141396045685,0.0,0.408730685710907,0.052179187536239624,0.7841342091560364,0.23738661408424377,0.5850942134857178,1.817603588104248,0.6300009|0.2393586|0.0713204|0.0593201|0.0000000|0.0000000|0.0000000|0.0000000|0.0000000|0.0000000,0,0.6300008893013,3.351817650837858,0,0,0,0,0,
cross_town,Town02,mixed,18,169,8.45,-7.44941520690918,208.91993713378906,0.22167754173278809,89.98705291748047,0.0,500.6872872837705,0.0,0.0,2.663161087212984e-07,1.043877552277231e-07,0.4185313759823241,0.08650228381156921,0.4164716601371765,0.3322543799877167,0.0,0.4164716601371765,0.13217918574810028,0.9998923540115356,0.23547643423080444,2.5487091541290283,1.4838494062423706,0.6356924|0.2250927|0.0819753|0.0572396|0.0000000|0.0000000|0.0000000|0.0000000|0.0000000|0.0000000,0,0.6356924176216125,3.3211724950322594,0,0,0,0,0,
cross_town,Town02,mixed,18,170,8.5,-7.44941520690918,208.91993713378906,0.22167754173278809,89.98705291748047,0.0,500.6872872837705,0.0,0.0,2.663161087212984e-07,3.439727708048617e-08,0.42280535663577434,0.15657779574394226,0.798591673374176,0.054475586861371994,0.0,0.49647167325019836,0.054475586861371994,0.9526057243347168,0.23802253603935242,1.0121524333953857,1.5817499160766602,0.6117136|0.1934545|0.0824204|0.0595659|0.0528456|0.0000000|0.0000000|0.0000000|0.0000000|0.0000000,0,0.6117135882377625,3.2539588603975114,0,0,0,0,0,
cross_town,Town02,mixed,18,171,8.55,-7.44941520690918,208.91993713378906,0.22167754173278809,89.98705291748047,0.0,500.6872872837705,0.0,0.0,2.663161087212984e-07,1.0299986147397842e-07,0.416710316685404,0.48633870482444763,0.7880919575691223,-0.1474095582962036,0.0,0.5764716863632202,-0.025524413213133812,1.0,0.27882617712020874,6.761811256408691,0.7078811526298523,0.6410388|0.1943258|0.1646355|0.0000000|0.0000000|0.0000000|0.0000000|0.0000000|0.0000000|0.0000000,0,0.6410387754440308,3.222897728202452,0,0,0,0,0,
cross_town,Town02,mixed,18,172,8.6,-7.44941520690918,208.91993713378906,0.22167754173278809,89.98705291748047,0.0,500.6872872837705,0.0,0.0,2.663161087212984e-07,2.7469521771566825e-07,0.4230335566784543,0.21711748838424683,0.014132708311080933,-0.007250859867781401,0.0,0.49647167325019836,-0.007250859867781401,0.9999980926513672,0.30439531803131104,3.483689069747925,0.2694928050041199,0.4075135|0.3291512|0.2633353|0.0000000|0.0000000|0.0000000|0.0000000|0.0000000|0.0000000|0.0000000,0,0.4075135290622711,3.156332484893002,0,0,0,0,0,
cross_town,Town02,mixed,18,173,8.65,-7.44941520690918,208.91993713378906,0.22167754173278809,89.98705291748047,0.0,500.6872872837705,0.0,0.0,2.663161087212984e-07,4.4638222587699677e-07,0.41476363009422457,0.1935216784477234,0.04012611508369446,0.28196170926094055,0.0,0.4164716601371765,0.07274913787841797,1.0,0.21282653510570526,8.599371910095215,0.6539301872253418,0.9083571|0.0916429|0.0000000|0.0000000|0.0000000|0.0000000|0.0000000|0.0000000|0.0000000|0.0000000,0,0.9083570837974548,3.1246981284194946,0,0,0,0,0,
cross_town,Town02,mixed,18,174,8.7,-7.44941520690918,208.91993713378906,0.22167754173278809,89.98705291748047,0.0,500.6872872837705,0.0,0.0,2.663161087212984e-07,5.493809165037636e-07,0.4145876672144045,0.09237372875213623,0.21349072456359863,-0.002749089617282152,0.0,0.33647164702415466,-0.002749089617282152,0.9998773336410522,0.2266639769077301,2.5248982906341553,1.0062611103057861,0.6770602|0.1914371|0.0797915|0.0517111|0.0000000|0.0000000|0.0000000|0.0000000|0.0000000|0.0000000,0,0.6770602464675903,3.058647783271308,0,0,0,0,0,
cross_town,Town02,mixed,18,175,8.75,-7.44941520690918,208.91993713378906,0.22167754173278809,89.98705291748047,0.0,500.6872872837705,0.0,0.0,2.663161087212984e-07,5.837137889214996e-07,0.4126779149761796,0.04876020550727844,0.8106823563575745,0.5163968205451965,0.0,0.4164716601371765,0.07725091278553009,0.9999250173568726,0.2298188954591751,2.644637107849121,1.9210304021835327,0.6370251|0.1843483|0.0727250|0.0604535|0.0454482|0.0000000|0.0000000|0.0000000|0.0000000|0.0000000,0,0.6370251178741455,3.0265753457252003,0,0,0,0,0,
cross_town,Town02,mixed,18,176,8.8,-7.44941520690918,208.91993713378906,0.22167754173278809,89.98705291748047,0.0,500.6872872837705,0.0,0.0,2.663161087212984e-07,6.183815920810359e-07,0.419219053024393,0.0654565691947937,0.3826528787612915,0.08189301192760468,0.0,0.3826528787612915,0.08189301192760468,1.0,0.22047685086727142,13.454385757446289,0.9085534811019897,0.7871422|0.0798586|0.0744927|0.0585065|0.0000000|0.0000000|0.0000000|0.0000000|0.0000000|0.0000000,0,0.7871422171592712,2.96127142785216,0,0,0,0,0,
cross_town,Town02,mixed,18,177,8.85,-7.44941520690918,208.91993713378906,0.22167754173278809,89.98705291748047,0.0,500.6872872837705,0.0,0.0,2.663161087212984e-07,8.398010086402337e-07,0.4180447819605662,0.05635914206504822,0.48116186261177063,0.08867831528186798,0.0,0.46265289187431335,0.08867831528186798,1.0,0.2195529192686081,9.583786010742188,1.117411732673645,0.7812544|0.0884984|0.0721833|0.0580639|0.0000000|0.0000000|0.0000000|0.0000000|0.0000000|0.0000000,0,0.7812544107437134,2.9287765846739435,0,0,0,0,0,
cross_town,Town02,mixed,18,178,8.9,-7.44941520690918,208.91993713378906,0.22167754173278809,89.98705291748047,0.0,500.6872872837705,0.0,0.0,2.663161087212984e-07,6.868525935358523e-08,0.40923676918585267,0.2705070972442627,0.791879415512085,0.27199113368988037,0.0,0.5426529049873352,0.16867831349372864,0.9999486207962036,0.27910199761390686,2.690056085586548,1.0001685619354248,0.5903299|0.2515196|0.1581505|0.0000000|0.0000000|0.0000000|0.0000000|0.0000000|0.0000000|0.0000000,0,0.5903299450874329,2.864053035253629,0,0,0,0,0,
cross_town,Town02,mixed,18,179,8.95,-7.44941520690918,208.91993713378906,0.22167754173278809,89.98705291748047,0.0,500.6872872837705,0.0,0.0,2.663161087212984e-07,2.4037834713479505e-07,0.47247181686722006,0.34880638122558594,0.4279157519340515,-0.28684014081954956,0.0,0.46265289187431335,0.08867831528186798,0.3552921414375305,0.2173706591129303,0.13366511464118958,1.1218791007995605,0.7113807|0.1761666|0.0656648|0.0467879|0.0000000|0.0000000|0.0000000|0.0000000|0.0000000|0.0000000,0,0.711380660533905,2.8311107286175345,0,0,0,0,0,
cross_town,Town02,mixed,18,180,9.0,-7.44941520690918,208.91993713378906,0.22167754173278809,89.98705291748047,0.0,500.6872872837705,0.0,0.0,2.663161087212984e-07,2.747050894323334e-07,0.40683130665851197,0.18279540538787842,0.31964728236198425,-0.014248502440750599,0.0,0.3826528787612915,0.008678315207362175,0.9989240765571594,0.2216372787952423,1.9867565631866455,1.8732309341430664,0.6624913|0.1646609|0.0712850|0.0591669|0.0423959|0.0000000|0.0000000|0.0000000|0.0000000|0.0000000,0,0.6624913215637207,2.767014459459781,0,0,0,0,0,
cross_town,Town02,mixed,18,181,9.05,-7.44941520690918,208.91993713378906,0.22167754173278809,89.98705291748047,0.0,500.6872872837705,0.0,0.0,2.663161087212984e-07,3.090217210978026e-07,0.40540115428101514,0.14190927147865295,0.008776992559432983,-0.32863277196884155,0.0,0.30265286564826965,-0.07132168114185333,1.0,0.29964160919189453,10.227428436279297,0.3669663071632385,0.4739468|0.5260532|0.0000000|0.0000000|0.0000000|0.0000000|0.0000000|0.0000000|0.0000000|0.0000000,1,0.526053249835968,2.7336306574782254,0,0,0,0,0,
cross_town,Town02,mixed,18,182,9.1,-7.44941520690918,208.91993713378906,0.22167754173278809,89.98705291748047,0.0,500.6872872837705,0.0,0.0,2.663161087212984e-07,3.4335583779305467e-07,0.4040445253106987,0.06428015232086182,0.5131821036338806,0.41817229986190796,0.0,0.3826528787612915,0.008678318932652473,0.9998401403427124,0.2124267816543579,2.472957134246826,1.8365306854248047,0.7204054|0.1720264|0.0614685|0.0460998|0.0000000|0.0000000|0.0000000|0.0000000|0.0000000|0.0000000,0,0.7204053997993469,2.670248039566441,0,0,0,0,0,
cross_town,Town02,mixed,18,183,9.15,-7.44941520690918,208.91993713378906,0.22167754173278809,89.98705291748047,0.0,500.6872872837705,0.0,0.0,2.663161087212984e-07,4.120218916343978e-07,0.4047394124272946,0.049169689416885376,0.1518237590789795,0.1276705116033554,0.0,0.30265286564826965,0.08867831528186798,0.9786802530288696,0.2047845721244812,1.2518575191497803,1.4929141998291016,0.7743071|0.1752926|0.0504003|0.0000000|0.0000000|0.0000000|0.0000000|0.0000000|0.0000000|0.0000000,0,0.774307131767273,2.636396136993557,0,0,0,0,0,
cross_town,Town02,mixed,18,184,9.2,-7.44941520690918,208.91993713378906,0.22167754173278809,89.98705291748047,0.0,500.6872872837705,0.0,0.0,2.663161087212984e-07,5.839766083183304e-07,0.4060933589403106,0.06752774119377136,0.8012194037437439,0.13629159331321716,0.0,0.3826528787612915,0.13629159331321716,0.9999887943267822,0.21345166862010956,3.1363234519958496,1.8134406805038452,0.6937147|0.1500019|0.0617625|0.0573046|0.0372162|0.0000000|0.0000000|0.0000000|0.0000000|0.0000000,0,0.6937147378921509,2.573585749440936,0,0,0,0,0,
cross_town,Town02,mixed,18,185,9.25,-7.44941520690918,208.91993713378906,0.22167754173278809,89.98705291748047,0.0,500.6872872837705,0.0,0.0,2.663161087212984e-07,7.725027554101649e-07,0.39960598319710694,0.2567119598388672,0.7274788022041321,0.33044910430908203,0.0,0.46265289187431335,0.21629159152507782,1.0,0.2829667329788208,7.200708866119385,0.7607550024986267,0.4783731|0.1994964|0.1903681|0.1317625|0.0000000|0.0000000|0.0000000|0.0000000|0.0000000|0.0000000,0,0.47837305068969727,2.539365994660246,0,0,0,0,0,
cross_town,Town02,mixed,18,186,9.3,-7.44941520690918,208.91993713378906,0.22167754173278809,89.98705291748047,0.0,500.6872872837705,0.0,0.0,2.663161087212984e-07,0.0,0.3983565106179082,0.3099348545074463,0.861127495765686,-0.4790627956390381,0.0,0.5426529049873352,0.13629159331321716,0.9966539144515991,0.20445407927036285,1.7197010517120361,0.6301122307777405,0.7458463|0.1544950|0.0602706|0.0393881|0.0000000|0.0000000|0.0000000|0.0000000|0.0000000|0.0000000,0,0.7458463311195374,2.4772271241725603,0,0,0,0,0,
cross_town,Town02,mixed,18,187,9.35,-7.44941520690918,208.91993713378906,0.22167754173278809,89.98705291748047,0.0,500.6872872837705,0.0,0.0,2.663161087212984e-07,1.3735685011580615e-07,0.39638251294416793,0.15346306562423706,0.09944814443588257,-0.12232434004545212,0.0,0.46265289187431335,0.056291595101356506,0.9999998807907104,0.2985388934612274,4.326662540435791,0.5209535360336304,0.5243088|0.4756913|0.0000000|0.0000000|0.0000000|0.0000000|0.0000000|0.0000000|0.0000000|0.0000000,0,0.5243088006973267,2.443540368789602,0,0,0,0,0,
cross_town,Town02,mixed,18,188,9.4,-7.44941520690918,208.91993713378906,0.22167754173278809,89.98705291748047,0.0,500.6872872837705,0.0,0.0,2.663161087212984e-07,1.728438845288682e-07,0.3946837919123224,0.02457284927368164,0.10733217000961304,-0.2731574773788452,0.0,0.3826528787612915,-0.0237084049731493,1.0,0.1907043606042862,6.746756076812744,0.8484505414962769,0.8819366|0.0693768|0.0486866|0.0000000|0.0000000|0.0000000|0.0000000|0.0000000|0.0000000|0.0000000,0,0.8819366097450256,2.3862959445963683,0,0,0,0,0,
cross_town,Town02,mixed,18,189,9.45,-7.44941520690918,208.91993713378906,0.22167754173278809,89.98705291748047,0.0,500.6872872837705,0.0,0.0,2.663161087212984e-07,3.0901890531893596e-07,0.392931482079249,0.04469335079193115,0.5180702209472656,0.27118903398513794,0.0,0.46265289187431335,0.056291595101356506,0.9999998807907104,0.20660383999347687,4.206800937652588,1.6917932033538818,0.6968063|0.1480045|0.0605270|0.0566094|0.0380529|0.0000000|0.0000000|0.0000000|0.0000000|0.0000000,0,0.6968062520027161,2.3605179071957036,0,0,0,0,0,
cross_town,Town02,mixed,18,190,9.5,-7.44941520690918,208.91993713378906,0.22167754173278809,89.98705291748047,0.0,500.6872872837705,0.0,0.0,2.663161087212984e-07,4.120201502616107e-07,0.3911786000788765,0.1321367621421814,0.1437007188796997,-0.29160043597221375,0.0,0.3826528787612915,-0.0237084049731493,0.9994487166404724,0.20240819454193115,2.1732468605041504,1.5155887603759766,0.7236142|0.1336707|0.0569405|0.0493290|0.0364457|0.0000000|0.0000000|0.0000000|0.0000000|0.0000000,0,0.7236141562461853,2.3123806437118506,0,0,0,0,0,
cross_town,Town02,mixed,18,191,9.55,-7.44941520690918,208.91993713378906,0.22167754173278809,89.98705291748047,0.0,500.6872872837705,0.0,0.0,2.663161087212984e-07,5.154148795922297e-07,0.38926950972818747,0.03954029083251953,0.4866216778755188,0.2925178110599518,0.0,0.46265289187431335,0.056291595101356506,0.9999768733978271,0.20111259818077087,2.967482566833496,1.7247638702392578,0.7234950|0.1326523|0.0533604|0.0544755|0.0360167|0.0000000|0.0000000|0.0000000|0.0000000|0.0000000,0,0.7234950065612793,2.2962751077230315,0,0,0,0,0,
cross_town,Town02,mixed,18,192,9.6,-7.44941520690918,208.91993713378906,0.22167754173278809,89.98705291748047,0.0,500.6872872837705,0.0,0.0,2.663161087212984e-07,6.180389011366309e-07,0.3873599815982001,0.04726478457450867,0.13296741247177124,-0.19336119294166565,0.0,0.3826528787612915,-0.0237084049731493,1.0,0.18960151076316833,5.282765865325928,1.0837777853012085,0.8392300|0.0589802|0.0611099|0.0406800|0.0000000|0.0000000|0.0000000|0.0000000|0.0000000|0.0000000,0,0.8392300009727478,2.254767340011712,0,0,0,0,0,
cross_town,Town02,mixed,18,193,9.65,-7.44941520690918,208.91993713378906,0.22167754173278809,89.98705291748047,0.0,500.6872872837705,0.0,0.0,2.663161087212984e-07,6.86711122025776e-07,0.38541031649327995,0.035956501960754395,0.415195107460022,0.18332907557487488,0.0,0.415195107460022,0.056291595101356506,0.9999834299087524,0.19784940779209137,3.0541136264801025,1.6792490482330322,0.7280033|0.1324064|0.0534892|0.0519572|0.0341440|0.0000000|0.0000000|0.0000000|0.0000000|0.0000000,0,0.7280032634735107,2.244887252636253,0,0,0,0,0,
cross_town,Town02,mixed,18,194,9.7,-7.44941520690918,208.91993713378906,0.22167754173278809,89.98705291748047,0.0,500.6872872837705,0.0,0.0,2.663161087212984e-07,7.21041528638529e-07,0.3834107497746638,0.18407279253005981,0.16155341267585754,-0.3816632330417633,0.0,0.3351950943470001,-0.0237084049731493,0.9999771118164062,0.1907651275396347,2.981050729751587,1.711101770401001,0.7693924|0.1388011|0.0570731|0.0347334|0.0000000|0.0000000|0.0000000|0.0000000|0.0000000|0.0000000,0,0.7693923711776733,2.2053025004612956,0,0,0,0,0,
cross_town,Town02,mixed,18,195,9.75,-7.44941520690918,208.91993713378906,0.22167754173278809,89.98705291748047,0.0,500.6872872837705,0.0,0.0,2.663161087212984e-07,3.4389797717340156e-08,0.3868470285375532,0.017503440380096436,0.32036787271499634,-0.06650745868682861,0.0,0.32036787271499634,-0.06650745868682861,1.0,0.18399465084075928,9.947656631469727,1.282470941543579,0.8466850|0.0597592|0.0572098|0.0363460|0.0000000|0.0000000|0.0000000|0.0000000|0.0000000|0.0000000,0,0.846684992313385,2.196847297882846,0,0,0,0,0,
cross_town,Town02,mixed,18,196,9.8,-7.44941520690918,208.91993713378906,0.22167754173278809,89.98705291748047,0.0,500.6872872837705,0.0,0.0,2.663161087212984e-07,1.349260605356735e-06,0.37927556439265164,0.05284625291824341,0.5603989362716675,0.31820327043533325,0.0,0.4003678858280182,0.013492541387677193,0.9999622106552124,0.18938423693180084,2.8567869663238525,1.8828930854797363,0.7576005|0.1332032|0.0588547|0.0503416|0.0000000|0.0000000|0.0000000|0.0000000|0.0000000|0.0000000,0,0.7576004862785339,2.1553995859610824,0,0,0,0,0,
cross_town,Town02,mixed,18,197,9.85,-7.44941520690918,208.91993713378906,0.22167754173278809,89.98705291748047,0.0,500.6872872837705,0.0,0.0,2.663161087212984e-07,3.0902191956945186e-07,0.37714574272606644,0.08391332626342773,0.1759130358695984,-0.28492382168769836,0.0,0.32036787271499634,-0.06650745868682861,0.9998775720596313,0.1852228343486786,2.5668535232543945,1.6272594928741455,0.7813905|0.1365423|0.0482884|0.0337788|0.0000000|0.0000000|0.0000000|0.0000000|0.0000000|0.0000000,0,0.7813904881477356,2.1448411232491376,0,0,0,0,0,
cross_town,Town02,mixed,18,198,9.9,-7.44941520690918,208.91993713378906,0.22167754173278809,89.98705291748047,0.0,500.6872872837705,0.0,0.0,2.663161087212984e-07,3.433540072422072e-07,0.3749473428298872,0.055713385343551636,0.6011528372764587,0.39517831802368164,0.0,0.4003678858280182,0.013492541387677193,0.9999414682388306,0.19186922907829285,2.744581699371338,2.0444295406341553,0.7319088|0.1203270|0.0524133|0.0505379|0.0312786|0.0135344|0.0000000|0.0000000|0.0000000|0.0000000,0,0.7319087982177734,2.0999862396833344,0,0,0,0,0,
cross_town,Town02,mixed,18,199,9.95,-7.44941520690918,208.91993713378906,0.22167754173278809,89.98705291748047,0.0,500.6872872837705,0.0,0.0,2.663161087212984e-07,4.306093850359939e-07,0.3727096652503564,0.08833286166191101,0.17559587955474854,-0.3551376461982727,0.0,0.32036787271499634,-0.06650745868682861,0.9999109506607056,0.1836751252412796,2.6479740142822266,1.7159709930419922,0.7804164|0.1217582|0.0514875|0.0321875|0.0141504|0.0000000|0.0000000|0.0000000|0.0000000|0.0000000,0,0.7804163694381714,2.0858101581751605,0,0,0,0,0,
cross_town,Town02,mixed,18,200,10.0,-7.44941520690918,208.91993713378906,0.22167754173278809,89.98705291748047,0.0,500.6872872837705,0.0,0.0,2.663161087212984e-07,5.15035160920853e-07,0.39609069744164344,0.06327691674232483,0.5726292729377747,0.3945407569408417,0.0,0.4003678858280182,0.013492541387677193,0.7431169152259827,0.18432924151420593,0.5812289118766785,2.0015828609466553,0.7655256|0.1268755|0.0588880|0.0340567|0.0146542|0.0000000|0.0000000|0.0000000|0.0000000|0.0000000,0,0.7655256390571594,2.0379883084911756,0,0,0,0,0,
cross_town,Town02,mixed,18,201,10.05,-7.44941520690918,208.91993713378906,0.22167754173278809,89.98705291748047,0.0,500.6872872837705,0.0,0.0,2.663161087212984e-07,5.837408577179088e-07,0.36917918285616624,0.11880946159362793,0.3053089380264282,0.1742742508649826,0.0,0.32036787271499634,0.0934925377368927,0.988733172416687,0.18721674382686615,1.4314225912094116,2.1013410091400146,0.7380829|0.1221689|0.0469147|0.0459914|0.0319346|0.0149075|0.0000000|0.0000000|0.0000000|0.0000000,0,0.7380829453468323,2.0210517693659353,0,0,0,0,0,
cross_town,Town02,mixed,18,202,10.1,-7.44941520690918,208.91993713378906,0.22167754173278809,89.98705291748047,0.0,500.6872872837705,0.0,0.0,2.663161087212984e-07,6.644630375660234e-07,0.3658165460751325,0.11119496822357178,0.6544104814529419,-0.1465495377779007,0.0,0.4003678858280182,0.013492537662386894,0.9982472658157349,0.18329304456710815,1.9029104709625244,1.9734179973602295,0.7535810|0.1186549|0.0499391|0.0441809|0.0336441|0.0000000|0.0000000|0.0000000|0.0000000|0.0000000,0,0.7535809874534607,1.9715855537866163,0,0,0,0,0,
cross_town,Town02,mixed,18,203,10.15,-7.44941520690918,208.91993713378906,0.22167754173278809,89.98705291748047,0.0,500.6872872837705,0.0,0.0,2.663161087212984e-07,3.4356697193460314e-08,0.3632141053152249,0.12617647647857666,0.15999048948287964,-0.44217631220817566,0.0,0.32036787271499634,-0.06650745868682861,0.9996262788772583,0.17352056503295898,2.299405574798584,1.7624070644378662,0.8104373|0.1269914|0.0462604|0.0163109|0.0000000|0.0000000|0.0000000|0.0000000|0.0000000|0.0000000,0,0.8104373216629028,1.9534514953879882,0,0,0,0,0,
cross_town,Town02,mixed,18,204,10.2,-7.44941520690918,208.91993713378906,0.22167754173278809,89.98705291748047,0.0,500.6872872837705,0.0,0.0,2.663161087212984e-07,1.3734488647664045e-07,0.3637336342764417,0.06312331557273865,0.5421705842018127,0.2381764054298401,0.0,0.4003678858280182,0.013492541387677193,0.9691630005836487,0.17433306574821472,1.1875969171524048,1.8823862075805664,0.7957705|0.1225761|0.0479892|0.0336643|0.0000000|0.0000000|0.0000000|0.0000000|0.0000000|0.0000000,0,0.795770525932312,1.9040530785462662,0,0,0,0,0,
cross_town,Town02,mixed,18,205,10.25,-7.44941520690918,208.91993713378906,0.22167754173278809,89.98705291748047,0.0,500.6872872837705,0.0,0.0,2.663161087212984e-07,3.090237926263822e-07,0.3615264780303153,0.14595603942871094,0.32444655895233154,-0.04591621831059456,0.0,0.32444655895233154,-0.04591621831059456,0.9998791217803955,0.1806824952363968,2.574408769607544,2.062058448791504,0.7505203|0.1138234|0.0462184|0.0474740|0.0272215|0.0147425|0.0000000|0.0000000|0.0000000|0.0000000,0,0.7505202889442444,1.8863315993038872,0,0,0,0,0,
cross_town,Town02,mixed,18,206,10.3,-7.44941520690918,208.91993713378906,0.22167754173278809,89.98705291748047,0.0,500.6872872837705,0.0,0.0,2.663161087212984e-07,3.433466294126618e-07,0.3558281573674243,0.0932958722114563,0.24677836894989014,-0.2529425323009491,0.0,0.24677836894989014,-0.12591621279716492,0.9959988594055176,0.16253486275672913,1.7167541980743408,1.7322351932525635,0.8578477|0.1229122|0.0192401|0.0000000|0.0000000|0.0000000|0.0000000|0.0000000|0.0000000|0.0000000,0,0.8578476905822754,1.8380539386728982,0,0,0,0,0,
cross_town,Town02,mixed,18,207,10.35,-7.44941520690918,208.91993713378906,0.22167754173278809,89.98705291748047,0.0,500.6872872837705,0.0,0.0,2.663161087212984e-07,3.661921927805352e-07,0.3528090182515079,0.06368261575698853,0.6964769959449768,0.5322387218475342,0.0,0.326778382062912,-0.04591621458530426,0.9992627501487732,0.16915631294250488,2.1338083744049072,1.7398778200149536,0.8058532|0.1159061|0.0475331|0.0307076|0.0000000|0.0000000|0.0000000|0.0000000|0.0000000|0.0000000,0,0.8058531880378723,1.821735138131927,0,0,0,0,0,
cross_town,Town02,mixed,18,208,10.4,-7.44941520690918,208.91993713378906,0.22167754173278809,89.98705291748047,0.0,500.6872872837705,0.0,0.0,2.663161087212984e-07,4.1200794950730065e-07,0.35734312350809705,0.02380654215812683,0.4818722903728485,-0.02959016151726246,0.0,0.40677839517593384,-0.02959016151726246,1.0,0.16519927978515625,11.859169960021973,1.6989576816558838,0.8537812|0.0478907|0.0487313|0.0323405|0.0172562|0.0000000|0.0000000|0.0000000|0.0000000|0.0000000,0,0.8537812232971191,1.7747930840571158,0,0,0,0,0,
cross_town,Town02,mixed,18,209,10.45,-7.44941520690918,208.91993713378906,0.22167754173278809,89.98705291748047,0.0,500.6872872837705,0.0,0.0,2.663161087212984e-07,5.839808837068016e-07,0.34737685597332885,0.06412923336029053,0.1151532530784607,-0.44724252820014954,0.0,0.326778382062912,-0.10959015786647797,0.9980545043945312,0.15207648277282715,1.9079862833023071,1.5704936981201172,0.9250883|0.0577783|0.0171334|0.0000000|0.0000000|0.0000000|0.0000000|0.0000000|0.0000000|0.0000000,0,0.9250883460044861,1.7599407481159308,0,0,0,0,0,
cross_town,Town02,mixed,18,210,10.5,-7.44941520690918,208.91993713378906,0.22167754173278809,89.98705291748047,0.0,500.6872872837705,0.0,0.0,2.663161087212984e-07,7.553860966069506e-07,0.3443237413990563,0.03725364804267883,0.2776135206222534,0.018408847972750664,0.0,0.2776135206222534,-0.02959015779197216,1.0,0.15578559041023254,8.943277359008789,1.5439279079437256,0.8976518|0.0498084|0.0321411|0.0203987|0.0000000|0.0000000|0.0000000|0.0000000|0.0000000|0.0000000,0,0.8976517915725708,1.7140044354202237,0,0,0,0,0,
cross_town,Town02,mixed,18,211,10.55,-7.44941520690918,208.91993713378906,0.22167754173278809,89.98705291748047,0.0,500.6872872837705,0.0,0.0,2.663161087212984e-07,8.240391423101736e-07,0.34141991785360903,0.02386590838432312,0.6104032397270203,-0.17520256340503693,0.0,0.35761353373527527,-0.10959015786647797,1.0,0.16048990190029144,14.685734748840332,1.8490437269210815,0.8584822|0.0479822|0.0445576|0.0320192|0.0169588|0.0000000|0.0000000|0.0000000|0.0000000|0.0000000,0,0.8584821820259094,1.700131152171274,0,0,0,0,0,
cross_town,Town02,mixed,18,212,10.6,-7.44941520690918,208.91993713378906,0.22167754173278809,89.98705291748047,0.0,500.6872872837705,0.0,0.0,2.663161087212984e-07,3.438953031684508e-08,0.3384725615341405,0.11954355239868164,0.3696121871471405,0.25909024477005005,0.0,0.3696121871471405,-0.02959015779197216,0.9998806715011597,0.16347841918468475,2.5948126316070557,1.8346436023712158,0.8081732|0.1084055|0.0403023|0.0285187|0.0146003|0.0000000|0.0000000|0.0000000|0.0000000|0.0000000,0,0.8081732392311096,1.6547515796588939,0,0,0,0,0,
cross_town,Town02,mixed,18,213,10.65,-7.44941520690918,208.91993713378906,0.22167754173278809,89.98705291748047,0.0,500.6872872837705,0.0,0.0,2.663161087212984e-07,3.456102895813925e-08,0.3354638568783607,0.11068838834762573,0.3805367052555084,-0.11789651960134506,0.0,0.3805367052555084,-0.10959015786647797,0.9999470710754395,0.16270720958709717,2.798710346221924,1.7840596437454224,0.8050175|0.1110753|0.0409493|0.0278354|0.0151225|0.0000000|0.0000000|0.0000000|0.0000000|0.0000000,0,0.8050174713134766,1.6413558667401233,0,0,0,0,0,
cross_town,Town02,mixed,18,214,10.7,-7.44941520690918,208.91993713378906,0.22167754173278809,89.98705291748047,0.0,500.6872872837705,0.0,0.0,2.663161087212984e-07,1.456787247690008e-07,0.33303455732508386,0.08543050289154053,0.41139501333236694,0.39674586057662964,0.0,0.41139501333236694,-0.02959015779197216,0.9936758875846863,0.16345468163490295,1.600805640220642,1.7313235998153687,0.7921116|0.0994165|0.0403561|0.0426720|0.0254438|0.0000000|0.0000000|0.0000000|0.0000000|0.0000000,0,0.7921115756034851,1.5961096599391977,0,0,0,0,0,
cross_town,Town02,mixed,18,215,10.75,-7.44941520690918,208.91993713378906,0.22167754173278809,89.98705291748047,0.0,500.6872872837705,0.0,0.0,2.663161087212984e-07,1.0317579067170747e-07,0.32930581470334414,0.053546786308288574,0.16920405626296997,-0.37876126170158386,0.0,0.3313950002193451,-0.10959015786647797,0.9999992847442627,0.15412373840808868,3.8814971446990967,1.6417120695114136,0.8658851|0.0475671|0.0428583|0.0257615|0.0179281|0.0000000|0.0000000|0.0000000|0.0000000|0.0000000,0,0.8658850789070129,1.582852317235924,0,0,0,0,0,
cross_town,Town02,mixed,18,216,10.8,-7.44941520690918,208.91993713378906,0.22167754173278809,89.98705291748047,0.0,500.6872872837705,0.0,0.0,2.663161087212984e-07,1.034094512316051e-07,0.3261578837581814,0.33083510398864746,0.8868297338485718,0.6376630067825317,0.0,0.41139501333236694,-0.02959015779197216,1.0,0.28468701243400574,5.091761589050293,0.9361709952354431,0.4570875|0.1902776|0.1799899|0.1077188|0.0649262|0.0000000|0.0000000|0.0000000|0.0000000|0.0000000,0,0.45708751678466797,1.538116313512515,0,0,0,0,0,
cross_town,Town02,mixed,18,217,10.85,-7.44941520690918,208.91993713378906,0.22167754173278809,89.98705291748047,0.0,500.6872872837705,0.0,0.0,2.663161087212984e-07,1.3958229869874237e-07,0.32297354393406413,0.13520187139511108,0.21977442502975464,-0.4337553381919861,0.0,0.3313950002193451,-0.10959015786647797,1.0,0.15119808912277222,6.996411323547363,1.6771533489227295,0.8687582|0.0452633|0.0403955|0.0279039|0.0176792|0.0000000|0.0000000|0.0000000|0.0000000|0.0000000,0,0.8687582015991211,1.5251664472179038,0,0,0,0,0,
cross_town,Town02,mixed,18,218,10.9,-7.44941520690918,208.91993713378906,0.22167754173278809,89.98705291748047,0.0,500.6872872837705,0.0,0.0,2.663161087212984e-07,1.7331882705473927e-07,0.3292740937765883,0.07968729734420776,0.21941286325454712,-0.010783924721181393,0.0,0.25139498710632324,-0.02959015779197216,0.904670000076294,0.1354646384716034,0.9270918965339661,1.4012995958328247,0.9541977|0.0273463|0.0184561|0.0000000|0.0000000|0.0000000|0.0000000|0.0000000|0.0000000|0.0000000,0,0.9541977047920227,1.4809625314690862,0,0,0,0,0,
cross_town,Town02,mixed,18,219,10.95,-7.44941520690918,208.91993713378906,0.22167754173278809,89.98705291748047,0.0,500.6872872837705,0.0,0.0,2.663161087212984e-07,1.734189794247737e-07,0.3226215417900982,0.10582232475280762,0.04192796349525452,-0.06948111206293106,0.0,0.17139498889446259,-0.06948111206293106,0.9962628483772278,0.3040597140789032,1.592360496520996,0.3242069482803345,0.3316365|0.3315084|0.2144031|0.1224520|0.0000000|0.0000000|0.0000000|0.0000000|0.0000000|0.0000000,0,0.331636518239975,1.4688028351259284,0,0,0,0,0,
cross_town,Town02,mixed,18,220,11.0,-7.44941520690918,208.91993713378906,0.22167754173278809,89.98705291748047,0.0,500.6872872837705,0.0,0.0,2.663161087212984e-07,6.878996117714242e-08,0.3195611972731425,0.08870014548301697,0.8348426222801208,0.2675994336605072,0.0,0.25139498710632324,0.010518888011574745,0.9360936880111694,0.153812974691391,1.017261266708374,1.9084019660949707,0.8100808|0.0986047|0.0396638|0.0368547|0.0147959|0.0000000|0.0000000|0.0000000|0.0000000|0.0000000,0,0.8100808262825012,1.4261004449091301,0,0,0,0,0,
cross_town,Town02,mixed,18,221,11.05,-7.44941520690918,208.91993713378906,0.22167754173278809,89.98705291748047,0.0,500.6872872837705,0.0,0.0,2.663161087212984e-07,1.0302492313199374e-07,0.31180982703403465,0.11348763108253479,0.6546449065208435,-0.37064817547798157,0.0,0.3313950002193451,-0.06948111206293106,0.9802982211112976,0.1475033313035965,1.3292831182479858,1.7921199798583984,0.8392726|0.1051662|0.0401940|0.0153672|0.0000000|0.0000000|0.0000000|0.0000000|0.0000000|0.0000000,0,0.8392726182937622,1.415213926778244,0,0,0,0,0,
cross_town,Town02,mixed,18,222,11.1,-7.44941520690918,208.91993713378906,0.22167754173278809,89.98705291748047,0.0,500.6872872837705,0.0,0.0,2.663161087212984e-07,1.6218380005233112e-06,0.3064743010111008,0.2899465560913086,0.8463906049728394,0.6640440225601196,0.0,0.41139501333236694,0.010518888011574745,0.9999995231628418,0.28210803866386414,3.8278968334198,0.9059642553329468,0.4790449|0.2057498|0.1881589|0.1270465|0.0000000|0.0000000|0.0000000|0.0000000|0.0000000|0.0000000,0,0.4790448546409607,1.3747558678665608,0,0,0,0,0,
cross_town,Town02,mixed,18,223,11.15,-7.44941520690918,208.91993713378906,0.22167754173278809,89.98705291748047,0.0,500.6872872837705,0.0,0.0,2.663161087212984e-07,1.0321724933505282e-07,0.30309558577123485,0.09634745121002197,0.20147225260734558,-0.456447958946228,0.0,0.3313950002193451,-0.06948111206293106,0.9999998807907104,0.14111703634262085,4.434815406799316,1.6079236268997192,0.8831251|0.0477011|0.0423214|0.0268524|0.0000000|0.0000000|0.0000000|0.0000000|0.0000000|0.0000000,0,0.8831250667572021,1.366379820298288,0,0,0,0,0,
cross_town,Town02,mixed,18,224,11.2,-7.44941520690918,208.91993713378906,0.22167754173278809,89.98705291748047,0.0,500.6872872837705,0.0,0.0,2.663161087212984e-07,1.628174235183798e-07,0.3017746320899729,0.0944732129573822,0.42487043142318726,0.07643836736679077,0.0,0.41139501333236694,0.010518888011574745,0.9791872501373291,0.13869331777095795,1.3240959644317627,1.5688472986221313,0.8913126|0.0464200|0.0443635|0.0179040|0.0000000|0.0000000|0.0000000|0.0000000|0.0000000|0.0000000,0,0.8913125991821289,1.3287605020678013,0,0,0,0,0,
cross_town,Town02,mixed,18,225,11.25,-7.44941520690918,208.91993713378906,0.22167754173278809,89.98705291748047,0.0,500.6872872837705,0.0,0.0,2.663161087212984e-07,1.0360664035651303e-07,0.29673555879431684,0.18380683660507202,0.1706554889678955,-0.5517561435699463,0.0,0.3313950002193451,-0.06948111206293106,0.9955605268478394,0.13013409078121185,1.7230581045150757,1.6086221933364868,0.9325726|0.0488785|0.0185488|0.0000000|0.0000000|0.0000000|0.0000000|0.0000000|0.0000000|0.0000000,0,0.932572603225708,1.323826486912124,0,0,0,0,0,
cross_town,Town02,mixed,18,226,11.3,-7.44941520690918,208.91993713378906,0.22167754173278809,89.98705291748047,0.0,500.6872872837705,0.0,0.0,2.663161087212984e-07,1.0393623854940578e-07,0.3106906759440122,0.16108691692352295,0.4693969190120697,0.2150471806526184,0.0,0.41139501333236694,0.010518888011574745,0.821912944316864,0.1385081708431244,0.7438324093818665,1.53787362575531,0.8571661|0.1018861|0.0409478|0.0000000|0.0000000|0.0000000|0.0000000|0.0000000|0.0000000|0.0000000,0,0.857166051864624,1.2906451723980528,0,0,0,0,0,
cross_town,Town02,mixed,18,227,11.35,-7.44941520690918,208.91993713378906,0.22167754173278809,89.98705291748047,0.0,500.6872872837705,0.0,0.0,2.663161087212984e-07,1.721716817831438e-07,0.28950304831905344,0.18504470586776733,0.25152188539505005,-0.5080985426902771,0.0,0.3313950002193451,-0.06948111206293106,0.9998816251754761,0.1326863020658493,2.6277875900268555,1.5536484718322754,0.9085208|0.0459757|0.0270325|0.0184709|0.0000000|0.0000000|0.0000000|0.0000000|0.0000000|0.0000000,0,0.9085208177566528,1.2907006987339096,0,0,0,0,0,
cross_town,Town02,mixed,18,228,11.4,-7.44941520690918,208.91993713378906,0.22167754173278809,89.98705291748047,0.0,500.6872872837705,0.0,0.0,2.663161087212984e-07,0.0,0.2872766451995804,0.11254024505615234,0.5288488864898682,0.2102469652891159,0.0,0.41139501333236694,0.010518888011574745,0.9883477091789246,0.14493374526500702,1.4651988744735718,1.5628705024719238,0.8149289|0.0957903|0.0376204|0.0374930|0.0141674|0.0000000|0.0000000|0.0000000|0.0000000|0.0000000,0,0.8149289488792419,1.2628887455592346,0,0,0,0,0,
cross_town,Town02,mixed,18,229,11.45,-7.44941520690918,208.91993713378906,0.22167754173278809,89.98705291748047,0.0,500.6872872837705,0.0,0.0,2.663161087212984e-07,1.5195214991212638e-06,0.28277261561033495,0.20004355907440186,0.2997676730155945,-0.4089477062225342,0.0,0.3313950002193451,-0.06948111206293106,1.0,0.143637016415596,5.458916664123535,1.664672613143921,0.8184947|0.0890046|0.0418859|0.0347112|0.0159036|0.0000000|0.0000000|0.0000000|0.0000000|0.0000000,0,0.8184946775436401,1.2698540349914935,0,0,0,0,0,
cross_town,Town02,mixed,18,230,11.5,-7.44941520690918,208.91993713378906,0.22167754173278809,89.98705291748047,0.0,500.6872872837705,0.0,0.0,2.663161087212984e-07,6.885707715519378e-08,0.3031675145711705,0.2619273364543915,0.37531179189682007,0.07657318562269211,0.0,0.37531179189682007,0.010518888011574745,0.7630288004875183,0.12669111788272858,0.6656481623649597,1.5153238773345947,0.9008566|0.0991435|0.0000000|0.0000000|0.0000000|0.0000000|0.0000000|0.0000000|0.0000000|0.0000000,0,0.9008565545082092,1.2498884139646265,0,0,0,0,0,
cross_town,Town02,mixed,18,231,11.55,-7.44941520690918,208.91993713378906,0.22167754173278809,89.98705291748047,0.0,500.6872872837705,0.0,0.0,2.663161087212984e-07,1.0306286670767794e-07,0.276238688950429,0.10865664482116699,0.5183209776878357,-0.3317606449127197,0.0,0.4553118050098419,-0.06948111206293106,0.9999804496765137,0.14351844787597656,3.0672855377197266,1.6210719347000122,0.8093936|0.0893085|0.0389196|0.0364988|0.0258795|0.0000000|0.0000000|0.0000000|0.0000000|0.0000000,0,0.8093936443328857,1.2668426099965475,0,0,0,0,0,
cross_town,Town02,mixed,18,232,11.6,-7.44941520690918,208.91993713378906,0.22167754173278809,89.98705291748047,0.0,500.6872872837705,0.0,0.0,2.663161087212984e-07,1.0533610452863896e-07,0.2732208921813371,0.27742138504981995,0.15063104033470154,-0.18198518455028534,0.0,0.37531179189682007,-0.14948111772537231,0.9984891414642334,0.11589932441711426,2.0074892044067383,1.3998327255249023,0.9696392|0.0303607|0.0000000|0.0000000|0.0000000|0.0000000|0.0000000|0.0000000|0.0000000|0.0000000,0,0.969639241695404,1.2583004289886799,0,0,0,0,0,
cross_town,Town02,mixed,18,233,11.65,-7.44941520690918,208.91993713378906,0.22167754173278809,89.98705291748047,0.0,500.6872872837705,0.0,0.0,2.663161087212984e-07,1.6216876695157238e-06,0.3152811925319082,0.25438082218170166,0.33291101455688477,0.5691395998001099,0.0,0.33291101455688477,-0.06948111951351166,0.5472527146339417,0.1328350007534027,0.41455912590026855,1.6241044998168945,0.8575581|0.1017731|0.0243241|0.0163447|0.0000000|0.0000000|0.0000000|0.0000000|0.0000000|0.0000000,0,0.8575581312179565,1.2913096779923792,0,0,0,0,0,
cross_town,Town02,mixed,18,234,11.7,-7.44941520690918,208.91993713378906,0.22167754173278809,89.98705291748047,0.0,500.6872872837705,0.0,0.0,2.663161087212984e-07,1.6216223582500228e-06,0.2832109495288008,0.08452633023262024,0.3372236490249634,-0.07752084732055664,0.0,0.3372236490249634,-0.07752084732055664,0.9144359230995178,0.12390535324811935,0.9683550596237183,1.4399826526641846,0.9151908|0.0429856|0.0418236|0.0000000|0.0000000|0.0000000|0.0000000|0.0000000|0.0000000|0.0000000,0,0.9151908159255981,1.3042785479438415,0,0,0,0,0,
cross_town,Town02,mixed,18,235,11.75,-7.44941520690918,208.91993713378906,0.22167754173278809,89.98705291748047,0.0,500.6872872837705,0.0,0.0,2.663161087212984e-07,1.6215227009376083e-06,0.2655150068332992,0.13853132724761963,0.5714375376701355,0.21334215998649597,0.0,0.41722366213798523,0.0024791527539491653,0.9874745607376099,0.14081040024757385,1.4510369300842285,1.570013403892517,0.8062829|0.0949259|0.0406424|0.0358837|0.0222651|0.0000000|0.0000000|0.0000000|0.0000000|0.0000000,0,0.8062828779220581,1.3771179000509133,0,0,0,0,0,
cross_town,Town02,mixed,18,236,11.8,-7.44941520690918,208.91993713378906,0.22167754173278809,89.98705291748047,0.0,500.6872872837705,0.0,0.0,2.663161087212984e-07,1.6215108302949106e-06,0.2616725329183634,0.18687918782234192,0.31093329191207886,-0.4876037538051605,0.0,0.3372236490249634,-0.07752084732055664,0.9998469352722168,0.1195712611079216,2.576638698577881,1.4666861295700073,0.9316856|0.0415606|0.0267539|0.0000000|0.0000000|0.0000000|0.0000000|0.0000000|0.0000000|0.0000000,0,0.9316855669021606,1.4368072167658008,0,0,0,0,0,
cross_town,Town02,mixed,18,237,11.85,-7.44941520690918,208.91993713378906,0.22167754173278809,89.98705291748047,0.0,500.6872872837705,0.0,0.0,2.663161087212984e-07,2.3414298703051336e-09,0.2635681820645081,0.24874013662338257,0.3369089365005493,0.029195034876465797,0.0,0.3369089365005493,0.0024791527539491653,0.9572553634643555,0.11121512204408646,1.1659916639328003,1.3500100374221802,0.9720978|0.0279022|0.0000000|0.0000000|0.0000000|0.0000000|0.0000000|0.0000000|0.0000000|0.0000000,0,0.9720978140830994,1.587249460762802,0,0,0,0,0,
cross_town,Town02,mixed,18,238,11.9,-7.44941520690918,208.91993713378906,0.22167754173278809,89.98705291748047,0.0,500.6872872837705,0.0,0.0,2.663161087212984e-07,5.023312146803261e-09,0.2573448120426222,0.15001267194747925,0.6021693348884583,-0.358470618724823,0.0,0.41690894961357117,-0.07752084732055664,0.9985509514808655,0.12945125997066498,2.004411220550537,1.677384376525879,0.8758964|0.0421482|0.0378537|0.0247777|0.0193240|0.0000000|0.0000000|0.0000000|0.0000000|0.0000000,0,0.8758963942527771,1.826555533322439,0,0,0,0,0,
cross_town,Town02,mixed,18,239,11.95,-7.44941520690918,208.91993713378906,0.22167754173278809,89.98705291748047,0.0,500.6872872837705,0.0,0.0,2.663161087212984e-07,1.2528320908129456e-07,0.26576645468157567,0.285364031791687,0.44673991203308105,0.44321197271347046,0.0,0.44673991203308105,0.0024791527539491653,0.8971877098083496,0.14022421836853027,0.9013657569885254,1.8740932941436768,0.8015693|0.0851466|0.0377810|0.0346549|0.0218748|0.0189734|0.0000000|0.0000000|0.0000000|0.0000000,0,0.8015692830085754,2.208097339089468,0,0,0,0,0,
cross_town,Town02,mixed,18,240,12.0,-7.44941520690918,208.91993713378906,0.22167754173278809,89.98705291748047,0.0,500.6872872837705,0.0,0.0,2.663161087212984e-07,6.91680061014005e-08,0.3022427913016759,0.29142558574676514,0.30861610174179077,-0.13233691453933716,0.0,0.3667398989200592,-0.07752084732055664,0.5189328193664551,0.12323394417762756,0.395707905292511,1.7181205749511719,0.9015262|0.0397562|0.0364975|0.0222202|0.0000000|0.0000000|0.0000000|0.0000000|0.0000000|0.0000000,0,0.901526153087616,2.9109860913363503,0,0,0,0,0,
cross_town,Town02,mixed,18,241,12.05,-7.44941520690918,208.91993713378906,0.22167754173278809,89.98705291748047,0.0,500.6872872837705,0.0,0.0,2.663161087212984e-07,1.5874786914387929e-06,0.25739969805534807,0.5517776608467102,0.5417197942733765,0.4665820002555847,0.0,0.28673988580703735,0.0024791527539491653,0.9566904306411743,0.12127341330051422,1.1525031328201294,2.080765962600708,0.9115267|0.0411124|0.0261838|0.0211771|0.0000000|0.0000000|0.0000000|0.0000000|0.0000000|0.0000000,0,0.9115266799926758,3.8427470955789698,0,0,0,0,0,
cross_town,Town02,mixed,18,242,12.1,-7.44941520690918,208.91993713378906,0.22167754173278809,89.98705291748047,0.0,500.6872872837705,0.0,0.0,2.663161087212984e-07,1.0363414784188004e-07,0.32736198153581336,0.6086031794548035,0.6525829434394836,0.03976444527506828,0.0,0.3667398989200592,0.03976444527506828,0.30863088369369507,0.1391666829586029,0.15920136868953705,2.600179433822632,0.8025988|0.0839634|0.0380001|0.0321559|0.0222428|0.0210390|0.0000000|0.0000000|0.0000000|0.0000000,0,0.802598774433136,5.184879809713134,0,0,0,0,0,
cross_town,Town02,mixed,18,243,12.15,-7.44941520690918,208.91993713378906,0.22167754173278809,89.98705291748047,0.0,500.6872872837705,0.0,0.0,2.663161087212984e-07,1.7200363293298903e-07,0.3131732224948458,0.7511097192764282,0.4751187860965729,-0.03615964949131012,0.0,0.28673988580703735,-0.03615964949131012,0.391033411026001,0.11875028163194656,0.2705071270465851,3.0276498794555664,0.8999832|0.1000168|0.0000000|0.0000000|0.0000000|0.0000000|0.0000000|0.0000000|0.0000000|0.0000000,0,0.8999832272529602,6.944169122362006,0,0,0,0,0,
cross_town,Town02,mixed,18,244,12.2,-7.44941520690918,208.91993713378906,0.22167754173278809,89.98705291748047,0.0,500.6872872837705,0.0,0.0,2.663161087212984e-07,1.7215478803040856e-07,0.3278855790448071,0.743712306022644,0.5725932121276855,0.3574809730052948,0.0,0.2067398875951767,0.04384034872055054,0.23132285475730896,0.13461551070213318,0.06517031043767929,3.1593055725097656,0.8221343|0.0949821|0.0369856|0.0237855|0.0221126|0.0000000|0.0000000|0.0000000|0.0000000|0.0000000,0,0.822134256362915,9.364694925227768,0,0,0,0,0,
cross_town,Town02,mixed,18,245,12.25,-7.44941520690918,208.91993713378906,0.22167754173278809,89.98705291748047,0.0,500.6872872837705,0.0,0.0,2.663161087212984e-07,3.435669366551271e-08,0.312962293968107,0.6293676495552063,0.6088916063308716,-0.21640221774578094,0.0,0.12673988938331604,-0.03615964949131012,0.3790294826030731,0.12657201290130615,0.25001060962677,3.3416593074798584,0.8802128|0.0363673|0.0378804|0.0244073|0.0211323|0.0000000|0.0000000|0.0000000|0.0000000|0.0000000,0,0.8802127838134766,9.301137718185277,0,0,0,0,0,
cross_town,Town02,mixed,18,246,12.3,-7.44941520690918,208.91993713378906,0.22167754173278809,89.98705291748047,0.0,500.6872872837705,0.0,0.0,2.663161087212984e-07,6.870741533343238e-08,0.32725628541111995,0.5034416317939758,0.7384884357452393,0.17119118571281433,0.0,0.2067398875951767,0.04384034872055054,0.2360391914844513,0.13836488127708435,0.06800544261932373,3.1580686569213867,0.8035105|0.0862560|0.0334755|0.0346486|0.0212249|0.0208844|0.0000000|0.0000000|0.0000000|0.0000000,0,0.8035104870796204,9.261623448001878,0,0,0,0,0,
cross_town,Town02,mixed,18,247,12.35,-7.44941520690918,208.91993713378906,0.22167754173278809,89.98705291748047,0.0,500.6872872837705,0.0,0.0,2.663161087212984e-07,2.0601364869198918e-07,0.3276353055009549,0.6537487506866455,0.6411460041999817,-0.34120821952819824,0.0,0.12673988938331604,-0.03615964949131012,0.2322237193584442,0.13386312127113342,0.06718757748603821,3.466585397720337,0.8258408|0.0907988|0.0366836|0.0236778|0.0229990|0.0000000|0.0000000|0.0000000|0.0000000|0.0000000,0,0.8258407711982727,9.194814532482058,0,0,0,0,0,
cross_town,Town02,mixed,18,248,12.4,-7.44941520690918,208.91993713378906,0.22167754173278809,89.98705291748047,0.0,500.6872872837705,0.0,0.0,2.663161087212984e-07,3.095099671870248e-07,0.32635345687486306,0.5030412077903748,0.7065271735191345,0.1451675146818161,0.0,0.2067398875951767,0.04384034872055054,0.24501660466194153,0.1354195773601532,0.08323798328638077,3.1816277503967285,0.8167359|0.0877051|0.0380464|0.0328190|0.0246936|0.0000000|0.0000000|0.0000000|0.0000000|0.0000000,0,0.8167359232902527,9.153569850499446,0,0,0,0,0,
cross_town,Town02,mixed,18,249,12.45,-7.44941520690918,208.91993713378906,0.22167754173278809,89.98705291748047,0.0,500.6872872837705,0.0,0.0,2.663161087212984e-07,4.120345032363286e-07,0.3288910811729577,0.6417752504348755,0.6248065829277039,-0.388916015625,0.0,0.12673988938331604,-0.03615964949131012,0.2196064442396164,0.1347218155860901,0.04828787222504616,3.43253231048584,0.8211966|0.0918322|0.0385998|0.0236857|0.0246857|0.0000000|0.0000000|0.0000000|0.0000000|0.0000000,0,0.8211966156959534,9.087444959220981,0,0,0,0,0,
cross_town,Town02,mixed,18,250,12.5,-7.44941520690918,208.91993713378906,0.22167754173278809,89.98705291748047,0.0,500.6872872837705,0.0,0.0,2.663161087212984e-07,5.840405692105617e-07,0.32865181378788894,0.5190642476081848,0.6461719274520874,0.04351971298456192,0.0,0.2067398875951767,0.04351971298456192,0.22257117927074432,0.11625035107135773,0.07106337696313858,3.3539023399353027,0.9308515|0.0426820|0.0264666|0.0000000|0.0000000|0.0000000|0.0000000|0.0000000|0.0000000|0.0000000,0,0.9308514595031738,9.047669384228959,0,0,1,0,0,stuck
