protocol,town,weather,episode,t,sim_time_s,ego_x,ego_y,ego_z,ego_yaw_deg,route_s_m,route_remaining_m,route_completion_pct,cte_m,route_heading_rad,speed_kmh,reward,command_throttle,command_brake,command_steer,applied_throttle,applied_brake,applied_steer,sigma_bar,sigma_ale,sigma_epi,policy_entropy_proxy,attention,top_attention_index,top_attention_value,ttc_s,collision,off_route,timeout,red_light_violation,intervention,terminal_reason
cross_town,Town02,mixed,10,1,0.05,9.530014991760254,302.556640625,0.15079757571220398,179.9609375,0.0,500.0229893708359,0.0,2.86102294921875e-06,2.663161091653876e-07,0.46652514338536094,0.4417596093033772,0.04255342483520508,0.026808977127075195,-0.011903714388608932,0.0,0.0,-0.011903714388608932,0.9998699426651001,0.2724568545818329,2.46451735496521,-0.02582252025604248,0.6575994|0.3424005|0.0000000|0.0000000|0.0000000|0.0000000|0.0000000|0.0000000|0.0000000|0.0000000,0,0.6575994491577148,,0,0,0,0,0,
cross_town,Town02,mixed,10,2,0.1,9.530014991760254,302.556640625,0.161112442612648,179.9609375,0.0,500.0229893708359,0.0,2.86102294921875e-06,2.663161091653876e-07,0.8584063410759663,0.439218837255853,0.04877328872680664,0.04204633831977844,-0.059637341648340225,0.0,0.0,-0.059637341648340225,0.9996360540390015,0.2730347514152527,2.2064764499664307,-0.03724861145019531,0.6328719|0.3671282|0.0000000|0.0000000|0.0000000|0.0000000|0.0000000|0.0000000|0.0000000|0.0000000,0,0.6328718662261963,,0,0,0,0,0,
cross_town,Town02,mixed,10,3,0.15,9.530014991760254,302.556640625,0.17358183860778809,179.9609375,0.0,500.0229893708359,0.0,2.86102294921875e-06,2.663161091653876e-07,0.894087499380122,0.43467809750764386,0.026475846767425537,0.012545168399810791,0.12656283378601074,0.0,0.0,0.02036265842616558,0.9955854415893555,0.2728387415409088,1.5817683935165405,-0.3144625425338745,0.6412588|0.3587412|0.0000000|0.0000000|0.0000000|0.0000000|0.0000000|0.0000000|0.0000000|0.0000000,0,0.6412588357925415,,0,0,0,0,0,
cross_town,Town02,mixed,10,4,0.2,9.530014991760254,302.556640625,0.18517284095287323,179.9609375,0.0,500.0229893708359,0.0,2.86102294921875e-06,2.663161091653876e-07,0.7842068374159061,0.44171634571265933,0.046374738216400146,0.03222593665122986,0.007321860175579786,0.0,0.0,0.007321860175579786,0.9999622106552124,0.27333053946495056,2.7725424766540527,0.06103515625,0.6202154|0.3797847|0.0000000|0.0000000|0.0000000|0.0000000|0.0000000|0.0000000|0.0000000|0.0000000,0,0.6202153563499451,,0,0,0,0,0,
cross_town,Town02,mixed,10,5,0.25,9.530014991760254,302.556640625,0.19481010735034943,179.9609375,0.0,500.0229893708359,0.0,2.86102294921875e-06,2.663161091653876e-07,0.6320981204509847,0.43866414163652745,0.03513079881668091,0.032440006732940674,-0.04474132880568504,0.0,0.0,-0.04474132880568504,0.9999980926513672,0.28782159090042114,3.504014492034912,-0.17626047134399414,1.0000000|0.0000000|0.0000000|0.0000000|0.0000000|0.0000000|0.0000000|0.0000000|0.0000000|0.0000000,0,1.0,,0,0,0,0,0,
cross_town,Town02,mixed,10,6,0.3,9.530014991760254,302.556640625,0.20233973860740662,179.9609375,0.0,500.0229893708359,0.0,2.86102294921875e-06,2.663161091653876e-07,0.48441376090053073,0.4417248075486953,0.04696729779243469,0.03182339668273926,-0.06045673415064812,0.0,0.0,-0.06045673415064812,0.9989546537399292,0.2725335359573364,1.9430630207061768,-0.0788683295249939,0.6542560|0.3457439|0.0000000|0.0000000|0.0000000|0.0000000|0.0000000|0.0000000|0.0000000|0.0000000,0,0.6542560458183289,,0,0,0,0,0,
cross_town,Town02,mixed,10,7,0.35,9.530014991760254,302.556640625,0.20799346268177032,179.9609375,0.0,500.0229893708359,0.0,2.86102294921875e-06,2.663161091653876e-07,0.3589511543538314,0.4343021068518883,0.022211521863937378,0.010862112045288086,0.11679287254810333,0.0,0.0,0.01954326592385769,0.9993199110031128,0.26445499062538147,2.0586819648742676,-0.2979445457458496,1.0000000|0.0000000|0.0000000|0.0000000|0.0000000|0.0000000|0.0000000|0.0000000|0.0000000|0.0000000,0,1.0,243.98585938247805,0,0,0,0,0,
cross_town,Town02,mixed,10,8,0.4,9.530014991760254,302.556640625,0.21212275326251984,179.9609375,0.0,500.0229893708359,0.0,2.86102294921875e-06,2.663161091653876e-07,0.25964941978455797,0.43603878222326153,0.05831629037857056,0.13090339303016663,0.1427036076784134,0.0,0.07999999821186066,0.0995432659983635,0.9818494915962219,0.2644388675689697,1.233246088027954,0.3461763262748718,1.0000000|0.0000000|0.0000000|0.0000000|0.0000000|0.0000000|0.0000000|0.0000000|0.0000000|0.0000000,0,1.0,113.21749090753791,0,0,0,0,0,
cross_town,Town02,mixed,10,9,0.45,9.530014991760254,302.556640625,0.2150776982307434,179.9609375,0.0,500.0229893708359,0.0,2.86102294921875e-06,2.663161091653876e-07,0.18444993495946108,0.4370319885712215,0.08766442537307739,0.1524907350540161,0.029992813244462013,0.0,0.1524907350540161,0.029992813244462013,0.9905040860176086,0.2878209948539734,1.3740187883377075,0.6027623414993286,1.0000000|0.0000000|0.0000000|0.0000000|0.0000000|0.0000000|0.0000000|0.0000000|0.0000000|0.0000000,0,1.0,76.57318868636575,0,0,0,0,0,
cross_town,Town02,mixed,10,10,0.5,9.530014991760254,302.556640625,0.21715934574604034,179.9609375,0.0,500.0229893708359,0.0,2.86102294921875e-06,2.663161091653876e-07,0.12919001877517877,0.4376815585966914,0.0943942666053772,0.08327528834342957,0.0930807888507843,0.0,0.07249073684215546,0.0930807888507843,0.9940707087516785,0.27298927307128906,1.5074893236160278,0.40602582693099976,0.6297283|0.3702717|0.0000000|0.0000000|0.0000000|0.0000000|0.0000000|0.0000000|0.0000000|0.0000000,0,0.6297283172607422,59.127625697920024,0,0,0,0,0,
cross_town,Town02,mixed,10,11,0.55,9.530014991760254,302.556640625,0.2186075896024704,179.9609375,0.0,500.0229893708359,0.0,2.86102294921875e-06,2.663161091653876e-07,0.0894623190219797,0.4407412155039646,0.1495772898197174,0.2284035086631775,0.1944265216588974,0.0,0.1524907350540161,0.17308078706264496,0.9341514110565186,0.2727588713169098,0.8903112411499023,0.6847217082977295,0.6357087|0.3642913|0.0000000|0.0000000|0.0000000|0.0000000|0.0000000|0.0000000|0.0000000|0.0000000,0,0.6357086896896362,46.81357059369392,0,0,0,0,0,
cross_town,Town02,mixed,10,12,0.6,9.530014991760254,302.556640625,0.21960505843162537,179.9609375,0.0,500.0229893708359,0.0,2.86102294921875e-06,2.663161091653876e-07,0.06137796789716627,0.4875929275240007,0.1745273470878601,0.4648732542991638,0.25322747230529785,0.0,0.23249073326587677,0.2530807852745056,0.46528899669647217,0.2723500430583954,0.19288304448127747,1.3635004758834839,0.6480865|0.3519134|0.0000000|0.0000000|0.0000000|0.0000000|0.0000000|0.0000000|0.0000000|0.0000000,0,0.6480865478515625,39.20458561668382,0,0,0,0,0,
cross_town,Town02,mixed,10,13,0.65,9.530014991760254,302.556640625,0.22028625011444092,179.9609375,0.0,500.0229893708359,0.0,2.86102294921875e-06,2.663161091653876e-07,0.04177990481404146,0.4356670956234053,0.12102100253105164,0.505855143070221,0.18164567649364471,0.0,0.3124907314777374,0.18164567649364471,0.9997076392173767,0.27193284034729004,2.262444496154785,1.3129645586013794,0.6595957|0.3404044|0.0000000|0.0000000|0.0000000|0.0000000|0.0000000|0.0000000|0.0000000|0.0000000,0,0.6595956683158875,34.095844551447136,0,0,0,0,0,
cross_town,Town02,mixed,10,14,0.7,9.530014991760254,302.556640625,0.220748171210289,179.9609375,0.0,500.0229893708359,0.0,2.86102294921875e-06,2.663161091653876e-07,0.028251000121308597,0.45424694331514526,0.16785192489624023,0.4012686312198639,0.07193679362535477,0.0,0.3924907445907593,0.10164567828178406,0.7978869080543518,0.27179133892059326,0.5714935660362244,0.957329273223877,0.6585914|0.3414086|0.0000000|0.0000000|0.0000000|0.0000000|0.0000000|0.0000000|0.0000000|0.0000000,0,0.6585914492607117,30.337421838132983,0,0,0,0,0,
cross_town,Town02,mixed,10,15,0.75,9.530014991760254,302.556640625,0.22105945646762848,179.9609375,0.0,500.0229893708359,0.0,2.86102294921875e-06,2.663161091653876e-07,0.01899131053078555,0.43398444230219635,0.11904829740524292,0.3937958776950836,0.20912232995033264,0.0,0.3937958776950836,0.18164567649364471,1.0,0.26319774985313416,10.372858047485352,0.4672362208366394,1.0000000|0.0000000|0.0000000|0.0000000|0.0000000|0.0000000|0.0000000|0.0000000|0.0000000|0.0000000,0,1.0,27.403024250230448,0,0,0,0,0,
cross_town,Town02,mixed,10,16,0.8,9.530014991760254,302.556640625,0.22126811742782593,179.9609375,0.0,500.0229893708359,0.0,2.86102294921875e-06,2.663161091653876e-07,0.012705138792309764,0.44036786780774756,0.16846632957458496,0.3996581435203552,0.14950037002563477,0.0,0.3996581435203552,0.14950037002563477,1.0,0.26288244128227234,9.987231254577637,0.46185368299484253,1.0000000|0.0000000|0.0000000|0.0000000|0.0000000|0.0000000|0.0000000|0.0000000|0.0000000|0.0000000,0,1.0,24.980569712041603,0,0,0,0,0,
cross_town,Town02,mixed,10,17,0.85,9.530014991760254,302.556640625,0.22140730917453766,179.9609375,0.0,500.0229893708359,0.0,2.86102294921875e-06,2.663161091653876e-07,0.008463386172657962,0.43703271527219184,0.12668687105178833,0.24690234661102295,0.08809604495763779,0.0,0.3196581304073334,0.08809604495763779,0.999884843826294,0.2711363434791565,2.49615478515625,0.7167628407478333,0.6598737|0.3401264|0.0000000|0.0000000|0.0000000|0.0000000|0.0000000|0.0000000|0.0000000|0.0000000,0,0.6598736643791199,22.94382608805293,0,0,0,0,0,
cross_town,Town02,mixed,10,18,0.9,9.530014991760254,302.556640625,0.22140730917453766,179.9609375,0.0,500.0229893708359,0.0,2.86102294921875e-06,2.663161091653876e-07,0.0,0.43543555626108266,0.14020079374313354,0.21293038129806519,0.15984435379505157,0.0,0.23965813219547272,0.15984435379505157,0.998651921749115,0.27091217041015625,1.881016492843628,0.8039004802703857,0.6589106|0.3410895|0.0000000|0.0000000|0.0000000|0.0000000|0.0000000|0.0000000|0.0000000|0.0000000,0,0.6589105725288391,21.19731973524899,0,0,0,0,0,
cross_town,Town02,mixed,10,19,0.95,9.530014991760254,302.556640625,0.2215089350938797,179.9609375,0.0,500.0229893708359,0.0,2.86102294921875e-06,2.663161091653876e-07,0.002191909802636875,0.45047559203011583,0.13004356622695923,0.3682974576950073,0.10066836327314377,0.0,0.3196581304073334,0.10066836327314377,0.867247462272644,0.2878214418888092,0.6813878417015076,0.7047655582427979,1.0000000|0.0000000|0.0000000|0.0000000|0.0000000|0.0000000|0.0000000|0.0000000|0.0000000|0.0000000,0,1.0,18.860872087659477,0,0,0,0,0,
cross_town,Town02,mixed,10,20,1.0,9.530014991760254,302.556640625,0.2215421199798584,179.9609375,0.0,500.0229893708359,0.0,2.86102294921875e-06,2.663161091653876e-07,0.0024280470850743473,0.4336404990112461,0.045725613832473755,0.04472443461418152,-0.12126476317644119,0.0,0.23965813219547272,0.020668363198637962,0.9999985694885254,0.28782153129577637,3.582838773727417,0.18049770593643188,1.0000000|0.0000000|0.0000000|0.0000000|0.0000000|0.0000000|0.0000000|0.0000000|0.0000000|0.0000000,0,1.0,17.725181515522266,0,0,0,0,0,
cross_town,Town02,mixed,10,21,1.05,9.530014991760254,302.556640625,0.2215740978717804,179.9609375,0.0,500.0229893708359,0.0,2.86102294921875e-06,2.663161091653876e-07,0.0021810606820571545,0.4418164790430193,0.05294066667556763,0.03316691517829895,0.13247402012348175,0.0,0.15965813398361206,0.10066836327314377,0.9173617362976074,0.28782153129577637,0.8139357566833496,0.25938671827316284,1.0000000|0.0000000|0.0000000|0.0000000|0.0000000|0.0000000|0.0000000|0.0000000|0.0000000|0.0000000,0,1.0,16.71143783858136,0,0,0,0,0,
cross_town,Town02,mixed,10,22,1.1,9.530014991760254,302.556640625,0.22160117328166962,179.9609375,0.0,500.0229893708359,0.0,2.86102294921875e-06,2.663161091653876e-07,0.0017821539659721825,0.4334602119538136,0.1765764355659485,0.25876080989837646,0.21938301622867584,0.0,0.23965813219547272,0.18066836893558502,0.9999909400939941,0.26990678906440735,3.1327388286590576,0.6717926263809204,0.6508757|0.3491243|0.0000000|0.0000000|0.0000000|0.0000000|0.0000000|0.0000000|0.0000000|0.0000000,0,0.6508756875991821,15.829291497843698,0,0,0,0,0,
cross_town,Town02,mixed,10,23,1.15,9.530014991760254,302.556640625,0.2216225415468216,179.9609375,0.0,500.0229893708359,0.0,2.86102294921875e-06,2.663161091653876e-07,0.0013742179516619546,0.4390349299416042,0.19405940175056458,0.34040382504463196,0.22154830396175385,0.0,0.3196581304073334,0.22154830396175385,1.0,0.268931120634079,6.456246852874756,0.9290673732757568,0.6730682|0.3269318|0.0000000|0.0000000|0.0000000|0.0000000|0.0000000|0.0000000|0.0000000|0.0000000,0,0.6730682253837585,15.060670363260785,0,0,0,0,0,
cross_town,Town02,mixed,10,24,1.2,9.530014991760254,302.556640625,0.22163863480091095,179.9609375,0.0,500.0229893708359,0.0,2.86102294921875e-06,2.663161091653876e-07,0.0010247154704418877,0.43737591374644724,0.17414748668670654,0.44488129019737244,0.1670825332403183,0.0,0.3996581435203552,0.1670825332403183,1.0,0.269001305103302,7.450695991516113,0.6444793939590454,0.6572524|0.3427476|0.0000000|0.0000000|0.0000000|0.0000000|0.0000000|0.0000000|0.0000000|0.0000000,0,0.6572524309158325,14.382801807314934,0,0,0,0,0,
cross_town,Town02,mixed,10,25,1.25,9.530014991760254,302.556640625,0.22165046632289886,179.9609375,0.0,500.0229893708359,0.0,2.86102294921875e-06,2.663161091653876e-07,0.0007447357116783242,0.440176564073879,0.11630576848983765,0.3869442343711853,0.14382794499397278,0.0,0.3869442343711853,0.14382794499397278,1.0,0.25859278440475464,22.569520950317383,0.29060184955596924,1.0000000|0.0000000|0.0000000|0.0000000|0.0000000|0.0000000|0.0000000|0.0000000|0.0000000|0.0000000,0,1.0,13.779047580067598,0,0,0,0,0,
cross_town,Town02,mixed,10,26,1.3,9.530014991760254,302.556640625,0.22165897488594055,179.9609375,0.0,500.0229893708359,0.0,2.86102294921875e-06,2.663161091653876e-07,0.0005334892262804614,0.44006929307789516,0.16663265228271484,0.35879355669021606,0.16692841053009033,0.0,0.35879355669021606,0.16692841053009033,1.0,0.26775556802749634,9.370487213134766,0.3841531276702881,0.6722833|0.3277167|0.0000000|0.0000000|0.0000000|0.0000000|0.0000000|0.0000000|0.0000000|0.0000000,0,0.6722832918167114,13.238694521456258,0,0,0,0,0,
cross_town,Town02,mixed,10,27,1.35,9.530014991760254,302.556640625,0.2216614931821823,179.9609375,0.0,500.0229893708359,0.0,2.86102294921875e-06,2.663161091653876e-07,0.00016403961233575875,0.4329088408391357,0.1560286283493042,0.3227735757827759,0.009286516346037388,0.0,0.3227735757827759,0.08692841231822968,1.0,0.2573317885398865,38.25597381591797,-0.0729629397392273,1.0000000|0.0000000|0.0000000|0.0000000|0.0000000|0.0000000|0.0000000|0.0000000|0.0000000|0.0000000,0,1.0,12.971904334067217,0,0,0,0,0,
cross_town,Town02,mixed,10,28,1.4,9.530014991760254,302.556640625,0.22166430950164795,179.9609375,0.0,500.0229893708359,0.0,2.86102294921875e-06,2.663161091653876e-07,0.00022096253128505377,0.4327869762297426,0.12887859344482422,0.43246138095855713,0.1854076236486435,0.0,0.40277358889579773,0.16692841053009033,1.0,0.2664415240287781,8.488286972045898,0.33722198009490967,0.6863337|0.3136663|0.0000000|0.0000000|0.0000000|0.0000000|0.0000000|0.0000000|0.0000000|0.0000000,0,0.6863337159156799,12.988544128081463,0,0,0,0,0,
cross_town,Town02,mixed,10,29,1.45,9.530014991760254,302.556640625,0.2216673642396927,179.9609375,0.0,500.0229893708359,0.0,2.86102294921875e-06,2.663161091653876e-07,0.00021375274086964194,0.4380640684444516,0.14642399549484253,0.37557491660118103,0.21050864458084106,0.0,0.37557491660118103,0.21050864458084106,1.0,0.26617103815078735,19.70974349975586,0.3238421678543091,0.6806292|0.3193708|0.0000000|0.0000000|0.0000000|0.0000000|0.0000000|0.0000000|0.0000000|0.0000000,0,0.6806291937828064,12.972014227080189,0,0,0,0,0,
cross_town,Town02,mixed,10,30,1.5,9.530014991760254,302.556640625,0.22167007625102997,179.9609375,0.0,500.0229893708359,0.0,2.86102294921875e-06,2.663161091653876e-07,0.0001798668011395942,0.4401944323422306,0.1550806760787964,0.36616331338882446,0.20661267638206482,0.0,0.36616331338882446,0.20661267638206482,1.0,0.26571911573410034,15.924711227416992,0.2598693370819092,0.6807005|0.3192995|0.0000000|0.0000000|0.0000000|0.0000000|0.0000000|0.0000000|0.0000000|0.0000000,0,0.6807005405426025,12.241576591258301,0,0,0,0,0,
cross_town,Town02,mixed,10,31,1.55,9.530014991760254,302.556640625,0.22167223691940308,179.9609375,0.0,500.0229893708359,0.0,2.86102294921875e-06,2.663161091653876e-07,0.00014258194313284753,0.4369208485264701,0.13213884830474854,0.38533473014831543,0.15533022582530975,0.0,0.38533473014831543,0.15533022582530975,1.0,0.264745831489563,18.341259002685547,0.4793705940246582,0.6959491|0.3040509|0.0000000|0.0000000|0.0000000|0.0000000|0.0000000|0.0000000|0.0000000|0.0000000,0,0.6959490776062012,11.842092446441084,0,0,0,0,0,
cross_town,Town02,mixed,10,32,1.6,9.530014991760254,302.556640625,0.22167392075061798,179.9609375,0.0,500.0229893708359,0.0,2.86102294921875e-06,2.663161091653876e-07,0.00011024093888293276,0.4381497384265823,0.13672444224357605,0.37306445837020874,0.1939084380865097,0.0,0.37306445837020874,0.1939084380865097,1.0,0.26411089301109314,20.742774963378906,0.26939111948013306,0.7001900|0.2998100|0.0000000|0.0000000|0.0000000|0.0000000|0.0000000|0.0000000|0.0000000|0.0000000,0,0.700190007686615,11.6124599050529,0,0,0,0,0,
cross_town,Town02,mixed,10,33,1.65,9.530014991760254,302.556640625,0.22167518734931946,179.9609375,0.0,500.0229893708359,0.0,2.86102294921875e-06,2.663161091653876e-07,8.013155560019085e-05,0.4321086622731861,0.2779138684272766,0.270632803440094,-0.09015253186225891,0.0,0.2930644452571869,0.11390843987464905,1.0,0.2532360255718231,34.95398712158203,-0.27603137493133545,1.0000000|0.0000000|0.0000000|0.0000000|0.0000000|0.0000000|0.0000000|0.0000000|0.0000000|0.0000000,0,1.0,11.209574484637875,0,0,0,0,0,
cross_town,Town02,mixed,10,34,1.7,9.530014991760254,302.556640625,0.22167518734931946,179.9609375,0.0,500.0229893708359,0.0,2.86102294921875e-06,2.663161091653876e-07,5.572128157148817e-05,0.43200090167525124,0.06128114461898804,0.07292747497558594,-0.06450044363737106,0.0,0.21306444704532623,0.03390844166278839,0.9995822310447693,0.28782153129577637,2.157228946685791,0.18672466278076172,1.0000000|0.0000000|0.0000000|0.0000000|0.0000000|0.0000000|0.0000000|0.0000000|0.0000000|0.0000000,0,1.0,11.269648160915349,0,0,0,0,0,
cross_town,Town02,mixed,10,35,1.75,9.530014991760254,302.556640625,0.2216765135526657,179.9609375,0.0,500.0229893708359,0.0,2.86102294921875e-06,2.663161091653876e-07,9.476572971263526e-06,0.43181036559110686,0.08809506893157959,0.39259007573127747,0.23806050419807434,0.0,0.2930644452571869,0.11390843987464905,1.0,0.2624676525592804,14.142326354980469,0.3791608214378357,0.7028717|0.2971283|0.0000000|0.0000000|0.0000000|0.0000000|0.0000000|0.0000000|0.0000000|0.0000000,0,0.7028717398643494,11.533827666234254,0,0,0,0,0,
cross_town,Town02,mixed,10,36,1.8,9.530014991760254,302.556640625,0.2216765135526657,179.9609375,0.0,500.0229893708359,0.0,2.86102294921875e-06,2.663161091653876e-07,2.1423484082740356e-05,0.4316684230417883,0.2586589455604553,0.13259989023208618,-0.10050993412733078,0.0,0.21306444704532623,0.03390844166278839,1.0,0.2575051784515381,87.88411712646484,-0.41261881589889526,0.9274206|0.0725795|0.0000000|0.0000000|0.0000000|0.0000000|0.0000000|0.0000000|0.0000000|0.0000000,0,0.9274205565452576,12.816333558244764,0,0,0,0,0,
cross_town,Town02,mixed,10,37,1.85,9.530014991760254,302.556640625,0.2216765135526657,179.9609375,0.0,500.0229893708359,0.0,2.86102294921875e-06,2.663161091653876e-07,2.1114496805410184e-05,0.4315528039209635,0.13577505946159363,0.30267155170440674,0.2730284035205841,0.0,0.2930644452571869,0.11390843987464905,1.0,0.2652902901172638,17.82586669921875,0.3697504997253418,0.6818223|0.2597776|0.0584001|0.0000000|0.0000000|0.0000000|0.0000000|0.0000000|0.0000000|0.0000000,0,0.6818222999572754,16.48971848179369,0,0,0,0,0,
cross_town,Town02,mixed,10,38,1.9,9.530014991760254,302.556640625,0.2216765135526657,179.9609375,0.0,500.0229893708359,0.0,2.86102294921875e-06,2.663161091653876e-07,1.6172579180066493e-05,0.43146590896148146,0.1718960702419281,0.24922659993171692,0.24873681366443634,0.0,0.24922659993171692,0.1939084380865097,1.0,0.2645920515060425,13.320269584655762,0.8224560022354126,0.6927482|0.2462075|0.0610443|0.0000000|0.0000000|0.0000000|0.0000000|0.0000000|0.0000000|0.0000000,0,0.6927481889724731,17.279322991697025,0,0,0,0,0,
cross_town,Town02,mixed,10,39,1.95,9.530014991760254,302.556640625,0.2216765135526657,179.9609375,0.0,500.0229893708359,0.0,2.86102294921875e-06,2.663161091653876e-07,1.620569947993296e-05,0.4314078450703846,0.16835147142410278,0.3958757519721985,0.3155040144920349,0.0,0.32922661304473877,0.27390843629837036,1.0,0.259846955537796,10.54635238647461,1.1465805768966675,0.7275171|0.2724829|0.0000000|0.0000000|0.0000000|0.0000000|0.0000000|0.0000000|0.0000000|0.0000000,0,0.7275170683860779,16.763294976758125,0,0,0,0,0,
cross_town,Town02,mixed,10,40,2.0,9.530014991760254,302.556640625,0.22167770564556122,179.9609375,0.0,500.0229893708359,0.0,2.86102294921875e-06,2.663161091653876e-07,1.0986458710117368e-05,0.4313785300263247,0.09965938329696655,0.5849710702896118,0.13574805855751038,0.0,0.4092266261577606,0.1939084380865097,1.0,0.2639889717102051,16.9586124420166,1.0241063833236694,0.6863603|0.2583606|0.0552791|0.0000000|0.0000000|0.0000000|0.0000000|0.0000000|0.0000000|0.0000000,0,0.6863602995872498,16.269228923857874,0,0,0,0,0,
cross_town,Town02,mixed,10,41,2.05,9.530014991760254,302.556640625,0.22167770564556122,179.9609375,0.0,500.0229893708359,0.0,2.86102294921875e-06,2.663161091653876e-07,6.488820852797492e-06,0.43137408685791184,0.32632654905319214,0.10791769623756409,0.5620253086090088,0.0,0.32922661304473877,0.27390843629837036,1.0,0.800000011920929,13.922877311706543,-0.5706806182861328,1.0000000|0.0000000|0.0000000|0.0000000|0.0000000|0.0000000|0.0000000|0.0000000|0.0000000|0.0000000,0,1.0,15.79217454566291,0,0,0,0,0,
cross_town,Town02,mixed,10,42,2.1,9.530014991760254,302.556640625,0.22167770564556122,179.9609375,0.0,500.0229893708359,0.0,2.86102294921875e-06,2.663161091653876e-07,5.836591163745709e-06,0.43137405625780934,0.0841725766658783,0.4157900810241699,-0.06901711970567703,0.0,0.4092266261577606,0.1939084380865097,1.0,0.28782153129577637,5.885373115539551,1.0723884105682373,1.0000000|0.0000000|0.0000000|0.0000000|0.0000000|0.0000000|0.0000000|0.0000000|0.0000000|0.0000000,0,1.0,15.32932016977871,0,0,0,0,0,
cross_town,Town02,mixed,10,43,2.15,9.530014991760254,302.556640625,0.22167770564556122,179.9609375,0.0,500.0229893708359,0.0,2.86102294921875e-06,2.663161091653876e-07,8.173027183831964e-06,0.4489776153732272,0.13948965072631836,0.3629775941371918,-0.1661456823348999,0.0,0.3629775941371918,0.11390843987464905,0.8239580392837524,0.2643652856349945,0.6214839816093445,0.7906620502471924,0.6778442|0.2608713|0.0612845|0.0000000|0.0000000|0.0000000|0.0000000|0.0000000|0.0000000|0.0000000,0,0.677844226360321,14.87900323908357,0,0,0,0,0,
cross_town,Town02,mixed,10,44,2.2,9.530014991760254,302.556640625,0.22167770564556122,179.9609375,0.0,500.0229893708359,0.0,2.86102294921875e-06,2.663161091653876e-07,2.231599595964479e-06,0.43142583611510815,0.12659788131713867,0.24756702780723572,-0.13341103494167328,0.0,0.2829775810241699,0.03390844166278839,0.999466598033905,0.2650972008705139,2.118809700012207,0.7499830722808838,0.6656715|0.2663485|0.0679800|0.0000000|0.0000000|0.0000000|0.0000000|0.0000000|0.0000000|0.0000000,0,0.6656715273857117,14.440176499029405,0,0,0,0,0,
cross_town,Town02,mixed,10,45,2.25,9.530014991760254,302.556640625,0.22167770564556122,179.9609375,0.0,500.0229893708359,0.0,2.86102294921875e-06,2.663161091653876e-07,4.978180663708845e-06,0.4350355712185165,0.1045544445514679,0.08509063720703125,0.09200755506753922,0.0,0.20297758281230927,0.09200755506753922,0.9996528625488281,0.2640194892883301,2.227382183074951,0.5333896279335022,0.6894011|0.2446790|0.0659199|0.0000000|0.0000000|0.0000000|0.0000000|0.0000000|0.0000000|0.0000000,0,0.6894010901451111,14.012247138222751,0,0,0,0,0,
cross_town,Town02,mixed,10,46,2.3,9.530014991760254,302.556640625,0.22167770564556122,179.9609375,0.0,500.0229893708359,0.0,2.86102294921875e-06,2.663161091653876e-07,3.473586104042367e-06,0.43137046638687354,0.37359923124313354,0.2909304201602936,0.9036073088645935,0.0,0.12297758460044861,0.17200756072998047,1.0,0.3325973451137543,220.87350463867188,0.7070315480232239,1.0000000|0.0000000|0.0000000|0.0000000|0.0000000|0.0000000|0.0000000|0.0000000|0.0000000|0.0000000,0,1.0,13.594734489250465,0,0,0,0,0,
cross_town,Town02,mixed,10,47,2.35,9.530014991760254,302.556640625,0.22167770564556122,179.9609375,0.0,500.0229893708359,0.0,2.86102294921875e-06,2.663161091653876e-07,7.003784471811118e-06,0.461228948532508,0.18787354230880737,0.46658116579055786,0.21116887032985687,0.0,0.20297758281230927,0.21116887032985687,0.7598031759262085,0.2601486146450043,0.5277515649795532,1.1225571632385254,0.7113827|0.2886173|0.0000000|0.0000000|0.0000000|0.0000000|0.0000000|0.0000000|0.0000000|0.0000000,0,0.7113827466964722,13.187336346927669,0,0,0,0,0,
cross_town,Town02,mixed,10,48,2.4,9.530014991760254,302.556640625,0.22167770564556122,179.9609375,0.0,500.0229893708359,0.0,2.86102294921875e-06,2.663161091653876e-07,5.802154990640746e-06,0.43659697215826987,0.15531843900680542,0.47527021169662476,0.07182273268699646,0.0,0.2829775810241699,0.13116887211799622,0.9477192163467407,0.26027658581733704,0.9640811681747437,1.3106563091278076,0.7080183|0.2919817|0.0000000|0.0000000|0.0000000|0.0000000|0.0000000|0.0000000|0.0000000|0.0000000,0,0.7080183029174805,12.789792363932754,0,0,0,0,0,
cross_town,Town02,mixed,10,49,2.45,9.530014991760254,302.556640625,0.22167770564556122,179.9609375,0.0,500.0229893708359,0.0,2.86102294921875e-06,2.663161091653876e-07,7.038118748571447e-06,0.4313729537942847,0.07297539710998535,0.11675307154655457,-0.12532180547714233,0.0,0.20297758281230927,0.05116887390613556,0.999954342842102,0.28782153129577637,2.710538625717163,0.28534239530563354,1.0000000|0.0000000|0.0000000|0.0000000|0.0000000|0.0000000|0.0000000|0.0000000|0.0000000|0.0000000,0,1.0,12.401863861348465,0,0,0,0,0,
cross_town,Town02,mixed,10,50,2.5,9.530014991760254,302.556640625,0.22167770564556122,179.9609375,0.0,500.0229893708359,0.0,2.86102294921875e-06,2.663161091653876e-07,6.696463074279877e-06,0.4374389014383359,0.10176783800125122,0.11140015721321106,0.014378219842910767,0.0,0.12297758460044861,0.014378219842910767,0.9998490810394287,0.2645423114299774,2.43524169921875,0.360220730304718,0.6796949|0.2431100|0.0771952|0.0000000|0.0000000|0.0000000|0.0000000|0.0000000|0.0000000|0.0000000,0,0.6796948909759521,12.023363884307482,0,0,0,0,0,
cross_town,Town02,mixed,10,51,2.55,9.530014991760254,302.556640625,0.22167770564556122,179.9609375,0.0,500.0229893708359,0.0,2.86102294921875e-06,2.663161091653876e-07,3.021261401243754e-06,0.4313680472869593,0.06656002998352051,0.050640493631362915,-0.327534556388855,0.05999999865889549,0.0,-0.06562177836894989,0.9999985694885254,0.2966088354587555,3.565375804901123,0.020539700984954834,0.7807180|0.2192820|0.0000000|0.0000000|0.0000000|0.0000000|0.0000000|0.0000000|0.0000000|0.0000000,0,0.7807180285453796,11.65408559757947,0,0,0,0,0,
cross_town,Town02,mixed,10,52,2.6,9.530014991760254,302.556640625,0.22167770564556122,179.9609375,0.0,500.0229893708359,0.0,2.86102294921875e-06,2.663161091653876e-07,6.879821870901532e-08,0.43899297551083716,0.04839739203453064,0.015490531921386719,-0.07418548315763474,0.0,0.0,-0.07418548315763474,0.9996685981750488,0.2652600407600403,2.2376937866210938,0.015691816806793213,0.6649490|0.2507644|0.0842867|0.0000000|0.0000000|0.0000000|0.0000000|0.0000000|0.0000000|0.0000000,0,0.6649489998817444,11.293862702128806,0,0,0,0,0,
cross_town,Town02,mixed,10,53,2.65,9.530014991760254,302.556640625,0.22167770564556122,179.9609375,0.0,500.0229893708359,0.0,2.86102294921875e-06,2.663161091653876e-07,2.403926599972929e-07,0.4925174992097972,0.042010724544525146,0.02282014489173889,-0.11795159429311752,0.0,0.0,-0.11795159429311752,0.44231826066970825,0.25969773530960083,0.18236255645751953,0.047630369663238525,0.7247332|0.2752668|0.0000000|0.0000000|0.0000000|0.0000000|0.0000000|0.0000000|0.0000000|0.0000000,0,0.7247331738471985,10.942623223290957,0,0,0,0,0,
cross_town,Town02,mixed,10,54,2.7,9.530014991760254,302.556640625,0.22167770564556122,179.9609375,0.0,500.0229893708359,0.0,2.86102294921875e-06,2.663161091653876e-07,4.4641731652498546e-07,0.43777520447003276,0.02018168568611145,0.01724141836166382,-0.08538448065519333,0.0,0.0,-0.08538448065519333,1.0,0.2979792058467865,6.793025016784668,-0.605228066444397,0.7354894|0.2645106|0.0000000|0.0000000|0.0000000|0.0000000|0.0000000|0.0000000|0.0000000|0.0000000,0,0.7354893684387207,10.601756978145263,0,0,0,0,0,
cross_town,Town02,mixed,10,55,2.75,9.530014991760254,302.556640625,0.22167770564556122,179.9609375,0.0,500.0229893708359,0.0,2.86102294921875e-06,2.663161091653876e-07,6.869760808197082e-07,0.4313680788746597,0.02736172080039978,0.022569328546524048,0.03771860897541046,0.0,0.0,-0.005384480580687523,0.9999996423721313,0.26544857025146484,3.9289710521698,-0.19295620918273926,0.6585280|0.2570815|0.0843905|0.0000000|0.0000000|0.0000000|0.0000000|0.0000000|0.0000000|0.0000000,0,0.6585279703140259,10.46744741959577,0,0,0,0,0,
cross_town,Town02,mixed,10,56,2.8,9.530014991760254,302.556640625,0.22167770564556122,179.9609375,0.0,500.0229893708359,0.0,2.86102294921875e-06,2.663161091653876e-07,8.243226817479567e-07,0.43136811380400747,0.1532108187675476,0.05582723021507263,-0.1461096554994583,0.05999999865889549,0.0,-0.08538448065519333,1.0,0.2586776912212372,5.881352424621582,0.3169618844985962,0.8671662|0.1328339|0.0000000|0.0000000|0.0000000|0.0000000|0.0000000|0.0000000|0.0000000|0.0000000,0,0.8671661615371704,10.292000016878193,0,0,0,0,0,
cross_town,Town02,mixed,10,57,2.85,9.530014991760254,302.556640625,0.22167770564556122,179.9609375,0.0,500.0229893708359,0.0,2.86102294921875e-06,2.663161091653876e-07,2.4770110926878786e-06,0.4316118874275818,0.023737162351608276,0.011206984519958496,0.05768686160445213,0.0,0.0,-0.005384480580687523,0.9975631237030029,0.2664671540260315,1.7371866703033447,-0.18506789207458496,0.6520903|0.2415741|0.1063356|0.0000000|0.0000000|0.0000000|0.0000000|0.0000000|0.0000000|0.0000000,0,0.6520902514457703,10.102344411892481,0,0,0,0,0,
cross_town,Town02,mixed,10,58,2.9,9.530014991760254,302.556640625,0.22167770564556122,179.9609375,0.0,500.0229893708359,0.0,2.86102294921875e-06,2.663161091653876e-07,1.1677439138679646e-06,0.43136831770100054,0.12157288193702698,0.07581651210784912,-0.17478054761886597,0.05999999865889549,0.0,-0.08538448065519333,0.9999994039535522,0.2576432228088379,3.8170878887176514,0.23315739631652832,0.8774087|0.1225913|0.0000000|0.0000000|0.0000000|0.0000000|0.0000000|0.0000000|0.0000000|0.0000000,0,0.8774087429046631,9.830797614760423,0,0,0,0,0,
cross_town,Town02,mixed,10,59,2.95,9.530014991760254,302.556640625,0.22167770564556122,179.9609375,0.0,500.0229893708359,0.0,2.86102294921875e-06,2.663161091653876e-07,1.3799317586499224e-06,0.43136831639562945,0.021802455186843872,0.01181936264038086,0.6453093886375427,0.0,0.0,-0.005384480580687523,1.0,0.2990785539150238,27.76070785522461,-0.8529437780380249,0.7121840|0.2878160|0.0000000|0.0000000|0.0000000|0.0000000|0.0000000|0.0000000|0.0000000|0.0000000,0,0.7121840119361877,9.573253859261648,0,0,0,0,0,
cross_town,Town02,mixed,10,60,3.0,9.530014991760254,302.556640625,0.22167770564556122,179.9609375,0.0,500.0229893708359,0.0,2.86102294921875e-06,2.663161091653876e-07,0.0,0.479699384563584,0.04352182149887085,0.03293275833129883,-0.13389946520328522,0.0,0.0,-0.08538448065519333,0.5166897773742676,0.26013660430908203,0.2565593421459198,0.011111676692962646,0.7383924|0.2616077|0.0000000|0.0000000|0.0000000|0.0000000|0.0000000|0.0000000|0.0000000|0.0000000,0,0.7383923530578613,9.43455215363968,0,0,0,0,0,
cross_town,Town02,mixed,10,61,3.05,9.530014991760254,302.556640625,0.22167770564556122,179.9609375,0.0,500.0229893708359,0.0,2.86102294921875e-06,2.663161091653876e-07,1.717398840040741e-07,0.43136839183195835,0.09548866748809814,0.02491915225982666,-0.16786520183086395,0.05999999865889549,0.0,-0.16538448631763458,1.0,0.25873106718063354,7.655738830566406,-0.05859494209289551,0.8547817|0.1452183|0.0000000|0.0000000|0.0000000|0.0000000|0.0000000|0.0000000|0.0000000|0.0000000,0,0.8547816872596741,9.403123983004459,0,0,0,0,0,
cross_town,Town02,mixed,10,62,3.1,9.530014991760254,302.556640625,0.22167770564556122,179.9609375,0.0,500.0229893708359,0.0,2.86102294921875e-06,2.663161091653876e-07,3.7775843895935186e-07,0.43136839326254284,0.008467227220535278,0.006112933158874512,0.2538153827190399,0.0,0.0,-0.08538448810577393,1.0,0.26713818311691284,8.19788932800293,-0.4510965347290039,0.6528905|0.2219252|0.1251843|0.0000000|0.0000000|0.0000000|0.0000000|0.0000000|0.0000000|0.0000000,0,0.6528905034065247,9.068574054908105,0,0,0,0,0,
cross_town,Town02,mixed,10,63,3.15,9.530014991760254,302.556640625,0.22167770564556122,179.9609375,0.0,500.0229893708359,0.0,2.86102294921875e-06,2.663161091653876e-07,5.300010479115908e-07,0.43136837760302815,0.029267728328704834,0.018910735845565796,0.511111319065094,0.0,0.0,-0.00538448803126812,1.0,0.30118775367736816,31.691696166992188,-1.106459617614746,0.6606227|0.3393773|0.0000000|0.0000000|0.0000000|0.0000000|0.0000000|0.0000000|0.0000000|0.0000000,0,0.6606227159500122,8.609523908793168,0,0,0,0,0,
cross_town,Town02,mixed,10,64,3.2,9.530014991760254,302.556640625,0.22167770564556122,179.9609375,0.0,500.0229893708359,0.0,2.86102294921875e-06,2.663161091653876e-07,6.314937973539371e-07,0.4317082075247508,0.038209468126297,0.041528016328811646,-0.10902784764766693,0.0,0.0,-0.08538448810577393,0.9966017007827759,0.2660609483718872,1.6542112827301025,0.00019657611846923828,0.6766255|0.2039549|0.1194195|0.0000000|0.0000000|0.0000000|0.0000000|0.0000000|0.0000000|0.0000000,0,0.6766255497932434,8.433136084056791,0,0,0,0,0,
cross_town,Town02,mixed,10,65,3.25,9.530014991760254,302.556640625,0.22167770564556122,179.9609375,0.0,500.0229893708359,0.0,2.86102294921875e-06,2.663161091653876e-07,8.245149931960499e-07,0.4313685564169664,0.061092913150787354,0.023026764392852783,0.5274618268013,0.05999999865889549,0.0,-0.00538448803126812,0.9999982118606567,0.800000011920929,3.015655994415283,-0.8095980882644653,1.0000000|0.0000000|0.0000000|0.0000000|0.0000000|0.0000000|0.0000000|0.0000000|0.0000000|0.0000000,0,1.0,8.47372899938626,0,0,0,0,0,
cross_town,Town02,mixed,10,66,3.3,9.530014991760254,302.556640625,0.22167770564556122,179.9609375,0.0,500.0229893708359,0.0,2.86102294921875e-06,2.663161091653876e-07,2.545218085324765e-06,0.4389974663399967,0.038069695234298706,0.021840393543243408,0.001127846073359251,0.0,0.0,0.001127846073359251,0.9999998807907104,0.2673529386520386,4.264719009399414,-0.0898551344871521,0.6590168|0.1975056|0.1434775|0.0000000|0.0000000|0.0000000|0.0000000|0.0000000|0.0000000|0.0000000,0,0.6590168476104736,8.613497485725333,0,0,0,0,0,
cross_town,Town02,mixed,10,67,3.35,9.530014991760254,302.556640625,0.22167770564556122,179.9609375,0.0,500.0229893708359,0.0,2.86102294921875e-06,2.663161091653876e-07,2.7166920041567307e-06,0.45453732256111545,0.03636300563812256,0.03029024600982666,-0.16162528097629547,0.0,0.0,-0.07887215167284012,0.7683102488517761,0.2608393430709839,0.5388593077659607,0.10997253656387329,0.7619247|0.2380753|0.0000000|0.0000000|0.0000000|0.0000000|0.0000000|0.0000000|0.0000000|0.0000000,0,0.7619247436523438,8.850725142197373,0,0,0,0,0,
cross_town,Town02,mixed,10,68,3.4,9.530014991760254,302.556640625,0.22167770564556122,179.9609375,0.0,500.0229893708359,0.0,2.86102294921875e-06,2.663161091653876e-07,2.887272565386906e-06,0.4313760593905212,0.025371253490447998,0.014313459396362305,0.00831916369497776,0.0,0.0,0.0011278482852503657,0.9999227523803711,0.2682802677154541,2.598668098449707,0.049298763275146484,0.6446626|0.1980593|0.1572781|0.0000000|0.0000000|0.0000000|0.0000000|0.0000000|0.0000000|0.0000000,0,0.6446625590324402,9.03069245441712,0,0,0,0,0,
cross_town,Town02,mixed,10,69,3.45,9.530014991760254,302.556640625,0.22167770564556122,179.9609375,0.0,500.0229893708359,0.0,2.86102294921875e-06,2.663161091653876e-07,1.7172154942651832e-07,0.43138354235292353,0.03983712196350098,0.05250319838523865,-0.12087380141019821,0.0,0.05250319838523865,-0.07887215167284012,0.9998477697372437,0.26701974868774414,2.430537700653076,0.024022042751312256,0.6688580|0.1777489|0.1533931|0.0000000|0.0000000|0.0000000|0.0000000|0.0000000|0.0000000|0.0000000,0,0.668857991695404,9.198825155498897,0,0,0,0,0,
cross_town,Town02,mixed,10,70,3.5,9.530014991760254,302.556640625,0.22167770564556122,179.9609375,0.0,500.0229893708359,0.0,2.86102294921875e-06,2.663161091653876e-07,4.80654913559459e-07,0.43136831932663705,0.03415757417678833,0.025533944368362427,0.06742996722459793,0.0,0.0,0.0011278482852503657,1.0,0.26720336079597473,5.2808051109313965,0.041081130504608154,0.6661842|0.1698245|0.1639913|0.0000000|0.0000000|0.0000000|0.0000000|0.0000000|0.0000000|0.0000000,0,0.6661842465400696,9.252626447931071,0,0,0,0,0,
cross_town,Town02,mixed,10,71,3.55,9.530014991760254,302.556640625,0.22167770564556122,179.9609375,0.0,500.0229893708359,0.0,2.86102294921875e-06,2.663161091653876e-07,8.239816310631144e-07,0.4313724882709003,0.0405634343624115,0.054668307304382324,-0.13960589468479156,0.0,0.054668307304382324,-0.07887215167284012,0.9999581575393677,0.267671674489975,2.7524495124816895,0.06601542234420776,0.6574531|0.1825460|0.1600009|0.0000000|0.0000000|0.0000000|0.0000000|0.0000000|0.0000000|0.0000000,0,0.6574530601501465,9.220169210938653,0,0,0,0,0,
cross_town,Town02,mixed,10,72,3.6,9.530014991760254,302.556640625,0.22167770564556122,179.9609375,0.0,500.0229893708359,0.0,2.86102294921875e-06,2.663161091653876e-07,1.167297665157485e-06,0.43136830402483706,0.0657292902469635,0.061097532510757446,0.009677480906248093,0.05999999865889549,0.0,0.0011278482852503657,1.0,0.2594793736934662,9.295660018920898,-0.2822539806365967,0.8034932|0.1965068|0.0000000|0.0000000|0.0000000|0.0000000|0.0000000|0.0000000|0.0000000|0.0000000,0,0.8034932017326355,9.158231111534134,0,0,0,0,0,
cross_town,Town02,mixed,10,73,3.65,9.530014991760254,302.556640625,0.22167770564556122,179.9609375,0.0,500.0229893708359,0.0,2.86102294921875e-06,2.663161091653876e-07,1.5106222151003552e-06,0.4313683046953893,0.015890181064605713,0.0708971917629242,0.7284440994262695,0.0,0.0708971917629242,0.0811278447508812,1.0,0.3033447265625,46.83318328857422,-0.8205037117004395,0.5596296|0.4403704|0.0000000|0.0000000|0.0000000|0.0000000|0.0000000|0.0000000|0.0000000|0.0000000,0,0.5596296191215515,9.831787036951672,0,0,0,0,0,
cross_town,Town02,mixed,10,74,3.7,9.530014991760254,302.556640625,0.22167770564556122,179.9609375,0.0,500.0229893708359,0.0,2.86102294921875e-06,2.663161091653876e-07,1.8196135157635283e-06,0.43770609325404375,0.06760713458061218,0.23779746890068054,0.047683537006378174,0.0,0.15089718997478485,0.047683537006378174,1.0,0.3033095598220825,26.22115135192871,-0.255035400390625,0.5393107|0.4606893|0.0000000|0.0000000|0.0000000|0.0000000|0.0000000|0.0000000|0.0000000|0.0000000,0,0.5393106937408447,10.320666675329917,0,0,0,0,0,
cross_town,Town02,mixed,10,75,3.75,9.530014991760254,302.556640625,0.22167770564556122,179.9609375,0.0,500.0229893708359,0.0,2.86102294921875e-06,2.663161091653876e-07,2.162933431107713e-06,0.432719803100767,0.09748142957687378,0.18642836809158325,-0.02493714541196823,0.0,0.18642836809158325,-0.02493714541196823,1.0,0.25983062386512756,11.021509170532227,0.2033877968788147,0.7833869|0.2166130|0.0000000|0.0000000|0.0000000|0.0000000|0.0000000|0.0000000|0.0000000|0.0000000,0,0.7833869457244873,10.714611957233062,0,0,0,0,0,
cross_town,Town02,mixed,10,76,3.8,9.530014991760254,302.556640625,0.22167770564556122,179.9609375,0.0,500.0229893708359,0.0,2.86102294921875e-06,2.663161091653876e-07,2.4719250678107647e-06,0.43141652789867185,0.07114142179489136,0.025145798921585083,0.20620277523994446,0.0,0.1064283698797226,0.055062852799892426,0.9995179176330566,0.26019543409347534,2.1490590572357178,0.2805735468864441,0.8116350|0.1883650|0.0000000|0.0000000|0.0000000|0.0000000|0.0000000|0.0000000|0.0000000|0.0000000,0,0.8116350173950195,10.911092971155684,0,0,0,0,0,
cross_town,Town02,mixed,10,77,3.85,9.530014991760254,302.556640625,0.22167770564556122,179.9609375,0.0,500.0229893708359,0.0,2.86102294921875e-06,2.663161091653876e-07,3.446146140335898e-08,0.43137873819625616,0.08642646670341492,0.16388678550720215,-0.13354283571243286,0.0,0.16388678550720215,-0.02493714727461338,0.9998958110809326,0.26649191975593567,2.5258278846740723,0.28708136081695557,0.6728607|0.1880666|0.1390727|0.0000000|0.0000000|0.0000000|0.0000000|0.0000000|0.0000000|0.0000000,0,0.6728606820106506,10.91196822864463,0,0,0,0,0,
cross_town,Town02,mixed,10,78,3.9,9.530014991760254,302.556640625,0.22167770564556122,179.9609375,0.0,500.0229893708359,0.0,2.86102294921875e-06,2.663161091653876e-07,3.4332837662321966e-07,0.44691914728439086,0.05268809199333191,0.01848161220550537,0.16042663156986237,0.0,0.08388678729534149,0.055062852799892426,0.844491720199585,0.2596377730369568,0.663371205329895,0.37366002798080444,0.8269171|0.1730829|0.0000000|0.0000000|0.0000000|0.0000000|0.0000000|0.0000000|0.0000000|0.0000000,0,0.8269171118736267,10.779773020692089,0,0,0,0,0,
cross_town,Town02,mixed,10,79,3.95,9.530014991760254,302.556640625,0.22167770564556122,179.9609375,0.0,500.0229893708359,0.0,2.86102294921875e-06,2.663161091653876e-07,6.86650273061811e-07,0.43136927297866595,0.08168217539787292,0.15094372630119324,-0.13460761308670044,0.0,0.15094372630119324,-0.02493714727461338,0.9999904632568359,0.2667948603630066,3.1240298748016357,0.19648844003677368,0.6643596|0.1974837|0.1381567|0.0000000|0.0000000|0.0000000|0.0000000|0.0000000|0.0000000|0.0000000,0,0.6643596291542053,10.567958665844872,0,0,0,0,0,
cross_town,Town02,mixed,10,80,4.0,9.530014991760254,302.556640625,0.22167770564556122,179.9609375,0.0,500.0229893708359,0.0,2.86102294921875e-06,2.663161091653876e-07,9.95643041518338e-07,0.49574350527084127,0.07140961289405823,0.021511882543563843,0.14832757413387299,0.0,0.07094372808933258,0.055062852799892426,0.356248140335083,0.2594758868217468,0.0926026776432991,0.3950173258781433,0.8350777|0.1649223|0.0000000|0.0000000|0.0000000|0.0000000|0.0000000|0.0000000|0.0000000|0.0000000,0,0.835077702999115,10.311128933416114,0,0,0,0,0,
cross_town,Town02,mixed,10,81,4.05,9.530014991760254,302.556640625,0.22167770564556122,179.9609375,0.0,500.0229893708359,0.0,2.86102294921875e-06,2.663161091653876e-07,1.3046276699212977e-06,0.4313683193043494,0.09806692600250244,0.1522039771080017,-0.04730197414755821,0.0,0.15094372630119324,-0.02493714727461338,1.0,0.25984784960746765,19.238880157470703,-0.1013176441192627,0.7541523|0.2458477|0.0000000|0.0000000|0.0000000|0.0000000|0.0000000|0.0000000|0.0000000|0.0000000,0,0.7541522979736328,10.03061230973269,0,0,0,0,0,
cross_town,Town02,mixed,10,82,4.1,9.530014991760254,302.556640625,0.22167770564556122,179.9609375,0.0,500.0229893708359,0.0,2.86102294921875e-06,2.663161091653876e-07,1.6136215667135069e-06,0.4313683193043494,0.07910275459289551,0.089211106300354,0.06749360263347626,0.0,0.089211106300354,0.055062852799892426,1.0,0.26009809970855713,7.326253414154053,0.035581111907958984,0.7425939|0.2574061|0.0000000|0.0000000|0.0000000|0.0000000|0.0000000|0.0000000|0.0000000|0.0000000,0,0.7425939440727234,9.758575673174086,0,0,0,0,0,
cross_town,Town02,mixed,10,83,4.15,9.530014991760254,302.556640625,0.22167770564556122,179.9609375,0.0,500.0229893708359,0.0,2.86102294921875e-06,2.663161091653876e-07,1.9569402395284798e-06,0.44374713114059217,0.1496914029121399,0.20935779809951782,-0.07721180468797684,0.0,0.16921110451221466,-0.02493714727461338,0.8762118816375732,0.2489112764596939,0.7403478026390076,0.41877639293670654,1.0000000|0.0000000|0.0000000|0.0000000|0.0000000|0.0000000|0.0000000|0.0000000|0.0000000|0.0000000,0,1.0,9.547483830195574,0,0,0,0,0,
cross_town,Town02,mixed,10,84,4.2,9.530014991760254,302.556640625,0.22167770564556122,179.9609375,0.0,500.0229893708359,0.0,2.86102294921875e-06,2.663161091653876e-07,2.3002633014150106e-06,0.43136831930434966,0.1698399782180786,0.0029310286045074463,0.47513455152511597,0.0,0.089211106300354,0.055062852799892426,1.0,0.800000011920929,11.031402587890625,-1.0077992677688599,1.0000000|0.0000000|0.0000000|0.0000000|0.0000000|0.0000000|0.0000000|0.0000000|0.0000000|0.0000000,0,1.0,9.457917915833468,0,0,0,0,0,
cross_town,Town02,mixed,10,85,4.25,9.530014991760254,302.556640625,0.22167770564556122,179.9609375,0.0,500.0229893708359,0.0,2.86102294921875e-06,2.663161091653876e-07,2.6435857665072565e-06,0.43136831930434966,0.07903289794921875,0.17368954420089722,-0.0926852822303772,0.0,0.16921110451221466,-0.02493714727461338,1.0,0.2662530541419983,6.057718753814697,0.13160693645477295,0.6507673|0.2363017|0.1129309|0.0000000|0.0000000|0.0000000|0.0000000|0.0000000|0.0000000|0.0000000,0,0.6507672667503357,9.575379399770524,0,0,0,0,0,
cross_town,Town02,mixed,10,86,4.3,9.530014991760254,302.556640625,0.22167770564556122,179.9609375,0.0,500.0229893708359,0.0,2.86102294921875e-06,2.663161091653876e-07,2.746582286562022e-07,0.43136831930434966,0.16984006762504578,0.0029310286045074463,0.47513461112976074,0.0,0.089211106300354,0.055062852799892426,1.0,0.800000011920929,11.031403541564941,-1.0077993869781494,1.0000000|0.0000000|0.0000000|0.0000000|0.0000000|0.0000000|0.0000000|0.0000000|0.0000000|0.0000000,0,1.0,9.666878355033962,0,0,0,0,0,
cross_town,Town02,mixed,10,87,4.35,9.530014991760254,302.556640625,0.22167770564556122,179.9609375,0.0,500.0229893708359,0.0,2.86102294921875e-06,2.663161091653876e-07,6.179833015787053e-07,0.431368318231466,0.08869639039039612,0.15425407886505127,0.3190056383609772,0.0,0.15425407886505127,0.13506285846233368,1.0,0.296431303024292,53.068580627441406,-0.3689418435096741,0.7181776|0.2818225|0.0000000|0.0000000|0.0000000|0.0000000|0.0000000|0.0000000|0.0000000|0.0000000,0,0.7181775569915771,9.812662549310282,0,0,0,0,0,
cross_town,Town02,mixed,10,88,4.4,9.530014991760254,302.556640625,0.22167770564556122,179.9609375,0.0,500.0229893708359,0.0,2.86102294921875e-06,2.663161091653876e-07,9.613037267951138e-07,0.4313683196619775,0.10518747568130493,0.17614376544952393,0.35359665751457214,0.0,0.17614376544952393,0.21506285667419434,1.0,0.2946022152900696,56.44373321533203,-0.7689350843429565,0.7572378|0.2427623|0.0000000|0.0000000|0.0000000|0.0000000|0.0000000|0.0000000|0.0000000|0.0000000,0,0.7572377920150757,9.956550792011807,0,0,0,0,0,
cross_town,Town02,mixed,10,89,4.45,9.530014991760254,302.556640625,0.22167770564556122,179.9609375,0.0,500.0229893708359,0.0,2.86102294921875e-06,2.663161091653876e-07,1.3046264729154212e-06,0.4313683168009544,0.26293373107910156,0.30812472105026245,0.4685625731945038,0.0,0.2561437785625458,0.2950628697872162,1.0,0.2850033938884735,121.0783462524414,-0.8527489900588989,1.0000000|0.0000000|0.0000000|0.0000000|0.0000000|0.0000000|0.0000000|0.0000000|0.0000000|0.0000000,0,1.0,10.062792550673276,0,0,0,0,0,
cross_town,Town02,mixed,10,90,4.5,9.530014991760254,302.556640625,0.22167770564556122,179.9609375,0.0,500.0229893708359,0.0,2.86102294921875e-06,2.663161091653876e-07,1.6479494930157351e-06,0.43136831966197753,0.09562033414840698,0.5556172132492065,0.06353262066841125,0.0,0.3361437916755676,0.21506287157535553,1.0,0.2648860216140747,18.886188507080078,0.5608524084091187,0.6429752|0.2696863|0.0873386|0.0000000|0.0000000|0.0000000|0.0000000|0.0000000|0.0000000|0.0000000,0,0.6429751515388489,10.111227698550962,0,0,0,0,0,
cross_town,Town02,mixed,10,91,4.55,9.530014991760254,302.556640625,0.22167770564556122,179.9609375,0.0,500.0229893708359,0.0,2.86102294921875e-06,2.663161091653876e-07,1.9912722582808023e-06,0.43136831966197753,0.15320280194282532,0.45157039165496826,-0.2972584366798401,0.0,0.4161438047885895,0.13506287336349487,1.0,0.25826433300971985,4.747684478759766,0.698745608329773,0.8762209|0.1237791|0.0000000|0.0000000|0.0000000|0.0000000|0.0000000|0.0000000|0.0000000|0.0000000,0,0.8762208819389343,10.105630284363926,0,0,0,0,0,
cross_town,Town02,mixed,10,92,4.6,9.530014991760254,302.556640625,0.22167770564556122,179.9609375,0.0,500.0229893708359,0.0,2.86102294921875e-06,2.663161091653876e-07,2.3345947656603757e-06,0.43136831966197753,0.33467984199523926,0.2188706398010254,0.6116454601287842,0.0,0.3361437916755676,0.21506287157535553,1.0,0.2917366325855255,19.16970443725586,-0.46401864290237427,0.7770492|0.2229508|0.0000000|0.0000000|0.0000000|0.0000000|0.0000000|0.0000000|0.0000000|0.0000000,0,0.7770492434501648,10.069297017135057,0,0,0,0,0,
cross_town,Town02,mixed,10,93,4.65,9.530014991760254,302.556640625,0.22167770564556122,179.9609375,0.0,500.0229893708359,0.0,2.86102294921875e-06,2.663161091653876e-07,2.6779174001798258e-06,0.43136831966197753,0.1337040364742279,0.2587135434150696,-0.019200162962079048,0.0,0.2587135434150696,0.13506287336349487,1.0,0.2647012770175934,13.26371955871582,0.22390443086624146,0.6295666|0.2851436|0.0852899|0.0000000|0.0000000|0.0000000|0.0000000|0.0000000|0.0000000|0.0000000,0,0.6295665502548218,10.03080842090069,0,0,0,0,0,
cross_town,Town02,mixed,10,94,4.7,9.530014991760254,302.556640625,0.22167770564556122,179.9609375,0.0,500.0229893708359,0.0,2.86102294921875e-06,2.663161091653876e-07,1.3732909859097858e-07,0.4344756347159756,0.14238718152046204,0.23347625136375427,0.07333305478096008,0.0,0.23347625136375427,0.07333305478096008,1.0,0.2591301202774048,17.14867401123047,-0.18612730503082275,0.6723537|0.3276463|0.0000000|0.0000000|0.0000000|0.0000000|0.0000000|0.0000000|0.0000000|0.0000000,0,0.6723537445068359,10.012107738383392,0,0,0,0,0,
cross_town,Town02,mixed,10,95,4.75,9.530014991760254,302.556640625,0.22167770564556122,179.9609375,0.0,500.0229893708359,0.0,2.86102294921875e-06,2.663161091653876e-07,4.806518991167051e-07,0.43136831966197753,0.11698675155639648,0.15390506386756897,0.22549250721931458,0.0,0.15390506386756897,0.15333305299282074,1.0,0.26365411281585693,21.433258056640625,0.13985991477966309,0.6332462|0.2926191|0.0741347|0.0000000|0.0000000|0.0000000|0.0000000|0.0000000|0.0000000|0.0000000,0,0.6332462430000305,10.02258688354576,0,0,0,0,0,
cross_town,Town02,mixed,10,96,4.8,9.530014991760254,302.556640625,0.22167770564556122,179.9609375,0.0,500.0229893708359,0.0,2.86102294921875e-06,2.663161091653876e-07,8.239746893678983e-07,0.43447153643619285,0.025397777557373047,0.019337177276611328,0.2150905281305313,0.0,0.07390506565570831,0.2150905281305313,1.0,0.3294767439365387,23.964252471923828,-2.2096643447875977,1.0000000|0.0000000|0.0000000|0.0000000|0.0000000|0.0000000|0.0000000|0.0000000|0.0000000|0.0000000,0,1.0,10.059569570300656,0,0,0,0,0,
cross_town,Town02,mixed,10,97,4.85,9.530014991760254,302.556640625,0.22167770564556122,179.9609375,0.0,500.0229893708359,0.0,2.86102294921875e-06,2.663161091653876e-07,1.167297532771525e-06,0.4542135295950044,0.17536747455596924,0.5909772515296936,0.2202814668416977,0.0,0.15390506386756897,0.2202814668416977,0.8480245471000671,0.2489112764596939,0.6808863282203674,0.9906609058380127,1.0000000|0.0000000|0.0000000|0.0000000|0.0000000|0.0000000|0.0000000|0.0000000|0.0000000|0.0000000,0,1.0,10.112729682336452,0,0,0,0,0,
cross_town,Town02,mixed,10,98,4.9,9.530014991760254,302.556640625,0.22167770564556122,179.9609375,0.0,500.0229893708359,0.0,2.86102294921875e-06,2.663161091653876e-07,1.5106201567907396e-06,0.44407076683795715,0.1799933910369873,0.5071006417274475,0.10667233169078827,0.0,0.23390506207942963,0.14028146862983704,0.8729755282402039,0.2558687925338745,0.7260133028030396,1.1095598936080933,0.9156207|0.0843793|0.0000000|0.0000000|0.0000000|0.0000000|0.0000000|0.0000000|0.0000000|0.0000000,0,0.915620744228363,10.169444492883763,0,0,0,0,0,
cross_town,Town02,mixed,10,99,4.95,9.530014991760254,302.556640625,0.22167770564556122,179.9609375,0.0,500.0229893708359,0.0,2.86102294921875e-06,2.663161091653876e-07,1.853942769314818e-06,0.43136831966197753,0.14486005902290344,0.2803349792957306,0.018991995602846146,0.0,0.2803349792957306,0.06028147041797638,1.0,0.2579162120819092,20.268346786499023,-0.04926490783691406,0.6589119|0.3410881|0.0000000|0.0000000|0.0000000|0.0000000|0.0000000|0.0000000|0.0000000|0.0000000,0,0.6589118838310242,10.219274637825825,0,0,0,0,0,
cross_town,Town02,mixed,10,100,5.0,9.530014991760254,302.556640625,0.22167770564556122,179.9609375,0.0,500.0229893708359,0.0,2.86102294921875e-06,2.663161091653876e-07,2.1972656525335524e-06,0.43136831966197753,0.13907581567764282,0.1593223214149475,0.21686534583568573,0.0,0.20033498108386993,0.14028146862983704,1.0,0.262953519821167,5.509086608886719,0.16399967670440674,0.5874209|0.3525104|0.0600687|0.0000000|0.0000000|0.0000000|0.0000000|0.0000000|0.0000000|0.0000000,0,0.5874208807945251,10.256644408119556,0,0,0,0,0,
cross_town,Town02,mixed,10,101,5.05,9.530014991760254,302.556640625,0.22167770564556122,179.9609375,0.0,500.0229893708359,0.0,2.86102294921875e-06,2.663161091653876e-07,2.540589005850813e-06,0.43136831966197753,0.15087243914604187,0.2311689853668213,0.012929113581776619,0.0,0.2311689853668213,0.06028147041797638,1.0,0.26315099000930786,27.371585845947266,-0.08063668012619019,0.5724522|0.3658342|0.0617137|0.0000000|0.0000000|0.0000000|0.0000000|0.0000000|0.0000000|0.0000000,0,0.572452187538147,10.28145751944474,0,0,0,0,0,
cross_town,Town02,mixed,10,102,5.1,9.530014991760254,302.556640625,0.22167770564556122,179.9609375,0.0,500.0229893708359,0.0,2.86102294921875e-06,2.663161091653876e-07,0.0,0.43136831966197753,0.16688162088394165,0.11303764581680298,0.5923435688018799,0.0,0.15116898715496063,0.14028146862983704,1.0,0.2808001935482025,103.09574890136719,-0.48344022035598755,0.8679266|0.1320734|0.0000000|0.0000000|0.0000000|0.0000000|0.0000000|0.0000000|0.0000000|0.0000000,0,0.8679265975952148,10.297806520049667,0,0,0,0,0,
cross_town,Town02,mixed,10,103,5.15,9.530014991760254,302.556640625,0.22167770564556122,179.9609375,0.0,500.0229893708359,0.0,2.86102294921875e-06,2.663161091653876e-07,3.4332279175290217e-07,0.4320439919546869,0.18281489610671997,0.31349918246269226,-0.11130375415086746,0.0,0.2311689853668213,0.06028147041797638,0.9932432770729065,0.2558300793170929,1.4917805194854736,0.6211571097373962,0.9205464|0.0794536|0.0000000|0.0000000|0.0000000|0.0000000|0.0000000|0.0000000|0.0000000|0.0000000,0,0.9205464124679565,10.311553884912986,0,0,0,0,0,
cross_town,Town02,mixed,10,104,5.2,9.530014991760254,302.556640625,0.22167770564556122,179.9609375,0.0,500.0229893708359,0.0,2.86102294921875e-06,2.663161091653876e-07,6.866455855885402e-07,0.43423831871307156,0.14073216915130615,0.1643359661102295,-0.05535886436700821,0.0,0.1643359661102295,-0.019718529656529427,0.9713000059127808,0.2489112764596939,1.1315228939056396,0.5258245468139648,1.0000000|0.0000000|0.0000000|0.0000000|0.0000000|0.0000000|0.0000000|0.0000000|0.0000000|0.0000000,0,1.0,10.327916943614904,0,0,0,0,0,
cross_town,Town02,mixed,10,105,5.25,9.530014991760254,302.556640625,0.22167770564556122,179.9609375,0.0,500.0229893708359,0.0,2.86102294921875e-06,2.663161091653876e-07,1.0299682118709748e-06,0.43136831930434966,0.09064435958862305,0.10898205637931824,0.18345072865486145,0.0,0.10898205637931824,0.06028147041797638,1.0,0.25656434893608093,8.876245498657227,-0.15336215496063232,0.6342084|0.3657916|0.0000000|0.0000000|0.0000000|0.0000000|0.0000000|0.0000000|0.0000000|0.0000000,0,0.6342083811759949,10.349825379007468,0,0,0,0,0,
cross_town,Town02,mixed,10,106,5.3,9.530014991760254,302.556640625,0.22167770564556122,179.9609375,0.0,500.0229893708359,0.0,2.86102294921875e-06,2.663161091653876e-07,1.3732923731529841e-06,0.4982889335469034,0.12255603075027466,0.1601494550704956,-0.07810177654027939,0.0,0.1601494550704956,-0.019718529656529427,0.3307938575744629,0.25513753294944763,0.06871326267719269,0.34961605072021484,0.9307343|0.0692656|0.0000000|0.0000000|0.0000000|0.0000000|0.0000000|0.0000000|0.0000000|0.0000000,0,0.9307343363761902,10.377500855287272,0,0,0,0,0,
cross_town,Town02,mixed,10,107,5.35,9.530014991760254,302.556640625,0.22167770564556122,179.9609375,0.0,500.0229893708359,0.0,2.86102294921875e-06,2.663161091653876e-07,1.7166138155335988e-06,0.4313683193043496,0.09803599119186401,0.08707818388938904,0.08127573132514954,0.0,0.08014945685863495,0.06028147041797638,1.0,0.2602654695510864,4.640318870544434,-0.06969273090362549,0.5852868|0.3670705|0.0476427|0.0000000|0.0000000|0.0000000|0.0000000|0.0000000|0.0000000|0.0000000,0,0.5852867960929871,10.388311826287184,0,0,0,0,0,
cross_town,Town02,mixed,10,108,5.4,9.530014991760254,302.556640625,0.22167770564556122,179.9609375,0.0,500.0229893708359,0.0,2.86102294921875e-06,2.663161091653876e-07,2.0599364082566e-06,0.43136831930434966,0.09464287757873535,0.2369656264781952,-0.09088268876075745,0.0,0.1601494550704956,-0.019718529656529427,1.0,0.2598778307437897,14.718379020690918,0.20961099863052368,0.5762082|0.3798817|0.0439101|0.0000000|0.0000000|0.0000000|0.0000000|0.0000000|0.0000000|0.0000000,0,0.5762081742286682,10.309838614011413,0,0,0,0,0,
cross_town,Town02,mixed,10,109,5.45,9.530014991760254,302.556640625,0.22167770564556122,179.9609375,0.0,500.0229893708359,0.0,2.86102294921875e-06,2.663161091653876e-07,2.4032592411213766e-06,0.43136831930434966,0.05763930082321167,0.08166128396987915,0.5069498419761658,0.0,0.08166128396987915,0.06028147041797638,1.0,0.26629897952079773,81.76146697998047,-0.7755205631256104,1.0000000|0.0000000|0.0000000|0.0000000|0.0000000|0.0000000|0.0000000|0.0000000|0.0000000|0.0000000,0,1.0,10.135753620752663,0,0,0,0,0,
cross_town,Town02,mixed,10,110,5.5,9.530014991760254,302.556640625,0.22167770564556122,179.9609375,0.0,500.0229893708359,0.0,2.86102294921875e-06,2.663161091653876e-07,2.712251044786795e-06,0.4387101105482889,0.12258797883987427,0.16840559244155884,0.0434933602809906,0.0,0.1616612821817398,0.0434933602809906,1.0,0.2558426260948181,29.60392189025879,-0.1025552749633789,0.5799605|0.4200395|0.0000000|0.0000000|0.0000000|0.0000000|0.0000000|0.0000000|0.0000000|0.0000000,0,0.5799605250358582,9.90565592653791,0,0,0,0,0,
cross_town,Town02,mixed,10,111,5.55,9.530014991760254,302.556640625,0.22167770564556122,179.9609375,0.0,500.0229893708359,0.0,2.86102294921875e-06,2.663161091653876e-07,2.0599365763641268e-07,0.43639563661291114,0.11293360590934753,0.1956702470779419,0.0905100479722023,0.0,0.1956702470779419,0.0905100479722023,1.0,0.25503361225128174,14.324638366699219,-0.06792396306991577,0.6075810|0.3924190|0.0000000|0.0000000|0.0000000|0.0000000|0.0000000|0.0000000|0.0000000|0.0000000,0,0.6075809597969055,9.645470539135937,0,0,0,0,0,
cross_town,Town02,mixed,10,112,5.6,9.530014991760254,302.556640625,0.22167770564556122,179.9609375,0.0,500.0229893708359,0.0,2.86102294921875e-06,2.663161091653876e-07,5.493190294042403e-07,0.4314190905407693,0.147241473197937,0.2499822974205017,-0.06949944794178009,0.0,0.2499822974205017,0.010510047897696495,0.9994922876358032,0.2489112764596939,2.1473913192749023,0.38983553647994995,1.0000000|0.0000000|0.0000000|0.0000000|0.0000000|0.0000000|0.0000000|0.0000000|0.0000000|0.0000000,0,1.0,9.370682290534202,0,0,0,0,0,
cross_town,Town02,mixed,10,113,5.65,9.530014991760254,302.556640625,0.22167770564556122,179.9609375,0.0,500.0229893708359,0.0,2.86102294921875e-06,2.663161091653876e-07,8.926391851030949e-07,0.43136831930434966,0.08975067734718323,0.1081729531288147,0.5644515752792358,0.0,0.16998229920864105,0.0905100479722023,1.0,0.26265427470207214,57.27103805541992,-0.6835067272186279,1.0000000|0.0000000|0.0000000|0.0000000|0.0000000|0.0000000|0.0000000|0.0000000|0.0000000|0.0000000,0,1.0,9.090374251913817,0,0,0,0,0,
cross_town,Town02,mixed,10,114,5.7,9.530014991760254,302.556640625,0.22167770564556122,179.9609375,0.0,500.0229893708359,0.0,2.86102294921875e-06,2.663161091653876e-07,1.2359633664526766e-06,0.4362442609794756,0.1289791464805603,0.19606232643127441,0.1388496309518814,0.0,0.19606232643127441,0.1388496309518814,1.0,0.25447219610214233,17.986164093017578,-0.38081228733062744,0.5648705|0.4351296|0.0000000|0.0000000|0.0000000|0.0000000|0.0000000|0.0000000|0.0000000|0.0000000,0,0.5648704767227173,8.809800678721716,0,0,0,0,0,
cross_town,Town02,mixed,10,115,5.75,9.530014991760254,302.556640625,0.22167770564556122,179.9609375,0.0,500.0229893708359,0.0,2.86102294921875e-06,2.663161091653876e-07,1.5792854298382366e-06,0.4384814050188943,0.16849681735038757,0.1902405023574829,0.11711420863866806,0.0,0.1902405023574829,0.11711420863866806,1.0,0.2540973424911499,20.82053565979004,-0.40273207426071167,0.5602004|0.4397996|0.0000000|0.0000000|0.0000000|0.0000000|0.0000000|0.0000000|0.0000000|0.0000000,0,0.5602003931999207,8.531967474725068,0,0,0,0,0,
cross_town,Town02,mixed,10,116,5.8,9.530014991760254,302.556640625,0.22167770564556122,179.9609375,0.0,500.0229893708359,0.0,2.86102294921875e-06,2.663161091653876e-07,1.922607439817843e-06,0.4389534389228027,0.15821567177772522,0.2146889865398407,0.12600617110729218,0.0,0.2146889865398407,0.12600617110729218,1.0,0.2535649240016937,18.75009536743164,-0.35862666368484497,0.5682282|0.4317718|0.0000000|0.0000000|0.0000000|0.0000000|0.0000000|0.0000000|0.0000000|0.0000000,0,0.5682282447814941,8.258562370612486,0,0,0,0,0,
cross_town,Town02,mixed,10,117,5.85,9.530014991760254,302.556640625,0.22167770564556122,179.9609375,0.0,500.0229893708359,0.0,2.86102294921875e-06,2.663161091653876e-07,2.265930169190324e-06,0.4390183250976428,0.14300251007080078,0.19867923855781555,0.1310056895017624,0.0,0.19867923855781555,0.1310056895017624,1.0,0.25308600068092346,14.975494384765625,-0.5115382075309753,0.5712464|0.4287536|0.0000000|0.0000000|0.0000000|0.0000000|0.0000000|0.0000000|0.0000000|0.0000000,0,0.5712463855743408,7.990519110555781,0,0,0,0,0,
cross_town,Town02,mixed,10,118,5.9,9.530014991760254,302.556640625,0.22167770564556122,179.9609375,0.0,500.0229893708359,0.0,2.86102294921875e-06,2.663161091653876e-07,2.6092529295975656e-06,0.43136831966197753,0.2182953953742981,0.10380810499191284,0.46754950284957886,0.0,0.1186792403459549,0.21100568771362305,1.0,0.25757884979248047,126.3617172241211,-1.0870870351791382,1.0000000|0.0000000|0.0000000|0.0000000|0.0000000|0.0000000|0.0000000|0.0000000|0.0000000|0.0000000,0,1.0,7.729054370206318,0,0,0,0,0,
cross_town,Town02,mixed,10,119,5.95,9.530014991760254,302.556640625,0.22167770564556122,179.9609375,0.0,500.0229893708359,0.0,2.86102294921875e-06,2.663161091653876e-07,6.866458771480791e-08,0.4389658306768174,0.11308145523071289,0.46621811389923096,0.2192966789007187,0.0,0.19867923855781555,0.2192966789007187,1.0,0.25229644775390625,40.685874938964844,-0.18046295642852783,0.5527677|0.4472323|0.0000000|0.0000000|0.0000000|0.0000000|0.0000000|0.0000000|0.0000000|0.0000000,0,0.5527676939964294,7.491478381388456,0,0,0,0,0,
cross_town,Town02,mixed,10,120,6.0,9.530014991760254,302.556640625,0.22167770564556122,179.9609375,0.0,500.0229893708359,0.0,2.86102294921875e-06,2.663161091653876e-07,4.119873166054733e-07,0.43520789775424595,0.10689225792884827,0.4190147817134857,0.162725031375885,0.0,0.2786792516708374,0.162725031375885,1.0,0.251903235912323,23.787830352783203,-0.31091850996017456,0.5355416|0.4644584|0.0000000|0.0000000|0.0000000|0.0000000|0.0000000|0.0000000|0.0000000|0.0000000,0,0.5355415940284729,7.417658707528936,0,0,0,0,0,
cross_town,Town02,mixed,10,121,6.05,9.530014991760254,302.556640625,0.22167770564556122,179.9609375,0.0,500.0229893708359,0.0,2.86102294921875e-06,2.663161091653876e-07,7.553101288836359e-07,0.437087604460744,0.14690250158309937,0.18730992078781128,0.20314691960811615,0.0,0.19867925345897675,0.20314691960811615,1.0,0.251313716173172,5.382822036743164,-0.7404245138168335,0.5469438|0.4530561|0.0000000|0.0000000|0.0000000|0.0000000|0.0000000|0.0000000|0.0000000|0.0000000,0,0.5469438433647156,7.261604151544894,0,0,0,0,0,
cross_town,Town02,mixed,10,122,6.1,9.530014991760254,302.556640625,0.22167770564556122,179.9609375,0.0,500.0229893708359,0.0,2.86102294921875e-06,2.663161091653876e-07,1.0986339674714116e-06,0.4314680799559381,0.3610764145851135,0.041108936071395874,0.5216054320335388,0.0,0.11867925524711609,0.2831469178199768,0.9990023970603943,0.800000011920929,1.42727530002594,0.06507134437561035,1.0000000|0.0000000|0.0000000|0.0000000|0.0000000|0.0000000|0.0000000|0.0000000|0.0000000|0.0000000,0,1.0,7.099690074604128,0,0,0,0,0,
cross_town,Town02,mixed,10,123,6.15,9.530014991760254,302.556640625,0.22167770564556122,179.9609375,0.0,500.0229893708359,0.0,2.86102294921875e-06,2.663161091653876e-07,1.441955527462937e-06,0.43136831966197753,0.09079986810684204,0.43459683656692505,0.19957619905471802,0.0,0.19867925345897675,0.20314691960811615,1.0,0.2503712773323059,34.920780181884766,-0.10011613368988037,0.5106681|0.4893319|0.0000000|0.0000000|0.0000000|0.0000000|0.0000000|0.0000000|0.0000000|0.0000000,0,0.5106680989265442,6.8849040248612,0,0,0,0,0,
cross_town,Town02,mixed,10,124,6.2,9.530014991760254,302.556640625,0.22167770564556122,179.9609375,0.0,500.0229893708359,0.0,2.86102294921875e-06,2.663161091653876e-07,1.785279234021829e-06,0.4374876648588291,0.10641640424728394,0.32806527614593506,0.16708384454250336,0.0,0.2786792516708374,0.16708384454250336,1.0,0.24977853894233704,24.75896453857422,-0.6359410881996155,0.5157421|0.4842579|0.0000000|0.0000000|0.0000000|0.0000000|0.0000000|0.0000000|0.0000000|0.0000000,0,0.5157421231269836,6.683682745819921,0,0,0,0,0,
cross_town,Town02,mixed,10,125,6.25,9.530014991760254,302.556640625,0.22167770564556122,179.9609375,0.0,500.0229893708359,0.0,2.86102294921875e-06,2.663161091653876e-07,2.1286016705899828e-06,0.43339880915287654,0.15745502710342407,0.21457117795944214,0.23483040928840637,0.0,0.21457117795944214,0.23483040928840637,1.0,0.24918687343597412,5.7340216636657715,-0.7229580879211426,0.5169439|0.4830562|0.0000000|0.0000000|0.0000000|0.0000000|0.0000000|0.0000000|0.0000000|0.0000000,0,0.5169438719749451,6.63789160339889,0,0,0,0,0,
cross_town,Town02,mixed,10,126,6.3,9.530014991760254,302.556640625,0.22167770564556122,179.9609375,0.0,500.0229893708359,0.0,2.86102294921875e-06,2.663161091653876e-07,2.4719237235252597e-06,0.43599749719756875,0.12886708974838257,0.3060201406478882,0.18793246150016785,0.0,0.294571191072464,0.18793246150016785,1.0,0.24857819080352783,28.27071189880371,-0.5640084743499756,0.5051701|0.4948299|0.0000000|0.0000000|0.0000000|0.0000000|0.0000000|0.0000000|0.0000000|0.0000000,0,0.5051701068878174,6.601893030294889,0,0,0,0,0,
cross_town,Town02,mixed,10,127,6.35,9.530014991760254,302.556640625,0.22167770564556122,179.9609375,0.0,500.0229893708359,0.0,2.86102294921875e-06,2.663161091653876e-07,2.8152469978536553e-06,0.4342827906337165,0.14759331941604614,0.254717618227005,0.2461685985326767,0.0,0.254717618227005,0.2461685985326767,1.0,0.24793793261051178,4.6318278312683105,-0.7244367003440857,0.5155506|0.4844495|0.0000000|0.0000000|0.0000000|0.0000000|0.0000000|0.0000000|0.0000000|0.0000000,0,0.5155505537986755,6.181411314127765,0,0,0,0,0,
cross_town,Town02,mixed,10,128,6.4,9.530014991760254,302.556640625,0.22167770564556122,179.9609375,0.0,500.0229893708359,0.0,2.86102294921875e-06,2.663161091653876e-07,2.746585345906669e-07,0.4325183102472054,0.12387749552726746,0.3155803084373474,0.17831605672836304,0.0,0.3155803084373474,0.17831605672836304,1.0,0.24727459251880646,11.84508991241455,-0.5364044308662415,0.5191404|0.4808596|0.0000000|0.0000000|0.0000000|0.0000000|0.0000000|0.0000000|0.0000000|0.0000000,0,0.5191404223442078,5.8449131681974915,0,0,0,0,0,
cross_town,Town02,mixed,10,129,6.45,9.530014991760254,302.556640625,0.22167770564556122,179.9609375,0.0,500.0229893708359,0.0,2.86102294921875e-06,2.663161091653876e-07,6.179809972211426e-07,0.4300321242948326,0.12866026163101196,0.20979160070419312,0.41362932324409485,0.0,0.23558031022548676,0.2583160698413849,1.0,0.2444165050983429,268.4033203125,-1.0976775884628296,1.0000000|0.0000000|0.0000000|0.0000000|0.0000000|0.0000000|0.0000000|0.0000000|0.0000000|0.0000000,0,1.0,5.583282928046346,0,0,0,0,0,
cross_town,Town02,mixed,10,130,6.5,9.530014991760254,302.556640625,0.22167770564556122,179.9609375,0.0,500.0229893708359,0.0,2.86102294921875e-06,2.663161091653876e-07,9.613058328103778e-07,0.4296822655182395,0.2223917841911316,0.636513352394104,0.4585181474685669,0.0,0.3155803084373474,0.33831608295440674,1.0,0.24301911890506744,235.77108764648438,-0.9724528789520264,1.0000000|0.0000000|0.0000000|0.0000000|0.0000000|0.0000000|0.0000000|0.0000000|0.0000000|0.0000000,0,1.0,5.405045909497521,0,0,0,0,0,
cross_town,Town02,mixed,10,131,6.55,9.530014991760254,302.556640625,0.22167770564556122,179.9609375,0.0,500.0229893708359,0.0,2.86102294921875e-06,2.663161091653876e-07,1.3046264582257102e-06,0.42931506358199806,0.08172887563705444,0.5238281488418579,-0.02235528826713562,0.0,0.39558032155036926,0.2583160698413849,0.999990701675415,0.2489112764596939,3.1464316844940186,0.710094690322876,1.0000000|0.0000000|0.0000000|0.0000000|0.0000000|0.0000000|0.0000000|0.0000000|0.0000000|0.0000000,0,1.0,5.23479672380554,0,0,0,0,0,
cross_town,Town02,mixed,10,132,6.6,9.530014991760254,302.556640625,0.22167770564556122,179.9609375,0.0,500.0229893708359,0.0,2.86102294921875e-06,2.663161091653876e-07,1.647949213347236e-06,0.4289277052515111,0.11457419395446777,0.13545066118240356,0.07243525981903076,0.0,0.3155803084373474,0.17831607162952423,1.0,0.2440417855978012,7.661297798156738,-0.5438230633735657,0.5534338|0.4465663|0.0000000|0.0000000|0.0000000|0.0000000|0.0000000|0.0000000|0.0000000|0.0000000,0,0.5534337759017944,5.093310009068532,0,0,0,0,0,
cross_town,Town02,mixed,10,133,6.65,9.530014991760254,302.556640625,0.22167770564556122,179.9609375,0.0,500.0229893708359,0.0,2.86102294921875e-06,2.663161091653876e-07,1.9912720319293067e-06,0.4304986521436618,0.16058814525604248,0.15953004360198975,0.2472584843635559,0.0,0.23558031022548676,0.2472584843635559,1.0,0.24300286173820496,16.141998291015625,-0.9171918630599976,0.5737844|0.4262156|0.0000000|0.0000000|0.0000000|0.0000000|0.0000000|0.0000000|0.0000000|0.0000000,0,0.5737844109535217,4.949012605767202,0,0,0,0,0,
cross_town,Town02,mixed,10,134,6.7,9.530014991760254,302.556640625,0.22167770564556122,179.9609375,0.0,500.0229893708359,0.0,2.86102294921875e-06,2.663161091653876e-07,2.33459480117792e-06,0.42809757764402634,0.2534850835800171,0.10693883895874023,0.6683223247528076,0.0,0.1555803120136261,0.32725849747657776,1.0,0.800000011920929,4.500924587249756,0.2219942808151245,1.0000000|0.0000000|0.0000000|0.0000000|0.0000000|0.0000000|0.0000000|0.0000000|0.0000000|0.0000000,0,1.0,4.824529116432685,0,0,0,0,0,
cross_town,Town02,mixed,10,135,6.75,9.530014991760254,302.556640625,0.22167770564556122,179.9609375,0.0,500.0229893708359,0.0,2.86102294921875e-06,2.663161091653876e-07,2.677917413692628e-06,0.42875052844185024,0.15191411972045898,0.34582841396331787,0.25319790840148926,0.0,0.23558031022548676,0.25319790840148926,1.0,0.24135613441467285,80.98006439208984,-0.4573068618774414,0.5648546|0.4351454|0.0000000|0.0000000|0.0000000|0.0000000|0.0000000|0.0000000|0.0000000|0.0000000,0,0.5648545622825623,4.694342905896894,0,0,0,0,0,
cross_town,Town02,mixed,10,136,6.8,9.530014991760254,302.556640625,0.22167770564556122,179.9609375,0.0,500.0229893708359,0.0,2.86102294921875e-06,2.663161091653876e-07,1.3732909878255218e-07,0.4331651866002109,0.20750337839126587,0.2604227662086487,0.21554619073867798,0.0,0.2604227662086487,0.21554619073867798,1.0,0.24019385874271393,44.847164154052734,-0.6392996311187744,0.5830052|0.4169948|0.0000000|0.0000000|0.0000000|0.0000000|0.0000000|0.0000000|0.0000000|0.0000000,0,0.5830052495002747,4.579120454063058,0,0,0,0,0,
cross_town,Town02,mixed,10,137,6.85,9.530014991760254,302.556640625,0.22167770564556122,179.9609375,0.0,500.0229893708359,0.0,2.86102294921875e-06,2.663161091653876e-07,4.806551154437398e-07,0.4266979707917983,0.4061323404312134,0.07835403084754944,0.6391726136207581,0.0,0.18042276799678802,0.29554620385169983,1.0,0.800000011920929,5.355358123779297,-0.011530041694641113,1.0000000|0.0000000|0.0000000|0.0000000|0.0000000|0.0000000|0.0000000|0.0000000|0.0000000|0.0000000,0,1.0,4.457571003850752,0,0,0,0,0,
cross_town,Town02,mixed,10,138,6.9,9.530014991760254,302.556640625,0.22167770564556122,179.9609375,0.0,500.0229893708359,0.0,2.86102294921875e-06,2.663161091653876e-07,8.239762826322652e-07,0.4277703965002601,0.1633618175983429,0.06760603189468384,0.7195618152618408,0.0,0.10042276978492737,0.3755462169647217,0.9841597676277161,0.800000011920929,0.7323095798492432,0.7892263531684875,1.0000000|0.0000000|0.0000000|0.0000000|0.0000000|0.0000000|0.0000000|0.0000000|0.0000000|0.0000000,0,1.0,4.347965926022071,0,0,0,0,0,
cross_town,Town02,mixed,10,139,6.95,9.530014991760254,302.556640625,0.22167770564556122,179.9609375,0.0,500.0229893708359,0.0,2.86102294921875e-06,2.663161091653876e-07,1.1672973779559058e-06,0.4301324620857693,0.1642863154411316,0.35099929571151733,0.32392534613609314,0.0,0.18042276799678802,0.32392534613609314,1.0,0.23694974184036255,85.69340515136719,-0.1580343246459961,0.6032428|0.3967572|0.0000000|0.0000000|0.0000000|0.0000000|0.0000000|0.0000000|0.0000000|0.0000000,0,0.603242814540863,4.232437568340633,0,0,0,0,0,
cross_town,Town02,mixed,10,140,7.0,9.530014991760254,302.556640625,0.22167770564556122,179.9609375,0.0,500.0229893708359,0.0,2.86102294921875e-06,2.663161091653876e-07,1.5106213747373308e-06,0.43122551107085794,0.189120352268219,0.34882688522338867,0.28807151317596436,0.0,0.2604227662086487,0.28807151317596436,1.0,0.23587748408317566,77.67237854003906,-0.4655667543411255,0.6061586|0.3938414|0.0000000|0.0000000|0.0000000|0.0000000|0.0000000|0.0000000|0.0000000|0.0000000,0,0.6061585545539856,4.127300151364042,0,0,0,0,0,
cross_town,Town02,mixed,10,141,7.05,9.530014991760254,302.556640625,0.22167770564556122,179.9609375,0.0,500.0229893708359,0.0,2.86102294921875e-06,2.663161091653876e-07,1.8539428202888275e-06,0.4320044720792617,0.18734753131866455,0.24025842547416687,0.276020348072052,0.0,0.24025842547416687,0.276020348072052,1.0,0.23471984267234802,80.37138366699219,-0.7408643960952759,0.6117160|0.3882841|0.0000000|0.0000000|0.0000000|0.0000000|0.0000000|0.0000000|0.0000000|0.0000000,0,0.6117159724235535,4.01741147400001,0,0,0,0,0,
cross_town,Town02,mixed,10,142,7.1,9.530014991760254,302.556640625,0.22167770564556122,179.9609375,0.0,500.0229893708359,0.0,2.86102294921875e-06,2.663161091653876e-07,2.1629351559695095e-06,0.42715390015659616,0.20927035808563232,0.28452110290527344,0.21542029082775116,0.0,0.28452110290527344,0.21542029082775116,1.0,0.23342961072921753,103.14947509765625,-0.770149827003479,0.6212391|0.3787609|0.0000000|0.0000000|0.0000000|0.0000000|0.0000000|0.0000000|0.0000000|0.0000000,0,0.6212390661239624,3.9161118864415414,0,0,0,0,0,
cross_town,Town02,mixed,10,143,7.15,9.530014991760254,302.556640625,0.22167770564556122,179.9609375,0.0,500.0229893708359,0.0,2.86102294921875e-06,2.663161091653876e-07,2.5062563229377563e-06,0.42323227998332696,0.1902954876422882,0.25661104917526245,0.10377181321382523,0.0,0.25661104917526245,0.1354202926158905,1.0,0.23192524909973145,165.54714965820312,-0.6943212151527405,0.6370055|0.3629945|0.0000000|0.0000000|0.0000000|0.0000000|0.0000000|0.0000000|0.0000000|0.0000000,0,0.6370055079460144,3.8108258517960225,0,0,0,0,0,
cross_town,Town02,mixed,10,144,7.2,9.530014991760254,302.556640625,0.22167770564556122,179.9609375,0.0,500.0229893708359,0.0,2.86102294921875e-06,2.663161091653876e-07,0.0,0.42579315890576186,0.1483778953552246,0.10996335744857788,0.19623884558677673,0.0,0.1766110509634018,0.19623884558677673,1.0,0.23085813224315643,201.12615966796875,-0.8183006644248962,0.6349042|0.3650958|0.0000000|0.0000000|0.0000000|0.0000000|0.0000000|0.0000000|0.0000000|0.0000000,0,0.6349042057991028,3.7126922978329473,0,0,0,0,0,
cross_town,Town02,mixed,10,145,7.25,9.530014991760254,302.556640625,0.22167770564556122,179.9609375,0.0,500.0229893708359,0.0,2.86102294921875e-06,2.663161091653876e-07,3.090034870463021e-07,0.4218373875918824,0.1881360411643982,0.2855701446533203,0.10057736188173294,0.0,0.25661104917526245,0.11623884737491608,1.0,0.22980310022830963,127.68199157714844,-0.7413692474365234,0.6321514|0.3678486|0.0000000|0.0000000|0.0000000|0.0000000|0.0000000|0.0000000|0.0000000|0.0000000,0,0.6321513652801514,3.611715083574025,0,0,0,0,0,
cross_town,Town02,mixed,10,146,7.3,9.530014991760254,302.556640625,0.22167770564556122,179.9609375,0.0,500.0229893708359,0.0,2.86102294921875e-06,2.663161091653876e-07,6.523133979345048e-07,0.42108742894997975,0.16955840587615967,0.2834997773170471,-0.19539287686347961,0.0,0.2834997773170471,0.03623884916305542,0.9999974966049194,0.2489112764596939,3.4771785736083984,0.535145103931427,1.0000000|0.0000000|0.0000000|0.0000000|0.0000000|0.0000000|0.0000000|0.0000000|0.0000000|0.0000000,0,1.0,3.5166045617823283,0,0,0,0,0,
cross_town,Town02,mixed,10,147,7.35,9.530014991760254,302.556640625,0.22167770564556122,179.9609375,0.0,500.0229893708359,0.0,2.86102294921875e-06,2.663161091653876e-07,9.956359767704918e-07,0.42029928056023713,0.010429531335830688,0.04271233081817627,0.42762112617492676,0.0,0.20349977910518646,0.11623884737491608,1.0,0.2262042611837387,237.1888427734375,-0.6226890087127686,0.6701115|0.3298885|0.0000000|0.0000000|0.0000000|0.0000000|0.0000000|0.0000000|0.0000000|0.0000000,0,0.6701115369796753,3.4228354617834995,0,0,0,0,0,
cross_town,Town02,mixed,10,148,7.4,9.530014991760254,302.556640625,0.22167770564556122,179.9609375,0.0,500.0229893708359,0.0,2.86102294921875e-06,2.663161091653876e-07,1.3389586915630594e-06,0.4250124183989009,0.11115461587905884,0.10213372111320496,0.15847621858119965,0.0,0.1234997808933258,0.15847621858119965,1.0,0.2247510552406311,192.85279846191406,-0.8418588638305664,0.6758054|0.3241946|0.0000000|0.0000000|0.0000000|0.0000000|0.0000000|0.0000000|0.0000000|0.0000000,0,0.675805389881134,3.341159010549001,0,0,0,0,0,
cross_town,Town02,mixed,10,149,7.45,9.530014991760254,302.556640625,0.22167770564556122,179.9609375,0.0,500.0229893708359,0.0,2.86102294921875e-06,2.663161091653876e-07,1.6822815015606745e-06,0.41860937440897233,0.026649147272109985,0.05780988931655884,0.4696471095085144,0.0,0.05780988931655884,0.2384762167930603,1.0,0.21127615869045258,170.87039184570312,-0.5571045875549316,1.0000000|0.0000000|0.0000000|0.0000000|0.0000000|0.0000000|0.0000000|0.0000000|0.0000000|0.0000000,0,1.0,3.268986312258804,0,0,0,0,0,
cross_town,Town02,mixed,10,150,7.5,9.530014991760254,302.556640625,0.22167770564556122,179.9609375,0.0,500.0229893708359,0.0,2.86102294921875e-06,2.663161091653876e-07,1.9912740357323593e-06,0.42386287432829467,0.2980586886405945,0.44695907831192017,0.27413684129714966,0.0,0.1378098875284195,0.27413684129714966,1.0,0.2226818948984146,156.38429260253906,-0.8872759342193604,0.6634539|0.3365461|0.0000000|0.0000000|0.0000000|0.0000000|0.0000000|0.0000000|0.0000000|0.0000000,0,0.6634538769721985,3.20953146754988,0,0,0,0,0,
cross_town,Town02,mixed,10,151,7.55,9.530014991760254,302.556640625,0.22167770564556122,179.9609375,0.0,500.0229893708359,0.0,2.86102294921875e-06,2.663161091653876e-07,2.334594757577894e-06,0.4236749624957855,0.27720940113067627,0.49937576055526733,0.2486782670021057,0.0,0.21780988574028015,0.2486782670021057,1.0,0.21995604038238525,201.508056640625,-0.8835792541503906,0.6986870|0.3013131|0.0000000|0.0000000|0.0000000|0.0000000|0.0000000|0.0000000|0.0000000|0.0000000,0,0.698686957359314,3.1569460442470882,0,0,0,0,0,
cross_town,Town02,mixed,10,152,7.6,9.530014991760254,302.556640625,0.22167770564556122,179.9609375,0.0,500.0229893708359,0.0,2.86102294921875e-06,2.663161091653876e-07,2.67791744926574e-06,0.4169891480953383,0.25206029415130615,0.3983258306980133,0.17512239515781403,0.0,0.297809898853302,0.17512239515781403,1.0,0.21865509450435638,188.18540954589844,-0.6875655651092529,0.6979015|0.3020985|0.0000000|0.0000000|0.0000000|0.0000000|0.0000000|0.0000000|0.0000000|0.0000000,0,0.6979014873504639,3.11234516830421,0,0,0,0,0,
cross_town,Town02,mixed,10,153,7.65,9.530014991760254,302.556640625,0.22167770564556122,179.9609375,0.0,500.0229893708359,0.0,2.86102294921875e-06,2.663161091653876e-07,2.0599365771335274e-07,0.4219756403209731,0.06846344470977783,0.11962687969207764,0.19553983211517334,0.0,0.21780990064144135,0.19553983211517334,1.0,0.21643927693367004,215.00439453125,-0.6854009628295898,0.7174169|0.2825831|0.0000000|0.0000000|0.0000000|0.0000000|0.0000000|0.0000000|0.0000000|0.0000000,0,0.7174169421195984,3.068981881301817,0,0,0,0,0,
cross_town,Town02,mixed,10,154,7.7,9.530014991760254,302.556640625,0.22167770564556122,179.9609375,0.0,500.0229893708359,0.0,2.86102294921875e-06,2.663161091653876e-07,5.49316458215916e-07,0.413754980966642,0.02211904525756836,0.06404170393943787,0.5579773187637329,0.0,0.1378099024295807,0.2755398452281952,1.0,0.20174354314804077,163.39830017089844,0.17585736513137817,1.0000000|0.0000000|0.0000000|0.0000000|0.0000000|0.0000000|0.0000000|0.0000000|0.0000000|0.0000000,0,1.0,3.0293438058855124,0,0,0,0,0,
cross_town,Town02,mixed,10,155,7.75,9.530014991760254,302.556640625,0.22167770564556122,179.9609375,0.0,500.0229893708359,0.0,2.86102294921875e-06,2.663161091653876e-07,8.926392514585633e-07,0.4155747901594566,0.271489679813385,0.5431044101715088,0.212405726313591,0.0,0.21780990064144135,0.212405726313591,1.0,0.21412929892539978,186.44393920898438,-0.8437392711639404,0.7088584|0.2911415|0.0000000|0.0000000|0.0000000|0.0000000|0.0000000|0.0000000|0.0000000|0.0000000,0,0.7088584303855896,2.986895601399786,0,0,0,0,0,
cross_town,Town02,mixed,10,156,7.8,9.530014991760254,302.556640625,0.22167770564556122,179.9609375,0.0,500.0229893708359,0.0,2.86102294921875e-06,2.663161091653876e-07,1.2359618710152497e-06,0.41924243133490113,0.15520954132080078,0.31310874223709106,0.21326708793640137,0.0,0.297809898853302,0.21326708793640137,1.0,0.2116667479276657,206.9221954345703,-0.635299563407898,0.7308300|0.2691701|0.0000000|0.0000000|0.0000000|0.0000000|0.0000000|0.0000000|0.0000000|0.0000000,0,0.7308299541473389,2.945739144173752,0,0,0,0,0,
cross_town,Town02,mixed,10,157,7.85,9.530014991760254,302.556640625,0.22167770564556122,179.9609375,0.0,500.0229893708359,0.0,2.86102294921875e-06,2.663161091653876e-07,1.5792859016242832e-06,0.41040926507159503,0.01970180869102478,0.08157610893249512,0.5189470648765564,0.0,0.21780990064144135,0.2932671010494232,1.0,0.1960601508617401,245.22830200195312,0.2729443907737732,1.0000000|0.0000000|0.0000000|0.0000000|0.0000000|0.0000000|0.0000000|0.0000000|0.0000000|0.0000000,0,1.0,2.9000446299223603,0,0,0,0,0,
cross_town,Town02,mixed,10,158,7.9,9.530014991760254,302.556640625,0.22167770564556122,179.9609375,0.0,500.0229893708359,0.0,2.86102294921875e-06,2.663161091653876e-07,1.922607480915871e-06,0.4092138483175763,0.10729968547821045,0.7048608064651489,0.10012584179639816,0.0,0.297809898853302,0.21326710283756256,0.9999998807907104,0.2489112764596939,4.1983771324157715,0.9910190105438232,1.0000000|0.0000000|0.0000000|0.0000000|0.0000000|0.0000000|0.0000000|0.0000000|0.0000000|0.0000000,0,1.0,2.854941868835542,0,0,0,0,0,
cross_town,Town02,mixed,10,159,7.95,9.530014991760254,302.556640625,0.22167770564556122,179.9609375,0.0,500.0229893708359,0.0,2.86102294921875e-06,2.663161091653876e-07,2.2315997035866112e-06,0.4079745380706936,0.13029778003692627,0.28537940979003906,0.09790495783090591,0.0,0.28537940979003906,0.1332671046257019,1.0,0.20622511208057404,186.37001037597656,-0.45404016971588135,0.7539238|0.2460763|0.0000000|0.0000000|0.0000000|0.0000000|0.0000000|0.0000000|0.0000000|0.0000000,0,0.753923773765564,2.8053196498717803,0,0,0,0,0,
cross_town,Town02,mixed,10,160,8.0,9.530014991760254,302.556640625,0.22167770564556122,179.9609375,0.0,500.0229893708359,0.0,2.86102294921875e-06,2.663161091653876e-07,2.5405899801571326e-06,0.40668927721514525,0.007949620485305786,0.020440906286239624,0.5635684728622437,0.0,0.2053794115781784,0.21326710283756256,1.0,0.19041167199611664,156.74203491210938,0.28524625301361084,1.0000000|0.0000000|0.0000000|0.0000000|0.0000000|0.0000000|0.0000000|0.0000000|0.0000000|0.0000000,0,1.0,2.7567142666596975,0,0,0,0,0,
cross_town,Town02,mixed,10,161,8.05,9.530014991760254,302.556640625,0.22167770564556122,179.9609375,0.0,500.0229893708359,0.0,2.86102294921875e-06,2.663161091653876e-07,6.868902094169585e-08,0.41033891088036145,0.12061071395874023,0.2719874680042267,0.260671466588974,0.0,0.2719874680042267,0.260671466588974,1.0,0.2036450207233429,206.1571502685547,-0.5342260599136353,0.7496907|0.2503093|0.0000000|0.0000000|0.0000000|0.0000000|0.0000000|0.0000000|0.0000000|0.0000000,0,0.7496906518936157,2.704501429841576,0,0,0,0,0,
cross_town,Town02,mixed,10,162,8.1,9.530014991760254,302.556640625,0.22167770564556122,179.9609375,0.0,500.0229893708359,0.0,2.86102294921875e-06,2.663161091653876e-07,4.1198732156584887e-07,0.40397120097431316,0.11744338274002075,0.291137158870697,0.15146589279174805,0.0,0.291137158870697,0.18067146837711334,1.0,0.2023039311170578,210.1372528076172,-0.519564151763916,0.7485828|0.2514171|0.0000000|0.0000000|0.0000000|0.0000000|0.0000000|0.0000000|0.0000000|0.0000000,0,0.7485828399658203,2.6541021392079793,0,0,0,0,0,
cross_town,Town02,mixed,10,163,8.15,9.530014991760254,302.556640625,0.22167770564556122,179.9609375,0.0,500.0229893708359,0.0,2.86102294921875e-06,2.663161091653876e-07,7.553101233432789e-07,0.402534739323986,0.17602002620697021,0.44060850143432617,-0.06235049292445183,0.0,0.37113717198371887,0.10067147016525269,0.9999923706054688,0.2489112764596939,3.1957125663757324,0.7045499682426453,1.0000000|0.0000000|0.0000000|0.0000000|0.0000000|0.0000000|0.0000000|0.0000000|0.0000000|0.0000000,0,1.0,2.6011089468559754,0,0,0,0,0,
cross_town,Town02,mixed,10,164,8.2,9.530014991760254,302.556640625,0.22167770564556122,179.9609375,0.0,500.0229893708359,0.0,2.86102294921875e-06,2.663161091653876e-07,1.0986346399431953e-06,0.4010419422007578,0.01073378324508667,0.037137389183044434,0.41650843620300293,0.0,0.291137158870697,0.18067146837711334,1.0,0.19826148450374603,234.26513671875,0.05184829235076904,0.7671242|0.2328758|0.0000000|0.0000000|0.0000000|0.0000000|0.0000000|0.0000000|0.0000000|0.0000000,0,0.7671241760253906,2.550523507093665,0,0,0,0,0,
cross_town,Town02,mixed,10,165,8.25,9.530014991760254,302.556640625,0.22167770564556122,179.9609375,0.0,500.0229893708359,0.0,2.86102294921875e-06,2.663161091653876e-07,1.4419555301784984e-06,0.3994928985594813,0.45393767952919006,0.04124021530151367,0.47114965319633484,0.0,0.21113716065883636,0.260671466588974,1.0,0.800000011920929,4.216191291809082,-0.2984086275100708,1.0000000|0.0000000|0.0000000|0.0000000|0.0000000|0.0000000|0.0000000|0.0000000|0.0000000|0.0000000,0,1.0,2.497994575911637,0,0,0,0,0,
cross_town,Town02,mixed,10,166,8.3,9.530014991760254,302.556640625,0.22167770564556122,179.9609375,0.0,500.0229893708359,0.0,2.86102294921875e-06,2.663161091653876e-07,1.7852782824472532e-06,0.4043389933887764,0.14810985326766968,0.36769402027130127,0.22870700061321259,0.0,0.291137158870697,0.22870700061321259,1.0,0.19439278542995453,234.4395294189453,-0.5720523595809937,0.7811199|0.2188801|0.0000000|0.0000000|0.0000000|0.0000000|0.0000000|0.0000000|0.0000000|0.0000000,0,0.7811199426651001,2.448058123451209,0,0,0,0,0,
cross_town,Town02,mixed,10,167,8.35,9.530014991760254,302.556640625,0.22167770564556122,179.9609375,0.0,500.0229893708359,0.0,2.86102294921875e-06,2.663161091653876e-07,2.0942709328630677e-06,0.396216218854082,0.16434040665626526,0.4673248827457428,0.06439553201198578,0.0,0.37113717198371887,0.14870700240135193,1.0,0.2489112764596939,4.533634185791016,0.9197081923484802,1.0000000|0.0000000|0.0000000|0.0000000|0.0000000|0.0000000|0.0000000|0.0000000|0.0000000|0.0000000,0,1.0,2.396397306629014,0,0,0,0,0,
cross_town,Town02,mixed,10,168,8.4,9.530014991760254,302.556640625,0.22167770564556122,179.9609375,0.0,500.0229893708359,0.0,2.86102294921875e-06,2.663161091653876e-07,2.437591584887985e-06,0.3944845793637326,0.18293052911758423,0.37822258472442627,-0.1342776119709015,0.0,0.37822258472442627,0.06870700418949127,1.0,0.2489112764596939,4.6103291511535645,0.6362481117248535,1.0000000|0.0000000|0.0000000|0.0000000|0.0000000|0.0000000|0.0000000|0.0000000|0.0000000|0.0000000,0,1.0,2.347196111636159,0,0,0,0,0,
cross_town,Town02,mixed,10,169,8.45,9.530014991760254,302.556640625,0.22167770564556122,179.9609375,0.0,500.0229893708359,0.0,2.86102294921875e-06,2.663161091653876e-07,2.780914325022743e-06,0.39268769417588684,0.01001855731010437,0.024758517742156982,0.502910315990448,0.0,0.2982225716114044,0.14870700240135193,1.0,0.18950098752975464,242.6871795654297,0.2829248905181885,0.7873539|0.2126461|0.0000000|0.0000000|0.0000000|0.0000000|0.0000000|0.0000000|0.0000000|0.0000000,0,0.7873538732528687,2.296227070897347,0,0,0,0,0,
cross_town,Town02,mixed,10,170,8.5,9.530014991760254,302.556640625,0.22167770564556122,179.9609375,0.0,500.0229893708359,0.0,2.86102294921875e-06,2.663161091653876e-07,2.7465822849882954e-07,0.3908236214451322,0.024564146995544434,0.04302030801773071,0.38218992948532104,0.0,0.21822257339954376,0.22870700061321259,1.0,0.1876477152109146,230.3252410888672,-0.10607379674911499,0.7921028|0.2078972|0.0000000|0.0000000|0.0000000|0.0000000|0.0000000|0.0000000|0.0000000|0.0000000,0,0.7921028137207031,2.2474558638356,0,0,0,0,0,
cross_town,Town02,mixed,10,171,8.55,9.530014991760254,302.556640625,0.22167770564556122,179.9609375,0.0,500.0229893708359,0.0,2.86102294921875e-06,2.663161091653876e-07,6.17981003865846e-07,0.39640481819128615,0.10161083936691284,0.22172021865844727,0.24042515456676483,0.0,0.22172021865844727,0.24042515456676483,1.0,0.18578176200389862,190.2727813720703,-0.2467435598373413,0.7967885|0.2032115|0.0000000|0.0000000|0.0000000|0.0000000|0.0000000|0.0000000|0.0000000|0.0000000,0,0.7967884540557861,2.1968097134302162,0,0,0,0,0,
cross_town,Town02,mixed,10,172,8.6,9.530014991760254,302.556640625,0.22167770564556122,179.9609375,0.0,500.0229893708359,0.0,2.86102294921875e-06,2.663161091653876e-07,9.613038711527766e-07,0.38688346466803314,0.1641172170639038,0.5086140632629395,0.13558794558048248,0.0,0.3017202317714691,0.16042515635490417,1.0,0.2489112764596939,5.328402042388916,1.048417568206787,1.0000000|0.0000000|0.0000000|0.0000000|0.0000000|0.0000000|0.0000000|0.0000000|0.0000000|0.0000000,0,1.0,2.148117036801431,0,0,0,0,0,
cross_town,Town02,mixed,10,173,8.65,9.530014991760254,302.556640625,0.22167770564556122,179.9609375,0.0,500.0229893708359,0.0,2.86102294921875e-06,2.663161091653876e-07,1.3046264521682752e-06,0.384806168970692,0.17595216631889343,0.38021665811538696,-0.04845993593335152,0.0,0.38021665811538696,0.08042515814304352,0.9999599456787109,0.2489112764596939,2.782500743865967,0.8416851758956909,1.0000000|0.0000000|0.0000000|0.0000000|0.0000000|0.0000000|0.0000000|0.0000000|0.0000000|0.0000000,0,1.0,2.097499431311785,0,0,0,0,0,
cross_town,Town02,mixed,10,174,8.7,9.530014991760254,302.556640625,0.22167770564556122,179.9609375,0.0,500.0229893708359,0.0,2.86102294921875e-06,2.663161091653876e-07,1.6479492122027375e-06,0.382647179487545,0.007529318332672119,0.02000477910041809,0.5382410883903503,0.0,0.3002166450023651,0.16042515635490417,1.0,0.1805412322282791,212.00033569335938,0.5638393759727478,0.8053986|0.1946014|0.0000000|0.0000000|0.0000000|0.0000000|0.0000000|0.0000000|0.0000000|0.0000000,0,0.8053985834121704,2.0578344895557406,0,0,0,0,0,
cross_town,Town02,mixed,10,175,8.75,9.530014991760254,302.556640625,0.22167770564556122,179.9609375,0.0,500.0229893708359,0.0,2.86102294921875e-06,2.663161091653876e-07,1.9912719881808495e-06,0.3804374861629847,0.030840188264846802,0.05244708061218262,0.3680965304374695,0.0,0.22021664679050446,0.24042515456676483,1.0,0.17838135361671448,171.11558532714844,0.13379979133605957,0.8128169|0.1871831|0.0000000|0.0000000|0.0000000|0.0000000|0.0000000|0.0000000|0.0000000|0.0000000,0,0.8128169178962708,2.039810154638257,0,0,0,0,0,
cross_town,Town02,mixed,10,176,8.8,9.530014991760254,302.556640625,0.22167770564556122,179.9609375,0.0,500.0229893708359,0.0,2.86102294921875e-06,2.663161091653876e-07,2.334594791185904e-06,0.3852214056894668,0.09555649757385254,0.20095020532608032,0.2170257419347763,0.0,0.20095020532608032,0.2170257419347763,1.0,0.1760525405406952,172.75308227539062,-0.1461247205734253,0.8220259|0.1779741|0.0000000|0.0000000|0.0000000|0.0000000|0.0000000|0.0000000|0.0000000|0.0000000,0,0.8220258951187134,2.044416574090869,0,0,0,0,0,
cross_town,Town02,mixed,10,177,8.85,9.530014991760254,302.556640625,0.22167770564556122,179.9609375,0.0,500.0229893708359,0.0,2.86102294921875e-06,2.663161091653876e-07,2.6779174110736973e-06,0.3759431364965852,0.028112351894378662,0.07486569881439209,0.3843248784542084,0.0,0.12095020711421967,0.29702574014663696,1.0,0.15845900774002075,116.1176986694336,0.3998124599456787,1.0000000|0.0000000|0.0000000|0.0000000|0.0000000|0.0000000|0.0000000|0.0000000|0.0000000|0.0000000,0,1.0,2.0517106959681106,0,0,0,0,0,
cross_town,Town02,mixed,10,178,8.9,9.530014991760254,302.556640625,0.22167770564556122,179.9609375,0.0,500.0229893708359,0.0,2.86102294921875e-06,2.663161091653876e-07,1.0303107061621673e-07,0.38130945370211944,0.13550031185150146,0.3615924119949341,0.30348846316337585,0.0,0.20095020532608032,0.30348846316337585,1.0,0.17333972454071045,189.2035369873047,-0.6116445064544678,0.8194572|0.1805428|0.0000000|0.0000000|0.0000000|0.0000000|0.0000000|0.0000000|0.0000000|0.0000000,0,0.8194571733474731,2.068227651041471,0,0,0,0,0,
cross_town,Town02,mixed,10,179,8.95,9.530014991760254,302.556640625,0.22167770564556122,179.9609375,0.0,500.0229893708359,0.0,2.86102294921875e-06,2.663161091653876e-07,4.119894573029077e-07,0.37906906977233695,0.12628453969955444,0.4077269732952118,0.2991029620170593,0.0,0.2809502184391022,0.2991029620170593,1.0,0.17154963314533234,183.11846923828125,-0.5903621912002563,0.8235418|0.1764582|0.0000000|0.0000000|0.0000000|0.0000000|0.0000000|0.0000000|0.0000000|0.0000000,0,0.8235418200492859,2.081935429720559,0,0,0,0,0,
cross_town,Town02,mixed,10,180,9.0,9.530014991760254,302.556640625,0.22167770564556122,179.9609375,0.0,500.0229893708359,0.0,2.86102294921875e-06,2.663161091653876e-07,7.553101709638236e-07,0.3762474171816189,0.08459407091140747,0.32744917273521423,0.27711617946624756,0.0,0.32744917273521423,0.27711617946624756,1.0,0.16998425126075745,173.3140869140625,-0.4659593105316162,0.8255872|0.1744128|0.0000000|0.0000000|0.0000000|0.0000000|0.0000000|0.0000000|0.0000000|0.0000000,0,0.8255871534347534,2.105733457502524,0,0,0,0,0,
cross_town,Town02,mixed,10,181,9.05,9.530014991760254,302.556640625,0.22167770564556122,179.9609375,0.0,500.0229893708359,0.0,2.86102294921875e-06,2.663161091653876e-07,1.0986343155467899e-06,0.3668905873357057,0.1170339584350586,0.5427231192588806,-0.03229254111647606,0.0,0.4074491858482361,0.1971161812543869,0.9999841451644897,0.2489112764596939,3.0143489837646484,1.0493202209472656,1.0000000|0.0000000|0.0000000|0.0000000|0.0000000|0.0000000|0.0000000|0.0000000|0.0000000|0.0000000,0,1.0,2.1247046151920377,0,0,0,0,0,
cross_town,Town02,mixed,10,182,9.1,9.530014991760254,302.556640625,0.22167770564556122,179.9609375,0.0,500.0229893708359,0.0,2.86102294921875e-06,2.663161091653876e-07,1.4419565061788596e-06,0.3703400503919564,0.06418552994728088,0.11004069447517395,0.2377675622701645,0.0,0.32744917273521423,0.2377675622701645,1.0,0.1667657196521759,160.14370727539062,0.20221364498138428,0.8317198|0.1682802|0.0000000|0.0000000|0.0000000|0.0000000|0.0000000|0.0000000|0.0000000|0.0000000,0,0.8317198157310486,2.1553759737784226,0,0,0,0,0,
cross_town,Town02,mixed,10,183,9.15,9.530014991760254,302.556640625,0.22167770564556122,179.9609375,0.0,500.0229893708359,0.0,2.86102294921875e-06,2.663161091653876e-07,1.7852783024957116e-06,0.36240641940912993,0.07064267992973328,0.1381050944328308,0.03501430153846741,0.0,0.24744917452335358,0.15776756405830383,1.0,0.16640937328338623,105.86326599121094,-0.19472897052764893,0.8228177|0.1771823|0.0000000|0.0000000|0.0000000|0.0000000|0.0000000|0.0000000|0.0000000|0.0000000,0,0.8228177428245544,2.1666961633269435,0,0,0,0,0,
cross_town,Town02,mixed,10,184,9.2,9.530014991760254,302.556640625,0.22167770564556122,179.9609375,0.0,500.0229893708359,0.0,2.86102294921875e-06,2.663161091653876e-07,2.1286015887628807e-06,0.36698726264416737,0.07679122686386108,0.08048927783966064,0.1309409737586975,0.0,0.16744917631149292,0.1309409737586975,1.0,0.16373151540756226,116.2560806274414,0.17396163940429688,0.8373910|0.1626090|0.0000000|0.0000000|0.0000000|0.0000000|0.0000000|0.0000000|0.0000000|0.0000000,0,0.8373910188674927,2.1830219159291553,0,0,0,0,0,
cross_town,Town02,mixed,10,185,9.25,9.530014991760254,302.556640625,0.22167770564556122,179.9609375,0.0,500.0229893708359,0.0,2.86102294921875e-06,2.663161091653876e-07,2.471923801459951e-06,0.3592023086928362,0.25697654485702515,0.024733424186706543,0.5456660389900208,0.0,0.08744917809963226,0.21094097197055817,0.9875714778900146,0.800000011920929,0.7938133478164673,-0.15345919132232666,1.0000000|0.0000000|0.0000000|0.0000000|0.0000000|0.0000000|0.0000000|0.0000000|0.0000000|0.0000000,0,1.0,2.2609957411207215,0,0,0,0,0,
cross_town,Town02,mixed,10,186,9.3,9.530014991760254,302.556640625,0.22167770564556122,179.9609375,0.0,500.0229893708359,0.0,2.86102294921875e-06,2.663161091653876e-07,0.0,0.3558789790499433,0.1487967073917389,0.310668408870697,0.12937895953655243,0.0,0.16744917631149292,0.1309409737586975,1.0,0.16171160340309143,88.63002014160156,-0.40786588191986084,0.8345101|0.1654899|0.0000000|0.0000000|0.0000000|0.0000000|0.0000000|0.0000000|0.0000000|0.0000000,0,0.8345101475715637,2.4178581851219842,0,0,0,0,0,
cross_town,Town02,mixed,10,187,9.35,9.530014991760254,302.556640625,0.22167770564556122,179.9609375,0.0,500.0229893708359,0.0,2.86102294921875e-06,2.663161091653876e-07,3.0900335252804517e-07,0.35485764197639263,0.13607379794120789,0.14281460642814636,0.05600405111908913,0.0,0.14281460642814636,0.05600405111908913,1.0,0.16092124581336975,73.12544250488281,0.06825995445251465,0.8321441|0.1678559|0.0000000|0.0000000|0.0000000|0.0000000|0.0000000|0.0000000|0.0000000|0.0000000,0,0.8321440815925598,2.558701638718585,0,0,0,0,0,
cross_town,Town02,mixed,10,188,9.4,9.530014991760254,302.556640625,0.22167770564556122,179.9609375,0.0,500.0229893708359,0.0,2.86102294921875e-06,2.663161091653876e-07,6.523133065228034e-07,0.3593195856588571,0.05563861131668091,0.044093966484069824,0.03765313699841499,0.0,0.0628146082162857,0.03765313699841499,1.0,0.1420232504606247,76.83323669433594,0.17196780443191528,1.0000000|0.0000000|0.0000000|0.0000000|0.0000000|0.0000000|0.0000000|0.0000000|0.0000000|0.0000000,0,1.0,2.6844856233030794,0,0,0,0,0,
cross_town,Town02,mixed,10,189,9.45,9.530014991760254,302.556640625,0.22167770564556122,179.9609375,0.0,500.0229893708359,0.0,2.86102294921875e-06,2.663161091653876e-07,9.956359803074686e-07,0.3544335563580256,0.06663450598716736,0.055550187826156616,-0.01642948016524315,0.05999999865889549,0.0,-0.01642948016524315,1.0,0.1580691784620285,70.2697982788086,-0.2664220333099365,0.8414357|0.1585643|0.0000000|0.0000000|0.0000000|0.0000000|0.0000000|0.0000000|0.0000000|0.0000000,0,0.8414356708526611,2.8363651894233195,0,0,0,0,0,
cross_town,Town02,mixed,10,190,9.5,9.530014991760254,302.556640625,0.22167770564556122,179.9609375,0.0,500.0229893708359,0.0,2.86102294921875e-06,2.663161091653876e-07,1.3389586913503595e-06,0.3485740479004779,0.025234222412109375,0.03192955255508423,0.18771345913410187,0.0,0.0,0.0635705217719078,1.0,0.15686358511447906,96.88257598876953,-0.583803653717041,0.8447823|0.1552177|0.0000000|0.0000000|0.0000000|0.0000000|0.0000000|0.0000000|0.0000000|0.0000000,0,0.844782292842865,2.9919355421592915,0,0,0,0,0,
cross_town,Town02,mixed,10,191,9.55,9.530014991760254,302.556640625,0.22167770564556122,179.9609375,0.0,500.0229893708359,0.0,2.86102294921875e-06,2.663161091653876e-07,1.6822814386065999e-06,0.3514514407726314,0.04238855838775635,0.06192025542259216,0.11520229279994965,0.0,0.06192025542259216,0.11520229279994965,1.0,0.13902026414871216,62.83864212036133,-0.25551384687423706,1.0000000|0.0000000|0.0000000|0.0000000|0.0000000|0.0000000|0.0000000|0.0000000|0.0000000|0.0000000,0,1.0,3.156149476214786,0,0,0,0,0,
cross_town,Town02,mixed,10,192,9.6,9.530014991760254,302.556640625,0.22167770564556122,179.9609375,0.0,500.0229893708359,0.0,2.86102294921875e-06,2.663161091653876e-07,2.0256041999356595e-06,0.34812825741337955,0.11151355504989624,0.3400193452835083,0.0506410226225853,0.0,0.14192025363445282,0.0506410226225853,1.0,0.15519979596138,52.396522521972656,-0.18974828720092773,0.8460838|0.1539162|0.0000000|0.0000000|0.0000000|0.0000000|0.0000000|0.0000000|0.0000000|0.0000000,0,0.8460838198661804,3.333641369807086,0,0,0,0,0,
cross_town,Town02,mixed,10,193,9.65,9.530014991760254,302.556640625,0.22167770564556122,179.9609375,0.0,500.0229893708359,0.0,2.86102294921875e-06,2.663161091653876e-07,2.3689270248642536e-06,0.3440116810094995,0.11274939775466919,0.1320095658302307,-0.06621895730495453,0.0,0.1320095658302307,-0.02935897745192051,1.0,0.15437322854995728,61.899208068847656,0.011145353317260742,0.8473524|0.1526476|0.0000000|0.0000000|0.0000000|0.0000000|0.0000000|0.0000000|0.0000000|0.0000000,0,0.8473523855209351,3.5289006996928944,0,0,0,0,0,
cross_town,Town02,mixed,10,194,9.7,9.530014991760254,302.556640625,0.22167770564556122,179.9609375,0.0,500.0229893708359,0.0,2.86102294921875e-06,2.663161091653876e-07,2.6779178159870875e-06,0.34866362033177584,0.0908319354057312,0.03755977749824524,-0.06656813621520996,0.05999999865889549,0.0,-0.06656813621520996,1.0,0.15402913093566895,68.57487487792969,-0.2944284677505493,0.8447251|0.1552749|0.0000000|0.0000000|0.0000000|0.0000000|0.0000000|0.0000000|0.0000000|0.0000000,0,0.8447250723838806,3.690905517152471,0,0,0,0,0,
cross_town,Town02,mixed,10,195,9.75,9.530014991760254,302.556640625,0.22167770564556122,179.9609375,0.0,500.0229893708359,0.0,2.86102294921875e-06,2.663161091653876e-07,2.0599365748389853e-07,0.34761407806610406,0.06695729494094849,0.012333720922470093,-0.03257494047284126,0.06695729494094849,0.0,-0.03257494047284126,1.0,0.15228992700576782,74.5415267944336,-0.8591722249984741,0.8548316|0.1451684|0.0000000|0.0000000|0.0000000|0.0000000|0.0000000|0.0000000|0.0000000|0.0000000,0,0.8548315763473511,3.772361265790491,0,0,0,0,0,
cross_town,Town02,mixed,10,196,9.8,9.530014991760254,302.556640625,0.22167770564556122,179.9609375,0.0,500.0229893708359,0.0,2.86102294921875e-06,2.663161091653876e-07,5.493164593149569e-07,0.3457612596918769,0.05480778217315674,0.01408424973487854,0.007523253094404936,0.05480778217315674,0.0,0.007523253094404936,1.0,0.15295207500457764,67.62629699707031,-0.9069265127182007,0.8439296|0.1560704|0.0000000|0.0000000|0.0000000|0.0000000|0.0000000|0.0000000|0.0000000|0.0000000,0,0.843929648399353,3.7933999154572584,0,0,0,0,0,
cross_town,Town02,mixed,10,197,9.85,9.530014991760254,302.556640625,0.22167770564556122,179.9609375,0.0,500.0229893708359,0.0,2.86102294921875e-06,2.663161091653876e-07,8.926404832189317e-07,0.3386962815566696,0.049352943897247314,0.05012306571006775,0.15228989720344543,0.0,0.05012306571006775,0.08752325177192688,1.0,0.15174375474452972,59.1104621887207,-0.6895556449890137,0.8496280|0.1503720|0.0000000|0.0000000|0.0000000|0.0000000|0.0000000|0.0000000|0.0000000|0.0000000,0,0.8496279716491699,3.754424534798355,0,0,0,0,0,
cross_town,Town02,mixed,10,198,9.9,9.530014991760254,302.556640625,0.22167770564556122,179.9609375,0.0,500.0229893708359,0.0,2.86102294921875e-06,2.663161091653876e-07,1.2359618616372565e-06,0.33747926758723823,0.10212352871894836,0.2603365182876587,0.008168642409145832,0.0,0.1301230639219284,0.008168642409145832,1.0,0.1510440707206726,51.335350036621094,-0.1987060308456421,0.8508849|0.1491151|0.0000000|0.0000000|0.0000000|0.0000000|0.0000000|0.0000000|0.0000000|0.0000000,0,0.8508849143981934,3.6587224663781828,0,0,0,0,0,
cross_town,Town02,mixed,10,199,9.95,9.530014991760254,302.556640625,0.22167770564556122,179.9609375,0.0,500.0229893708359,0.0,2.86102294921875e-06,2.663161091653876e-07,1.5449548390617222e-06,0.3359737797241702,0.09416598081588745,0.11471891403198242,-0.12900227308273315,0.0,0.11471891403198242,-0.0718313604593277,1.0,0.15057481825351715,62.47376251220703,-0.15430843830108643,0.8501030|0.1498971|0.0000000|0.0000000|0.0000000|0.0000000|0.0000000|0.0000000|0.0000000|0.0000000,0,0.850102961063385,3.5349037115567468,0,0,0,0,0,
cross_town,Town02,mixed,10,200,10.0,9.530014991760254,302.556640625,0.22167770564556122,179.9609375,0.0,500.0229893708359,0.0,2.86102294921875e-06,2.663161091653876e-07,1.8882752189357595e-06,0.33895458233882836,0.11360219120979309,0.02403479814529419,-0.019642693921923637,0.05999999865889549,0.0,-0.019642693921923637,1.0,0.14974120259284973,70.94856262207031,-0.42556750774383545,0.8523762|0.1476238|0.0000000|0.0000000|0.0000000|0.0000000|0.0000000|0.0000000|0.0000000|0.0000000,0,0.8523762226104736,3.4121291802350884,0,0,0,0,0,
cross_town,Town02,mixed,10,201,10.05,9.530014991760254,302.556640625,0.22167770564556122,179.9609375,0.0,500.0229893708359,0.0,2.86102294921875e-06,2.663161091653876e-07,2.2315978229825327e-06,0.33306893211174093,0.053231656551361084,0.02500733733177185,0.12156124413013458,0.053231656551361084,0.0,0.06035730615258217,1.0,0.14957602322101593,70.34447479248047,-0.7711042165756226,0.8488057|0.1511943|0.0000000|0.0000000|0.0000000|0.0000000|0.0000000|0.0000000|0.0000000|0.0000000,0,0.8488057255744934,3.31825993659178,0,0,0,0,0,
cross_town,Town02,mixed,10,202,10.1,9.530014991760254,302.556640625,0.22167770564556122,179.9609375,0.0,500.0229893708359,0.0,2.86102294921875e-06,2.663161091653876e-07,2.574920655091931e-06,0.33156587996986775,0.0442444384098053,0.14306920766830444,0.197147399187088,0.0,0.07999999821186066,0.14035730063915253,1.0,0.1480513960123062,56.70453643798828,-0.5495076775550842,0.8567438|0.1432562|0.0000000|0.0000000|0.0000000|0.0000000|0.0000000|0.0000000|0.0000000|0.0000000,0,0.8567438125610352,3.2627009870516526,0,0,0,0,0,
cross_town,Town02,mixed,10,203,10.15,9.530014991760254,302.556640625,0.22167770564556122,179.9609375,0.0,500.0229893708359,0.0,2.86102294921875e-06,2.663161091653876e-07,6.866458789240413e-08,0.3300486967033263,0.12487685680389404,0.4850160777568817,0.0023826018441468477,0.0,0.1599999964237213,0.06035730242729187,1.0,0.14804500341415405,44.547447204589844,-0.0855865478515625,0.8517384|0.1482616|0.0000000|0.0000000|0.0000000|0.0000000|0.0000000|0.0000000|0.0000000|0.0000000,0,0.8517383933067322,3.2359434701263057,0,0,0,0,0,
cross_town,Town02,mixed,10,204,10.2,9.530014991760254,302.556640625,0.22167770564556122,179.9609375,0.0,500.0229893708359,0.0,2.86102294921875e-06,2.663161091653876e-07,4.119873166214893e-07,0.32852625894068427,0.24183082580566406,0.007488280534744263,0.6149224042892456,0.0,0.07999999821186066,0.14035730063915253,0.9999970197677612,0.800000011920929,2.884758472442627,-0.42067742347717285,1.0000000|0.0000000|0.0000000|0.0000000|0.0000000|0.0000000|0.0000000|0.0000000|0.0000000|0.0000000,0,1.0,3.2203219810942296,0,0,0,0,0,
cross_town,Town02,mixed,10,205,10.25,9.530014991760254,302.556640625,0.22167770564556122,179.9609375,0.0,500.0229893708359,0.0,2.86102294921875e-06,2.663161091653876e-07,7.553119533690528e-07,0.326998226854721,0.1184852123260498,0.5293705463409424,-0.008288335055112839,0.0,0.1599999964237213,0.06035730242729187,1.0,0.14728134870529175,47.83715057373047,-0.08502554893493652,0.8482603|0.1517397|0.0000000|0.0000000|0.0000000|0.0000000|0.0000000|0.0000000|0.0000000|0.0000000,0,0.8482602834701538,3.1998133052501707,0,0,0,0,0,
cross_town,Town02,mixed,10,206,10.3,9.530014991760254,302.556640625,0.22167770564556122,179.9609375,0.0,500.0229893708359,0.0,2.86102294921875e-06,2.663161091653876e-07,1.098632826770356e-06,0.32547102640974457,0.11612975597381592,0.2131761610507965,-0.07651720941066742,0.0,0.2131761610507965,-0.019642697647213936,1.0,0.14472831785678864,61.24613571166992,0.1370300054550171,0.8646435|0.1353565|0.0000000|0.0000000|0.0000000|0.0000000|0.0000000|0.0000000|0.0000000|0.0000000,0,0.8646435141563416,3.216015107187414,0,0,0,0,0,
cross_town,Town02,mixed,10,207,10.35,9.530014991760254,302.556640625,0.22167770564556122,179.9609375,0.0,500.0229893708359,0.0,2.86102294921875e-06,2.663161091653876e-07,1.4419559280757897e-06,0.3239817745788649,0.10308998823165894,0.04952901601791382,-0.11731189489364624,0.0,0.13317616283893585,-0.09964269399642944,1.0,0.14624935388565063,72.00538635253906,-0.028338193893432617,0.8472851|0.1527149|0.0000000|0.0000000|0.0000000|0.0000000|0.0000000|0.0000000|0.0000000|0.0000000,0,0.8472850918769836,3.3275064018687828,0,0,0,0,0,
cross_town,Town02,mixed,10,208,10.4,9.530014991760254,302.556640625,0.22167770564556122,179.9609375,0.0,500.0229893708359,0.0,2.86102294921875e-06,2.663161091653876e-07,1.7852789033785887e-06,0.32257101278220424,0.12500688433647156,0.027630895376205444,0.06346980482339859,0.05999999865889549,0.0,-0.019642693921923637,1.0,0.14509576559066772,84.1954116821289,-0.35099124908447266,0.8522470|0.1477530|0.0000000|0.0000000|0.0000000|0.0000000|0.0000000|0.0000000|0.0000000|0.0000000,0,0.8522469997406006,3.5437550778751916,0,0,0,0,0,
cross_town,Town02,mixed,10,209,10.45,9.530014991760254,302.556640625,0.22167770564556122,179.9609375,0.0,500.0229893708359,0.0,2.86102294921875e-06,2.663161091653876e-07,2.128601095344799e-06,0.3283752460600997,0.053555846214294434,0.026579201221466064,0.0022722294088453054,0.053555846214294434,0.0,0.0022722294088453054,1.0,0.14400599896907806,68.23905944824219,-0.8396387100219727,0.8569263|0.1430738|0.0000000|0.0000000|0.0000000|0.0000000|0.0000000|0.0000000|0.0000000|0.0000000,0,0.8569262623786926,3.8718827482293863,0,0,0,0,0,
cross_town,Town02,mixed,10,210,10.5,9.530014991760254,302.556640625,0.22167770564556122,179.9609375,0.0,500.0229893708359,0.0,2.86102294921875e-06,2.663161091653876e-07,2.471923795473897e-06,0.32413927706739887,0.04385894536972046,0.06138736009597778,0.05730490759015083,0.0,0.06138736009597778,0.05730490759015083,1.0,0.12593846023082733,60.91971969604492,-0.7586603164672852,1.0000000|0.0000000|0.0000000|0.0000000|0.0000000|0.0000000|0.0000000|0.0000000|0.0000000|0.0000000,0,1.0,4.279258075383063,0,0,0,0,0,
cross_town,Town02,mixed,10,211,10.55,9.530014991760254,302.556640625,0.22167770564556122,179.9609375,0.0,500.0229893708359,0.0,2.86102294921875e-06,2.663161091653876e-07,2.8152473876614377e-06,0.31903443924568237,0.10074445605278015,0.2559988796710968,-0.12260619550943375,0.0,0.14138735830783844,-0.022695092484354973,1.0,0.14277757704257965,50.27384948730469,-0.10813796520233154,0.8596018|0.1403982|0.0000000|0.0000000|0.0000000|0.0000000|0.0000000|0.0000000|0.0000000|0.0000000,0,0.8596017956733704,4.76811461113555,0,0,0,0,0,
cross_town,Town02,mixed,10,212,10.6,9.530014991760254,302.556640625,0.22167770564556122,179.9609375,0.0,500.0229893708359,0.0,2.86102294921875e-06,2.663161091653876e-07,2.7465822808181484e-07,0.3180912394135305,0.1093977689743042,0.09845343232154846,-0.19915366172790527,0.0,0.06138736009597778,-0.10269509255886078,1.0,0.14258325099945068,65.79556274414062,-0.4110463857650757,0.8581066|0.1418934|0.0000000|0.0000000|0.0000000|0.0000000|0.0000000|0.0000000|0.0000000|0.0000000,0,0.8581066131591797,5.36431162031836,0,0,0,0,0,
cross_town,Town02,mixed,10,213,10.65,9.530014991760254,302.556640625,0.22167770564556122,179.9609375,0.0,500.0229893708359,0.0,2.86102294921875e-06,2.663161091653876e-07,6.179831970774607e-07,0.31795177857327367,0.10327017307281494,0.05042684078216553,-0.026347052305936813,0.05999999865889549,0.0,-0.026347052305936813,1.0,0.14181187748908997,151.54336547851562,-0.6208386421203613,0.8616194|0.1383806|0.0000000|0.0000000|0.0000000|0.0000000|0.0000000|0.0000000|0.0000000|0.0000000,0,0.8616193532943726,6.1948821510025,0,0,0,0,0,
cross_town,Town02,mixed,10,214,10.7,9.530014991760254,302.556640625,0.22167770564556122,179.9609375,0.0,500.0229893708359,0.0,2.86102294921875e-06,2.663161091653876e-07,9.613037607189314e-07,0.32059252924746057,0.051169365644454956,0.030980020761489868,-0.08313512802124023,0.051169365644454956,0.0,-0.08313512802124023,1.0,0.14216050505638123,105.47294616699219,-0.8150198459625244,0.8564816|0.1435185|0.0000000|0.0000000|0.0000000|0.0000000|0.0000000|0.0000000|0.0000000|0.0000000,0,0.8564815521240234,9.47301059511077,0,0,0,0,0,
cross_town,Town02,mixed,10,215,10.75,9.530014991760254,302.556640625,0.22167770564556122,179.9609375,0.0,500.0229893708359,0.0,2.86102294921875e-06,2.663161091653876e-07,1.3046268671773163e-06,0.31676622881993327,0.06467854976654053,0.05412513017654419,-0.2122494876384735,0.06467854976654053,0.0,-0.1631351262331009,1.0,0.14247189462184906,226.1082305908203,-0.7173740863800049,0.8526302|0.1473698|0.0000000|0.0000000|0.0000000|0.0000000|0.0000000|0.0000000|0.0000000|0.0000000,0,0.8526301980018616,9.361672960795387,0,0,0,0,0,
cross_town,Town02,mixed,10,216,10.8,9.530014991760254,302.556640625,0.22167770564556122,179.9609375,0.0,500.0229893708359,0.0,2.86102294921875e-06,2.663161091653876e-07,1.6479498602098655e-06,0.31676469218869147,0.09767168760299683,0.06289094686508179,0.027299849316477776,0.09767168760299683,0.0,-0.08313512802124023,1.0,0.14209163188934326,202.70733642578125,-0.3860664367675781,0.8556312|0.1443689|0.0000000|0.0000000|0.0000000|0.0000000|0.0000000|0.0000000|0.0000000|0.0000000,0,0.8556311726570129,9.492561550847732,0,0,0,0,0,
cross_town,Town02,mixed,10,217,10.85,9.530014991760254,302.556640625,0.22167770564556122,179.9609375,0.0,500.0229893708359,0.0,2.86102294921875e-06,2.663161091653876e-07,1.991271921063064e-06,0.32408270683294815,0.036166489124298096,0.03659695386886597,-0.06583120673894882,0.037671688944101334,0.0,-0.06583120673894882,1.0,0.1440810263156891,220.7790069580078,-0.5934690237045288,0.8485823|0.1392935|0.0121243|0.0000000|0.0000000|0.0000000|0.0000000|0.0000000|0.0000000|0.0000000,0,0.8485822677612305,9.37831669282936,0,0,0,0,0,
cross_town,Town02,mixed,10,218,10.9,9.530014991760254,302.556640625,0.22167770564556122,179.9609375,0.0,500.0229893708359,0.0,2.86102294921875e-06,2.663161091653876e-07,2.300263949770912e-06,0.3167595419086292,0.06851622462272644,0.05158501863479614,-0.27608367800712585,0.06851622462272644,0.0,-0.14583121240139008,1.0,0.14480708539485931,188.00521850585938,-0.7758787870407104,0.8432226|0.1438300|0.0129474|0.0000000|0.0000000|0.0000000|0.0000000|0.0000000|0.0000000|0.0000000,0,0.8432226181030273,9.511748020293046,0,0,0,0,0,
cross_town,Town02,mixed,10,219,10.95,9.530014991760254,302.556640625,0.22167770564556122,179.9609375,0.0,500.0229893708359,0.0,2.86102294921875e-06,2.663161091653876e-07,2.643585181689193e-06,0.3167575076892183,0.08593636751174927,0.06702405214309692,-0.029820777475833893,0.08593636751174927,0.0,-0.06583121418952942,1.0,0.14430442452430725,230.1838836669922,-0.36497271060943604,0.8463843|0.1416781|0.0119376|0.0000000|0.0000000|0.0000000|0.0000000|0.0000000|0.0000000|0.0000000,0,0.8463843464851379,9.395321389266288,0,0,0,0,0,
cross_town,Town02,mixed,10,220,11.0,9.530014991760254,302.556640625,0.22167770564556122,179.9609375,0.0,500.0229893708359,0.0,2.86102294921875e-06,2.663161091653876e-07,1.3732909862035267e-07,0.32404525844121546,0.0340275764465332,0.037049055099487305,-0.08387450128793716,0.025936366990208626,0.0,-0.08387450128793716,1.0,0.14346349239349365,241.1768035888672,-0.6246840953826904,0.8531600|0.1346554|0.0121846|0.0000000|0.0000000|0.0000000|0.0000000|0.0000000|0.0000000|0.0000000,0,0.8531599640846252,9.531937151004684,0,0,0,0,0,
cross_town,Town02,mixed,10,221,11.05,9.530014991760254,302.556640625,0.22167770564556122,179.9609375,0.0,500.0229893708359,0.0,2.86102294921875e-06,2.663161091653876e-07,4.806518979657228e-07,0.31675475209157516,0.08312773704528809,0.10080915689468384,-0.2544313073158264,0.0,0.07999999821186066,-0.16387450695037842,1.0,0.12406396865844727,124.5459213256836,-0.8837788105010986,1.0000000|0.0000000|0.0000000|0.0000000|0.0000000|0.0000000|0.0000000|0.0000000|0.0000000|0.0000000,0,1.0,9.413726995987405,0,0,0,0,0,
cross_town,Town02,mixed,10,222,11.1,9.530014991760254,302.556640625,0.22167770564556122,179.9609375,0.0,500.0229893708359,0.0,2.86102294921875e-06,2.663161091653876e-07,7.89647149843159e-07,0.3167538554110473,0.1375972032546997,0.0689418613910675,0.02102121151983738,0.05999999865889549,0.0,-0.08387450873851776,1.0,0.14409685134887695,203.98446655273438,-0.3187493085861206,0.8492141|0.1365527|0.0142332|0.0000000|0.0000000|0.0000000|0.0000000|0.0000000|0.0000000|0.0000000,0,0.8492141366004944,9.553913724883643,0,0,0,0,0,
cross_town,Town02,mixed,10,223,11.15,9.530014991760254,302.556640625,0.22167770564556122,179.9609375,0.0,500.0229893708359,0.0,2.86102294921875e-06,2.663161091653876e-07,1.1329650538580697e-06,0.31675317683400156,0.055130332708358765,0.042041659355163574,-0.1671029031276703,0.055130332708358765,0.0,-0.16387450695037842,1.0,0.1421256810426712,234.29208374023438,-0.6951850652694702,0.8553238|0.1446762|0.0000000|0.0000000|0.0000000|0.0000000|0.0000000|0.0000000|0.0000000|0.0000000,0,0.8553237915039062,9.433970748767695,0,0,0,0,0,
cross_town,Town02,mixed,10,224,11.2,9.530014991760254,302.556640625,0.22167770564556122,179.9609375,0.0,500.0229893708359,0.0,2.86102294921875e-06,2.663161091653876e-07,1.4762877642474084e-06,0.3167526978362322,0.08309781551361084,0.06953629851341248,-0.08308553695678711,0.08309781551361084,0.0,-0.08387450873851776,1.0,0.1444566547870636,191.9053497314453,-0.3746006488800049,0.8464977|0.1385605|0.0149418|0.0000000|0.0000000|0.0000000|0.0000000|0.0000000|0.0000000|0.0000000,0,0.846497654914856,9.63857048261794,0,0,0,0,0,
cross_town,Town02,mixed,10,225,11.25,9.530014991760254,302.556640625,0.22167770564556122,179.9609375,0.0,500.0229893708359,0.0,2.86102294921875e-06,2.663161091653876e-07,1.819610576113022e-06,0.32298831169930947,0.03895816206932068,0.04354095458984375,-0.1185634434223175,0.023097814992070198,0.0,-0.1185634434223175,1.0,0.1281919628381729,123.80438232421875,-0.776118278503418,0.9799385|0.0200615|0.0000000|0.0000000|0.0000000|0.0000000|0.0000000|0.0000000|0.0000000|0.0000000,0,0.9799385070800781,10.199862025631816,0,0,0,0,0,
cross_town,Town02,mixed,10,226,11.3,9.530014991760254,302.556640625,0.22167770564556122,179.9609375,0.0,500.0229893708359,0.0,2.86102294921875e-06,2.663161091653876e-07,2.16293334339082e-06,0.3214162056369971,0.09514772891998291,0.06304693222045898,-0.06843183934688568,0.08309781551361084,0.0,-0.06843183934688568,1.0,0.14391116797924042,194.884765625,-0.7025101184844971,0.8512166|0.1328152|0.0159682|0.0000000|0.0000000|0.0000000|0.0000000|0.0000000|0.0000000|0.0000000,0,0.8512165546417236,12.810224774196248,0,0,0,0,0,
cross_town,Town02,mixed,10,227,11.35,9.530014991760254,302.556640625,0.22167770564556122,179.9609375,0.0,500.0229893708359,0.0,2.86102294921875e-06,2.663161091653876e-07,2.5062559643733806e-06,0.31852334891220113,0.04060029983520508,0.0446852445602417,-0.13860228657722473,0.023097814992070198,0.0,-0.13860228657722473,1.0,0.1442261040210724,249.2479705810547,-0.6080113649368286,0.8485785|0.1354244|0.0159971|0.0000000|0.0000000|0.0000000|0.0000000|0.0000000|0.0000000|0.0000000,0,0.8485784530639648,17.24162294042716,0,0,0,0,0,
cross_town,Town02,mixed,10,228,11.4,9.530014991760254,302.556640625,0.22167770564556122,179.9609375,0.0,500.0229893708359,0.0,2.86102294921875e-06,2.663161091653876e-07,0.0,0.317373481769491,0.08724284172058105,0.07739251852035522,-0.061907343566417694,0.08309781551361084,0.0,-0.061907343566417694,1.0,0.14506639540195465,230.56076049804688,-0.6194013357162476,0.8424937|0.1403121|0.0171943|0.0000000|0.0000000|0.0000000|0.0000000|0.0000000|0.0000000|0.0000000,0,0.8424936532974243,26.31591986535431,0,0,0,0,0,
cross_town,Town02,mixed,10,229,11.45,9.530014991760254,302.556640625,0.22167770564556122,179.9609375,0.0,500.0229893708359,0.0,2.86102294921875e-06,2.663161091653876e-07,3.0900288663965426e-07,0.3207728127716953,0.034969866275787354,0.025974243879318237,-0.006686528213322163,0.023097814992070198,0.0,-0.006686528213322163,1.0,0.2568134367465973,7.590521335601807,-0.12612581253051758,0.8978523|0.1021477|0.0000000|0.0000000|0.0000000|0.0000000|0.0000000|0.0000000|0.0000000|0.0000000,0,0.8978523015975952,42.85777536603242,0,0,0,0,0,
cross_town,Town02,mixed,10,230,11.5,9.530014991760254,302.556640625,0.22167770564556122,179.9609375,0.0,500.0229893708359,0.0,2.86102294921875e-06,2.663161091653876e-07,6.523133636124474e-07,0.31675201871648895,0.07199597358703613,0.09749794006347656,-0.26523512601852417,0.0,0.07999999821186066,-0.08668652921915054,1.0,0.14490534365177155,127.7374496459961,-0.7944555282592773,0.8441717|0.1378158|0.0180125|0.0000000|0.0000000|0.0000000|0.0000000|0.0000000|0.0000000|0.0000000,0,0.8441717028617859,41.77730976067343,0,0,0,0,0,
cross_town,Town02,mixed,10,231,11.55,9.530014991760254,302.556640625,0.22167770564556122,179.9609375,0.0,500.0229893708359,0.0,2.86102294921875e-06,2.663161091653876e-07,9.61304616962945e-07,0.31675201782241935,0.10328519344329834,0.10963642597198486,-0.23102852702140808,0.0,0.10963642597198486,-0.1666865348815918,1.0,0.14544303715229034,170.8983154296875,-0.44696831703186035,0.8409727|0.1392002|0.0198271|0.0000000|0.0000000|0.0000000|0.0000000|0.0000000|0.0000000|0.0000000,0,0.8409726619720459,42.27372338082891,0,0,0,0,0,
cross_town,Town02,mixed,10,232,11.6,9.530014991760254,302.556640625,0.22167770564556122,179.9609375,0.0,500.0229893708359,0.0,2.86102294921875e-06,2.663161091653876e-07,1.30462654238747e-06,0.31675201925293084,0.1257927417755127,0.06453120708465576,-0.03261728212237358,0.05999999865889549,0.0,-0.08668653666973114,1.0,0.14450639486312866,229.95346069335938,-0.19327771663665771,0.8474290|0.1344408|0.0181302|0.0000000|0.0000000|0.0000000|0.0000000|0.0000000|0.0000000|0.0000000,0,0.8474289774894714,43.763292716342804,0,0,0,0,0,
cross_town,Town02,mixed,10,233,11.65,9.530014991760254,302.556640625,0.22167770564556122,179.9609375,0.0,500.0229893708359,0.0,2.86102294921875e-06,2.663161091653876e-07,1.6479492336067205e-06,0.32191387212565287,0.031641632318496704,0.01774659752845764,-0.04087654873728752,0.0,0.0,-0.04087654873728752,0.9999988079071045,0.2582148313522339,3.6464176177978516,-0.015148520469665527,0.8791445|0.1208555|0.0000000|0.0000000|0.0000000|0.0000000|0.0000000|0.0000000|0.0000000|0.0000000,0,0.879144549369812,45.061606421686584,0,0,0,0,0,
cross_town,Town02,mixed,10,234,11.7,9.530014991760254,302.556640625,0.22167770564556122,179.9609375,0.0,500.0229893708359,0.0,2.86102294921875e-06,2.663161091653876e-07,1.9912719262348525e-06,0.32044160259286886,0.07928162813186646,0.06881916522979736,-0.09854236990213394,0.05999999865889549,0.0,-0.09854236990213394,1.0,0.2585565149784088,6.904600620269775,0.07999706268310547,0.8746986|0.1253015|0.0000000|0.0000000|0.0000000|0.0000000|0.0000000|0.0000000|0.0000000|0.0000000,0,0.8746985793113708,46.18036653703815,0,0,0,0,0,
cross_town,Town02,mixed,10,235,11.75,9.530014991760254,302.556640625,0.22167770564556122,179.9609375,0.0,500.0229893708359,0.0,2.86102294921875e-06,2.663161091653876e-07,2.3345947511237674e-06,0.31735986531186394,0.017391860485076904,0.026783645153045654,-0.021773487329483032,0.0,0.0,-0.021773487329483032,1.0,0.2579824924468994,4.557337284088135,-0.22562026977539062,0.8821464|0.1178536|0.0000000|0.0000000|0.0000000|0.0000000|0.0000000|0.0000000|0.0000000|0.0000000,0,0.8821463584899902,46.98406874580615,0,0,0,0,0,
cross_town,Town02,mixed,10,236,11.8,9.530014991760254,302.556640625,0.22167770564556122,179.9609375,0.0,500.0229893708359,0.0,2.86102294921875e-06,2.663161091653876e-07,2.6779173895936482e-06,0.31675201925293084,0.08585512638092041,0.10498660802841187,-0.29893389344215393,0.0,0.07999999821186066,-0.10177348554134369,1.0,0.14448776841163635,155.9432830810547,-0.7607935667037964,0.8468708|0.1361417|0.0169874|0.0000000|0.0000000|0.0000000|0.0000000|0.0000000|0.0000000|0.0000000,0,0.8468708395957947,47.61157646542266,0,0,0,0,0,
cross_town,Town02,mixed,10,237,11.85,9.530014991760254,302.556640625,0.22167770564556122,179.9609375,0.0,500.0229893708359,0.0,2.86102294921875e-06,2.663161091653876e-07,2.0599365724976398e-07,0.31675201925293084,0.10908716917037964,0.09726685285568237,-0.18187928199768066,0.05999999865889549,0.0,-0.18177348375320435,1.0,0.14483430981636047,168.02261352539062,-0.4345719814300537,0.8434114|0.1407093|0.0158793|0.0000000|0.0000000|0.0000000|0.0000000|0.0000000|0.0000000|0.0000000,0,0.8434114456176758,47.389932098234205,0,0,0,0,0,
cross_town,Town02,mixed,10,238,11.9,9.530014991760254,302.556640625,0.22167770564556122,179.9609375,0.0,500.0229893708359,0.0,2.86102294921875e-06,2.663161091653876e-07,5.49316458447057e-07,0.31675201925293084,0.12050330638885498,0.06006497144699097,0.04902130365371704,0.11999999731779099,0.0,-0.10177348554134369,1.0,0.1454528570175171,181.85308837890625,-0.2224208116531372,0.8389990|0.1442413|0.0167598|0.0000000|0.0000000|0.0000000|0.0000000|0.0000000|0.0000000|0.0000000,0,0.8389989733695984,46.683465531128356,0,0,0,0,0,
cross_town,Town02,mixed,10,239,11.95,9.530014991760254,302.556640625,0.22167770564556122,179.9609375,0.0,500.0229893708359,0.0,2.86102294921875e-06,2.663161091653876e-07,8.583115333161598e-07,0.31675201889530297,0.0429459810256958,0.03514719009399414,0.06576500087976456,0.05999999865889549,0.0,-0.021773485466837883,1.0,0.14171770215034485,282.694091796875,-0.4300212860107422,0.8585865|0.1414135|0.0000000|0.0000000|0.0000000|0.0000000|0.0000000|0.0000000|0.0000000|0.0000000,0,0.8585864901542664,45.34907547294124,0,0,0,0,0,
cross_town,Town02,mixed,10,240,12.0,9.530014991760254,302.556640625,0.22167770564556122,179.9609375,0.0,500.0229893708359,0.0,2.86102294921875e-06,2.663161091653876e-07,1.2016296290927803e-06,0.31675201889530286,0.05695074796676636,0.06592053174972534,-0.2616996765136719,0.0,0.06592053174972534,-0.10177348554134369,1.0,0.12406237423419952,106.66950988769531,-0.922463059425354,1.0000000|0.0000000|0.0000000|0.0000000|0.0000000|0.0000000|0.0000000|0.0000000|0.0000000|0.0000000,0,1.0,44.17986730707318,0,0,0,0,0,
cross_town,Town02,mixed,10,241,12.05,9.530014991760254,302.556640625,0.22167770564556122,179.9609375,0.0,500.0229893708359,0.0,2.86102294921875e-06,2.663161091653876e-07,1.5449523523276435e-06,0.32071570848964914,0.11499050259590149,0.09061557054519653,-0.15742351114749908,0.05999999865889549,0.0,-0.15742351114749908,1.0,0.14528536796569824,181.5269012451172,-0.4581468105316162,0.8410872|0.1409387|0.0179741|0.0000000|0.0000000|0.0000000|0.0000000|0.0000000|0.0000000|0.0000000,0,0.8410871624946594,43.43320645167332,0,0,0,0,0,
cross_town,Town02,mixed,10,242,12.1,9.530014991760254,302.556640625,0.22167770564556122,179.9609375,0.0,500.0229893708359,0.0,2.86102294921875e-06,2.663161091653876e-07,1.8882752049030812e-06,0.31675201925293084,0.09923321008682251,0.06270730495452881,0.030087487772107124,0.09923321008682251,0.0,-0.07742351293563843,1.0,0.1413285732269287,198.4441375732422,-0.4055973291397095,0.8617031|0.1382969|0.0000000|0.0000000|0.0000000|0.0000000|0.0000000|0.0000000|0.0000000|0.0000000,0,0.861703097820282,43.70228469567222,0,0,0,0,0,
cross_town,Town02,mixed,10,243,12.15,9.530014991760254,302.556640625,0.22167770564556122,179.9609375,0.0,500.0229893708359,0.0,2.86102294921875e-06,2.663161091653876e-07,2.1972673381434705e-06,0.31675265070453756,0.05662885308265686,0.030686259269714355,0.011571255512535572,0.05662885308265686,0.0,0.0025764871388673782,0.9999936819076538,0.2489112764596939,3.2426509857177734,-0.18287217617034912,1.0000000|0.0000000|0.0000000|0.0000000|0.0000000|0.0000000|0.0000000|0.0000000|0.0000000|0.0000000,0,1.0,44.73084017502655,0,0,0,0,0,
cross_town,Town02,mixed,10,244,12.2,9.530014991760254,302.556640625,0.22167770564556122,179.9609375,0.0,500.0229893708359,0.0,2.86102294921875e-06,2.663161091653876e-07,2.5405884178065466e-06,0.31675201889530286,0.05409824848175049,0.09024113416671753,-0.13152699172496796,0.0,0.07999999821186066,-0.07742351293563843,1.0,0.14182160794734955,204.8374481201172,-0.7794637680053711,0.8577542|0.1422458|0.0000000|0.0000000|0.0000000|0.0000000|0.0000000|0.0000000|0.0000000|0.0000000,0,0.8577542304992676,47.01675247771488,0,0,0,0,0,
cross_town,Town02,mixed,10,245,12.25,9.530014991760254,302.556640625,0.22167770564556122,179.9609375,0.0,500.0229893708359,0.0,2.86102294921875e-06,2.663161091653876e-07,6.866458792536303e-08,0.3167907201911556,0.06144970655441284,0.04297327995300293,0.06138135492801666,0.05999999865889549,0.0,0.0025764871388673782,0.9996129870414734,0.25668391585350037,2.207467555999756,0.2094951868057251,0.8989756|0.1010245|0.0000000|0.0000000|0.0000000|0.0000000|0.0000000|0.0000000|0.0000000|0.0000000,0,0.8989755511283875,52.14412105875404,0,0,0,0,0,
cross_town,Town02,mixed,10,246,12.3,9.530014991760254,302.556640625,0.22167770564556122,179.9609375,0.0,500.0229893708359,0.0,2.86102294921875e-06,2.663161091653876e-07,4.119873162966725e-07,0.31675201889530297,0.05193176865577698,0.09514081478118896,-0.10859654098749161,0.0,0.07999999821186066,-0.07742351293563843,1.0,0.14143510162830353,216.59048461914062,-0.7430957555770874,0.8608499|0.1391501|0.0000000|0.0000000|0.0000000|0.0000000|0.0000000|0.0000000|0.0000000|0.0000000,0,0.8608498573303223,93.20997879121978,0,0,0,0,0,
cross_town,Town02,mixed,10,247,12.35,9.530014991760254,302.556640625,0.22167770564556122,179.9609375,0.0,500.0229893708359,0.0,2.86102294921875e-06,2.663161091653876e-07,7.553118575708312e-07,0.31675201925293084,0.1000935435295105,0.10698390007019043,-0.25099921226501465,0.0,0.10698390007019043,-0.15742351114749908,1.0,0.14461266994476318,191.70008850097656,-0.45129120349884033,0.8458143|0.1372840|0.0169016|0.0000000|0.0000000|0.0000000|0.0000000|0.0000000|0.0000000|0.0000000,0,0.8458143472671509,513.4443481411616,0,0,0,0,0,
cross_town,Town02,mixed,10,248,12.4,9.530014991760254,302.556640625,0.22167770564556122,179.9609375,0.0,500.0229893708359,0.0,2.86102294921875e-06,2.663161091653876e-07,1.0986328278088116e-06,0.31675201925293084,0.11219802498817444,0.10263252258300781,0.007520392537117004,0.05999999865889549,0.0,-0.07742351293563843,1.0,0.12817440927028656,169.0810546875,-0.3440746068954468,0.9796221|0.0203780|0.0000000|0.0000000|0.0000000|0.0000000|0.0000000|0.0000000|0.0000000|0.0000000,0,0.9796220660209656,527.069104279875,0,0,0,0,0,
cross_town,Town02,mixed,10,249,12.45,9.530014991760254,302.556640625,0.22167770564556122,179.9609375,0.0,500.0229893708359,0.0,2.86102294921875e-06,2.663161091653876e-07,1.4419567417933897e-06,0.32175211538097187,0.04003232717514038,0.018590539693832397,-0.030162213370203972,0.0,0.0,-0.030162213370203972,0.9999954700469971,0.2570228576660156,3.3180453777313232,0.07043349742889404,0.8945738|0.1054262|0.0000000|0.0000000|0.0000000|0.0000000|0.0000000|0.0000000|0.0000000|0.0000000,0,0.8945738077163696,389.45172883847493,0,0,0,0,0,
cross_town,Town02,mixed,10,250,12.5,9.530014991760254,302.556640625,0.22167770564556122,179.9609375,0.0,500.0229893708359,0.0,2.86102294921875e-06,2.663161091653876e-07,1.7852783051057468e-06,0.3167521023418057,0.08216726779937744,0.04451388120651245,-0.18993909657001495,0.05999999865889549,0.0,-0.11016221344470978,0.9999991655349731,0.2582201361656189,3.738974094390869,0.5449696183204651,0.8790144|0.1209857|0.0000000|0.0000000|0.0000000|0.0000000|0.0000000|0.0000000|0.0000000|0.0000000,0,0.8790143728256226,323.3196944260289,0,0,1,0,0,stuck
